[
  {
    "Id": 2,
    "Name": "HandBookEntrance_2_Name",
    "TitleIcon": "/Game/Aki/UI/UIResources/Common/Atlas/TabIcon/SP_FuncIconIllustrated02.SP_FuncIconIllustrated02",
    "Texture": "/Game/Aki/UI/UIResources/Common/Image/IconArchive/T_IconAcquireEntrance04_UI.T_IconAcquireEntrance04_UI"
  },
  {
    "Id": 7,
    "Name": "HandBookEntrance_7_Name",
    "TitleIcon": "/Game/Aki/UI/UIResources/Common/Atlas/TabIcon/SP_FuncIconIllustrated04.SP_FuncIconIllustrated04",
    "Texture": "/Game/Aki/UI/UIResources/Common/Image/IconArchive/T_IconAcquireEntrance06_UI.T_IconAcquireEntrance06_UI"
  },
  {
    "Id": 10,
    "Name": "HandBookRoleTitle",
    "TitleIcon": "/Game/Aki/UI/UIResources/Common/Atlas/TabIcon/SP_IconRole.SP_IconRole",
    "Texture": "/Game/Aki/UI/UIResources/Common/Image/IconArchive/T_IconAcquireEntrance09_UI.T_IconAcquireEntrance09_UI"
  }
]