[
  {
    "PlayerLevel": 1,
    "PlayerExp": 400,
    "Condition": ""
  },
  {
    "PlayerLevel": 2,
    "PlayerExp": 500,
    "Condition": ""
  },
  {
    "PlayerLevel": 3,
    "PlayerExp": 600,
    "Condition": ""
  },
  {
    "PlayerLevel": 4,
    "PlayerExp": 1100,
    "Condition": ""
  },
  {
    "PlayerLevel": 5,
    "PlayerExp": 1200,
    "Condition": ""
  },
  {
    "PlayerLevel": 6,
    "PlayerExp": 1300,
    "Condition": ""
  },
  {
    "PlayerLevel": 7,
    "PlayerExp": 1400,
    "Condition": ""
  },
  {
    "PlayerLevel": 8,
    "PlayerExp": 1500,
    "Condition": ""
  },
  {
    "PlayerLevel": 9,
    "PlayerExp": 1600,
    "Condition": ""
  },
  {
    "PlayerLevel": 10,
    "PlayerExp": 1600,
    "Condition": ""
  },
  {
    "PlayerLevel": 11,
    "PlayerExp": 1650,
    "Condition": ""
  },
  {
    "PlayerLevel": 12,
    "PlayerExp": 1650,
    "Condition": ""
  },
  {
    "PlayerLevel": 13,
    "PlayerExp": 1700,
    "Condition": ""
  },
  {
    "PlayerLevel": 14,
    "PlayerExp": 1700,
    "Condition": ""
  },
  {
    "PlayerLevel": 15,
    "PlayerExp": 1700,
    "Condition": ""
  },
  {
    "PlayerLevel": 16,
    "PlayerExp": 1750,
    "Condition": ""
  },
  {
    "PlayerLevel": 17,
    "PlayerExp": 1750,
    "Condition": ""
  },
  {
    "PlayerLevel": 18,
    "PlayerExp": 1800,
    "Condition": ""
  },
  {
    "PlayerLevel": 19,
    "PlayerExp": 1800,
    "Condition": ""
  },
  {
    "PlayerLevel": 20,
    "PlayerExp": 2300,
    "Condition": ""
  },
  {
    "PlayerLevel": 21,
    "PlayerExp": 2400,
    "Condition": ""
  },
  {
    "PlayerLevel": 22,
    "PlayerExp": 2500,
    "Condition": ""
  },
  {
    "PlayerLevel": 23,
    "PlayerExp": 2500,
    "Condition": ""
  },
  {
    "PlayerLevel": 24,
    "PlayerExp": 2500,
    "Condition": ""
  },
  {
    "PlayerLevel": 25,
    "PlayerExp": 2700,
    "Condition": ""
  },
  {
    "PlayerLevel": 26,
    "PlayerExp": 2900,
    "Condition": ""
  },
  {
    "PlayerLevel": 27,
    "PlayerExp": 3000,
    "Condition": ""
  },
  {
    "PlayerLevel": 28,
    "PlayerExp": 3200,
    "Condition": ""
  },
  {
    "PlayerLevel": 29,
    "PlayerExp": 3400,
    "Condition": ""
  },
  {
    "PlayerLevel": 30,
    "PlayerExp": 6500,
    "Condition": ""
  },
  {
    "PlayerLevel": 31,
    "PlayerExp": 6700,
    "Condition": ""
  },
  {
    "PlayerLevel": 32,
    "PlayerExp": 6800,
    "Condition": ""
  },
  {
    "PlayerLevel": 33,
    "PlayerExp": 7200,
    "Condition": ""
  },
  {
    "PlayerLevel": 34,
    "PlayerExp": 7600,
    "Condition": ""
  },
  {
    "PlayerLevel": 35,
    "PlayerExp": 8000,
    "Condition": ""
  },
  {
    "PlayerLevel": 36,
    "PlayerExp": 8400,
    "Condition": ""
  },
  {
    "PlayerLevel": 37,
    "PlayerExp": 9000,
    "Condition": ""
  },
  {
    "PlayerLevel": 38,
    "PlayerExp": 9600,
    "Condition": ""
  },
  {
    "PlayerLevel": 39,
    "PlayerExp": 10000,
    "Condition": ""
  },
  {
    "PlayerLevel": 40,
    "PlayerExp": 10200,
    "Condition": ""
  },
  {
    "PlayerLevel": 41,
    "PlayerExp": 10400,
    "Condition": ""
  },
  {
    "PlayerLevel": 42,
    "PlayerExp": 10600,
    "Condition": ""
  },
  {
    "PlayerLevel": 43,
    "PlayerExp": 10800,
    "Condition": ""
  },
  {
    "PlayerLevel": 44,
    "PlayerExp": 11200,
    "Condition": ""
  },
  {
    "PlayerLevel": 45,
    "PlayerExp": 11600,
    "Condition": ""
  },
  {
    "PlayerLevel": 46,
    "PlayerExp": 12000,
    "Condition": ""
  },
  {
    "PlayerLevel": 47,
    "PlayerExp": 12400,
    "Condition": ""
  },
  {
    "PlayerLevel": 48,
    "PlayerExp": 12800,
    "Condition": ""
  },
  {
    "PlayerLevel": 49,
    "PlayerExp": 13000,
    "Condition": ""
  },
  {
    "PlayerLevel": 50,
    "PlayerExp": 13100,
    "Condition": ""
  },
  {
    "PlayerLevel": 51,
    "PlayerExp": 13300,
    "Condition": ""
  },
  {
    "PlayerLevel": 52,
    "PlayerExp": 13500,
    "Condition": ""
  },
  {
    "PlayerLevel": 53,
    "PlayerExp": 13700,
    "Condition": ""
  },
  {
    "PlayerLevel": 54,
    "PlayerExp": 13900,
    "Condition": ""
  },
  {
    "PlayerLevel": 55,
    "PlayerExp": 14100,
    "Condition": ""
  },
  {
    "PlayerLevel": 56,
    "PlayerExp": 14300,
    "Condition": ""
  },
  {
    "PlayerLevel": 57,
    "PlayerExp": 14500,
    "Condition": ""
  },
  {
    "PlayerLevel": 58,
    "PlayerExp": 14700,
    "Condition": ""
  },
  {
    "PlayerLevel": 59,
    "PlayerExp": 15700,
    "Condition": ""
  },
  {
    "PlayerLevel": 60,
    "PlayerExp": 21600,
    "Condition": ""
  },
  {
    "PlayerLevel": 61,
    "PlayerExp": 21900,
    "Condition": ""
  },
  {
    "PlayerLevel": 62,
    "PlayerExp": 22300,
    "Condition": ""
  },
  {
    "PlayerLevel": 63,
    "PlayerExp": 23000,
    "Condition": ""
  },
  {
    "PlayerLevel": 64,
    "PlayerExp": 23800,
    "Condition": ""
  },
  {
    "PlayerLevel": 65,
    "PlayerExp": 24700,
    "Condition": ""
  },
  {
    "PlayerLevel": 66,
    "PlayerExp": 26100,
    "Condition": ""
  },
  {
    "PlayerLevel": 67,
    "PlayerExp": 27500,
    "Condition": ""
  },
  {
    "PlayerLevel": 68,
    "PlayerExp": 29400,
    "Condition": ""
  },
  {
    "PlayerLevel": 69,
    "PlayerExp": 29400,
    "Condition": ""
  },
  {
    "PlayerLevel": 70,
    "PlayerExp": 32400,
    "Condition": ""
  },
  {
    "PlayerLevel": 71,
    "PlayerExp": 32800,
    "Condition": ""
  },
  {
    "PlayerLevel": 72,
    "PlayerExp": 33500,
    "Condition": ""
  },
  {
    "PlayerLevel": 73,
    "PlayerExp": 34500,
    "Condition": ""
  },
  {
    "PlayerLevel": 74,
    "PlayerExp": 35600,
    "Condition": ""
  },
  {
    "PlayerLevel": 75,
    "PlayerExp": 37200,
    "Condition": ""
  },
  {
    "PlayerLevel": 76,
    "PlayerExp": 39100,
    "Condition": ""
  },
  {
    "PlayerLevel": 77,
    "PlayerExp": 41300,
    "Condition": ""
  },
  {
    "PlayerLevel": 78,
    "PlayerExp": 44100,
    "Condition": ""
  },
  {
    "PlayerLevel": 79,
    "PlayerExp": 47300,
    "Condition": ""
  },
  {
    "PlayerLevel": 80,
    "PlayerExp": 9999999,
    "Condition": ""
  }
]