[
  {
    "Id": 1,
    "TextContentId": "SPsence_1_2_001_01",
    "Alignment": 1,
    "FontSize": 34,
    "ShowStartFrame": 0,
    "ShowEndFrame": 2,
    "HideFrame": 99,
    "Effect": 0
  },
  {
    "Id": 2,
    "TextContentId": "SPsence_1_2_001_02",
    "Alignment": 1,
    "FontSize": 34,
    "ShowStartFrame": 3,
    "ShowEndFrame": 6,
    "HideFrame": 99,
    "Effect": 0
  },
  {
    "Id": 3,
    "TextContentId": "SPsence_1_2_001_03",
    "Alignment": 1,
    "FontSize": 42,
    "ShowStartFrame": 7,
    "ShowEndFrame": 9,
    "HideFrame": 99,
    "Effect": 0
  },
  {
    "Id": 4,
    "TextContentId": "SPsence_1_2_001_04",
    "Alignment": 1,
    "FontSize": 34,
    "ShowStartFrame": 10,
    "ShowEndFrame": 11,
    "HideFrame": 99,
    "Effect": 0
  },
  {
    "Id": 5,
    "TextContentId": "SPsence_1_2_001_05",
    "Alignment": 1,
    "FontSize": 34,
    "ShowStartFrame": 11,
    "ShowEndFrame": 12,
    "HideFrame": 99,
    "Effect": 0
  },
  {
    "Id": 6,
    "TextContentId": "SPsence_1_2_002_01",
    "Alignment": 1,
    "FontSize": 34,
    "ShowStartFrame": 0,
    "ShowEndFrame": 2,
    "HideFrame": 99,
    "Effect": 0
  },
  {
    "Id": 7,
    "TextContentId": "SPsence_1_2_002_02",
    "Alignment": 1,
    "FontSize": 42,
    "ShowStartFrame": 3,
    "ShowEndFrame": 6,
    "HideFrame": 99,
    "Effect": 0
  },
  {
    "Id": 8,
    "TextContentId": "SPsence_1_2_002_03",
    "Alignment": 1,
    "FontSize": 34,
    "ShowStartFrame": 6,
    "ShowEndFrame": 7,
    "HideFrame": 99,
    "Effect": 0
  },
  {
    "Id": 9,
    "TextContentId": "SPsence_1_2_002_04",
    "Alignment": 1,
    "FontSize": 34,
    "ShowStartFrame": 7,
    "ShowEndFrame": 8,
    "HideFrame": 99,
    "Effect": 0
  },
  {
    "Id": 10,
    "TextContentId": "SPsence_1_2_002_05",
    "Alignment": 1,
    "FontSize": 34,
    "ShowStartFrame": 9,
    "ShowEndFrame": 10,
    "HideFrame": 99,
    "Effect": 0
  },
  {
    "Id": 11,
    "TextContentId": "SPsence_1_2_002_06",
    "Alignment": 1,
    "FontSize": 34,
    "ShowStartFrame": 11,
    "ShowEndFrame": 12,
    "HideFrame": 99,
    "Effect": 0
  },
  {
    "Id": 12,
    "TextContentId": "SPsence_1_2_002_07",
    "Alignment": 1,
    "FontSize": 42,
    "ShowStartFrame": 12,
    "ShowEndFrame": 15,
    "HideFrame": 99,
    "Effect": 0
  },
  {
    "Id": 13,
    "TextContentId": "SPsence_1_2_003_01",
    "Alignment": 1,
    "FontSize": 34,
    "ShowStartFrame": 0,
    "ShowEndFrame": 4,
    "HideFrame": 99,
    "Effect": 0
  },
  {
    "Id": 14,
    "TextContentId": "SPsence_1_2_003_02",
    "Alignment": 0,
    "FontSize": 34,
    "ShowStartFrame": 5,
    "ShowEndFrame": 7,
    "HideFrame": 99,
    "Effect": 0
  },
  {
    "Id": 15,
    "TextContentId": "SPsence_1_2_003_03",
    "Alignment": 0,
    "FontSize": 48,
    "ShowStartFrame": 9,
    "ShowEndFrame": 10,
    "HideFrame": 99,
    "Effect": 0
  },
  {
    "Id": 16,
    "TextContentId": "SPsence_1_2_004_01",
    "Alignment": 1,
    "FontSize": 34,
    "ShowStartFrame": 0,
    "ShowEndFrame": 2,
    "HideFrame": 99,
    "Effect": 0
  },
  {
    "Id": 17,
    "TextContentId": "SPsence_1_2_004_02",
    "Alignment": 1,
    "FontSize": 34,
    "ShowStartFrame": 2,
    "ShowEndFrame": 3,
    "HideFrame": 99,
    "Effect": 0
  },
  {
    "Id": 18,
    "TextContentId": "SPsence_1_2_004_03",
    "Alignment": 1,
    "FontSize": 34,
    "ShowStartFrame": 3,
    "ShowEndFrame": 4,
    "HideFrame": 99,
    "Effect": 0
  },
  {
    "Id": 19,
    "TextContentId": "SPsence_1_2_004_04",
    "Alignment": 0,
    "FontSize": 42,
    "ShowStartFrame": 5,
    "ShowEndFrame": 7,
    "HideFrame": 99,
    "Effect": 0
  },
  {
    "Id": 20,
    "TextContentId": "SPsence_1_2_005_01",
    "Alignment": 1,
    "FontSize": 34,
    "ShowStartFrame": 0,
    "ShowEndFrame": 2,
    "HideFrame": 99,
    "Effect": 0
  },
  {
    "Id": 21,
    "TextContentId": "SPsence_1_2_005_02",
    "Alignment": 1,
    "FontSize": 34,
    "ShowStartFrame": 3,
    "ShowEndFrame": 5,
    "HideFrame": 99,
    "Effect": 0
  },
  {
    "Id": 22,
    "TextContentId": "SPsence_1_2_005_03",
    "Alignment": 1,
    "FontSize": 34,
    "ShowStartFrame": 5,
    "ShowEndFrame": 7,
    "HideFrame": 99,
    "Effect": 0
  },
  {
    "Id": 23,
    "TextContentId": "SPsence_1_2_005_04",
    "Alignment": 1,
    "FontSize": 34,
    "ShowStartFrame": 7,
    "ShowEndFrame": 9,
    "HideFrame": 99,
    "Effect": 0
  },
  {
    "Id": 24,
    "TextContentId": "SPsence_1_2_005_05",
    "Alignment": 1,
    "FontSize": 42,
    "ShowStartFrame": 10,
    "ShowEndFrame": 12,
    "HideFrame": 99,
    "Effect": 0
  },
  {
    "Id": 25,
    "TextContentId": "SPsence_1_2_005_06",
    "Alignment": 1,
    "FontSize": 42,
    "ShowStartFrame": 13,
    "ShowEndFrame": 15,
    "HideFrame": 99,
    "Effect": 0
  },
  {
    "Id": 26,
    "TextContentId": "SPsence_1_2_006_01",
    "Alignment": 1,
    "FontSize": 34,
    "ShowStartFrame": 0,
    "ShowEndFrame": 2,
    "HideFrame": 99,
    "Effect": 0
  },
  {
    "Id": 27,
    "TextContentId": "SPsence_1_2_006_02",
    "Alignment": 1,
    "FontSize": 34,
    "ShowStartFrame": 3,
    "ShowEndFrame": 5,
    "HideFrame": 99,
    "Effect": 0
  },
  {
    "Id": 28,
    "TextContentId": "SPsence_1_2_006_03",
    "Alignment": 1,
    "FontSize": 34,
    "ShowStartFrame": 6,
    "ShowEndFrame": 10,
    "HideFrame": 99,
    "Effect": 0
  },
  {
    "Id": 29,
    "TextContentId": "SPsence_1_2_006_04",
    "Alignment": 1,
    "FontSize": 34,
    "ShowStartFrame": 11,
    "ShowEndFrame": 12,
    "HideFrame": 99,
    "Effect": 0
  },
  {
    "Id": 30,
    "TextContentId": "SPsence_1_2_006_05",
    "Alignment": 1,
    "FontSize": 34,
    "ShowStartFrame": 13,
    "ShowEndFrame": 16,
    "HideFrame": 99,
    "Effect": 0
  },
  {
    "Id": 31,
    "TextContentId": "SPsence_1_2_006_06",
    "Alignment": 1,
    "FontSize": 42,
    "ShowStartFrame": 17,
    "ShowEndFrame": 20,
    "HideFrame": 99,
    "Effect": 0
  }
]