[
  {
    "Id": 1,
    "BackgroundPicture": "",
    "Prefab": 0,
    "ExistTime": 14,
    "TextId": [
      1,
      2,
      3,
      4,
      5
    ],
    "TextFactor": 0.009999999776482582
  },
  {
    "Id": 2,
    "BackgroundPicture": "",
    "Prefab": 0,
    "ExistTime": 17,
    "TextId": [
      6,
      7,
      8,
      9,
      10,
      11,
      12
    ],
    "TextFactor": 0.019999999552965164
  },
  {
    "Id": 3,
    "BackgroundPicture": "/Game/Aki/UI/UIResources/Common/Image/BgCg/T_LevelDigitalScreenBg1.T_LevelDigitalScreenBg1",
    "Prefab": 1,
    "ExistTime": 13,
    "TextId": [
      13,
      14,
      15
    ],
    "TextFactor": 0.029999999329447746
  },
  {
    "Id": 4,
    "BackgroundPicture": "",
    "Prefab": 0,
    "ExistTime": 10,
    "TextId": [
      16,
      17,
      18,
      19
    ],
    "TextFactor": 0
  },
  {
    "Id": 5,
    "BackgroundPicture": "/Game/Aki/UI/UIResources/Common/Image/BgCg/T_LevelDigitalScreenBg1.T_LevelDigitalScreenBg1",
    "Prefab": 1,
    "ExistTime": 17,
    "TextId": [
      20,
      21,
      22,
      23,
      24,
      25
    ],
    "TextFactor": 0.03999999910593033
  },
  {
    "Id": 6,
    "BackgroundPicture": "/Game/Aki/UI/UIResources/Common/Image/BgCg/T_LevelDigitalScreenBg1.T_LevelDigitalScreenBg1",
    "Prefab": 1,
    "ExistTime": 22,
    "TextId": [
      26,
      27,
      28,
      29,
      30,
      31
    ],
    "TextFactor": 0.05000000074505806
  }
]