[
  {
    "MapId": 1,
    "MapName": "阿拉德大陆",
    "FatherMap": 0,
    "GroupMark": 0,
    "Floor": 0,
    "SwitchCondition": "",
    "MapPic3d": "PL_AkiWorld001",
    "MapPic2d": "",
    "BigMapDefaultScale": 200,
    "BigMapMinScale": 150,
    "BigMapMaxScale": 500,
    "LittleMapDefaultScale": 1000,
    "LimitContent": "limit()"
  },
  {
    "MapId": 2,
    "MapName": "测试分层地图-1",
    "FatherMap": 1,
    "GroupMark": 2000,
    "Floor": -1,
    "SwitchCondition": "",
    "MapPic3d": "",
    "MapPic2d": "",
    "BigMapDefaultScale": 100,
    "BigMapMinScale": 0,
    "BigMapMaxScale": 0,
    "LittleMapDefaultScale": 100,
    "LimitContent": "limit()"
  },
  {
    "MapId": 3,
    "MapName": "测试分层地图1",
    "FatherMap": 1,
    "GroupMark": 2000,
    "Floor": 1,
    "SwitchCondition": "",
    "MapPic3d": "",
    "MapPic2d": "",
    "BigMapDefaultScale": 100,
    "BigMapMinScale": 0,
    "BigMapMaxScale": 0,
    "LittleMapDefaultScale": 100,
    "LimitContent": "limit()"
  },
  {
    "MapId": 4,
    "MapName": "测试分层地图2",
    "FatherMap": 1,
    "GroupMark": 2000,
    "Floor": 2,
    "SwitchCondition": "",
    "MapPic3d": "",
    "MapPic2d": "",
    "BigMapDefaultScale": 100,
    "BigMapMinScale": 0,
    "BigMapMaxScale": 0,
    "LittleMapDefaultScale": 100,
    "LimitContent": "limit()"
  },
  {
    "MapId": 5,
    "MapName": "测试分层地图3",
    "FatherMap": 1,
    "GroupMark": 2000,
    "Floor": 3,
    "SwitchCondition": "",
    "MapPic3d": "",
    "MapPic2d": "",
    "BigMapDefaultScale": 100,
    "BigMapMinScale": 0,
    "BigMapMaxScale": 0,
    "LittleMapDefaultScale": 100,
    "LimitContent": "limit()"
  },
  {
    "MapId": 6,
    "MapName": "测试分层地图-1",
    "FatherMap": 1,
    "GroupMark": 2001,
    "Floor": -3,
    "SwitchCondition": "",
    "MapPic3d": "",
    "MapPic2d": "",
    "BigMapDefaultScale": 100,
    "BigMapMinScale": 0,
    "BigMapMaxScale": 0,
    "LittleMapDefaultScale": 100,
    "LimitContent": "limit()"
  },
  {
    "MapId": 7,
    "MapName": "测试分层地图1",
    "FatherMap": 1,
    "GroupMark": 2001,
    "Floor": -2,
    "SwitchCondition": "",
    "MapPic3d": "",
    "MapPic2d": "",
    "BigMapDefaultScale": 100,
    "BigMapMinScale": 0,
    "BigMapMaxScale": 0,
    "LittleMapDefaultScale": 100,
    "LimitContent": "limit()"
  },
  {
    "MapId": 8,
    "MapName": "测试分层地图2",
    "FatherMap": 1,
    "GroupMark": 2001,
    "Floor": -1,
    "SwitchCondition": "",
    "MapPic3d": "",
    "MapPic2d": "",
    "BigMapDefaultScale": 200,
    "BigMapMinScale": 180,
    "BigMapMaxScale": 700,
    "LittleMapDefaultScale": 150,
    "LimitContent": "limit()"
  },
  {
    "MapId": 9,
    "MapName": "测试分层地图3",
    "FatherMap": 1,
    "GroupMark": 2001,
    "Floor": 1,
    "SwitchCondition": "",
    "MapPic3d": "",
    "MapPic2d": "",
    "BigMapDefaultScale": 100,
    "BigMapMinScale": 0,
    "BigMapMaxScale": 0,
    "LittleMapDefaultScale": 100,
    "LimitContent": "limit()"
  },
  {
    "MapId": 900,
    "MapName": "黑海岸",
    "FatherMap": 1,
    "GroupMark": 2001,
    "Floor": -1,
    "SwitchCondition": "",
    "MapPic3d": "",
    "MapPic2d": "",
    "BigMapDefaultScale": 200,
    "BigMapMinScale": 180,
    "BigMapMaxScale": 700,
    "LittleMapDefaultScale": 150,
    "LimitContent": "limit()"
  }
]