[
  {
    "Id": 1,
    "GroupId": 1,
    "MapId": 8,
    "Floor": -1,
    "MapTilePath": [
      "T_MapSubTiles_3_-3_YBYJ_LAYER1_UI",
      "T_MapSubTiles_3_-4_YBYJ_LAYER1_UI"
    ],
    "MiniMapTilePath": [
      "T_MapSubTiles_3_-3_YBYJ_LAYER1_UI",
      "T_MapSubTiles_3_-4_YBYJ_LAYER1_UI"
    ],
    "Area": [
      1601
    ],
    "Mark": {
      "PKa": [],
      "length": 0
    },
    "ConditionId": 0,
    "FloorName": "MapFloor_KTG_1",
    "FloorIcon": "SP_MapIcon1"
  },
  {
    "Id": 2,
    "GroupId": 1,
    "MapId": 8,
    "Floor": -2,
    "MapTilePath": [
      "T_MapSubTiles_3_-3_YBYJ_LAYER2_UI",
      "T_MapSubTiles_3_-4_YBYJ_LAYER2_UI"
    ],
    "MiniMapTilePath": [
      "T_MapSubTiles_3_-3_YBYJ_LAYER2_UI",
      "T_MapSubTiles_3_-4_YBYJ_LAYER2_UI"
    ],
    "Area": [
      1602
    ],
    "Mark": [
      301316
    ],
    "ConditionId": 0,
    "FloorName": "MapFloor_KTG_2",
    "FloorIcon": "SP_MapIcon1"
  },
  {
    "Id": 3,
    "GroupId": 1,
    "MapId": 8,
    "Floor": -3,
    "MapTilePath": [
      "T_MapSubTiles_3_-4_YBYJ_LAYER3_UI",
      "T_MapSubTiles_3_-3_YBYJ_LAYER3_UI"
    ],
    "MiniMapTilePath": [
      "T_MapSubTiles_3_-4_YBYJ_LAYER3_UI",
      "T_MapSubTiles_3_-3_YBYJ_LAYER3_UI"
    ],
    "Area": [
      1603
    ],
    "Mark": {
      "PKa": [],
      "length": 0
    },
    "ConditionId": 0,
    "FloorName": "MapFloor_KTG_3",
    "FloorIcon": "SP_MapIcon1"
  },
  {
    "Id": 4,
    "GroupId": 1,
    "MapId": 8,
    "Floor": 0,
    "MapTilePath": {
      "PKa": [],
      "length": 0
    },
    "MiniMapTilePath": {
      "PKa": [],
      "length": 0
    },
    "Area": {
      "PKa": [],
      "length": 0
    },
    "Mark": {
      "PKa": [],
      "length": 0
    },
    "ConditionId": 0,
    "FloorName": "MapFloor_Raw",
    "FloorIcon": "SP_MapIcon3"
  },
  {
    "Id": 9,
    "GroupId": 3,
    "MapId": 8,
    "Floor": -1,
    "MapTilePath": [
      "T_MapSubTiles_3_-3_PYM_LAYER1_UI",
      "T_MapSubTiles_4_-3_PYM_LAYER1_UI"
    ],
    "MiniMapTilePath": [
      "T_MapSubTiles_3_-3_PYM_LAYER1_UI",
      "T_MapSubTiles_4_-3_PYM_LAYER1_UI"
    ],
    "Area": [
      1641
    ],
    "Mark": [
      301310
    ],
    "ConditionId": 0,
    "FloorName": "MapFloor_MLT_1",
    "FloorIcon": "SP_MapIcon1"
  },
  {
    "Id": 10,
    "GroupId": 3,
    "MapId": 8,
    "Floor": -2,
    "MapTilePath": [
      "T_MapSubTiles_4_-3_PYM_LAYER2_UI"
    ],
    "MiniMapTilePath": [
      "T_MapSubTiles_4_-3_PYM_LAYER2_UI"
    ],
    "Area": [
      1642
    ],
    "Mark": {
      "PKa": [],
      "length": 0
    },
    "ConditionId": 0,
    "FloorName": "MapFloor_MLT_2",
    "FloorIcon": "SP_MapIcon1"
  },
  {
    "Id": 11,
    "GroupId": 3,
    "MapId": 8,
    "Floor": 0,
    "MapTilePath": {
      "PKa": [],
      "length": 0
    },
    "MiniMapTilePath": {
      "PKa": [],
      "length": 0
    },
    "Area": {
      "PKa": [],
      "length": 0
    },
    "Mark": {
      "PKa": [],
      "length": 0
    },
    "ConditionId": 0,
    "FloorName": "MapFloor_Raw",
    "FloorIcon": "SP_MapIcon3"
  },
  {
    "Id": 5,
    "GroupId": 2,
    "MapId": 8,
    "Floor": -1,
    "MapTilePath": [
      "T_MapSubTiles_4_-4_DXLX_LAYER1_UI",
      "T_MapSubTiles_4_-3_DXLX_LAYER1_UI"
    ],
    "MiniMapTilePath": [
      "T_MapSubTiles_4_-4_DXLX_LAYER1_UI",
      "T_MapSubTiles_4_-3_DXLX_LAYER1_UI"
    ],
    "Area": [
      1631
    ],
    "Mark": {
      "PKa": [],
      "length": 0
    },
    "ConditionId": 0,
    "FloorName": "MapFloor_HMQ_1",
    "FloorIcon": "SP_MapIcon1"
  },
  {
    "Id": 6,
    "GroupId": 2,
    "MapId": 8,
    "Floor": -2,
    "MapTilePath": [
      "T_MapSubTiles_4_-3_DXLX_LAYER2_UI",
      "T_MapSubTiles_4_-4_DXLX_LAYER2_UI"
    ],
    "MiniMapTilePath": [
      "T_MapSubTiles_4_-3_DXLX_LAYER2_UI",
      "T_MapSubTiles_4_-4_DXLX_LAYER2_UI"
    ],
    "Area": [
      1632
    ],
    "Mark": {
      "PKa": [],
      "length": 0
    },
    "ConditionId": 0,
    "FloorName": "MapFloor_HMQ_2",
    "FloorIcon": "SP_MapIcon1"
  },
  {
    "Id": 7,
    "GroupId": 2,
    "MapId": 8,
    "Floor": -3,
    "MapTilePath": [
      "T_MapSubTiles_3_-3_DXLX_LAYER3_UI",
      "T_MapSubTiles_4_-3_DXLX_LAYER3_UI",
      "T_MapSubTiles_4_-4_DXLX_LAYER3_UI"
    ],
    "MiniMapTilePath": [
      "T_MapSubTiles_3_-3_DXLX_LAYER3_UI",
      "T_MapSubTiles_4_-3_DXLX_LAYER3_UI",
      "T_MapSubTiles_4_-4_DXLX_LAYER3_UI"
    ],
    "Area": [
      1633
    ],
    "Mark": [
      301314
    ],
    "ConditionId": 0,
    "FloorName": "MapFloor_HMQ_3",
    "FloorIcon": "SP_MapIcon1"
  },
  {
    "Id": 8,
    "GroupId": 2,
    "MapId": 8,
    "Floor": 0,
    "MapTilePath": {
      "PKa": [],
      "length": 0
    },
    "MiniMapTilePath": {
      "PKa": [],
      "length": 0
    },
    "Area": {
      "PKa": [],
      "length": 0
    },
    "Mark": {
      "PKa": [],
      "length": 0
    },
    "ConditionId": 0,
    "FloorName": "MapFloor_Raw",
    "FloorIcon": "SP_MapIcon3"
  },
  {
    "Id": 12,
    "GroupId": 4,
    "MapId": 900,
    "Floor": -1,
    "MapTilePath": [
      "T_HHASubTiles_0_-1_JZD_LAYER2_UI",
      "T_HHASubTiles_1_-1_JZD_LAYER2_UI"
    ],
    "MiniMapTilePath": [
      "T_HHASubTiles400_0_-1_JZD_LAYER2_UI",
      "T_HHASubTiles400_1_-1_JZD_LAYER2_UI"
    ],
    "Area": [
      1571
    ],
    "Mark": [
      300014
    ],
    "ConditionId": 0,
    "FloorName": "MapFloor_STZ_2",
    "FloorIcon": "SP_MapIcon1"
  },
  {
    "Id": 13,
    "GroupId": 4,
    "MapId": 900,
    "Floor": -2,
    "MapTilePath": [
      "T_HHASubTiles_0_-1_JZD_LAYER1_UI",
      "T_HHASubTiles_1_-1_JZD_LAYER1_UI"
    ],
    "MiniMapTilePath": [
      "T_HHASubTiles400_0_-1_JZD_LAYER1_UI",
      "T_HHASubTiles400_1_-1_JZD_LAYER1_UI"
    ],
    "Area": [
      1572
    ],
    "Mark": {
      "PKa": [],
      "length": 0
    },
    "ConditionId": 0,
    "FloorName": "MapFloor_STZ_1",
    "FloorIcon": "SP_MapIcon1"
  },
  {
    "Id": 14,
    "GroupId": 4,
    "MapId": 900,
    "Floor": 0,
    "MapTilePath": {
      "PKa": [],
      "length": 0
    },
    "MiniMapTilePath": {
      "PKa": [],
      "length": 0
    },
    "Area": {
      "PKa": [],
      "length": 0
    },
    "Mark": {
      "PKa": [],
      "length": 0
    },
    "ConditionId": 0,
    "FloorName": "MapFloor_Raw",
    "FloorIcon": "SP_MapIcon3"
  },
  {
    "Id": 15,
    "GroupId": 5,
    "MapId": 900,
    "Floor": -1,
    "MapTilePath": [
      "T_HHASubTiles_0_0_MWSRS_LAYER2_UI"
    ],
    "MiniMapTilePath": [
      "T_HHASubTiles400_0_0_MWSRS_LAYER2_UI"
    ],
    "Area": [
      1561
    ],
    "Mark": {
      "PKa": [],
      "length": 0
    },
    "ConditionId": 0,
    "FloorName": "MapFloor_JJS_2",
    "FloorIcon": "SP_MapIcon1"
  },
  {
    "Id": 16,
    "GroupId": 5,
    "MapId": 900,
    "Floor": -2,
    "MapTilePath": [
      "T_HHASubTiles_0_0_MWSRS_LAYER1_UI"
    ],
    "MiniMapTilePath": [
      "T_HHASubTiles400_0_0_MWSRS_LAYER1_UI"
    ],
    "Area": [
      1562
    ],
    "Mark": {
      "PKa": [],
      "length": 0
    },
    "ConditionId": 0,
    "FloorName": "MapFloor_JJS_1",
    "FloorIcon": "SP_MapIcon1"
  },
  {
    "Id": 17,
    "GroupId": 5,
    "MapId": 900,
    "Floor": 0,
    "MapTilePath": {
      "PKa": [],
      "length": 0
    },
    "MiniMapTilePath": {
      "PKa": [],
      "length": 0
    },
    "Area": {
      "PKa": [],
      "length": 0
    },
    "Mark": {
      "PKa": [],
      "length": 0
    },
    "ConditionId": 0,
    "FloorName": "MapFloor_Raw",
    "FloorIcon": "SP_MapIcon3"
  },
  {
    "Id": 18,
    "GroupId": 6,
    "MapId": 900,
    "Floor": -1,
    "MapTilePath": [
      "T_HHASubTiles_0_0_SMFJ_LAYER1_UI"
    ],
    "MiniMapTilePath": [
      "T_HHASubTiles400_0_0_SMFJ_LAYER1_UI"
    ],
    "Area": [
      1511
    ],
    "Mark": {
      "PKa": [],
      "length": 0
    },
    "ConditionId": 0,
    "FloorName": "MapFloor_SMFJ_1",
    "FloorIcon": "SP_MapIcon1"
  },
  {
    "Id": 19,
    "GroupId": 6,
    "MapId": 900,
    "Floor": 0,
    "MapTilePath": {
      "PKa": [],
      "length": 0
    },
    "MiniMapTilePath": {
      "PKa": [],
      "length": 0
    },
    "Area": {
      "PKa": [],
      "length": 0
    },
    "Mark": {
      "PKa": [],
      "length": 0
    },
    "ConditionId": 0,
    "FloorName": "MapFloor_Raw",
    "FloorIcon": "SP_MapIcon3"
  }
]