[
  {
    "Id": 1,
    "TaskId": 139700000,
    "JumpBuildingId": 10,
    "AssociateRole": 4
  },
  {
    "Id": 2,
    "TaskId": 139700001,
    "JumpBuildingId": 4,
    "AssociateRole": 9
  },
  {
    "Id": 3,
    "TaskId": 139700002,
    "JumpBuildingId": 7,
    "AssociateRole": 12
  },
  {
    "Id": 4,
    "TaskId": 139700003,
    "JumpBuildingId": 9,
    "AssociateRole": 3
  },
  {
    "Id": 5,
    "TaskId": 880000012,
    "JumpBuildingId": 2,
    "AssociateRole": 7
  },
  {
    "Id": 6,
    "TaskId": 880000029,
    "JumpBuildingId": 1,
    "AssociateRole": 6
  },
  {
    "Id": 7,
    "TaskId": 880000030,
    "JumpBuildingId": 3,
    "AssociateRole": 8
  },
  {
    "Id": 8,
    "TaskId": 880000031,
    "JumpBuildingId": 5,
    "AssociateRole": 10
  },
  {
    "Id": 9,
    "TaskId": 880700001,
    "JumpBuildingId": 6,
    "AssociateRole": 11
  },
  {
    "Id": 10,
    "TaskId": 880700002,
    "JumpBuildingId": 8,
    "AssociateRole": 13
  },
  {
    "Id": 11,
    "TaskId": 880700003,
    "JumpBuildingId": 0,
    "AssociateRole": 14
  }
]