[
  {
    "Id": 1,
    "Name": "Moonfiesta_Building_1_Name",
    "Sort": 2,
    "Desc": "Moonfiesta_Building_1_Desc",
    "AssociateRole": 6,
    "RoleTips": "Moonfiesta_ShopIntro3",
    "BuildingTexture": "/Game/Aki/UI/UIResources/UiActivity/Image/ChasingMoon/ChasingMoonBuild/T_BuildItemB02.T_BuildItemB02",
    "TipsSprite": "/Game/Aki/UI/UIResources/UiActivity/Atlas/ChasingMoon/SP_BuildIcon05.SP_BuildIcon05",
    "MapMarkId": 10007,
    "UnLockPrice": 20000,
    "UnlockCondition": 12100025,
    "JumpType": 1,
    "JumpParam": 3,
    "UpGradeCurve": 104,
    "FlowListName": "剧情_摊位建设",
    "FlowId": 1,
    "StateId": 9,
    "TriggerEntityId": 221700009
  },
  {
    "Id": 2,
    "Name": "Moonfiesta_Building_2_Name",
    "Sort": 1,
    "Desc": "Moonfiesta_Building_2_Desc",
    "AssociateRole": 7,
    "RoleTips": "Moonfiesta_ShopIntro4",
    "BuildingTexture": "/Game/Aki/UI/UIResources/UiActivity/Image/ChasingMoon/ChasingMoonBuild/T_BuildItemB05.T_BuildItemB05",
    "TipsSprite": "/Game/Aki/UI/UIResources/UiActivity/Atlas/ChasingMoon/SP_BuildIcon02.SP_BuildIcon02",
    "MapMarkId": 10008,
    "UnLockPrice": 60000,
    "UnlockCondition": 12100025,
    "JumpType": 1,
    "JumpParam": 3,
    "UpGradeCurve": 106,
    "FlowListName": "剧情_摊位建设",
    "FlowId": 1,
    "StateId": 3,
    "TriggerEntityId": 221700001
  },
  {
    "Id": 3,
    "Name": "Moonfiesta_Building_3_Name",
    "Sort": 9,
    "Desc": "Moonfiesta_Building_3_Desc",
    "AssociateRole": 8,
    "RoleTips": "Moonfiesta_ShopIntro5",
    "BuildingTexture": "/Game/Aki/UI/UIResources/UiActivity/Image/ChasingMoon/ChasingMoonBuild/T_BuildItemB09.T_BuildItemB09",
    "TipsSprite": "/Game/Aki/UI/UIResources/UiActivity/Atlas/ChasingMoon/SP_BuildIcon08.SP_BuildIcon08",
    "MapMarkId": 10009,
    "UnLockPrice": 500,
    "UnlockCondition": 0,
    "JumpType": 0,
    "JumpParam": 0,
    "UpGradeCurve": 101,
    "FlowListName": "剧情_摊位建设",
    "FlowId": 1,
    "StateId": 1,
    "TriggerEntityId": 221700005
  },
  {
    "Id": 4,
    "Name": "Moonfiesta_Building_4_Name",
    "Sort": 6,
    "Desc": "Moonfiesta_Building_4_Desc",
    "AssociateRole": 9,
    "RoleTips": "Moonfiesta_ShopIntro6",
    "BuildingTexture": "/Game/Aki/UI/UIResources/UiActivity/Image/ChasingMoon/ChasingMoonBuild/T_BuildItemB01.T_BuildItemB01",
    "TipsSprite": "/Game/Aki/UI/UIResources/UiActivity/Atlas/ChasingMoon/SP_BuildIcon01.SP_BuildIcon01",
    "MapMarkId": 10010,
    "UnLockPrice": 30000,
    "UnlockCondition": 12100025,
    "JumpType": 1,
    "JumpParam": 3,
    "UpGradeCurve": 105,
    "FlowListName": "剧情_摊位建设",
    "FlowId": 1,
    "StateId": 7,
    "TriggerEntityId": 221700007
  },
  {
    "Id": 5,
    "Name": "Moonfiesta_Building_5_Name",
    "Sort": 10,
    "Desc": "Moonfiesta_Building_5_Desc",
    "AssociateRole": 10,
    "RoleTips": "Moonfiesta_ShopIntro7",
    "BuildingTexture": "/Game/Aki/UI/UIResources/UiActivity/Image/ChasingMoon/ChasingMoonBuild/T_BuildItemB11.T_BuildItemB11",
    "TipsSprite": "/Game/Aki/UI/UIResources/UiActivity/Atlas/ChasingMoon/SP_BuildIcon10.SP_BuildIcon10",
    "MapMarkId": 10011,
    "UnLockPrice": 120000,
    "UnlockCondition": 12100026,
    "JumpType": 1,
    "JumpParam": 4,
    "UpGradeCurve": 110,
    "FlowListName": "剧情_摊位建设",
    "FlowId": 1,
    "StateId": 8,
    "TriggerEntityId": 221700008
  },
  {
    "Id": 6,
    "Name": "Moonfiesta_Building_6_Name",
    "Sort": 5,
    "Desc": "Moonfiesta_Building_6_Desc",
    "AssociateRole": 11,
    "RoleTips": "Moonfiesta_ShopIntro8",
    "BuildingTexture": "/Game/Aki/UI/UIResources/UiActivity/Image/ChasingMoon/ChasingMoonBuild/T_BuildItemB07.T_BuildItemB07",
    "TipsSprite": "/Game/Aki/UI/UIResources/UiActivity/Atlas/ChasingMoon/SP_BuildIcon04.SP_BuildIcon04",
    "MapMarkId": 10012,
    "UnLockPrice": 80000,
    "UnlockCondition": 12100026,
    "JumpType": 1,
    "JumpParam": 4,
    "UpGradeCurve": 108,
    "FlowListName": "剧情_摊位建设",
    "FlowId": 1,
    "StateId": 4,
    "TriggerEntityId": 221700003
  },
  {
    "Id": 7,
    "Name": "Moonfiesta_Building_7_Name",
    "Sort": 7,
    "Desc": "Moonfiesta_Building_7_Desc",
    "AssociateRole": 12,
    "RoleTips": "Moonfiesta_ShopIntro9",
    "BuildingTexture": "/Game/Aki/UI/UIResources/UiActivity/Image/ChasingMoon/ChasingMoonBuild/T_BuildItemB10.T_BuildItemB10",
    "TipsSprite": "/Game/Aki/UI/UIResources/UiActivity/Atlas/ChasingMoon/SP_BuildIcon09.SP_BuildIcon09",
    "MapMarkId": 10013,
    "UnLockPrice": 100000,
    "UnlockCondition": 12100026,
    "JumpType": 1,
    "JumpParam": 4,
    "UpGradeCurve": 109,
    "FlowListName": "剧情_摊位建设",
    "FlowId": 1,
    "StateId": 6,
    "TriggerEntityId": 221700006
  },
  {
    "Id": 8,
    "Name": "Moonfiesta_Building_8_Name",
    "Sort": 4,
    "Desc": "Moonfiesta_Building_8_Desc",
    "AssociateRole": 13,
    "RoleTips": "Moonfiesta_ShopIntro10",
    "BuildingTexture": "/Game/Aki/UI/UIResources/UiActivity/Image/ChasingMoon/ChasingMoonBuild/T_BuildItemB04.T_BuildItemB04",
    "TipsSprite": "/Game/Aki/UI/UIResources/UiActivity/Atlas/ChasingMoon/SP_BuildIcon07.SP_BuildIcon07",
    "MapMarkId": 10014,
    "UnLockPrice": 2000,
    "UnlockCondition": 0,
    "JumpType": 0,
    "JumpParam": 0,
    "UpGradeCurve": 102,
    "FlowListName": "剧情_摊位建设",
    "FlowId": 1,
    "StateId": 10,
    "TriggerEntityId": 221700010
  },
  {
    "Id": 9,
    "Name": "Moonfiesta_Building_9_Name",
    "Sort": 3,
    "Desc": "Moonfiesta_Building_9_Desc",
    "AssociateRole": 3,
    "RoleTips": "Moonfiesta_ShopIntro11",
    "BuildingTexture": "/Game/Aki/UI/UIResources/UiActivity/Image/ChasingMoon/ChasingMoonBuild/T_BuildItemB03.T_BuildItemB03",
    "TipsSprite": "/Game/Aki/UI/UIResources/UiActivity/Atlas/ChasingMoon/SP_BuildIcon06.SP_BuildIcon06",
    "MapMarkId": 10015,
    "UnLockPrice": 50000,
    "UnlockCondition": 12100025,
    "JumpType": 1,
    "JumpParam": 3,
    "UpGradeCurve": 107,
    "FlowListName": "剧情_摊位建设",
    "FlowId": 1,
    "StateId": 2,
    "TriggerEntityId": 221700002
  },
  {
    "Id": 10,
    "Name": "Moonfiesta_Building_10_Name",
    "Sort": 8,
    "Desc": "Moonfiesta_Building_10_Desc",
    "AssociateRole": 4,
    "RoleTips": "Moonfiesta_ShopIntro12",
    "BuildingTexture": "/Game/Aki/UI/UIResources/UiActivity/Image/ChasingMoon/ChasingMoonBuild/T_BuildItemB08.T_BuildItemB08",
    "TipsSprite": "/Game/Aki/UI/UIResources/UiActivity/Atlas/ChasingMoon/SP_BuildIcon03.SP_BuildIcon03",
    "MapMarkId": 10016,
    "UnLockPrice": 6000,
    "UnlockCondition": 0,
    "JumpType": 0,
    "JumpParam": 0,
    "UpGradeCurve": 103,
    "FlowListName": "剧情_摊位建设",
    "FlowId": 1,
    "StateId": 5,
    "TriggerEntityId": 221700004
  }
]