[
  {
    "Id": 1,
    "GroupId": 101,
    "Level": 1,
    "UpGradePrice": 80000,
    "HeatAddition": 200,
    "GoldAddition": 0,
    "GoldAdditionFix": 50,
    "WishAddition": 0,
    "WishAdditionFix": 0,
    "EnergyAddition": 0,
    "ModelId": 1,
    "IdeaRatioAddition": 0,
    "SuccessAddition": 0
  },
  {
    "Id": 2,
    "GroupId": 101,
    "Level": 2,
    "UpGradePrice": 150000,
    "HeatAddition": 200,
    "GoldAddition": 0,
    "GoldAdditionFix": 1000,
    "WishAddition": 0,
    "WishAdditionFix": 0,
    "EnergyAddition": 0,
    "ModelId": 1,
    "IdeaRatioAddition": 0,
    "SuccessAddition": 0
  },
  {
    "Id": 3,
    "GroupId": 101,
    "Level": 3,
    "UpGradePrice": 500000,
    "HeatAddition": 300,
    "GoldAddition": 0,
    "GoldAdditionFix": 3000,
    "WishAddition": 0,
    "WishAdditionFix": 0,
    "EnergyAddition": 0,
    "ModelId": 1,
    "IdeaRatioAddition": 0,
    "SuccessAddition": 0
  },
  {
    "Id": 4,
    "GroupId": 101,
    "Level": 4,
    "UpGradePrice": 600000,
    "HeatAddition": 1000,
    "GoldAddition": 0,
    "GoldAdditionFix": 10000,
    "WishAddition": 0,
    "WishAdditionFix": 0,
    "EnergyAddition": 0,
    "ModelId": 1,
    "IdeaRatioAddition": 0,
    "SuccessAddition": 0
  },
  {
    "Id": 5,
    "GroupId": 101,
    "Level": 5,
    "UpGradePrice": 600000,
    "HeatAddition": 1000,
    "GoldAddition": 0,
    "GoldAdditionFix": 50000,
    "WishAddition": 0,
    "WishAdditionFix": 0,
    "EnergyAddition": 0,
    "ModelId": 1,
    "IdeaRatioAddition": 0,
    "SuccessAddition": 0
  },
  {
    "Id": 6,
    "GroupId": 102,
    "Level": 1,
    "UpGradePrice": 80000,
    "HeatAddition": 200,
    "GoldAddition": 0,
    "GoldAdditionFix": 300,
    "WishAddition": 0,
    "WishAdditionFix": 0,
    "EnergyAddition": 0,
    "ModelId": 1,
    "IdeaRatioAddition": 0,
    "SuccessAddition": 0
  },
  {
    "Id": 7,
    "GroupId": 102,
    "Level": 2,
    "UpGradePrice": 150000,
    "HeatAddition": 200,
    "GoldAddition": 0,
    "GoldAdditionFix": 1000,
    "WishAddition": 0,
    "WishAdditionFix": 0,
    "EnergyAddition": 0,
    "ModelId": 1,
    "IdeaRatioAddition": 0,
    "SuccessAddition": 0
  },
  {
    "Id": 8,
    "GroupId": 102,
    "Level": 3,
    "UpGradePrice": 500000,
    "HeatAddition": 300,
    "GoldAddition": 0,
    "GoldAdditionFix": 5000,
    "WishAddition": 0,
    "WishAdditionFix": 0,
    "EnergyAddition": 0,
    "ModelId": 1,
    "IdeaRatioAddition": 0,
    "SuccessAddition": 0
  },
  {
    "Id": 9,
    "GroupId": 102,
    "Level": 4,
    "UpGradePrice": 600000,
    "HeatAddition": 1000,
    "GoldAddition": 0,
    "GoldAdditionFix": 10000,
    "WishAddition": 0,
    "WishAdditionFix": 0,
    "EnergyAddition": 0,
    "ModelId": 1,
    "IdeaRatioAddition": 0,
    "SuccessAddition": 0
  },
  {
    "Id": 10,
    "GroupId": 102,
    "Level": 5,
    "UpGradePrice": 600000,
    "HeatAddition": 1000,
    "GoldAddition": 0,
    "GoldAdditionFix": 50000,
    "WishAddition": 0,
    "WishAdditionFix": 0,
    "EnergyAddition": 0,
    "ModelId": 1,
    "IdeaRatioAddition": 0,
    "SuccessAddition": 0
  },
  {
    "Id": 11,
    "GroupId": 103,
    "Level": 1,
    "UpGradePrice": 80000,
    "HeatAddition": 200,
    "GoldAddition": 0,
    "GoldAdditionFix": 0,
    "WishAddition": 0,
    "WishAdditionFix": 1,
    "EnergyAddition": 0,
    "ModelId": 1,
    "IdeaRatioAddition": 0,
    "SuccessAddition": 0
  },
  {
    "Id": 12,
    "GroupId": 103,
    "Level": 2,
    "UpGradePrice": 150000,
    "HeatAddition": 200,
    "GoldAddition": 0,
    "GoldAdditionFix": 0,
    "WishAddition": 0,
    "WishAdditionFix": 2,
    "EnergyAddition": 0,
    "ModelId": 1,
    "IdeaRatioAddition": 0,
    "SuccessAddition": 0
  },
  {
    "Id": 13,
    "GroupId": 103,
    "Level": 3,
    "UpGradePrice": 500000,
    "HeatAddition": 300,
    "GoldAddition": 0,
    "GoldAdditionFix": 0,
    "WishAddition": 0,
    "WishAdditionFix": 3,
    "EnergyAddition": 0,
    "ModelId": 1,
    "IdeaRatioAddition": 0,
    "SuccessAddition": 0
  },
  {
    "Id": 14,
    "GroupId": 103,
    "Level": 4,
    "UpGradePrice": 600000,
    "HeatAddition": 1000,
    "GoldAddition": 0,
    "GoldAdditionFix": 0,
    "WishAddition": 0,
    "WishAdditionFix": 4,
    "EnergyAddition": 0,
    "ModelId": 1,
    "IdeaRatioAddition": 0,
    "SuccessAddition": 0
  },
  {
    "Id": 15,
    "GroupId": 103,
    "Level": 5,
    "UpGradePrice": 600000,
    "HeatAddition": 1000,
    "GoldAddition": 0,
    "GoldAdditionFix": 0,
    "WishAddition": 0,
    "WishAdditionFix": 5,
    "EnergyAddition": 0,
    "ModelId": 1,
    "IdeaRatioAddition": 0,
    "SuccessAddition": 0
  },
  {
    "Id": 16,
    "GroupId": 104,
    "Level": 1,
    "UpGradePrice": 120000,
    "HeatAddition": 200,
    "GoldAddition": 0,
    "GoldAdditionFix": 0,
    "WishAddition": 0,
    "WishAdditionFix": 0,
    "EnergyAddition": 0,
    "ModelId": 1,
    "IdeaRatioAddition": 0,
    "SuccessAddition": 50
  },
  {
    "Id": 17,
    "GroupId": 104,
    "Level": 2,
    "UpGradePrice": 400000,
    "HeatAddition": 300,
    "GoldAddition": 0,
    "GoldAdditionFix": 0,
    "WishAddition": 0,
    "WishAdditionFix": 0,
    "EnergyAddition": 0,
    "ModelId": 1,
    "IdeaRatioAddition": 0,
    "SuccessAddition": 100
  },
  {
    "Id": 18,
    "GroupId": 104,
    "Level": 3,
    "UpGradePrice": 500000,
    "HeatAddition": 1000,
    "GoldAddition": 0,
    "GoldAdditionFix": 0,
    "WishAddition": 0,
    "WishAdditionFix": 0,
    "EnergyAddition": 0,
    "ModelId": 1,
    "IdeaRatioAddition": 0,
    "SuccessAddition": 150
  },
  {
    "Id": 19,
    "GroupId": 104,
    "Level": 4,
    "UpGradePrice": 800000,
    "HeatAddition": 1000,
    "GoldAddition": 0,
    "GoldAdditionFix": 0,
    "WishAddition": 0,
    "WishAdditionFix": 0,
    "EnergyAddition": 0,
    "ModelId": 1,
    "IdeaRatioAddition": 0,
    "SuccessAddition": 200
  },
  {
    "Id": 20,
    "GroupId": 104,
    "Level": 5,
    "UpGradePrice": 800000,
    "HeatAddition": 1200,
    "GoldAddition": 0,
    "GoldAdditionFix": 0,
    "WishAddition": 0,
    "WishAdditionFix": 0,
    "EnergyAddition": 0,
    "ModelId": 1,
    "IdeaRatioAddition": 0,
    "SuccessAddition": 250
  },
  {
    "Id": 21,
    "GroupId": 105,
    "Level": 1,
    "UpGradePrice": 120000,
    "HeatAddition": 200,
    "GoldAddition": 50,
    "GoldAdditionFix": 0,
    "WishAddition": 0,
    "WishAdditionFix": 0,
    "EnergyAddition": 0,
    "ModelId": 1,
    "IdeaRatioAddition": 0,
    "SuccessAddition": 0
  },
  {
    "Id": 22,
    "GroupId": 105,
    "Level": 2,
    "UpGradePrice": 400000,
    "HeatAddition": 300,
    "GoldAddition": 100,
    "GoldAdditionFix": 0,
    "WishAddition": 0,
    "WishAdditionFix": 0,
    "EnergyAddition": 0,
    "ModelId": 1,
    "IdeaRatioAddition": 0,
    "SuccessAddition": 0
  },
  {
    "Id": 23,
    "GroupId": 105,
    "Level": 3,
    "UpGradePrice": 500000,
    "HeatAddition": 1000,
    "GoldAddition": 150,
    "GoldAdditionFix": 0,
    "WishAddition": 0,
    "WishAdditionFix": 0,
    "EnergyAddition": 0,
    "ModelId": 1,
    "IdeaRatioAddition": 0,
    "SuccessAddition": 0
  },
  {
    "Id": 24,
    "GroupId": 105,
    "Level": 4,
    "UpGradePrice": 800000,
    "HeatAddition": 1000,
    "GoldAddition": 200,
    "GoldAdditionFix": 0,
    "WishAddition": 0,
    "WishAdditionFix": 0,
    "EnergyAddition": 0,
    "ModelId": 1,
    "IdeaRatioAddition": 0,
    "SuccessAddition": 0
  },
  {
    "Id": 25,
    "GroupId": 105,
    "Level": 5,
    "UpGradePrice": 800000,
    "HeatAddition": 1200,
    "GoldAddition": 250,
    "GoldAdditionFix": 0,
    "WishAddition": 0,
    "WishAdditionFix": 0,
    "EnergyAddition": 0,
    "ModelId": 1,
    "IdeaRatioAddition": 0,
    "SuccessAddition": 0
  },
  {
    "Id": 26,
    "GroupId": 106,
    "Level": 1,
    "UpGradePrice": 120000,
    "HeatAddition": 300,
    "GoldAddition": 0,
    "GoldAdditionFix": 0,
    "WishAddition": 0,
    "WishAdditionFix": 2,
    "EnergyAddition": 0,
    "ModelId": 1,
    "IdeaRatioAddition": 0,
    "SuccessAddition": 0
  },
  {
    "Id": 27,
    "GroupId": 106,
    "Level": 2,
    "UpGradePrice": 400000,
    "HeatAddition": 300,
    "GoldAddition": 0,
    "GoldAdditionFix": 0,
    "WishAddition": 0,
    "WishAdditionFix": 4,
    "EnergyAddition": 0,
    "ModelId": 1,
    "IdeaRatioAddition": 0,
    "SuccessAddition": 0
  },
  {
    "Id": 28,
    "GroupId": 106,
    "Level": 3,
    "UpGradePrice": 500000,
    "HeatAddition": 1000,
    "GoldAddition": 0,
    "GoldAdditionFix": 0,
    "WishAddition": 0,
    "WishAdditionFix": 6,
    "EnergyAddition": 0,
    "ModelId": 1,
    "IdeaRatioAddition": 0,
    "SuccessAddition": 0
  },
  {
    "Id": 29,
    "GroupId": 106,
    "Level": 4,
    "UpGradePrice": 800000,
    "HeatAddition": 1000,
    "GoldAddition": 0,
    "GoldAdditionFix": 0,
    "WishAddition": 0,
    "WishAdditionFix": 8,
    "EnergyAddition": 0,
    "ModelId": 1,
    "IdeaRatioAddition": 0,
    "SuccessAddition": 0
  },
  {
    "Id": 30,
    "GroupId": 106,
    "Level": 5,
    "UpGradePrice": 800000,
    "HeatAddition": 1200,
    "GoldAddition": 0,
    "GoldAdditionFix": 0,
    "WishAddition": 0,
    "WishAdditionFix": 10,
    "EnergyAddition": 0,
    "ModelId": 1,
    "IdeaRatioAddition": 0,
    "SuccessAddition": 0
  },
  {
    "Id": 31,
    "GroupId": 107,
    "Level": 1,
    "UpGradePrice": 120000,
    "HeatAddition": 300,
    "GoldAddition": 0,
    "GoldAdditionFix": 0,
    "WishAddition": 0,
    "WishAdditionFix": 0,
    "EnergyAddition": 0,
    "ModelId": 1,
    "IdeaRatioAddition": 10,
    "SuccessAddition": 0
  },
  {
    "Id": 32,
    "GroupId": 107,
    "Level": 2,
    "UpGradePrice": 400000,
    "HeatAddition": 300,
    "GoldAddition": 0,
    "GoldAdditionFix": 0,
    "WishAddition": 0,
    "WishAdditionFix": 0,
    "EnergyAddition": 0,
    "ModelId": 1,
    "IdeaRatioAddition": 20,
    "SuccessAddition": 0
  },
  {
    "Id": 33,
    "GroupId": 107,
    "Level": 3,
    "UpGradePrice": 500000,
    "HeatAddition": 1000,
    "GoldAddition": 0,
    "GoldAdditionFix": 0,
    "WishAddition": 0,
    "WishAdditionFix": 0,
    "EnergyAddition": 0,
    "ModelId": 1,
    "IdeaRatioAddition": 30,
    "SuccessAddition": 0
  },
  {
    "Id": 34,
    "GroupId": 107,
    "Level": 4,
    "UpGradePrice": 800000,
    "HeatAddition": 1000,
    "GoldAddition": 0,
    "GoldAdditionFix": 0,
    "WishAddition": 0,
    "WishAdditionFix": 0,
    "EnergyAddition": 0,
    "ModelId": 1,
    "IdeaRatioAddition": 40,
    "SuccessAddition": 0
  },
  {
    "Id": 35,
    "GroupId": 107,
    "Level": 5,
    "UpGradePrice": 800000,
    "HeatAddition": 1200,
    "GoldAddition": 0,
    "GoldAdditionFix": 0,
    "WishAddition": 0,
    "WishAdditionFix": 0,
    "EnergyAddition": 0,
    "ModelId": 1,
    "IdeaRatioAddition": 50,
    "SuccessAddition": 0
  },
  {
    "Id": 36,
    "GroupId": 108,
    "Level": 1,
    "UpGradePrice": 400000,
    "HeatAddition": 1000,
    "GoldAddition": 0,
    "GoldAdditionFix": 0,
    "WishAddition": 0,
    "WishAdditionFix": 0,
    "EnergyAddition": 0,
    "ModelId": 1,
    "IdeaRatioAddition": 0,
    "SuccessAddition": 50
  },
  {
    "Id": 37,
    "GroupId": 108,
    "Level": 2,
    "UpGradePrice": 600000,
    "HeatAddition": 1000,
    "GoldAddition": 0,
    "GoldAdditionFix": 0,
    "WishAddition": 0,
    "WishAdditionFix": 0,
    "EnergyAddition": 0,
    "ModelId": 1,
    "IdeaRatioAddition": 0,
    "SuccessAddition": 100
  },
  {
    "Id": 38,
    "GroupId": 108,
    "Level": 3,
    "UpGradePrice": 800000,
    "HeatAddition": 1000,
    "GoldAddition": 0,
    "GoldAdditionFix": 0,
    "WishAddition": 0,
    "WishAdditionFix": 0,
    "EnergyAddition": 0,
    "ModelId": 1,
    "IdeaRatioAddition": 0,
    "SuccessAddition": 150
  },
  {
    "Id": 39,
    "GroupId": 108,
    "Level": 4,
    "UpGradePrice": 1000000,
    "HeatAddition": 1000,
    "GoldAddition": 0,
    "GoldAdditionFix": 0,
    "WishAddition": 0,
    "WishAdditionFix": 0,
    "EnergyAddition": 0,
    "ModelId": 1,
    "IdeaRatioAddition": 0,
    "SuccessAddition": 200
  },
  {
    "Id": 40,
    "GroupId": 108,
    "Level": 5,
    "UpGradePrice": 1000000,
    "HeatAddition": 1200,
    "GoldAddition": 0,
    "GoldAdditionFix": 0,
    "WishAddition": 0,
    "WishAdditionFix": 0,
    "EnergyAddition": 0,
    "ModelId": 1,
    "IdeaRatioAddition": 0,
    "SuccessAddition": 250
  },
  {
    "Id": 41,
    "GroupId": 109,
    "Level": 1,
    "UpGradePrice": 400000,
    "HeatAddition": 1000,
    "GoldAddition": 50,
    "GoldAdditionFix": 0,
    "WishAddition": 0,
    "WishAdditionFix": 0,
    "EnergyAddition": 0,
    "ModelId": 1,
    "IdeaRatioAddition": 0,
    "SuccessAddition": 0
  },
  {
    "Id": 42,
    "GroupId": 109,
    "Level": 2,
    "UpGradePrice": 600000,
    "HeatAddition": 1000,
    "GoldAddition": 100,
    "GoldAdditionFix": 0,
    "WishAddition": 0,
    "WishAdditionFix": 0,
    "EnergyAddition": 0,
    "ModelId": 1,
    "IdeaRatioAddition": 0,
    "SuccessAddition": 0
  },
  {
    "Id": 43,
    "GroupId": 109,
    "Level": 3,
    "UpGradePrice": 800000,
    "HeatAddition": 1000,
    "GoldAddition": 150,
    "GoldAdditionFix": 0,
    "WishAddition": 0,
    "WishAdditionFix": 0,
    "EnergyAddition": 0,
    "ModelId": 1,
    "IdeaRatioAddition": 0,
    "SuccessAddition": 0
  },
  {
    "Id": 44,
    "GroupId": 109,
    "Level": 4,
    "UpGradePrice": 1000000,
    "HeatAddition": 1000,
    "GoldAddition": 200,
    "GoldAdditionFix": 0,
    "WishAddition": 0,
    "WishAdditionFix": 0,
    "EnergyAddition": 0,
    "ModelId": 1,
    "IdeaRatioAddition": 0,
    "SuccessAddition": 0
  },
  {
    "Id": 45,
    "GroupId": 109,
    "Level": 5,
    "UpGradePrice": 1000000,
    "HeatAddition": 1200,
    "GoldAddition": 250,
    "GoldAdditionFix": 0,
    "WishAddition": 0,
    "WishAdditionFix": 0,
    "EnergyAddition": 0,
    "ModelId": 1,
    "IdeaRatioAddition": 0,
    "SuccessAddition": 0
  },
  {
    "Id": 46,
    "GroupId": 110,
    "Level": 1,
    "UpGradePrice": 400000,
    "HeatAddition": 1000,
    "GoldAddition": 0,
    "GoldAdditionFix": 0,
    "WishAddition": 0,
    "WishAdditionFix": 0,
    "EnergyAddition": 0,
    "ModelId": 1,
    "IdeaRatioAddition": 10,
    "SuccessAddition": 0
  },
  {
    "Id": 47,
    "GroupId": 110,
    "Level": 2,
    "UpGradePrice": 600000,
    "HeatAddition": 1000,
    "GoldAddition": 0,
    "GoldAdditionFix": 0,
    "WishAddition": 0,
    "WishAdditionFix": 0,
    "EnergyAddition": 0,
    "ModelId": 1,
    "IdeaRatioAddition": 20,
    "SuccessAddition": 0
  },
  {
    "Id": 48,
    "GroupId": 110,
    "Level": 3,
    "UpGradePrice": 800000,
    "HeatAddition": 1000,
    "GoldAddition": 0,
    "GoldAdditionFix": 0,
    "WishAddition": 0,
    "WishAdditionFix": 0,
    "EnergyAddition": 0,
    "ModelId": 1,
    "IdeaRatioAddition": 30,
    "SuccessAddition": 0
  },
  {
    "Id": 49,
    "GroupId": 110,
    "Level": 4,
    "UpGradePrice": 1000000,
    "HeatAddition": 1000,
    "GoldAddition": 0,
    "GoldAdditionFix": 0,
    "WishAddition": 0,
    "WishAdditionFix": 0,
    "EnergyAddition": 0,
    "ModelId": 1,
    "IdeaRatioAddition": 40,
    "SuccessAddition": 0
  },
  {
    "Id": 50,
    "GroupId": 110,
    "Level": 5,
    "UpGradePrice": 1000000,
    "HeatAddition": 1200,
    "GoldAddition": 0,
    "GoldAdditionFix": 0,
    "WishAddition": 0,
    "WishAdditionFix": 0,
    "EnergyAddition": 0,
    "ModelId": 1,
    "IdeaRatioAddition": 50,
    "SuccessAddition": 0
  }
]