[
  {
    "Id": 1,
    "Name": "Moonfiesta_Character_1_Name",
    "ScoreName": "Moonfiesta_CharacterGoal_1_Name",
    "Color": "#77888f",
    "BarSprite": "/Game/Aki/UI/UIResources/UiActivity/Atlas/ChasingMoon/SP_BarRoleStatsBlue.SP_BarRoleStatsBlue"
  },
  {
    "Id": 2,
    "Name": "Moonfiesta_Character_2_Name",
    "ScoreName": "Moonfiesta_CharacterGoal_2_Name",
    "Color": "#7FA280",
    "BarSprite": "/Game/Aki/UI/UIResources/UiActivity/Atlas/ChasingMoon/SP_BarRoleStatsGreen.SP_BarRoleStatsGreen"
  },
  {
    "Id": 3,
    "Name": "Moonfiesta_Character_3_Name",
    "ScoreName": "Moonfiesta_CharacterGoal_3_Name",
    "Color": "#BF7A6B",
    "BarSprite": "/Game/Aki/UI/UIResources/UiActivity/Atlas/ChasingMoon/SP_BarRoleStatsRed.SP_BarRoleStatsRed"
  }
]