[
  {
    "Id": 1,
    "Icon": "/Game/Aki/UI/UIResources/UiActivity/Image/ChasingMoon/IconEntrust/T_IconEntrust_05.T_IconEntrust_05"
  },
  {
    "Id": 2,
    "Icon": "/Game/Aki/UI/UIResources/UiActivity/Image/ChasingMoon/IconEntrust/T_IconEntrust_05.T_IconEntrust_05"
  },
  {
    "Id": 3,
    "Icon": "/Game/Aki/UI/UIResources/UiActivity/Image/ChasingMoon/IconEntrust/T_IconEntrust_05.T_IconEntrust_05"
  },
  {
    "Id": 4,
    "Icon": "/Game/Aki/UI/UIResources/UiActivity/Image/ChasingMoon/IconEntrust/T_IconEntrust_02.T_IconEntrust_02"
  },
  {
    "Id": 5,
    "Icon": "/Game/Aki/UI/UIResources/UiActivity/Image/ChasingMoon/IconEntrust/T_IconEntrust_02.T_IconEntrust_02"
  },
  {
    "Id": 6,
    "Icon": "/Game/Aki/UI/UIResources/UiActivity/Image/ChasingMoon/IconEntrust/T_IconEntrust_02.T_IconEntrust_02"
  },
  {
    "Id": 7,
    "Icon": "/Game/Aki/UI/UIResources/UiActivity/Image/ChasingMoon/IconEntrust/T_IconEntrust_06.T_IconEntrust_06"
  },
  {
    "Id": 8,
    "Icon": "/Game/Aki/UI/UIResources/UiActivity/Image/ChasingMoon/IconEntrust/T_IconEntrust_06.T_IconEntrust_06"
  },
  {
    "Id": 9,
    "Icon": "/Game/Aki/UI/UIResources/UiActivity/Image/ChasingMoon/IconEntrust/T_IconEntrust_06.T_IconEntrust_06"
  },
  {
    "Id": 10,
    "Icon": "/Game/Aki/UI/UIResources/UiActivity/Image/ChasingMoon/IconEntrust/T_IconEntrust_03.T_IconEntrust_03"
  },
  {
    "Id": 11,
    "Icon": "/Game/Aki/UI/UIResources/UiActivity/Image/ChasingMoon/IconEntrust/T_IconEntrust_03.T_IconEntrust_03"
  },
  {
    "Id": 12,
    "Icon": "/Game/Aki/UI/UIResources/UiActivity/Image/ChasingMoon/IconEntrust/T_IconEntrust_03.T_IconEntrust_03"
  },
  {
    "Id": 13,
    "Icon": "/Game/Aki/UI/UIResources/UiActivity/Image/ChasingMoon/IconEntrust/T_IconEntrust_01.T_IconEntrust_01"
  },
  {
    "Id": 14,
    "Icon": "/Game/Aki/UI/UIResources/UiActivity/Image/ChasingMoon/IconEntrust/T_IconEntrust_01.T_IconEntrust_01"
  },
  {
    "Id": 15,
    "Icon": "/Game/Aki/UI/UIResources/UiActivity/Image/ChasingMoon/IconEntrust/T_IconEntrust_01.T_IconEntrust_01"
  },
  {
    "Id": 16,
    "Icon": "/Game/Aki/UI/UIResources/UiActivity/Image/ChasingMoon/IconEntrust/T_IconEntrust_04.T_IconEntrust_04"
  },
  {
    "Id": 17,
    "Icon": "/Game/Aki/UI/UIResources/UiActivity/Image/ChasingMoon/IconEntrust/T_IconEntrust_04.T_IconEntrust_04"
  },
  {
    "Id": 18,
    "Icon": "/Game/Aki/UI/UIResources/UiActivity/Image/ChasingMoon/IconEntrust/T_IconEntrust_04.T_IconEntrust_04"
  }
]