[
  {
    "Id": 1,
    "Icon": "/Game/Aki/UI/UIResources/Common/Image/PixRoleQ/T_PixRoleQNanzhu.T_PixRoleQNanzhu",
    "HeadIcon": "/Game/Aki/UI/UIResources/Common/Image/PixRoleQ/T_PixRoleQNanzhu960.T_PixRoleQNanzhu960",
    "SmallHeadIcon": "/Game/Aki/UI/UIResources/Common/Image/IconRoleHeadQ/T_IconRoleHeadQChangli.T_IconRoleHeadQChangli",
    "Name": "RoleInfo_1501_Name",
    "UnLockCondition": 0,
    "JumpType": 0,
    "JumpParam": 0,
    "ExPropertyCurve": 1,
    "Type": 1,
    "MapSortId": 11,
    "FailDialog": "Moonfiesta_FailDialog1",
    "SuccessDialog": "Moonfiesta_SuccessDialog1",
    "InvestDialog": "Moonfiesta_InvestDialog1",
    "InvestSuccessDialog": "Moonfiesta_SuccessDialog1",
    "InvestFailDialog": "Moonfiesta_FailDialog1",
    "JoinDialog": "",
    "BuildSuccessDialog": "",
    "SpineAtlas": "/Game/Aki/UI/UIResources/Common/Spine/Nanzhu/a_nanzhu_0.a_nanzhu_0-atlas",
    "SpineSkeletonData": "/Game/Aki/UI/UIResources/Common/Spine/Nanzhu/a_nanzhu_0.a_nanzhu_1-data",
    "SmallSpineAtlas": "/Game/Aki/UI/UIResources/Common/Spine/NanzhuS/a_nanzhu_0s.a_nanzhu_0s-atlas",
    "SmallSpineSkeletonData": "/Game/Aki/UI/UIResources/Common/Spine/NanzhuS/a_nanzhu_0s.a_nanzhu_0s_0-data",
    "Portrait": "/Game/Aki/UI/UIResources/Common/Image/PixRoleQ/T_PixRoleQNanzhu.T_PixRoleQNanzhu"
  },
  {
    "Id": 2,
    "Icon": "/Game/Aki/UI/UIResources/Common/Image/PixRoleQ/T_PixRoleQNvzhu.T_PixRoleQNvzhu",
    "HeadIcon": "/Game/Aki/UI/UIResources/Common/Image/PixRoleQ/T_PixRoleQNvzhu960.T_PixRoleQNvzhu960",
    "SmallHeadIcon": "/Game/Aki/UI/UIResources/Common/Image/IconRoleHeadQ/T_IconRoleHeadQChangli.T_IconRoleHeadQChangli",
    "Name": "RoleInfo_1502_Name",
    "UnLockCondition": 0,
    "JumpType": 0,
    "JumpParam": 0,
    "ExPropertyCurve": 1,
    "Type": 2,
    "MapSortId": 11,
    "FailDialog": "Moonfiesta_FailDialog1",
    "SuccessDialog": "Moonfiesta_SuccessDialog1",
    "InvestDialog": "Moonfiesta_InvestDialog1",
    "InvestSuccessDialog": "Moonfiesta_SuccessDialog1",
    "InvestFailDialog": "Moonfiesta_FailDialog1",
    "JoinDialog": "",
    "BuildSuccessDialog": "",
    "SpineAtlas": "/Game/Aki/UI/UIResources/Common/Spine/Nvzhu/a_nvzhu_0.a_nvzhu_0-atlas",
    "SpineSkeletonData": "/Game/Aki/UI/UIResources/Common/Spine/Nvzhu/a_nvzhu_0.a_nvzhu_1-data",
    "SmallSpineAtlas": "/Game/Aki/UI/UIResources/Common/Spine/NvzhuS/a_nvzhu_0s.a_nvzhu_0s-atlas",
    "SmallSpineSkeletonData": "/Game/Aki/UI/UIResources/Common/Spine/NvzhuS/a_nvzhu_0s.a_nvzhu_0s_0-data",
    "Portrait": "/Game/Aki/UI/UIResources/Common/Image/PixRoleQ/T_PixRoleQNvzhu.T_PixRoleQNvzhu"
  },
  {
    "Id": 3,
    "Icon": "/Game/Aki/UI/UIResources/Common/Image/PixRoleQ/T_PixRoleQYangyang.T_PixRoleQYangyang",
    "HeadIcon": "/Game/Aki/UI/UIResources/Common/Image/PixRoleQ/T_PixRoleQYangyang960.T_PixRoleQYangyang960",
    "SmallHeadIcon": "/Game/Aki/UI/UIResources/Common/Image/IconRoleHeadQ/T_IconRoleHeadQYangyang.T_IconRoleHeadQYangyang",
    "Name": "RoleInfo_1402_Name",
    "UnLockCondition": 12100015,
    "JumpType": 2,
    "JumpParam": 4,
    "ExPropertyCurve": 1,
    "Type": 0,
    "MapSortId": 3,
    "FailDialog": "Moonfiesta_FailDialog11",
    "SuccessDialog": "Moonfiesta_SuccessDialog11",
    "InvestDialog": "Moonfiesta_InvestDialog11",
    "InvestSuccessDialog": "Moonfiesta_SuccessDialog11",
    "InvestFailDialog": "Moonfiesta_FailDialog11",
    "JoinDialog": "Moonfiesta_NewPartner11",
    "BuildSuccessDialog": "Moonfiesta_ShopBuild11",
    "SpineAtlas": "/Game/Aki/UI/UIResources/Common/Spine/Yangyang/a_yangyang_0.a_yangyang_0-atlas",
    "SpineSkeletonData": "/Game/Aki/UI/UIResources/Common/Spine/Yangyang/a_yangyang_0.a_yangyang_1-data",
    "SmallSpineAtlas": "/Game/Aki/UI/UIResources/Common/Spine/YangyangS/a_yangyang_0s.a_yangyang_0s-atlas",
    "SmallSpineSkeletonData": "/Game/Aki/UI/UIResources/Common/Spine/YangyangS/a_yangyang_0s.a_yangyang_0s_0-data",
    "Portrait": "/Game/Aki/UI/UIResources/Common/Image/PixRoleQ/T_PixRoleQYangyang.T_PixRoleQYangyang"
  },
  {
    "Id": 4,
    "Icon": "/Game/Aki/UI/UIResources/Common/Image/PixRoleQ/T_PixRoleQChixia.T_PixRoleQChixia",
    "HeadIcon": "/Game/Aki/UI/UIResources/Common/Image/PixRoleQ/T_PixRoleQChixia960.T_PixRoleQChixia960",
    "SmallHeadIcon": "/Game/Aki/UI/UIResources/Common/Image/IconRoleHeadQ/T_IconRoleHeadQChixia.T_IconRoleHeadQChixia",
    "Name": "RoleInfo_1202_Name",
    "UnLockCondition": 12100012,
    "JumpType": 2,
    "JumpParam": 1,
    "ExPropertyCurve": 2,
    "Type": 0,
    "MapSortId": 8,
    "FailDialog": "Moonfiesta_FailDialog12",
    "SuccessDialog": "Moonfiesta_SuccessDialog12",
    "InvestDialog": "Moonfiesta_InvestDialog12",
    "InvestSuccessDialog": "Moonfiesta_SuccessDialog12",
    "InvestFailDialog": "Moonfiesta_FailDialog12",
    "JoinDialog": "Moonfiesta_NewPartner12",
    "BuildSuccessDialog": "Moonfiesta_ShopBuild12",
    "SpineAtlas": "/Game/Aki/UI/UIResources/Common/Spine/Chixia/a_chixia_0.a_chixia_0-atlas",
    "SpineSkeletonData": "/Game/Aki/UI/UIResources/Common/Spine/Chixia/a_chixia_0.a_chixia_1-data",
    "SmallSpineAtlas": "/Game/Aki/UI/UIResources/Common/Spine/ChixiaS/a_chixia_0s.a_chixia_0s-atlas",
    "SmallSpineSkeletonData": "/Game/Aki/UI/UIResources/Common/Spine/ChixiaS/a_chixia_0s.a_chixia_0s_0-data",
    "Portrait": "/Game/Aki/UI/UIResources/Common/Image/PixRoleQ/T_PixRoleQChixia.T_PixRoleQChixia"
  },
  {
    "Id": 5,
    "Icon": "/Game/Aki/UI/UIResources/Common/Image/PixRoleQ/T_PixRoleQXiangliyao.T_PixRoleQXiangliyao",
    "HeadIcon": "/Game/Aki/UI/UIResources/Common/Image/PixRoleQ/T_PixRoleQXiangliyao960.T_PixRoleQXiangliyao960",
    "SmallHeadIcon": "/Game/Aki/UI/UIResources/Common/Image/IconRoleHeadQ/T_IconRoleHeadQXiangliyao.T_IconRoleHeadQXiangliyao",
    "Name": "RoleInfo_1305_Name",
    "UnLockCondition": 12100026,
    "JumpType": 1,
    "JumpParam": 4,
    "ExPropertyCurve": 3,
    "Type": 0,
    "MapSortId": 12,
    "FailDialog": "Moonfiesta_FailDialog2",
    "SuccessDialog": "Moonfiesta_SuccessDialog2",
    "InvestDialog": "Moonfiesta_InvestDialog2",
    "InvestSuccessDialog": "Moonfiesta_SuccessDialog2",
    "InvestFailDialog": "Moonfiesta_FailDialog2",
    "JoinDialog": "Moonfiesta_NewPartner2",
    "BuildSuccessDialog": "",
    "SpineAtlas": "/Game/Aki/UI/UIResources/Common/Spine/Xiangliyao/a_xiangliyao_0.a_xiangliyao_0-atlas",
    "SpineSkeletonData": "/Game/Aki/UI/UIResources/Common/Spine/Xiangliyao/a_xiangliyao_0.a_xiangliyao_1-data",
    "SmallSpineAtlas": "/Game/Aki/UI/UIResources/Common/Spine/XiangliyaoS/a_xiangliyao_0s.a_xiangliyao_0s-atlas",
    "SmallSpineSkeletonData": "/Game/Aki/UI/UIResources/Common/Spine/XiangliyaoS/a_xiangliyao_0s.a_xiangliyao_0s_0-data",
    "Portrait": "/Game/Aki/UI/UIResources/Common/Image/PixRoleQ/T_PixRoleQXiangliyao.T_PixRoleQXiangliyao"
  },
  {
    "Id": 6,
    "Icon": "/Game/Aki/UI/UIResources/Common/Image/PixRoleQ/T_PixRoleQJianxin.T_PixRoleQJianxin",
    "HeadIcon": "/Game/Aki/UI/UIResources/Common/Image/PixRoleQ/T_PixRoleQJianxin960.T_PixRoleQJianxin960",
    "SmallHeadIcon": "/Game/Aki/UI/UIResources/Common/Image/IconRoleHeadQ/T_IconRoleHeadQJianxin.T_IconRoleHeadQJianxin",
    "Name": "RoleInfo_1405_Name",
    "UnLockCondition": 12100017,
    "JumpType": 2,
    "JumpParam": 6,
    "ExPropertyCurve": 1,
    "Type": 0,
    "MapSortId": 2,
    "FailDialog": "Moonfiesta_FailDialog3",
    "SuccessDialog": "Moonfiesta_SuccessDialog3",
    "InvestDialog": "Moonfiesta_InvestDialog3",
    "InvestSuccessDialog": "Moonfiesta_SuccessDialog3",
    "InvestFailDialog": "Moonfiesta_FailDialog3",
    "JoinDialog": "Moonfiesta_NewPartner3",
    "BuildSuccessDialog": "Moonfiesta_ShopBuild3",
    "SpineAtlas": "/Game/Aki/UI/UIResources/Common/Spine/Jianxin/a_jianxin_0.a_jianxin_0-atlas",
    "SpineSkeletonData": "/Game/Aki/UI/UIResources/Common/Spine/Jianxin/a_jianxin_0.a_jianxin_1-data",
    "SmallSpineAtlas": "/Game/Aki/UI/UIResources/Common/Spine/JianxinS/a_jianxin_0s.a_jianxin_0s-atlas",
    "SmallSpineSkeletonData": "/Game/Aki/UI/UIResources/Common/Spine/JianxinS/a_jianxin_0s.a_jianxin_0s_0-data",
    "Portrait": "/Game/Aki/UI/UIResources/Common/Image/PixRoleQ/T_PixRoleQJianxin.T_PixRoleQJianxin"
  },
  {
    "Id": 7,
    "Icon": "/Game/Aki/UI/UIResources/Common/Image/PixRoleQ/T_PixRoleQLingyang.T_PixRoleQLingyang",
    "HeadIcon": "/Game/Aki/UI/UIResources/Common/Image/PixRoleQ/T_PixRoleQLingyang960.T_PixRoleQLingyang960",
    "SmallHeadIcon": "/Game/Aki/UI/UIResources/Common/Image/IconRoleHeadQ/T_IconRoleHeadQLingyang.T_IconRoleHeadQLingyang",
    "Name": "RoleInfo_1104_Name",
    "UnLockCondition": 12100016,
    "JumpType": 2,
    "JumpParam": 5,
    "ExPropertyCurve": 3,
    "Type": 0,
    "MapSortId": 1,
    "FailDialog": "Moonfiesta_FailDialog4",
    "SuccessDialog": "Moonfiesta_SuccessDialog4",
    "InvestDialog": "Moonfiesta_InvestDialog4",
    "InvestSuccessDialog": "Moonfiesta_SuccessDialog4",
    "InvestFailDialog": "Moonfiesta_FailDialog4",
    "JoinDialog": "Moonfiesta_NewPartner4",
    "BuildSuccessDialog": "Moonfiesta_ShopBuild4",
    "SpineAtlas": "/Game/Aki/UI/UIResources/Common/Spine/Lingyang/a_lingyang_0.a_lingyang_0-atlas",
    "SpineSkeletonData": "/Game/Aki/UI/UIResources/Common/Spine/Lingyang/a_lingyang_0.a_lingyang_1-data",
    "SmallSpineAtlas": "/Game/Aki/UI/UIResources/Common/Spine/LingyangS/a_lingyang_0s.a_lingyang_0s-atlas",
    "SmallSpineSkeletonData": "/Game/Aki/UI/UIResources/Common/Spine/LingyangS/a_lingyang_0s.a_lingyang_0s_0-data",
    "Portrait": "/Game/Aki/UI/UIResources/Common/Image/PixRoleQ/T_PixRoleQLingyang.T_PixRoleQLingyang"
  },
  {
    "Id": 8,
    "Icon": "/Game/Aki/UI/UIResources/Common/Image/PixRoleQ/T_PixRoleQSanhua.T_PixRoleQSanhua",
    "HeadIcon": "/Game/Aki/UI/UIResources/Common/Image/PixRoleQ/T_PixRoleQSanhua960.T_PixRoleQSanhua960",
    "SmallHeadIcon": "/Game/Aki/UI/UIResources/Common/Image/IconRoleHeadQ/T_IconRoleHeadQSanhua.T_IconRoleHeadQSanhua",
    "Name": "RoleInfo_1102_Name",
    "UnLockCondition": 12100018,
    "JumpType": 2,
    "JumpParam": 7,
    "ExPropertyCurve": 3,
    "Type": 0,
    "MapSortId": 6,
    "FailDialog": "Moonfiesta_FailDialog5",
    "SuccessDialog": "Moonfiesta_SuccessDialog5",
    "InvestDialog": "Moonfiesta_InvestDialog5",
    "InvestSuccessDialog": "Moonfiesta_SuccessDialog5",
    "InvestFailDialog": "Moonfiesta_FailDialog5",
    "JoinDialog": "Moonfiesta_NewPartner5",
    "BuildSuccessDialog": "Moonfiesta_ShopBuild5",
    "SpineAtlas": "/Game/Aki/UI/UIResources/Common/Spine/Sanhua/a_sanhua_0.a_sanhua_0-atlas",
    "SpineSkeletonData": "/Game/Aki/UI/UIResources/Common/Spine/Sanhua/a_sanhua_0.a_sanhua_1-data",
    "SmallSpineAtlas": "/Game/Aki/UI/UIResources/Common/Spine/SanhuaS/a_sanhua_0s.a_sanhua_0s-atlas",
    "SmallSpineSkeletonData": "/Game/Aki/UI/UIResources/Common/Spine/SanhuaS/a_sanhua_0s.a_sanhua_0s_0-data",
    "Portrait": "/Game/Aki/UI/UIResources/Common/Image/PixRoleQ/T_PixRoleQSanhua.T_PixRoleQSanhua"
  },
  {
    "Id": 9,
    "Icon": "/Game/Aki/UI/UIResources/Common/Image/PixRoleQ/T_PixRoleQAnke.T_PixRoleQAnke",
    "HeadIcon": "/Game/Aki/UI/UIResources/Common/Image/PixRoleQ/T_PixRoleQAnke960.T_PixRoleQAnke960",
    "SmallHeadIcon": "/Game/Aki/UI/UIResources/Common/Image/IconRoleHeadQ/T_IconRoleHeadQAnke.T_IconRoleHeadQAnke",
    "Name": "RoleInfo_1203_Name",
    "UnLockCondition": 12100013,
    "JumpType": 2,
    "JumpParam": 2,
    "ExPropertyCurve": 2,
    "Type": 0,
    "MapSortId": 9,
    "FailDialog": "Moonfiesta_FailDialog6",
    "SuccessDialog": "Moonfiesta_SuccessDialog6",
    "InvestDialog": "Moonfiesta_InvestDialog6",
    "InvestSuccessDialog": "Moonfiesta_SuccessDialog6",
    "InvestFailDialog": "Moonfiesta_FailDialog6",
    "JoinDialog": "Moonfiesta_NewPartner6",
    "BuildSuccessDialog": "Moonfiesta_ShopBuild6",
    "SpineAtlas": "/Game/Aki/UI/UIResources/Common/Spine/Anke/a_anke_0.a_anke_0-atlas",
    "SpineSkeletonData": "/Game/Aki/UI/UIResources/Common/Spine/Anke/a_anke_0.a_anke_1-data",
    "SmallSpineAtlas": "/Game/Aki/UI/UIResources/Common/Spine/AnkeS/a_anke_0s.a_anke_0s-atlas",
    "SmallSpineSkeletonData": "/Game/Aki/UI/UIResources/Common/Spine/AnkeS/a_anke_0s.a_anke_0s_0-data",
    "Portrait": "/Game/Aki/UI/UIResources/Common/Image/PixRoleQ/T_PixRoleQAnke.T_PixRoleQAnke"
  },
  {
    "Id": 10,
    "Icon": "/Game/Aki/UI/UIResources/Common/Image/PixRoleQ/T_PixRoleQJiyan.T_PixRoleQJiyan",
    "HeadIcon": "/Game/Aki/UI/UIResources/Common/Image/PixRoleQ/T_PixRoleQJiyan960.T_PixRoleQJiyan960",
    "SmallHeadIcon": "/Game/Aki/UI/UIResources/Common/Image/IconRoleHeadQ/T_IconRoleHeadQJiyan.T_IconRoleHeadQJiyan",
    "Name": "RoleInfo_1404_Name",
    "UnLockCondition": 12100019,
    "JumpType": 2,
    "JumpParam": 8,
    "ExPropertyCurve": 3,
    "Type": 0,
    "MapSortId": 10,
    "FailDialog": "Moonfiesta_FailDialog7",
    "SuccessDialog": "Moonfiesta_SuccessDialog7",
    "InvestDialog": "Moonfiesta_InvestDialog7",
    "InvestSuccessDialog": "Moonfiesta_SuccessDialog7",
    "InvestFailDialog": "Moonfiesta_FailDialog7",
    "JoinDialog": "Moonfiesta_NewPartner7",
    "BuildSuccessDialog": "Moonfiesta_ShopBuild7",
    "SpineAtlas": "/Game/Aki/UI/UIResources/Common/Spine/Jiyan/a_jiyan_0.a_jiyan_0-atlas",
    "SpineSkeletonData": "/Game/Aki/UI/UIResources/Common/Spine/Jiyan/a_jiyan_0.a_jiyan_1-data",
    "SmallSpineAtlas": "/Game/Aki/UI/UIResources/Common/Spine/JiyanS/a_jiyan_0s.a_jiyan_0s-atlas",
    "SmallSpineSkeletonData": "/Game/Aki/UI/UIResources/Common/Spine/JiyanS/a_jiyan_0s.a_jiyan_0s_0-data",
    "Portrait": "/Game/Aki/UI/UIResources/Common/Image/PixRoleQ/T_PixRoleQJiyan.T_PixRoleQJiyan"
  },
  {
    "Id": 11,
    "Icon": "/Game/Aki/UI/UIResources/Common/Image/PixRoleQ/T_PixRoleQYinlin.T_PixRoleQYinlin",
    "HeadIcon": "/Game/Aki/UI/UIResources/Common/Image/PixRoleQ/T_PixRoleQYinlin960.T_PixRoleQYinlin960",
    "SmallHeadIcon": "/Game/Aki/UI/UIResources/Common/Image/IconRoleHeadQ/T_IconRoleHeadQYinlin.T_IconRoleHeadQYinlin",
    "Name": "RoleInfo_1302_Name",
    "UnLockCondition": 12100020,
    "JumpType": 2,
    "JumpParam": 9,
    "ExPropertyCurve": 2,
    "Type": 0,
    "MapSortId": 5,
    "FailDialog": "Moonfiesta_FailDialog8",
    "SuccessDialog": "Moonfiesta_SuccessDialog8",
    "InvestDialog": "Moonfiesta_InvestDialog8",
    "InvestSuccessDialog": "Moonfiesta_SuccessDialog8",
    "InvestFailDialog": "Moonfiesta_FailDialog8",
    "JoinDialog": "Moonfiesta_NewPartner8",
    "BuildSuccessDialog": "Moonfiesta_ShopBuild8",
    "SpineAtlas": "/Game/Aki/UI/UIResources/Common/Spine/Yinlin/a_yinlin_0.a_yinlin_0-atlas",
    "SpineSkeletonData": "/Game/Aki/UI/UIResources/Common/Spine/Yinlin/a_yinlin_0.a_yinlin_1-data",
    "SmallSpineAtlas": "/Game/Aki/UI/UIResources/Common/Spine/YinlinS/a_yinlin_0s.a_yinlin_0s-atlas",
    "SmallSpineSkeletonData": "/Game/Aki/UI/UIResources/Common/Spine/YinlinS/a_yinlin_0s.a_yinlin_0s_0-data",
    "Portrait": "/Game/Aki/UI/UIResources/Common/Image/PixRoleQ/T_PixRoleQYinlin.T_PixRoleQYinlin"
  },
  {
    "Id": 12,
    "Icon": "/Game/Aki/UI/UIResources/Common/Image/PixRoleQ/T_PixRoleQChangli.T_PixRoleQChangli",
    "HeadIcon": "/Game/Aki/UI/UIResources/Common/Image/PixRoleQ/T_PixRoleQChangli960.T_PixRoleQChangli960",
    "SmallHeadIcon": "/Game/Aki/UI/UIResources/Common/Image/IconRoleHeadQ/T_IconRoleHeadQChangli.T_IconRoleHeadQChangli",
    "Name": "RoleInfo_1205_Name",
    "UnLockCondition": 12100014,
    "JumpType": 2,
    "JumpParam": 3,
    "ExPropertyCurve": 1,
    "Type": 0,
    "MapSortId": 7,
    "FailDialog": "Moonfiesta_FailDialog9",
    "SuccessDialog": "Moonfiesta_SuccessDialog9",
    "InvestDialog": "Moonfiesta_InvestDialog9",
    "InvestSuccessDialog": "Moonfiesta_SuccessDialog9",
    "InvestFailDialog": "Moonfiesta_FailDialog9",
    "JoinDialog": "Moonfiesta_NewPartner9",
    "BuildSuccessDialog": "Moonfiesta_ShopBuild9",
    "SpineAtlas": "/Game/Aki/UI/UIResources/Common/Spine/Changli/a_changli_0.a_changli_0-atlas",
    "SpineSkeletonData": "/Game/Aki/UI/UIResources/Common/Spine/Changli/a_changli_0.a_changli_1-data",
    "SmallSpineAtlas": "/Game/Aki/UI/UIResources/Common/Spine/ChangliS/a_changli_0s.a_changli_0s-atlas",
    "SmallSpineSkeletonData": "/Game/Aki/UI/UIResources/Common/Spine/ChangliS/a_changli_0s.a_changli_0s_0-data",
    "Portrait": "/Game/Aki/UI/UIResources/Common/Image/PixRoleQ/T_PixRoleQChangli.T_PixRoleQChangli"
  },
  {
    "Id": 13,
    "Icon": "/Game/Aki/UI/UIResources/Common/Image/PixRoleQ/T_PixRoleQZhezhi.T_PixRoleQZhezhi",
    "HeadIcon": "/Game/Aki/UI/UIResources/Common/Image/PixRoleQ/T_PixRoleQZhezhi960.T_PixRoleQZhezhi960",
    "SmallHeadIcon": "/Game/Aki/UI/UIResources/Common/Image/IconRoleHeadQ/T_IconRoleHeadQZhezhi.T_IconRoleHeadQZhezhi",
    "Name": "RoleInfo_1105_Name",
    "UnLockCondition": 12100021,
    "JumpType": 2,
    "JumpParam": 10,
    "ExPropertyCurve": 1,
    "Type": 0,
    "MapSortId": 4,
    "FailDialog": "Moonfiesta_FailDialog10",
    "SuccessDialog": "Moonfiesta_SuccessDialog10",
    "InvestDialog": "Moonfiesta_InvestDialog10",
    "InvestSuccessDialog": "Moonfiesta_SuccessDialog10",
    "InvestFailDialog": "Moonfiesta_FailDialog10",
    "JoinDialog": "Moonfiesta_NewPartner10",
    "BuildSuccessDialog": "Moonfiesta_ShopBuild10",
    "SpineAtlas": "/Game/Aki/UI/UIResources/Common/Spine/Zhezhi/a_zhezhi_0.a_zhezhi_0-atlas",
    "SpineSkeletonData": "/Game/Aki/UI/UIResources/Common/Spine/Zhezhi/a_zhezhi_0.a_zhezhi_1-data",
    "SmallSpineAtlas": "/Game/Aki/UI/UIResources/Common/Spine/ZhezhiS/a_zhezhi_0s.a_zhezhi_0s-atlas",
    "SmallSpineSkeletonData": "/Game/Aki/UI/UIResources/Common/Spine/ZhezhiS/a_zhezhi_0s.a_zhezhi_0s_0-data",
    "Portrait": "/Game/Aki/UI/UIResources/Common/Image/PixRoleQ/T_PixRoleQZhezhi.T_PixRoleQZhezhi"
  },
  {
    "Id": 14,
    "Icon": "/Game/Aki/UI/UIResources/Common/Image/PixRoleQ/T_PixRoleQJinxi.T_PixRoleQJinxi",
    "HeadIcon": "/Game/Aki/UI/UIResources/Common/Image/PixRoleQ/T_PixRoleQJinxi960.T_PixRoleQJinxi960",
    "SmallHeadIcon": "/Game/Aki/UI/UIResources/Common/Image/IconRoleHeadQ/T_IconRoleHeadQJinxi.T_IconRoleHeadQJinxi",
    "Name": "RoleInfo_1304_Name",
    "UnLockCondition": 12100022,
    "JumpType": 2,
    "JumpParam": 11,
    "ExPropertyCurve": 2,
    "Type": 0,
    "MapSortId": 13,
    "FailDialog": "Moonfiesta_FailDialog13",
    "SuccessDialog": "Moonfiesta_SuccessDialog13",
    "InvestDialog": "Moonfiesta_InvestDialog13",
    "InvestSuccessDialog": "Moonfiesta_SuccessDialog13",
    "InvestFailDialog": "Moonfiesta_FailDialog13",
    "JoinDialog": "Moonfiesta_NewPartner13",
    "BuildSuccessDialog": "Moonfiesta_ShopBuild13",
    "SpineAtlas": "/Game/Aki/UI/UIResources/Common/Spine/Jinxi/a_jinxi_0.a_jinxi_0-atlas",
    "SpineSkeletonData": "/Game/Aki/UI/UIResources/Common/Spine/Jinxi/a_jinxi_0.a_jinxi_1-data",
    "SmallSpineAtlas": "/Game/Aki/UI/UIResources/Common/Spine/JinxiS/a_jinxi_0s.a_jinxi_0s-atlas",
    "SmallSpineSkeletonData": "/Game/Aki/UI/UIResources/Common/Spine/JinxiS/a_jinxi_0s.a_jinxi_0s_0-data",
    "Portrait": "/Game/Aki/UI/UIResources/Common/Image/PixRoleQ/T_PixRoleQJinxi.T_PixRoleQJinxi"
  }
]