[
  {
    "Id": 1,
    "Content": "Moonfiesta_Evaluate_1_Content",
    "Color": "#D4D4D4",
    "SpriteColor": "#d4b569",
    "Icon": "/Game/Aki/UI/UIResources/UiActivity/Image/ChasingMoon/ChasingMoonEntrustMain/T_EntrustGradeF.T_EntrustGradeF"
  },
  {
    "Id": 2,
    "Content": "Moonfiesta_Evaluate_2_Content",
    "Color": "#D4D4D4",
    "SpriteColor": "#d4b569",
    "Icon": "/Game/Aki/UI/UIResources/UiActivity/Image/ChasingMoon/ChasingMoonEntrustMain/T_EntrustGradeE.T_EntrustGradeE"
  },
  {
    "Id": 3,
    "Content": "Moonfiesta_Evaluate_3_Content",
    "Color": "#58749A",
    "SpriteColor": "#b683b2",
    "Icon": "/Game/Aki/UI/UIResources/UiActivity/Image/ChasingMoon/ChasingMoonEntrustMain/T_EntrustGradeD.T_EntrustGradeD"
  },
  {
    "Id": 4,
    "Content": "Moonfiesta_Evaluate_4_Content",
    "Color": "#58749A",
    "SpriteColor": "#b683b2",
    "Icon": "/Game/Aki/UI/UIResources/UiActivity/Image/ChasingMoon/ChasingMoonEntrustMain/T_EntrustGradeC.T_EntrustGradeC"
  },
  {
    "Id": 5,
    "Content": "Moonfiesta_Evaluate_5_Content",
    "Color": "#7B618B",
    "SpriteColor": "#59749a",
    "Icon": "/Game/Aki/UI/UIResources/UiActivity/Image/ChasingMoon/ChasingMoonEntrustMain/T_EntrustGradeB.T_EntrustGradeB"
  },
  {
    "Id": 6,
    "Content": "Moonfiesta_Evaluate_6_Content",
    "Color": "#7B618B",
    "SpriteColor": "#59749a",
    "Icon": "/Game/Aki/UI/UIResources/UiActivity/Image/ChasingMoon/ChasingMoonEntrustMain/T_EntrustGradeA.T_EntrustGradeA"
  },
  {
    "Id": 7,
    "Content": "Moonfiesta_Evaluate_7_Content",
    "Color": "#B78A11",
    "SpriteColor": "#959595",
    "Icon": "/Game/Aki/UI/UIResources/UiActivity/Image/ChasingMoon/ChasingMoonEntrustMain/T_EntrustGradeS.T_EntrustGradeS"
  },
  {
    "Id": 8,
    "Content": "Moonfiesta_Evaluate_8_Content",
    "Color": "#B78A11",
    "SpriteColor": "#959595",
    "Icon": "/Game/Aki/UI/UIResources/UiActivity/Image/ChasingMoon/ChasingMoonEntrustMain/T_EntrustGradeSS.T_EntrustGradeSS"
  }
]