[
  {
    "Id": 1,
    "TaskId": 880000015,
    "PrevTaskId": 0,
    "Icon": "",
    "UnlockTip": "",
    "TaskName": "Moonfiesta_MainQuestName1",
    "TaskType": 0
  },
  {
    "Id": 2,
    "TaskId": 880000017,
    "PrevTaskId": 880000015,
    "Icon": "",
    "UnlockTip": "Moonfiesta_MainQuestTip1",
    "TaskName": "Moonfiesta_MainQuestName2",
    "TaskType": 0
  },
  {
    "Id": 3,
    "TaskId": 880000021,
    "PrevTaskId": 880000017,
    "Icon": "",
    "UnlockTip": "Moonfiesta_MainQuestTip2",
    "TaskName": "Moonfiesta_MainQuestName3",
    "TaskType": 0
  },
  {
    "Id": 4,
    "TaskId": 880000025,
    "PrevTaskId": 880000021,
    "Icon": "",
    "UnlockTip": "Moonfiesta_MainQuestTip2",
    "TaskName": "Moonfiesta_MainQuestName4",
    "TaskType": 0
  },
  {
    "Id": 5,
    "TaskId": 880000032,
    "PrevTaskId": 880000025,
    "Icon": "",
    "UnlockTip": "Moonfiesta_MainQuestTip2",
    "TaskName": "Moonfiesta_MainQuestName5",
    "TaskType": 0
  },
  {
    "Id": 6,
    "TaskId": 880700004,
    "PrevTaskId": 880000032,
    "Icon": "",
    "UnlockTip": "Moonfiesta_MainQuestTip2",
    "TaskName": "Moonfiesta_MainQuestName8",
    "TaskType": 0
  },
  {
    "Id": 7,
    "TaskId": 880000019,
    "PrevTaskId": 880700004,
    "Icon": "",
    "UnlockTip": "Moonfiesta_MainQuestTip2",
    "TaskName": "Moonfiesta_MainQuestName7",
    "TaskType": 1
  },
  {
    "Id": 8,
    "TaskId": 880000018,
    "PrevTaskId": 880700004,
    "Icon": "",
    "UnlockTip": "Moonfiesta_MainQuestTip2",
    "TaskName": "Moonfiesta_MainQuestName6",
    "TaskType": 1
  }
]