[
  {
    "Id": 1,
    "Icon": "/Game/Aki/UI/UIResources/UiActivity/Image/ChasingMoon/T_ChasingMoonRoleItemIcon3.T_ChasingMoonRoleItemIcon3"
  },
  {
    "Id": 2,
    "Icon": "/Game/Aki/UI/UIResources/UiActivity/Image/ChasingMoon/T_ChasingMoonRoleItemIcon4.T_ChasingMoonRoleItemIcon4"
  },
  {
    "Id": 3,
    "Icon": "/Game/Aki/UI/UIResources/UiActivity/Image/ChasingMoon/T_ChasingMoonRoleItemIcon2.T_ChasingMoonRoleItemIcon2"
  },
  {
    "Id": 4,
    "Icon": "/Game/Aki/UI/UIResources/UiActivity/Image/ChasingMoon/T_ChasingMoonRoleItemIcon1.T_ChasingMoonRoleItemIcon1"
  }
]