[
  {
    "Id": 101,
    "TargetName": "ConditionGroup_12100023_HintText",
    "Type": 1,
    "TargetReward": 5050240,
    "TargetFunc": 820003
  },
  {
    "Id": 102,
    "TargetName": "ConditionGroup_12100024_HintText",
    "Type": 1,
    "TargetReward": 5050241,
    "TargetFunc": 820003
  },
  {
    "Id": 103,
    "TargetName": "ConditionGroup_12100025_HintText",
    "Type": 1,
    "TargetReward": 5050242,
    "TargetFunc": 820003
  },
  {
    "Id": 104,
    "TargetName": "ConditionGroup_12100026_HintText",
    "Type": 1,
    "TargetReward": 5050243,
    "TargetFunc": 820003
  },
  {
    "Id": 105,
    "TargetName": "ConditionGroup_12100027_HintText",
    "Type": 1,
    "TargetReward": 5050244,
    "TargetFunc": 820003
  },
  {
    "Id": 106,
    "TargetName": "ConditionGroup_12100033_HintText",
    "Type": 1,
    "TargetReward": 5050245,
    "TargetFunc": 820003
  },
  {
    "Id": 107,
    "TargetName": "ConditionGroup_12100034_HintText",
    "Type": 1,
    "TargetReward": 5050246,
    "TargetFunc": 820003
  },
  {
    "Id": 108,
    "TargetName": "ConditionGroup_12100028_HintText",
    "Type": 1,
    "TargetReward": 5050247,
    "TargetFunc": 820000
  },
  {
    "Id": 109,
    "TargetName": "ConditionGroup_12100029_HintText",
    "Type": 1,
    "TargetReward": 5050248,
    "TargetFunc": 820000
  },
  {
    "Id": 110,
    "TargetName": "ConditionGroup_12100030_HintText",
    "Type": 1,
    "TargetReward": 5050249,
    "TargetFunc": 820000
  },
  {
    "Id": 111,
    "TargetName": "ConditionGroup_12100031_HintText",
    "Type": 1,
    "TargetReward": 5050250,
    "TargetFunc": 820000
  },
  {
    "Id": 112,
    "TargetName": "ConditionGroup_12100032_HintText",
    "Type": 1,
    "TargetReward": 5050251,
    "TargetFunc": 820000
  },
  {
    "Id": 201,
    "TargetName": "ConditionGroup_12100107_HintText",
    "Type": 2,
    "TargetReward": 5050252,
    "TargetFunc": 820000
  },
  {
    "Id": 202,
    "TargetName": "ConditionGroup_12100108_HintText",
    "Type": 2,
    "TargetReward": 5050253,
    "TargetFunc": 820000
  },
  {
    "Id": 203,
    "TargetName": "ConditionGroup_12100109_HintText",
    "Type": 2,
    "TargetReward": 5050254,
    "TargetFunc": 820000
  },
  {
    "Id": 204,
    "TargetName": "ConditionGroup_12100110_HintText",
    "Type": 2,
    "TargetReward": 5050255,
    "TargetFunc": 820000
  },
  {
    "Id": 205,
    "TargetName": "ConditionGroup_12100111_HintText",
    "Type": 2,
    "TargetReward": 5050256,
    "TargetFunc": 820000
  },
  {
    "Id": 206,
    "TargetName": "ConditionGroup_12100101_HintText",
    "Type": 2,
    "TargetReward": 5050257,
    "TargetFunc": 820000
  },
  {
    "Id": 207,
    "TargetName": "ConditionGroup_12100102_HintText",
    "Type": 2,
    "TargetReward": 5050258,
    "TargetFunc": 820000
  },
  {
    "Id": 208,
    "TargetName": "ConditionGroup_12100103_HintText",
    "Type": 2,
    "TargetReward": 5050259,
    "TargetFunc": 820000
  },
  {
    "Id": 209,
    "TargetName": "ConditionGroup_12100104_HintText",
    "Type": 2,
    "TargetReward": 5050260,
    "TargetFunc": 820000
  },
  {
    "Id": 210,
    "TargetName": "ConditionGroup_12100105_HintText",
    "Type": 2,
    "TargetReward": 5050261,
    "TargetFunc": 820000
  },
  {
    "Id": 211,
    "TargetName": "ConditionGroup_12100106_HintText",
    "Type": 2,
    "TargetReward": 5050262,
    "TargetFunc": 820000
  },
  {
    "Id": 301,
    "TargetName": "ConditionGroup_12100301_HintText",
    "Type": 3,
    "TargetReward": 5050263,
    "TargetFunc": 820002
  },
  {
    "Id": 302,
    "TargetName": "ConditionGroup_12100302_HintText",
    "Type": 3,
    "TargetReward": 5050264,
    "TargetFunc": 820002
  },
  {
    "Id": 303,
    "TargetName": "ConditionGroup_12100303_HintText",
    "Type": 3,
    "TargetReward": 5050265,
    "TargetFunc": 820002
  },
  {
    "Id": 304,
    "TargetName": "ConditionGroup_12100304_HintText",
    "Type": 3,
    "TargetReward": 5050266,
    "TargetFunc": 820002
  },
  {
    "Id": 305,
    "TargetName": "ConditionGroup_12100305_HintText",
    "Type": 3,
    "TargetReward": 5050267,
    "TargetFunc": 820002
  },
  {
    "Id": 306,
    "TargetName": "ConditionGroup_12100311_HintText",
    "Type": 3,
    "TargetReward": 5050268,
    "TargetFunc": 820002
  },
  {
    "Id": 307,
    "TargetName": "ConditionGroup_12100312_HintText",
    "Type": 3,
    "TargetReward": 5050269,
    "TargetFunc": 820002
  },
  {
    "Id": 308,
    "TargetName": "ConditionGroup_12100313_HintText",
    "Type": 3,
    "TargetReward": 5050270,
    "TargetFunc": 820002
  },
  {
    "Id": 309,
    "TargetName": "ConditionGroup_12100314_HintText",
    "Type": 3,
    "TargetReward": 5050271,
    "TargetFunc": 820002
  },
  {
    "Id": 310,
    "TargetName": "ConditionGroup_12100315_HintText",
    "Type": 3,
    "TargetReward": 5050272,
    "TargetFunc": 820002
  },
  {
    "Id": 311,
    "TargetName": "ConditionGroup_12100316_HintText",
    "Type": 3,
    "TargetReward": 5050273,
    "TargetFunc": 820002
  },
  {
    "Id": 401,
    "TargetName": "ConditionGroup_12100201_HintText",
    "Type": 4,
    "TargetReward": 5050279,
    "TargetFunc": 820001
  },
  {
    "Id": 402,
    "TargetName": "ConditionGroup_12100202_HintText",
    "Type": 4,
    "TargetReward": 5050280,
    "TargetFunc": 820001
  },
  {
    "Id": 403,
    "TargetName": "ConditionGroup_12100203_HintText",
    "Type": 4,
    "TargetReward": 5050281,
    "TargetFunc": 820001
  },
  {
    "Id": 404,
    "TargetName": "ConditionGroup_12100204_HintText",
    "Type": 4,
    "TargetReward": 5050282,
    "TargetFunc": 820001
  },
  {
    "Id": 405,
    "TargetName": "ConditionGroup_12100205_HintText",
    "Type": 4,
    "TargetReward": 5050283,
    "TargetFunc": 820001
  },
  {
    "Id": 406,
    "TargetName": "ConditionGroup_12100206_HintText",
    "Type": 4,
    "TargetReward": 5050284,
    "TargetFunc": 820001
  },
  {
    "Id": 407,
    "TargetName": "ConditionGroup_12100207_HintText",
    "Type": 4,
    "TargetReward": 5050285,
    "TargetFunc": 820001
  },
  {
    "Id": 408,
    "TargetName": "ConditionGroup_12100208_HintText",
    "Type": 4,
    "TargetReward": 5050286,
    "TargetFunc": 820001
  },
  {
    "Id": 409,
    "TargetName": "ConditionGroup_12100209_HintText",
    "Type": 4,
    "TargetReward": 5050287,
    "TargetFunc": 820001
  },
  {
    "Id": 410,
    "TargetName": "ConditionGroup_12100210_HintText",
    "Type": 4,
    "TargetReward": 5050288,
    "TargetFunc": 820001
  },
  {
    "Id": 411,
    "TargetName": "ConditionGroup_12100211_HintText",
    "Type": 4,
    "TargetReward": 5050289,
    "TargetFunc": 820001
  },
  {
    "Id": 412,
    "TargetName": "ConditionGroup_12100212_HintText",
    "Type": 4,
    "TargetReward": 5050290,
    "TargetFunc": 820001
  },
  {
    "Id": 413,
    "TargetName": "ConditionGroup_12100213_HintText",
    "Type": 4,
    "TargetReward": 5050291,
    "TargetFunc": 820001
  },
  {
    "Id": 312,
    "TargetName": "ConditionGroup_12100306_HintText",
    "Type": 3,
    "TargetReward": 5050274,
    "TargetFunc": 820012
  },
  {
    "Id": 313,
    "TargetName": "ConditionGroup_12100307_HintText",
    "Type": 3,
    "TargetReward": 5050275,
    "TargetFunc": 820011
  },
  {
    "Id": 314,
    "TargetName": "ConditionGroup_12100308_HintText",
    "Type": 3,
    "TargetReward": 5050276,
    "TargetFunc": 820008
  },
  {
    "Id": 315,
    "TargetName": "ConditionGroup_12100309_HintText",
    "Type": 3,
    "TargetReward": 5050277,
    "TargetFunc": 820010
  },
  {
    "Id": 316,
    "TargetName": "ConditionGroup_12100310_HintText",
    "Type": 3,
    "TargetReward": 5050278,
    "TargetFunc": 820009
  },
  {
    "Id": 414,
    "TargetName": "ConditionGroup_12100501_HintText",
    "Type": 5,
    "TargetReward": 5050299,
    "TargetFunc": 0
  }
]