[
  {
    "Id": 1,
    "RoleId": 1,
    "TrainType": 1,
    "Dialog": "RoleInfo_1501_Name"
  },
  {
    "Id": 2,
    "RoleId": 1,
    "TrainType": 2,
    "Dialog": "RoleInfo_1501_Name"
  },
  {
    "Id": 3,
    "RoleId": 1,
    "TrainType": 3,
    "Dialog": "RoleInfo_1501_Name"
  },
  {
    "Id": 4,
    "RoleId": 1,
    "TrainType": 4,
    "Dialog": "RoleInfo_1501_Name"
  },
  {
    "Id": 5,
    "RoleId": 2,
    "TrainType": 1,
    "Dialog": "RoleInfo_1501_Name"
  },
  {
    "Id": 6,
    "RoleId": 2,
    "TrainType": 2,
    "Dialog": "RoleInfo_1501_Name"
  },
  {
    "Id": 7,
    "RoleId": 2,
    "TrainType": 3,
    "Dialog": "RoleInfo_1501_Name"
  },
  {
    "Id": 8,
    "RoleId": 2,
    "TrainType": 4,
    "Dialog": "RoleInfo_1501_Name"
  },
  {
    "Id": 9,
    "RoleId": 3,
    "TrainType": 1,
    "Dialog": "Moonfiesta_PartnerChat11"
  },
  {
    "Id": 10,
    "RoleId": 3,
    "TrainType": 2,
    "Dialog": "Moonfiesta_PartnerGift11"
  },
  {
    "Id": 11,
    "RoleId": 3,
    "TrainType": 3,
    "Dialog": "Moonfiesta_PartnerFiesta11"
  },
  {
    "Id": 12,
    "RoleId": 3,
    "TrainType": 4,
    "Dialog": "Moonfiesta_PartnerTravel11"
  },
  {
    "Id": 13,
    "RoleId": 4,
    "TrainType": 1,
    "Dialog": "Moonfiesta_PartnerChat12"
  },
  {
    "Id": 14,
    "RoleId": 4,
    "TrainType": 2,
    "Dialog": "Moonfiesta_PartnerGift12"
  },
  {
    "Id": 15,
    "RoleId": 4,
    "TrainType": 3,
    "Dialog": "Moonfiesta_PartnerFiesta12"
  },
  {
    "Id": 16,
    "RoleId": 4,
    "TrainType": 4,
    "Dialog": "Moonfiesta_PartnerTravel12"
  },
  {
    "Id": 17,
    "RoleId": 5,
    "TrainType": 1,
    "Dialog": "Moonfiesta_PartnerChat2"
  },
  {
    "Id": 18,
    "RoleId": 5,
    "TrainType": 2,
    "Dialog": "Moonfiesta_PartnerGift2"
  },
  {
    "Id": 19,
    "RoleId": 5,
    "TrainType": 3,
    "Dialog": "Moonfiesta_PartnerFiesta2"
  },
  {
    "Id": 20,
    "RoleId": 5,
    "TrainType": 4,
    "Dialog": "Moonfiesta_PartnerTravel2"
  },
  {
    "Id": 21,
    "RoleId": 6,
    "TrainType": 1,
    "Dialog": "Moonfiesta_PartnerChat3"
  },
  {
    "Id": 22,
    "RoleId": 6,
    "TrainType": 2,
    "Dialog": "Moonfiesta_PartnerGift3"
  },
  {
    "Id": 23,
    "RoleId": 6,
    "TrainType": 3,
    "Dialog": "Moonfiesta_PartnerFiesta3"
  },
  {
    "Id": 24,
    "RoleId": 6,
    "TrainType": 4,
    "Dialog": "Moonfiesta_PartnerTravel3"
  },
  {
    "Id": 25,
    "RoleId": 7,
    "TrainType": 1,
    "Dialog": "Moonfiesta_PartnerChat4"
  },
  {
    "Id": 26,
    "RoleId": 7,
    "TrainType": 2,
    "Dialog": "Moonfiesta_PartnerGift4"
  },
  {
    "Id": 27,
    "RoleId": 7,
    "TrainType": 3,
    "Dialog": "Moonfiesta_PartnerFiesta4"
  },
  {
    "Id": 28,
    "RoleId": 7,
    "TrainType": 4,
    "Dialog": "Moonfiesta_PartnerTravel4"
  },
  {
    "Id": 29,
    "RoleId": 8,
    "TrainType": 1,
    "Dialog": "Moonfiesta_PartnerChat5"
  },
  {
    "Id": 30,
    "RoleId": 8,
    "TrainType": 2,
    "Dialog": "Moonfiesta_PartnerGift5"
  },
  {
    "Id": 31,
    "RoleId": 8,
    "TrainType": 3,
    "Dialog": "Moonfiesta_PartnerFiesta5"
  },
  {
    "Id": 32,
    "RoleId": 8,
    "TrainType": 4,
    "Dialog": "Moonfiesta_PartnerTravel5"
  },
  {
    "Id": 33,
    "RoleId": 9,
    "TrainType": 1,
    "Dialog": "Moonfiesta_PartnerChat6"
  },
  {
    "Id": 34,
    "RoleId": 9,
    "TrainType": 2,
    "Dialog": "Moonfiesta_PartnerGift6"
  },
  {
    "Id": 35,
    "RoleId": 9,
    "TrainType": 3,
    "Dialog": "Moonfiesta_PartnerFiesta6"
  },
  {
    "Id": 36,
    "RoleId": 9,
    "TrainType": 4,
    "Dialog": "Moonfiesta_PartnerTravel6"
  },
  {
    "Id": 37,
    "RoleId": 10,
    "TrainType": 1,
    "Dialog": "Moonfiesta_PartnerChat7"
  },
  {
    "Id": 38,
    "RoleId": 10,
    "TrainType": 2,
    "Dialog": "Moonfiesta_PartnerGift7"
  },
  {
    "Id": 39,
    "RoleId": 10,
    "TrainType": 3,
    "Dialog": "Moonfiesta_PartnerFiesta7"
  },
  {
    "Id": 40,
    "RoleId": 10,
    "TrainType": 4,
    "Dialog": "Moonfiesta_PartnerTravel7"
  },
  {
    "Id": 41,
    "RoleId": 11,
    "TrainType": 1,
    "Dialog": "Moonfiesta_PartnerChat8"
  },
  {
    "Id": 42,
    "RoleId": 11,
    "TrainType": 2,
    "Dialog": "Moonfiesta_PartnerGift8"
  },
  {
    "Id": 43,
    "RoleId": 11,
    "TrainType": 3,
    "Dialog": "Moonfiesta_PartnerFiesta8"
  },
  {
    "Id": 44,
    "RoleId": 11,
    "TrainType": 4,
    "Dialog": "Moonfiesta_PartnerTravel8"
  },
  {
    "Id": 45,
    "RoleId": 12,
    "TrainType": 1,
    "Dialog": "Moonfiesta_PartnerChat9"
  },
  {
    "Id": 46,
    "RoleId": 12,
    "TrainType": 2,
    "Dialog": "Moonfiesta_PartnerGift9"
  },
  {
    "Id": 47,
    "RoleId": 12,
    "TrainType": 3,
    "Dialog": "Moonfiesta_PartnerFiesta9"
  },
  {
    "Id": 48,
    "RoleId": 12,
    "TrainType": 4,
    "Dialog": "Moonfiesta_PartnerTravel9"
  },
  {
    "Id": 49,
    "RoleId": 13,
    "TrainType": 1,
    "Dialog": "Moonfiesta_PartnerChat10"
  },
  {
    "Id": 50,
    "RoleId": 13,
    "TrainType": 2,
    "Dialog": "Moonfiesta_PartnerGift10"
  },
  {
    "Id": 51,
    "RoleId": 13,
    "TrainType": 3,
    "Dialog": "Moonfiesta_PartnerFiesta10"
  },
  {
    "Id": 52,
    "RoleId": 13,
    "TrainType": 4,
    "Dialog": "Moonfiesta_PartnerTravel10"
  },
  {
    "Id": 53,
    "RoleId": 14,
    "TrainType": 1,
    "Dialog": "Moonfiesta_PartnerChat13"
  },
  {
    "Id": 54,
    "RoleId": 14,
    "TrainType": 2,
    "Dialog": "Moonfiesta_PartnerGift13"
  },
  {
    "Id": 55,
    "RoleId": 14,
    "TrainType": 3,
    "Dialog": "Moonfiesta_PartnerFiesta13"
  },
  {
    "Id": 56,
    "RoleId": 14,
    "TrainType": 4,
    "Dialog": "Moonfiesta_PartnerTravel13"
  }
]