[
  {
    "Id": "FemaleS",
    "ClimbDetectPoints": [
      {
        "X": 0,
        "Y": -20,
        "Z": 45
      },
      {
        "X": 0,
        "Y": 20,
        "Z": 45
      },
      {
        "X": 0,
        "Y": -20,
        "Z": -20
      },
      {
        "X": 0,
        "Y": 20,
        "Z": -20
      }
    ],
    "DetectRadius": 20,
    "ClimbRadius": 34,
    "ClimbFromTop": {
      "X": -40,
      "Y": 0,
      "Z": -114
    },
    "ClimbVault": {
      "X": 41,
      "Y": 0,
      "Z": 57
    },
    "ClimbOnTop": {
      "X": 41,
      "Y": 0,
      "Z": 121
    },
    "VaultRange": {
      "Min": -30,
      "Max": 45
    },
    "UpArriveRange": {
      "Min": -50,
      "Max": 10
    },
    "ClimbSprintVault": {
      "X": 98,
      "Y": 0,
      "Z": 72.5
    },
    "SprintVaultRange": {
      "Min": -40,
      "Max": 25
    },
    "ForwardBlockHeight": 55,
    "ForwardBlockRadius": 20,
    "ForwardBlockDistance": {
      "Min": 10,
      "Max": 80
    },
    "SprintVaultLongNeedDistance": 45,
    "SprintVaultLongHeight": 20,
    "SprintVaultLongRange": {
      "Min": 20,
      "Max": 200
    },
    "BlockUpOffset": {
      "X": -35,
      "Y": 0,
      "Z": 148
    },
    "BlockUpDetectRadius": 20,
    "BlockUpDetectDistance": 150,
    "BlockUpBackDistance": 180,
    "BlockUpBackMinDist": 34,
    "BlockUpFinalMove": {
      "X": 0,
      "Y": 0,
      "Z": 300
    },
    "BlockUpVerticalRange": {
      "Min": 0,
      "Max": 209
    }
  },
  {
    "Id": "FemaleM",
    "ClimbDetectPoints": [
      {
        "X": 0,
        "Y": -20,
        "Z": 45
      },
      {
        "X": 0,
        "Y": 20,
        "Z": 45
      },
      {
        "X": 0,
        "Y": -20,
        "Z": -20
      },
      {
        "X": 0,
        "Y": 20,
        "Z": -20
      }
    ],
    "DetectRadius": 20,
    "ClimbRadius": 35.599998474121094,
    "ClimbFromTop": {
      "X": -40,
      "Y": 0,
      "Z": -154
    },
    "ClimbVault": {
      "X": 46,
      "Y": 0,
      "Z": 72
    },
    "ClimbOnTop": {
      "X": 46,
      "Y": 0,
      "Z": 154
    },
    "VaultRange": {
      "Min": -30,
      "Max": 45
    },
    "UpArriveRange": {
      "Min": -50,
      "Max": 10
    },
    "ClimbSprintVault": {
      "X": 116,
      "Y": 0,
      "Z": 92.5
    },
    "SprintVaultRange": {
      "Min": -50,
      "Max": 28
    },
    "ForwardBlockHeight": 60,
    "ForwardBlockRadius": 25,
    "ForwardBlockDistance": {
      "Min": 10,
      "Max": 90
    },
    "SprintVaultLongNeedDistance": 50,
    "SprintVaultLongHeight": 30,
    "SprintVaultLongRange": {
      "Min": 50,
      "Max": 200
    },
    "BlockUpOffset": {
      "X": -37,
      "Y": 0,
      "Z": 161
    },
    "BlockUpDetectRadius": 20,
    "BlockUpDetectDistance": 150,
    "BlockUpBackDistance": 180,
    "BlockUpBackMinDist": 32,
    "BlockUpFinalMove": {
      "X": 0,
      "Y": 0,
      "Z": 300
    },
    "BlockUpVerticalRange": {
      "Min": 0,
      "Max": 237
    }
  },
  {
    "Id": "FemaleXL",
    "ClimbDetectPoints": [
      {
        "X": 0,
        "Y": -20,
        "Z": 45
      },
      {
        "X": 0,
        "Y": 20,
        "Z": 45
      },
      {
        "X": 0,
        "Y": -20,
        "Z": -20
      },
      {
        "X": 0,
        "Y": 20,
        "Z": -20
      }
    ],
    "DetectRadius": 20,
    "ClimbRadius": 35.599998474121094,
    "ClimbFromTop": {
      "X": -40,
      "Y": 0,
      "Z": -171
    },
    "ClimbVault": {
      "X": 44,
      "Y": 0,
      "Z": 76
    },
    "ClimbOnTop": {
      "X": 49,
      "Y": 0,
      "Z": 160
    },
    "VaultRange": {
      "Min": -30,
      "Max": 45
    },
    "UpArriveRange": {
      "Min": -50,
      "Max": 10
    },
    "ClimbSprintVault": {
      "X": 122,
      "Y": 0,
      "Z": 96.0999984741211
    },
    "SprintVaultRange": {
      "Min": -50,
      "Max": 35
    },
    "ForwardBlockHeight": 80,
    "ForwardBlockRadius": 30,
    "ForwardBlockDistance": {
      "Min": 10,
      "Max": 90
    },
    "SprintVaultLongNeedDistance": 55,
    "SprintVaultLongHeight": 40,
    "SprintVaultLongRange": {
      "Min": 60,
      "Max": 200
    },
    "BlockUpOffset": {
      "X": -39,
      "Y": 0,
      "Z": 160
    },
    "BlockUpDetectRadius": 20,
    "BlockUpDetectDistance": 150,
    "BlockUpBackDistance": 180,
    "BlockUpBackMinDist": 32,
    "BlockUpFinalMove": {
      "X": 0,
      "Y": 0,
      "Z": 300
    },
    "BlockUpVerticalRange": {
      "Min": 0,
      "Max": 240
    }
  },
  {
    "Id": "MaleM",
    "ClimbDetectPoints": [
      {
        "X": 0,
        "Y": -20,
        "Z": 45
      },
      {
        "X": 0,
        "Y": 20,
        "Z": 45
      },
      {
        "X": 0,
        "Y": -20,
        "Z": -20
      },
      {
        "X": 0,
        "Y": 20,
        "Z": -20
      }
    ],
    "DetectRadius": 20,
    "ClimbRadius": 35.599998474121094,
    "ClimbFromTop": {
      "X": -46,
      "Y": 0,
      "Z": -157
    },
    "ClimbVault": {
      "X": 45,
      "Y": 0,
      "Z": 72
    },
    "ClimbOnTop": {
      "X": 45,
      "Y": 0,
      "Z": 157
    },
    "VaultRange": {
      "Min": -30,
      "Max": 45
    },
    "UpArriveRange": {
      "Min": -50,
      "Max": 10
    },
    "ClimbSprintVault": {
      "X": 114,
      "Y": 0,
      "Z": 92.5
    },
    "SprintVaultRange": {
      "Min": -50,
      "Max": 28
    },
    "ForwardBlockHeight": 60,
    "ForwardBlockRadius": 25,
    "ForwardBlockDistance": {
      "Min": 10,
      "Max": 90
    },
    "SprintVaultLongNeedDistance": 50,
    "SprintVaultLongHeight": 30,
    "SprintVaultLongRange": {
      "Min": 50,
      "Max": 200
    },
    "BlockUpOffset": {
      "X": -37,
      "Y": 0,
      "Z": 160
    },
    "BlockUpDetectRadius": 20,
    "BlockUpDetectDistance": 150,
    "BlockUpBackDistance": 180,
    "BlockUpBackMinDist": 32,
    "BlockUpFinalMove": {
      "X": 0,
      "Y": 0,
      "Z": 300
    },
    "BlockUpVerticalRange": {
      "Min": 0,
      "Max": 239
    }
  },
  {
    "Id": "MaleXL",
    "ClimbDetectPoints": [
      {
        "X": 0,
        "Y": -20,
        "Z": 45
      },
      {
        "X": 0,
        "Y": 20,
        "Z": 45
      },
      {
        "X": 0,
        "Y": -20,
        "Z": -20
      },
      {
        "X": 0,
        "Y": 20,
        "Z": -20
      }
    ],
    "DetectRadius": 20,
    "ClimbRadius": 35.599998474121094,
    "ClimbFromTop": {
      "X": -53,
      "Y": 0,
      "Z": -154
    },
    "ClimbVault": {
      "X": 51,
      "Y": 0,
      "Z": 78
    },
    "ClimbOnTop": {
      "X": 48,
      "Y": 0,
      "Z": 170
    },
    "VaultRange": {
      "Min": -30,
      "Max": 45
    },
    "UpArriveRange": {
      "Min": -50,
      "Max": 10
    },
    "ClimbSprintVault": {
      "X": 128,
      "Y": 0,
      "Z": 102
    },
    "SprintVaultRange": {
      "Min": -50,
      "Max": 38
    },
    "ForwardBlockHeight": 80,
    "ForwardBlockRadius": 30,
    "ForwardBlockDistance": {
      "Min": 10,
      "Max": 90
    },
    "SprintVaultLongNeedDistance": 45,
    "SprintVaultLongHeight": 50,
    "SprintVaultLongRange": {
      "Min": 50,
      "Max": 200
    },
    "BlockUpOffset": {
      "X": -36,
      "Y": 0,
      "Z": 160
    },
    "BlockUpDetectRadius": 20,
    "BlockUpDetectDistance": 150,
    "BlockUpBackDistance": 180,
    "BlockUpBackMinDist": 32,
    "BlockUpFinalMove": {
      "X": 0,
      "Y": 0,
      "Z": 300
    },
    "BlockUpVerticalRange": {
      "Min": 0,
      "Max": 245
    }
  },
  {
    "Id": "MaleS",
    "ClimbDetectPoints": [
      {
        "X": 0,
        "Y": -20,
        "Z": 45
      },
      {
        "X": 0,
        "Y": 20,
        "Z": 45
      },
      {
        "X": 0,
        "Y": -20,
        "Z": -20
      },
      {
        "X": 0,
        "Y": 20,
        "Z": -20
      }
    ],
    "DetectRadius": 20,
    "ClimbRadius": 35,
    "ClimbFromTop": {
      "X": -40,
      "Y": 0,
      "Z": -114
    },
    "ClimbVault": {
      "X": 38,
      "Y": 0,
      "Z": 60
    },
    "ClimbOnTop": {
      "X": 45,
      "Y": 0,
      "Z": 130
    },
    "VaultRange": {
      "Min": -30,
      "Max": 45
    },
    "UpArriveRange": {
      "Min": -50,
      "Max": 10
    },
    "ClimbSprintVault": {
      "X": 99,
      "Y": 0,
      "Z": 78
    },
    "SprintVaultRange": {
      "Min": -40,
      "Max": 25
    },
    "ForwardBlockHeight": 55,
    "ForwardBlockRadius": 20,
    "ForwardBlockDistance": {
      "Min": 10,
      "Max": 80
    },
    "SprintVaultLongNeedDistance": 45,
    "SprintVaultLongHeight": 20,
    "SprintVaultLongRange": {
      "Min": 20,
      "Max": 200
    },
    "BlockUpOffset": {
      "X": -35,
      "Y": 0,
      "Z": 148
    },
    "BlockUpDetectRadius": 20,
    "BlockUpDetectDistance": 150,
    "BlockUpBackDistance": 180,
    "BlockUpBackMinDist": 34,
    "BlockUpFinalMove": {
      "X": 0,
      "Y": 0,
      "Z": 300
    },
    "BlockUpVerticalRange": {
      "Min": 0,
      "Max": 213
    }
  }
]