[
  {
    "Id": 1,
    "CurveId": 0,
    "Level": 1,
    "LifeMaxRatio": 10000,
    "AtkRatio": 5000,
    "DefRatio": 10000,
    "HardnessMaxRatio": 10000,
    "HardnessRatio": 10000,
    "HardnessRecoverRatio": 10000,
    "RageMaxRatio": 10000,
    "RageRatio": 10000,
    "RageRecoverRatio": 10000
  },
  {
    "Id": 2,
    "CurveId": 0,
    "Level": 2,
    "LifeMaxRatio": 10532,
    "AtkRatio": 5476,
    "DefRatio": 10100,
    "HardnessMaxRatio": 10532,
    "HardnessRatio": 10532,
    "HardnessRecoverRatio": 10532,
    "RageMaxRatio": 10532,
    "RageRatio": 10532,
    "RageRecoverRatio": 10532
  },
  {
    "Id": 3,
    "CurveId": 0,
    "Level": 3,
    "LifeMaxRatio": 11065,
    "AtkRatio": 5962,
    "DefRatio": 10200,
    "HardnessMaxRatio": 11065,
    "HardnessRatio": 11065,
    "HardnessRecoverRatio": 11065,
    "RageMaxRatio": 11065,
    "RageRatio": 11065,
    "RageRecoverRatio": 11065
  },
  {
    "Id": 4,
    "CurveId": 0,
    "Level": 4,
    "LifeMaxRatio": 11065,
    "AtkRatio": 6456,
    "DefRatio": 10300,
    "HardnessMaxRatio": 11065,
    "HardnessRatio": 11065,
    "HardnessRecoverRatio": 11065,
    "RageMaxRatio": 11065,
    "RageRatio": 11065,
    "RageRecoverRatio": 11065
  },
  {
    "Id": 5,
    "CurveId": 0,
    "Level": 5,
    "LifeMaxRatio": 11065,
    "AtkRatio": 6958,
    "DefRatio": 10400,
    "HardnessMaxRatio": 11065,
    "HardnessRatio": 11065,
    "HardnessRecoverRatio": 11065,
    "RageMaxRatio": 11065,
    "RageRatio": 11065,
    "RageRecoverRatio": 11065
  },
  {
    "Id": 6,
    "CurveId": 0,
    "Level": 6,
    "LifeMaxRatio": 11599,
    "AtkRatio": 7469,
    "DefRatio": 10500,
    "HardnessMaxRatio": 11599,
    "HardnessRatio": 11599,
    "HardnessRecoverRatio": 11599,
    "RageMaxRatio": 11599,
    "RageRatio": 11599,
    "RageRecoverRatio": 11599
  },
  {
    "Id": 7,
    "CurveId": 0,
    "Level": 7,
    "LifeMaxRatio": 12133,
    "AtkRatio": 7988,
    "DefRatio": 10600,
    "HardnessMaxRatio": 12133,
    "HardnessRatio": 12133,
    "HardnessRecoverRatio": 12133,
    "RageMaxRatio": 12133,
    "RageRatio": 12133,
    "RageRecoverRatio": 12133
  },
  {
    "Id": 8,
    "CurveId": 0,
    "Level": 8,
    "LifeMaxRatio": 12667,
    "AtkRatio": 8516,
    "DefRatio": 10700,
    "HardnessMaxRatio": 12667,
    "HardnessRatio": 12667,
    "HardnessRecoverRatio": 12667,
    "RageMaxRatio": 12667,
    "RageRatio": 12667,
    "RageRecoverRatio": 12667
  },
  {
    "Id": 9,
    "CurveId": 0,
    "Level": 9,
    "LifeMaxRatio": 13202,
    "AtkRatio": 9052,
    "DefRatio": 10800,
    "HardnessMaxRatio": 13202,
    "HardnessRatio": 13202,
    "HardnessRecoverRatio": 13202,
    "RageMaxRatio": 13202,
    "RageRatio": 13202,
    "RageRecoverRatio": 13202
  },
  {
    "Id": 10,
    "CurveId": 0,
    "Level": 10,
    "LifeMaxRatio": 13737,
    "AtkRatio": 9597,
    "DefRatio": 10900,
    "HardnessMaxRatio": 13737,
    "HardnessRatio": 13737,
    "HardnessRecoverRatio": 13737,
    "RageMaxRatio": 13737,
    "RageRatio": 13737,
    "RageRecoverRatio": 13737
  },
  {
    "Id": 11,
    "CurveId": 0,
    "Level": 11,
    "LifeMaxRatio": 14985,
    "AtkRatio": 10150,
    "DefRatio": 11000,
    "HardnessMaxRatio": 14985,
    "HardnessRatio": 14985,
    "HardnessRecoverRatio": 14985,
    "RageMaxRatio": 14985,
    "RageRatio": 14985,
    "RageRecoverRatio": 14985
  },
  {
    "Id": 12,
    "CurveId": 0,
    "Level": 12,
    "LifeMaxRatio": 15548,
    "AtkRatio": 10712,
    "DefRatio": 11100,
    "HardnessMaxRatio": 15548,
    "HardnessRatio": 15548,
    "HardnessRecoverRatio": 15548,
    "RageMaxRatio": 15548,
    "RageRatio": 15548,
    "RageRecoverRatio": 15548
  },
  {
    "Id": 13,
    "CurveId": 0,
    "Level": 13,
    "LifeMaxRatio": 16150,
    "AtkRatio": 11283,
    "DefRatio": 11200,
    "HardnessMaxRatio": 16150,
    "HardnessRatio": 16150,
    "HardnessRecoverRatio": 16150,
    "RageMaxRatio": 16150,
    "RageRatio": 16150,
    "RageRecoverRatio": 16150
  },
  {
    "Id": 14,
    "CurveId": 0,
    "Level": 14,
    "LifeMaxRatio": 16752,
    "AtkRatio": 11862,
    "DefRatio": 11300,
    "HardnessMaxRatio": 16752,
    "HardnessRatio": 16752,
    "HardnessRecoverRatio": 16752,
    "RageMaxRatio": 16752,
    "RageRatio": 16752,
    "RageRecoverRatio": 16752
  },
  {
    "Id": 15,
    "CurveId": 0,
    "Level": 15,
    "LifeMaxRatio": 17394,
    "AtkRatio": 12449,
    "DefRatio": 11400,
    "HardnessMaxRatio": 17394,
    "HardnessRatio": 17394,
    "HardnessRecoverRatio": 17394,
    "RageMaxRatio": 17394,
    "RageRatio": 17394,
    "RageRecoverRatio": 17394
  },
  {
    "Id": 16,
    "CurveId": 0,
    "Level": 16,
    "LifeMaxRatio": 18113,
    "AtkRatio": 13045,
    "DefRatio": 11500,
    "HardnessMaxRatio": 18113,
    "HardnessRatio": 18113,
    "HardnessRecoverRatio": 18113,
    "RageMaxRatio": 18113,
    "RageRatio": 18113,
    "RageRecoverRatio": 18113
  },
  {
    "Id": 17,
    "CurveId": 0,
    "Level": 17,
    "LifeMaxRatio": 18873,
    "AtkRatio": 13650,
    "DefRatio": 11600,
    "HardnessMaxRatio": 18873,
    "HardnessRatio": 18873,
    "HardnessRecoverRatio": 18873,
    "RageMaxRatio": 18873,
    "RageRatio": 18873,
    "RageRecoverRatio": 18873
  },
  {
    "Id": 18,
    "CurveId": 0,
    "Level": 18,
    "LifeMaxRatio": 19632,
    "AtkRatio": 14264,
    "DefRatio": 11700,
    "HardnessMaxRatio": 19632,
    "HardnessRatio": 19632,
    "HardnessRecoverRatio": 19632,
    "RageMaxRatio": 19632,
    "RageRatio": 19632,
    "RageRecoverRatio": 19632
  },
  {
    "Id": 19,
    "CurveId": 0,
    "Level": 19,
    "LifeMaxRatio": 20470,
    "AtkRatio": 14886,
    "DefRatio": 11800,
    "HardnessMaxRatio": 20470,
    "HardnessRatio": 20470,
    "HardnessRecoverRatio": 20470,
    "RageMaxRatio": 20470,
    "RageRatio": 20470,
    "RageRecoverRatio": 20470
  },
  {
    "Id": 20,
    "CurveId": 0,
    "Level": 20,
    "LifeMaxRatio": 24354,
    "AtkRatio": 15518,
    "DefRatio": 11900,
    "HardnessMaxRatio": 24354,
    "HardnessRatio": 24354,
    "HardnessRecoverRatio": 24354,
    "RageMaxRatio": 24354,
    "RageRatio": 24354,
    "RageRecoverRatio": 24354
  },
  {
    "Id": 21,
    "CurveId": 0,
    "Level": 21,
    "LifeMaxRatio": 28769,
    "AtkRatio": 21032,
    "DefRatio": 12000,
    "HardnessMaxRatio": 28769,
    "HardnessRatio": 28769,
    "HardnessRecoverRatio": 28769,
    "RageMaxRatio": 28769,
    "RageRatio": 28769,
    "RageRecoverRatio": 28769
  },
  {
    "Id": 22,
    "CurveId": 0,
    "Level": 22,
    "LifeMaxRatio": 30625,
    "AtkRatio": 21782,
    "DefRatio": 12100,
    "HardnessMaxRatio": 30625,
    "HardnessRatio": 30625,
    "HardnessRecoverRatio": 30625,
    "RageMaxRatio": 30625,
    "RageRatio": 30625,
    "RageRecoverRatio": 30625
  },
  {
    "Id": 23,
    "CurveId": 0,
    "Level": 23,
    "LifeMaxRatio": 32152,
    "AtkRatio": 22540,
    "DefRatio": 12200,
    "HardnessMaxRatio": 32152,
    "HardnessRatio": 32152,
    "HardnessRecoverRatio": 32152,
    "RageMaxRatio": 32152,
    "RageRatio": 32152,
    "RageRecoverRatio": 32152
  },
  {
    "Id": 24,
    "CurveId": 0,
    "Level": 24,
    "LifeMaxRatio": 33459,
    "AtkRatio": 23309,
    "DefRatio": 12300,
    "HardnessMaxRatio": 33459,
    "HardnessRatio": 33459,
    "HardnessRecoverRatio": 33459,
    "RageMaxRatio": 33459,
    "RageRatio": 33459,
    "RageRecoverRatio": 33459
  },
  {
    "Id": 25,
    "CurveId": 0,
    "Level": 25,
    "LifeMaxRatio": 37605,
    "AtkRatio": 24152,
    "DefRatio": 12400,
    "HardnessMaxRatio": 37605,
    "HardnessRatio": 37605,
    "HardnessRecoverRatio": 37605,
    "RageMaxRatio": 37605,
    "RageRatio": 37605,
    "RageRecoverRatio": 37605
  },
  {
    "Id": 26,
    "CurveId": 0,
    "Level": 26,
    "LifeMaxRatio": 39006,
    "AtkRatio": 25007,
    "DefRatio": 12500,
    "HardnessMaxRatio": 39006,
    "HardnessRatio": 39006,
    "HardnessRecoverRatio": 39006,
    "RageMaxRatio": 39006,
    "RageRatio": 39006,
    "RageRecoverRatio": 39006
  },
  {
    "Id": 27,
    "CurveId": 0,
    "Level": 27,
    "LifeMaxRatio": 44523,
    "AtkRatio": 25873,
    "DefRatio": 12600,
    "HardnessMaxRatio": 44523,
    "HardnessRatio": 44523,
    "HardnessRecoverRatio": 44523,
    "RageMaxRatio": 44523,
    "RageRatio": 44523,
    "RageRecoverRatio": 44523
  },
  {
    "Id": 28,
    "CurveId": 0,
    "Level": 28,
    "LifeMaxRatio": 50430,
    "AtkRatio": 26750,
    "DefRatio": 12700,
    "HardnessMaxRatio": 50430,
    "HardnessRatio": 50430,
    "HardnessRecoverRatio": 50430,
    "RageMaxRatio": 50430,
    "RageRatio": 50430,
    "RageRecoverRatio": 50430
  },
  {
    "Id": 29,
    "CurveId": 0,
    "Level": 29,
    "LifeMaxRatio": 53542,
    "AtkRatio": 27695,
    "DefRatio": 12800,
    "HardnessMaxRatio": 53542,
    "HardnessRatio": 53542,
    "HardnessRecoverRatio": 53542,
    "RageMaxRatio": 53542,
    "RageRatio": 53542,
    "RageRecoverRatio": 53542
  },
  {
    "Id": 30,
    "CurveId": 0,
    "Level": 30,
    "LifeMaxRatio": 58716,
    "AtkRatio": 28651,
    "DefRatio": 12900,
    "HardnessMaxRatio": 58716,
    "HardnessRatio": 58716,
    "HardnessRecoverRatio": 58716,
    "RageMaxRatio": 58716,
    "RageRatio": 58716,
    "RageRecoverRatio": 58716
  },
  {
    "Id": 31,
    "CurveId": 0,
    "Level": 31,
    "LifeMaxRatio": 63968,
    "AtkRatio": 29565,
    "DefRatio": 13000,
    "HardnessMaxRatio": 63968,
    "HardnessRatio": 63968,
    "HardnessRecoverRatio": 63968,
    "RageMaxRatio": 63968,
    "RageRatio": 63968,
    "RageRecoverRatio": 63968
  },
  {
    "Id": 32,
    "CurveId": 0,
    "Level": 32,
    "LifeMaxRatio": 68844,
    "AtkRatio": 30548,
    "DefRatio": 13100,
    "HardnessMaxRatio": 68844,
    "HardnessRatio": 68844,
    "HardnessRecoverRatio": 68844,
    "RageMaxRatio": 68844,
    "RageRatio": 68844,
    "RageRecoverRatio": 68844
  },
  {
    "Id": 33,
    "CurveId": 0,
    "Level": 33,
    "LifeMaxRatio": 73790,
    "AtkRatio": 31542,
    "DefRatio": 13200,
    "HardnessMaxRatio": 73790,
    "HardnessRatio": 73790,
    "HardnessRecoverRatio": 73790,
    "RageMaxRatio": 73790,
    "RageRatio": 73790,
    "RageRecoverRatio": 73790
  },
  {
    "Id": 34,
    "CurveId": 0,
    "Level": 34,
    "LifeMaxRatio": 78987,
    "AtkRatio": 32609,
    "DefRatio": 13300,
    "HardnessMaxRatio": 78987,
    "HardnessRatio": 78987,
    "HardnessRecoverRatio": 78987,
    "RageMaxRatio": 78987,
    "RageRatio": 78987,
    "RageRecoverRatio": 78987
  },
  {
    "Id": 35,
    "CurveId": 0,
    "Level": 35,
    "LifeMaxRatio": 84270,
    "AtkRatio": 33657,
    "DefRatio": 13400,
    "HardnessMaxRatio": 84270,
    "HardnessRatio": 84270,
    "HardnessRecoverRatio": 84270,
    "RageMaxRatio": 84270,
    "RageRatio": 84270,
    "RageRecoverRatio": 84270
  },
  {
    "Id": 36,
    "CurveId": 0,
    "Level": 36,
    "LifeMaxRatio": 89292,
    "AtkRatio": 34721,
    "DefRatio": 13500,
    "HardnessMaxRatio": 89292,
    "HardnessRatio": 89292,
    "HardnessRecoverRatio": 89292,
    "RageMaxRatio": 89292,
    "RageRatio": 89292,
    "RageRecoverRatio": 89292
  },
  {
    "Id": 37,
    "CurveId": 0,
    "Level": 37,
    "LifeMaxRatio": 94484,
    "AtkRatio": 35859,
    "DefRatio": 13600,
    "HardnessMaxRatio": 94484,
    "HardnessRatio": 94484,
    "HardnessRecoverRatio": 94484,
    "RageMaxRatio": 94484,
    "RageRatio": 94484,
    "RageRecoverRatio": 94484
  },
  {
    "Id": 38,
    "CurveId": 0,
    "Level": 38,
    "LifeMaxRatio": 99752,
    "AtkRatio": 37013,
    "DefRatio": 13700,
    "HardnessMaxRatio": 99752,
    "HardnessRatio": 99752,
    "HardnessRecoverRatio": 99752,
    "RageMaxRatio": 99752,
    "RageRatio": 99752,
    "RageRecoverRatio": 99752
  },
  {
    "Id": 39,
    "CurveId": 0,
    "Level": 39,
    "LifeMaxRatio": 105094,
    "AtkRatio": 38124,
    "DefRatio": 13800,
    "HardnessMaxRatio": 105094,
    "HardnessRatio": 105094,
    "HardnessRecoverRatio": 105094,
    "RageMaxRatio": 105094,
    "RageRatio": 105094,
    "RageRecoverRatio": 105094
  },
  {
    "Id": 40,
    "CurveId": 0,
    "Level": 40,
    "LifeMaxRatio": 110628,
    "AtkRatio": 39310,
    "DefRatio": 13900,
    "HardnessMaxRatio": 110628,
    "HardnessRatio": 110628,
    "HardnessRecoverRatio": 110628,
    "RageMaxRatio": 110628,
    "RageRatio": 110628,
    "RageRecoverRatio": 110628
  },
  {
    "Id": 41,
    "CurveId": 0,
    "Level": 41,
    "LifeMaxRatio": 111442,
    "AtkRatio": 49063,
    "DefRatio": 14000,
    "HardnessMaxRatio": 111442,
    "HardnessRatio": 111442,
    "HardnessRecoverRatio": 111442,
    "RageMaxRatio": 111442,
    "RageRatio": 111442,
    "RageRecoverRatio": 111442
  },
  {
    "Id": 42,
    "CurveId": 0,
    "Level": 42,
    "LifeMaxRatio": 119319,
    "AtkRatio": 50533,
    "DefRatio": 14100,
    "HardnessMaxRatio": 119319,
    "HardnessRatio": 119319,
    "HardnessRecoverRatio": 119319,
    "RageMaxRatio": 119319,
    "RageRatio": 119319,
    "RageRecoverRatio": 119319
  },
  {
    "Id": 43,
    "CurveId": 0,
    "Level": 43,
    "LifeMaxRatio": 126951,
    "AtkRatio": 52132,
    "DefRatio": 14200,
    "HardnessMaxRatio": 126951,
    "HardnessRatio": 126951,
    "HardnessRecoverRatio": 126951,
    "RageMaxRatio": 126951,
    "RageRatio": 126951,
    "RageRecoverRatio": 126951
  },
  {
    "Id": 44,
    "CurveId": 0,
    "Level": 44,
    "LifeMaxRatio": 134737,
    "AtkRatio": 53653,
    "DefRatio": 14300,
    "HardnessMaxRatio": 134737,
    "HardnessRatio": 134737,
    "HardnessRecoverRatio": 134737,
    "RageMaxRatio": 134737,
    "RageRatio": 134737,
    "RageRecoverRatio": 134737
  },
  {
    "Id": 45,
    "CurveId": 0,
    "Level": 45,
    "LifeMaxRatio": 142509,
    "AtkRatio": 55199,
    "DefRatio": 14400,
    "HardnessMaxRatio": 142509,
    "HardnessRatio": 142509,
    "HardnessRecoverRatio": 142509,
    "RageMaxRatio": 142509,
    "RageRatio": 142509,
    "RageRecoverRatio": 142509
  },
  {
    "Id": 46,
    "CurveId": 0,
    "Level": 46,
    "LifeMaxRatio": 150687,
    "AtkRatio": 56771,
    "DefRatio": 14500,
    "HardnessMaxRatio": 150687,
    "HardnessRatio": 150687,
    "HardnessRecoverRatio": 150687,
    "RageMaxRatio": 150687,
    "RageRatio": 150687,
    "RageRecoverRatio": 150687
  },
  {
    "Id": 47,
    "CurveId": 0,
    "Level": 47,
    "LifeMaxRatio": 162604,
    "AtkRatio": 58369,
    "DefRatio": 14600,
    "HardnessMaxRatio": 162604,
    "HardnessRatio": 162604,
    "HardnessRecoverRatio": 162604,
    "RageMaxRatio": 162604,
    "RageRatio": 162604,
    "RageRecoverRatio": 162604
  },
  {
    "Id": 48,
    "CurveId": 0,
    "Level": 48,
    "LifeMaxRatio": 174648,
    "AtkRatio": 59994,
    "DefRatio": 14700,
    "HardnessMaxRatio": 174648,
    "HardnessRatio": 174648,
    "HardnessRecoverRatio": 174648,
    "RageMaxRatio": 174648,
    "RageRatio": 174648,
    "RageRecoverRatio": 174648
  },
  {
    "Id": 49,
    "CurveId": 0,
    "Level": 49,
    "LifeMaxRatio": 186912,
    "AtkRatio": 61644,
    "DefRatio": 14800,
    "HardnessMaxRatio": 186912,
    "HardnessRatio": 186912,
    "HardnessRecoverRatio": 186912,
    "RageMaxRatio": 186912,
    "RageRatio": 186912,
    "RageRecoverRatio": 186912
  },
  {
    "Id": 50,
    "CurveId": 0,
    "Level": 50,
    "LifeMaxRatio": 205926,
    "AtkRatio": 67808,
    "DefRatio": 14900,
    "HardnessMaxRatio": 205926,
    "HardnessRatio": 205926,
    "HardnessRecoverRatio": 205926,
    "RageMaxRatio": 205926,
    "RageRatio": 205926,
    "RageRecoverRatio": 205926
  },
  {
    "Id": 51,
    "CurveId": 0,
    "Level": 51,
    "LifeMaxRatio": 229342,
    "AtkRatio": 77519,
    "DefRatio": 15000,
    "HardnessMaxRatio": 229342,
    "HardnessRatio": 229342,
    "HardnessRecoverRatio": 229342,
    "RageMaxRatio": 229342,
    "RageRatio": 229342,
    "RageRecoverRatio": 229342
  },
  {
    "Id": 52,
    "CurveId": 0,
    "Level": 52,
    "LifeMaxRatio": 249270,
    "AtkRatio": 79499,
    "DefRatio": 15100,
    "HardnessMaxRatio": 249270,
    "HardnessRatio": 249270,
    "HardnessRecoverRatio": 249270,
    "RageMaxRatio": 249270,
    "RageRatio": 249270,
    "RageRecoverRatio": 249270
  },
  {
    "Id": 53,
    "CurveId": 0,
    "Level": 53,
    "LifeMaxRatio": 269413,
    "AtkRatio": 81339,
    "DefRatio": 15200,
    "HardnessMaxRatio": 269413,
    "HardnessRatio": 269413,
    "HardnessRecoverRatio": 269413,
    "RageMaxRatio": 269413,
    "RageRatio": 269413,
    "RageRecoverRatio": 269413
  },
  {
    "Id": 54,
    "CurveId": 0,
    "Level": 54,
    "LifeMaxRatio": 291253,
    "AtkRatio": 83377,
    "DefRatio": 15300,
    "HardnessMaxRatio": 291253,
    "HardnessRatio": 291253,
    "HardnessRecoverRatio": 291253,
    "RageMaxRatio": 291253,
    "RageRatio": 291253,
    "RageRecoverRatio": 291253
  },
  {
    "Id": 55,
    "CurveId": 0,
    "Level": 55,
    "LifeMaxRatio": 309148,
    "AtkRatio": 85447,
    "DefRatio": 15400,
    "HardnessMaxRatio": 309148,
    "HardnessRatio": 309148,
    "HardnessRecoverRatio": 309148,
    "RageMaxRatio": 309148,
    "RageRatio": 309148,
    "RageRecoverRatio": 309148
  },
  {
    "Id": 56,
    "CurveId": 0,
    "Level": 56,
    "LifeMaxRatio": 324626,
    "AtkRatio": 87549,
    "DefRatio": 15500,
    "HardnessMaxRatio": 324626,
    "HardnessRatio": 324626,
    "HardnessRecoverRatio": 324626,
    "RageMaxRatio": 324626,
    "RageRatio": 324626,
    "RageRecoverRatio": 324626
  },
  {
    "Id": 57,
    "CurveId": 0,
    "Level": 57,
    "LifeMaxRatio": 341985,
    "AtkRatio": 89506,
    "DefRatio": 15600,
    "HardnessMaxRatio": 341985,
    "HardnessRatio": 341985,
    "HardnessRecoverRatio": 341985,
    "RageMaxRatio": 341985,
    "RageRatio": 341985,
    "RageRecoverRatio": 341985
  },
  {
    "Id": 58,
    "CurveId": 0,
    "Level": 58,
    "LifeMaxRatio": 366553,
    "AtkRatio": 91491,
    "DefRatio": 15700,
    "HardnessMaxRatio": 366553,
    "HardnessRatio": 366553,
    "HardnessRecoverRatio": 366553,
    "RageMaxRatio": 366553,
    "RageRatio": 366553,
    "RageRecoverRatio": 366553
  },
  {
    "Id": 59,
    "CurveId": 0,
    "Level": 59,
    "LifeMaxRatio": 393334,
    "AtkRatio": 93687,
    "DefRatio": 15800,
    "HardnessMaxRatio": 393334,
    "HardnessRatio": 393334,
    "HardnessRecoverRatio": 393334,
    "RageMaxRatio": 393334,
    "RageRatio": 393334,
    "RageRecoverRatio": 393334
  },
  {
    "Id": 60,
    "CurveId": 0,
    "Level": 60,
    "LifeMaxRatio": 409205,
    "AtkRatio": 96268,
    "DefRatio": 15900,
    "HardnessMaxRatio": 409205,
    "HardnessRatio": 409205,
    "HardnessRecoverRatio": 409205,
    "RageMaxRatio": 409205,
    "RageRatio": 409205,
    "RageRecoverRatio": 409205
  },
  {
    "Id": 61,
    "CurveId": 0,
    "Level": 61,
    "LifeMaxRatio": 432783,
    "AtkRatio": 126278,
    "DefRatio": 16000,
    "HardnessMaxRatio": 432783,
    "HardnessRatio": 432783,
    "HardnessRecoverRatio": 432783,
    "RageMaxRatio": 432783,
    "RageRatio": 432783,
    "RageRecoverRatio": 432783
  },
  {
    "Id": 62,
    "CurveId": 0,
    "Level": 62,
    "LifeMaxRatio": 467936,
    "AtkRatio": 134026,
    "DefRatio": 16100,
    "HardnessMaxRatio": 467936,
    "HardnessRatio": 467936,
    "HardnessRecoverRatio": 467936,
    "RageMaxRatio": 467936,
    "RageRatio": 467936,
    "RageRecoverRatio": 467936
  },
  {
    "Id": 63,
    "CurveId": 0,
    "Level": 63,
    "LifeMaxRatio": 500936,
    "AtkRatio": 142221,
    "DefRatio": 16200,
    "HardnessMaxRatio": 500936,
    "HardnessRatio": 500936,
    "HardnessRecoverRatio": 500936,
    "RageMaxRatio": 500936,
    "RageRatio": 500936,
    "RageRecoverRatio": 500936
  },
  {
    "Id": 64,
    "CurveId": 0,
    "Level": 64,
    "LifeMaxRatio": 538239,
    "AtkRatio": 150897,
    "DefRatio": 16300,
    "HardnessMaxRatio": 538239,
    "HardnessRatio": 538239,
    "HardnessRecoverRatio": 538239,
    "RageMaxRatio": 538239,
    "RageRatio": 538239,
    "RageRecoverRatio": 538239
  },
  {
    "Id": 65,
    "CurveId": 0,
    "Level": 65,
    "LifeMaxRatio": 594397,
    "AtkRatio": 158124,
    "DefRatio": 16400,
    "HardnessMaxRatio": 594397,
    "HardnessRatio": 594397,
    "HardnessRecoverRatio": 594397,
    "RageMaxRatio": 594397,
    "RageRatio": 594397,
    "RageRecoverRatio": 594397
  },
  {
    "Id": 66,
    "CurveId": 0,
    "Level": 66,
    "LifeMaxRatio": 638961,
    "AtkRatio": 163476,
    "DefRatio": 16500,
    "HardnessMaxRatio": 638961,
    "HardnessRatio": 638961,
    "HardnessRecoverRatio": 638961,
    "RageMaxRatio": 638961,
    "RageRatio": 638961,
    "RageRecoverRatio": 638961
  },
  {
    "Id": 67,
    "CurveId": 0,
    "Level": 67,
    "LifeMaxRatio": 679692,
    "AtkRatio": 169061,
    "DefRatio": 16600,
    "HardnessMaxRatio": 679692,
    "HardnessRatio": 679692,
    "HardnessRecoverRatio": 679692,
    "RageMaxRatio": 679692,
    "RageRatio": 679692,
    "RageRecoverRatio": 679692
  },
  {
    "Id": 68,
    "CurveId": 0,
    "Level": 68,
    "LifeMaxRatio": 729841,
    "AtkRatio": 175281,
    "DefRatio": 16700,
    "HardnessMaxRatio": 729841,
    "HardnessRatio": 729841,
    "HardnessRecoverRatio": 729841,
    "RageMaxRatio": 729841,
    "RageRatio": 729841,
    "RageRecoverRatio": 729841
  },
  {
    "Id": 69,
    "CurveId": 0,
    "Level": 69,
    "LifeMaxRatio": 776674,
    "AtkRatio": 181387,
    "DefRatio": 16800,
    "HardnessMaxRatio": 776674,
    "HardnessRatio": 776674,
    "HardnessRecoverRatio": 776674,
    "RageMaxRatio": 776674,
    "RageRatio": 776674,
    "RageRecoverRatio": 776674
  },
  {
    "Id": 70,
    "CurveId": 0,
    "Level": 70,
    "LifeMaxRatio": 822469,
    "AtkRatio": 187774,
    "DefRatio": 16900,
    "HardnessMaxRatio": 822469,
    "HardnessRatio": 822469,
    "HardnessRecoverRatio": 822469,
    "RageMaxRatio": 822469,
    "RageRatio": 822469,
    "RageRecoverRatio": 822469
  },
  {
    "Id": 71,
    "CurveId": 0,
    "Level": 71,
    "LifeMaxRatio": 880712,
    "AtkRatio": 211080,
    "DefRatio": 17000,
    "HardnessMaxRatio": 880712,
    "HardnessRatio": 880712,
    "HardnessRecoverRatio": 880712,
    "RageMaxRatio": 880712,
    "RageRatio": 880712,
    "RageRecoverRatio": 880712
  },
  {
    "Id": 72,
    "CurveId": 0,
    "Level": 72,
    "LifeMaxRatio": 958127,
    "AtkRatio": 218243,
    "DefRatio": 17100,
    "HardnessMaxRatio": 958127,
    "HardnessRatio": 958127,
    "HardnessRecoverRatio": 958127,
    "RageMaxRatio": 958127,
    "RageRatio": 958127,
    "RageRecoverRatio": 958127
  },
  {
    "Id": 73,
    "CurveId": 0,
    "Level": 73,
    "LifeMaxRatio": 1039633,
    "AtkRatio": 224801,
    "DefRatio": 17200,
    "HardnessMaxRatio": 1039633,
    "HardnessRatio": 1039633,
    "HardnessRecoverRatio": 1039633,
    "RageMaxRatio": 1039633,
    "RageRatio": 1039633,
    "RageRecoverRatio": 1039633
  },
  {
    "Id": 74,
    "CurveId": 0,
    "Level": 74,
    "LifeMaxRatio": 1121164,
    "AtkRatio": 231614,
    "DefRatio": 17300,
    "HardnessMaxRatio": 1121164,
    "HardnessRatio": 1121164,
    "HardnessRecoverRatio": 1121164,
    "RageMaxRatio": 1121164,
    "RageRatio": 1121164,
    "RageRecoverRatio": 1121164
  },
  {
    "Id": 75,
    "CurveId": 0,
    "Level": 75,
    "LifeMaxRatio": 1215729,
    "AtkRatio": 238698,
    "DefRatio": 17400,
    "HardnessMaxRatio": 1215729,
    "HardnessRatio": 1215729,
    "HardnessRecoverRatio": 1215729,
    "RageMaxRatio": 1215729,
    "RageRatio": 1215729,
    "RageRecoverRatio": 1215729
  },
  {
    "Id": 76,
    "CurveId": 0,
    "Level": 76,
    "LifeMaxRatio": 1299160,
    "AtkRatio": 246072,
    "DefRatio": 17500,
    "HardnessMaxRatio": 1299160,
    "HardnessRatio": 1299160,
    "HardnessRecoverRatio": 1299160,
    "RageMaxRatio": 1299160,
    "RageRatio": 1299160,
    "RageRecoverRatio": 1299160
  },
  {
    "Id": 77,
    "CurveId": 0,
    "Level": 77,
    "LifeMaxRatio": 1364979,
    "AtkRatio": 253752,
    "DefRatio": 17600,
    "HardnessMaxRatio": 1364979,
    "HardnessRatio": 1364979,
    "HardnessRecoverRatio": 1364979,
    "RageMaxRatio": 1364979,
    "RageRatio": 1364979,
    "RageRecoverRatio": 1364979
  },
  {
    "Id": 78,
    "CurveId": 0,
    "Level": 78,
    "LifeMaxRatio": 1432692,
    "AtkRatio": 264698,
    "DefRatio": 17700,
    "HardnessMaxRatio": 1432692,
    "HardnessRatio": 1432692,
    "HardnessRecoverRatio": 1432692,
    "RageMaxRatio": 1432692,
    "RageRatio": 1432692,
    "RageRecoverRatio": 1432692
  },
  {
    "Id": 79,
    "CurveId": 0,
    "Level": 79,
    "LifeMaxRatio": 1502376,
    "AtkRatio": 272113,
    "DefRatio": 17800,
    "HardnessMaxRatio": 1502376,
    "HardnessRatio": 1502376,
    "HardnessRecoverRatio": 1502376,
    "RageMaxRatio": 1502376,
    "RageRatio": 1502376,
    "RageRecoverRatio": 1502376
  },
  {
    "Id": 80,
    "CurveId": 0,
    "Level": 80,
    "LifeMaxRatio": 1563733,
    "AtkRatio": 279854,
    "DefRatio": 17900,
    "HardnessMaxRatio": 1563733,
    "HardnessRatio": 1563733,
    "HardnessRecoverRatio": 1563733,
    "RageMaxRatio": 1563733,
    "RageRatio": 1563733,
    "RageRecoverRatio": 1563733
  },
  {
    "Id": 81,
    "CurveId": 0,
    "Level": 81,
    "LifeMaxRatio": 1630039,
    "AtkRatio": 303312,
    "DefRatio": 18000,
    "HardnessMaxRatio": 1630039,
    "HardnessRatio": 1630039,
    "HardnessRecoverRatio": 1630039,
    "RageMaxRatio": 1630039,
    "RageRatio": 1630039,
    "RageRecoverRatio": 1630039
  },
  {
    "Id": 82,
    "CurveId": 0,
    "Level": 82,
    "LifeMaxRatio": 1721545,
    "AtkRatio": 307705,
    "DefRatio": 18100,
    "HardnessMaxRatio": 1721545,
    "HardnessRatio": 1721545,
    "HardnessRecoverRatio": 1721545,
    "RageMaxRatio": 1721545,
    "RageRatio": 1721545,
    "RageRecoverRatio": 1721545
  },
  {
    "Id": 83,
    "CurveId": 0,
    "Level": 83,
    "LifeMaxRatio": 1830966,
    "AtkRatio": 309471,
    "DefRatio": 18200,
    "HardnessMaxRatio": 1830966,
    "HardnessRatio": 1830966,
    "HardnessRecoverRatio": 1830966,
    "RageMaxRatio": 1830966,
    "RageRatio": 1830966,
    "RageRecoverRatio": 1830966
  },
  {
    "Id": 84,
    "CurveId": 0,
    "Level": 84,
    "LifeMaxRatio": 1952265,
    "AtkRatio": 313868,
    "DefRatio": 18300,
    "HardnessMaxRatio": 1952265,
    "HardnessRatio": 1952265,
    "HardnessRecoverRatio": 1952265,
    "RageMaxRatio": 1952265,
    "RageRatio": 1952265,
    "RageRecoverRatio": 1952265
  },
  {
    "Id": 85,
    "CurveId": 0,
    "Level": 85,
    "LifeMaxRatio": 2081708,
    "AtkRatio": 318270,
    "DefRatio": 18400,
    "HardnessMaxRatio": 2081708,
    "HardnessRatio": 2081708,
    "HardnessRecoverRatio": 2081708,
    "RageMaxRatio": 2081708,
    "RageRatio": 2081708,
    "RageRecoverRatio": 2081708
  },
  {
    "Id": 86,
    "CurveId": 0,
    "Level": 86,
    "LifeMaxRatio": 2214012,
    "AtkRatio": 320038,
    "DefRatio": 18500,
    "HardnessMaxRatio": 2214012,
    "HardnessRatio": 2214012,
    "HardnessRecoverRatio": 2214012,
    "RageMaxRatio": 2214012,
    "RageRatio": 2214012,
    "RageRecoverRatio": 2214012
  },
  {
    "Id": 87,
    "CurveId": 0,
    "Level": 87,
    "LifeMaxRatio": 2310149,
    "AtkRatio": 324443,
    "DefRatio": 18600,
    "HardnessMaxRatio": 2310149,
    "HardnessRatio": 2310149,
    "HardnessRecoverRatio": 2310149,
    "RageMaxRatio": 2310149,
    "RageRatio": 2310149,
    "RageRecoverRatio": 2310149
  },
  {
    "Id": 88,
    "CurveId": 0,
    "Level": 88,
    "LifeMaxRatio": 2411453,
    "AtkRatio": 328853,
    "DefRatio": 18700,
    "HardnessMaxRatio": 2411453,
    "HardnessRatio": 2411453,
    "HardnessRecoverRatio": 2411453,
    "RageMaxRatio": 2411453,
    "RageRatio": 2411453,
    "RageRecoverRatio": 2411453
  },
  {
    "Id": 89,
    "CurveId": 0,
    "Level": 89,
    "LifeMaxRatio": 2514780,
    "AtkRatio": 330623,
    "DefRatio": 18800,
    "HardnessMaxRatio": 2514780,
    "HardnessRatio": 2514780,
    "HardnessRecoverRatio": 2514780,
    "RageMaxRatio": 2514780,
    "RageRatio": 2514780,
    "RageRecoverRatio": 2514780
  },
  {
    "Id": 90,
    "CurveId": 0,
    "Level": 90,
    "LifeMaxRatio": 2626059,
    "AtkRatio": 335039,
    "DefRatio": 18900,
    "HardnessMaxRatio": 2626059,
    "HardnessRatio": 2626059,
    "HardnessRecoverRatio": 2626059,
    "RageMaxRatio": 2626059,
    "RageRatio": 2626059,
    "RageRecoverRatio": 2626059
  },
  {
    "Id": 91,
    "CurveId": 0,
    "Level": 91,
    "LifeMaxRatio": 2759515,
    "AtkRatio": 335039,
    "DefRatio": 19000,
    "HardnessMaxRatio": 2759515,
    "HardnessRatio": 2759515,
    "HardnessRecoverRatio": 2759515,
    "RageMaxRatio": 2759515,
    "RageRatio": 2759515,
    "RageRecoverRatio": 2759515
  },
  {
    "Id": 92,
    "CurveId": 0,
    "Level": 92,
    "LifeMaxRatio": 2898572,
    "AtkRatio": 335039,
    "DefRatio": 19100,
    "HardnessMaxRatio": 2898572,
    "HardnessRatio": 2898572,
    "HardnessRecoverRatio": 2898572,
    "RageMaxRatio": 2898572,
    "RageRatio": 2898572,
    "RageRecoverRatio": 2898572
  },
  {
    "Id": 93,
    "CurveId": 0,
    "Level": 93,
    "LifeMaxRatio": 3017716,
    "AtkRatio": 335039,
    "DefRatio": 19200,
    "HardnessMaxRatio": 3017716,
    "HardnessRatio": 3017716,
    "HardnessRecoverRatio": 3017716,
    "RageMaxRatio": 3017716,
    "RageRatio": 3017716,
    "RageRecoverRatio": 3017716
  },
  {
    "Id": 94,
    "CurveId": 0,
    "Level": 94,
    "LifeMaxRatio": 3118136,
    "AtkRatio": 335039,
    "DefRatio": 19300,
    "HardnessMaxRatio": 3118136,
    "HardnessRatio": 3118136,
    "HardnessRecoverRatio": 3118136,
    "RageMaxRatio": 3118136,
    "RageRatio": 3118136,
    "RageRecoverRatio": 3118136
  },
  {
    "Id": 95,
    "CurveId": 0,
    "Level": 95,
    "LifeMaxRatio": 3194898,
    "AtkRatio": 335039,
    "DefRatio": 19400,
    "HardnessMaxRatio": 3194898,
    "HardnessRatio": 3194898,
    "HardnessRecoverRatio": 3194898,
    "RageMaxRatio": 3194898,
    "RageRatio": 3194898,
    "RageRecoverRatio": 3194898
  },
  {
    "Id": 96,
    "CurveId": 0,
    "Level": 96,
    "LifeMaxRatio": 3309739,
    "AtkRatio": 335039,
    "DefRatio": 19500,
    "HardnessMaxRatio": 3309739,
    "HardnessRatio": 3309739,
    "HardnessRecoverRatio": 3309739,
    "RageMaxRatio": 3309739,
    "RageRatio": 3309739,
    "RageRecoverRatio": 3309739
  },
  {
    "Id": 97,
    "CurveId": 0,
    "Level": 97,
    "LifeMaxRatio": 3403270,
    "AtkRatio": 335039,
    "DefRatio": 19600,
    "HardnessMaxRatio": 3403270,
    "HardnessRatio": 3403270,
    "HardnessRecoverRatio": 3403270,
    "RageMaxRatio": 3403270,
    "RageRatio": 3403270,
    "RageRecoverRatio": 3403270
  },
  {
    "Id": 98,
    "CurveId": 0,
    "Level": 98,
    "LifeMaxRatio": 3485365,
    "AtkRatio": 335039,
    "DefRatio": 19700,
    "HardnessMaxRatio": 3485365,
    "HardnessRatio": 3485365,
    "HardnessRecoverRatio": 3485365,
    "RageMaxRatio": 3485365,
    "RageRatio": 3485365,
    "RageRecoverRatio": 3485365
  },
  {
    "Id": 99,
    "CurveId": 0,
    "Level": 99,
    "LifeMaxRatio": 3567525,
    "AtkRatio": 335039,
    "DefRatio": 19800,
    "HardnessMaxRatio": 3567525,
    "HardnessRatio": 3567525,
    "HardnessRecoverRatio": 3567525,
    "RageMaxRatio": 3567525,
    "RageRatio": 3567525,
    "RageRecoverRatio": 3567525
  },
  {
    "Id": 100,
    "CurveId": 0,
    "Level": 100,
    "LifeMaxRatio": 3644493,
    "AtkRatio": 335039,
    "DefRatio": 19900,
    "HardnessMaxRatio": 3644493,
    "HardnessRatio": 3644493,
    "HardnessRecoverRatio": 3644493,
    "RageMaxRatio": 3644493,
    "RageRatio": 3644493,
    "RageRecoverRatio": 3644493
  },
  {
    "Id": 101,
    "CurveId": 0,
    "Level": 101,
    "LifeMaxRatio": 3848579,
    "AtkRatio": 335039,
    "DefRatio": 20000,
    "HardnessMaxRatio": 3848579,
    "HardnessRatio": 3848579,
    "HardnessRecoverRatio": 3848579,
    "RageMaxRatio": 3848579,
    "RageRatio": 3848579,
    "RageRecoverRatio": 3848579
  },
  {
    "Id": 102,
    "CurveId": 0,
    "Level": 102,
    "LifeMaxRatio": 3873481,
    "AtkRatio": 335039,
    "DefRatio": 20100,
    "HardnessMaxRatio": 3873481,
    "HardnessRatio": 3873481,
    "HardnessRecoverRatio": 3873481,
    "RageMaxRatio": 3873481,
    "RageRatio": 3873481,
    "RageRecoverRatio": 3873481
  },
  {
    "Id": 103,
    "CurveId": 0,
    "Level": 103,
    "LifeMaxRatio": 3898383,
    "AtkRatio": 335039,
    "DefRatio": 20200,
    "HardnessMaxRatio": 3898383,
    "HardnessRatio": 3898383,
    "HardnessRecoverRatio": 3898383,
    "RageMaxRatio": 3898383,
    "RageRatio": 3898383,
    "RageRecoverRatio": 3898383
  },
  {
    "Id": 104,
    "CurveId": 0,
    "Level": 104,
    "LifeMaxRatio": 3923285,
    "AtkRatio": 335039,
    "DefRatio": 20300,
    "HardnessMaxRatio": 3923285,
    "HardnessRatio": 3923285,
    "HardnessRecoverRatio": 3923285,
    "RageMaxRatio": 3923285,
    "RageRatio": 3923285,
    "RageRecoverRatio": 3923285
  },
  {
    "Id": 105,
    "CurveId": 0,
    "Level": 105,
    "LifeMaxRatio": 3948187,
    "AtkRatio": 335039,
    "DefRatio": 20400,
    "HardnessMaxRatio": 3948187,
    "HardnessRatio": 3948187,
    "HardnessRecoverRatio": 3948187,
    "RageMaxRatio": 3948187,
    "RageRatio": 3948187,
    "RageRecoverRatio": 3948187
  },
  {
    "Id": 106,
    "CurveId": 0,
    "Level": 106,
    "LifeMaxRatio": 3973089,
    "AtkRatio": 335039,
    "DefRatio": 20500,
    "HardnessMaxRatio": 3973089,
    "HardnessRatio": 3973089,
    "HardnessRecoverRatio": 3973089,
    "RageMaxRatio": 3973089,
    "RageRatio": 3973089,
    "RageRecoverRatio": 3973089
  },
  {
    "Id": 107,
    "CurveId": 0,
    "Level": 107,
    "LifeMaxRatio": 3997991,
    "AtkRatio": 335039,
    "DefRatio": 20600,
    "HardnessMaxRatio": 3997991,
    "HardnessRatio": 3997991,
    "HardnessRecoverRatio": 3997991,
    "RageMaxRatio": 3997991,
    "RageRatio": 3997991,
    "RageRecoverRatio": 3997991
  },
  {
    "Id": 108,
    "CurveId": 0,
    "Level": 108,
    "LifeMaxRatio": 4022893,
    "AtkRatio": 335039,
    "DefRatio": 20700,
    "HardnessMaxRatio": 4022893,
    "HardnessRatio": 4022893,
    "HardnessRecoverRatio": 4022893,
    "RageMaxRatio": 4022893,
    "RageRatio": 4022893,
    "RageRecoverRatio": 4022893
  },
  {
    "Id": 109,
    "CurveId": 0,
    "Level": 109,
    "LifeMaxRatio": 4047795,
    "AtkRatio": 335039,
    "DefRatio": 20800,
    "HardnessMaxRatio": 4047795,
    "HardnessRatio": 4047795,
    "HardnessRecoverRatio": 4047795,
    "RageMaxRatio": 4047795,
    "RageRatio": 4047795,
    "RageRecoverRatio": 4047795
  },
  {
    "Id": 110,
    "CurveId": 0,
    "Level": 110,
    "LifeMaxRatio": 4072697,
    "AtkRatio": 335039,
    "DefRatio": 20900,
    "HardnessMaxRatio": 4072697,
    "HardnessRatio": 4072697,
    "HardnessRecoverRatio": 4072697,
    "RageMaxRatio": 4072697,
    "RageRatio": 4072697,
    "RageRecoverRatio": 4072697
  },
  {
    "Id": 111,
    "CurveId": 0,
    "Level": 111,
    "LifeMaxRatio": 4097599,
    "AtkRatio": 335039,
    "DefRatio": 21000,
    "HardnessMaxRatio": 4097599,
    "HardnessRatio": 4097599,
    "HardnessRecoverRatio": 4097599,
    "RageMaxRatio": 4097599,
    "RageRatio": 4097599,
    "RageRecoverRatio": 4097599
  },
  {
    "Id": 112,
    "CurveId": 0,
    "Level": 112,
    "LifeMaxRatio": 4122501,
    "AtkRatio": 335039,
    "DefRatio": 21100,
    "HardnessMaxRatio": 4122501,
    "HardnessRatio": 4122501,
    "HardnessRecoverRatio": 4122501,
    "RageMaxRatio": 4122501,
    "RageRatio": 4122501,
    "RageRecoverRatio": 4122501
  },
  {
    "Id": 113,
    "CurveId": 0,
    "Level": 113,
    "LifeMaxRatio": 4147403,
    "AtkRatio": 335039,
    "DefRatio": 21200,
    "HardnessMaxRatio": 4147403,
    "HardnessRatio": 4147403,
    "HardnessRecoverRatio": 4147403,
    "RageMaxRatio": 4147403,
    "RageRatio": 4147403,
    "RageRecoverRatio": 4147403
  },
  {
    "Id": 114,
    "CurveId": 0,
    "Level": 114,
    "LifeMaxRatio": 4172305,
    "AtkRatio": 335039,
    "DefRatio": 21300,
    "HardnessMaxRatio": 4172305,
    "HardnessRatio": 4172305,
    "HardnessRecoverRatio": 4172305,
    "RageMaxRatio": 4172305,
    "RageRatio": 4172305,
    "RageRecoverRatio": 4172305
  },
  {
    "Id": 115,
    "CurveId": 0,
    "Level": 115,
    "LifeMaxRatio": 4197207,
    "AtkRatio": 335039,
    "DefRatio": 21400,
    "HardnessMaxRatio": 4197207,
    "HardnessRatio": 4197207,
    "HardnessRecoverRatio": 4197207,
    "RageMaxRatio": 4197207,
    "RageRatio": 4197207,
    "RageRecoverRatio": 4197207
  },
  {
    "Id": 116,
    "CurveId": 0,
    "Level": 116,
    "LifeMaxRatio": 4222109,
    "AtkRatio": 335039,
    "DefRatio": 21500,
    "HardnessMaxRatio": 4222109,
    "HardnessRatio": 4222109,
    "HardnessRecoverRatio": 4222109,
    "RageMaxRatio": 4222109,
    "RageRatio": 4222109,
    "RageRecoverRatio": 4222109
  },
  {
    "Id": 117,
    "CurveId": 0,
    "Level": 117,
    "LifeMaxRatio": 4247011,
    "AtkRatio": 335039,
    "DefRatio": 21600,
    "HardnessMaxRatio": 4247011,
    "HardnessRatio": 4247011,
    "HardnessRecoverRatio": 4247011,
    "RageMaxRatio": 4247011,
    "RageRatio": 4247011,
    "RageRecoverRatio": 4247011
  },
  {
    "Id": 118,
    "CurveId": 0,
    "Level": 118,
    "LifeMaxRatio": 4271913,
    "AtkRatio": 335039,
    "DefRatio": 21700,
    "HardnessMaxRatio": 4271913,
    "HardnessRatio": 4271913,
    "HardnessRecoverRatio": 4271913,
    "RageMaxRatio": 4271913,
    "RageRatio": 4271913,
    "RageRecoverRatio": 4271913
  },
  {
    "Id": 119,
    "CurveId": 0,
    "Level": 119,
    "LifeMaxRatio": 4296815,
    "AtkRatio": 335039,
    "DefRatio": 21800,
    "HardnessMaxRatio": 4296815,
    "HardnessRatio": 4296815,
    "HardnessRecoverRatio": 4296815,
    "RageMaxRatio": 4296815,
    "RageRatio": 4296815,
    "RageRecoverRatio": 4296815
  },
  {
    "Id": 120,
    "CurveId": 0,
    "Level": 120,
    "LifeMaxRatio": 4321717,
    "AtkRatio": 335039,
    "DefRatio": 21900,
    "HardnessMaxRatio": 4321717,
    "HardnessRatio": 4321717,
    "HardnessRecoverRatio": 4321717,
    "RageMaxRatio": 4321717,
    "RageRatio": 4321717,
    "RageRecoverRatio": 4321717
  },
  {
    "Id": 1001,
    "CurveId": 1001,
    "Level": 1,
    "LifeMaxRatio": 5000,
    "AtkRatio": 10000,
    "DefRatio": 10000,
    "HardnessMaxRatio": 5000,
    "HardnessRatio": 5000,
    "HardnessRecoverRatio": 5000,
    "RageMaxRatio": 5000,
    "RageRatio": 5000,
    "RageRecoverRatio": 5000
  },
  {
    "Id": 1002,
    "CurveId": 1001,
    "Level": 2,
    "LifeMaxRatio": 5476,
    "AtkRatio": 10532,
    "DefRatio": 10825,
    "HardnessMaxRatio": 5476,
    "HardnessRatio": 5476,
    "HardnessRecoverRatio": 5476,
    "RageMaxRatio": 5476,
    "RageRatio": 5476,
    "RageRecoverRatio": 5476
  },
  {
    "Id": 1003,
    "CurveId": 1001,
    "Level": 3,
    "LifeMaxRatio": 5962,
    "AtkRatio": 11065,
    "DefRatio": 11652,
    "HardnessMaxRatio": 5962,
    "HardnessRatio": 5962,
    "HardnessRecoverRatio": 5962,
    "RageMaxRatio": 5962,
    "RageRatio": 5962,
    "RageRecoverRatio": 5962
  },
  {
    "Id": 1004,
    "CurveId": 1001,
    "Level": 4,
    "LifeMaxRatio": 6456,
    "AtkRatio": 11065,
    "DefRatio": 12479,
    "HardnessMaxRatio": 6456,
    "HardnessRatio": 6456,
    "HardnessRecoverRatio": 6456,
    "RageMaxRatio": 6456,
    "RageRatio": 6456,
    "RageRecoverRatio": 6456
  },
  {
    "Id": 1005,
    "CurveId": 1001,
    "Level": 5,
    "LifeMaxRatio": 6958,
    "AtkRatio": 11065,
    "DefRatio": 13306,
    "HardnessMaxRatio": 6958,
    "HardnessRatio": 6958,
    "HardnessRecoverRatio": 6958,
    "RageMaxRatio": 6958,
    "RageRatio": 6958,
    "RageRecoverRatio": 6958
  },
  {
    "Id": 1006,
    "CurveId": 1001,
    "Level": 6,
    "LifeMaxRatio": 7469,
    "AtkRatio": 11599,
    "DefRatio": 14134,
    "HardnessMaxRatio": 7469,
    "HardnessRatio": 7469,
    "HardnessRecoverRatio": 7469,
    "RageMaxRatio": 7469,
    "RageRatio": 7469,
    "RageRecoverRatio": 7469
  },
  {
    "Id": 1007,
    "CurveId": 1001,
    "Level": 7,
    "LifeMaxRatio": 7988,
    "AtkRatio": 12133,
    "DefRatio": 14962,
    "HardnessMaxRatio": 7988,
    "HardnessRatio": 7988,
    "HardnessRecoverRatio": 7988,
    "RageMaxRatio": 7988,
    "RageRatio": 7988,
    "RageRecoverRatio": 7988
  },
  {
    "Id": 1008,
    "CurveId": 1001,
    "Level": 8,
    "LifeMaxRatio": 8516,
    "AtkRatio": 12667,
    "DefRatio": 15791,
    "HardnessMaxRatio": 8516,
    "HardnessRatio": 8516,
    "HardnessRecoverRatio": 8516,
    "RageMaxRatio": 8516,
    "RageRatio": 8516,
    "RageRecoverRatio": 8516
  },
  {
    "Id": 1009,
    "CurveId": 1001,
    "Level": 9,
    "LifeMaxRatio": 9052,
    "AtkRatio": 13202,
    "DefRatio": 16620,
    "HardnessMaxRatio": 9052,
    "HardnessRatio": 9052,
    "HardnessRecoverRatio": 9052,
    "RageMaxRatio": 9052,
    "RageRatio": 9052,
    "RageRecoverRatio": 9052
  },
  {
    "Id": 1010,
    "CurveId": 1001,
    "Level": 10,
    "LifeMaxRatio": 9597,
    "AtkRatio": 13737,
    "DefRatio": 17449,
    "HardnessMaxRatio": 9597,
    "HardnessRatio": 9597,
    "HardnessRecoverRatio": 9597,
    "RageMaxRatio": 9597,
    "RageRatio": 9597,
    "RageRecoverRatio": 9597
  },
  {
    "Id": 1011,
    "CurveId": 1001,
    "Level": 11,
    "LifeMaxRatio": 10150,
    "AtkRatio": 14985,
    "DefRatio": 18278,
    "HardnessMaxRatio": 10150,
    "HardnessRatio": 10150,
    "HardnessRecoverRatio": 10150,
    "RageMaxRatio": 10150,
    "RageRatio": 10150,
    "RageRecoverRatio": 10150
  },
  {
    "Id": 1012,
    "CurveId": 1001,
    "Level": 12,
    "LifeMaxRatio": 10712,
    "AtkRatio": 15548,
    "DefRatio": 19108,
    "HardnessMaxRatio": 10712,
    "HardnessRatio": 10712,
    "HardnessRecoverRatio": 10712,
    "RageMaxRatio": 10712,
    "RageRatio": 10712,
    "RageRecoverRatio": 10712
  },
  {
    "Id": 1013,
    "CurveId": 1001,
    "Level": 13,
    "LifeMaxRatio": 11283,
    "AtkRatio": 16150,
    "DefRatio": 19939,
    "HardnessMaxRatio": 11283,
    "HardnessRatio": 11283,
    "HardnessRecoverRatio": 11283,
    "RageMaxRatio": 11283,
    "RageRatio": 11283,
    "RageRecoverRatio": 11283
  },
  {
    "Id": 1014,
    "CurveId": 1001,
    "Level": 14,
    "LifeMaxRatio": 11862,
    "AtkRatio": 16752,
    "DefRatio": 20770,
    "HardnessMaxRatio": 11862,
    "HardnessRatio": 11862,
    "HardnessRecoverRatio": 11862,
    "RageMaxRatio": 11862,
    "RageRatio": 11862,
    "RageRecoverRatio": 11862
  },
  {
    "Id": 1015,
    "CurveId": 1001,
    "Level": 15,
    "LifeMaxRatio": 12449,
    "AtkRatio": 17394,
    "DefRatio": 21601,
    "HardnessMaxRatio": 12449,
    "HardnessRatio": 12449,
    "HardnessRecoverRatio": 12449,
    "RageMaxRatio": 12449,
    "RageRatio": 12449,
    "RageRecoverRatio": 12449
  },
  {
    "Id": 1016,
    "CurveId": 1001,
    "Level": 16,
    "LifeMaxRatio": 13045,
    "AtkRatio": 18113,
    "DefRatio": 22432,
    "HardnessMaxRatio": 13045,
    "HardnessRatio": 13045,
    "HardnessRecoverRatio": 13045,
    "RageMaxRatio": 13045,
    "RageRatio": 13045,
    "RageRecoverRatio": 13045
  },
  {
    "Id": 1017,
    "CurveId": 1001,
    "Level": 17,
    "LifeMaxRatio": 13650,
    "AtkRatio": 18873,
    "DefRatio": 23264,
    "HardnessMaxRatio": 13650,
    "HardnessRatio": 13650,
    "HardnessRecoverRatio": 13650,
    "RageMaxRatio": 13650,
    "RageRatio": 13650,
    "RageRecoverRatio": 13650
  },
  {
    "Id": 1018,
    "CurveId": 1001,
    "Level": 18,
    "LifeMaxRatio": 14264,
    "AtkRatio": 19632,
    "DefRatio": 24096,
    "HardnessMaxRatio": 14264,
    "HardnessRatio": 14264,
    "HardnessRecoverRatio": 14264,
    "RageMaxRatio": 14264,
    "RageRatio": 14264,
    "RageRecoverRatio": 14264
  },
  {
    "Id": 1019,
    "CurveId": 1001,
    "Level": 19,
    "LifeMaxRatio": 14886,
    "AtkRatio": 20470,
    "DefRatio": 24929,
    "HardnessMaxRatio": 14886,
    "HardnessRatio": 14886,
    "HardnessRecoverRatio": 14886,
    "RageMaxRatio": 14886,
    "RageRatio": 14886,
    "RageRecoverRatio": 14886
  },
  {
    "Id": 1020,
    "CurveId": 1001,
    "Level": 20,
    "LifeMaxRatio": 15518,
    "AtkRatio": 24354,
    "DefRatio": 25761,
    "HardnessMaxRatio": 15518,
    "HardnessRatio": 15518,
    "HardnessRecoverRatio": 15518,
    "RageMaxRatio": 15518,
    "RageRatio": 15518,
    "RageRecoverRatio": 15518
  },
  {
    "Id": 1021,
    "CurveId": 1001,
    "Level": 21,
    "LifeMaxRatio": 21032,
    "AtkRatio": 28769,
    "DefRatio": 33097,
    "HardnessMaxRatio": 21032,
    "HardnessRatio": 21032,
    "HardnessRecoverRatio": 21032,
    "RageMaxRatio": 21032,
    "RageRatio": 21032,
    "RageRecoverRatio": 21032
  },
  {
    "Id": 1022,
    "CurveId": 1001,
    "Level": 22,
    "LifeMaxRatio": 21782,
    "AtkRatio": 30625,
    "DefRatio": 33924,
    "HardnessMaxRatio": 21782,
    "HardnessRatio": 21782,
    "HardnessRecoverRatio": 21782,
    "RageMaxRatio": 21782,
    "RageRatio": 21782,
    "RageRecoverRatio": 21782
  },
  {
    "Id": 1023,
    "CurveId": 1001,
    "Level": 23,
    "LifeMaxRatio": 22540,
    "AtkRatio": 32152,
    "DefRatio": 34752,
    "HardnessMaxRatio": 22540,
    "HardnessRatio": 22540,
    "HardnessRecoverRatio": 22540,
    "RageMaxRatio": 22540,
    "RageRatio": 22540,
    "RageRecoverRatio": 22540
  },
  {
    "Id": 1024,
    "CurveId": 1001,
    "Level": 24,
    "LifeMaxRatio": 23309,
    "AtkRatio": 33459,
    "DefRatio": 35579,
    "HardnessMaxRatio": 23309,
    "HardnessRatio": 23309,
    "HardnessRecoverRatio": 23309,
    "RageMaxRatio": 23309,
    "RageRatio": 23309,
    "RageRecoverRatio": 23309
  },
  {
    "Id": 1025,
    "CurveId": 1001,
    "Level": 25,
    "LifeMaxRatio": 24152,
    "AtkRatio": 37605,
    "DefRatio": 36425,
    "HardnessMaxRatio": 24152,
    "HardnessRatio": 24152,
    "HardnessRecoverRatio": 24152,
    "RageMaxRatio": 24152,
    "RageRatio": 24152,
    "RageRecoverRatio": 24152
  },
  {
    "Id": 1026,
    "CurveId": 1001,
    "Level": 26,
    "LifeMaxRatio": 25007,
    "AtkRatio": 39006,
    "DefRatio": 37273,
    "HardnessMaxRatio": 25007,
    "HardnessRatio": 25007,
    "HardnessRecoverRatio": 25007,
    "RageMaxRatio": 25007,
    "RageRatio": 25007,
    "RageRecoverRatio": 25007
  },
  {
    "Id": 1027,
    "CurveId": 1001,
    "Level": 27,
    "LifeMaxRatio": 25873,
    "AtkRatio": 44523,
    "DefRatio": 38121,
    "HardnessMaxRatio": 25873,
    "HardnessRatio": 25873,
    "HardnessRecoverRatio": 25873,
    "RageMaxRatio": 25873,
    "RageRatio": 25873,
    "RageRecoverRatio": 25873
  },
  {
    "Id": 1028,
    "CurveId": 1001,
    "Level": 28,
    "LifeMaxRatio": 26750,
    "AtkRatio": 50430,
    "DefRatio": 38970,
    "HardnessMaxRatio": 26750,
    "HardnessRatio": 26750,
    "HardnessRecoverRatio": 26750,
    "RageMaxRatio": 26750,
    "RageRatio": 26750,
    "RageRecoverRatio": 26750
  },
  {
    "Id": 1029,
    "CurveId": 1001,
    "Level": 29,
    "LifeMaxRatio": 27695,
    "AtkRatio": 53542,
    "DefRatio": 39819,
    "HardnessMaxRatio": 27695,
    "HardnessRatio": 27695,
    "HardnessRecoverRatio": 27695,
    "RageMaxRatio": 27695,
    "RageRatio": 27695,
    "RageRecoverRatio": 27695
  },
  {
    "Id": 1030,
    "CurveId": 1001,
    "Level": 30,
    "LifeMaxRatio": 28651,
    "AtkRatio": 58716,
    "DefRatio": 40670,
    "HardnessMaxRatio": 28651,
    "HardnessRatio": 28651,
    "HardnessRecoverRatio": 28651,
    "RageMaxRatio": 28651,
    "RageRatio": 28651,
    "RageRecoverRatio": 28651
  },
  {
    "Id": 1031,
    "CurveId": 1001,
    "Level": 31,
    "LifeMaxRatio": 29565,
    "AtkRatio": 63968,
    "DefRatio": 41521,
    "HardnessMaxRatio": 29565,
    "HardnessRatio": 29565,
    "HardnessRecoverRatio": 29565,
    "RageMaxRatio": 29565,
    "RageRatio": 29565,
    "RageRecoverRatio": 29565
  },
  {
    "Id": 1032,
    "CurveId": 1001,
    "Level": 32,
    "LifeMaxRatio": 30548,
    "AtkRatio": 68844,
    "DefRatio": 42374,
    "HardnessMaxRatio": 30548,
    "HardnessRatio": 30548,
    "HardnessRecoverRatio": 30548,
    "RageMaxRatio": 30548,
    "RageRatio": 30548,
    "RageRecoverRatio": 30548
  },
  {
    "Id": 1033,
    "CurveId": 1001,
    "Level": 33,
    "LifeMaxRatio": 31542,
    "AtkRatio": 73790,
    "DefRatio": 43227,
    "HardnessMaxRatio": 31542,
    "HardnessRatio": 31542,
    "HardnessRecoverRatio": 31542,
    "RageMaxRatio": 31542,
    "RageRatio": 31542,
    "RageRecoverRatio": 31542
  },
  {
    "Id": 1034,
    "CurveId": 1001,
    "Level": 34,
    "LifeMaxRatio": 32609,
    "AtkRatio": 78987,
    "DefRatio": 44081,
    "HardnessMaxRatio": 32609,
    "HardnessRatio": 32609,
    "HardnessRecoverRatio": 32609,
    "RageMaxRatio": 32609,
    "RageRatio": 32609,
    "RageRecoverRatio": 32609
  },
  {
    "Id": 1035,
    "CurveId": 1001,
    "Level": 35,
    "LifeMaxRatio": 33657,
    "AtkRatio": 84270,
    "DefRatio": 44976,
    "HardnessMaxRatio": 33657,
    "HardnessRatio": 33657,
    "HardnessRecoverRatio": 33657,
    "RageMaxRatio": 33657,
    "RageRatio": 33657,
    "RageRecoverRatio": 33657
  },
  {
    "Id": 1036,
    "CurveId": 1001,
    "Level": 36,
    "LifeMaxRatio": 34721,
    "AtkRatio": 89292,
    "DefRatio": 45874,
    "HardnessMaxRatio": 34721,
    "HardnessRatio": 34721,
    "HardnessRecoverRatio": 34721,
    "RageMaxRatio": 34721,
    "RageRatio": 34721,
    "RageRecoverRatio": 34721
  },
  {
    "Id": 1037,
    "CurveId": 1001,
    "Level": 37,
    "LifeMaxRatio": 35859,
    "AtkRatio": 94484,
    "DefRatio": 46774,
    "HardnessMaxRatio": 35859,
    "HardnessRatio": 35859,
    "HardnessRecoverRatio": 35859,
    "RageMaxRatio": 35859,
    "RageRatio": 35859,
    "RageRecoverRatio": 35859
  },
  {
    "Id": 1038,
    "CurveId": 1001,
    "Level": 38,
    "LifeMaxRatio": 37013,
    "AtkRatio": 99752,
    "DefRatio": 47677,
    "HardnessMaxRatio": 37013,
    "HardnessRatio": 37013,
    "HardnessRecoverRatio": 37013,
    "RageMaxRatio": 37013,
    "RageRatio": 37013,
    "RageRecoverRatio": 37013
  },
  {
    "Id": 1039,
    "CurveId": 1001,
    "Level": 39,
    "LifeMaxRatio": 38124,
    "AtkRatio": 105094,
    "DefRatio": 48582,
    "HardnessMaxRatio": 38124,
    "HardnessRatio": 38124,
    "HardnessRecoverRatio": 38124,
    "RageMaxRatio": 38124,
    "RageRatio": 38124,
    "RageRecoverRatio": 38124
  },
  {
    "Id": 1040,
    "CurveId": 1001,
    "Level": 40,
    "LifeMaxRatio": 39310,
    "AtkRatio": 110628,
    "DefRatio": 49489,
    "HardnessMaxRatio": 39310,
    "HardnessRatio": 39310,
    "HardnessRecoverRatio": 39310,
    "RageMaxRatio": 39310,
    "RageRatio": 39310,
    "RageRecoverRatio": 39310
  },
  {
    "Id": 1041,
    "CurveId": 1001,
    "Level": 41,
    "LifeMaxRatio": 49063,
    "AtkRatio": 111442,
    "DefRatio": 57148,
    "HardnessMaxRatio": 49063,
    "HardnessRatio": 49063,
    "HardnessRecoverRatio": 49063,
    "RageMaxRatio": 49063,
    "RageRatio": 49063,
    "RageRecoverRatio": 49063
  },
  {
    "Id": 1042,
    "CurveId": 1001,
    "Level": 42,
    "LifeMaxRatio": 50533,
    "AtkRatio": 119319,
    "DefRatio": 58217,
    "HardnessMaxRatio": 50533,
    "HardnessRatio": 50533,
    "HardnessRecoverRatio": 50533,
    "RageMaxRatio": 50533,
    "RageRatio": 50533,
    "RageRecoverRatio": 50533
  },
  {
    "Id": 1043,
    "CurveId": 1001,
    "Level": 43,
    "LifeMaxRatio": 52132,
    "AtkRatio": 126951,
    "DefRatio": 59292,
    "HardnessMaxRatio": 52132,
    "HardnessRatio": 52132,
    "HardnessRecoverRatio": 52132,
    "RageMaxRatio": 52132,
    "RageRatio": 52132,
    "RageRecoverRatio": 52132
  },
  {
    "Id": 1044,
    "CurveId": 1001,
    "Level": 44,
    "LifeMaxRatio": 53653,
    "AtkRatio": 134737,
    "DefRatio": 60373,
    "HardnessMaxRatio": 53653,
    "HardnessRatio": 53653,
    "HardnessRecoverRatio": 53653,
    "RageMaxRatio": 53653,
    "RageRatio": 53653,
    "RageRecoverRatio": 53653
  },
  {
    "Id": 1045,
    "CurveId": 1001,
    "Level": 45,
    "LifeMaxRatio": 55199,
    "AtkRatio": 142509,
    "DefRatio": 61461,
    "HardnessMaxRatio": 55199,
    "HardnessRatio": 55199,
    "HardnessRecoverRatio": 55199,
    "RageMaxRatio": 55199,
    "RageRatio": 55199,
    "RageRecoverRatio": 55199
  },
  {
    "Id": 1046,
    "CurveId": 1001,
    "Level": 46,
    "LifeMaxRatio": 56771,
    "AtkRatio": 150687,
    "DefRatio": 62556,
    "HardnessMaxRatio": 56771,
    "HardnessRatio": 56771,
    "HardnessRecoverRatio": 56771,
    "RageMaxRatio": 56771,
    "RageRatio": 56771,
    "RageRecoverRatio": 56771
  },
  {
    "Id": 1047,
    "CurveId": 1001,
    "Level": 47,
    "LifeMaxRatio": 58369,
    "AtkRatio": 162604,
    "DefRatio": 63657,
    "HardnessMaxRatio": 58369,
    "HardnessRatio": 58369,
    "HardnessRecoverRatio": 58369,
    "RageMaxRatio": 58369,
    "RageRatio": 58369,
    "RageRecoverRatio": 58369
  },
  {
    "Id": 1048,
    "CurveId": 1001,
    "Level": 48,
    "LifeMaxRatio": 59994,
    "AtkRatio": 174648,
    "DefRatio": 64765,
    "HardnessMaxRatio": 59994,
    "HardnessRatio": 59994,
    "HardnessRecoverRatio": 59994,
    "RageMaxRatio": 59994,
    "RageRatio": 59994,
    "RageRecoverRatio": 59994
  },
  {
    "Id": 1049,
    "CurveId": 1001,
    "Level": 49,
    "LifeMaxRatio": 61644,
    "AtkRatio": 186912,
    "DefRatio": 65880,
    "HardnessMaxRatio": 61644,
    "HardnessRatio": 61644,
    "HardnessRecoverRatio": 61644,
    "RageMaxRatio": 61644,
    "RageRatio": 61644,
    "RageRecoverRatio": 61644
  },
  {
    "Id": 1050,
    "CurveId": 1001,
    "Level": 50,
    "LifeMaxRatio": 67808,
    "AtkRatio": 205926,
    "DefRatio": 67001,
    "HardnessMaxRatio": 67808,
    "HardnessRatio": 67808,
    "HardnessRecoverRatio": 67808,
    "RageMaxRatio": 67808,
    "RageRatio": 67808,
    "RageRecoverRatio": 67808
  },
  {
    "Id": 1051,
    "CurveId": 1001,
    "Level": 51,
    "LifeMaxRatio": 77519,
    "AtkRatio": 229342,
    "DefRatio": 74943,
    "HardnessMaxRatio": 77519,
    "HardnessRatio": 77519,
    "HardnessRecoverRatio": 77519,
    "RageMaxRatio": 77519,
    "RageRatio": 77519,
    "RageRecoverRatio": 77519
  },
  {
    "Id": 1052,
    "CurveId": 1001,
    "Level": 52,
    "LifeMaxRatio": 79499,
    "AtkRatio": 249270,
    "DefRatio": 76034,
    "HardnessMaxRatio": 79499,
    "HardnessRatio": 79499,
    "HardnessRecoverRatio": 79499,
    "RageMaxRatio": 79499,
    "RageRatio": 79499,
    "RageRecoverRatio": 79499
  },
  {
    "Id": 1053,
    "CurveId": 1001,
    "Level": 53,
    "LifeMaxRatio": 81339,
    "AtkRatio": 269413,
    "DefRatio": 77131,
    "HardnessMaxRatio": 81339,
    "HardnessRatio": 81339,
    "HardnessRecoverRatio": 81339,
    "RageMaxRatio": 81339,
    "RageRatio": 81339,
    "RageRecoverRatio": 81339
  },
  {
    "Id": 1054,
    "CurveId": 1001,
    "Level": 54,
    "LifeMaxRatio": 83377,
    "AtkRatio": 291253,
    "DefRatio": 78232,
    "HardnessMaxRatio": 83377,
    "HardnessRatio": 83377,
    "HardnessRecoverRatio": 83377,
    "RageMaxRatio": 83377,
    "RageRatio": 83377,
    "RageRecoverRatio": 83377
  },
  {
    "Id": 1055,
    "CurveId": 1001,
    "Level": 55,
    "LifeMaxRatio": 85447,
    "AtkRatio": 309148,
    "DefRatio": 79339,
    "HardnessMaxRatio": 85447,
    "HardnessRatio": 85447,
    "HardnessRecoverRatio": 85447,
    "RageMaxRatio": 85447,
    "RageRatio": 85447,
    "RageRecoverRatio": 85447
  },
  {
    "Id": 1056,
    "CurveId": 1001,
    "Level": 56,
    "LifeMaxRatio": 87549,
    "AtkRatio": 324626,
    "DefRatio": 80450,
    "HardnessMaxRatio": 87549,
    "HardnessRatio": 87549,
    "HardnessRecoverRatio": 87549,
    "RageMaxRatio": 87549,
    "RageRatio": 87549,
    "RageRecoverRatio": 87549
  },
  {
    "Id": 1057,
    "CurveId": 1001,
    "Level": 57,
    "LifeMaxRatio": 89506,
    "AtkRatio": 341985,
    "DefRatio": 81567,
    "HardnessMaxRatio": 89506,
    "HardnessRatio": 89506,
    "HardnessRecoverRatio": 89506,
    "RageMaxRatio": 89506,
    "RageRatio": 89506,
    "RageRecoverRatio": 89506
  },
  {
    "Id": 1058,
    "CurveId": 1001,
    "Level": 58,
    "LifeMaxRatio": 91491,
    "AtkRatio": 366553,
    "DefRatio": 82688,
    "HardnessMaxRatio": 91491,
    "HardnessRatio": 91491,
    "HardnessRecoverRatio": 91491,
    "RageMaxRatio": 91491,
    "RageRatio": 91491,
    "RageRecoverRatio": 91491
  },
  {
    "Id": 1059,
    "CurveId": 1001,
    "Level": 59,
    "LifeMaxRatio": 93687,
    "AtkRatio": 393334,
    "DefRatio": 83815,
    "HardnessMaxRatio": 93687,
    "HardnessRatio": 93687,
    "HardnessRecoverRatio": 93687,
    "RageMaxRatio": 93687,
    "RageRatio": 93687,
    "RageRecoverRatio": 93687
  },
  {
    "Id": 1060,
    "CurveId": 1001,
    "Level": 60,
    "LifeMaxRatio": 96268,
    "AtkRatio": 409205,
    "DefRatio": 84946,
    "HardnessMaxRatio": 96268,
    "HardnessRatio": 96268,
    "HardnessRecoverRatio": 96268,
    "RageMaxRatio": 96268,
    "RageRatio": 96268,
    "RageRecoverRatio": 96268
  },
  {
    "Id": 1061,
    "CurveId": 1001,
    "Level": 61,
    "LifeMaxRatio": 126278,
    "AtkRatio": 432783,
    "DefRatio": 95948,
    "HardnessMaxRatio": 126278,
    "HardnessRatio": 126278,
    "HardnessRecoverRatio": 126278,
    "RageMaxRatio": 126278,
    "RageRatio": 126278,
    "RageRecoverRatio": 126278
  },
  {
    "Id": 1062,
    "CurveId": 1001,
    "Level": 62,
    "LifeMaxRatio": 134026,
    "AtkRatio": 467936,
    "DefRatio": 99954,
    "HardnessMaxRatio": 134026,
    "HardnessRatio": 134026,
    "HardnessRecoverRatio": 134026,
    "RageMaxRatio": 134026,
    "RageRatio": 134026,
    "RageRecoverRatio": 134026
  },
  {
    "Id": 1063,
    "CurveId": 1001,
    "Level": 63,
    "LifeMaxRatio": 142221,
    "AtkRatio": 500936,
    "DefRatio": 104019,
    "HardnessMaxRatio": 142221,
    "HardnessRatio": 142221,
    "HardnessRecoverRatio": 142221,
    "RageMaxRatio": 142221,
    "RageRatio": 142221,
    "RageRecoverRatio": 142221
  },
  {
    "Id": 1064,
    "CurveId": 1001,
    "Level": 64,
    "LifeMaxRatio": 150897,
    "AtkRatio": 538239,
    "DefRatio": 108143,
    "HardnessMaxRatio": 150897,
    "HardnessRatio": 150897,
    "HardnessRecoverRatio": 150897,
    "RageMaxRatio": 150897,
    "RageRatio": 150897,
    "RageRecoverRatio": 150897
  },
  {
    "Id": 1065,
    "CurveId": 1001,
    "Level": 65,
    "LifeMaxRatio": 158124,
    "AtkRatio": 594397,
    "DefRatio": 110825,
    "HardnessMaxRatio": 158124,
    "HardnessRatio": 158124,
    "HardnessRecoverRatio": 158124,
    "RageMaxRatio": 158124,
    "RageRatio": 158124,
    "RageRecoverRatio": 158124
  },
  {
    "Id": 1066,
    "CurveId": 1001,
    "Level": 66,
    "LifeMaxRatio": 163476,
    "AtkRatio": 638961,
    "DefRatio": 111853,
    "HardnessMaxRatio": 163476,
    "HardnessRatio": 163476,
    "HardnessRecoverRatio": 163476,
    "RageMaxRatio": 163476,
    "RageRatio": 163476,
    "RageRecoverRatio": 163476
  },
  {
    "Id": 1067,
    "CurveId": 1001,
    "Level": 67,
    "LifeMaxRatio": 169061,
    "AtkRatio": 679692,
    "DefRatio": 112883,
    "HardnessMaxRatio": 169061,
    "HardnessRatio": 169061,
    "HardnessRecoverRatio": 169061,
    "RageMaxRatio": 169061,
    "RageRatio": 169061,
    "RageRecoverRatio": 169061
  },
  {
    "Id": 1068,
    "CurveId": 1001,
    "Level": 68,
    "LifeMaxRatio": 175281,
    "AtkRatio": 729841,
    "DefRatio": 113913,
    "HardnessMaxRatio": 175281,
    "HardnessRatio": 175281,
    "HardnessRecoverRatio": 175281,
    "RageMaxRatio": 175281,
    "RageRatio": 175281,
    "RageRecoverRatio": 175281
  },
  {
    "Id": 1069,
    "CurveId": 1001,
    "Level": 69,
    "LifeMaxRatio": 181387,
    "AtkRatio": 776674,
    "DefRatio": 114943,
    "HardnessMaxRatio": 181387,
    "HardnessRatio": 181387,
    "HardnessRecoverRatio": 181387,
    "RageMaxRatio": 181387,
    "RageRatio": 181387,
    "RageRecoverRatio": 181387
  },
  {
    "Id": 1070,
    "CurveId": 1001,
    "Level": 70,
    "LifeMaxRatio": 187774,
    "AtkRatio": 822469,
    "DefRatio": 115973,
    "HardnessMaxRatio": 187774,
    "HardnessRatio": 187774,
    "HardnessRecoverRatio": 187774,
    "RageMaxRatio": 187774,
    "RageRatio": 187774,
    "RageRecoverRatio": 187774
  },
  {
    "Id": 1071,
    "CurveId": 1001,
    "Level": 71,
    "LifeMaxRatio": 211080,
    "AtkRatio": 880712,
    "DefRatio": 125106,
    "HardnessMaxRatio": 211080,
    "HardnessRatio": 211080,
    "HardnessRecoverRatio": 211080,
    "RageMaxRatio": 211080,
    "RageRatio": 211080,
    "RageRecoverRatio": 211080
  },
  {
    "Id": 1072,
    "CurveId": 1001,
    "Level": 72,
    "LifeMaxRatio": 218243,
    "AtkRatio": 958127,
    "DefRatio": 126136,
    "HardnessMaxRatio": 218243,
    "HardnessRatio": 218243,
    "HardnessRecoverRatio": 218243,
    "RageMaxRatio": 218243,
    "RageRatio": 218243,
    "RageRecoverRatio": 218243
  },
  {
    "Id": 1073,
    "CurveId": 1001,
    "Level": 73,
    "LifeMaxRatio": 224801,
    "AtkRatio": 1039633,
    "DefRatio": 127166,
    "HardnessMaxRatio": 224801,
    "HardnessRatio": 224801,
    "HardnessRecoverRatio": 224801,
    "RageMaxRatio": 224801,
    "RageRatio": 224801,
    "RageRecoverRatio": 224801
  },
  {
    "Id": 1074,
    "CurveId": 1001,
    "Level": 74,
    "LifeMaxRatio": 231614,
    "AtkRatio": 1121164,
    "DefRatio": 128196,
    "HardnessMaxRatio": 231614,
    "HardnessRatio": 231614,
    "HardnessRecoverRatio": 231614,
    "RageMaxRatio": 231614,
    "RageRatio": 231614,
    "RageRecoverRatio": 231614
  },
  {
    "Id": 1075,
    "CurveId": 1001,
    "Level": 75,
    "LifeMaxRatio": 238698,
    "AtkRatio": 1215729,
    "DefRatio": 129226,
    "HardnessMaxRatio": 238698,
    "HardnessRatio": 238698,
    "HardnessRecoverRatio": 238698,
    "RageMaxRatio": 238698,
    "RageRatio": 238698,
    "RageRecoverRatio": 238698
  },
  {
    "Id": 1076,
    "CurveId": 1001,
    "Level": 76,
    "LifeMaxRatio": 246072,
    "AtkRatio": 1299160,
    "DefRatio": 130256,
    "HardnessMaxRatio": 246072,
    "HardnessRatio": 246072,
    "HardnessRecoverRatio": 246072,
    "RageMaxRatio": 246072,
    "RageRatio": 246072,
    "RageRecoverRatio": 246072
  },
  {
    "Id": 1077,
    "CurveId": 1001,
    "Level": 77,
    "LifeMaxRatio": 253752,
    "AtkRatio": 1364979,
    "DefRatio": 131286,
    "HardnessMaxRatio": 253752,
    "HardnessRatio": 253752,
    "HardnessRecoverRatio": 253752,
    "RageMaxRatio": 253752,
    "RageRatio": 253752,
    "RageRecoverRatio": 253752
  },
  {
    "Id": 1078,
    "CurveId": 1001,
    "Level": 78,
    "LifeMaxRatio": 264698,
    "AtkRatio": 1432692,
    "DefRatio": 132316,
    "HardnessMaxRatio": 264698,
    "HardnessRatio": 264698,
    "HardnessRecoverRatio": 264698,
    "RageMaxRatio": 264698,
    "RageRatio": 264698,
    "RageRecoverRatio": 264698
  },
  {
    "Id": 1079,
    "CurveId": 1001,
    "Level": 79,
    "LifeMaxRatio": 272113,
    "AtkRatio": 1502376,
    "DefRatio": 133346,
    "HardnessMaxRatio": 272113,
    "HardnessRatio": 272113,
    "HardnessRecoverRatio": 272113,
    "RageMaxRatio": 272113,
    "RageRatio": 272113,
    "RageRecoverRatio": 272113
  },
  {
    "Id": 1080,
    "CurveId": 1001,
    "Level": 80,
    "LifeMaxRatio": 279854,
    "AtkRatio": 1563733,
    "DefRatio": 134376,
    "HardnessMaxRatio": 279854,
    "HardnessRatio": 279854,
    "HardnessRecoverRatio": 279854,
    "RageMaxRatio": 279854,
    "RageRatio": 279854,
    "RageRecoverRatio": 279854
  },
  {
    "Id": 1081,
    "CurveId": 1001,
    "Level": 81,
    "LifeMaxRatio": 303312,
    "AtkRatio": 1630039,
    "DefRatio": 143507,
    "HardnessMaxRatio": 303312,
    "HardnessRatio": 303312,
    "HardnessRecoverRatio": 303312,
    "RageMaxRatio": 303312,
    "RageRatio": 303312,
    "RageRecoverRatio": 303312
  },
  {
    "Id": 1082,
    "CurveId": 1001,
    "Level": 82,
    "LifeMaxRatio": 307705,
    "AtkRatio": 1721545,
    "DefRatio": 144537,
    "HardnessMaxRatio": 307705,
    "HardnessRatio": 307705,
    "HardnessRecoverRatio": 307705,
    "RageMaxRatio": 307705,
    "RageRatio": 307705,
    "RageRecoverRatio": 307705
  },
  {
    "Id": 1083,
    "CurveId": 1001,
    "Level": 83,
    "LifeMaxRatio": 309471,
    "AtkRatio": 1830966,
    "DefRatio": 145567,
    "HardnessMaxRatio": 309471,
    "HardnessRatio": 309471,
    "HardnessRecoverRatio": 309471,
    "RageMaxRatio": 309471,
    "RageRatio": 309471,
    "RageRecoverRatio": 309471
  },
  {
    "Id": 1084,
    "CurveId": 1001,
    "Level": 84,
    "LifeMaxRatio": 313868,
    "AtkRatio": 1952265,
    "DefRatio": 146597,
    "HardnessMaxRatio": 313868,
    "HardnessRatio": 313868,
    "HardnessRecoverRatio": 313868,
    "RageMaxRatio": 313868,
    "RageRatio": 313868,
    "RageRecoverRatio": 313868
  },
  {
    "Id": 1085,
    "CurveId": 1001,
    "Level": 85,
    "LifeMaxRatio": 318270,
    "AtkRatio": 2081708,
    "DefRatio": 147627,
    "HardnessMaxRatio": 318270,
    "HardnessRatio": 318270,
    "HardnessRecoverRatio": 318270,
    "RageMaxRatio": 318270,
    "RageRatio": 318270,
    "RageRecoverRatio": 318270
  },
  {
    "Id": 1086,
    "CurveId": 1001,
    "Level": 86,
    "LifeMaxRatio": 320038,
    "AtkRatio": 2214012,
    "DefRatio": 148657,
    "HardnessMaxRatio": 320038,
    "HardnessRatio": 320038,
    "HardnessRecoverRatio": 320038,
    "RageMaxRatio": 320038,
    "RageRatio": 320038,
    "RageRecoverRatio": 320038
  },
  {
    "Id": 1087,
    "CurveId": 1001,
    "Level": 87,
    "LifeMaxRatio": 324443,
    "AtkRatio": 2310149,
    "DefRatio": 149687,
    "HardnessMaxRatio": 324443,
    "HardnessRatio": 324443,
    "HardnessRecoverRatio": 324443,
    "RageMaxRatio": 324443,
    "RageRatio": 324443,
    "RageRecoverRatio": 324443
  },
  {
    "Id": 1088,
    "CurveId": 1001,
    "Level": 88,
    "LifeMaxRatio": 328853,
    "AtkRatio": 2411453,
    "DefRatio": 150717,
    "HardnessMaxRatio": 328853,
    "HardnessRatio": 328853,
    "HardnessRecoverRatio": 328853,
    "RageMaxRatio": 328853,
    "RageRatio": 328853,
    "RageRecoverRatio": 328853
  },
  {
    "Id": 1089,
    "CurveId": 1001,
    "Level": 89,
    "LifeMaxRatio": 330623,
    "AtkRatio": 2514780,
    "DefRatio": 151747,
    "HardnessMaxRatio": 330623,
    "HardnessRatio": 330623,
    "HardnessRecoverRatio": 330623,
    "RageMaxRatio": 330623,
    "RageRatio": 330623,
    "RageRecoverRatio": 330623
  },
  {
    "Id": 1090,
    "CurveId": 1001,
    "Level": 90,
    "LifeMaxRatio": 335039,
    "AtkRatio": 2626059,
    "DefRatio": 152778,
    "HardnessMaxRatio": 335039,
    "HardnessRatio": 335039,
    "HardnessRecoverRatio": 335039,
    "RageMaxRatio": 335039,
    "RageRatio": 335039,
    "RageRecoverRatio": 335039
  },
  {
    "Id": 1091,
    "CurveId": 1001,
    "Level": 91,
    "LifeMaxRatio": 335039,
    "AtkRatio": 2759515,
    "DefRatio": 152778,
    "HardnessMaxRatio": 335039,
    "HardnessRatio": 335039,
    "HardnessRecoverRatio": 335039,
    "RageMaxRatio": 335039,
    "RageRatio": 335039,
    "RageRecoverRatio": 335039
  },
  {
    "Id": 1092,
    "CurveId": 1001,
    "Level": 92,
    "LifeMaxRatio": 335039,
    "AtkRatio": 2898572,
    "DefRatio": 152778,
    "HardnessMaxRatio": 335039,
    "HardnessRatio": 335039,
    "HardnessRecoverRatio": 335039,
    "RageMaxRatio": 335039,
    "RageRatio": 335039,
    "RageRecoverRatio": 335039
  },
  {
    "Id": 1093,
    "CurveId": 1001,
    "Level": 93,
    "LifeMaxRatio": 335039,
    "AtkRatio": 3017716,
    "DefRatio": 152778,
    "HardnessMaxRatio": 335039,
    "HardnessRatio": 335039,
    "HardnessRecoverRatio": 335039,
    "RageMaxRatio": 335039,
    "RageRatio": 335039,
    "RageRecoverRatio": 335039
  },
  {
    "Id": 1094,
    "CurveId": 1001,
    "Level": 94,
    "LifeMaxRatio": 335039,
    "AtkRatio": 3118136,
    "DefRatio": 152778,
    "HardnessMaxRatio": 335039,
    "HardnessRatio": 335039,
    "HardnessRecoverRatio": 335039,
    "RageMaxRatio": 335039,
    "RageRatio": 335039,
    "RageRecoverRatio": 335039
  },
  {
    "Id": 1095,
    "CurveId": 1001,
    "Level": 95,
    "LifeMaxRatio": 335039,
    "AtkRatio": 3194898,
    "DefRatio": 152778,
    "HardnessMaxRatio": 335039,
    "HardnessRatio": 335039,
    "HardnessRecoverRatio": 335039,
    "RageMaxRatio": 335039,
    "RageRatio": 335039,
    "RageRecoverRatio": 335039
  },
  {
    "Id": 1096,
    "CurveId": 1001,
    "Level": 96,
    "LifeMaxRatio": 335039,
    "AtkRatio": 3309739,
    "DefRatio": 152778,
    "HardnessMaxRatio": 335039,
    "HardnessRatio": 335039,
    "HardnessRecoverRatio": 335039,
    "RageMaxRatio": 335039,
    "RageRatio": 335039,
    "RageRecoverRatio": 335039
  },
  {
    "Id": 1097,
    "CurveId": 1001,
    "Level": 97,
    "LifeMaxRatio": 335039,
    "AtkRatio": 3403270,
    "DefRatio": 152778,
    "HardnessMaxRatio": 335039,
    "HardnessRatio": 335039,
    "HardnessRecoverRatio": 335039,
    "RageMaxRatio": 335039,
    "RageRatio": 335039,
    "RageRecoverRatio": 335039
  },
  {
    "Id": 1098,
    "CurveId": 1001,
    "Level": 98,
    "LifeMaxRatio": 335039,
    "AtkRatio": 3485365,
    "DefRatio": 152778,
    "HardnessMaxRatio": 335039,
    "HardnessRatio": 335039,
    "HardnessRecoverRatio": 335039,
    "RageMaxRatio": 335039,
    "RageRatio": 335039,
    "RageRecoverRatio": 335039
  },
  {
    "Id": 1099,
    "CurveId": 1001,
    "Level": 99,
    "LifeMaxRatio": 335039,
    "AtkRatio": 3567525,
    "DefRatio": 152778,
    "HardnessMaxRatio": 335039,
    "HardnessRatio": 335039,
    "HardnessRecoverRatio": 335039,
    "RageMaxRatio": 335039,
    "RageRatio": 335039,
    "RageRecoverRatio": 335039
  },
  {
    "Id": 1100,
    "CurveId": 1001,
    "Level": 100,
    "LifeMaxRatio": 335039,
    "AtkRatio": 3644493,
    "DefRatio": 152778,
    "HardnessMaxRatio": 335039,
    "HardnessRatio": 335039,
    "HardnessRecoverRatio": 335039,
    "RageMaxRatio": 335039,
    "RageRatio": 335039,
    "RageRecoverRatio": 335039
  },
  {
    "Id": 1101,
    "CurveId": 1001,
    "Level": 101,
    "LifeMaxRatio": 335039,
    "AtkRatio": 3848579,
    "DefRatio": 152778,
    "HardnessMaxRatio": 335039,
    "HardnessRatio": 335039,
    "HardnessRecoverRatio": 335039,
    "RageMaxRatio": 335039,
    "RageRatio": 335039,
    "RageRecoverRatio": 335039
  },
  {
    "Id": 1102,
    "CurveId": 1001,
    "Level": 102,
    "LifeMaxRatio": 335039,
    "AtkRatio": 3873481,
    "DefRatio": 152778,
    "HardnessMaxRatio": 335039,
    "HardnessRatio": 335039,
    "HardnessRecoverRatio": 335039,
    "RageMaxRatio": 335039,
    "RageRatio": 335039,
    "RageRecoverRatio": 335039
  },
  {
    "Id": 1103,
    "CurveId": 1001,
    "Level": 103,
    "LifeMaxRatio": 335039,
    "AtkRatio": 3898383,
    "DefRatio": 152778,
    "HardnessMaxRatio": 335039,
    "HardnessRatio": 335039,
    "HardnessRecoverRatio": 335039,
    "RageMaxRatio": 335039,
    "RageRatio": 335039,
    "RageRecoverRatio": 335039
  },
  {
    "Id": 1104,
    "CurveId": 1001,
    "Level": 104,
    "LifeMaxRatio": 335039,
    "AtkRatio": 3923285,
    "DefRatio": 152778,
    "HardnessMaxRatio": 335039,
    "HardnessRatio": 335039,
    "HardnessRecoverRatio": 335039,
    "RageMaxRatio": 335039,
    "RageRatio": 335039,
    "RageRecoverRatio": 335039
  },
  {
    "Id": 1105,
    "CurveId": 1001,
    "Level": 105,
    "LifeMaxRatio": 335039,
    "AtkRatio": 3948187,
    "DefRatio": 152778,
    "HardnessMaxRatio": 335039,
    "HardnessRatio": 335039,
    "HardnessRecoverRatio": 335039,
    "RageMaxRatio": 335039,
    "RageRatio": 335039,
    "RageRecoverRatio": 335039
  },
  {
    "Id": 1106,
    "CurveId": 1001,
    "Level": 106,
    "LifeMaxRatio": 335039,
    "AtkRatio": 3973089,
    "DefRatio": 152778,
    "HardnessMaxRatio": 335039,
    "HardnessRatio": 335039,
    "HardnessRecoverRatio": 335039,
    "RageMaxRatio": 335039,
    "RageRatio": 335039,
    "RageRecoverRatio": 335039
  },
  {
    "Id": 1107,
    "CurveId": 1001,
    "Level": 107,
    "LifeMaxRatio": 335039,
    "AtkRatio": 3997991,
    "DefRatio": 152778,
    "HardnessMaxRatio": 335039,
    "HardnessRatio": 335039,
    "HardnessRecoverRatio": 335039,
    "RageMaxRatio": 335039,
    "RageRatio": 335039,
    "RageRecoverRatio": 335039
  },
  {
    "Id": 1108,
    "CurveId": 1001,
    "Level": 108,
    "LifeMaxRatio": 335039,
    "AtkRatio": 4022893,
    "DefRatio": 152778,
    "HardnessMaxRatio": 335039,
    "HardnessRatio": 335039,
    "HardnessRecoverRatio": 335039,
    "RageMaxRatio": 335039,
    "RageRatio": 335039,
    "RageRecoverRatio": 335039
  },
  {
    "Id": 1109,
    "CurveId": 1001,
    "Level": 109,
    "LifeMaxRatio": 335039,
    "AtkRatio": 4047795,
    "DefRatio": 152778,
    "HardnessMaxRatio": 335039,
    "HardnessRatio": 335039,
    "HardnessRecoverRatio": 335039,
    "RageMaxRatio": 335039,
    "RageRatio": 335039,
    "RageRecoverRatio": 335039
  },
  {
    "Id": 1110,
    "CurveId": 1001,
    "Level": 110,
    "LifeMaxRatio": 335039,
    "AtkRatio": 4072697,
    "DefRatio": 152778,
    "HardnessMaxRatio": 335039,
    "HardnessRatio": 335039,
    "HardnessRecoverRatio": 335039,
    "RageMaxRatio": 335039,
    "RageRatio": 335039,
    "RageRecoverRatio": 335039
  },
  {
    "Id": 1111,
    "CurveId": 1001,
    "Level": 111,
    "LifeMaxRatio": 335039,
    "AtkRatio": 4097599,
    "DefRatio": 152778,
    "HardnessMaxRatio": 335039,
    "HardnessRatio": 335039,
    "HardnessRecoverRatio": 335039,
    "RageMaxRatio": 335039,
    "RageRatio": 335039,
    "RageRecoverRatio": 335039
  },
  {
    "Id": 1112,
    "CurveId": 1001,
    "Level": 112,
    "LifeMaxRatio": 335039,
    "AtkRatio": 4122501,
    "DefRatio": 152778,
    "HardnessMaxRatio": 335039,
    "HardnessRatio": 335039,
    "HardnessRecoverRatio": 335039,
    "RageMaxRatio": 335039,
    "RageRatio": 335039,
    "RageRecoverRatio": 335039
  },
  {
    "Id": 1113,
    "CurveId": 1001,
    "Level": 113,
    "LifeMaxRatio": 335039,
    "AtkRatio": 4147403,
    "DefRatio": 152778,
    "HardnessMaxRatio": 335039,
    "HardnessRatio": 335039,
    "HardnessRecoverRatio": 335039,
    "RageMaxRatio": 335039,
    "RageRatio": 335039,
    "RageRecoverRatio": 335039
  },
  {
    "Id": 1114,
    "CurveId": 1001,
    "Level": 114,
    "LifeMaxRatio": 335039,
    "AtkRatio": 4172305,
    "DefRatio": 152778,
    "HardnessMaxRatio": 335039,
    "HardnessRatio": 335039,
    "HardnessRecoverRatio": 335039,
    "RageMaxRatio": 335039,
    "RageRatio": 335039,
    "RageRecoverRatio": 335039
  },
  {
    "Id": 1115,
    "CurveId": 1001,
    "Level": 115,
    "LifeMaxRatio": 335039,
    "AtkRatio": 4197207,
    "DefRatio": 152778,
    "HardnessMaxRatio": 335039,
    "HardnessRatio": 335039,
    "HardnessRecoverRatio": 335039,
    "RageMaxRatio": 335039,
    "RageRatio": 335039,
    "RageRecoverRatio": 335039
  },
  {
    "Id": 1116,
    "CurveId": 1001,
    "Level": 116,
    "LifeMaxRatio": 335039,
    "AtkRatio": 4222109,
    "DefRatio": 152778,
    "HardnessMaxRatio": 335039,
    "HardnessRatio": 335039,
    "HardnessRecoverRatio": 335039,
    "RageMaxRatio": 335039,
    "RageRatio": 335039,
    "RageRecoverRatio": 335039
  },
  {
    "Id": 1117,
    "CurveId": 1001,
    "Level": 117,
    "LifeMaxRatio": 335039,
    "AtkRatio": 4247011,
    "DefRatio": 152778,
    "HardnessMaxRatio": 335039,
    "HardnessRatio": 335039,
    "HardnessRecoverRatio": 335039,
    "RageMaxRatio": 335039,
    "RageRatio": 335039,
    "RageRecoverRatio": 335039
  },
  {
    "Id": 1118,
    "CurveId": 1001,
    "Level": 118,
    "LifeMaxRatio": 335039,
    "AtkRatio": 4271913,
    "DefRatio": 152778,
    "HardnessMaxRatio": 335039,
    "HardnessRatio": 335039,
    "HardnessRecoverRatio": 335039,
    "RageMaxRatio": 335039,
    "RageRatio": 335039,
    "RageRecoverRatio": 335039
  },
  {
    "Id": 1119,
    "CurveId": 1001,
    "Level": 119,
    "LifeMaxRatio": 335039,
    "AtkRatio": 4296815,
    "DefRatio": 152778,
    "HardnessMaxRatio": 335039,
    "HardnessRatio": 335039,
    "HardnessRecoverRatio": 335039,
    "RageMaxRatio": 335039,
    "RageRatio": 335039,
    "RageRecoverRatio": 335039
  },
  {
    "Id": 1120,
    "CurveId": 1001,
    "Level": 120,
    "LifeMaxRatio": 335039,
    "AtkRatio": 4321717,
    "DefRatio": 152778,
    "HardnessMaxRatio": 335039,
    "HardnessRatio": 335039,
    "HardnessRecoverRatio": 335039,
    "RageMaxRatio": 335039,
    "RageRatio": 335039,
    "RageRecoverRatio": 335039
  }
]