[
  {
    "Id": 1,
    "Key": "Lv",
    "Name": "PropertyIndex_1_Name",
    "AnotherName": "",
    "ConvertToWhiteId": 0,
    "IsShow": false,
    "IsPercent": false,
    "Priority": 0,
    "Icon": "",
    "Dec": "PropertyIndex_1_Dec"
  },
  {
    "Id": 2,
    "Key": "LifeMax",
    "Name": "PropertyIndex_2_Name",
    "AnotherName": "PropertyIndex_2_AnotherName",
    "ConvertToWhiteId": 0,
    "IsShow": true,
    "IsPercent": false,
    "Priority": 1,
    "Icon": "/Game/Aki/UI/UiResources/Common/Image/IconAttribute/T_Iconpropertygreenlife_UI.T_Iconpropertygreenlife_UI",
    "Dec": ""
  },
  {
    "Id": 3,
    "Key": "Life",
    "Name": "PropertyIndex_3_Name",
    "AnotherName": "",
    "ConvertToWhiteId": 0,
    "IsShow": false,
    "IsPercent": false,
    "Priority": 0,
    "Icon": "",
    "Dec": ""
  },
  {
    "Id": 4,
    "Key": "Sheild",
    "Name": "PropertyIndex_4_Name",
    "AnotherName": "",
    "ConvertToWhiteId": 0,
    "IsShow": false,
    "IsPercent": false,
    "Priority": 0,
    "Icon": "/Game/Aki/UI/UIResources/Common/Image/IconAttribute/T_Iconpropertygreenprotect_UI.T_Iconpropertygreenprotect_UI",
    "Dec": ""
  },
  {
    "Id": 5,
    "Key": "SheildDamageChange",
    "Name": "PropertyIndex_5_Name",
    "AnotherName": "",
    "ConvertToWhiteId": 0,
    "IsShow": false,
    "IsPercent": false,
    "Priority": 0,
    "Icon": "/Game/Aki/UI/UIResources/Common/Image/IconAttribute/T_Iconpropertygreenshield_UI.T_Iconpropertygreenshield_UI",
    "Dec": ""
  },
  {
    "Id": 6,
    "Key": "SheildDamageReduce",
    "Name": "PropertyIndex_6_Name",
    "AnotherName": "",
    "ConvertToWhiteId": 0,
    "IsShow": false,
    "IsPercent": false,
    "Priority": 0,
    "Icon": "/Game/Aki/UI/UIResources/Common/Image/IconAttribute/T_Iconpropertyblueshield_UI.T_Iconpropertyblueshield_UI",
    "Dec": ""
  },
  {
    "Id": 7,
    "Key": "Atk",
    "Name": "PropertyIndex_7_Name",
    "AnotherName": "PropertyIndex_7_AnotherName",
    "ConvertToWhiteId": 0,
    "IsShow": true,
    "IsPercent": false,
    "Priority": 2,
    "Icon": "/Game/Aki/UI/UIResources/Common/Image/IconAttribute/T_Iconpropertyredattack_UI.T_Iconpropertyredattack_UI",
    "Dec": ""
  },
  {
    "Id": 8,
    "Key": "Crit",
    "Name": "PropertyIndex_8_Name",
    "AnotherName": "",
    "ConvertToWhiteId": 0,
    "IsShow": true,
    "IsPercent": true,
    "Priority": 0,
    "Icon": "/Game/Aki/UI/UIResources/Common/Image/IconAttribute/T_Iconpropertyredbaoji_UI.T_Iconpropertyredbaoji_UI",
    "Dec": "PropertyIndex_8_Dec"
  },
  {
    "Id": 9,
    "Key": "CritDamage",
    "Name": "PropertyIndex_9_Name",
    "AnotherName": "",
    "ConvertToWhiteId": 0,
    "IsShow": true,
    "IsPercent": true,
    "Priority": 0,
    "Icon": "/Game/Aki/UI/UIResources/Common/Image/IconAttribute/T_Iconpropertyredcrit_UI.T_Iconpropertyredcrit_UI",
    "Dec": "PropertyIndex_9_Dec"
  },
  {
    "Id": 10,
    "Key": "Def",
    "Name": "PropertyIndex_10_Name",
    "AnotherName": "PropertyIndex_10_AnotherName",
    "ConvertToWhiteId": 0,
    "IsShow": true,
    "IsPercent": false,
    "Priority": 3,
    "Icon": "/Game/Aki/UI/UIResources/Common/Image/IconAttribute/T_Iconpropertygreendefense_UI.T_Iconpropertygreendefense_UI",
    "Dec": ""
  },
  {
    "Id": 11,
    "Key": "EnergyEfficiency",
    "Name": "PropertyIndex_11_Name",
    "AnotherName": "",
    "ConvertToWhiteId": 0,
    "IsShow": true,
    "IsPercent": true,
    "Priority": 0,
    "Icon": "/Game/Aki/UI/UIResources/Common/Image/IconAttribute/T_Iconpropertygreenenergy_UI.T_Iconpropertygreenenergy_UI",
    "Dec": "PropertyIndex_11_Dec"
  },
  {
    "Id": 12,
    "Key": "CDReduse",
    "Name": "PropertyIndex_12_Name",
    "AnotherName": "",
    "ConvertToWhiteId": 0,
    "IsShow": false,
    "IsPercent": false,
    "Priority": 0,
    "Icon": "/Game/Aki/UI/UIResources/Common/Image/IconAttribute/T_Iconpropertybluecooling_UI.T_Iconpropertybluecooling_UI",
    "Dec": ""
  },
  {
    "Id": 13,
    "Key": "ReactionEfficiency",
    "Name": "PropertyIndex_13_Name",
    "AnotherName": "",
    "ConvertToWhiteId": 0,
    "IsShow": false,
    "IsPercent": false,
    "Priority": 0,
    "Icon": "/Game/Aki/UI/UIResources/Common/Image/IconAttribute/T_Iconpropertybluereaction_UI.T_Iconpropertybluereaction_UI",
    "Dec": "PropertyIndex_13_Dec"
  },
  {
    "Id": 14,
    "Key": "DamageChangeNormalSkill",
    "Name": "PropertyIndex_14_Name",
    "AnotherName": "",
    "ConvertToWhiteId": 0,
    "IsShow": true,
    "IsPercent": true,
    "Priority": 0,
    "Icon": "/Game/Aki/UI/UIResources/Common/Image/IconAttribute/T_Iconpropertyredspeed_UI.T_Iconpropertyredspeed_UI",
    "Dec": ""
  },
  {
    "Id": 15,
    "Key": "DamageChange",
    "Name": "PropertyIndex_15_Name",
    "AnotherName": "",
    "ConvertToWhiteId": 0,
    "IsShow": false,
    "IsPercent": true,
    "Priority": 0,
    "Icon": "/Game/Aki/UI/UIResources/Common/Image/IconAttribute/T_Iconpropertyredgeneral_UI.T_Iconpropertyredgeneral_UI",
    "Dec": ""
  },
  {
    "Id": 16,
    "Key": "DamageReduce",
    "Name": "PropertyIndex_16_Name",
    "AnotherName": "",
    "ConvertToWhiteId": 0,
    "IsShow": false,
    "IsPercent": true,
    "Priority": 0,
    "Icon": "/Game/Aki/UI/UIResources/Common/Image/IconAttribute/T_Iconpropertygreenbruise_UI.T_Iconpropertygreenbruise_UI",
    "Dec": ""
  },
  {
    "Id": 17,
    "Key": "DamageChangeAuto",
    "Name": "PropertyIndex_17_Name",
    "AnotherName": "",
    "ConvertToWhiteId": 0,
    "IsShow": true,
    "IsPercent": true,
    "Priority": 0,
    "Icon": "/Game/Aki/UI/UIResources/Common/Image/IconAttribute/T_Iconpropertyredphysics_UI.T_Iconpropertyredphysics_UI",
    "Dec": ""
  },
  {
    "Id": 18,
    "Key": "DamageChangeCast",
    "Name": "PropertyIndex_18_Name",
    "AnotherName": "",
    "ConvertToWhiteId": 0,
    "IsShow": true,
    "IsPercent": true,
    "Priority": 0,
    "Icon": "/Game/Aki/UI/UIResources/Common/Image/IconAttribute/T_Iconpropertyredfoco_UI.T_Iconpropertyredfoco_UI",
    "Dec": ""
  },
  {
    "Id": 19,
    "Key": "DamageChangeUltra",
    "Name": "PropertyIndex_19_Name",
    "AnotherName": "",
    "ConvertToWhiteId": 0,
    "IsShow": true,
    "IsPercent": true,
    "Priority": 0,
    "Icon": "/Game/Aki/UI/UIResources/Common/Image/IconAttribute/T_Iconpropertyredskill_UI.T_Iconpropertyredskill_UI",
    "Dec": ""
  },
  {
    "Id": 20,
    "Key": "DamageChangeQTE",
    "Name": "PropertyIndex_20_Name",
    "AnotherName": "",
    "ConvertToWhiteId": 0,
    "IsShow": false,
    "IsPercent": true,
    "Priority": 0,
    "Icon": "/Game/Aki/UI/UIResources/Common/Image/IconAttribute/T_Iconpropertyredqte_UI.T_Iconpropertyredqte_UI",
    "Dec": ""
  },
  {
    "Id": 21,
    "Key": "DamageChangePhys",
    "Name": "PropertyIndex_21_Name",
    "AnotherName": "",
    "ConvertToWhiteId": 0,
    "IsShow": true,
    "IsPercent": true,
    "Priority": 0,
    "Icon": "/Game/Aki/UI/UIResources/Common/Image/IconAttribute/T_Iconpropertyphysics_UI.T_Iconpropertyphysics_UI",
    "Dec": ""
  },
  {
    "Id": 22,
    "Key": "DamageChangeElement1",
    "Name": "PropertyIndex_22_Name",
    "AnotherName": "",
    "ConvertToWhiteId": 0,
    "IsShow": true,
    "IsPercent": true,
    "Priority": 0,
    "Icon": "/Game/Aki/UI/UIResources/Common/Image/IconAttribute/T_Iconpropertyredice_UI.T_Iconpropertyredice_UI",
    "Dec": ""
  },
  {
    "Id": 23,
    "Key": "DamageChangeElement2",
    "Name": "PropertyIndex_23_Name",
    "AnotherName": "",
    "ConvertToWhiteId": 0,
    "IsShow": true,
    "IsPercent": true,
    "Priority": 0,
    "Icon": "/Game/Aki/UI/UIResources/Common/Image/IconAttribute/T_Iconpropertyredhot_UI.T_Iconpropertyredhot_UI",
    "Dec": ""
  },
  {
    "Id": 24,
    "Key": "DamageChangeElement3",
    "Name": "PropertyIndex_24_Name",
    "AnotherName": "",
    "ConvertToWhiteId": 0,
    "IsShow": true,
    "IsPercent": true,
    "Priority": 0,
    "Icon": "/Game/Aki/UI/UIResources/Common/Image/IconAttribute/T_Iconpropertyredmine_UI.T_Iconpropertyredmine_UI",
    "Dec": ""
  },
  {
    "Id": 25,
    "Key": "DamageChangeElement4",
    "Name": "PropertyIndex_25_Name",
    "AnotherName": "",
    "ConvertToWhiteId": 0,
    "IsShow": true,
    "IsPercent": true,
    "Priority": 0,
    "Icon": "/Game/Aki/UI/UIResources/Common/Image/IconAttribute/T_Iconpropertyredwind_UI.T_Iconpropertyredwind_UI",
    "Dec": ""
  },
  {
    "Id": 26,
    "Key": "DamageChangeElement5",
    "Name": "PropertyIndex_26_Name",
    "AnotherName": "",
    "ConvertToWhiteId": 0,
    "IsShow": true,
    "IsPercent": true,
    "Priority": 0,
    "Icon": "/Game/Aki/UI/UIResources/Common/Image/IconAttribute/T_Iconpropertyredlight_UI.T_Iconpropertyredlight_UI",
    "Dec": ""
  },
  {
    "Id": 27,
    "Key": "DamageChangeElement6",
    "Name": "PropertyIndex_27_Name",
    "AnotherName": "",
    "ConvertToWhiteId": 0,
    "IsShow": true,
    "IsPercent": true,
    "Priority": 0,
    "Icon": "/Game/Aki/UI/UIResources/Common/Image/IconAttribute/T_Iconpropertyreddark_UI.T_Iconpropertyreddark_UI",
    "Dec": ""
  },
  {
    "Id": 28,
    "Key": "DamageResistancePhys",
    "Name": "PropertyIndex_28_Name",
    "AnotherName": "",
    "ConvertToWhiteId": 0,
    "IsShow": true,
    "IsPercent": true,
    "Priority": 0,
    "Icon": "/Game/Aki/UI/UIResources/Common/Image/IconAttribute/T_Iconpropertybluephysics_UI.T_Iconpropertybluephysics_UI",
    "Dec": ""
  },
  {
    "Id": 29,
    "Key": "DamageResistanceElement1",
    "Name": "PropertyIndex_29_Name",
    "AnotherName": "",
    "ConvertToWhiteId": 0,
    "IsShow": true,
    "IsPercent": true,
    "Priority": 0,
    "Icon": "/Game/Aki/UI/UIResources/Common/Image/IconAttribute/T_Iconpropertyblueice_UI.T_Iconpropertyblueice_UI",
    "Dec": ""
  },
  {
    "Id": 30,
    "Key": "DamageResistanceElement2",
    "Name": "PropertyIndex_30_Name",
    "AnotherName": "",
    "ConvertToWhiteId": 0,
    "IsShow": true,
    "IsPercent": true,
    "Priority": 0,
    "Icon": "/Game/Aki/UI/UIResources/Common/Image/IconAttribute/T_Iconpropertybluehot_UI.T_Iconpropertybluehot_UI",
    "Dec": ""
  },
  {
    "Id": 31,
    "Key": "DamageResistanceElement3",
    "Name": "PropertyIndex_31_Name",
    "AnotherName": "",
    "ConvertToWhiteId": 0,
    "IsShow": true,
    "IsPercent": true,
    "Priority": 0,
    "Icon": "/Game/Aki/UI/UIResources/Common/Image/IconAttribute/T_Iconpropertybluemine_UI.T_Iconpropertybluemine_UI",
    "Dec": ""
  },
  {
    "Id": 32,
    "Key": "DamageResistanceElement4",
    "Name": "PropertyIndex_32_Name",
    "AnotherName": "",
    "ConvertToWhiteId": 0,
    "IsShow": true,
    "IsPercent": true,
    "Priority": 0,
    "Icon": "/Game/Aki/UI/UIResources/Common/Image/IconAttribute/T_Iconpropertybluewind_UI.T_Iconpropertybluewind_UI",
    "Dec": ""
  },
  {
    "Id": 33,
    "Key": "DamageResistanceElement5",
    "Name": "PropertyIndex_33_Name",
    "AnotherName": "",
    "ConvertToWhiteId": 0,
    "IsShow": true,
    "IsPercent": true,
    "Priority": 0,
    "Icon": "/Game/Aki/UI/UIResources/Common/Image/IconAttribute/T_Iconpropertybluelight_UI.T_Iconpropertybluelight_UI",
    "Dec": ""
  },
  {
    "Id": 34,
    "Key": "DamageResistanceElement6",
    "Name": "PropertyIndex_34_Name",
    "AnotherName": "",
    "ConvertToWhiteId": 0,
    "IsShow": true,
    "IsPercent": true,
    "Priority": 0,
    "Icon": "/Game/Aki/UI/UIResources/Common/Image/IconAttribute/T_Iconpropertybluedark_UI.T_Iconpropertybluedark_UI",
    "Dec": ""
  },
  {
    "Id": 35,
    "Key": "HealChange",
    "Name": "PropertyIndex_35_Name",
    "AnotherName": "",
    "ConvertToWhiteId": 0,
    "IsShow": true,
    "IsPercent": true,
    "Priority": 0,
    "Icon": "/Game/Aki/UI/UIResources/Common/Image/IconAttribute/T_Iconpropertygreencure_UI.T_Iconpropertygreencure_UI",
    "Dec": ""
  },
  {
    "Id": 36,
    "Key": "HealedChange",
    "Name": "PropertyIndex_36_Name",
    "AnotherName": "",
    "ConvertToWhiteId": 0,
    "IsShow": false,
    "IsPercent": true,
    "Priority": 0,
    "Icon": "",
    "Dec": ""
  },
  {
    "Id": 37,
    "Key": "DamageReducePhys",
    "Name": "PropertyIndex_37_Name",
    "AnotherName": "",
    "ConvertToWhiteId": 0,
    "IsShow": false,
    "IsPercent": true,
    "Priority": 0,
    "Icon": "",
    "Dec": ""
  },
  {
    "Id": 38,
    "Key": "DamageReduceElement1",
    "Name": "PropertyIndex_38_Name",
    "AnotherName": "",
    "ConvertToWhiteId": 0,
    "IsShow": false,
    "IsPercent": true,
    "Priority": 0,
    "Icon": "",
    "Dec": ""
  },
  {
    "Id": 39,
    "Key": "DamageReduceElement2",
    "Name": "PropertyIndex_39_Name",
    "AnotherName": "",
    "ConvertToWhiteId": 0,
    "IsShow": false,
    "IsPercent": true,
    "Priority": 0,
    "Icon": "",
    "Dec": ""
  },
  {
    "Id": 40,
    "Key": "DamageReduceElement3",
    "Name": "PropertyIndex_40_Name",
    "AnotherName": "",
    "ConvertToWhiteId": 0,
    "IsShow": false,
    "IsPercent": true,
    "Priority": 0,
    "Icon": "",
    "Dec": ""
  },
  {
    "Id": 41,
    "Key": "DamageReduceElement4",
    "Name": "PropertyIndex_41_Name",
    "AnotherName": "",
    "ConvertToWhiteId": 0,
    "IsShow": false,
    "IsPercent": true,
    "Priority": 0,
    "Icon": "",
    "Dec": ""
  },
  {
    "Id": 42,
    "Key": "DamageReduceElement5",
    "Name": "PropertyIndex_42_Name",
    "AnotherName": "",
    "ConvertToWhiteId": 0,
    "IsShow": false,
    "IsPercent": true,
    "Priority": 0,
    "Icon": "",
    "Dec": ""
  },
  {
    "Id": 43,
    "Key": "DamageReduceElement6",
    "Name": "PropertyIndex_43_Name",
    "AnotherName": "",
    "ConvertToWhiteId": 0,
    "IsShow": false,
    "IsPercent": true,
    "Priority": 0,
    "Icon": "",
    "Dec": ""
  },
  {
    "Id": 44,
    "Key": "ReactionChange1",
    "Name": "PropertyIndex_44_Name",
    "AnotherName": "",
    "ConvertToWhiteId": 0,
    "IsShow": false,
    "IsPercent": true,
    "Priority": 0,
    "Icon": "",
    "Dec": ""
  },
  {
    "Id": 45,
    "Key": "ReactionChange2",
    "Name": "PropertyIndex_45_Name",
    "AnotherName": "",
    "ConvertToWhiteId": 0,
    "IsShow": false,
    "IsPercent": true,
    "Priority": 0,
    "Icon": "",
    "Dec": ""
  },
  {
    "Id": 46,
    "Key": "ReactionChange3",
    "Name": "PropertyIndex_46_Name",
    "AnotherName": "",
    "ConvertToWhiteId": 0,
    "IsShow": false,
    "IsPercent": true,
    "Priority": 0,
    "Icon": "",
    "Dec": ""
  },
  {
    "Id": 47,
    "Key": "ReactionChange4",
    "Name": "PropertyIndex_47_Name",
    "AnotherName": "",
    "ConvertToWhiteId": 0,
    "IsShow": false,
    "IsPercent": true,
    "Priority": 0,
    "Icon": "",
    "Dec": ""
  },
  {
    "Id": 48,
    "Key": "ReactionChange5",
    "Name": "PropertyIndex_48_Name",
    "AnotherName": "",
    "ConvertToWhiteId": 0,
    "IsShow": false,
    "IsPercent": true,
    "Priority": 0,
    "Icon": "",
    "Dec": ""
  },
  {
    "Id": 49,
    "Key": "ReactionChange6",
    "Name": "PropertyIndex_49_Name",
    "AnotherName": "",
    "ConvertToWhiteId": 0,
    "IsShow": false,
    "IsPercent": true,
    "Priority": 0,
    "Icon": "",
    "Dec": ""
  },
  {
    "Id": 50,
    "Key": "ReactionChange7",
    "Name": "PropertyIndex_50_Name",
    "AnotherName": "",
    "ConvertToWhiteId": 0,
    "IsShow": false,
    "IsPercent": true,
    "Priority": 0,
    "Icon": "",
    "Dec": ""
  },
  {
    "Id": 51,
    "Key": "ReactionChange8",
    "Name": "PropertyIndex_51_Name",
    "AnotherName": "",
    "ConvertToWhiteId": 0,
    "IsShow": false,
    "IsPercent": true,
    "Priority": 0,
    "Icon": "",
    "Dec": ""
  },
  {
    "Id": 52,
    "Key": "ReactionChange9",
    "Name": "PropertyIndex_52_Name",
    "AnotherName": "",
    "ConvertToWhiteId": 0,
    "IsShow": false,
    "IsPercent": true,
    "Priority": 0,
    "Icon": "",
    "Dec": ""
  },
  {
    "Id": 53,
    "Key": "ReactionChange10",
    "Name": "PropertyIndex_53_Name",
    "AnotherName": "",
    "ConvertToWhiteId": 0,
    "IsShow": false,
    "IsPercent": true,
    "Priority": 0,
    "Icon": "",
    "Dec": ""
  },
  {
    "Id": 54,
    "Key": "ReactionChange11",
    "Name": "PropertyIndex_54_Name",
    "AnotherName": "",
    "ConvertToWhiteId": 0,
    "IsShow": false,
    "IsPercent": true,
    "Priority": 0,
    "Icon": "",
    "Dec": ""
  },
  {
    "Id": 55,
    "Key": "ReactionChange12",
    "Name": "PropertyIndex_55_Name",
    "AnotherName": "",
    "ConvertToWhiteId": 0,
    "IsShow": false,
    "IsPercent": true,
    "Priority": 0,
    "Icon": "",
    "Dec": ""
  },
  {
    "Id": 56,
    "Key": "ReactionChange13",
    "Name": "PropertyIndex_56_Name",
    "AnotherName": "",
    "ConvertToWhiteId": 0,
    "IsShow": false,
    "IsPercent": true,
    "Priority": 0,
    "Icon": "",
    "Dec": ""
  },
  {
    "Id": 57,
    "Key": "ReactionChange14",
    "Name": "PropertyIndex_57_Name",
    "AnotherName": "",
    "ConvertToWhiteId": 0,
    "IsShow": false,
    "IsPercent": true,
    "Priority": 0,
    "Icon": "",
    "Dec": ""
  },
  {
    "Id": 58,
    "Key": "ReactionChange15",
    "Name": "PropertyIndex_58_Name",
    "AnotherName": "",
    "ConvertToWhiteId": 0,
    "IsShow": false,
    "IsPercent": true,
    "Priority": 0,
    "Icon": "",
    "Dec": ""
  },
  {
    "Id": 59,
    "Key": "EnergyMax",
    "Name": "PropertyIndex_59_Name",
    "AnotherName": "",
    "ConvertToWhiteId": 0,
    "IsShow": false,
    "IsPercent": false,
    "Priority": 0,
    "Icon": "",
    "Dec": ""
  },
  {
    "Id": 60,
    "Key": "Energy",
    "Name": "PropertyIndex_60_Name",
    "AnotherName": "",
    "ConvertToWhiteId": 0,
    "IsShow": false,
    "IsPercent": false,
    "Priority": 0,
    "Icon": "",
    "Dec": ""
  },
  {
    "Id": 61,
    "Key": "SpecialEnergy1Max",
    "Name": "PropertyIndex_61_Name",
    "AnotherName": "",
    "ConvertToWhiteId": 0,
    "IsShow": false,
    "IsPercent": false,
    "Priority": 0,
    "Icon": "",
    "Dec": ""
  },
  {
    "Id": 62,
    "Key": "SpecialEnergy1",
    "Name": "PropertyIndex_62_Name",
    "AnotherName": "",
    "ConvertToWhiteId": 0,
    "IsShow": false,
    "IsPercent": false,
    "Priority": 0,
    "Icon": "",
    "Dec": ""
  },
  {
    "Id": 63,
    "Key": "SpecialEnergy2Max",
    "Name": "PropertyIndex_63_Name",
    "AnotherName": "",
    "ConvertToWhiteId": 0,
    "IsShow": false,
    "IsPercent": false,
    "Priority": 0,
    "Icon": "",
    "Dec": ""
  },
  {
    "Id": 64,
    "Key": "SpecialEnergy2",
    "Name": "PropertyIndex_64_Name",
    "AnotherName": "",
    "ConvertToWhiteId": 0,
    "IsShow": false,
    "IsPercent": false,
    "Priority": 0,
    "Icon": "",
    "Dec": ""
  },
  {
    "Id": 65,
    "Key": "SpecialEnergy3Max",
    "Name": "PropertyIndex_65_Name",
    "AnotherName": "",
    "ConvertToWhiteId": 0,
    "IsShow": false,
    "IsPercent": false,
    "Priority": 0,
    "Icon": "",
    "Dec": ""
  },
  {
    "Id": 66,
    "Key": "SpecialEnergy3",
    "Name": "PropertyIndex_66_Name",
    "AnotherName": "",
    "ConvertToWhiteId": 0,
    "IsShow": false,
    "IsPercent": false,
    "Priority": 0,
    "Icon": "",
    "Dec": ""
  },
  {
    "Id": 67,
    "Key": "SpecialEnergy4Max",
    "Name": "PropertyIndex_67_Name",
    "AnotherName": "",
    "ConvertToWhiteId": 0,
    "IsShow": false,
    "IsPercent": false,
    "Priority": 0,
    "Icon": "",
    "Dec": ""
  },
  {
    "Id": 68,
    "Key": "SpecialEnergy4",
    "Name": "PropertyIndex_68_Name",
    "AnotherName": "",
    "ConvertToWhiteId": 0,
    "IsShow": false,
    "IsPercent": false,
    "Priority": 0,
    "Icon": "",
    "Dec": ""
  },
  {
    "Id": 69,
    "Key": "StrengthMax",
    "Name": "PropertyIndex_69_Name",
    "AnotherName": "",
    "ConvertToWhiteId": 0,
    "IsShow": true,
    "IsPercent": false,
    "Priority": 4,
    "Icon": "/Game/Aki/UI/UIResources/Common/Image/IconAttribute/T_Iconpropertyredwqe_UI.T_Iconpropertyredwqe_UI",
    "Dec": ""
  },
  {
    "Id": 70,
    "Key": "Strength",
    "Name": "PropertyIndex_70_Name",
    "AnotherName": "",
    "ConvertToWhiteId": 0,
    "IsShow": false,
    "IsPercent": false,
    "Priority": 0,
    "Icon": "",
    "Dec": ""
  },
  {
    "Id": 71,
    "Key": "StrengthRecover",
    "Name": "PropertyIndex_71_Name",
    "AnotherName": "",
    "ConvertToWhiteId": 0,
    "IsShow": false,
    "IsPercent": false,
    "Priority": 0,
    "Icon": "",
    "Dec": ""
  },
  {
    "Id": 72,
    "Key": "StrengthPunishTime",
    "Name": "PropertyIndex_72_Name",
    "AnotherName": "",
    "ConvertToWhiteId": 0,
    "IsShow": false,
    "IsPercent": false,
    "Priority": 0,
    "Icon": "",
    "Dec": ""
  },
  {
    "Id": 73,
    "Key": "StrengthRun",
    "Name": "PropertyIndex_73_Name",
    "AnotherName": "",
    "ConvertToWhiteId": 0,
    "IsShow": false,
    "IsPercent": false,
    "Priority": 0,
    "Icon": "",
    "Dec": ""
  },
  {
    "Id": 74,
    "Key": "StrengthSwim",
    "Name": "PropertyIndex_74_Name",
    "AnotherName": "",
    "ConvertToWhiteId": 0,
    "IsShow": false,
    "IsPercent": false,
    "Priority": 0,
    "Icon": "",
    "Dec": ""
  },
  {
    "Id": 75,
    "Key": "StrengthFastSwim",
    "Name": "PropertyIndex_75_Name",
    "AnotherName": "",
    "ConvertToWhiteId": 0,
    "IsShow": false,
    "IsPercent": false,
    "Priority": 0,
    "Icon": "",
    "Dec": ""
  },
  {
    "Id": 76,
    "Key": "ElementEnergyMax",
    "Name": "PropertyIndex_76_Name",
    "AnotherName": "",
    "ConvertToWhiteId": 0,
    "IsShow": false,
    "IsPercent": false,
    "Priority": 0,
    "Icon": "",
    "Dec": ""
  },
  {
    "Id": 77,
    "Key": "ElementEnergy",
    "Name": "PropertyIndex_77_Name",
    "AnotherName": "",
    "ConvertToWhiteId": 0,
    "IsShow": false,
    "IsPercent": false,
    "Priority": 0,
    "Icon": "",
    "Dec": ""
  },
  {
    "Id": 78,
    "Key": "HardnessMax",
    "Name": "PropertyIndex_78_Name",
    "AnotherName": "",
    "ConvertToWhiteId": 0,
    "IsShow": false,
    "IsPercent": false,
    "Priority": 0,
    "Icon": "",
    "Dec": ""
  },
  {
    "Id": 79,
    "Key": "Hardness",
    "Name": "PropertyIndex_79_Name",
    "AnotherName": "",
    "ConvertToWhiteId": 0,
    "IsShow": false,
    "IsPercent": false,
    "Priority": 0,
    "Icon": "",
    "Dec": ""
  },
  {
    "Id": 80,
    "Key": "HardnessRecover",
    "Name": "PropertyIndex_80_Name",
    "AnotherName": "",
    "ConvertToWhiteId": 0,
    "IsShow": false,
    "IsPercent": false,
    "Priority": 0,
    "Icon": "",
    "Dec": ""
  },
  {
    "Id": 81,
    "Key": "HardnessPunishTime",
    "Name": "PropertyIndex_81_Name",
    "AnotherName": "",
    "ConvertToWhiteId": 0,
    "IsShow": false,
    "IsPercent": false,
    "Priority": 0,
    "Icon": "",
    "Dec": ""
  },
  {
    "Id": 82,
    "Key": "HardnessChange",
    "Name": "PropertyIndex_82_Name",
    "AnotherName": "",
    "ConvertToWhiteId": 0,
    "IsShow": false,
    "IsPercent": true,
    "Priority": 0,
    "Icon": "",
    "Dec": ""
  },
  {
    "Id": 83,
    "Key": "HardnessReduce",
    "Name": "PropertyIndex_83_Name",
    "AnotherName": "",
    "ConvertToWhiteId": 0,
    "IsShow": false,
    "IsPercent": true,
    "Priority": 0,
    "Icon": "",
    "Dec": ""
  },
  {
    "Id": 84,
    "Key": "ToughMax",
    "Name": "PropertyIndex_84_Name",
    "AnotherName": "",
    "ConvertToWhiteId": 0,
    "IsShow": false,
    "IsPercent": false,
    "Priority": 0,
    "Icon": "",
    "Dec": ""
  },
  {
    "Id": 85,
    "Key": "Tough",
    "Name": "PropertyIndex_85_Name",
    "AnotherName": "",
    "ConvertToWhiteId": 0,
    "IsShow": false,
    "IsPercent": false,
    "Priority": 0,
    "Icon": "",
    "Dec": ""
  },
  {
    "Id": 86,
    "Key": "ToughRecover",
    "Name": "PropertyIndex_86_Name",
    "AnotherName": "",
    "ConvertToWhiteId": 0,
    "IsShow": false,
    "IsPercent": false,
    "Priority": 0,
    "Icon": "",
    "Dec": ""
  },
  {
    "Id": 87,
    "Key": "ToughChange",
    "Name": "PropertyIndex_87_Name",
    "AnotherName": "",
    "ConvertToWhiteId": 0,
    "IsShow": false,
    "IsPercent": true,
    "Priority": 0,
    "Icon": "",
    "Dec": ""
  },
  {
    "Id": 88,
    "Key": "ToughReduce",
    "Name": "PropertyIndex_88_Name",
    "AnotherName": "",
    "ConvertToWhiteId": 0,
    "IsShow": false,
    "IsPercent": true,
    "Priority": 0,
    "Icon": "",
    "Dec": ""
  },
  {
    "Id": 89,
    "Key": "ElementPower1",
    "Name": "PropertyIndex_89_Name",
    "AnotherName": "",
    "ConvertToWhiteId": 0,
    "IsShow": false,
    "IsPercent": false,
    "Priority": 0,
    "Icon": "",
    "Dec": ""
  },
  {
    "Id": 90,
    "Key": "ElementPower2",
    "Name": "PropertyIndex_90_Name",
    "AnotherName": "",
    "ConvertToWhiteId": 0,
    "IsShow": false,
    "IsPercent": false,
    "Priority": 0,
    "Icon": "",
    "Dec": ""
  },
  {
    "Id": 91,
    "Key": "ElementPower3",
    "Name": "PropertyIndex_91_Name",
    "AnotherName": "",
    "ConvertToWhiteId": 0,
    "IsShow": false,
    "IsPercent": false,
    "Priority": 0,
    "Icon": "",
    "Dec": ""
  },
  {
    "Id": 92,
    "Key": "ElementPower4",
    "Name": "PropertyIndex_92_Name",
    "AnotherName": "",
    "ConvertToWhiteId": 0,
    "IsShow": false,
    "IsPercent": false,
    "Priority": 0,
    "Icon": "",
    "Dec": ""
  },
  {
    "Id": 93,
    "Key": "ElementPower5",
    "Name": "PropertyIndex_93_Name",
    "AnotherName": "",
    "ConvertToWhiteId": 0,
    "IsShow": false,
    "IsPercent": false,
    "Priority": 0,
    "Icon": "",
    "Dec": ""
  },
  {
    "Id": 94,
    "Key": "ElementPower6",
    "Name": "PropertyIndex_94_Name",
    "AnotherName": "",
    "ConvertToWhiteId": 0,
    "IsShow": false,
    "IsPercent": false,
    "Priority": 0,
    "Icon": "",
    "Dec": ""
  },
  {
    "Id": 95,
    "Key": "SpecialDamageChange",
    "Name": "PropertyIndex_95_Name",
    "AnotherName": "",
    "ConvertToWhiteId": 0,
    "IsShow": false,
    "IsPercent": true,
    "Priority": 0,
    "Icon": "",
    "Dec": ""
  },
  {
    "Id": 96,
    "Key": "StrengthFastClimbCost",
    "Name": "PropertyIndex_96_Name",
    "AnotherName": "",
    "ConvertToWhiteId": 0,
    "IsShow": false,
    "IsPercent": false,
    "Priority": 0,
    "Icon": "",
    "Dec": ""
  },
  {
    "Id": 97,
    "Key": "ElementPropertyType",
    "Name": "PropertyIndex_97_Name",
    "AnotherName": "",
    "ConvertToWhiteId": 0,
    "IsShow": false,
    "IsPercent": false,
    "Priority": 0,
    "Icon": "",
    "Dec": ""
  },
  {
    "Id": 98,
    "Key": "WeakTime",
    "Name": "PropertyIndex_98_Name",
    "AnotherName": "",
    "ConvertToWhiteId": 0,
    "IsShow": false,
    "IsPercent": false,
    "Priority": 0,
    "Icon": "",
    "Dec": ""
  },
  {
    "Id": 99,
    "Key": "IgnoreDefRate",
    "Name": "PropertyIndex_99_Name",
    "AnotherName": "",
    "ConvertToWhiteId": 0,
    "IsShow": false,
    "IsPercent": true,
    "Priority": 0,
    "Icon": "",
    "Dec": ""
  },
  {
    "Id": 100,
    "Key": "IgnoreDamageResistancePhys",
    "Name": "PropertyIndex_100_Name",
    "AnotherName": "",
    "ConvertToWhiteId": 0,
    "IsShow": false,
    "IsPercent": true,
    "Priority": 0,
    "Icon": "",
    "Dec": ""
  },
  {
    "Id": 101,
    "Key": "IgnoreDamageResistanceElement1",
    "Name": "PropertyIndex_101_Name",
    "AnotherName": "",
    "ConvertToWhiteId": 0,
    "IsShow": false,
    "IsPercent": true,
    "Priority": 0,
    "Icon": "",
    "Dec": ""
  },
  {
    "Id": 102,
    "Key": "IgnoreDamageResistanceElement2",
    "Name": "PropertyIndex_102_Name",
    "AnotherName": "",
    "ConvertToWhiteId": 0,
    "IsShow": false,
    "IsPercent": true,
    "Priority": 0,
    "Icon": "",
    "Dec": ""
  },
  {
    "Id": 103,
    "Key": "IgnoreDamageResistanceElement3",
    "Name": "PropertyIndex_103_Name",
    "AnotherName": "",
    "ConvertToWhiteId": 0,
    "IsShow": false,
    "IsPercent": true,
    "Priority": 0,
    "Icon": "",
    "Dec": ""
  },
  {
    "Id": 104,
    "Key": "IgnoreDamageResistanceElement4",
    "Name": "PropertyIndex_104_Name",
    "AnotherName": "",
    "ConvertToWhiteId": 0,
    "IsShow": false,
    "IsPercent": true,
    "Priority": 0,
    "Icon": "",
    "Dec": ""
  },
  {
    "Id": 105,
    "Key": "IgnoreDamageResistanceElement5",
    "Name": "PropertyIndex_105_Name",
    "AnotherName": "",
    "ConvertToWhiteId": 0,
    "IsShow": false,
    "IsPercent": true,
    "Priority": 0,
    "Icon": "",
    "Dec": ""
  },
  {
    "Id": 106,
    "Key": "IgnoreDamageResistanceElement6",
    "Name": "PropertyIndex_106_Name",
    "AnotherName": "",
    "ConvertToWhiteId": 0,
    "IsShow": false,
    "IsPercent": true,
    "Priority": 0,
    "Icon": "",
    "Dec": ""
  },
  {
    "Id": 107,
    "Key": "SkillToughRatio",
    "Name": "PropertyIndex_107_Name",
    "AnotherName": "",
    "ConvertToWhiteId": 0,
    "IsShow": false,
    "IsPercent": false,
    "Priority": 0,
    "Icon": "",
    "Dec": ""
  },
  {
    "Id": 108,
    "Key": "StrengthClimbJump",
    "Name": "PropertyIndex_108_Name",
    "AnotherName": "",
    "ConvertToWhiteId": 0,
    "IsShow": false,
    "IsPercent": false,
    "Priority": 0,
    "Icon": "",
    "Dec": ""
  },
  {
    "Id": 109,
    "Key": "StrengthGliding",
    "Name": "PropertyIndex_109_Name",
    "AnotherName": "",
    "ConvertToWhiteId": 0,
    "IsShow": false,
    "IsPercent": false,
    "Priority": 0,
    "Icon": "",
    "Dec": ""
  },
  {
    "Id": 110,
    "Key": "Mass",
    "Name": "PropertyIndex_110_Name",
    "AnotherName": "",
    "ConvertToWhiteId": 0,
    "IsShow": false,
    "IsPercent": false,
    "Priority": 0,
    "Icon": "",
    "Dec": ""
  },
  {
    "Id": 111,
    "Key": "BrakingFrictionFactor",
    "Name": "PropertyIndex_111_Name",
    "AnotherName": "",
    "ConvertToWhiteId": 0,
    "IsShow": false,
    "IsPercent": false,
    "Priority": 0,
    "Icon": "",
    "Dec": ""
  },
  {
    "Id": 112,
    "Key": "GravityScale",
    "Name": "PropertyIndex_112_Name",
    "AnotherName": "",
    "ConvertToWhiteId": 0,
    "IsShow": false,
    "IsPercent": false,
    "Priority": 0,
    "Icon": "",
    "Dec": ""
  },
  {
    "Id": 113,
    "Key": "SpeedRatio",
    "Name": "PropertyIndex_113_Name",
    "AnotherName": "",
    "ConvertToWhiteId": 0,
    "IsShow": false,
    "IsPercent": false,
    "Priority": 0,
    "Icon": "",
    "Dec": ""
  },
  {
    "Id": 114,
    "Key": "DamageChangePhantom",
    "Name": "PropertyIndex_114_Name",
    "AnotherName": "",
    "ConvertToWhiteId": 0,
    "IsShow": false,
    "IsPercent": true,
    "Priority": 0,
    "Icon": "",
    "Dec": ""
  },
  {
    "Id": 115,
    "Key": "AutoAttackSpeed",
    "Name": "PropertyIndex_115_Name",
    "AnotherName": "",
    "ConvertToWhiteId": 0,
    "IsShow": false,
    "IsPercent": true,
    "Priority": 0,
    "Icon": "",
    "Dec": ""
  },
  {
    "Id": 116,
    "Key": "CastAttackSpeed",
    "Name": "PropertyIndex_116_Name",
    "AnotherName": "",
    "ConvertToWhiteId": 0,
    "IsShow": false,
    "IsPercent": true,
    "Priority": 0,
    "Icon": "",
    "Dec": ""
  },
  {
    "Id": 117,
    "Key": "StatusBuildUp1Max",
    "Name": "PropertyIndex_117_Name",
    "AnotherName": "",
    "ConvertToWhiteId": 0,
    "IsShow": false,
    "IsPercent": false,
    "Priority": 0,
    "Icon": "",
    "Dec": ""
  },
  {
    "Id": 118,
    "Key": "StatusBuildUp1",
    "Name": "PropertyIndex_118_Name",
    "AnotherName": "",
    "ConvertToWhiteId": 0,
    "IsShow": false,
    "IsPercent": false,
    "Priority": 0,
    "Icon": "",
    "Dec": ""
  },
  {
    "Id": 119,
    "Key": "StatusBuildUp2Max",
    "Name": "PropertyIndex_119_Name",
    "AnotherName": "",
    "ConvertToWhiteId": 0,
    "IsShow": false,
    "IsPercent": false,
    "Priority": 0,
    "Icon": "",
    "Dec": ""
  },
  {
    "Id": 120,
    "Key": "StatusBuildUp2",
    "Name": "PropertyIndex_120_Name",
    "AnotherName": "",
    "ConvertToWhiteId": 0,
    "IsShow": false,
    "IsPercent": false,
    "Priority": 0,
    "Icon": "",
    "Dec": ""
  },
  {
    "Id": 121,
    "Key": "StatusBuildUp3Max",
    "Name": "PropertyIndex_121_Name",
    "AnotherName": "",
    "ConvertToWhiteId": 0,
    "IsShow": false,
    "IsPercent": false,
    "Priority": 0,
    "Icon": "",
    "Dec": ""
  },
  {
    "Id": 122,
    "Key": "StatusBuildUp3",
    "Name": "PropertyIndex_122_Name",
    "AnotherName": "",
    "ConvertToWhiteId": 0,
    "IsShow": false,
    "IsPercent": false,
    "Priority": 0,
    "Icon": "",
    "Dec": ""
  },
  {
    "Id": 123,
    "Key": "StatusBuildUp4Max",
    "Name": "PropertyIndex_123_Name",
    "AnotherName": "",
    "ConvertToWhiteId": 0,
    "IsShow": false,
    "IsPercent": false,
    "Priority": 0,
    "Icon": "",
    "Dec": ""
  },
  {
    "Id": 124,
    "Key": "StatusBuildUp4",
    "Name": "PropertyIndex_124_Name",
    "AnotherName": "",
    "ConvertToWhiteId": 0,
    "IsShow": false,
    "IsPercent": false,
    "Priority": 0,
    "Icon": "",
    "Dec": ""
  },
  {
    "Id": 125,
    "Key": "StatusBuildUp5Max",
    "Name": "PropertyIndex_125_Name",
    "AnotherName": "",
    "ConvertToWhiteId": 0,
    "IsShow": false,
    "IsPercent": false,
    "Priority": 0,
    "Icon": "",
    "Dec": ""
  },
  {
    "Id": 126,
    "Key": "StatusBuildUp5",
    "Name": "PropertyIndex_126_Name",
    "AnotherName": "",
    "ConvertToWhiteId": 0,
    "IsShow": false,
    "IsPercent": false,
    "Priority": 0,
    "Icon": "",
    "Dec": ""
  },
  {
    "Id": 127,
    "Key": "RageMax",
    "Name": "PropertyIndex_127_Name",
    "AnotherName": "",
    "ConvertToWhiteId": 0,
    "IsShow": false,
    "IsPercent": false,
    "Priority": 0,
    "Icon": "",
    "Dec": ""
  },
  {
    "Id": 128,
    "Key": "Rage",
    "Name": "PropertyIndex_128_Name",
    "AnotherName": "",
    "ConvertToWhiteId": 0,
    "IsShow": false,
    "IsPercent": false,
    "Priority": 0,
    "Icon": "",
    "Dec": ""
  },
  {
    "Id": 129,
    "Key": "RageRecover",
    "Name": "PropertyIndex_129_Name",
    "AnotherName": "",
    "ConvertToWhiteId": 0,
    "IsShow": false,
    "IsPercent": false,
    "Priority": 0,
    "Icon": "",
    "Dec": ""
  },
  {
    "Id": 130,
    "Key": "RagePunishTime",
    "Name": "PropertyIndex_130_Name",
    "AnotherName": "",
    "ConvertToWhiteId": 0,
    "IsShow": false,
    "IsPercent": false,
    "Priority": 0,
    "Icon": "",
    "Dec": ""
  },
  {
    "Id": 131,
    "Key": "RageChange",
    "Name": "PropertyIndex_131_Name",
    "AnotherName": "",
    "ConvertToWhiteId": 0,
    "IsShow": false,
    "IsPercent": true,
    "Priority": 0,
    "Icon": "",
    "Dec": ""
  },
  {
    "Id": 132,
    "Key": "RageReduce",
    "Name": "PropertyIndex_132_Name",
    "AnotherName": "",
    "ConvertToWhiteId": 0,
    "IsShow": false,
    "IsPercent": true,
    "Priority": 0,
    "Icon": "",
    "Dec": ""
  },
  {
    "Id": 133,
    "Key": "ToughRecoverDelayTime",
    "Name": "PropertyIndex_133_Name",
    "AnotherName": "",
    "ConvertToWhiteId": 0,
    "IsShow": false,
    "IsPercent": false,
    "Priority": 0,
    "Icon": "",
    "Dec": ""
  },
  {
    "Id": 10001,
    "Key": "GreenLv",
    "Name": "PropertyIndex_10001_Name",
    "AnotherName": "",
    "ConvertToWhiteId": 1,
    "IsShow": false,
    "IsPercent": false,
    "Priority": 0,
    "Icon": "",
    "Dec": ""
  },
  {
    "Id": 10002,
    "Key": "GreenLifeMax",
    "Name": "PropertyIndex_10002_Name",
    "AnotherName": "",
    "ConvertToWhiteId": 2,
    "IsShow": false,
    "IsPercent": false,
    "Priority": 0,
    "Icon": "/Game/Aki/UI/UiResources/Common/Image/IconAttribute/T_Iconpropertygreenlife_UI.T_Iconpropertygreenlife_UI",
    "Dec": ""
  },
  {
    "Id": 10003,
    "Key": "GreenLife",
    "Name": "PropertyIndex_10003_Name",
    "AnotherName": "",
    "ConvertToWhiteId": 3,
    "IsShow": false,
    "IsPercent": false,
    "Priority": 0,
    "Icon": "",
    "Dec": ""
  },
  {
    "Id": 10004,
    "Key": "GreenSheild",
    "Name": "PropertyIndex_10004_Name",
    "AnotherName": "",
    "ConvertToWhiteId": 4,
    "IsShow": false,
    "IsPercent": false,
    "Priority": 0,
    "Icon": "/Game/Aki/UI/UIResources/Common/Image/IconAttribute/T_Iconpropertygreenprotect_UI.T_Iconpropertygreenprotect_UI",
    "Dec": ""
  },
  {
    "Id": 10005,
    "Key": "GreenSheildDamageChange",
    "Name": "PropertyIndex_10005_Name",
    "AnotherName": "",
    "ConvertToWhiteId": 5,
    "IsShow": false,
    "IsPercent": false,
    "Priority": 0,
    "Icon": "/Game/Aki/UI/UIResources/Common/Image/IconAttribute/T_Iconpropertygreenshield_UI.T_Iconpropertygreenshield_UI",
    "Dec": ""
  },
  {
    "Id": 10006,
    "Key": "GreenSheildDamageReduce",
    "Name": "PropertyIndex_10006_Name",
    "AnotherName": "",
    "ConvertToWhiteId": 6,
    "IsShow": false,
    "IsPercent": false,
    "Priority": 0,
    "Icon": "/Game/Aki/UI/UIResources/Common/Image/IconAttribute/T_Iconpropertyblueshield_UI.T_Iconpropertyblueshield_UI",
    "Dec": ""
  },
  {
    "Id": 10007,
    "Key": "GreenAtk",
    "Name": "PropertyIndex_10007_Name",
    "AnotherName": "",
    "ConvertToWhiteId": 7,
    "IsShow": false,
    "IsPercent": false,
    "Priority": 0,
    "Icon": "/Game/Aki/UI/UIResources/Common/Image/IconAttribute/T_Iconpropertyredattack_UI.T_Iconpropertyredattack_UI",
    "Dec": ""
  },
  {
    "Id": 10008,
    "Key": "GreenCrit",
    "Name": "PropertyIndex_10008_Name",
    "AnotherName": "",
    "ConvertToWhiteId": 8,
    "IsShow": false,
    "IsPercent": false,
    "Priority": 0,
    "Icon": "/Game/Aki/UI/UIResources/Common/Image/IconAttribute/T_Iconpropertyredbaoji_UI.T_Iconpropertyredbaoji_UI",
    "Dec": ""
  },
  {
    "Id": 10009,
    "Key": "GreenCritDamage",
    "Name": "PropertyIndex_10009_Name",
    "AnotherName": "",
    "ConvertToWhiteId": 9,
    "IsShow": false,
    "IsPercent": false,
    "Priority": 0,
    "Icon": "/Game/Aki/UI/UIResources/Common/Image/IconAttribute/T_Iconpropertyredcrit_UI.T_Iconpropertyredcrit_UI",
    "Dec": ""
  },
  {
    "Id": 10010,
    "Key": "GreenDef",
    "Name": "PropertyIndex_10010_Name",
    "AnotherName": "",
    "ConvertToWhiteId": 10,
    "IsShow": false,
    "IsPercent": false,
    "Priority": 0,
    "Icon": "/Game/Aki/UI/UIResources/Common/Image/IconAttribute/T_Iconpropertygreendefense_UI.T_Iconpropertygreendefense_UI",
    "Dec": ""
  },
  {
    "Id": 10011,
    "Key": "GreenEnergyEfficiency",
    "Name": "PropertyIndex_10011_Name",
    "AnotherName": "",
    "ConvertToWhiteId": 11,
    "IsShow": false,
    "IsPercent": false,
    "Priority": 0,
    "Icon": "/Game/Aki/UI/UIResources/Common/Image/IconAttribute/T_Iconpropertygreenenergy_UI.T_Iconpropertygreenenergy_UI",
    "Dec": ""
  },
  {
    "Id": 10012,
    "Key": "GreenCDReduse",
    "Name": "PropertyIndex_10012_Name",
    "AnotherName": "",
    "ConvertToWhiteId": 12,
    "IsShow": false,
    "IsPercent": false,
    "Priority": 0,
    "Icon": "/Game/Aki/UI/UIResources/Common/Image/IconAttribute/T_Iconpropertybluecooling_UI.T_Iconpropertybluecooling_UI",
    "Dec": ""
  },
  {
    "Id": 10013,
    "Key": "GreenReactionEfficiency",
    "Name": "PropertyIndex_10013_Name",
    "AnotherName": "",
    "ConvertToWhiteId": 13,
    "IsShow": false,
    "IsPercent": false,
    "Priority": 0,
    "Icon": "/Game/Aki/UI/UIResources/Common/Image/IconAttribute/T_Iconpropertybluereaction_UI.T_Iconpropertybluereaction_UI",
    "Dec": ""
  },
  {
    "Id": 10014,
    "Key": "GreenDamageChangeNormalSkill",
    "Name": "PropertyIndex_10014_Name",
    "AnotherName": "",
    "ConvertToWhiteId": 14,
    "IsShow": false,
    "IsPercent": false,
    "Priority": 0,
    "Icon": "/Game/Aki/UI/UIResources/Common/Image/IconAttribute/T_Iconpropertyredspeed_UI.T_Iconpropertyredspeed_UI",
    "Dec": ""
  },
  {
    "Id": 10015,
    "Key": "GreenDamageChange",
    "Name": "PropertyIndex_10015_Name",
    "AnotherName": "",
    "ConvertToWhiteId": 15,
    "IsShow": false,
    "IsPercent": false,
    "Priority": 0,
    "Icon": "/Game/Aki/UI/UIResources/Common/Image/IconAttribute/T_Iconpropertyredgeneral_UI.T_Iconpropertyredgeneral_UI",
    "Dec": ""
  },
  {
    "Id": 10016,
    "Key": "GreenDamageReduce",
    "Name": "PropertyIndex_10016_Name",
    "AnotherName": "",
    "ConvertToWhiteId": 16,
    "IsShow": false,
    "IsPercent": false,
    "Priority": 0,
    "Icon": "/Game/Aki/UI/UIResources/Common/Image/IconAttribute/T_Iconpropertygreenbruise_UI.T_Iconpropertygreenbruise_UI",
    "Dec": ""
  },
  {
    "Id": 10017,
    "Key": "GreenDamageChangeAuto",
    "Name": "PropertyIndex_10017_Name",
    "AnotherName": "",
    "ConvertToWhiteId": 17,
    "IsShow": false,
    "IsPercent": false,
    "Priority": 0,
    "Icon": "/Game/Aki/UI/UIResources/Common/Image/IconAttribute/T_Iconpropertyredphysics_UI.T_Iconpropertyredphysics_UI",
    "Dec": ""
  },
  {
    "Id": 10018,
    "Key": "GreenDamageChangeCast",
    "Name": "PropertyIndex_10018_Name",
    "AnotherName": "",
    "ConvertToWhiteId": 18,
    "IsShow": false,
    "IsPercent": false,
    "Priority": 0,
    "Icon": "/Game/Aki/UI/UIResources/Common/Image/IconAttribute/T_Iconpropertyredfoco_UI.T_Iconpropertyredfoco_UI",
    "Dec": ""
  },
  {
    "Id": 10019,
    "Key": "GreenDamageChangeUltra",
    "Name": "PropertyIndex_10019_Name",
    "AnotherName": "",
    "ConvertToWhiteId": 19,
    "IsShow": false,
    "IsPercent": false,
    "Priority": 0,
    "Icon": "/Game/Aki/UI/UIResources/Common/Image/IconAttribute/T_Iconpropertyredskill_UI.T_Iconpropertyredskill_UI",
    "Dec": ""
  },
  {
    "Id": 10020,
    "Key": "GreenDamageChangeQTE",
    "Name": "PropertyIndex_10020_Name",
    "AnotherName": "",
    "ConvertToWhiteId": 20,
    "IsShow": false,
    "IsPercent": false,
    "Priority": 0,
    "Icon": "/Game/Aki/UI/UIResources/Common/Image/IconAttribute/T_Iconpropertyredqte_UI.T_Iconpropertyredqte_UI",
    "Dec": ""
  },
  {
    "Id": 10021,
    "Key": "GreenDamageChangePhys",
    "Name": "PropertyIndex_10021_Name",
    "AnotherName": "",
    "ConvertToWhiteId": 21,
    "IsShow": false,
    "IsPercent": false,
    "Priority": 0,
    "Icon": "/Game/Aki/UI/UIResources/Common/Image/IconAttribute/T_Iconpropertybluephysics_UI.T_Iconpropertybluephysics_UI",
    "Dec": ""
  },
  {
    "Id": 10022,
    "Key": "GreenDamageChangeElement1",
    "Name": "PropertyIndex_10022_Name",
    "AnotherName": "",
    "ConvertToWhiteId": 22,
    "IsShow": false,
    "IsPercent": false,
    "Priority": 0,
    "Icon": "/Game/Aki/UI/UIResources/Common/Image/IconAttribute/T_Iconpropertyredice_UI.T_Iconpropertyredice_UI",
    "Dec": ""
  },
  {
    "Id": 10023,
    "Key": "GreenDamageChangeElement2",
    "Name": "PropertyIndex_10023_Name",
    "AnotherName": "",
    "ConvertToWhiteId": 23,
    "IsShow": false,
    "IsPercent": false,
    "Priority": 0,
    "Icon": "/Game/Aki/UI/UIResources/Common/Image/IconAttribute/T_Iconpropertyredhot_UI.T_Iconpropertyredhot_UI",
    "Dec": ""
  },
  {
    "Id": 10024,
    "Key": "GreenDamageChangeElement3",
    "Name": "PropertyIndex_10024_Name",
    "AnotherName": "",
    "ConvertToWhiteId": 24,
    "IsShow": false,
    "IsPercent": false,
    "Priority": 0,
    "Icon": "/Game/Aki/UI/UIResources/Common/Image/IconAttribute/T_Iconpropertyredmine_UI.T_Iconpropertyredmine_UI",
    "Dec": ""
  },
  {
    "Id": 10025,
    "Key": "GreenDamageChangeElement4",
    "Name": "PropertyIndex_10025_Name",
    "AnotherName": "",
    "ConvertToWhiteId": 25,
    "IsShow": false,
    "IsPercent": false,
    "Priority": 0,
    "Icon": "/Game/Aki/UI/UIResources/Common/Image/IconAttribute/T_Iconpropertyredwind_UI.T_Iconpropertyredwind_UI",
    "Dec": ""
  },
  {
    "Id": 10026,
    "Key": "GreenDamageChangeElement5",
    "Name": "PropertyIndex_10026_Name",
    "AnotherName": "",
    "ConvertToWhiteId": 26,
    "IsShow": false,
    "IsPercent": false,
    "Priority": 0,
    "Icon": "/Game/Aki/UI/UIResources/Common/Image/IconAttribute/T_Iconpropertyredlight_UI.T_Iconpropertyredlight_UI",
    "Dec": ""
  },
  {
    "Id": 10027,
    "Key": "GreenDamageChangeElement6",
    "Name": "PropertyIndex_10027_Name",
    "AnotherName": "",
    "ConvertToWhiteId": 27,
    "IsShow": false,
    "IsPercent": false,
    "Priority": 0,
    "Icon": "/Game/Aki/UI/UIResources/Common/Image/IconAttribute/T_Iconpropertyreddark_UI.T_Iconpropertyreddark_UI",
    "Dec": ""
  },
  {
    "Id": 10028,
    "Key": "GreenDamageResistancePhys",
    "Name": "PropertyIndex_10028_Name",
    "AnotherName": "",
    "ConvertToWhiteId": 28,
    "IsShow": false,
    "IsPercent": false,
    "Priority": 0,
    "Icon": "/Game/Aki/UI/UIResources/Common/Image/IconAttribute/T_Iconpropertybluephysics_UI.T_Iconpropertybluephysics_UI",
    "Dec": ""
  },
  {
    "Id": 10029,
    "Key": "GreenDamageResistanceElement1",
    "Name": "PropertyIndex_10029_Name",
    "AnotherName": "",
    "ConvertToWhiteId": 29,
    "IsShow": false,
    "IsPercent": false,
    "Priority": 0,
    "Icon": "/Game/Aki/UI/UIResources/Common/Image/IconAttribute/T_Iconpropertyblueice_UI.T_Iconpropertyblueice_UI",
    "Dec": ""
  },
  {
    "Id": 10030,
    "Key": "GreenDamageResistanceElement2",
    "Name": "PropertyIndex_10030_Name",
    "AnotherName": "",
    "ConvertToWhiteId": 30,
    "IsShow": false,
    "IsPercent": false,
    "Priority": 0,
    "Icon": "/Game/Aki/UI/UIResources/Common/Image/IconAttribute/T_Iconpropertybluehot_UI.T_Iconpropertybluehot_UI",
    "Dec": ""
  },
  {
    "Id": 10031,
    "Key": "GreenDamageResistanceElement3",
    "Name": "PropertyIndex_10031_Name",
    "AnotherName": "",
    "ConvertToWhiteId": 31,
    "IsShow": false,
    "IsPercent": false,
    "Priority": 0,
    "Icon": "/Game/Aki/UI/UIResources/Common/Image/IconAttribute/T_Iconpropertybluemine_UI.T_Iconpropertybluemine_UI",
    "Dec": ""
  },
  {
    "Id": 10032,
    "Key": "GreenDamageResistanceElement4",
    "Name": "PropertyIndex_10032_Name",
    "AnotherName": "",
    "ConvertToWhiteId": 32,
    "IsShow": false,
    "IsPercent": false,
    "Priority": 0,
    "Icon": "/Game/Aki/UI/UIResources/Common/Image/IconAttribute/T_Iconpropertybluewind_UI.T_Iconpropertybluewind_UI",
    "Dec": ""
  },
  {
    "Id": 10033,
    "Key": "GreenDamageResistanceElement5",
    "Name": "PropertyIndex_10033_Name",
    "AnotherName": "",
    "ConvertToWhiteId": 33,
    "IsShow": false,
    "IsPercent": false,
    "Priority": 0,
    "Icon": "/Game/Aki/UI/UIResources/Common/Image/IconAttribute/T_Iconpropertybluelight_UI.T_Iconpropertybluelight_UI",
    "Dec": ""
  },
  {
    "Id": 10034,
    "Key": "GreenDamageResistanceElement6",
    "Name": "PropertyIndex_10034_Name",
    "AnotherName": "",
    "ConvertToWhiteId": 34,
    "IsShow": false,
    "IsPercent": false,
    "Priority": 0,
    "Icon": "/Game/Aki/UI/UIResources/Common/Image/IconAttribute/T_Iconpropertybluedark_UI.T_Iconpropertybluedark_UI",
    "Dec": ""
  },
  {
    "Id": 10035,
    "Key": "GreenHealChange",
    "Name": "PropertyIndex_10035_Name",
    "AnotherName": "",
    "ConvertToWhiteId": 35,
    "IsShow": false,
    "IsPercent": false,
    "Priority": 0,
    "Icon": "/Game/Aki/UI/UIResources/Common/Image/IconAttribute/T_Iconpropertygreencure_UI.T_Iconpropertygreencure_UI",
    "Dec": ""
  },
  {
    "Id": 10036,
    "Key": "GreenHealedChange",
    "Name": "PropertyIndex_10036_Name",
    "AnotherName": "",
    "ConvertToWhiteId": 36,
    "IsShow": false,
    "IsPercent": false,
    "Priority": 0,
    "Icon": "",
    "Dec": ""
  },
  {
    "Id": 10037,
    "Key": "GreenDamageReducePhys",
    "Name": "PropertyIndex_10037_Name",
    "AnotherName": "",
    "ConvertToWhiteId": 37,
    "IsShow": false,
    "IsPercent": false,
    "Priority": 0,
    "Icon": "",
    "Dec": ""
  },
  {
    "Id": 10038,
    "Key": "GreenDamageReduceElement1",
    "Name": "PropertyIndex_10038_Name",
    "AnotherName": "",
    "ConvertToWhiteId": 38,
    "IsShow": false,
    "IsPercent": false,
    "Priority": 0,
    "Icon": "",
    "Dec": ""
  },
  {
    "Id": 10039,
    "Key": "GreenDamageReduceElement2",
    "Name": "PropertyIndex_10039_Name",
    "AnotherName": "",
    "ConvertToWhiteId": 39,
    "IsShow": false,
    "IsPercent": false,
    "Priority": 0,
    "Icon": "",
    "Dec": ""
  },
  {
    "Id": 10040,
    "Key": "GreenDamageReduceElement3",
    "Name": "PropertyIndex_10040_Name",
    "AnotherName": "",
    "ConvertToWhiteId": 40,
    "IsShow": false,
    "IsPercent": false,
    "Priority": 0,
    "Icon": "",
    "Dec": ""
  },
  {
    "Id": 10041,
    "Key": "GreenDamageReduceElement4",
    "Name": "PropertyIndex_10041_Name",
    "AnotherName": "",
    "ConvertToWhiteId": 41,
    "IsShow": false,
    "IsPercent": false,
    "Priority": 0,
    "Icon": "",
    "Dec": ""
  },
  {
    "Id": 10042,
    "Key": "GreenDamageReduceElement5",
    "Name": "PropertyIndex_10042_Name",
    "AnotherName": "",
    "ConvertToWhiteId": 42,
    "IsShow": false,
    "IsPercent": false,
    "Priority": 0,
    "Icon": "",
    "Dec": ""
  },
  {
    "Id": 10043,
    "Key": "GreenDamageReduceElement6",
    "Name": "PropertyIndex_10043_Name",
    "AnotherName": "",
    "ConvertToWhiteId": 43,
    "IsShow": false,
    "IsPercent": false,
    "Priority": 0,
    "Icon": "",
    "Dec": ""
  },
  {
    "Id": 10044,
    "Key": "GreenReactionChange1",
    "Name": "PropertyIndex_10044_Name",
    "AnotherName": "",
    "ConvertToWhiteId": 44,
    "IsShow": false,
    "IsPercent": false,
    "Priority": 0,
    "Icon": "",
    "Dec": ""
  },
  {
    "Id": 10045,
    "Key": "GreenReactionChange2",
    "Name": "PropertyIndex_10045_Name",
    "AnotherName": "",
    "ConvertToWhiteId": 45,
    "IsShow": false,
    "IsPercent": false,
    "Priority": 0,
    "Icon": "",
    "Dec": ""
  },
  {
    "Id": 10046,
    "Key": "GreenReactionChange3",
    "Name": "PropertyIndex_10046_Name",
    "AnotherName": "",
    "ConvertToWhiteId": 46,
    "IsShow": false,
    "IsPercent": false,
    "Priority": 0,
    "Icon": "",
    "Dec": ""
  },
  {
    "Id": 10047,
    "Key": "GreenReactionChange4",
    "Name": "PropertyIndex_10047_Name",
    "AnotherName": "",
    "ConvertToWhiteId": 47,
    "IsShow": false,
    "IsPercent": false,
    "Priority": 0,
    "Icon": "",
    "Dec": ""
  },
  {
    "Id": 10048,
    "Key": "GreenReactionChange5",
    "Name": "PropertyIndex_10048_Name",
    "AnotherName": "",
    "ConvertToWhiteId": 48,
    "IsShow": false,
    "IsPercent": false,
    "Priority": 0,
    "Icon": "",
    "Dec": ""
  },
  {
    "Id": 10049,
    "Key": "GreenReactionChange6",
    "Name": "PropertyIndex_10049_Name",
    "AnotherName": "",
    "ConvertToWhiteId": 49,
    "IsShow": false,
    "IsPercent": false,
    "Priority": 0,
    "Icon": "",
    "Dec": ""
  },
  {
    "Id": 10050,
    "Key": "GreenReactionChange7",
    "Name": "PropertyIndex_10050_Name",
    "AnotherName": "",
    "ConvertToWhiteId": 50,
    "IsShow": false,
    "IsPercent": false,
    "Priority": 0,
    "Icon": "",
    "Dec": ""
  },
  {
    "Id": 10051,
    "Key": "GreenReactionChange8",
    "Name": "PropertyIndex_10051_Name",
    "AnotherName": "",
    "ConvertToWhiteId": 51,
    "IsShow": false,
    "IsPercent": false,
    "Priority": 0,
    "Icon": "",
    "Dec": ""
  },
  {
    "Id": 10052,
    "Key": "GreenReactionChange9",
    "Name": "PropertyIndex_10052_Name",
    "AnotherName": "",
    "ConvertToWhiteId": 52,
    "IsShow": false,
    "IsPercent": false,
    "Priority": 0,
    "Icon": "",
    "Dec": ""
  },
  {
    "Id": 10053,
    "Key": "GreenReactionChange10",
    "Name": "PropertyIndex_10053_Name",
    "AnotherName": "",
    "ConvertToWhiteId": 53,
    "IsShow": false,
    "IsPercent": false,
    "Priority": 0,
    "Icon": "",
    "Dec": ""
  },
  {
    "Id": 10054,
    "Key": "GreenReactionChange11",
    "Name": "PropertyIndex_10054_Name",
    "AnotherName": "",
    "ConvertToWhiteId": 54,
    "IsShow": false,
    "IsPercent": false,
    "Priority": 0,
    "Icon": "",
    "Dec": ""
  },
  {
    "Id": 10055,
    "Key": "GreenReactionChange12",
    "Name": "PropertyIndex_10055_Name",
    "AnotherName": "",
    "ConvertToWhiteId": 55,
    "IsShow": false,
    "IsPercent": false,
    "Priority": 0,
    "Icon": "",
    "Dec": ""
  },
  {
    "Id": 10056,
    "Key": "GreenReactionChange13",
    "Name": "PropertyIndex_10056_Name",
    "AnotherName": "",
    "ConvertToWhiteId": 56,
    "IsShow": false,
    "IsPercent": false,
    "Priority": 0,
    "Icon": "",
    "Dec": ""
  },
  {
    "Id": 10057,
    "Key": "GreenReactionChange14",
    "Name": "PropertyIndex_10057_Name",
    "AnotherName": "",
    "ConvertToWhiteId": 57,
    "IsShow": false,
    "IsPercent": false,
    "Priority": 0,
    "Icon": "",
    "Dec": ""
  },
  {
    "Id": 10058,
    "Key": "GreenReactionChange15",
    "Name": "PropertyIndex_10058_Name",
    "AnotherName": "",
    "ConvertToWhiteId": 58,
    "IsShow": false,
    "IsPercent": false,
    "Priority": 0,
    "Icon": "",
    "Dec": ""
  },
  {
    "Id": 10059,
    "Key": "GreenEnergyMax",
    "Name": "PropertyIndex_10059_Name",
    "AnotherName": "",
    "ConvertToWhiteId": 59,
    "IsShow": false,
    "IsPercent": false,
    "Priority": 0,
    "Icon": "",
    "Dec": ""
  },
  {
    "Id": 10060,
    "Key": "GreenEnergy",
    "Name": "PropertyIndex_10060_Name",
    "AnotherName": "",
    "ConvertToWhiteId": 60,
    "IsShow": false,
    "IsPercent": false,
    "Priority": 0,
    "Icon": "",
    "Dec": ""
  },
  {
    "Id": 10061,
    "Key": "GreenSpecialEnergy1Max",
    "Name": "PropertyIndex_10061_Name",
    "AnotherName": "",
    "ConvertToWhiteId": 61,
    "IsShow": false,
    "IsPercent": false,
    "Priority": 0,
    "Icon": "",
    "Dec": ""
  },
  {
    "Id": 10062,
    "Key": "GreenSpecialEnergy1",
    "Name": "PropertyIndex_10062_Name",
    "AnotherName": "",
    "ConvertToWhiteId": 62,
    "IsShow": false,
    "IsPercent": false,
    "Priority": 0,
    "Icon": "",
    "Dec": ""
  },
  {
    "Id": 10063,
    "Key": "GreenSpecialEnergy2Max",
    "Name": "PropertyIndex_10063_Name",
    "AnotherName": "",
    "ConvertToWhiteId": 63,
    "IsShow": false,
    "IsPercent": false,
    "Priority": 0,
    "Icon": "",
    "Dec": ""
  },
  {
    "Id": 10064,
    "Key": "GreenSpecialEnergy2",
    "Name": "PropertyIndex_10064_Name",
    "AnotherName": "",
    "ConvertToWhiteId": 64,
    "IsShow": false,
    "IsPercent": false,
    "Priority": 0,
    "Icon": "",
    "Dec": ""
  },
  {
    "Id": 10065,
    "Key": "GreenSpecialEnergy3Max",
    "Name": "PropertyIndex_10065_Name",
    "AnotherName": "",
    "ConvertToWhiteId": 65,
    "IsShow": false,
    "IsPercent": false,
    "Priority": 0,
    "Icon": "",
    "Dec": ""
  },
  {
    "Id": 10066,
    "Key": "GreenSpecialEnergy3",
    "Name": "PropertyIndex_10066_Name",
    "AnotherName": "",
    "ConvertToWhiteId": 66,
    "IsShow": false,
    "IsPercent": false,
    "Priority": 0,
    "Icon": "",
    "Dec": ""
  },
  {
    "Id": 10067,
    "Key": "GreenSpecialEnergy4Max",
    "Name": "PropertyIndex_10067_Name",
    "AnotherName": "",
    "ConvertToWhiteId": 67,
    "IsShow": false,
    "IsPercent": false,
    "Priority": 0,
    "Icon": "",
    "Dec": ""
  },
  {
    "Id": 10068,
    "Key": "GreenSpecialEnergy4",
    "Name": "PropertyIndex_10068_Name",
    "AnotherName": "",
    "ConvertToWhiteId": 68,
    "IsShow": false,
    "IsPercent": false,
    "Priority": 0,
    "Icon": "",
    "Dec": ""
  },
  {
    "Id": 10069,
    "Key": "GreenStrengthMax",
    "Name": "PropertyIndex_10069_Name",
    "AnotherName": "",
    "ConvertToWhiteId": 69,
    "IsShow": false,
    "IsPercent": false,
    "Priority": 0,
    "Icon": "",
    "Dec": ""
  },
  {
    "Id": 10070,
    "Key": "GreenStrength",
    "Name": "PropertyIndex_10070_Name",
    "AnotherName": "",
    "ConvertToWhiteId": 70,
    "IsShow": false,
    "IsPercent": false,
    "Priority": 0,
    "Icon": "",
    "Dec": ""
  },
  {
    "Id": 10071,
    "Key": "GreenStrengthRecover",
    "Name": "PropertyIndex_10071_Name",
    "AnotherName": "",
    "ConvertToWhiteId": 71,
    "IsShow": false,
    "IsPercent": false,
    "Priority": 0,
    "Icon": "",
    "Dec": ""
  },
  {
    "Id": 10072,
    "Key": "GreenStrengthPunishTime",
    "Name": "PropertyIndex_10072_Name",
    "AnotherName": "",
    "ConvertToWhiteId": 72,
    "IsShow": false,
    "IsPercent": false,
    "Priority": 0,
    "Icon": "",
    "Dec": ""
  },
  {
    "Id": 10073,
    "Key": "GreenStrengthRun",
    "Name": "PropertyIndex_10073_Name",
    "AnotherName": "",
    "ConvertToWhiteId": 73,
    "IsShow": false,
    "IsPercent": false,
    "Priority": 0,
    "Icon": "",
    "Dec": ""
  },
  {
    "Id": 10074,
    "Key": "GreenStrengthSwim",
    "Name": "PropertyIndex_10074_Name",
    "AnotherName": "",
    "ConvertToWhiteId": 74,
    "IsShow": false,
    "IsPercent": false,
    "Priority": 0,
    "Icon": "",
    "Dec": ""
  },
  {
    "Id": 10075,
    "Key": "GreenStrengthFastSwim",
    "Name": "PropertyIndex_10075_Name",
    "AnotherName": "",
    "ConvertToWhiteId": 75,
    "IsShow": false,
    "IsPercent": false,
    "Priority": 0,
    "Icon": "",
    "Dec": ""
  },
  {
    "Id": 10076,
    "Key": "GreenElementEnergyMax",
    "Name": "PropertyIndex_10076_Name",
    "AnotherName": "",
    "ConvertToWhiteId": 76,
    "IsShow": false,
    "IsPercent": false,
    "Priority": 0,
    "Icon": "",
    "Dec": ""
  },
  {
    "Id": 10077,
    "Key": "GreenElementEnergy",
    "Name": "PropertyIndex_10077_Name",
    "AnotherName": "",
    "ConvertToWhiteId": 77,
    "IsShow": false,
    "IsPercent": false,
    "Priority": 0,
    "Icon": "",
    "Dec": ""
  },
  {
    "Id": 10078,
    "Key": "GreenHardnessMax",
    "Name": "PropertyIndex_10078_Name",
    "AnotherName": "",
    "ConvertToWhiteId": 78,
    "IsShow": false,
    "IsPercent": false,
    "Priority": 0,
    "Icon": "",
    "Dec": ""
  },
  {
    "Id": 10079,
    "Key": "GreenHardness",
    "Name": "PropertyIndex_10079_Name",
    "AnotherName": "",
    "ConvertToWhiteId": 79,
    "IsShow": false,
    "IsPercent": false,
    "Priority": 0,
    "Icon": "",
    "Dec": ""
  },
  {
    "Id": 10080,
    "Key": "GreenHardnessRecover",
    "Name": "PropertyIndex_10080_Name",
    "AnotherName": "",
    "ConvertToWhiteId": 80,
    "IsShow": false,
    "IsPercent": false,
    "Priority": 0,
    "Icon": "",
    "Dec": ""
  },
  {
    "Id": 10081,
    "Key": "GreenHardnessPunishTime",
    "Name": "PropertyIndex_10081_Name",
    "AnotherName": "",
    "ConvertToWhiteId": 81,
    "IsShow": false,
    "IsPercent": false,
    "Priority": 0,
    "Icon": "",
    "Dec": ""
  },
  {
    "Id": 10082,
    "Key": "GreenHardnessChange",
    "Name": "PropertyIndex_10082_Name",
    "AnotherName": "",
    "ConvertToWhiteId": 82,
    "IsShow": false,
    "IsPercent": false,
    "Priority": 0,
    "Icon": "",
    "Dec": ""
  },
  {
    "Id": 10083,
    "Key": "GreenHardnessReduce",
    "Name": "PropertyIndex_10083_Name",
    "AnotherName": "",
    "ConvertToWhiteId": 83,
    "IsShow": false,
    "IsPercent": false,
    "Priority": 0,
    "Icon": "",
    "Dec": ""
  },
  {
    "Id": 10084,
    "Key": "GreenToughMax",
    "Name": "PropertyIndex_10084_Name",
    "AnotherName": "",
    "ConvertToWhiteId": 84,
    "IsShow": false,
    "IsPercent": false,
    "Priority": 0,
    "Icon": "",
    "Dec": ""
  },
  {
    "Id": 10085,
    "Key": "GreenTough",
    "Name": "PropertyIndex_10085_Name",
    "AnotherName": "",
    "ConvertToWhiteId": 85,
    "IsShow": false,
    "IsPercent": false,
    "Priority": 0,
    "Icon": "",
    "Dec": ""
  },
  {
    "Id": 10086,
    "Key": "GreenToughRecover",
    "Name": "PropertyIndex_10086_Name",
    "AnotherName": "",
    "ConvertToWhiteId": 86,
    "IsShow": false,
    "IsPercent": false,
    "Priority": 0,
    "Icon": "",
    "Dec": ""
  },
  {
    "Id": 10087,
    "Key": "GreenToughChange",
    "Name": "PropertyIndex_10087_Name",
    "AnotherName": "",
    "ConvertToWhiteId": 87,
    "IsShow": false,
    "IsPercent": false,
    "Priority": 0,
    "Icon": "",
    "Dec": ""
  },
  {
    "Id": 10088,
    "Key": "GreenToughReduce",
    "Name": "PropertyIndex_10088_Name",
    "AnotherName": "",
    "ConvertToWhiteId": 88,
    "IsShow": false,
    "IsPercent": false,
    "Priority": 0,
    "Icon": "",
    "Dec": ""
  },
  {
    "Id": 10089,
    "Key": "GreenElementPower1",
    "Name": "PropertyIndex_10089_Name",
    "AnotherName": "",
    "ConvertToWhiteId": 89,
    "IsShow": false,
    "IsPercent": false,
    "Priority": 0,
    "Icon": "",
    "Dec": ""
  },
  {
    "Id": 10090,
    "Key": "GreenElementPower2",
    "Name": "PropertyIndex_10090_Name",
    "AnotherName": "",
    "ConvertToWhiteId": 90,
    "IsShow": false,
    "IsPercent": false,
    "Priority": 0,
    "Icon": "",
    "Dec": ""
  },
  {
    "Id": 10091,
    "Key": "GreenElementPower3",
    "Name": "PropertyIndex_10091_Name",
    "AnotherName": "",
    "ConvertToWhiteId": 91,
    "IsShow": false,
    "IsPercent": false,
    "Priority": 0,
    "Icon": "",
    "Dec": ""
  },
  {
    "Id": 10092,
    "Key": "GreenElementPower4",
    "Name": "PropertyIndex_10092_Name",
    "AnotherName": "",
    "ConvertToWhiteId": 92,
    "IsShow": false,
    "IsPercent": false,
    "Priority": 0,
    "Icon": "",
    "Dec": ""
  },
  {
    "Id": 10093,
    "Key": "GreenElementPower5",
    "Name": "PropertyIndex_10093_Name",
    "AnotherName": "",
    "ConvertToWhiteId": 93,
    "IsShow": false,
    "IsPercent": false,
    "Priority": 0,
    "Icon": "",
    "Dec": ""
  },
  {
    "Id": 10094,
    "Key": "GreenElementPower6",
    "Name": "PropertyIndex_10094_Name",
    "AnotherName": "",
    "ConvertToWhiteId": 94,
    "IsShow": false,
    "IsPercent": false,
    "Priority": 0,
    "Icon": "",
    "Dec": ""
  },
  {
    "Id": 10095,
    "Key": "GreenSpecialDamageChange",
    "Name": "PropertyIndex_10095_Name",
    "AnotherName": "",
    "ConvertToWhiteId": 95,
    "IsShow": false,
    "IsPercent": false,
    "Priority": 0,
    "Icon": "",
    "Dec": ""
  },
  {
    "Id": 10096,
    "Key": "GreenStrengthFastClimbCost",
    "Name": "PropertyIndex_10096_Name",
    "AnotherName": "",
    "ConvertToWhiteId": 96,
    "IsShow": false,
    "IsPercent": false,
    "Priority": 0,
    "Icon": "",
    "Dec": ""
  },
  {
    "Id": 10097,
    "Key": "GreenElementPropertyType",
    "Name": "PropertyIndex_10097_Name",
    "AnotherName": "",
    "ConvertToWhiteId": 97,
    "IsShow": false,
    "IsPercent": false,
    "Priority": 0,
    "Icon": "",
    "Dec": ""
  },
  {
    "Id": 10098,
    "Key": "GreenWeakTime",
    "Name": "PropertyIndex_10098_Name",
    "AnotherName": "",
    "ConvertToWhiteId": 98,
    "IsShow": false,
    "IsPercent": false,
    "Priority": 0,
    "Icon": "",
    "Dec": ""
  },
  {
    "Id": 10099,
    "Key": "GreenIgnoreDefRate",
    "Name": "PropertyIndex_10099_Name",
    "AnotherName": "",
    "ConvertToWhiteId": 99,
    "IsShow": false,
    "IsPercent": false,
    "Priority": 0,
    "Icon": "",
    "Dec": ""
  },
  {
    "Id": 10100,
    "Key": "GreenIgnoreDamageResistancePhys",
    "Name": "PropertyIndex_10100_Name",
    "AnotherName": "",
    "ConvertToWhiteId": 100,
    "IsShow": false,
    "IsPercent": false,
    "Priority": 0,
    "Icon": "",
    "Dec": ""
  },
  {
    "Id": 10101,
    "Key": "GreenIgnoreDamageResistanceElement1",
    "Name": "PropertyIndex_10101_Name",
    "AnotherName": "",
    "ConvertToWhiteId": 101,
    "IsShow": false,
    "IsPercent": false,
    "Priority": 0,
    "Icon": "",
    "Dec": ""
  },
  {
    "Id": 10102,
    "Key": "GreenIgnoreDamageResistanceElement2",
    "Name": "PropertyIndex_10102_Name",
    "AnotherName": "",
    "ConvertToWhiteId": 102,
    "IsShow": false,
    "IsPercent": false,
    "Priority": 0,
    "Icon": "",
    "Dec": ""
  },
  {
    "Id": 10103,
    "Key": "GreenIgnoreDamageResistanceElement3",
    "Name": "PropertyIndex_10103_Name",
    "AnotherName": "",
    "ConvertToWhiteId": 103,
    "IsShow": false,
    "IsPercent": false,
    "Priority": 0,
    "Icon": "",
    "Dec": ""
  },
  {
    "Id": 10104,
    "Key": "GreenIgnoreDamageResistanceElement4",
    "Name": "PropertyIndex_10104_Name",
    "AnotherName": "",
    "ConvertToWhiteId": 104,
    "IsShow": false,
    "IsPercent": false,
    "Priority": 0,
    "Icon": "",
    "Dec": ""
  },
  {
    "Id": 10105,
    "Key": "GreenIgnoreDamageResistanceElement5",
    "Name": "PropertyIndex_10105_Name",
    "AnotherName": "",
    "ConvertToWhiteId": 105,
    "IsShow": false,
    "IsPercent": false,
    "Priority": 0,
    "Icon": "",
    "Dec": ""
  },
  {
    "Id": 10106,
    "Key": "GreenIgnoreDamageResistanceElement6",
    "Name": "PropertyIndex_10106_Name",
    "AnotherName": "",
    "ConvertToWhiteId": 106,
    "IsShow": false,
    "IsPercent": false,
    "Priority": 0,
    "Icon": "",
    "Dec": ""
  },
  {
    "Id": 10107,
    "Key": "GreenSkillToughRatio",
    "Name": "PropertyIndex_10107_Name",
    "AnotherName": "",
    "ConvertToWhiteId": 107,
    "IsShow": false,
    "IsPercent": false,
    "Priority": 0,
    "Icon": "",
    "Dec": ""
  },
  {
    "Id": 10108,
    "Key": "GreenStrengthClimbJump",
    "Name": "PropertyIndex_10108_Name",
    "AnotherName": "",
    "ConvertToWhiteId": 108,
    "IsShow": false,
    "IsPercent": false,
    "Priority": 0,
    "Icon": "",
    "Dec": ""
  },
  {
    "Id": 10109,
    "Key": "GreenStrengthGliding",
    "Name": "PropertyIndex_10109_Name",
    "AnotherName": "",
    "ConvertToWhiteId": 109,
    "IsShow": false,
    "IsPercent": false,
    "Priority": 0,
    "Icon": "",
    "Dec": ""
  },
  {
    "Id": 10110,
    "Key": "GreenMass",
    "Name": "PropertyIndex_10110_Name",
    "AnotherName": "",
    "ConvertToWhiteId": 110,
    "IsShow": false,
    "IsPercent": false,
    "Priority": 0,
    "Icon": "",
    "Dec": ""
  },
  {
    "Id": 10111,
    "Key": "GreenBrakingFrictionFactor",
    "Name": "PropertyIndex_10111_Name",
    "AnotherName": "",
    "ConvertToWhiteId": 111,
    "IsShow": false,
    "IsPercent": false,
    "Priority": 0,
    "Icon": "",
    "Dec": ""
  },
  {
    "Id": 10112,
    "Key": "GreenGravityScale",
    "Name": "PropertyIndex_10112_Name",
    "AnotherName": "",
    "ConvertToWhiteId": 112,
    "IsShow": false,
    "IsPercent": false,
    "Priority": 0,
    "Icon": "",
    "Dec": ""
  },
  {
    "Id": 10113,
    "Key": "GreenSpeedRatio",
    "Name": "PropertyIndex_10113_Name",
    "AnotherName": "",
    "ConvertToWhiteId": 113,
    "IsShow": false,
    "IsPercent": false,
    "Priority": 0,
    "Icon": "",
    "Dec": ""
  },
  {
    "Id": 10114,
    "Key": "GreenDamageChangePhantom",
    "Name": "PropertyIndex_10114_Name",
    "AnotherName": "",
    "ConvertToWhiteId": 114,
    "IsShow": false,
    "IsPercent": false,
    "Priority": 0,
    "Icon": "",
    "Dec": ""
  },
  {
    "Id": 10115,
    "Key": "GreenAutoAttackSpeed",
    "Name": "PropertyIndex_10115_Name",
    "AnotherName": "",
    "ConvertToWhiteId": 115,
    "IsShow": false,
    "IsPercent": false,
    "Priority": 0,
    "Icon": "",
    "Dec": ""
  },
  {
    "Id": 10116,
    "Key": "GreenCastAttackSpeed",
    "Name": "PropertyIndex_10116_Name",
    "AnotherName": "",
    "ConvertToWhiteId": 116,
    "IsShow": false,
    "IsPercent": false,
    "Priority": 0,
    "Icon": "",
    "Dec": ""
  },
  {
    "Id": 10117,
    "Key": "GreenStatusBuildUp1Max",
    "Name": "PropertyIndex_10117_Name",
    "AnotherName": "",
    "ConvertToWhiteId": 117,
    "IsShow": false,
    "IsPercent": false,
    "Priority": 0,
    "Icon": "",
    "Dec": ""
  },
  {
    "Id": 10118,
    "Key": "GreenStatusBuildUp1",
    "Name": "PropertyIndex_10118_Name",
    "AnotherName": "",
    "ConvertToWhiteId": 118,
    "IsShow": false,
    "IsPercent": false,
    "Priority": 0,
    "Icon": "",
    "Dec": ""
  },
  {
    "Id": 10119,
    "Key": "GreenStatusBuildUp2Max",
    "Name": "PropertyIndex_10119_Name",
    "AnotherName": "",
    "ConvertToWhiteId": 119,
    "IsShow": false,
    "IsPercent": false,
    "Priority": 0,
    "Icon": "",
    "Dec": ""
  },
  {
    "Id": 10120,
    "Key": "GreenStatusBuildUp2",
    "Name": "PropertyIndex_10120_Name",
    "AnotherName": "",
    "ConvertToWhiteId": 120,
    "IsShow": false,
    "IsPercent": false,
    "Priority": 0,
    "Icon": "",
    "Dec": ""
  },
  {
    "Id": 10121,
    "Key": "GreenStatusBuildUp3Max",
    "Name": "PropertyIndex_10121_Name",
    "AnotherName": "",
    "ConvertToWhiteId": 121,
    "IsShow": false,
    "IsPercent": false,
    "Priority": 0,
    "Icon": "",
    "Dec": ""
  },
  {
    "Id": 10122,
    "Key": "GreenStatusBuildUp3",
    "Name": "PropertyIndex_10122_Name",
    "AnotherName": "",
    "ConvertToWhiteId": 122,
    "IsShow": false,
    "IsPercent": false,
    "Priority": 0,
    "Icon": "",
    "Dec": ""
  },
  {
    "Id": 10123,
    "Key": "GreenStatusBuildUp4Max",
    "Name": "PropertyIndex_10123_Name",
    "AnotherName": "",
    "ConvertToWhiteId": 123,
    "IsShow": false,
    "IsPercent": false,
    "Priority": 0,
    "Icon": "",
    "Dec": ""
  },
  {
    "Id": 10124,
    "Key": "GreenStatusBuildUp4",
    "Name": "PropertyIndex_10124_Name",
    "AnotherName": "",
    "ConvertToWhiteId": 124,
    "IsShow": false,
    "IsPercent": false,
    "Priority": 0,
    "Icon": "",
    "Dec": ""
  },
  {
    "Id": 10125,
    "Key": "GreenStatusBuildUp5Max",
    "Name": "PropertyIndex_10125_Name",
    "AnotherName": "",
    "ConvertToWhiteId": 125,
    "IsShow": false,
    "IsPercent": false,
    "Priority": 0,
    "Icon": "",
    "Dec": ""
  },
  {
    "Id": 10126,
    "Key": "GreenStatusBuildUp5",
    "Name": "PropertyIndex_10126_Name",
    "AnotherName": "",
    "ConvertToWhiteId": 126,
    "IsShow": false,
    "IsPercent": false,
    "Priority": 0,
    "Icon": "",
    "Dec": ""
  },
  {
    "Id": 10127,
    "Key": "GreenRageMax",
    "Name": "PropertyIndex_10127_Name",
    "AnotherName": "",
    "ConvertToWhiteId": 127,
    "IsShow": false,
    "IsPercent": false,
    "Priority": 0,
    "Icon": "",
    "Dec": ""
  },
  {
    "Id": 10128,
    "Key": "GreenRage",
    "Name": "PropertyIndex_10128_Name",
    "AnotherName": "",
    "ConvertToWhiteId": 128,
    "IsShow": false,
    "IsPercent": false,
    "Priority": 0,
    "Icon": "",
    "Dec": ""
  },
  {
    "Id": 10129,
    "Key": "GreenRageRecover",
    "Name": "PropertyIndex_10129_Name",
    "AnotherName": "",
    "ConvertToWhiteId": 129,
    "IsShow": false,
    "IsPercent": false,
    "Priority": 0,
    "Icon": "",
    "Dec": ""
  },
  {
    "Id": 10130,
    "Key": "GreenRagePunishTime",
    "Name": "PropertyIndex_10130_Name",
    "AnotherName": "",
    "ConvertToWhiteId": 130,
    "IsShow": false,
    "IsPercent": false,
    "Priority": 0,
    "Icon": "",
    "Dec": ""
  },
  {
    "Id": 10131,
    "Key": "GreenRageChange",
    "Name": "PropertyIndex_10131_Name",
    "AnotherName": "",
    "ConvertToWhiteId": 131,
    "IsShow": false,
    "IsPercent": false,
    "Priority": 0,
    "Icon": "",
    "Dec": ""
  },
  {
    "Id": 10132,
    "Key": "GreenRageReduce",
    "Name": "PropertyIndex_10132_Name",
    "AnotherName": "",
    "ConvertToWhiteId": 132,
    "IsShow": false,
    "IsPercent": false,
    "Priority": 0,
    "Icon": "",
    "Dec": ""
  },
  {
    "Id": 10133,
    "Key": "GreenToughRecoverDelayTime",
    "Name": "PropertyIndex_10133_Name",
    "AnotherName": "",
    "ConvertToWhiteId": 133,
    "IsShow": false,
    "IsPercent": false,
    "Priority": 0,
    "Icon": "",
    "Dec": ""
  },
  {
    "Id": 134,
    "Key": "Jump",
    "Name": "PropertyIndex_134_Name",
    "AnotherName": "",
    "ConvertToWhiteId": 0,
    "IsShow": false,
    "IsPercent": false,
    "Priority": 0,
    "Icon": "",
    "Dec": ""
  },
  {
    "Id": 10134,
    "Key": "GreenJump",
    "Name": "PropertyIndex_10134_Name",
    "AnotherName": "",
    "ConvertToWhiteId": 134,
    "IsShow": false,
    "IsPercent": false,
    "Priority": 0,
    "Icon": "",
    "Dec": ""
  },
  {
    "Id": 135,
    "Key": "ParalysisTimeMax",
    "Name": "PropertyIndex_135_Name",
    "AnotherName": "",
    "ConvertToWhiteId": 0,
    "IsShow": false,
    "IsPercent": false,
    "Priority": 0,
    "Icon": "",
    "Dec": ""
  },
  {
    "Id": 136,
    "Key": "ParalysisTime",
    "Name": "PropertyIndex_136_Name",
    "AnotherName": "",
    "ConvertToWhiteId": 0,
    "IsShow": false,
    "IsPercent": false,
    "Priority": 0,
    "Icon": "",
    "Dec": ""
  },
  {
    "Id": 10135,
    "Key": "GreenParalysisTimeMax",
    "Name": "PropertyIndex_10135_Name",
    "AnotherName": "",
    "ConvertToWhiteId": 135,
    "IsShow": false,
    "IsPercent": false,
    "Priority": 0,
    "Icon": "",
    "Dec": ""
  },
  {
    "Id": 10136,
    "Key": "GreenParalysisTime",
    "Name": "PropertyIndex_10136_Name",
    "AnotherName": "",
    "ConvertToWhiteId": 136,
    "IsShow": false,
    "IsPercent": false,
    "Priority": 0,
    "Icon": "",
    "Dec": ""
  },
  {
    "Id": 137,
    "Key": "ParalysisTimeRecover",
    "Name": "PropertyIndex_137_Name",
    "AnotherName": "",
    "ConvertToWhiteId": 0,
    "IsShow": false,
    "IsPercent": false,
    "Priority": 0,
    "Icon": "",
    "Dec": ""
  },
  {
    "Id": 10137,
    "Key": "GreenParalysisTimeRecover",
    "Name": "PropertyIndex_10137_Name",
    "AnotherName": "",
    "ConvertToWhiteId": 137,
    "IsShow": false,
    "IsPercent": false,
    "Priority": 0,
    "Icon": "",
    "Dec": ""
  }
]