[
  {
    "Id": 1,
    "CurveId": 1,
    "Level": 1,
    "BreachLevel": 0,
    "CurveValue": 10000
  },
  {
    "Id": 2,
    "CurveId": 1,
    "Level": 2,
    "BreachLevel": 0,
    "CurveValue": 10842
  },
  {
    "Id": 3,
    "CurveId": 1,
    "Level": 3,
    "BreachLevel": 0,
    "CurveValue": 11685
  },
  {
    "Id": 4,
    "CurveId": 1,
    "Level": 4,
    "BreachLevel": 0,
    "CurveValue": 12528
  },
  {
    "Id": 5,
    "CurveId": 1,
    "Level": 5,
    "BreachLevel": 0,
    "CurveValue": 13370
  },
  {
    "Id": 6,
    "CurveId": 1,
    "Level": 6,
    "BreachLevel": 0,
    "CurveValue": 14213
  },
  {
    "Id": 7,
    "CurveId": 1,
    "Level": 7,
    "BreachLevel": 0,
    "CurveValue": 15056
  },
  {
    "Id": 8,
    "CurveId": 1,
    "Level": 8,
    "BreachLevel": 0,
    "CurveValue": 15898
  },
  {
    "Id": 9,
    "CurveId": 1,
    "Level": 9,
    "BreachLevel": 0,
    "CurveValue": 16741
  },
  {
    "Id": 10,
    "CurveId": 1,
    "Level": 10,
    "BreachLevel": 0,
    "CurveValue": 17584
  },
  {
    "Id": 11,
    "CurveId": 1,
    "Level": 11,
    "BreachLevel": 0,
    "CurveValue": 18426
  },
  {
    "Id": 12,
    "CurveId": 1,
    "Level": 12,
    "BreachLevel": 0,
    "CurveValue": 19269
  },
  {
    "Id": 13,
    "CurveId": 1,
    "Level": 13,
    "BreachLevel": 0,
    "CurveValue": 20112
  },
  {
    "Id": 14,
    "CurveId": 1,
    "Level": 14,
    "BreachLevel": 0,
    "CurveValue": 20955
  },
  {
    "Id": 15,
    "CurveId": 1,
    "Level": 15,
    "BreachLevel": 0,
    "CurveValue": 21797
  },
  {
    "Id": 16,
    "CurveId": 1,
    "Level": 16,
    "BreachLevel": 0,
    "CurveValue": 22640
  },
  {
    "Id": 17,
    "CurveId": 1,
    "Level": 17,
    "BreachLevel": 0,
    "CurveValue": 23483
  },
  {
    "Id": 18,
    "CurveId": 1,
    "Level": 18,
    "BreachLevel": 0,
    "CurveValue": 24325
  },
  {
    "Id": 19,
    "CurveId": 1,
    "Level": 19,
    "BreachLevel": 0,
    "CurveValue": 25168
  },
  {
    "Id": 20,
    "CurveId": 1,
    "Level": 20,
    "BreachLevel": 0,
    "CurveValue": 26011
  },
  {
    "Id": 21,
    "CurveId": 1,
    "Level": 20,
    "BreachLevel": 1,
    "CurveValue": 32677
  },
  {
    "Id": 22,
    "CurveId": 1,
    "Level": 21,
    "BreachLevel": 1,
    "CurveValue": 33520
  },
  {
    "Id": 23,
    "CurveId": 1,
    "Level": 22,
    "BreachLevel": 1,
    "CurveValue": 34363
  },
  {
    "Id": 24,
    "CurveId": 1,
    "Level": 23,
    "BreachLevel": 1,
    "CurveValue": 35205
  },
  {
    "Id": 25,
    "CurveId": 1,
    "Level": 24,
    "BreachLevel": 1,
    "CurveValue": 36048
  },
  {
    "Id": 26,
    "CurveId": 1,
    "Level": 25,
    "BreachLevel": 1,
    "CurveValue": 36891
  },
  {
    "Id": 27,
    "CurveId": 1,
    "Level": 26,
    "BreachLevel": 1,
    "CurveValue": 37734
  },
  {
    "Id": 28,
    "CurveId": 1,
    "Level": 27,
    "BreachLevel": 1,
    "CurveValue": 38576
  },
  {
    "Id": 29,
    "CurveId": 1,
    "Level": 28,
    "BreachLevel": 1,
    "CurveValue": 39419
  },
  {
    "Id": 30,
    "CurveId": 1,
    "Level": 29,
    "BreachLevel": 1,
    "CurveValue": 40262
  },
  {
    "Id": 31,
    "CurveId": 1,
    "Level": 30,
    "BreachLevel": 1,
    "CurveValue": 41104
  },
  {
    "Id": 32,
    "CurveId": 1,
    "Level": 31,
    "BreachLevel": 1,
    "CurveValue": 41947
  },
  {
    "Id": 33,
    "CurveId": 1,
    "Level": 32,
    "BreachLevel": 1,
    "CurveValue": 42790
  },
  {
    "Id": 34,
    "CurveId": 1,
    "Level": 33,
    "BreachLevel": 1,
    "CurveValue": 43632
  },
  {
    "Id": 35,
    "CurveId": 1,
    "Level": 34,
    "BreachLevel": 1,
    "CurveValue": 44475
  },
  {
    "Id": 36,
    "CurveId": 1,
    "Level": 35,
    "BreachLevel": 1,
    "CurveValue": 45318
  },
  {
    "Id": 37,
    "CurveId": 1,
    "Level": 36,
    "BreachLevel": 1,
    "CurveValue": 46161
  },
  {
    "Id": 38,
    "CurveId": 1,
    "Level": 37,
    "BreachLevel": 1,
    "CurveValue": 47003
  },
  {
    "Id": 39,
    "CurveId": 1,
    "Level": 38,
    "BreachLevel": 1,
    "CurveValue": 47846
  },
  {
    "Id": 40,
    "CurveId": 1,
    "Level": 39,
    "BreachLevel": 1,
    "CurveValue": 48689
  },
  {
    "Id": 41,
    "CurveId": 1,
    "Level": 40,
    "BreachLevel": 1,
    "CurveValue": 49531
  },
  {
    "Id": 42,
    "CurveId": 1,
    "Level": 40,
    "BreachLevel": 2,
    "CurveValue": 56198
  },
  {
    "Id": 43,
    "CurveId": 1,
    "Level": 41,
    "BreachLevel": 2,
    "CurveValue": 57041
  },
  {
    "Id": 44,
    "CurveId": 1,
    "Level": 42,
    "BreachLevel": 2,
    "CurveValue": 57883
  },
  {
    "Id": 45,
    "CurveId": 1,
    "Level": 43,
    "BreachLevel": 2,
    "CurveValue": 58726
  },
  {
    "Id": 46,
    "CurveId": 1,
    "Level": 44,
    "BreachLevel": 2,
    "CurveValue": 59569
  },
  {
    "Id": 47,
    "CurveId": 1,
    "Level": 45,
    "BreachLevel": 2,
    "CurveValue": 60411
  },
  {
    "Id": 48,
    "CurveId": 1,
    "Level": 46,
    "BreachLevel": 2,
    "CurveValue": 61254
  },
  {
    "Id": 49,
    "CurveId": 1,
    "Level": 47,
    "BreachLevel": 2,
    "CurveValue": 62097
  },
  {
    "Id": 50,
    "CurveId": 1,
    "Level": 48,
    "BreachLevel": 2,
    "CurveValue": 62940
  },
  {
    "Id": 51,
    "CurveId": 1,
    "Level": 49,
    "BreachLevel": 2,
    "CurveValue": 63782
  },
  {
    "Id": 52,
    "CurveId": 1,
    "Level": 50,
    "BreachLevel": 2,
    "CurveValue": 64625
  },
  {
    "Id": 53,
    "CurveId": 1,
    "Level": 50,
    "BreachLevel": 3,
    "CurveValue": 71292
  },
  {
    "Id": 54,
    "CurveId": 1,
    "Level": 51,
    "BreachLevel": 3,
    "CurveValue": 72134
  },
  {
    "Id": 55,
    "CurveId": 1,
    "Level": 52,
    "BreachLevel": 3,
    "CurveValue": 72977
  },
  {
    "Id": 56,
    "CurveId": 1,
    "Level": 53,
    "BreachLevel": 3,
    "CurveValue": 73820
  },
  {
    "Id": 57,
    "CurveId": 1,
    "Level": 54,
    "BreachLevel": 3,
    "CurveValue": 74662
  },
  {
    "Id": 58,
    "CurveId": 1,
    "Level": 55,
    "BreachLevel": 3,
    "CurveValue": 75505
  },
  {
    "Id": 59,
    "CurveId": 1,
    "Level": 56,
    "BreachLevel": 3,
    "CurveValue": 76348
  },
  {
    "Id": 60,
    "CurveId": 1,
    "Level": 57,
    "BreachLevel": 3,
    "CurveValue": 77191
  },
  {
    "Id": 61,
    "CurveId": 1,
    "Level": 58,
    "BreachLevel": 3,
    "CurveValue": 78033
  },
  {
    "Id": 62,
    "CurveId": 1,
    "Level": 59,
    "BreachLevel": 3,
    "CurveValue": 78876
  },
  {
    "Id": 63,
    "CurveId": 1,
    "Level": 60,
    "BreachLevel": 3,
    "CurveValue": 79719
  },
  {
    "Id": 64,
    "CurveId": 1,
    "Level": 60,
    "BreachLevel": 4,
    "CurveValue": 86385
  },
  {
    "Id": 65,
    "CurveId": 1,
    "Level": 61,
    "BreachLevel": 4,
    "CurveValue": 87228
  },
  {
    "Id": 66,
    "CurveId": 1,
    "Level": 62,
    "BreachLevel": 4,
    "CurveValue": 88071
  },
  {
    "Id": 67,
    "CurveId": 1,
    "Level": 63,
    "BreachLevel": 4,
    "CurveValue": 88913
  },
  {
    "Id": 68,
    "CurveId": 1,
    "Level": 64,
    "BreachLevel": 4,
    "CurveValue": 89756
  },
  {
    "Id": 69,
    "CurveId": 1,
    "Level": 65,
    "BreachLevel": 4,
    "CurveValue": 90599
  },
  {
    "Id": 70,
    "CurveId": 1,
    "Level": 66,
    "BreachLevel": 4,
    "CurveValue": 91441
  },
  {
    "Id": 71,
    "CurveId": 1,
    "Level": 67,
    "BreachLevel": 4,
    "CurveValue": 92284
  },
  {
    "Id": 72,
    "CurveId": 1,
    "Level": 68,
    "BreachLevel": 4,
    "CurveValue": 93127
  },
  {
    "Id": 73,
    "CurveId": 1,
    "Level": 69,
    "BreachLevel": 4,
    "CurveValue": 93970
  },
  {
    "Id": 74,
    "CurveId": 1,
    "Level": 70,
    "BreachLevel": 4,
    "CurveValue": 94812
  },
  {
    "Id": 75,
    "CurveId": 1,
    "Level": 70,
    "BreachLevel": 5,
    "CurveValue": 101479
  },
  {
    "Id": 76,
    "CurveId": 1,
    "Level": 71,
    "BreachLevel": 5,
    "CurveValue": 102322
  },
  {
    "Id": 77,
    "CurveId": 1,
    "Level": 72,
    "BreachLevel": 5,
    "CurveValue": 103164
  },
  {
    "Id": 78,
    "CurveId": 1,
    "Level": 73,
    "BreachLevel": 5,
    "CurveValue": 104007
  },
  {
    "Id": 79,
    "CurveId": 1,
    "Level": 74,
    "BreachLevel": 5,
    "CurveValue": 104850
  },
  {
    "Id": 80,
    "CurveId": 1,
    "Level": 75,
    "BreachLevel": 5,
    "CurveValue": 105692
  },
  {
    "Id": 81,
    "CurveId": 1,
    "Level": 76,
    "BreachLevel": 5,
    "CurveValue": 106535
  },
  {
    "Id": 82,
    "CurveId": 1,
    "Level": 77,
    "BreachLevel": 5,
    "CurveValue": 107378
  },
  {
    "Id": 83,
    "CurveId": 1,
    "Level": 78,
    "BreachLevel": 5,
    "CurveValue": 108220
  },
  {
    "Id": 84,
    "CurveId": 1,
    "Level": 79,
    "BreachLevel": 5,
    "CurveValue": 109063
  },
  {
    "Id": 85,
    "CurveId": 1,
    "Level": 80,
    "BreachLevel": 5,
    "CurveValue": 109906
  },
  {
    "Id": 86,
    "CurveId": 1,
    "Level": 80,
    "BreachLevel": 6,
    "CurveValue": 116573
  },
  {
    "Id": 87,
    "CurveId": 1,
    "Level": 81,
    "BreachLevel": 6,
    "CurveValue": 117415
  },
  {
    "Id": 88,
    "CurveId": 1,
    "Level": 82,
    "BreachLevel": 6,
    "CurveValue": 118258
  },
  {
    "Id": 89,
    "CurveId": 1,
    "Level": 83,
    "BreachLevel": 6,
    "CurveValue": 119101
  },
  {
    "Id": 90,
    "CurveId": 1,
    "Level": 84,
    "BreachLevel": 6,
    "CurveValue": 119943
  },
  {
    "Id": 91,
    "CurveId": 1,
    "Level": 85,
    "BreachLevel": 6,
    "CurveValue": 120786
  },
  {
    "Id": 92,
    "CurveId": 1,
    "Level": 86,
    "BreachLevel": 6,
    "CurveValue": 121629
  },
  {
    "Id": 93,
    "CurveId": 1,
    "Level": 87,
    "BreachLevel": 6,
    "CurveValue": 122471
  },
  {
    "Id": 94,
    "CurveId": 1,
    "Level": 88,
    "BreachLevel": 6,
    "CurveValue": 123314
  },
  {
    "Id": 95,
    "CurveId": 1,
    "Level": 89,
    "BreachLevel": 6,
    "CurveValue": 124157
  },
  {
    "Id": 96,
    "CurveId": 1,
    "Level": 90,
    "BreachLevel": 6,
    "CurveValue": 125000
  },
  {
    "Id": 108,
    "CurveId": 2,
    "Level": 1,
    "BreachLevel": 0,
    "CurveValue": 10000
  },
  {
    "Id": 109,
    "CurveId": 2,
    "Level": 2,
    "BreachLevel": 0,
    "CurveValue": 10000
  },
  {
    "Id": 110,
    "CurveId": 2,
    "Level": 3,
    "BreachLevel": 0,
    "CurveValue": 10000
  },
  {
    "Id": 111,
    "CurveId": 2,
    "Level": 4,
    "BreachLevel": 0,
    "CurveValue": 10000
  },
  {
    "Id": 112,
    "CurveId": 2,
    "Level": 5,
    "BreachLevel": 0,
    "CurveValue": 11944
  },
  {
    "Id": 113,
    "CurveId": 2,
    "Level": 6,
    "BreachLevel": 0,
    "CurveValue": 11944
  },
  {
    "Id": 114,
    "CurveId": 2,
    "Level": 7,
    "BreachLevel": 0,
    "CurveValue": 11944
  },
  {
    "Id": 115,
    "CurveId": 2,
    "Level": 8,
    "BreachLevel": 0,
    "CurveValue": 11944
  },
  {
    "Id": 116,
    "CurveId": 2,
    "Level": 9,
    "BreachLevel": 0,
    "CurveValue": 11944
  },
  {
    "Id": 117,
    "CurveId": 2,
    "Level": 10,
    "BreachLevel": 0,
    "CurveValue": 13888
  },
  {
    "Id": 118,
    "CurveId": 2,
    "Level": 11,
    "BreachLevel": 0,
    "CurveValue": 13888
  },
  {
    "Id": 119,
    "CurveId": 2,
    "Level": 12,
    "BreachLevel": 0,
    "CurveValue": 13888
  },
  {
    "Id": 120,
    "CurveId": 2,
    "Level": 13,
    "BreachLevel": 0,
    "CurveValue": 13888
  },
  {
    "Id": 121,
    "CurveId": 2,
    "Level": 14,
    "BreachLevel": 0,
    "CurveValue": 13888
  },
  {
    "Id": 122,
    "CurveId": 2,
    "Level": 15,
    "BreachLevel": 0,
    "CurveValue": 15833
  },
  {
    "Id": 123,
    "CurveId": 2,
    "Level": 16,
    "BreachLevel": 0,
    "CurveValue": 15833
  },
  {
    "Id": 124,
    "CurveId": 2,
    "Level": 17,
    "BreachLevel": 0,
    "CurveValue": 15833
  },
  {
    "Id": 125,
    "CurveId": 2,
    "Level": 18,
    "BreachLevel": 0,
    "CurveValue": 15833
  },
  {
    "Id": 126,
    "CurveId": 2,
    "Level": 19,
    "BreachLevel": 0,
    "CurveValue": 15833
  },
  {
    "Id": 127,
    "CurveId": 2,
    "Level": 20,
    "BreachLevel": 0,
    "CurveValue": 17777
  },
  {
    "Id": 128,
    "CurveId": 2,
    "Level": 20,
    "BreachLevel": 1,
    "CurveValue": 17777
  },
  {
    "Id": 129,
    "CurveId": 2,
    "Level": 21,
    "BreachLevel": 1,
    "CurveValue": 17777
  },
  {
    "Id": 130,
    "CurveId": 2,
    "Level": 22,
    "BreachLevel": 1,
    "CurveValue": 17777
  },
  {
    "Id": 131,
    "CurveId": 2,
    "Level": 23,
    "BreachLevel": 1,
    "CurveValue": 17777
  },
  {
    "Id": 132,
    "CurveId": 2,
    "Level": 24,
    "BreachLevel": 1,
    "CurveValue": 17777
  },
  {
    "Id": 133,
    "CurveId": 2,
    "Level": 25,
    "BreachLevel": 1,
    "CurveValue": 19722
  },
  {
    "Id": 134,
    "CurveId": 2,
    "Level": 26,
    "BreachLevel": 1,
    "CurveValue": 19722
  },
  {
    "Id": 135,
    "CurveId": 2,
    "Level": 27,
    "BreachLevel": 1,
    "CurveValue": 19722
  },
  {
    "Id": 136,
    "CurveId": 2,
    "Level": 28,
    "BreachLevel": 1,
    "CurveValue": 19722
  },
  {
    "Id": 137,
    "CurveId": 2,
    "Level": 29,
    "BreachLevel": 1,
    "CurveValue": 19722
  },
  {
    "Id": 138,
    "CurveId": 2,
    "Level": 30,
    "BreachLevel": 1,
    "CurveValue": 21666
  },
  {
    "Id": 139,
    "CurveId": 2,
    "Level": 31,
    "BreachLevel": 1,
    "CurveValue": 21666
  },
  {
    "Id": 140,
    "CurveId": 2,
    "Level": 32,
    "BreachLevel": 1,
    "CurveValue": 21666
  },
  {
    "Id": 141,
    "CurveId": 2,
    "Level": 33,
    "BreachLevel": 1,
    "CurveValue": 21666
  },
  {
    "Id": 142,
    "CurveId": 2,
    "Level": 34,
    "BreachLevel": 1,
    "CurveValue": 21666
  },
  {
    "Id": 143,
    "CurveId": 2,
    "Level": 35,
    "BreachLevel": 1,
    "CurveValue": 23611
  },
  {
    "Id": 144,
    "CurveId": 2,
    "Level": 36,
    "BreachLevel": 1,
    "CurveValue": 23611
  },
  {
    "Id": 145,
    "CurveId": 2,
    "Level": 37,
    "BreachLevel": 1,
    "CurveValue": 23611
  },
  {
    "Id": 146,
    "CurveId": 2,
    "Level": 38,
    "BreachLevel": 1,
    "CurveValue": 23611
  },
  {
    "Id": 147,
    "CurveId": 2,
    "Level": 39,
    "BreachLevel": 1,
    "CurveValue": 23611
  },
  {
    "Id": 148,
    "CurveId": 2,
    "Level": 40,
    "BreachLevel": 1,
    "CurveValue": 25555
  },
  {
    "Id": 149,
    "CurveId": 2,
    "Level": 40,
    "BreachLevel": 2,
    "CurveValue": 25555
  },
  {
    "Id": 150,
    "CurveId": 2,
    "Level": 41,
    "BreachLevel": 2,
    "CurveValue": 25555
  },
  {
    "Id": 151,
    "CurveId": 2,
    "Level": 42,
    "BreachLevel": 2,
    "CurveValue": 25555
  },
  {
    "Id": 152,
    "CurveId": 2,
    "Level": 43,
    "BreachLevel": 2,
    "CurveValue": 25555
  },
  {
    "Id": 153,
    "CurveId": 2,
    "Level": 44,
    "BreachLevel": 2,
    "CurveValue": 25555
  },
  {
    "Id": 154,
    "CurveId": 2,
    "Level": 45,
    "BreachLevel": 2,
    "CurveValue": 27500
  },
  {
    "Id": 155,
    "CurveId": 2,
    "Level": 46,
    "BreachLevel": 2,
    "CurveValue": 27500
  },
  {
    "Id": 156,
    "CurveId": 2,
    "Level": 47,
    "BreachLevel": 2,
    "CurveValue": 27500
  },
  {
    "Id": 157,
    "CurveId": 2,
    "Level": 48,
    "BreachLevel": 2,
    "CurveValue": 27500
  },
  {
    "Id": 158,
    "CurveId": 2,
    "Level": 49,
    "BreachLevel": 2,
    "CurveValue": 27500
  },
  {
    "Id": 159,
    "CurveId": 2,
    "Level": 50,
    "BreachLevel": 2,
    "CurveValue": 29444
  },
  {
    "Id": 160,
    "CurveId": 2,
    "Level": 50,
    "BreachLevel": 3,
    "CurveValue": 29444
  },
  {
    "Id": 161,
    "CurveId": 2,
    "Level": 51,
    "BreachLevel": 3,
    "CurveValue": 29444
  },
  {
    "Id": 162,
    "CurveId": 2,
    "Level": 52,
    "BreachLevel": 3,
    "CurveValue": 29444
  },
  {
    "Id": 163,
    "CurveId": 2,
    "Level": 53,
    "BreachLevel": 3,
    "CurveValue": 29444
  },
  {
    "Id": 164,
    "CurveId": 2,
    "Level": 54,
    "BreachLevel": 3,
    "CurveValue": 29444
  },
  {
    "Id": 165,
    "CurveId": 2,
    "Level": 55,
    "BreachLevel": 3,
    "CurveValue": 31388
  },
  {
    "Id": 166,
    "CurveId": 2,
    "Level": 56,
    "BreachLevel": 3,
    "CurveValue": 31388
  },
  {
    "Id": 167,
    "CurveId": 2,
    "Level": 57,
    "BreachLevel": 3,
    "CurveValue": 31388
  },
  {
    "Id": 168,
    "CurveId": 2,
    "Level": 58,
    "BreachLevel": 3,
    "CurveValue": 31388
  },
  {
    "Id": 169,
    "CurveId": 2,
    "Level": 59,
    "BreachLevel": 3,
    "CurveValue": 31388
  },
  {
    "Id": 170,
    "CurveId": 2,
    "Level": 60,
    "BreachLevel": 3,
    "CurveValue": 33333
  },
  {
    "Id": 171,
    "CurveId": 2,
    "Level": 60,
    "BreachLevel": 4,
    "CurveValue": 33333
  },
  {
    "Id": 172,
    "CurveId": 2,
    "Level": 61,
    "BreachLevel": 4,
    "CurveValue": 33333
  },
  {
    "Id": 173,
    "CurveId": 2,
    "Level": 62,
    "BreachLevel": 4,
    "CurveValue": 33333
  },
  {
    "Id": 174,
    "CurveId": 2,
    "Level": 63,
    "BreachLevel": 4,
    "CurveValue": 33333
  },
  {
    "Id": 175,
    "CurveId": 2,
    "Level": 64,
    "BreachLevel": 4,
    "CurveValue": 33333
  },
  {
    "Id": 176,
    "CurveId": 2,
    "Level": 65,
    "BreachLevel": 4,
    "CurveValue": 35277
  },
  {
    "Id": 177,
    "CurveId": 2,
    "Level": 66,
    "BreachLevel": 4,
    "CurveValue": 35277
  },
  {
    "Id": 178,
    "CurveId": 2,
    "Level": 67,
    "BreachLevel": 4,
    "CurveValue": 35277
  },
  {
    "Id": 179,
    "CurveId": 2,
    "Level": 68,
    "BreachLevel": 4,
    "CurveValue": 35277
  },
  {
    "Id": 180,
    "CurveId": 2,
    "Level": 69,
    "BreachLevel": 4,
    "CurveValue": 35277
  },
  {
    "Id": 181,
    "CurveId": 2,
    "Level": 70,
    "BreachLevel": 4,
    "CurveValue": 37222
  },
  {
    "Id": 182,
    "CurveId": 2,
    "Level": 70,
    "BreachLevel": 5,
    "CurveValue": 37222
  },
  {
    "Id": 183,
    "CurveId": 2,
    "Level": 71,
    "BreachLevel": 5,
    "CurveValue": 37222
  },
  {
    "Id": 184,
    "CurveId": 2,
    "Level": 72,
    "BreachLevel": 5,
    "CurveValue": 37222
  },
  {
    "Id": 185,
    "CurveId": 2,
    "Level": 73,
    "BreachLevel": 5,
    "CurveValue": 37222
  },
  {
    "Id": 186,
    "CurveId": 2,
    "Level": 74,
    "BreachLevel": 5,
    "CurveValue": 37222
  },
  {
    "Id": 187,
    "CurveId": 2,
    "Level": 75,
    "BreachLevel": 5,
    "CurveValue": 39166
  },
  {
    "Id": 188,
    "CurveId": 2,
    "Level": 76,
    "BreachLevel": 5,
    "CurveValue": 39166
  },
  {
    "Id": 189,
    "CurveId": 2,
    "Level": 77,
    "BreachLevel": 5,
    "CurveValue": 39166
  },
  {
    "Id": 190,
    "CurveId": 2,
    "Level": 78,
    "BreachLevel": 5,
    "CurveValue": 39166
  },
  {
    "Id": 191,
    "CurveId": 2,
    "Level": 79,
    "BreachLevel": 5,
    "CurveValue": 39166
  },
  {
    "Id": 192,
    "CurveId": 2,
    "Level": 80,
    "BreachLevel": 5,
    "CurveValue": 41111
  },
  {
    "Id": 193,
    "CurveId": 2,
    "Level": 80,
    "BreachLevel": 6,
    "CurveValue": 41111
  },
  {
    "Id": 194,
    "CurveId": 2,
    "Level": 81,
    "BreachLevel": 6,
    "CurveValue": 41111
  },
  {
    "Id": 195,
    "CurveId": 2,
    "Level": 82,
    "BreachLevel": 6,
    "CurveValue": 41111
  },
  {
    "Id": 196,
    "CurveId": 2,
    "Level": 83,
    "BreachLevel": 6,
    "CurveValue": 41111
  },
  {
    "Id": 197,
    "CurveId": 2,
    "Level": 84,
    "BreachLevel": 6,
    "CurveValue": 41111
  },
  {
    "Id": 198,
    "CurveId": 2,
    "Level": 85,
    "BreachLevel": 6,
    "CurveValue": 43055
  },
  {
    "Id": 199,
    "CurveId": 2,
    "Level": 86,
    "BreachLevel": 6,
    "CurveValue": 43055
  },
  {
    "Id": 200,
    "CurveId": 2,
    "Level": 87,
    "BreachLevel": 6,
    "CurveValue": 43055
  },
  {
    "Id": 201,
    "CurveId": 2,
    "Level": 88,
    "BreachLevel": 6,
    "CurveValue": 43055
  },
  {
    "Id": 202,
    "CurveId": 2,
    "Level": 89,
    "BreachLevel": 6,
    "CurveValue": 43055
  },
  {
    "Id": 203,
    "CurveId": 2,
    "Level": 90,
    "BreachLevel": 6,
    "CurveValue": 45000
  }
]