[
  {
    "Id": 1,
    "GroupId": 1,
    "Name": "ChatExpression_1_Name",
    "ExpressionTexturePath": "/Game/Aki/UI/UIResources/Common/Image/IconChatEmoticon/T_ChatEmo_A_01.T_ChatEmo_A_01"
  },
  {
    "Id": 2,
    "GroupId": 1,
    "Name": "ChatExpression_2_Name",
    "ExpressionTexturePath": "/Game/Aki/UI/UIResources/Common/Image/IconChatEmoticon/T_ChatEmo_A_02.T_ChatEmo_A_02"
  },
  {
    "Id": 3,
    "GroupId": 1,
    "Name": "ChatExpression_3_Name",
    "ExpressionTexturePath": "/Game/Aki/UI/UIResources/Common/Image/IconChatEmoticon/T_ChatEmo_A_03.T_ChatEmo_A_03"
  },
  {
    "Id": 4,
    "GroupId": 1,
    "Name": "ChatExpression_4_Name",
    "ExpressionTexturePath": "/Game/Aki/UI/UIResources/Common/Image/IconChatEmoticon/T_ChatEmo_A_04.T_ChatEmo_A_04"
  },
  {
    "Id": 5,
    "GroupId": 1,
    "Name": "ChatExpression_5_Name",
    "ExpressionTexturePath": "/Game/Aki/UI/UIResources/Common/Image/IconChatEmoticon/T_ChatEmo_A_05.T_ChatEmo_A_05"
  },
  {
    "Id": 6,
    "GroupId": 1,
    "Name": "ChatExpression_6_Name",
    "ExpressionTexturePath": "/Game/Aki/UI/UIResources/Common/Image/IconChatEmoticon/T_ChatEmo_A_06.T_ChatEmo_A_06"
  },
  {
    "Id": 7,
    "GroupId": 1,
    "Name": "ChatExpression_7_Name",
    "ExpressionTexturePath": "/Game/Aki/UI/UIResources/Common/Image/IconChatEmoticon/T_ChatEmo_A_07.T_ChatEmo_A_07"
  },
  {
    "Id": 8,
    "GroupId": 1,
    "Name": "ChatExpression_8_Name",
    "ExpressionTexturePath": "/Game/Aki/UI/UIResources/Common/Image/IconChatEmoticon/T_ChatEmo_A_08.T_ChatEmo_A_08"
  },
  {
    "Id": 9,
    "GroupId": 1,
    "Name": "ChatExpression_9_Name",
    "ExpressionTexturePath": "/Game/Aki/UI/UIResources/Common/Image/IconChatEmoticon/T_ChatEmo_B_01.T_ChatEmo_B_01"
  },
  {
    "Id": 10,
    "GroupId": 1,
    "Name": "ChatExpression_10_Name",
    "ExpressionTexturePath": "/Game/Aki/UI/UIResources/Common/Image/IconChatEmoticon/T_ChatEmo_B_02.T_ChatEmo_B_02"
  },
  {
    "Id": 11,
    "GroupId": 1,
    "Name": "ChatExpression_11_Name",
    "ExpressionTexturePath": "/Game/Aki/UI/UIResources/Common/Image/IconChatEmoticon/T_ChatEmo_B_03.T_ChatEmo_B_03"
  },
  {
    "Id": 12,
    "GroupId": 1,
    "Name": "ChatExpression_12_Name",
    "ExpressionTexturePath": "/Game/Aki/UI/UIResources/Common/Image/IconChatEmoticon/T_ChatEmo_B_04.T_ChatEmo_B_04"
  },
  {
    "Id": 13,
    "GroupId": 1,
    "Name": "ChatExpression_13_Name",
    "ExpressionTexturePath": "/Game/Aki/UI/UIResources/Common/Image/IconChatEmoticon/T_ChatEmo_B_05.T_ChatEmo_B_05"
  },
  {
    "Id": 14,
    "GroupId": 1,
    "Name": "ChatExpression_14_Name",
    "ExpressionTexturePath": "/Game/Aki/UI/UIResources/Common/Image/IconChatEmoticon/T_ChatEmo_B_06.T_ChatEmo_B_06"
  },
  {
    "Id": 15,
    "GroupId": 1,
    "Name": "ChatExpression_15_Name",
    "ExpressionTexturePath": "/Game/Aki/UI/UIResources/Common/Image/IconChatEmoticon/T_ChatEmo_B_07.T_ChatEmo_B_07"
  },
  {
    "Id": 16,
    "GroupId": 1,
    "Name": "ChatExpression_16_Name",
    "ExpressionTexturePath": "/Game/Aki/UI/UIResources/Common/Image/IconChatEmoticon/T_ChatEmo_B_08.T_ChatEmo_B_08"
  },
  {
    "Id": 17,
    "GroupId": 1,
    "Name": "ChatExpression_17_Name",
    "ExpressionTexturePath": "/Game/Aki/UI/UIResources/Common/Image/IconChatEmoticon/T_ChatEmo_C_01.T_ChatEmo_C_01"
  },
  {
    "Id": 18,
    "GroupId": 1,
    "Name": "ChatExpression_18_Name",
    "ExpressionTexturePath": "/Game/Aki/UI/UIResources/Common/Image/IconChatEmoticon/T_ChatEmo_C_02.T_ChatEmo_C_02"
  },
  {
    "Id": 19,
    "GroupId": 1,
    "Name": "ChatExpression_19_Name",
    "ExpressionTexturePath": "/Game/Aki/UI/UIResources/Common/Image/IconChatEmoticon/T_ChatEmo_C_03.T_ChatEmo_C_03"
  },
  {
    "Id": 20,
    "GroupId": 1,
    "Name": "ChatExpression_20_Name",
    "ExpressionTexturePath": "/Game/Aki/UI/UIResources/Common/Image/IconChatEmoticon/T_ChatEmo_C_04.T_ChatEmo_C_04"
  },
  {
    "Id": 21,
    "GroupId": 1,
    "Name": "ChatExpression_21_Name",
    "ExpressionTexturePath": "/Game/Aki/UI/UIResources/Common/Image/IconChatEmoticon/T_ChatEmo_C_05.T_ChatEmo_C_05"
  },
  {
    "Id": 22,
    "GroupId": 1,
    "Name": "ChatExpression_22_Name",
    "ExpressionTexturePath": "/Game/Aki/UI/UIResources/Common/Image/IconChatEmoticon/T_ChatEmo_C_06.T_ChatEmo_C_06"
  },
  {
    "Id": 23,
    "GroupId": 1,
    "Name": "ChatExpression_23_Name",
    "ExpressionTexturePath": "/Game/Aki/UI/UIResources/Common/Image/IconChatEmoticon/T_ChatEmo_C_07.T_ChatEmo_C_07"
  },
  {
    "Id": 24,
    "GroupId": 1,
    "Name": "ChatExpression_24_Name",
    "ExpressionTexturePath": "/Game/Aki/UI/UIResources/Common/Image/IconChatEmoticon/T_ChatEmo_C_08.T_ChatEmo_C_08"
  },
  {
    "Id": 25,
    "GroupId": 2,
    "Name": "ChatExpression_25_Name",
    "ExpressionTexturePath": "/Game/Aki/UI/UIResources/Common/Image/IconChatEmoticon/T_ChatEmo_D_01.T_ChatEmo_D_01"
  },
  {
    "Id": 26,
    "GroupId": 2,
    "Name": "ChatExpression_26_Name",
    "ExpressionTexturePath": "/Game/Aki/UI/UIResources/Common/Image/IconChatEmoticon/T_ChatEmo_D_02.T_ChatEmo_D_02"
  },
  {
    "Id": 27,
    "GroupId": 2,
    "Name": "ChatExpression_27_Name",
    "ExpressionTexturePath": "/Game/Aki/UI/UIResources/Common/Image/IconChatEmoticon/T_ChatEmo_D_03.T_ChatEmo_D_03"
  },
  {
    "Id": 28,
    "GroupId": 2,
    "Name": "ChatExpression_28_Name",
    "ExpressionTexturePath": "/Game/Aki/UI/UIResources/Common/Image/IconChatEmoticon/T_ChatEmo_D_04.T_ChatEmo_D_04"
  },
  {
    "Id": 29,
    "GroupId": 2,
    "Name": "ChatExpression_29_Name",
    "ExpressionTexturePath": "/Game/Aki/UI/UIResources/Common/Image/IconChatEmoticon/T_ChatEmo_E_01.T_ChatEmo_E_01"
  },
  {
    "Id": 30,
    "GroupId": 2,
    "Name": "ChatExpression_30_Name",
    "ExpressionTexturePath": "/Game/Aki/UI/UIResources/Common/Image/IconChatEmoticon/T_ChatEmo_E_02.T_ChatEmo_E_02"
  },
  {
    "Id": 31,
    "GroupId": 2,
    "Name": "ChatExpression_31_Name",
    "ExpressionTexturePath": "/Game/Aki/UI/UIResources/Common/Image/IconChatEmoticon/T_ChatEmo_E_03.T_ChatEmo_E_03"
  },
  {
    "Id": 32,
    "GroupId": 2,
    "Name": "ChatExpression_32_Name",
    "ExpressionTexturePath": "/Game/Aki/UI/UIResources/Common/Image/IconChatEmoticon/T_ChatEmo_E_04.T_ChatEmo_E_04"
  },
  {
    "Id": 33,
    "GroupId": 2,
    "Name": "ChatExpression_33_Name",
    "ExpressionTexturePath": "/Game/Aki/UI/UIResources/Common/Image/IconChatEmoticon/T_ChatEmo_F_01.T_ChatEmo_F_01"
  },
  {
    "Id": 34,
    "GroupId": 2,
    "Name": "ChatExpression_34_Name",
    "ExpressionTexturePath": "/Game/Aki/UI/UIResources/Common/Image/IconChatEmoticon/T_ChatEmo_F_02.T_ChatEmo_F_02"
  },
  {
    "Id": 35,
    "GroupId": 2,
    "Name": "ChatExpression_35_Name",
    "ExpressionTexturePath": "/Game/Aki/UI/UIResources/Common/Image/IconChatEmoticon/T_ChatEmo_F_03.T_ChatEmo_F_03"
  },
  {
    "Id": 36,
    "GroupId": 2,
    "Name": "ChatExpression_36_Name",
    "ExpressionTexturePath": "/Game/Aki/UI/UIResources/Common/Image/IconChatEmoticon/T_ChatEmo_F_04.T_ChatEmo_F_04"
  },
  {
    "Id": 37,
    "GroupId": 2,
    "Name": "ChatExpression_37_Name",
    "ExpressionTexturePath": "/Game/Aki/UI/UIResources/Common/Image/IconChatEmoticon/T_ChatEmo_G_01.T_ChatEmo_G_01"
  },
  {
    "Id": 38,
    "GroupId": 2,
    "Name": "ChatExpression_38_Name",
    "ExpressionTexturePath": "/Game/Aki/UI/UIResources/Common/Image/IconChatEmoticon/T_ChatEmo_G_02.T_ChatEmo_G_02"
  },
  {
    "Id": 39,
    "GroupId": 2,
    "Name": "ChatExpression_39_Name",
    "ExpressionTexturePath": "/Game/Aki/UI/UIResources/Common/Image/IconChatEmoticon/T_ChatEmo_G_03.T_ChatEmo_G_03"
  },
  {
    "Id": 40,
    "GroupId": 2,
    "Name": "ChatExpression_40_Name",
    "ExpressionTexturePath": "/Game/Aki/UI/UIResources/Common/Image/IconChatEmoticon/T_ChatEmo_G_04.T_ChatEmo_G_04"
  },
  {
    "Id": 41,
    "GroupId": 3,
    "Name": "ChatExpression_41_Name",
    "ExpressionTexturePath": "/Game/Aki/UI/UIResources/Common/Image/IconChatEmoticon/T_ChatEmo_H_01.T_ChatEmo_H_01"
  },
  {
    "Id": 42,
    "GroupId": 3,
    "Name": "ChatExpression_42_Name",
    "ExpressionTexturePath": "/Game/Aki/UI/UIResources/Common/Image/IconChatEmoticon/T_ChatEmo_H_02.T_ChatEmo_H_02"
  },
  {
    "Id": 43,
    "GroupId": 3,
    "Name": "ChatExpression_43_Name",
    "ExpressionTexturePath": "/Game/Aki/UI/UIResources/Common/Image/IconChatEmoticon/T_ChatEmo_H_03.T_ChatEmo_H_03"
  },
  {
    "Id": 44,
    "GroupId": 3,
    "Name": "ChatExpression_44_Name",
    "ExpressionTexturePath": "/Game/Aki/UI/UIResources/Common/Image/IconChatEmoticon/T_ChatEmo_H_04.T_ChatEmo_H_04"
  },
  {
    "Id": 45,
    "GroupId": 3,
    "Name": "ChatExpression_45_Name",
    "ExpressionTexturePath": "/Game/Aki/UI/UIResources/Common/Image/IconChatEmoticon/T_ChatEmo_I_01.T_ChatEmo_I_01"
  },
  {
    "Id": 46,
    "GroupId": 3,
    "Name": "ChatExpression_46_Name",
    "ExpressionTexturePath": "/Game/Aki/UI/UIResources/Common/Image/IconChatEmoticon/T_ChatEmo_I_02.T_ChatEmo_I_02"
  },
  {
    "Id": 47,
    "GroupId": 3,
    "Name": "ChatExpression_47_Name",
    "ExpressionTexturePath": "/Game/Aki/UI/UIResources/Common/Image/IconChatEmoticon/T_ChatEmo_I_03.T_ChatEmo_I_03"
  },
  {
    "Id": 48,
    "GroupId": 3,
    "Name": "ChatExpression_48_Name",
    "ExpressionTexturePath": "/Game/Aki/UI/UIResources/Common/Image/IconChatEmoticon/T_ChatEmo_I_04.T_ChatEmo_I_04"
  },
  {
    "Id": 49,
    "GroupId": 3,
    "Name": "ChatExpression_49_Name",
    "ExpressionTexturePath": "/Game/Aki/UI/UIResources/Common/Image/IconChatEmoticon/T_ChatEmo_J_01.T_ChatEmo_J_01"
  },
  {
    "Id": 50,
    "GroupId": 3,
    "Name": "ChatExpression_50_Name",
    "ExpressionTexturePath": "/Game/Aki/UI/UIResources/Common/Image/IconChatEmoticon/T_ChatEmo_J_02.T_ChatEmo_J_02"
  },
  {
    "Id": 51,
    "GroupId": 3,
    "Name": "ChatExpression_51_Name",
    "ExpressionTexturePath": "/Game/Aki/UI/UIResources/Common/Image/IconChatEmoticon/T_ChatEmo_J_03.T_ChatEmo_J_03"
  },
  {
    "Id": 52,
    "GroupId": 3,
    "Name": "ChatExpression_52_Name",
    "ExpressionTexturePath": "/Game/Aki/UI/UIResources/Common/Image/IconChatEmoticon/T_ChatEmo_J_04.T_ChatEmo_J_04"
  },
  {
    "Id": 53,
    "GroupId": 3,
    "Name": "ChatExpression_53_Name",
    "ExpressionTexturePath": "/Game/Aki/UI/UIResources/Common/Image/IconChatEmoticon/T_ChatEmo_K_01.T_ChatEmo_K_01"
  },
  {
    "Id": 54,
    "GroupId": 3,
    "Name": "ChatExpression_54_Name",
    "ExpressionTexturePath": "/Game/Aki/UI/UIResources/Common/Image/IconChatEmoticon/T_ChatEmo_K_02.T_ChatEmo_K_02"
  },
  {
    "Id": 55,
    "GroupId": 3,
    "Name": "ChatExpression_55_Name",
    "ExpressionTexturePath": "/Game/Aki/UI/UIResources/Common/Image/IconChatEmoticon/T_ChatEmo_K_03.T_ChatEmo_K_03"
  },
  {
    "Id": 56,
    "GroupId": 3,
    "Name": "ChatExpression_56_Name",
    "ExpressionTexturePath": "/Game/Aki/UI/UIResources/Common/Image/IconChatEmoticon/T_ChatEmo_K_04.T_ChatEmo_K_04"
  },
  {
    "Id": 57,
    "GroupId": 4,
    "Name": "ChatExpression_57_Name",
    "ExpressionTexturePath": "/Game/Aki/UI/UIResources/Common/Image/IconChatEmoticon/T_ChatEmo_L_02.T_ChatEmo_L_02"
  },
  {
    "Id": 58,
    "GroupId": 4,
    "Name": "ChatExpression_58_Name",
    "ExpressionTexturePath": "/Game/Aki/UI/UIResources/Common/Image/IconChatEmoticon/T_ChatEmo_L_03.T_ChatEmo_L_03"
  },
  {
    "Id": 59,
    "GroupId": 4,
    "Name": "ChatExpression_59_Name",
    "ExpressionTexturePath": "/Game/Aki/UI/UIResources/Common/Image/IconChatEmoticon/T_ChatEmo_L_04.T_ChatEmo_L_04"
  },
  {
    "Id": 60,
    "GroupId": 4,
    "Name": "ChatExpression_60_Name",
    "ExpressionTexturePath": "/Game/Aki/UI/UIResources/Common/Image/IconChatEmoticon/T_ChatEmo_L_05.T_ChatEmo_L_05"
  },
  {
    "Id": 61,
    "GroupId": 4,
    "Name": "ChatExpression_61_Name",
    "ExpressionTexturePath": "/Game/Aki/UI/UIResources/Common/Image/IconChatEmoticon/T_ChatEmo_L_06.T_ChatEmo_L_06"
  },
  {
    "Id": 62,
    "GroupId": 4,
    "Name": "ChatExpression_62_Name",
    "ExpressionTexturePath": "/Game/Aki/UI/UIResources/Common/Image/IconChatEmoticon/T_ChatEmo_L_07.T_ChatEmo_L_07"
  },
  {
    "Id": 63,
    "GroupId": 4,
    "Name": "ChatExpression_63_Name",
    "ExpressionTexturePath": "/Game/Aki/UI/UIResources/Common/Image/IconChatEmoticon/T_ChatEmo_L_08.T_ChatEmo_L_08"
  },
  {
    "Id": 64,
    "GroupId": 4,
    "Name": "ChatExpression_64_Name",
    "ExpressionTexturePath": "/Game/Aki/UI/UIResources/Common/Image/IconChatEmoticon/T_ChatEmo_L_09.T_ChatEmo_L_09"
  },
  {
    "Id": 65,
    "GroupId": 4,
    "Name": "ChatExpression_65_Name",
    "ExpressionTexturePath": "/Game/Aki/UI/UIResources/Common/Image/IconChatEmoticon/T_ChatEmo_L_10.T_ChatEmo_L_10"
  },
  {
    "Id": 66,
    "GroupId": 4,
    "Name": "ChatExpression_66_Name",
    "ExpressionTexturePath": "/Game/Aki/UI/UIResources/Common/Image/IconChatEmoticon/T_ChatEmo_L_11.T_ChatEmo_L_11"
  },
  {
    "Id": 67,
    "GroupId": 4,
    "Name": "ChatExpression_67_Name",
    "ExpressionTexturePath": "/Game/Aki/UI/UIResources/Common/Image/IconChatEmoticon/T_ChatEmo_L_12.T_ChatEmo_L_12"
  },
  {
    "Id": 68,
    "GroupId": 4,
    "Name": "ChatExpression_68_Name",
    "ExpressionTexturePath": "/Game/Aki/UI/UIResources/Common/Image/IconChatEmoticon/T_ChatEmo_L_13.T_ChatEmo_L_13"
  },
  {
    "Id": 69,
    "GroupId": 4,
    "Name": "ChatExpression_69_Name",
    "ExpressionTexturePath": "/Game/Aki/UI/UIResources/Common/Image/IconChatEmoticon/T_ChatEmo_L_14.T_ChatEmo_L_14"
  },
  {
    "Id": 70,
    "GroupId": 4,
    "Name": "ChatExpression_70_Name",
    "ExpressionTexturePath": "/Game/Aki/UI/UIResources/Common/Image/IconChatEmoticon/T_ChatEmo_L_15.T_ChatEmo_L_15"
  },
  {
    "Id": 71,
    "GroupId": 4,
    "Name": "ChatExpression_71_Name",
    "ExpressionTexturePath": "/Game/Aki/UI/UIResources/Common/Image/IconChatEmoticon/T_ChatEmo_L_16.T_ChatEmo_L_16"
  },
  {
    "Id": 72,
    "GroupId": 5,
    "Name": "ChatExpression_72_Name",
    "ExpressionTexturePath": "/Game/Aki/UI/UIResources/Common/Image/IconChatEmoticon/T_ChatEmo_M_01.T_ChatEmo_M_01"
  },
  {
    "Id": 73,
    "GroupId": 5,
    "Name": "ChatExpression_73_Name",
    "ExpressionTexturePath": "/Game/Aki/UI/UIResources/Common/Image/IconChatEmoticon/T_ChatEmo_M_02.T_ChatEmo_M_02"
  },
  {
    "Id": 74,
    "GroupId": 5,
    "Name": "ChatExpression_74_Name",
    "ExpressionTexturePath": "/Game/Aki/UI/UIResources/Common/Image/IconChatEmoticon/T_ChatEmo_M_03.T_ChatEmo_M_03"
  },
  {
    "Id": 75,
    "GroupId": 5,
    "Name": "ChatExpression_75_Name",
    "ExpressionTexturePath": "/Game/Aki/UI/UIResources/Common/Image/IconChatEmoticon/T_ChatEmo_M_04.T_ChatEmo_M_04"
  },
  {
    "Id": 76,
    "GroupId": 5,
    "Name": "ChatExpression_76_Name",
    "ExpressionTexturePath": "/Game/Aki/UI/UIResources/Common/Image/IconChatEmoticon/T_ChatEmo_M_05.T_ChatEmo_M_05"
  },
  {
    "Id": 77,
    "GroupId": 5,
    "Name": "ChatExpression_77_Name",
    "ExpressionTexturePath": "/Game/Aki/UI/UIResources/Common/Image/IconChatEmoticon/T_ChatEmo_M_06.T_ChatEmo_M_06"
  },
  {
    "Id": 78,
    "GroupId": 5,
    "Name": "ChatExpression_78_Name",
    "ExpressionTexturePath": "/Game/Aki/UI/UIResources/Common/Image/IconChatEmoticon/T_ChatEmo_M_07.T_ChatEmo_M_07"
  },
  {
    "Id": 79,
    "GroupId": 5,
    "Name": "ChatExpression_79_Name",
    "ExpressionTexturePath": "/Game/Aki/UI/UIResources/Common/Image/IconChatEmoticon/T_ChatEmo_M_08.T_ChatEmo_M_08"
  },
  {
    "Id": 80,
    "GroupId": 5,
    "Name": "ChatExpression_80_Name",
    "ExpressionTexturePath": "/Game/Aki/UI/UIResources/Common/Image/IconChatEmoticon/T_ChatEmo_M_09.T_ChatEmo_M_09"
  },
  {
    "Id": 81,
    "GroupId": 5,
    "Name": "ChatExpression_81_Name",
    "ExpressionTexturePath": "/Game/Aki/UI/UIResources/Common/Image/IconChatEmoticon/T_ChatEmo_M_10.T_ChatEmo_M_10"
  },
  {
    "Id": 82,
    "GroupId": 5,
    "Name": "ChatExpression_82_Name",
    "ExpressionTexturePath": "/Game/Aki/UI/UIResources/Common/Image/IconChatEmoticon/T_ChatEmo_M_11.T_ChatEmo_M_11"
  },
  {
    "Id": 83,
    "GroupId": 5,
    "Name": "ChatExpression_83_Name",
    "ExpressionTexturePath": "/Game/Aki/UI/UIResources/Common/Image/IconChatEmoticon/T_ChatEmo_M_12.T_ChatEmo_M_12"
  },
  {
    "Id": 84,
    "GroupId": 5,
    "Name": "ChatExpression_84_Name",
    "ExpressionTexturePath": "/Game/Aki/UI/UIResources/Common/Image/IconChatEmoticon/T_ChatEmo_M_13.T_ChatEmo_M_13"
  },
  {
    "Id": 85,
    "GroupId": 5,
    "Name": "ChatExpression_85_Name",
    "ExpressionTexturePath": "/Game/Aki/UI/UIResources/Common/Image/IconChatEmoticon/T_ChatEmo_M_14.T_ChatEmo_M_14"
  },
  {
    "Id": 86,
    "GroupId": 5,
    "Name": "ChatExpression_86_Name",
    "ExpressionTexturePath": "/Game/Aki/UI/UIResources/Common/Image/IconChatEmoticon/T_ChatEmo_M_15.T_ChatEmo_M_15"
  },
  {
    "Id": 87,
    "GroupId": 5,
    "Name": "ChatExpression_87_Name",
    "ExpressionTexturePath": "/Game/Aki/UI/UIResources/Common/Image/IconChatEmoticon/T_ChatEmo_M_16.T_ChatEmo_M_16"
  },
  {
    "Id": 88,
    "GroupId": 6,
    "Name": "ChatExpression_88_Name",
    "ExpressionTexturePath": "/Game/Aki/UI/UIResources/Common/Image/IconChatEmoticon/T_ChatEmo_N_01.T_ChatEmo_N_01"
  },
  {
    "Id": 89,
    "GroupId": 6,
    "Name": "ChatExpression_89_Name",
    "ExpressionTexturePath": "/Game/Aki/UI/UIResources/Common/Image/IconChatEmoticon/T_ChatEmo_N_02.T_ChatEmo_N_02"
  },
  {
    "Id": 90,
    "GroupId": 6,
    "Name": "ChatExpression_90_Name",
    "ExpressionTexturePath": "/Game/Aki/UI/UIResources/Common/Image/IconChatEmoticon/T_ChatEmo_N_03.T_ChatEmo_N_03"
  },
  {
    "Id": 91,
    "GroupId": 6,
    "Name": "ChatExpression_91_Name",
    "ExpressionTexturePath": "/Game/Aki/UI/UIResources/Common/Image/IconChatEmoticon/T_ChatEmo_N_04.T_ChatEmo_N_04"
  },
  {
    "Id": 92,
    "GroupId": 6,
    "Name": "ChatExpression_92_Name",
    "ExpressionTexturePath": "/Game/Aki/UI/UIResources/Common/Image/IconChatEmoticon/T_ChatEmo_N_05.T_ChatEmo_N_05"
  },
  {
    "Id": 93,
    "GroupId": 6,
    "Name": "ChatExpression_93_Name",
    "ExpressionTexturePath": "/Game/Aki/UI/UIResources/Common/Image/IconChatEmoticon/T_ChatEmo_N_06.T_ChatEmo_N_06"
  },
  {
    "Id": 94,
    "GroupId": 6,
    "Name": "ChatExpression_94_Name",
    "ExpressionTexturePath": "/Game/Aki/UI/UIResources/Common/Image/IconChatEmoticon/T_ChatEmo_N_07.T_ChatEmo_N_07"
  },
  {
    "Id": 95,
    "GroupId": 6,
    "Name": "ChatExpression_95_Name",
    "ExpressionTexturePath": "/Game/Aki/UI/UIResources/Common/Image/IconChatEmoticon/T_ChatEmo_N_08.T_ChatEmo_N_08"
  },
  {
    "Id": 96,
    "GroupId": 6,
    "Name": "ChatExpression_96_Name",
    "ExpressionTexturePath": "/Game/Aki/UI/UIResources/Common/Image/IconChatEmoticon/T_ChatEmo_N_09.T_ChatEmo_N_09"
  },
  {
    "Id": 97,
    "GroupId": 6,
    "Name": "ChatExpression_97_Name",
    "ExpressionTexturePath": "/Game/Aki/UI/UIResources/Common/Image/IconChatEmoticon/T_ChatEmo_N_10.T_ChatEmo_N_10"
  },
  {
    "Id": 98,
    "GroupId": 6,
    "Name": "ChatExpression_98_Name",
    "ExpressionTexturePath": "/Game/Aki/UI/UIResources/Common/Image/IconChatEmoticon/T_ChatEmo_N_11.T_ChatEmo_N_11"
  },
  {
    "Id": 99,
    "GroupId": 6,
    "Name": "ChatExpression_99_Name",
    "ExpressionTexturePath": "/Game/Aki/UI/UIResources/Common/Image/IconChatEmoticon/T_ChatEmo_N_12.T_ChatEmo_N_12"
  },
  {
    "Id": 100,
    "GroupId": 6,
    "Name": "ChatExpression_100_Name",
    "ExpressionTexturePath": "/Game/Aki/UI/UIResources/Common/Image/IconChatEmoticon/T_ChatEmo_N_13.T_ChatEmo_N_13"
  },
  {
    "Id": 101,
    "GroupId": 6,
    "Name": "ChatExpression_101_Name",
    "ExpressionTexturePath": "/Game/Aki/UI/UIResources/Common/Image/IconChatEmoticon/T_ChatEmo_N_14.T_ChatEmo_N_14"
  },
  {
    "Id": 102,
    "GroupId": 6,
    "Name": "ChatExpression_102_Name",
    "ExpressionTexturePath": "/Game/Aki/UI/UIResources/Common/Image/IconChatEmoticon/T_ChatEmo_N_15.T_ChatEmo_N_15"
  },
  {
    "Id": 103,
    "GroupId": 6,
    "Name": "ChatExpression_103_Name",
    "ExpressionTexturePath": "/Game/Aki/UI/UIResources/Common/Image/IconChatEmoticon/T_ChatEmo_N_16.T_ChatEmo_N_16"
  },
  {
    "Id": 104,
    "GroupId": 6,
    "Name": "ChatExpression_104_Name",
    "ExpressionTexturePath": "/Game/Aki/UI/UIResources/Common/Image/IconChatEmoticon/T_ChatEmo_N_17.T_ChatEmo_N_17"
  },
  {
    "Id": 105,
    "GroupId": 6,
    "Name": "ChatExpression_105_Name",
    "ExpressionTexturePath": "/Game/Aki/UI/UIResources/Common/Image/IconChatEmoticon/T_ChatEmo_N_18.T_ChatEmo_N_18"
  },
  {
    "Id": 106,
    "GroupId": 6,
    "Name": "ChatExpression_106_Name",
    "ExpressionTexturePath": "/Game/Aki/UI/UIResources/Common/Image/IconChatEmoticon/T_ChatEmo_N_19.T_ChatEmo_N_19"
  },
  {
    "Id": 107,
    "GroupId": 6,
    "Name": "ChatExpression_107_Name",
    "ExpressionTexturePath": "/Game/Aki/UI/UIResources/Common/Image/IconChatEmoticon/T_ChatEmo_N_20.T_ChatEmo_N_20"
  },
  {
    "Id": 108,
    "GroupId": 6,
    "Name": "ChatExpression_108_Name",
    "ExpressionTexturePath": "/Game/Aki/UI/UIResources/Common/Image/IconChatEmoticon/T_ChatEmo_N_21.T_ChatEmo_N_21"
  },
  {
    "Id": 109,
    "GroupId": 6,
    "Name": "ChatExpression_109_Name",
    "ExpressionTexturePath": "/Game/Aki/UI/UIResources/Common/Image/IconChatEmoticon/T_ChatEmo_N_22.T_ChatEmo_N_22"
  },
  {
    "Id": 110,
    "GroupId": 6,
    "Name": "ChatExpression_110_Name",
    "ExpressionTexturePath": "/Game/Aki/UI/UIResources/Common/Image/IconChatEmoticon/T_ChatEmo_N_23.T_ChatEmo_N_23"
  },
  {
    "Id": 111,
    "GroupId": 6,
    "Name": "ChatExpression_111_Name",
    "ExpressionTexturePath": "/Game/Aki/UI/UIResources/Common/Image/IconChatEmoticon/T_ChatEmo_N_24.T_ChatEmo_N_24"
  }
]