[
  {
    "Id": 1,
    "Name": "第一期",
    "GroupTexturePath": "/Game/Aki/UI/UIResources/Common/Image/IconChatEmoticon/T_ChatEmo_A_01.T_ChatEmo_A_01"
  },
  {
    "Id": 2,
    "Name": "第二期",
    "GroupTexturePath": "/Game/Aki/UI/UIResources/Common/Image/IconChatEmoticon/T_ChatEmo_D_01.T_ChatEmo_D_01"
  },
  {
    "Id": 3,
    "Name": "第三期",
    "GroupTexturePath": "/Game/Aki/UI/UIResources/Common/Image/IconChatEmoticon/T_ChatEmo_I_01.T_ChatEmo_I_01"
  },
  {
    "Id": 4,
    "Name": "第四期",
    "GroupTexturePath": "/Game/Aki/UI/UIResources/Common/Image/IconChatEmoticon/T_ChatEmo_L_02.T_ChatEmo_L_02"
  },
  {
    "Id": 5,
    "Name": "第五期",
    "GroupTexturePath": "/Game/Aki/UI/UIResources/Common/Image/IconChatEmoticon/T_ChatEmo_M_01.T_ChatEmo_M_01"
  },
  {
    "Id": 6,
    "Name": "第六期",
    "GroupTexturePath": "/Game/Aki/UI/UIResources/Common/Image/IconChatEmoticon/T_ChatEmo_N_01.T_ChatEmo_N_01"
  }
]