[
  {
    "Id": 1,
    "QuickChatContent": "QuickChat_1_QuickChatContent"
  },
  {
    "Id": 2,
    "QuickChatContent": "QuickChat_2_QuickChatContent"
  },
  {
    "Id": 3,
    "QuickChatContent": "QuickChat_3_QuickChatContent"
  },
  {
    "Id": 4,
    "QuickChatContent": "QuickChat_4_QuickChatContent"
  },
  {
    "Id": 5,
    "QuickChatContent": "QuickChat_5_QuickChatContent"
  },
  {
    "Id": 6,
    "QuickChatContent": "QuickChat_6_QuickChatContent"
  },
  {
    "Id": 7,
    "QuickChatContent": "QuickChat_7_QuickChatContent"
  },
  {
    "Id": 8,
    "QuickChatContent": "QuickChat_8_QuickChatContent"
  }
]