[
  {
    "Id": 1,
    "Name": "一键毕业",
    "OrderList": [
      "add_item_all",
      "add_new_role_config 140590",
      "add_new_role_config 140290",
      "add_new_role_config 120290",
      "add_new_role_config 150390",
      "add_new_role_config 110290",
      "add_new_role_config 110390",
      "add_new_role_config 150190",
      "add_new_role_config 150290",
      "add_new_role_config 160290",
      "add_new_role_config 120390",
      "add_new_role_config 160190",
      "add_new_role_config 140390",
      "add_new_role_config 140490",
      "add_new_role_config 120490",
      "add_new_role_config 160390",
      "add_new_role_config 130190",
      "add_new_role_config 130290",
      "add_new_role_config 130390",
      "add_new_role_config 110490",
      "TestBackLoginView",
      "GmUnlockExploreSKillAll",
      "ActivateTeleport 0",
      "FuncOpenGm 0",
      "PassWorldLevelUp",
      "PassWorldLevelUp",
      "PassWorldLevelUp"
    ]
  },
  {
    "Id": 2,
    "Name": "角色测试",
    "OrderList": [
      "add_item 1 99999",
      "add_item_all",
      "add_all_role",
      "PassWorldLevelUp"
    ]
  },
  {
    "Id": 3,
    "Name": "幻象测试",
    "OrderList": [
      "UnlockVisionSkillAll",
      "add_vision_skill_items",
      "add_item 1 500000",
      "add_hulu_exp 3000",
      "PassWorldLevelUp",
      "PassWorldLevelUp"
    ]
  },
  {
    "Id": 4,
    "Name": "联机测试",
    "OrderList": [
      "add_new_role_config 170010",
      "add_new_role_config 170011",
      "add_new_role_config 170012",
      "GmUnlockExploreSKill 1001",
      "GmUnlockExploreSKill 1003",
      "GmUnlockExploreSKill 1004",
      "GmUnlockExploreSKill 1006",
      "add_item 42100020 99",
      "add_item 42100030 99"
    ]
  },
  {
    "Id": 5,
    "Name": "幻象全部获得",
    "OrderList": [
      "add_item 60000012 1",
      "add_item 60000013 1",
      "add_item 60000014 1",
      "add_item 60000015 1",
      "add_item 60000022 1",
      "add_item 60000023 1",
      "add_item 60000024 1",
      "add_item 60000025 1",
      "add_item 60000032 1",
      "add_item 60000033 1",
      "add_item 60000034 1",
      "add_item 60000035 1",
      "add_item 60000042 1",
      "add_item 60000043 1",
      "add_item 60000044 1",
      "add_item 60000045 1",
      "add_item 60000052 1",
      "add_item 60000053 1",
      "add_item 60000054 1",
      "add_item 60000055 1",
      "add_item 60000062 1",
      "add_item 60000063 1",
      "add_item 60000064 1",
      "add_item 60000065 1",
      "add_item 60000072 1",
      "add_item 60000073 1",
      "add_item 60000074 1",
      "add_item 60000075 1",
      "add_item 60000082 1",
      "add_item 60000083 1",
      "add_item 60000084 1",
      "add_item 60000085 1",
      "add_item 60000092 1",
      "add_item 60000093 1",
      "add_item 60000094 1",
      "add_item 60000095 1",
      "add_item 60000102 1",
      "add_item 60000103 1",
      "add_item 60000104 1",
      "add_item 60000105 1",
      "add_item 60000112 1",
      "add_item 60000113 1",
      "add_item 60000114 1",
      "add_item 60000115 1",
      "add_item 60000122 1",
      "add_item 60000123 1",
      "add_item 60000124 1",
      "add_item 60000125 1",
      "add_item 60000132 1",
      "add_item 60000133 1",
      "add_item 60000134 1",
      "add_item 60000135 1",
      "add_item 60000142 1",
      "add_item 60000143 1",
      "add_item 60000144 1",
      "add_item 60000145 1",
      "add_item 60000152 1",
      "add_item 60000153 1",
      "add_item 60000154 1",
      "add_item 60000155 1",
      "add_item 60000162 1",
      "add_item 60000163 1",
      "add_item 60000164 1",
      "add_item 60000165 1",
      "add_item 60000172 1",
      "add_item 60000173 1",
      "add_item 60000174 1",
      "add_item 60000175 1",
      "add_item 60000182 1",
      "add_item 60000183 1",
      "add_item 60000184 1",
      "add_item 60000185 1",
      "add_item 60000192 1",
      "add_item 60000193 1",
      "add_item 60000194 1",
      "add_item 60000195 1",
      "add_item 60000202 1",
      "add_item 60000203 1",
      "add_item 60000204 1",
      "add_item 60000205 1",
      "add_item 60000212 1",
      "add_item 60000213 1",
      "add_item 60000214 1",
      "add_item 60000215 1",
      "add_item 60000222 1",
      "add_item 60000223 1",
      "add_item 60000224 1",
      "add_item 60000225 1",
      "add_item 60000232 1",
      "add_item 60000233 1",
      "add_item 60000234 1",
      "add_item 60000235 1",
      "add_item 60000242 1",
      "add_item 60000243 1",
      "add_item 60000244 1",
      "add_item 60000245 1",
      "add_item 60000252 1",
      "add_item 60000253 1",
      "add_item 60000254 1",
      "add_item 60000255 1",
      "add_item 60000262 1",
      "add_item 60000263 1",
      "add_item 60000264 1",
      "add_item 60000265 1",
      "add_item 60000272 1",
      "add_item 60000273 1",
      "add_item 60000274 1",
      "add_item 60000275 1",
      "add_item 60000282 1",
      "add_item 60000283 1",
      "add_item 60000284 1",
      "add_item 60000285 1",
      "add_item 60000292 1",
      "add_item 60000293 1",
      "add_item 60000294 1",
      "add_item 60000295 1",
      "add_item 60000302 1",
      "add_item 60000303 1",
      "add_item 60000304 1",
      "add_item 60000305 1",
      "add_item 60000312 1",
      "add_item 60000313 1",
      "add_item 60000314 1",
      "add_item 60000315 1",
      "add_item 60000322 1",
      "add_item 60000323 1",
      "add_item 60000324 1",
      "add_item 60000325 1",
      "add_item 60000332 1",
      "add_item 60000333 1",
      "add_item 60000334 1",
      "add_item 60000335 1",
      "add_item 60000342 1",
      "add_item 60000343 1",
      "add_item 60000344 1",
      "add_item 60000345 1"
    ]
  },
  {
    "Id": 21,
    "Name": "第2章账号快速生成-队伍1",
    "OrderList": [
      "add_new_role_config 140215",
      "add_new_role_config 120215",
      "add_new_role_config 150315",
      "add_new_role_config 110215",
      "add_new_role_config 110315",
      "add_new_role_config 150215",
      "add_new_role_config 160215",
      "add_new_role_config 120315",
      "add_new_role_config 160115",
      "add_new_role_config 140315",
      "add_new_role_config 140415",
      "add_new_role_config 120415",
      "add_new_role_config 160315",
      "GmUnlockExploreSKill 1001",
      "GmUnlockExploreSKill 1003",
      "GmUnlockExploreSKill 1004",
      "GmUnlockExploreSKill 1006",
      "ActivateTeleport 300301"
    ]
  },
  {
    "Id": 22,
    "Name": "第2章账号快速生成-队伍2",
    "OrderList": [
      "add_new_role_config 140215",
      "add_new_role_config 120215",
      "add_new_role_config 150315",
      "add_new_role_config 110215",
      "add_new_role_config 110315",
      "add_new_role_config 150215",
      "add_new_role_config 160215",
      "add_new_role_config 120315",
      "add_new_role_config 160115",
      "add_new_role_config 140315",
      "add_new_role_config 140415",
      "add_new_role_config 120415",
      "add_new_role_config 160315",
      "GmUnlockExploreSKill 1001",
      "GmUnlockExploreSKill 1003",
      "GmUnlockExploreSKill 1004",
      "GmUnlockExploreSKill 1006",
      "ActivateTeleport 300301"
    ]
  },
  {
    "Id": 23,
    "Name": "第2章账号快速生成-队伍3",
    "OrderList": [
      "add_new_role_config 140215",
      "add_new_role_config 120215",
      "add_new_role_config 150315",
      "add_new_role_config 110215",
      "add_new_role_config 110315",
      "add_new_role_config 150215",
      "add_new_role_config 160215",
      "add_new_role_config 120315",
      "add_new_role_config 160115",
      "add_new_role_config 140315",
      "add_new_role_config 140415",
      "add_new_role_config 120415",
      "add_new_role_config 160315",
      "GmUnlockExploreSKill 1001",
      "GmUnlockExploreSKill 1003",
      "GmUnlockExploreSKill 1004",
      "GmUnlockExploreSKill 1006",
      "ActivateTeleport 300301"
    ]
  },
  {
    "Id": 24,
    "Name": "第2章账号快速生成-队伍4",
    "OrderList": [
      "add_new_role_config 140215",
      "add_new_role_config 120215",
      "add_new_role_config 150315",
      "add_new_role_config 110215",
      "add_new_role_config 110315",
      "add_new_role_config 150215",
      "add_new_role_config 160215",
      "add_new_role_config 120315",
      "add_new_role_config 160115",
      "add_new_role_config 140315",
      "add_new_role_config 140415",
      "add_new_role_config 120415",
      "add_new_role_config 160315",
      "GmUnlockExploreSKill 1001",
      "GmUnlockExploreSKill 1003",
      "GmUnlockExploreSKill 1004",
      "GmUnlockExploreSKill 1006",
      "ActivateTeleport 300301"
    ]
  },
  {
    "Id": 31,
    "Name": "第3章账号快速生成-队伍1",
    "OrderList": [
      "add_new_role_config 140220",
      "add_new_role_config 120220",
      "add_new_role_config 150320",
      "add_new_role_config 110220",
      "add_new_role_config 110320",
      "add_new_role_config 150220",
      "add_new_role_config 160220",
      "add_new_role_config 120320",
      "add_new_role_config 160120",
      "add_new_role_config 140320",
      "add_new_role_config 140420",
      "add_new_role_config 120420",
      "add_new_role_config 160320",
      "GmUnlockExploreSKill 1001",
      "GmUnlockExploreSKill 1003",
      "GmUnlockExploreSKill 1004",
      "GmUnlockExploreSKill 1006",
      "ActivateTeleport 300301"
    ]
  },
  {
    "Id": 32,
    "Name": "第3章账号快速生成-队伍2",
    "OrderList": [
      "add_new_role_config 140220",
      "add_new_role_config 120220",
      "add_new_role_config 150320",
      "add_new_role_config 110220",
      "add_new_role_config 110320",
      "add_new_role_config 150220",
      "add_new_role_config 160220",
      "add_new_role_config 120320",
      "add_new_role_config 160120",
      "add_new_role_config 140320",
      "add_new_role_config 140420",
      "add_new_role_config 120420",
      "add_new_role_config 160320",
      "GmUnlockExploreSKill 1001",
      "GmUnlockExploreSKill 1003",
      "GmUnlockExploreSKill 1004",
      "GmUnlockExploreSKill 1006",
      "ActivateTeleport 300301"
    ]
  },
  {
    "Id": 33,
    "Name": "第3章账号快速生成-队伍3",
    "OrderList": [
      "add_new_role_config 140220",
      "add_new_role_config 120220",
      "add_new_role_config 150320",
      "add_new_role_config 110220",
      "add_new_role_config 110320",
      "add_new_role_config 150220",
      "add_new_role_config 160220",
      "add_new_role_config 120320",
      "add_new_role_config 160120",
      "add_new_role_config 140320",
      "add_new_role_config 140420",
      "add_new_role_config 120420",
      "add_new_role_config 160320",
      "GmUnlockExploreSKill 1001",
      "GmUnlockExploreSKill 1003",
      "GmUnlockExploreSKill 1004",
      "GmUnlockExploreSKill 1006",
      "ActivateTeleport 300301"
    ]
  },
  {
    "Id": 34,
    "Name": "第3章账号快速生成-队伍4",
    "OrderList": [
      "add_new_role_config 140220",
      "add_new_role_config 120220",
      "add_new_role_config 150320",
      "add_new_role_config 110220",
      "add_new_role_config 110320",
      "add_new_role_config 150220",
      "add_new_role_config 160220",
      "add_new_role_config 120320",
      "add_new_role_config 160120",
      "add_new_role_config 140320",
      "add_new_role_config 140420",
      "add_new_role_config 120420",
      "add_new_role_config 160320",
      "GmUnlockExploreSKill 1001",
      "GmUnlockExploreSKill 1003",
      "GmUnlockExploreSKill 1004",
      "GmUnlockExploreSKill 1006",
      "ActivateTeleport 300301"
    ]
  },
  {
    "Id": 41,
    "Name": "第4章账号快速生成-队伍1",
    "OrderList": [
      "add_new_role_config 140230",
      "add_new_role_config 120230",
      "add_new_role_config 150330",
      "add_new_role_config 110230",
      "add_new_role_config 110330",
      "add_new_role_config 150230",
      "add_new_role_config 160230",
      "add_new_role_config 120330",
      "add_new_role_config 160130",
      "add_new_role_config 140330",
      "add_new_role_config 140430",
      "add_new_role_config 120430",
      "add_new_role_config 160330",
      "GmUnlockExploreSKill 1001",
      "GmUnlockExploreSKill 1003",
      "GmUnlockExploreSKill 1004",
      "GmUnlockExploreSKill 1006",
      "ActivateTeleport 300301"
    ]
  },
  {
    "Id": 42,
    "Name": "第4章账号快速生成-队伍2",
    "OrderList": [
      "add_new_role_config 140230",
      "add_new_role_config 120230",
      "add_new_role_config 150330",
      "add_new_role_config 110230",
      "add_new_role_config 110330",
      "add_new_role_config 150230",
      "add_new_role_config 160230",
      "add_new_role_config 120330",
      "add_new_role_config 160130",
      "add_new_role_config 140330",
      "add_new_role_config 140430",
      "add_new_role_config 120430",
      "add_new_role_config 160330",
      "GmUnlockExploreSKill 1001",
      "GmUnlockExploreSKill 1003",
      "GmUnlockExploreSKill 1004",
      "GmUnlockExploreSKill 1006",
      "ActivateTeleport 300301"
    ]
  },
  {
    "Id": 43,
    "Name": "第4章账号快速生成-队伍3",
    "OrderList": [
      "add_new_role_config 140230",
      "add_new_role_config 120230",
      "add_new_role_config 150330",
      "add_new_role_config 110230",
      "add_new_role_config 110330",
      "add_new_role_config 150230",
      "add_new_role_config 160230",
      "add_new_role_config 120330",
      "add_new_role_config 160130",
      "add_new_role_config 140330",
      "add_new_role_config 140430",
      "add_new_role_config 120430",
      "add_new_role_config 160330",
      "GmUnlockExploreSKill 1001",
      "GmUnlockExploreSKill 1003",
      "GmUnlockExploreSKill 1004",
      "GmUnlockExploreSKill 1006",
      "ActivateTeleport 300301"
    ]
  },
  {
    "Id": 44,
    "Name": "第4章账号快速生成-队伍4",
    "OrderList": [
      "add_new_role_config 140230",
      "add_new_role_config 120230",
      "add_new_role_config 150330",
      "add_new_role_config 110230",
      "add_new_role_config 110330",
      "add_new_role_config 150230",
      "add_new_role_config 160230",
      "add_new_role_config 120330",
      "add_new_role_config 160130",
      "add_new_role_config 140330",
      "add_new_role_config 140430",
      "add_new_role_config 120430",
      "add_new_role_config 160330",
      "GmUnlockExploreSKill 1001",
      "GmUnlockExploreSKill 1003",
      "GmUnlockExploreSKill 1004",
      "GmUnlockExploreSKill 1006",
      "ActivateTeleport 300301"
    ]
  },
  {
    "Id": 51,
    "Name": "第5章账号快速生成-队伍1",
    "OrderList": [
      "add_new_role_config 140230",
      "add_new_role_config 120230",
      "add_new_role_config 150330",
      "add_new_role_config 110230",
      "add_new_role_config 110330",
      "add_new_role_config 150230",
      "add_new_role_config 160230",
      "add_new_role_config 120330",
      "add_new_role_config 160130",
      "add_new_role_config 140330",
      "add_new_role_config 140430",
      "add_new_role_config 120430",
      "add_new_role_config 160330",
      "GmUnlockExploreSKill 1001",
      "GmUnlockExploreSKill 1003",
      "GmUnlockExploreSKill 1004",
      "GmUnlockExploreSKill 1006",
      "ActivateTeleport 300301"
    ]
  },
  {
    "Id": 52,
    "Name": "第5章账号快速生成-队伍2",
    "OrderList": [
      "add_new_role_config 140230",
      "add_new_role_config 120230",
      "add_new_role_config 150330",
      "add_new_role_config 110230",
      "add_new_role_config 110330",
      "add_new_role_config 150230",
      "add_new_role_config 160230",
      "add_new_role_config 120330",
      "add_new_role_config 160130",
      "add_new_role_config 140330",
      "add_new_role_config 140430",
      "add_new_role_config 120430",
      "add_new_role_config 160330",
      "GmUnlockExploreSKill 1001",
      "GmUnlockExploreSKill 1003",
      "GmUnlockExploreSKill 1004",
      "GmUnlockExploreSKill 1006",
      "ActivateTeleport 300301"
    ]
  },
  {
    "Id": 53,
    "Name": "第5章账号快速生成-队伍3",
    "OrderList": [
      "add_new_role_config 140240",
      "add_new_role_config 120240",
      "add_new_role_config 150340",
      "add_new_role_config 110240",
      "add_new_role_config 110340",
      "add_new_role_config 150240",
      "add_new_role_config 160240",
      "add_new_role_config 120340",
      "add_new_role_config 160140",
      "add_new_role_config 140340",
      "add_new_role_config 140440",
      "add_new_role_config 120440",
      "add_new_role_config 160340",
      "GmUnlockExploreSKill 1001",
      "GmUnlockExploreSKill 1003",
      "GmUnlockExploreSKill 1004",
      "GmUnlockExploreSKill 1006",
      "ActivateTeleport 300301"
    ]
  },
  {
    "Id": 54,
    "Name": "第5章账号快速生成-队伍4",
    "OrderList": [
      "add_new_role_config 140240",
      "add_new_role_config 120240",
      "add_new_role_config 150340",
      "add_new_role_config 110240",
      "add_new_role_config 110340",
      "add_new_role_config 150240",
      "add_new_role_config 160240",
      "add_new_role_config 120340",
      "add_new_role_config 160140",
      "add_new_role_config 140340",
      "add_new_role_config 140440",
      "add_new_role_config 120440",
      "add_new_role_config 160340",
      "GmUnlockExploreSKill 1001",
      "GmUnlockExploreSKill 1003",
      "GmUnlockExploreSKill 1004",
      "GmUnlockExploreSKill 1006",
      "ActivateTeleport 300301"
    ]
  },
  {
    "Id": 61,
    "Name": "第6章账号快速生成-队伍1",
    "OrderList": [
      "add_new_role_config 140240",
      "add_new_role_config 120240",
      "add_new_role_config 150340",
      "add_new_role_config 110240",
      "add_new_role_config 110340",
      "add_new_role_config 150240",
      "add_new_role_config 160240",
      "add_new_role_config 120340",
      "add_new_role_config 160140",
      "add_new_role_config 140340",
      "add_new_role_config 140440",
      "add_new_role_config 120440",
      "add_new_role_config 160340",
      "GmUnlockExploreSKill 1001",
      "GmUnlockExploreSKill 1003",
      "GmUnlockExploreSKill 1004",
      "GmUnlockExploreSKill 1006",
      "ActivateTeleport 300301"
    ]
  },
  {
    "Id": 62,
    "Name": "第6章账号快速生成-队伍2",
    "OrderList": [
      "add_new_role_config 140240",
      "add_new_role_config 120240",
      "add_new_role_config 150340",
      "add_new_role_config 110240",
      "add_new_role_config 110340",
      "add_new_role_config 150240",
      "add_new_role_config 160240",
      "add_new_role_config 120340",
      "add_new_role_config 160140",
      "add_new_role_config 140340",
      "add_new_role_config 140440",
      "add_new_role_config 120440",
      "add_new_role_config 160340",
      "GmUnlockExploreSKill 1001",
      "GmUnlockExploreSKill 1003",
      "GmUnlockExploreSKill 1004",
      "GmUnlockExploreSKill 1006",
      "ActivateTeleport 300301"
    ]
  },
  {
    "Id": 63,
    "Name": "第6章账号快速生成-队伍3",
    "OrderList": [
      "add_new_role_config 140240",
      "add_new_role_config 120240",
      "add_new_role_config 150340",
      "add_new_role_config 110240",
      "add_new_role_config 110340",
      "add_new_role_config 150240",
      "add_new_role_config 160240",
      "add_new_role_config 120340",
      "add_new_role_config 160140",
      "add_new_role_config 140340",
      "add_new_role_config 140440",
      "add_new_role_config 120440",
      "add_new_role_config 160340",
      "GmUnlockExploreSKill 1001",
      "GmUnlockExploreSKill 1003",
      "GmUnlockExploreSKill 1004",
      "GmUnlockExploreSKill 1006",
      "ActivateTeleport 300301"
    ]
  },
  {
    "Id": 64,
    "Name": "第6章账号快速生成-队伍4",
    "OrderList": [
      "add_new_role_config 140240",
      "add_new_role_config 120240",
      "add_new_role_config 150340",
      "add_new_role_config 110240",
      "add_new_role_config 110340",
      "add_new_role_config 150240",
      "add_new_role_config 160240",
      "add_new_role_config 120340",
      "add_new_role_config 160140",
      "add_new_role_config 140340",
      "add_new_role_config 140440",
      "add_new_role_config 120440",
      "add_new_role_config 160340",
      "GmUnlockExploreSKill 1001",
      "GmUnlockExploreSKill 1003",
      "GmUnlockExploreSKill 1004",
      "GmUnlockExploreSKill 1006",
      "ActivateTeleport 300301"
    ]
  },
  {
    "Id": 71,
    "Name": "第7章账号快速生成-队伍1",
    "OrderList": [
      "add_new_role_config 140240",
      "add_new_role_config 120240",
      "add_new_role_config 150340",
      "add_new_role_config 110240",
      "add_new_role_config 110340",
      "add_new_role_config 150240",
      "add_new_role_config 160240",
      "add_new_role_config 120340",
      "add_new_role_config 160140",
      "add_new_role_config 140340",
      "add_new_role_config 140440",
      "add_new_role_config 120440",
      "add_new_role_config 160340",
      "GmUnlockExploreSKill 1001",
      "GmUnlockExploreSKill 1003",
      "GmUnlockExploreSKill 1004",
      "GmUnlockExploreSKill 1006",
      "ActivateTeleport 300301"
    ]
  },
  {
    "Id": 72,
    "Name": "第7章账号快速生成-队伍2",
    "OrderList": [
      "add_new_role_config 140240",
      "add_new_role_config 120240",
      "add_new_role_config 150340",
      "add_new_role_config 110240",
      "add_new_role_config 110340",
      "add_new_role_config 150240",
      "add_new_role_config 160240",
      "add_new_role_config 120340",
      "add_new_role_config 160140",
      "add_new_role_config 140340",
      "add_new_role_config 140440",
      "add_new_role_config 120440",
      "add_new_role_config 160340",
      "GmUnlockExploreSKill 1001",
      "GmUnlockExploreSKill 1003",
      "GmUnlockExploreSKill 1004",
      "GmUnlockExploreSKill 1006",
      "ActivateTeleport 300301"
    ]
  },
  {
    "Id": 73,
    "Name": "第7章账号快速生成-队伍3",
    "OrderList": [
      "add_new_role_config 140240",
      "add_new_role_config 120240",
      "add_new_role_config 150340",
      "add_new_role_config 110240",
      "add_new_role_config 110340",
      "add_new_role_config 150240",
      "add_new_role_config 160240",
      "add_new_role_config 120340",
      "add_new_role_config 160140",
      "add_new_role_config 140340",
      "add_new_role_config 140440",
      "add_new_role_config 120440",
      "add_new_role_config 160340",
      "GmUnlockExploreSKill 1001",
      "GmUnlockExploreSKill 1003",
      "GmUnlockExploreSKill 1004",
      "GmUnlockExploreSKill 1006",
      "ActivateTeleport 300301"
    ]
  },
  {
    "Id": 74,
    "Name": "第7章账号快速生成-队伍4",
    "OrderList": [
      "add_new_role_config 140240",
      "add_new_role_config 120240",
      "add_new_role_config 150340",
      "add_new_role_config 110240",
      "add_new_role_config 110340",
      "add_new_role_config 150240",
      "add_new_role_config 160240",
      "add_new_role_config 120340",
      "add_new_role_config 160140",
      "add_new_role_config 140340",
      "add_new_role_config 140440",
      "add_new_role_config 120440",
      "add_new_role_config 160340",
      "GmUnlockExploreSKill 1001",
      "GmUnlockExploreSKill 1003",
      "GmUnlockExploreSKill 1004",
      "GmUnlockExploreSKill 1006",
      "ActivateTeleport 300301"
    ]
  },
  {
    "Id": 6,
    "Name": "0.60战斗专项测试",
    "OrderList": [
      "add_new_role_config 170000",
      "add_new_role_config 170001",
      "add_new_role_config 170002",
      "add_new_role_config 170003",
      "add_new_role_config 170004",
      "add_new_role_config 170005",
      "add_new_role_config 170006",
      "add_new_role_config 170007",
      "add_new_role_config 170008",
      "add_new_role_config 170009",
      "GmUnlockExploreSKill 1001",
      "GmUnlockExploreSKill 1003",
      "GmUnlockExploreSKill 1004",
      "GmUnlockExploreSKill 1006",
      "add_item 42100020 99",
      "add_item 42100030 99",
      "add_item 10800 99",
      "add_item 60000014 1",
      "add_item 60000024 1",
      "add_item 60000034 1",
      "add_item 60000044 1",
      "add_item 60000054 1",
      "add_item 60000064 1",
      "add_item 60000074 1",
      "add_item 60000084 1",
      "add_item 60000094 1",
      "add_item 60000104 1",
      "add_item 60000114 1",
      "add_item 60000124 1",
      "add_item 60000134 1",
      "add_item 60000144 1",
      "add_item 60000154 1",
      "add_item 60000164 1",
      "add_item 60000174 1",
      "add_item 60000184 1",
      "add_item 60000194 1",
      "add_item 60000204 1",
      "add_item 60000214 1",
      "add_item 60000224 1",
      "add_item 60000234 1",
      "add_item 60000244 1",
      "add_item 60000254 1",
      "add_item 60000264 1",
      "add_item 60000274 1",
      "add_item 60000284 1",
      "add_item 60000294 1",
      "add_item 60000304 1",
      "add_item 60000314 1",
      "add_item 60000324 1",
      "add_item 60000334 1",
      "add_item 60000344 1",
      "add_item 60000354 1",
      "add_item 60000364 1",
      "add_item 36000001 99",
      "add_item 36000002 99",
      "add_item 36000003 99"
    ]
  },
  {
    "Id": 102,
    "Name": "PV快速准备",
    "OrderList": [
      "add_new_role_config 140241",
      "add_new_role_config 120241",
      "add_new_role_config 110341",
      "add_new_role_config 140441",
      "GmUnlockExploreSKillAll",
      "ActivateTeleport 300301",
      "ActivateTeleport 300404",
      "ActivateTeleport 300401",
      "ActivateTeleport 300405",
      "FuncOpenGm 10032",
      "FuncOpenGm 10036",
      "FuncOpenGm 10018",
      "FuncOpenGm 10049",
      "FuncOpenGm 10048",
      "FuncOpenGm 10050",
      "GmSetLevelPlaySwitchForce 110000003 1"
    ]
  },
  {
    "Id": 104,
    "Name": "一键获得常见道具并解锁H键教程",
    "OrderList": [
      "add_item 2 1",
      "add_item 3 1",
      "add_item 41100011 1",
      "add_item 41100012 1",
      "add_item 41100013 1",
      "add_item 41100014 1",
      "add_item 41100021 1",
      "add_item 41100022 1",
      "add_item 41100023 1",
      "add_item 41100024 1",
      "add_item 41100031 1",
      "add_item 41100032 1",
      "add_item 41100033 1",
      "add_item 41100034 1",
      "add_item 41200011 1",
      "add_item 41200012 1",
      "add_item 41200013 1",
      "add_item 41200014 1",
      "add_item 41200021 1",
      "add_item 41200022 1",
      "add_item 41200023 1",
      "add_item 41200024 1",
      "add_item 41200031 1",
      "add_item 41200032 1",
      "add_item 41200033 1",
      "add_item 41200034 1",
      "add_item 42100020 1",
      "add_item 42100030 1",
      "add_item 42300010 1",
      "add_item 42300020 1",
      "add_item 42300030 1",
      "add_item 42300040 1",
      "add_item 42300050 1",
      "add_item 42300060 1",
      "add_item 42300070 1",
      "add_item 42300080 1",
      "add_item 42300090 1",
      "add_item 42300100 1",
      "add_item 42300110 1",
      "add_item 42300120 1",
      "add_item 42310010 1",
      "add_item 42310020 1",
      "add_item 42310030 1",
      "add_item 42310040 1",
      "add_item 42310050 1",
      "add_item 42310060 1",
      "add_item 42310070 1",
      "add_item 42310080 1",
      "add_item 42310090 1",
      "add_item 42310100 1",
      "add_item 42310110 1",
      "add_item 42310120 1",
      "add_item 42310130 1",
      "add_item 42310140 1",
      "add_item 42310150 1",
      "add_item 42310160 1",
      "add_item 42310170 1",
      "add_item 42310180 1",
      "add_item 42310190 1",
      "add_item 42400010 1",
      "add_item 42400020 1",
      "add_item 42400030 1",
      "add_item 42400070 1",
      "add_item 42400080 1",
      "add_item 42400090 1",
      "add_item 42400100 1",
      "add_item 42400110 1",
      "add_item 42400120 1",
      "add_item 42400130 1",
      "add_item 42400140 1",
      "add_item 42400150 1",
      "add_item 42400160 1",
      "add_item 42400170 1",
      "add_item 42500010 1",
      "add_item 42500020 1",
      "add_item 42500030 1",
      "add_item 42500040 1",
      "add_item 42600010 1",
      "add_item 43010001 1",
      "add_item 43010002 1",
      "add_item 43010003 1",
      "add_item 43010004 1",
      "add_item 44010025 1",
      "add_item 40040001 1",
      "add_item 36000001 1",
      "add_item 36000002 1",
      "add_item 36000003 1",
      "add_item 36000004 1",
      "add_item 21010012 1",
      "add_item 21020012 1",
      "add_item 21030012 1",
      "add_item 21040012 1",
      "add_item 21050012 1",
      "add_item 21010011 1",
      "add_item 21020011 1",
      "add_item 21030011 1",
      "add_item 21040011 1",
      "add_item 21050011 1",
      "add_item 43010011 1",
      "add_item 43010012 1",
      "add_item 43010013 1",
      "add_item 43010014 1",
      "add_item 43010021 1",
      "add_item 43010022 1",
      "add_item 43010023 1",
      "add_item 43010024 1",
      "add_item 43010031 1",
      "add_item 43010032 1",
      "add_item 43010033 1",
      "add_item 43010034 1",
      "add_item 43010041 1",
      "add_item 43010042 1",
      "add_item 43010043 1",
      "add_item 43010044 1",
      "add_item 43010051 1",
      "add_item 43010052 1",
      "add_item 43010053 1",
      "add_item 43010054 1",
      "add_item 43010061 1",
      "add_item 43010062 1",
      "add_item 43010063 1",
      "add_item 43010064 1",
      "GuideTrigger#62001",
      "GuideTrigger#62002",
      "GuideTrigger#62003",
      "GuideTrigger#62004",
      "GuideTrigger#62005",
      "GuideTrigger#62006",
      "GuideTrigger#62007",
      "GuideTrigger#62008",
      "GuideTrigger#62009",
      "GuideTrigger#62010",
      "GuideTrigger#62011",
      "GuideTrigger#62012",
      "GuideTrigger#62013",
      "GuideTrigger#62014",
      "GuideTrigger#62015",
      "GuideTrigger#62016",
      "GuideTrigger#62017",
      "GuideTrigger#62018",
      "GuideTrigger#62019",
      "GuideTrigger#62020",
      "GuideTrigger#62021",
      "GuideTrigger#62022",
      "GuideTrigger#62023",
      "GuideTrigger#62024",
      "GuideTrigger#62025",
      "GuideTrigger#62026",
      "GuideTrigger#62027",
      "GuideTrigger#62028",
      "GuideTrigger#62029",
      "GuideTrigger#62030",
      "GuideTrigger#62031",
      "GuideTrigger#62032",
      "GuideTrigger#62033",
      "GuideTrigger#62034",
      "GuideTrigger#62035",
      "GuideTrigger#62036",
      "GuideTrigger#62037",
      "GuideTrigger#62038",
      "GuideTrigger#62039",
      "GuideTrigger#62040",
      "GuideTrigger#62041",
      "GuideTrigger#62042",
      "GuideTrigger#62043",
      "GuideTrigger#62044",
      "GuideTrigger#62045",
      "GuideTrigger#62046",
      "GuideTrigger#67001",
      "GuideTrigger#67002",
      "GuideTrigger#67003",
      "GuideTrigger#67004",
      "GuideTrigger#67005",
      "GuideTrigger#67006",
      "GuideTrigger#67007",
      "GuideTrigger#67008",
      "GuideTrigger#67009",
      "GuideTrigger#67010",
      "GuideTrigger#67011",
      "GuideTrigger#67012",
      "GuideTrigger#67013",
      "GuideTrigger#67014",
      "GuideTrigger#67015",
      "GuideTrigger#67016",
      "GuideTrigger#67017",
      "GuideTrigger#67018",
      "GuideTrigger#67022",
      "GuideTrigger#67023",
      "GuideTrigger#67024",
      "GuideTrigger#67025",
      "GuideTrigger#67029",
      "GuideTrigger#67030",
      "GuideTrigger#60001",
      "GuideTrigger#60002",
      "GuideTrigger#60003",
      "GuideTrigger#60004",
      "GuideTrigger#60005",
      "GuideTrigger#60006",
      "GuideTrigger#60007",
      "GuideTrigger#60008",
      "GuideTrigger#60009",
      "GuideTrigger#60010",
      "GuideTrigger#60011",
      "GuideTrigger#60012",
      "GuideTrigger#60013",
      "GuideTrigger#60014",
      "GuideTrigger#60015",
      "GuideTrigger#60016",
      "GuideTrigger#60017",
      "GuideTrigger#60018",
      "GuideTrigger#60019",
      "GuideTrigger#60020",
      "GuideTrigger#60021",
      "GuideTrigger#60022",
      "GuideTrigger#60101",
      "GuideTrigger#60102",
      "GuideTrigger#60103"
    ]
  },
  {
    "Id": 75,
    "Name": "全角色10级",
    "OrderList": [
      "add_new_role_config 140510",
      "add_new_role_config 140210",
      "add_new_role_config 120210",
      "add_new_role_config 150310",
      "add_new_role_config 110210",
      "add_new_role_config 110310",
      "add_new_role_config 150110",
      "add_new_role_config 150210",
      "add_new_role_config 160210",
      "add_new_role_config 120310",
      "add_new_role_config 160110",
      "add_new_role_config 140310",
      "add_new_role_config 140410",
      "add_new_role_config 120410",
      "add_new_role_config 160310",
      "add_new_role_config 130110",
      "add_new_role_config 130210",
      "add_new_role_config 130310",
      "add_new_role_config 110410",
      "add_new_role_config 120510",
      "add_new_role_config 130410"
    ]
  },
  {
    "Id": 76,
    "Name": "全角色15级",
    "OrderList": [
      "add_new_role_config 140515",
      "add_new_role_config 140215",
      "add_new_role_config 120215",
      "add_new_role_config 150315",
      "add_new_role_config 110215",
      "add_new_role_config 110315",
      "add_new_role_config 150115",
      "add_new_role_config 150215",
      "add_new_role_config 160215",
      "add_new_role_config 120315",
      "add_new_role_config 160115",
      "add_new_role_config 140315",
      "add_new_role_config 140415",
      "add_new_role_config 120415",
      "add_new_role_config 160315",
      "add_new_role_config 130115",
      "add_new_role_config 130215",
      "add_new_role_config 130315",
      "add_new_role_config 110415",
      "add_new_role_config 120515",
      "add_new_role_config 130415"
    ]
  },
  {
    "Id": 77,
    "Name": "全角色20级",
    "OrderList": [
      "add_new_role_config 140520",
      "add_new_role_config 140220",
      "add_new_role_config 120220",
      "add_new_role_config 150320",
      "add_new_role_config 110220",
      "add_new_role_config 110320",
      "add_new_role_config 150120",
      "add_new_role_config 150220",
      "add_new_role_config 160220",
      "add_new_role_config 120320",
      "add_new_role_config 160120",
      "add_new_role_config 140320",
      "add_new_role_config 140420",
      "add_new_role_config 120420",
      "add_new_role_config 160320",
      "add_new_role_config 130120",
      "add_new_role_config 130220",
      "add_new_role_config 130320",
      "add_new_role_config 110420",
      "add_new_role_config 120520",
      "add_new_role_config 130420"
    ]
  },
  {
    "Id": 78,
    "Name": "全角色30级",
    "OrderList": [
      "add_new_role_config 140530",
      "add_new_role_config 140230",
      "add_new_role_config 120230",
      "add_new_role_config 150330",
      "add_new_role_config 110230",
      "add_new_role_config 110330",
      "add_new_role_config 150130",
      "add_new_role_config 150230",
      "add_new_role_config 160230",
      "add_new_role_config 120330",
      "add_new_role_config 160130",
      "add_new_role_config 140330",
      "add_new_role_config 140430",
      "add_new_role_config 120430",
      "add_new_role_config 160330",
      "add_new_role_config 130130",
      "add_new_role_config 130230",
      "add_new_role_config 130330",
      "add_new_role_config 110430",
      "add_new_role_config 120530",
      "add_new_role_config 130430"
    ]
  },
  {
    "Id": 79,
    "Name": "全角色40级",
    "OrderList": [
      "add_new_role_config 140540",
      "add_new_role_config 140240",
      "add_new_role_config 120240",
      "add_new_role_config 150340",
      "add_new_role_config 110240",
      "add_new_role_config 110340",
      "add_new_role_config 150140",
      "add_new_role_config 150240",
      "add_new_role_config 160240",
      "add_new_role_config 120340",
      "add_new_role_config 160140",
      "add_new_role_config 140340",
      "add_new_role_config 140440",
      "add_new_role_config 120440",
      "add_new_role_config 160340",
      "add_new_role_config 130140",
      "add_new_role_config 130240",
      "add_new_role_config 130340",
      "add_new_role_config 110440",
      "add_new_role_config 120540",
      "add_new_role_config 130440"
    ]
  },
  {
    "Id": 80,
    "Name": "全角色50级",
    "OrderList": [
      "add_new_role_config 140550",
      "add_new_role_config 140250",
      "add_new_role_config 120250",
      "add_new_role_config 150350",
      "add_new_role_config 110250",
      "add_new_role_config 110350",
      "add_new_role_config 150150",
      "add_new_role_config 150250",
      "add_new_role_config 160250",
      "add_new_role_config 120350",
      "add_new_role_config 160150",
      "add_new_role_config 140350",
      "add_new_role_config 140450",
      "add_new_role_config 120450",
      "add_new_role_config 160350",
      "add_new_role_config 130150",
      "add_new_role_config 130250",
      "add_new_role_config 130350",
      "add_new_role_config 110450",
      "add_new_role_config 120550",
      "add_new_role_config 130450"
    ]
  },
  {
    "Id": 81,
    "Name": "全角色60级",
    "OrderList": [
      "add_new_role_config 140560",
      "add_new_role_config 140260",
      "add_new_role_config 120260",
      "add_new_role_config 150360",
      "add_new_role_config 110260",
      "add_new_role_config 110360",
      "add_new_role_config 150160",
      "add_new_role_config 150260",
      "add_new_role_config 160260",
      "add_new_role_config 120360",
      "add_new_role_config 160160",
      "add_new_role_config 140360",
      "add_new_role_config 140460",
      "add_new_role_config 120460",
      "add_new_role_config 160360",
      "add_new_role_config 130160",
      "add_new_role_config 130260",
      "add_new_role_config 130360",
      "add_new_role_config 110460",
      "add_new_role_config 120560",
      "add_new_role_config 130460"
    ]
  },
  {
    "Id": 82,
    "Name": "全角色70级",
    "OrderList": [
      "add_new_role_config 140570",
      "add_new_role_config 140270",
      "add_new_role_config 120270",
      "add_new_role_config 150370",
      "add_new_role_config 110270",
      "add_new_role_config 110370",
      "add_new_role_config 150170",
      "add_new_role_config 150270",
      "add_new_role_config 160270",
      "add_new_role_config 120370",
      "add_new_role_config 160170",
      "add_new_role_config 140370",
      "add_new_role_config 140470",
      "add_new_role_config 120470",
      "add_new_role_config 160370",
      "add_new_role_config 130170",
      "add_new_role_config 130270",
      "add_new_role_config 130370",
      "add_new_role_config 110470",
      "add_new_role_config 120570",
      "add_new_role_config 130470"
    ]
  },
  {
    "Id": 83,
    "Name": "全角色80级",
    "OrderList": [
      "add_new_role_config 140580",
      "add_new_role_config 140280",
      "add_new_role_config 120280",
      "add_new_role_config 150380",
      "add_new_role_config 110280",
      "add_new_role_config 110380",
      "add_new_role_config 150180",
      "add_new_role_config 150280",
      "add_new_role_config 160280",
      "add_new_role_config 120380",
      "add_new_role_config 160180",
      "add_new_role_config 140380",
      "add_new_role_config 140480",
      "add_new_role_config 120480",
      "add_new_role_config 160380",
      "add_new_role_config 130180",
      "add_new_role_config 130280",
      "add_new_role_config 130380",
      "add_new_role_config 110480",
      "add_new_role_config 120580",
      "add_new_role_config 130480"
    ]
  },
  {
    "Id": 84,
    "Name": "全角色90级",
    "OrderList": [
      "add_new_role_config 140590",
      "add_new_role_config 140290",
      "add_new_role_config 120290",
      "add_new_role_config 150390",
      "add_new_role_config 110290",
      "add_new_role_config 110390",
      "add_new_role_config 150190",
      "add_new_role_config 150290",
      "add_new_role_config 160290",
      "add_new_role_config 120390",
      "add_new_role_config 160190",
      "add_new_role_config 140390",
      "add_new_role_config 140490",
      "add_new_role_config 120490",
      "add_new_role_config 160390",
      "add_new_role_config 130190",
      "add_new_role_config 130290",
      "add_new_role_config 130390",
      "add_new_role_config 110490",
      "add_new_role_config 120590",
      "add_new_role_config 130490"
    ]
  },
  {
    "Id": 85,
    "Name": "暗主",
    "OrderList": [
      "add_new_role_config 160401"
    ]
  },
  {
    "Id": 105,
    "Name": "boss战斗测试",
    "OrderList": [
      "OpenFbEntrance#995"
    ]
  },
  {
    "Id": 91,
    "Name": "水上漂1",
    "OrderList": [
      "TeleportToEntity#122000136"
    ]
  },
  {
    "Id": 92,
    "Name": "水上漂2",
    "OrderList": [
      "TeleportToEntity#122000215"
    ]
  },
  {
    "Id": 93,
    "Name": "悬停",
    "OrderList": [
      "TeleportToEntity#122000125"
    ]
  },
  {
    "Id": 94,
    "Name": "霸体",
    "OrderList": [
      "TeleportToEntity#122000092"
    ]
  },
  {
    "Id": 95,
    "Name": "协奏",
    "OrderList": [
      "TeleportToEntity#122000191"
    ]
  },
  {
    "Id": 96,
    "Name": "爆炸果1",
    "OrderList": [
      "TeleportToEntity#122000183"
    ]
  },
  {
    "Id": 97,
    "Name": "爆炸果2",
    "OrderList": [
      "TeleportToEntity#122000167"
    ]
  },
  {
    "Id": 98,
    "Name": "跑酷",
    "OrderList": [
      "TeleportToEntity#124003687"
    ]
  },
  {
    "Id": 99,
    "Name": "乘霄山控物拼图",
    "OrderList": [
      "TeleportToEntity#130000055"
    ]
  },
  {
    "Id": 110,
    "Name": "不落地挑战",
    "OrderList": [
      "TeleportToEntity#109004199"
    ]
  },
  {
    "Id": 111,
    "Name": "脉冲装置CE",
    "OrderList": [
      "TeleportToEntity#122000245"
    ]
  },
  {
    "Id": 112,
    "Name": "悬浮磁石CE",
    "OrderList": [
      "TeleportToEntity#130000014"
    ]
  },
  {
    "Id": 113,
    "Name": "旋转房间副本CE",
    "OrderList": [
      "OpenFbEntrance#6001"
    ]
  },
  {
    "Id": 114,
    "Name": "横版限时副本CE",
    "OrderList": [
      "OpenFbEntrance#6002"
    ]
  },
  {
    "Id": 106,
    "Name": "boss战斗测试-备用",
    "OrderList": [
      "OpenFbEntrance#996"
    ]
  },
  {
    "Id": 115,
    "Name": "后山POI任务前半启动",
    "OrderList": [
      "TeleportToEntity#109004362"
    ]
  },
  {
    "Id": 116,
    "Name": "后山POI任务后半启动",
    "OrderList": [
      "accept_quest 109000001",
      "TeleportToEntity#109004454"
    ]
  },
  {
    "Id": 117,
    "Name": "开启跑酷",
    "OrderList": [
      "add_item 1 999999",
      "accept_quest 139000029",
      "finish_quest 139000029",
      "finish_quest 139000003"
    ]
  },
  {
    "Id": 118,
    "Name": "第一玩法点",
    "OrderList": [
      "TeleportToEntity#106002601"
    ]
  },
  {
    "Id": 119,
    "Name": "第二玩法点",
    "OrderList": [
      "TeleportToEntity#106002612"
    ]
  },
  {
    "Id": 120,
    "Name": "第三玩法点",
    "OrderList": [
      "TeleportToEntity#106002703"
    ]
  },
  {
    "Id": 121,
    "Name": "反诈任务启动",
    "OrderList": [
      "TeleportToEntity#109005535"
    ]
  },
  {
    "Id": 122,
    "Name": "gstar角色（男主）",
    "OrderList": [
      "add_new_role_config 101150101",
      "add_new_role_config 101160201",
      "add_new_role_config 101140401",
      "add_new_role_config 101140201",
      "add_new_role_config 101120201",
      "add_new_role_config 101110201",
      "add_new_role_config 101110301",
      "add_new_role_config 101120401",
      "add_new_role_config 101130301"
    ]
  },
  {
    "Id": 123,
    "Name": "鳞人难度分层",
    "OrderList": [
      "OpenFbEntrance#994"
    ]
  },
  {
    "Id": 124,
    "Name": "gstar角色（女主）",
    "OrderList": [
      "add_new_role_config 101150201",
      "add_new_role_config 101160201",
      "add_new_role_config 101140401",
      "add_new_role_config 101140201",
      "add_new_role_config 101120201",
      "add_new_role_config 101110201",
      "add_new_role_config 101110301",
      "add_new_role_config 101120401",
      "add_new_role_config 101130301"
    ]
  },
  {
    "Id": 125,
    "Name": "跑酷一号线",
    "OrderList": [
      "TeleportToEntity#124003531"
    ]
  },
  {
    "Id": 126,
    "Name": "跑酷二号线",
    "OrderList": [
      "TeleportToEntity#124003592"
    ]
  },
  {
    "Id": 127,
    "Name": "跑酷三号线",
    "OrderList": [
      "TeleportToEntity#124003593"
    ]
  },
  {
    "Id": 128,
    "Name": "跑酷四号线",
    "OrderList": [
      "TeleportToEntity#135000502"
    ]
  },
  {
    "Id": 129,
    "Name": "跑酷五号线",
    "OrderList": [
      "TeleportToEntity#135000500"
    ]
  },
  {
    "Id": 130,
    "Name": "跑酷六号线",
    "OrderList": [
      "TeleportToEntity#135000501"
    ]
  },
  {
    "Id": 131,
    "Name": "联机测试角色",
    "OrderList": [
      "add_new_role_config 1011402602",
      "add_new_role_config 1011202602",
      "add_new_role_config 1011503602",
      "add_new_role_config 1011102602",
      "add_new_role_config 1011103602",
      "add_new_role_config 1011501602",
      "add_new_role_config 1011502602",
      "add_new_role_config 1011602602",
      "add_new_role_config 1011203602",
      "add_new_role_config 1011601602",
      "add_new_role_config 1011403602",
      "add_new_role_config 1011404602",
      "add_new_role_config 1011204602",
      "add_new_role_config 1011603602",
      "add_new_role_config 1011301602",
      "add_new_role_config 1011302602",
      "add_new_role_config 1011104602",
      "add_new_role_config 1011303602",
      "add_new_role_config 1011405602"
    ]
  },
  {
    "Id": 132,
    "Name": "低配90级角色",
    "OrderList": [
      "add_new_role_config 11001",
      "add_new_role_config 11002",
      "add_new_role_config 11003",
      "add_new_role_config 11004",
      "add_new_role_config 11005",
      "add_new_role_config 11006",
      "add_new_role_config 11007",
      "add_new_role_config 11008",
      "add_new_role_config 11009",
      "add_new_role_config 11010",
      "add_new_role_config 11011",
      "add_new_role_config 11012",
      "add_new_role_config 11013",
      "add_new_role_config 11014",
      "add_new_role_config 11015",
      "add_new_role_config 11016",
      "add_new_role_config 11017",
      "add_new_role_config 11018",
      "add_new_role_config 11019",
      "add_new_role_config 11020",
      "add_new_role_config 11021"
    ]
  },
  {
    "Id": 133,
    "Name": "小毕业90级角色",
    "OrderList": [
      "add_new_role_config 12001",
      "add_new_role_config 12002",
      "add_new_role_config 12003",
      "add_new_role_config 12004",
      "add_new_role_config 12005",
      "add_new_role_config 12006",
      "add_new_role_config 12007",
      "add_new_role_config 12008",
      "add_new_role_config 12009",
      "add_new_role_config 12010",
      "add_new_role_config 12011",
      "add_new_role_config 12012",
      "add_new_role_config 12013",
      "add_new_role_config 12014",
      "add_new_role_config 12015",
      "add_new_role_config 12016",
      "add_new_role_config 12017",
      "add_new_role_config 12018",
      "add_new_role_config 12019",
      "add_new_role_config 12020",
      "add_new_role_config 12021",
      "add_new_role_config 12022",
      "add_new_role_config 12023",
      "add_new_role_config 12024",
      "add_new_role_config 12025"
    ]
  },
  {
    "Id": 134,
    "Name": "大毕业90级角色",
    "OrderList": [
      "add_new_role_config 13001",
      "add_new_role_config 13002",
      "add_new_role_config 13003",
      "add_new_role_config 13004",
      "add_new_role_config 13005",
      "add_new_role_config 13006",
      "add_new_role_config 13007",
      "add_new_role_config 13008",
      "add_new_role_config 13009",
      "add_new_role_config 13010",
      "add_new_role_config 13011",
      "add_new_role_config 13012",
      "add_new_role_config 13013",
      "add_new_role_config 13014",
      "add_new_role_config 13015",
      "add_new_role_config 13016",
      "add_new_role_config 13017",
      "add_new_role_config 13018",
      "add_new_role_config 13019",
      "add_new_role_config 13020",
      "add_new_role_config 13021",
      "add_new_role_config 13022",
      "add_new_role_config 13023",
      "add_new_role_config 13024",
      "add_new_role_config 13025",
      "add_new_role_config 13026",
      "add_new_role_config 13027"
    ]
  },
  {
    "Id": 135,
    "Name": "一键毕业-关卡测试",
    "OrderList": [
      "ShowTipsView#1",
      "add_all_role",
      "set_all_role_to_graduate",
      "weaponboost",
      "phantomgraduate",
      "funcopengm 0",
      "add_item 1 50000",
      "activateteleport 0",
      "passworldlevelup",
      "finish_quest 139000025",
      "finish_quest 139000026",
      "finish_quest 139000027"
    ]
  },
  {
    "Id": 136,
    "Name": "完成主线前两章",
    "OrderList": [
      "finish_all_quest 139000022"
    ]
  },
  {
    "Id": 137,
    "Name": "90釉瑚小毕业",
    "OrderList": [
      "add_new_role_config 12026",
      "add_new_role_config 12027"
    ]
  },
  {
    "Id": 138,
    "Name": "一键毕业-关卡测试1.2",
    "OrderList": [
      "SkipCurrentFlow",
      "ShowTipsView#1",
      "LockGuide#1",
      "add_new_role_config 13001",
      "add_new_role_config 13002",
      "add_new_role_config 13003",
      "add_new_role_config 13004",
      "add_new_role_config 13005",
      "add_new_role_config 13006",
      "add_new_role_config 13007",
      "add_new_role_config 13008",
      "add_new_role_config 13009",
      "add_new_role_config 13010",
      "add_new_role_config 13011",
      "add_new_role_config 13012",
      "add_new_role_config 13013",
      "add_new_role_config 13014",
      "add_new_role_config 13015",
      "add_new_role_config 13016",
      "add_new_role_config 13017",
      "add_new_role_config 13018",
      "add_new_role_config 13019",
      "add_new_role_config 13020",
      "add_new_role_config 13021",
      "funcopengm 0",
      "add_item 1 50000",
      "activateteleport 0",
      "passworldlevelup",
      "finish_quest 139000025",
      "finish_quest 139000026",
      "finish_quest 139000027",
      "add_item 10802 1",
      "add_item 10808 999",
      "RunActionList#[{\"Name\": \"SetEntityVisible\",\"Params\": {\"Visible\": false,\"EntityIds\": [141900335,141900336]},\"ActionGuid\": \"9b78e89ef270405d8c7100ae5da03451\"}]"
    ]
  }
]