[
  {
    "Id": 1,
    "Roles": [
      5001001
    ]
  },
  {
    "Id": 2,
    "Roles": [
      5002001
    ]
  },
  {
    "Id": 3,
    "Roles": [
      5003001
    ]
  },
  {
    "Id": 4,
    "Roles": [
      5004001
    ]
  },
  {
    "Id": 5,
    "Roles": [
      5005001
    ]
  },
  {
    "Id": 6,
    "Roles": [
      5006001
    ]
  },
  {
    "Id": 10,
    "Roles": [
      5010001
    ]
  },
  {
    "Id": 8,
    "Roles": [
      5008001
    ]
  },
  {
    "Id": 9,
    "Roles": [
      5009001
    ]
  },
  {
    "Id": 11,
    "Roles": [
      5011001
    ]
  },
  {
    "Id": 12,
    "Roles": [
      5012001
    ]
  },
  {
    "Id": 13,
    "Roles": [
      5013001
    ]
  },
  {
    "Id": 14,
    "Roles": [
      5014001
    ]
  },
  {
    "Id": 7,
    "Roles": [
      5007001
    ]
  },
  {
    "Id": 15,
    "Roles": [
      5016001
    ]
  }
]