[
  {
    "Id": 3001,
    "Category": 3,
    "Sort": 1,
    "Name": "AchievementGroup_3001_Name",
    "SmallIcon": "/Game/Aki/UI/UIResources/Common/Image/IconAchv/T_IconAchv_014.T_IconAchv_014",
    "Icon": "/Game/Aki/UI/UIResources/Common/Image/IconAchv256/T_IconAchv256_014.T_IconAchv256_014",
    "BackgroundIcon": "/Game/Aki/UI/UIResources/UiAchievement/Image/T_AchievementBg3.T_AchievementBg3",
    "DropId": 0,
    "Enable": true
  },
  {
    "Id": 3002,
    "Category": 3,
    "Sort": 2,
    "Name": "AchievementGroup_3002_Name",
    "SmallIcon": "/Game/Aki/UI/UIResources/Common/Image/IconAchv/T_IconAchv_015.T_IconAchv_015",
    "Icon": "/Game/Aki/UI/UIResources/Common/Image/IconAchv256/T_IconAchv256_015.T_IconAchv256_015",
    "BackgroundIcon": "/Game/Aki/UI/UIResources/UiAchievement/Image/T_AchievementBg5.T_AchievementBg5",
    "DropId": 100302,
    "Enable": true
  },
  {
    "Id": 3003,
    "Category": 3,
    "Sort": 3,
    "Name": "AchievementGroup_3003_Name",
    "SmallIcon": "/Game/Aki/UI/UIResources/Common/Image/IconAchv/T_IconAchv_015.T_IconAchv_015",
    "Icon": "/Game/Aki/UI/UIResources/Common/Image/IconAchv256/T_IconAchv256_015.T_IconAchv256_015",
    "BackgroundIcon": "/Game/Aki/UI/UIResources/UiAchievement/Image/T_AchievementBg4.T_AchievementBg4",
    "DropId": 100303,
    "Enable": true
  },
  {
    "Id": 3004,
    "Category": 3,
    "Sort": 4,
    "Name": "AchievementGroup_3004_Name",
    "SmallIcon": "/Game/Aki/UI/UIResources/Common/Image/IconAchv/T_IconAchv_011.T_IconAchv_011",
    "Icon": "/Game/Aki/UI/UIResources/Common/Image/IconAchv256/T_IconAchv256_011.T_IconAchv256_011",
    "BackgroundIcon": "/Game/Aki/UI/UIResources/UiAchievement/Image/T_AchievementBg3.T_AchievementBg3",
    "DropId": 0,
    "Enable": true
  },
  {
    "Id": 1001,
    "Category": 1,
    "Sort": 1,
    "Name": "AchievementGroup_1001_Name",
    "SmallIcon": "/Game/Aki/UI/UIResources/Common/Image/IconAchv/T_IconAchv_005.T_IconAchv_005",
    "Icon": "/Game/Aki/UI/UIResources/Common/Image/IconAchv256/T_IconAchv256_005.T_IconAchv256_005",
    "BackgroundIcon": "/Game/Aki/UI/UIResources/UiAchievement/Image/T_AchievementBg3.T_AchievementBg3",
    "DropId": 0,
    "Enable": true
  },
  {
    "Id": 1004,
    "Category": 1,
    "Sort": 4,
    "Name": "AchievementGroup_1004_Name",
    "SmallIcon": "/Game/Aki/UI/UIResources/Common/Image/IconAchv/T_IconAchv_004.T_IconAchv_004",
    "Icon": "/Game/Aki/UI/UIResources/Common/Image/IconAchv256/T_IconAchv256_004.T_IconAchv256_004",
    "BackgroundIcon": "/Game/Aki/UI/UIResources/UiAchievement/Image/T_AchievementBg3.T_AchievementBg3",
    "DropId": 0,
    "Enable": true
  },
  {
    "Id": 4001,
    "Category": 4,
    "Sort": 1,
    "Name": "AchievementGroup_4001_Name",
    "SmallIcon": "/Game/Aki/UI/UIResources/Common/Image/IconAchv/T_IconAchv_002.T_IconAchv_002",
    "Icon": "/Game/Aki/UI/UIResources/Common/Image/IconAchv256/T_IconAchv256_002.T_IconAchv256_002",
    "BackgroundIcon": "/Game/Aki/UI/UIResources/UiAchievement/Image/T_AchievementBg3.T_AchievementBg3",
    "DropId": 0,
    "Enable": true
  },
  {
    "Id": 4002,
    "Category": 4,
    "Sort": 4,
    "Name": "AchievementGroup_4002_Name",
    "SmallIcon": "/Game/Aki/UI/UIResources/Common/Image/IconAchv/T_IconAchv_009.T_IconAchv_009",
    "Icon": "/Game/Aki/UI/UIResources/Common/Image/IconAchv256/T_IconAchv256_009.T_IconAchv256_009",
    "BackgroundIcon": "/Game/Aki/UI/UIResources/UiAchievement/Image/T_AchievementBg2.T_AchievementBg2",
    "DropId": 100304,
    "Enable": true
  },
  {
    "Id": 5001,
    "Category": 4,
    "Sort": 1,
    "Name": "AchievementGroup_5001_Name",
    "SmallIcon": "/Game/Aki/UI/UIResources/Common/Image/IconAchv/T_IconAchv_013.T_IconAchv_013",
    "Icon": "/Game/Aki/UI/UIResources/Common/Image/IconAchv256/T_IconAchv256_013.T_IconAchv256_013",
    "BackgroundIcon": "/Game/Aki/UI/UIResources/UiAchievement/Image/T_AchievementBg3.T_AchievementBg3",
    "DropId": 100306,
    "Enable": true
  },
  {
    "Id": 3005,
    "Category": 3,
    "Sort": 1,
    "Name": "AchievementGroup_3005_Name",
    "SmallIcon": "/Game/Aki/UI/UIResources/Common/Image/IconAchv/T_IconAchv_006.T_IconAchv_006",
    "Icon": "/Game/Aki/UI/UIResources/Common/Image/IconAchv256/T_IconAchv256_006.T_IconAchv256_006",
    "BackgroundIcon": "/Game/Aki/UI/UIResources/UiAchievement/Image/T_AchievementBg3.T_AchievementBg3",
    "DropId": 0,
    "Enable": true
  },
  {
    "Id": 1002,
    "Category": 1,
    "Sort": 1,
    "Name": "AchievementGroup_1002_Name",
    "SmallIcon": "/Game/Aki/UI/UIResources/Common/Image/IconAchv/T_IconAchv_005.T_IconAchv_005",
    "Icon": "/Game/Aki/UI/UIResources/Common/Image/IconAchv256/T_IconAchv256_005.T_IconAchv256_005",
    "BackgroundIcon": "/Game/Aki/UI/UIResources/UiAchievement/Image/T_AchievementBg1.T_AchievementBg1",
    "DropId": 100301,
    "Enable": true
  },
  {
    "Id": 2001,
    "Category": 2,
    "Sort": 1,
    "Name": "AchievementGroup_2001_Name",
    "SmallIcon": "/Game/Aki/UI/UIResources/Common/Image/IconAchv/T_IconAchv_007.T_IconAchv_007",
    "Icon": "/Game/Aki/UI/UIResources/Common/Image/IconAchv256/T_IconAchv256_007.T_IconAchv256_007",
    "BackgroundIcon": "/Game/Aki/UI/UIResources/UiAchievement/Image/T_AchievementBg3.T_AchievementBg3",
    "DropId": 0,
    "Enable": true
  },
  {
    "Id": 2003,
    "Category": 2,
    "Sort": 3,
    "Name": "AchievementGroup_2003_Name",
    "SmallIcon": "/Game/Aki/UI/UIResources/Common/Image/IconAchv/T_IconAchv_012.T_IconAchv_012",
    "Icon": "/Game/Aki/UI/UIResources/Common/Image/IconAchv256/T_IconAchv256_012.T_IconAchv256_012",
    "BackgroundIcon": "/Game/Aki/UI/UIResources/UiAchievement/Image/T_AchievementBg3.T_AchievementBg3",
    "DropId": 0,
    "Enable": true
  },
  {
    "Id": 1003,
    "Category": 1,
    "Sort": 1,
    "Name": "AchievementGroup_1003_Name",
    "SmallIcon": "/Game/Aki/UI/UIResources/Common/Image/IconAchv/T_IconAchv_005.T_IconAchv_005",
    "Icon": "/Game/Aki/UI/UIResources/Common/Image/IconAchv256/T_IconAchv256_005.T_IconAchv256_005",
    "BackgroundIcon": "/Game/Aki/UI/UIResources/UiAchievement/Image/T_AchievementBg1.T_AchievementBg1",
    "DropId": 0,
    "Enable": true
  },
  {
    "Id": 7005,
    "Category": 8,
    "Sort": 1,
    "Name": "AchievementGroup_6_Name",
    "SmallIcon": "",
    "Icon": "/Game/Aki/UI/UIResources/Common/Atlas/TabIcon/SP_IconRogueChallenge.SP_IconRogueChallenge",
    "BackgroundIcon": "/Game/Aki/UI/UIResources/UiAchievement/Image/T_AchievementBg3.T_AchievementBg3",
    "DropId": 0,
    "Enable": true
  },
  {
    "Id": 7006,
    "Category": 8,
    "Sort": 3,
    "Name": "AchievementGroup_6_Name",
    "SmallIcon": "",
    "Icon": "/Game/Aki/UI/UIResources/Common/Atlas/TabIcon/SP_IconRogueUnlock.SP_IconRogueUnlock",
    "BackgroundIcon": "/Game/Aki/UI/UIResources/UiAchievement/Image/T_AchievementBg3.T_AchievementBg3",
    "DropId": 0,
    "Enable": true
  },
  {
    "Id": 7007,
    "Category": 8,
    "Sort": 4,
    "Name": "AchievementGroup_6_Name",
    "SmallIcon": "",
    "Icon": "/Game/Aki/UI/UIResources/Common/Atlas/TabIcon/SP_IconRogueRoleComplete.SP_IconRogueRoleComplete",
    "BackgroundIcon": "/Game/Aki/UI/UIResources/UiAchievement/Image/T_AchievementBg3.T_AchievementBg3",
    "DropId": 0,
    "Enable": true
  },
  {
    "Id": 7001,
    "Category": 7,
    "Sort": 1,
    "Name": "AchievementGroup_6_Name",
    "SmallIcon": "",
    "Icon": "/Game/Aki/UI/UIResources/Common/Atlas/TabIcon/SP_IconRogueChallenge.SP_IconRogueChallenge",
    "BackgroundIcon": "/Game/Aki/UI/UIResources/UiAchievement/Image/T_AchievementBg3.T_AchievementBg3",
    "DropId": 0,
    "Enable": true
  },
  {
    "Id": 7002,
    "Category": 7,
    "Sort": 2,
    "Name": "AchievementGroup_6_Name",
    "SmallIcon": "",
    "Icon": "/Game/Aki/UI/UIResources/Common/Atlas/TabIcon/SP_IconRogueSpeComplete.SP_IconRogueSpeComplete",
    "BackgroundIcon": "/Game/Aki/UI/UIResources/UiAchievement/Image/T_AchievementBg3.T_AchievementBg3",
    "DropId": 0,
    "Enable": true
  },
  {
    "Id": 7004,
    "Category": 7,
    "Sort": 4,
    "Name": "AchievementGroup_6_Name",
    "SmallIcon": "",
    "Icon": "/Game/Aki/UI/UIResources/Common/Atlas/TabIcon/SP_IconRogueRoleComplete.SP_IconRogueRoleComplete",
    "BackgroundIcon": "/Game/Aki/UI/UIResources/UiAchievement/Image/T_AchievementBg3.T_AchievementBg3",
    "DropId": 0,
    "Enable": true
  },
  {
    "Id": 7008,
    "Category": 9,
    "Sort": 1,
    "Name": "AchievementGroup_6_Name",
    "SmallIcon": "",
    "Icon": "/Game/Aki/UI/UIResources/Common/Atlas/TabIcon/SP_IconRogueChallenge.SP_IconRogueChallenge",
    "BackgroundIcon": "/Game/Aki/UI/UIResources/UiAchievement/Image/T_AchievementBg3.T_AchievementBg3",
    "DropId": 0,
    "Enable": true
  },
  {
    "Id": 7009,
    "Category": 9,
    "Sort": 3,
    "Name": "AchievementGroup_6_Name",
    "SmallIcon": "",
    "Icon": "/Game/Aki/UI/UIResources/Common/Atlas/TabIcon/SP_IconRogueUnlock.SP_IconRogueUnlock",
    "BackgroundIcon": "/Game/Aki/UI/UIResources/UiAchievement/Image/T_AchievementBg3.T_AchievementBg3",
    "DropId": 0,
    "Enable": true
  },
  {
    "Id": 7010,
    "Category": 9,
    "Sort": 4,
    "Name": "AchievementGroup_6_Name",
    "SmallIcon": "",
    "Icon": "/Game/Aki/UI/UIResources/Common/Atlas/TabIcon/SP_IconRogueRoleComplete.SP_IconRogueRoleComplete",
    "BackgroundIcon": "/Game/Aki/UI/UIResources/UiAchievement/Image/T_AchievementBg3.T_AchievementBg3",
    "DropId": 0,
    "Enable": true
  },
  {
    "Id": 1005,
    "Category": 1,
    "Sort": 1,
    "Name": "AchievementGroup_1005_Name",
    "SmallIcon": "/Game/Aki/UI/UIResources/Common/Image/IconAchv/T_IconAchv_016.T_IconAchv_016",
    "Icon": "/Game/Aki/UI/UIResources/Common/Image/IconAchv256/T_IconAchv256_016.T_IconAchv256_016",
    "BackgroundIcon": "/Game/Aki/UI/UIResources/UiAchievement/Image/T_AchievementBg1.T_AchievementBg1",
    "DropId": 0,
    "Enable": true
  }
]