[
  {
    "Id": 1,
    "Name": "AchievementCategory_1_Name",
    "FunctionType": 1,
    "SpritePath": "/Game/Aki/UI/UIResources/Common/Atlas/TabIcon/SP_IconAchievement1.SP_IconAchievement1",
    "TexturePath": "/Game/Aki/UI/UIResources/UiAchievement/Image/T_AchievementShijie_UI.T_AchievementShijie_UI"
  },
  {
    "Id": 2,
    "Name": "AchievementCategory_2_Name",
    "FunctionType": 1,
    "SpritePath": "/Game/Aki/UI/UIResources/Common/Atlas/TabIcon/SP_IconAchievement2.SP_IconAchievement2",
    "TexturePath": "/Game/Aki/UI/UIResources/UiAchievement/Image/T_AchievementLicheng_UI.T_AchievementLicheng_UI"
  },
  {
    "Id": 3,
    "Name": "AchievementCategory_3_Name",
    "FunctionType": 1,
    "SpritePath": "/Game/Aki/UI/UIResources/Common/Atlas/TabIcon/SP_IconAchievement3.SP_IconAchievement3",
    "TexturePath": "/Game/Aki/UI/UIResources/UiAchievement/Image/T_AchievementZhandou_UI.T_AchievementZhandou_UI"
  },
  {
    "Id": 4,
    "Name": "AchievementCategory_4_Name",
    "FunctionType": 1,
    "SpritePath": "/Game/Aki/UI/UIResources/Common/Atlas/TabIcon/SP_IconAchievement4.SP_IconAchievement4",
    "TexturePath": "/Game/Aki/UI/UIResources/UiAchievement/Image/T_AchievementChengzhamg_UI.T_AchievementChengzhamg_UI"
  },
  {
    "Id": 7,
    "Name": "AchievementCategory_6_Name",
    "FunctionType": 2,
    "SpritePath": "/Game/Aki/UI/UIResources/Common/Atlas/TabIcon/SP_IconAchievement3.SP_IconAchievement3",
    "TexturePath": "/Game/Aki/UI/UIResources/UiAchievement/Image/T_AchievementHezuo_UI.T_AchievementHezuo_UI"
  },
  {
    "Id": 8,
    "Name": "AchievementCategory_6_Name",
    "FunctionType": 2,
    "SpritePath": "/Game/Aki/UI/UIResources/Common/Atlas/TabIcon/SP_IconAchievement3.SP_IconAchievement3",
    "TexturePath": "/Game/Aki/UI/UIResources/UiAchievement/Image/T_AchievementHezuo_UI.T_AchievementHezuo_UI"
  },
  {
    "Id": 9,
    "Name": "AchievementCategory_6_Name",
    "FunctionType": 2,
    "SpritePath": "/Game/Aki/UI/UIResources/Common/Atlas/TabIcon/SP_IconAchievement3.SP_IconAchievement3",
    "TexturePath": "/Game/Aki/UI/UIResources/UiAchievement/Image/T_AchievementHezuo_UI.T_AchievementHezuo_UI"
  }
]