[
  {
    "Id": 1,
    "DataType": 1,
    "RuleList": [
      1,
      2,
      31
    ],
    "IsSupportSelectAll": false,
    "IsShowIcon": true,
    "GridType": "UiItem_FliterGridS"
  },
  {
    "Id": 2,
    "DataType": 2,
    "RuleList": [
      22,
      23,
      24,
      25
    ],
    "IsSupportSelectAll": true,
    "IsShowIcon": true,
    "GridType": "UiItem_FliterGridB"
  },
  {
    "Id": 3,
    "DataType": 3,
    "RuleList": [
      22,
      23,
      24,
      25
    ],
    "IsSupportSelectAll": true,
    "IsShowIcon": true,
    "GridType": "UiItem_FliterGridB"
  },
  {
    "Id": 4,
    "DataType": 4,
    "RuleList": [
      22,
      23,
      24,
      25
    ],
    "IsSupportSelectAll": true,
    "IsShowIcon": true,
    "GridType": "UiItem_FliterGridB"
  },
  {
    "Id": 5,
    "DataType": 5,
    "RuleList": [
      32,
      28,
      27,
      30
    ],
    "IsSupportSelectAll": false,
    "IsShowIcon": true,
    "GridType": "UiItem_FliterGridS"
  },
  {
    "Id": 6,
    "DataType": 6,
    "RuleList": [
      11,
      21
    ],
    "IsSupportSelectAll": false,
    "IsShowIcon": false,
    "GridType": "UiItem_FliterGridS"
  },
  {
    "Id": 7,
    "DataType": 7,
    "RuleList": [
      12
    ],
    "IsSupportSelectAll": false,
    "IsShowIcon": false,
    "GridType": "UiItem_FliterGridS"
  },
  {
    "Id": 8,
    "DataType": 8,
    "RuleList": [
      13
    ],
    "IsSupportSelectAll": false,
    "IsShowIcon": false,
    "GridType": "UiItem_FliterGridS"
  },
  {
    "Id": 9,
    "DataType": 9,
    "RuleList": [
      15
    ],
    "IsSupportSelectAll": false,
    "IsShowIcon": false,
    "GridType": "UiItem_FliterGridS"
  },
  {
    "Id": 10,
    "DataType": 10,
    "RuleList": [
      16
    ],
    "IsSupportSelectAll": false,
    "IsShowIcon": false,
    "GridType": "UiItem_FliterGridS"
  },
  {
    "Id": 11,
    "DataType": 11,
    "RuleList": [
      17
    ],
    "IsSupportSelectAll": false,
    "IsShowIcon": false,
    "GridType": "UiItem_FliterGridS"
  },
  {
    "Id": 12,
    "DataType": 12,
    "RuleList": [
      32,
      28,
      27,
      30
    ],
    "IsSupportSelectAll": false,
    "IsShowIcon": true,
    "GridType": "UiItem_FliterGridS"
  },
  {
    "Id": 13,
    "DataType": 12,
    "RuleList": [
      26,
      2
    ],
    "IsSupportSelectAll": false,
    "IsShowIcon": true,
    "GridType": "UiItem_FliterGridS"
  },
  {
    "Id": 14,
    "DataType": 13,
    "RuleList": [
      32,
      28,
      27,
      30
    ],
    "IsSupportSelectAll": false,
    "IsShowIcon": true,
    "GridType": "UiItem_FliterGridS"
  },
  {
    "Id": 15,
    "DataType": 1,
    "RuleList": [
      1,
      2,
      31
    ],
    "IsSupportSelectAll": false,
    "IsShowIcon": true,
    "GridType": "UiItem_FliterGridS"
  }
]