[
  {
    "Id": 1,
    "FilterType": 1,
    "Title": "FilterBaseConfig_1_FilterName",
    "IdList": [
      1,
      2,
      3,
      4,
      5,
      6
    ],
    "NeedChangeColor": false
  },
  {
    "Id": 2,
    "FilterType": 2,
    "Title": "FilterBaseConfig_3_FilterName",
    "IdList": [
      1,
      2,
      3,
      4,
      5
    ],
    "NeedChangeColor": true
  },
  {
    "Id": 3,
    "FilterType": 1,
    "Title": "FilterBaseConfig_4_FilterName",
    "IdList": [
      0,
      1,
      2,
      4,
      5,
      6
    ],
    "NeedChangeColor": false
  },
  {
    "Id": 4,
    "FilterType": 3,
    "Title": "FilterBaseConfig_5_FilterName",
    "IdList": [
      30000001,
      30000002,
      30000003,
      30000004,
      30000005,
      30000006,
      30000007,
      30000008,
      30000009,
      30000010,
      30000011,
      30000012,
      30000013,
      30000014,
      30000015,
      30000016,
      30000017
    ],
    "NeedChangeColor": false
  },
  {
    "Id": 5,
    "FilterType": 1,
    "Title": "FilterBaseConfig_6_FilterName",
    "IdList": [
      1,
      2,
      3,
      4,
      5,
      6
    ],
    "NeedChangeColor": false
  },
  {
    "Id": 6,
    "FilterType": 1,
    "Title": "FilterBaseConfig_7_FilterName",
    "IdList": [
      0,
      1,
      2,
      3,
      4,
      5,
      6
    ],
    "NeedChangeColor": false
  },
  {
    "Id": 7,
    "FilterType": 3,
    "Title": "FilterBaseConfig_8_FilterName",
    "IdList": [
      390070051,
      390070052,
      390070053,
      390070064,
      390070065,
      390070066,
      390070067,
      390070068,
      390070069,
      390070070,
      390070076,
      390077004,
      390077005,
      390077012,
      390077013,
      390077017,
      390077021,
      390077022,
      390077023,
      390077025,
      390080003,
      390077016,
      390070071,
      390077024,
      390070074,
      390070075,
      390070077,
      390070078,
      390077028,
      390070079,
      390077029,
      390080007,
      390077038,
      390070105,
      390077033,
      390070100,
      390080005,
      6000038,
      6000039,
      6000040,
      6000041,
      6000042,
      6000043,
      6000044,
      6000045,
      6000046,
      6000047
    ],
    "NeedChangeColor": false
  },
  {
    "Id": 8,
    "FilterType": 4,
    "Title": "FilterBaseConfig_9_FilterName",
    "IdList": [
      390070051,
      390070052,
      390070053,
      390070064,
      390070065,
      390070066,
      390070067,
      390070068,
      390070069,
      390070070,
      390070076,
      390077004,
      390077005,
      390077012,
      390077013,
      390077017,
      390077021,
      390077022,
      390077023,
      390077025,
      390080003,
      390077016,
      390070071,
      390077024,
      390070074,
      390070075,
      390070077,
      390070078,
      390077028,
      390070079,
      390077029,
      390080007,
      390077038,
      390070105,
      390077033,
      390070100,
      390080005,
      6000038,
      6000039,
      6000040,
      6000041,
      6000042,
      6000043,
      6000044,
      6000045,
      6000046,
      6000047
    ],
    "NeedChangeColor": false
  },
  {
    "Id": 9,
    "FilterType": 5,
    "Title": "FilterBaseConfig_10_FilterName",
    "IdList": [
      0,
      1
    ],
    "NeedChangeColor": false
  },
  {
    "Id": 10,
    "FilterType": 6,
    "Title": "FilterBaseConfig_11_FilterName",
    "IdList": [
      0,
      1
    ],
    "NeedChangeColor": false
  },
  {
    "Id": 11,
    "FilterType": 7,
    "Title": "FilterBaseConfig_12_FilterName",
    "IdList": [
      0,
      1,
      2,
      3
    ],
    "NeedChangeColor": false
  },
  {
    "Id": 12,
    "FilterType": 8,
    "Title": "FilterBaseConfig_13_FilterName",
    "IdList": [
      10,
      11,
      12,
      13,
      17
    ],
    "NeedChangeColor": false
  },
  {
    "Id": 13,
    "FilterType": 9,
    "Title": "FilterBaseConfig_14_FilterName",
    "IdList": [
      4,
      5
    ],
    "NeedChangeColor": false
  },
  {
    "Id": 14,
    "FilterType": 10,
    "Title": "FilterBaseConfig_15_FilterName",
    "IdList": [
      60000
    ],
    "NeedChangeColor": false
  },
  {
    "Id": 15,
    "FilterType": 11,
    "Title": "FilterBaseConfig_16_FilterName",
    "IdList": [
      1,
      2,
      3
    ],
    "NeedChangeColor": false
  },
  {
    "Id": 16,
    "FilterType": 12,
    "Title": "FilterBaseConfig_17_FilterName",
    "IdList": [
      35
    ],
    "NeedChangeColor": false
  },
  {
    "Id": 17,
    "FilterType": 13,
    "Title": "FilterBaseConfig_18_FilterName",
    "IdList": [
      37
    ],
    "NeedChangeColor": false
  },
  {
    "Id": 18,
    "FilterType": 14,
    "Title": "FilterBaseConfig_19_FilterName",
    "IdList": [
      0,
      1,
      2,
      3
    ],
    "NeedChangeColor": false
  },
  {
    "Id": 19,
    "FilterType": 15,
    "Title": "FilterBaseConfig_20_FilterName",
    "IdList": [
      0,
      1
    ],
    "NeedChangeColor": false
  },
  {
    "Id": 20,
    "FilterType": 16,
    "Title": "FilterBaseConfig_21_FilterName",
    "IdList": [
      0,
      1
    ],
    "NeedChangeColor": false
  },
  {
    "Id": 21,
    "FilterType": 17,
    "Title": "FilterBaseConfig_22_FilterName",
    "IdList": [
      14,
      15,
      16
    ],
    "NeedChangeColor": false
  },
  {
    "Id": 22,
    "FilterType": 18,
    "Title": "MonsterRarity_1_RarityDesc",
    "IdList": [
      390070051,
      390070052,
      390070053,
      390070064,
      390070065,
      390070066,
      390070067,
      390070068,
      390070069,
      390070070,
      390070076,
      390077004,
      390077005,
      390077012,
      390077013,
      390077017,
      390077021,
      390077022,
      390077023,
      390077025,
      390080003,
      390077016,
      390070071,
      390077024,
      390070074,
      390070075,
      390070077,
      390070078,
      390077028,
      390070079,
      390077029,
      390080007,
      390077038,
      390070105,
      390077033,
      390070100,
      390080005,
      6000038,
      6000039,
      6000040,
      6000041,
      6000042,
      6000043,
      6000044,
      6000045,
      6000046,
      6000047,
      6000048,
      6000049,
      6000050,
      6000051,
      6000052,
      6000053,
      6000054,
      6000055,
      6000056,
      6000057,
      6000058,
      6000059,
      6000060
    ],
    "NeedChangeColor": false
  },
  {
    "Id": 23,
    "FilterType": 19,
    "Title": "MonsterRarity_2_RarityDesc",
    "IdList": [
      390070051,
      390070052,
      390070053,
      390070064,
      390070065,
      390070066,
      390070067,
      390070068,
      390070069,
      390070070,
      390070076,
      390077004,
      390077005,
      390077012,
      390077013,
      390077017,
      390077021,
      390077022,
      390077023,
      390077025,
      390080003,
      390077016,
      390070071,
      390077024,
      390070074,
      390070075,
      390070077,
      390070078,
      390077028,
      390070079,
      390077029,
      390080007,
      390077038,
      390070105,
      390077033,
      390070100,
      390080005,
      6000038,
      6000039,
      6000040,
      6000041,
      6000042,
      6000043,
      6000044,
      6000045,
      6000046,
      6000047,
      6000048,
      6000049,
      6000050,
      6000051,
      6000052,
      6000053,
      6000054,
      6000055,
      6000056,
      6000057,
      6000058,
      6000059,
      6000060
    ],
    "NeedChangeColor": false
  },
  {
    "Id": 24,
    "FilterType": 20,
    "Title": "MonsterRarity_3_RarityDesc",
    "IdList": [
      390070051,
      390070052,
      390070053,
      390070064,
      390070065,
      390070066,
      390070067,
      390070068,
      390070069,
      390070070,
      390070076,
      390077004,
      390077005,
      390077012,
      390077013,
      390077017,
      390077021,
      390077022,
      390077023,
      390077025,
      390080003,
      390077016,
      390070071,
      390077024,
      390070074,
      390070075,
      390070077,
      390070078,
      390077028,
      390070079,
      390077029,
      390080007,
      390077038,
      390070105,
      390077033,
      390070100,
      390080005,
      6000038,
      6000039,
      6000040,
      6000041,
      6000042,
      6000043,
      6000044,
      6000045,
      6000046,
      6000047,
      6000048,
      6000049,
      6000050,
      6000051,
      6000052,
      6000053,
      6000054,
      6000055,
      6000056,
      6000057,
      6000058,
      6000059,
      6000060
    ],
    "NeedChangeColor": false
  },
  {
    "Id": 25,
    "FilterType": 21,
    "Title": "MonsterRarity_4_RarityDesc",
    "IdList": [
      390070051,
      390070052,
      390070053,
      390070064,
      390070065,
      390070066,
      390070067,
      390070068,
      390070069,
      390070070,
      390070076,
      390077004,
      390077005,
      390077012,
      390077013,
      390077017,
      390077021,
      390077022,
      390077023,
      390077025,
      390080003,
      390077016,
      390070071,
      390077024,
      390070074,
      390070075,
      390070077,
      390070078,
      390077028,
      390070079,
      390077029,
      390080007,
      390077038,
      390070105,
      390077033,
      390070100,
      390080005,
      6000038,
      6000039,
      6000040,
      6000041,
      6000042,
      6000043,
      6000044,
      6000045,
      6000046,
      6000047,
      6000048,
      6000049,
      6000050,
      6000051,
      6000052,
      6000053,
      6000054,
      6000055,
      6000056,
      6000057,
      6000058,
      6000059,
      6000060
    ],
    "NeedChangeColor": false
  },
  {
    "Id": 26,
    "FilterType": 22,
    "Title": "FilterBaseConfig_26_FilterName",
    "IdList": [
      1,
      2,
      3,
      4,
      5
    ],
    "NeedChangeColor": false
  },
  {
    "Id": 27,
    "FilterType": 23,
    "Title": "PrefabTextItem_PhantomCost_Text",
    "IdList": [
      0,
      1,
      2
    ],
    "NeedChangeColor": false
  },
  {
    "Id": 28,
    "FilterType": 24,
    "Title": "FilterBaseConfig_26_FilterName",
    "IdList": [
      2,
      3,
      4,
      5
    ],
    "NeedChangeColor": false
  },
  {
    "Id": 29,
    "FilterType": 25,
    "Title": "Text_Fetter_Text",
    "IdList": [
      1,
      2,
      3,
      4,
      5,
      6,
      7,
      8,
      9
    ],
    "NeedChangeColor": false
  },
  {
    "Id": 30,
    "FilterType": 26,
    "Title": "Text_RoleFilterElement_Text",
    "IdList": [
      6,
      7,
      8,
      9,
      10,
      11,
      12,
      13,
      14,
      16,
      17,
      18,
      19,
      20,
      21,
      22,
      23,
      24,
      25,
      26,
      27,
      28,
      29,
      30,
      39,
      47,
      50,
      48,
      49
    ],
    "NeedChangeColor": true
  },
  {
    "Id": 31,
    "FilterType": 27,
    "Title": "FilterBaseConfig_31_FilterName",
    "IdList": [
      1,
      2,
      3,
      4,
      5,
      6,
      7,
      8,
      9,
      10,
      11,
      12,
      30,
      13,
      20,
      21,
      22,
      23,
      18,
      17,
      16,
      15,
      19,
      14
    ],
    "NeedChangeColor": true
  },
  {
    "Id": 32,
    "FilterType": 28,
    "Title": "FilterBaseConfig_23_FilterName",
    "IdList": [
      0,
      1
    ],
    "NeedChangeColor": false
  }
]