[
  {
    "Id": 1,
    "SortId": 1,
    "FilterId": 1
  },
  {
    "Id": 10,
    "SortId": 6,
    "FilterId": 2
  },
  {
    "Id": 5,
    "SortId": 15,
    "FilterId": 1
  },
  {
    "Id": 14,
    "SortId": 26,
    "FilterId": 3
  },
  {
    "Id": 15,
    "SortId": 16,
    "FilterId": 4
  },
  {
    "Id": 19,
    "SortId": 8,
    "FilterId": 9
  },
  {
    "Id": 20,
    "SortId": 9,
    "FilterId": 0
  },
  {
    "Id": 22,
    "SortId": 11,
    "FilterId": 0
  },
  {
    "Id": 23,
    "SortId": 12,
    "FilterId": 0
  },
  {
    "Id": 24,
    "SortId": 13,
    "FilterId": 0
  },
  {
    "Id": 2,
    "SortId": 2,
    "FilterId": 0
  },
  {
    "Id": 26,
    "SortId": 17,
    "FilterId": 0
  },
  {
    "Id": 3,
    "SortId": 3,
    "FilterId": 0
  },
  {
    "Id": 13,
    "SortId": 7,
    "FilterId": 5
  },
  {
    "Id": 21,
    "SortId": 10,
    "FilterId": 15
  },
  {
    "Id": 16,
    "SortId": 27,
    "FilterId": 6
  },
  {
    "Id": 6,
    "SortId": 18,
    "FilterId": 0
  },
  {
    "Id": 7,
    "SortId": 19,
    "FilterId": 0
  },
  {
    "Id": 8,
    "SortId": 20,
    "FilterId": 0
  },
  {
    "Id": 9,
    "SortId": 21,
    "FilterId": 0
  },
  {
    "Id": 25,
    "SortId": 22,
    "FilterId": 0
  },
  {
    "Id": 4,
    "SortId": 4,
    "FilterId": 0
  },
  {
    "Id": 27,
    "SortId": 29,
    "FilterId": 0
  },
  {
    "Id": 28,
    "SortId": 23,
    "FilterId": 0
  },
  {
    "Id": 29,
    "SortId": 24,
    "FilterId": 0
  },
  {
    "Id": 30,
    "SortId": 25,
    "FilterId": 0
  },
  {
    "Id": 31,
    "SortId": 18,
    "FilterId": 13
  },
  {
    "Id": 32,
    "SortId": 32,
    "FilterId": 12
  },
  {
    "Id": 33,
    "SortId": 28,
    "FilterId": 14
  },
  {
    "Id": 34,
    "SortId": 30,
    "FilterId": 0
  }
]