[
  {
    "Id": 1,
    "FrontSortList": [
      3
    ],
    "BaseSortList": [
      1,
      2,
      8
    ],
    "AttributeSortList": [
      10,
      11,
      12
    ],
    "LastSortList": [
      1,
      2,
      4
    ],
    "LimitNum": 3,
    "DataId": 1
  },
  {
    "Id": 2,
    "FrontSortList": [
      9
    ],
    "BaseSortList": [
      4,
      1,
      7,
      2
    ],
    "AttributeSortList": {
      "PKa": [],
      "length": 0
    },
    "LastSortList": [
      1,
      7,
      6,
      2,
      3,
      8,
      5
    ],
    "LimitNum": 0,
    "DataId": 2
  },
  {
    "Id": 3,
    "FrontSortList": {
      "PKa": [],
      "length": 0
    },
    "BaseSortList": [
      1,
      7,
      2
    ],
    "AttributeSortList": {
      "PKa": [],
      "length": 0
    },
    "LastSortList": [
      1,
      7,
      6,
      2,
      3,
      8,
      5
    ],
    "LimitNum": 0,
    "DataId": 2
  },
  {
    "Id": 4,
    "FrontSortList": [
      15
    ],
    "BaseSortList": [
      13,
      1,
      2
    ],
    "AttributeSortList": {
      "PKa": [],
      "length": 0
    },
    "LastSortList": [
      1,
      2,
      4
    ],
    "LimitNum": 0,
    "DataId": 1
  },
  {
    "Id": 5,
    "FrontSortList": {
      "PKa": [],
      "length": 0
    },
    "BaseSortList": [
      1,
      2
    ],
    "AttributeSortList": {
      "PKa": [],
      "length": 0
    },
    "LastSortList": {
      "PKa": [],
      "length": 0
    },
    "LimitNum": 0,
    "DataId": 1
  },
  {
    "Id": 6,
    "FrontSortList": [
      43
    ],
    "BaseSortList": [
      42,
      1,
      3,
      5,
      2,
      46
    ],
    "AttributeSortList": [
      6,
      7,
      8,
      9,
      10,
      11,
      12,
      13,
      14,
      16,
      17,
      18,
      19,
      20,
      21,
      22,
      23,
      24,
      25,
      26,
      27,
      28,
      29,
      30,
      39,
      47,
      50,
      48,
      49
    ],
    "LastSortList": [
      1,
      2,
      3,
      45,
      44,
      4,
      5
    ],
    "LimitNum": 6,
    "DataId": 4
  },
  {
    "Id": 7,
    "FrontSortList": {
      "PKa": [],
      "length": 0
    },
    "BaseSortList": [
      1,
      3,
      5,
      2,
      52
    ],
    "AttributeSortList": {
      "PKa": [],
      "length": 0
    },
    "LastSortList": [
      1,
      2,
      3,
      45,
      44,
      4,
      5
    ],
    "LimitNum": 0,
    "DataId": 4
  },
  {
    "Id": 8,
    "FrontSortList": {
      "PKa": [],
      "length": 0
    },
    "BaseSortList": [
      5,
      3
    ],
    "AttributeSortList": {
      "PKa": [],
      "length": 0
    },
    "LastSortList": [
      5,
      3
    ],
    "LimitNum": 0,
    "DataId": 5
  },
  {
    "Id": 9,
    "FrontSortList": {
      "PKa": [],
      "length": 0
    },
    "BaseSortList": [
      2,
      3
    ],
    "AttributeSortList": {
      "PKa": [],
      "length": 0
    },
    "LastSortList": [
      2,
      3
    ],
    "LimitNum": 0,
    "DataId": 6
  },
  {
    "Id": 10,
    "FrontSortList": {
      "PKa": [],
      "length": 0
    },
    "BaseSortList": [
      2,
      9
    ],
    "AttributeSortList": {
      "PKa": [],
      "length": 0
    },
    "LastSortList": [
      4
    ],
    "LimitNum": 0,
    "DataId": 1
  },
  {
    "Id": 11,
    "FrontSortList": {
      "PKa": [],
      "length": 0
    },
    "BaseSortList": [
      2,
      3
    ],
    "AttributeSortList": {
      "PKa": [],
      "length": 0
    },
    "LastSortList": [
      2,
      3
    ],
    "LimitNum": 0,
    "DataId": 7
  },
  {
    "Id": 12,
    "FrontSortList": {
      "PKa": [],
      "length": 0
    },
    "BaseSortList": [
      1,
      2
    ],
    "AttributeSortList": {
      "PKa": [],
      "length": 0
    },
    "LastSortList": [
      1,
      2
    ],
    "LimitNum": 0,
    "DataId": 8
  },
  {
    "Id": 13,
    "FrontSortList": {
      "PKa": [],
      "length": 0
    },
    "BaseSortList": [
      1,
      2
    ],
    "AttributeSortList": {
      "PKa": [],
      "length": 0
    },
    "LastSortList": [
      1,
      2
    ],
    "LimitNum": 0,
    "DataId": 9
  },
  {
    "Id": 14,
    "FrontSortList": {
      "PKa": [],
      "length": 0
    },
    "BaseSortList": [
      1
    ],
    "AttributeSortList": {
      "PKa": [],
      "length": 0
    },
    "LastSortList": {
      "PKa": [],
      "length": 0
    },
    "LimitNum": 0,
    "DataId": 3
  },
  {
    "Id": 15,
    "FrontSortList": [
      14,
      15
    ],
    "BaseSortList": [
      1,
      2
    ],
    "AttributeSortList": {
      "PKa": [],
      "length": 0
    },
    "LastSortList": [
      14,
      1,
      2,
      4
    ],
    "LimitNum": 0,
    "DataId": 1
  },
  {
    "Id": 16,
    "FrontSortList": {
      "PKa": [],
      "length": 0
    },
    "BaseSortList": [
      4,
      1,
      5
    ],
    "AttributeSortList": {
      "PKa": [],
      "length": 0
    },
    "LastSortList": [
      2,
      3
    ],
    "LimitNum": 0,
    "DataId": 10
  },
  {
    "Id": 17,
    "FrontSortList": [
      41
    ],
    "BaseSortList": [
      40,
      1,
      3,
      5,
      2
    ],
    "AttributeSortList": {
      "PKa": [],
      "length": 0
    },
    "LastSortList": [
      1,
      2,
      3,
      45,
      44,
      4,
      5
    ],
    "LimitNum": 0,
    "DataId": 4
  },
  {
    "Id": 18,
    "FrontSortList": [
      8
    ],
    "BaseSortList": [
      3,
      2,
      4
    ],
    "AttributeSortList": {
      "PKa": [],
      "length": 0
    },
    "LastSortList": [
      3,
      2,
      4,
      5,
      1,
      6
    ],
    "LimitNum": 0,
    "DataId": 3
  },
  {
    "Id": 19,
    "FrontSortList": {
      "PKa": [],
      "length": 0
    },
    "BaseSortList": [
      3,
      2,
      4
    ],
    "AttributeSortList": {
      "PKa": [],
      "length": 0
    },
    "LastSortList": [
      3,
      2,
      4,
      5,
      1,
      6
    ],
    "LimitNum": 0,
    "DataId": 3
  },
  {
    "Id": 20,
    "FrontSortList": [
      8
    ],
    "BaseSortList": [
      3,
      7,
      5
    ],
    "AttributeSortList": {
      "PKa": [],
      "length": 0
    },
    "LastSortList": [
      3,
      7,
      5,
      6
    ],
    "LimitNum": 0,
    "DataId": 3
  },
  {
    "Id": 21,
    "FrontSortList": [
      8
    ],
    "BaseSortList": [
      1,
      5
    ],
    "AttributeSortList": {
      "PKa": [],
      "length": 0
    },
    "LastSortList": [
      1,
      5,
      6
    ],
    "LimitNum": 0,
    "DataId": 3
  },
  {
    "Id": 22,
    "FrontSortList": [
      8
    ],
    "BaseSortList": [
      5,
      3,
      7
    ],
    "AttributeSortList": {
      "PKa": [],
      "length": 0
    },
    "LastSortList": [
      5,
      3,
      7,
      6
    ],
    "LimitNum": 0,
    "DataId": 3
  },
  {
    "Id": 23,
    "FrontSortList": [
      11
    ],
    "BaseSortList": [
      1,
      7
    ],
    "AttributeSortList": {
      "PKa": [],
      "length": 0
    },
    "LastSortList": [
      1,
      7,
      6,
      2,
      8,
      5
    ],
    "LimitNum": 0,
    "DataId": 2
  },
  {
    "Id": 24,
    "FrontSortList": {
      "PKa": [],
      "length": 0
    },
    "BaseSortList": [
      13,
      1,
      2,
      16
    ],
    "AttributeSortList": {
      "PKa": [],
      "length": 0
    },
    "LastSortList": [
      1,
      2,
      4
    ],
    "LimitNum": 0,
    "DataId": 1
  },
  {
    "Id": 25,
    "FrontSortList": {
      "PKa": [],
      "length": 0
    },
    "BaseSortList": [
      2,
      4,
      3
    ],
    "AttributeSortList": {
      "PKa": [],
      "length": 0
    },
    "LastSortList": [
      2,
      4,
      3
    ],
    "LimitNum": 0,
    "DataId": 11
  },
  {
    "Id": 26,
    "FrontSortList": {
      "PKa": [],
      "length": 0
    },
    "BaseSortList": [
      3,
      1
    ],
    "AttributeSortList": {
      "PKa": [],
      "length": 0
    },
    "LastSortList": {
      "PKa": [],
      "length": 0
    },
    "LimitNum": 0,
    "DataId": 12
  },
  {
    "Id": 27,
    "FrontSortList": {
      "PKa": [],
      "length": 0
    },
    "BaseSortList": [
      1
    ],
    "AttributeSortList": {
      "PKa": [],
      "length": 0
    },
    "LastSortList": {
      "PKa": [],
      "length": 0
    },
    "LimitNum": 0,
    "DataId": 13
  },
  {
    "Id": 28,
    "FrontSortList": {
      "PKa": [],
      "length": 0
    },
    "BaseSortList": [
      1,
      3,
      5,
      51
    ],
    "AttributeSortList": {
      "PKa": [],
      "length": 0
    },
    "LastSortList": [
      1,
      51,
      2,
      3,
      45,
      44,
      4,
      5
    ],
    "LimitNum": 0,
    "DataId": 4
  },
  {
    "Id": 29,
    "FrontSortList": {
      "PKa": [],
      "length": 0
    },
    "BaseSortList": [
      2,
      3
    ],
    "AttributeSortList": {
      "PKa": [],
      "length": 0
    },
    "LastSortList": [
      2,
      3
    ],
    "LimitNum": 0,
    "DataId": 5
  },
  {
    "Id": 30,
    "FrontSortList": {
      "PKa": [],
      "length": 0
    },
    "BaseSortList": [
      17,
      1,
      2,
      8
    ],
    "AttributeSortList": [
      10,
      11,
      12
    ],
    "LastSortList": {
      "PKa": [],
      "length": 0
    },
    "LimitNum": 3,
    "DataId": 1
  },
  {
    "Id": 31,
    "FrontSortList": {
      "PKa": [],
      "length": 0
    },
    "BaseSortList": {
      "PKa": [],
      "length": 0
    },
    "AttributeSortList": {
      "PKa": [],
      "length": 0
    },
    "LastSortList": [
      3,
      45,
      4
    ],
    "LimitNum": 0,
    "DataId": 4
  },
  {
    "Id": 32,
    "FrontSortList": {
      "PKa": [],
      "length": 0
    },
    "BaseSortList": [
      1,
      3,
      5,
      2,
      52
    ],
    "AttributeSortList": {
      "PKa": [],
      "length": 0
    },
    "LastSortList": [
      52,
      1,
      2,
      3,
      45,
      44,
      4,
      5
    ],
    "LimitNum": 0,
    "DataId": 4
  }
]