[
  {
    "Id": 1,
    "Distance": 800,
    "UpDistance": 1000,
    "DownDistance": 1000,
    "SectorRadius": 0,
    "SectorAngle": 0,
    "ToleranceAngle": 22.5
  },
  {
    "Id": 2,
    "Distance": 2500,
    "UpDistance": 2500,
    "DownDistance": 1500,
    "SectorRadius": 0,
    "SectorAngle": 0,
    "ToleranceAngle": 22.5
  },
  {
    "Id": 3,
    "Distance": 1800,
    "UpDistance": 1000,
    "DownDistance": 1000,
    "SectorRadius": 0,
    "SectorAngle": 0,
    "ToleranceAngle": 22.5
  },
  {
    "Id": 1202021,
    "Distance": 2000,
    "UpDistance": 1000,
    "DownDistance": 1000,
    "SectorRadius": 0,
    "SectorAngle": 0,
    "ToleranceAngle": 22.5
  },
  {
    "Id": 280001,
    "Distance": 3000,
    "UpDistance": 2000,
    "DownDistance": 1000,
    "SectorRadius": 0,
    "SectorAngle": 0,
    "ToleranceAngle": 22.5
  },
  {
    "Id": 200002,
    "Distance": 2000,
    "UpDistance": 1000,
    "DownDistance": 1000,
    "SectorRadius": 0,
    "SectorAngle": 0,
    "ToleranceAngle": 22.5
  },
  {
    "Id": 1202022,
    "Distance": 2000,
    "UpDistance": 1000,
    "DownDistance": 1000,
    "SectorRadius": 0,
    "SectorAngle": 0,
    "ToleranceAngle": 22.5
  },
  {
    "Id": 4,
    "Distance": 600,
    "UpDistance": 1000,
    "DownDistance": 1000,
    "SectorRadius": 2500,
    "SectorAngle": 120,
    "ToleranceAngle": 22.5
  },
  {
    "Id": 1103,
    "Distance": 2000,
    "UpDistance": 1000,
    "DownDistance": 1000,
    "SectorRadius": 0,
    "SectorAngle": 0,
    "ToleranceAngle": 22.5
  },
  {
    "Id": 110401,
    "Distance": 1500,
    "UpDistance": 1000,
    "DownDistance": 1000,
    "SectorRadius": 0,
    "SectorAngle": 0,
    "ToleranceAngle": 22.5
  },
  {
    "Id": 1405001,
    "Distance": 2500,
    "UpDistance": 1000,
    "DownDistance": 1000,
    "SectorRadius": 0,
    "SectorAngle": 0,
    "ToleranceAngle": 22.5
  },
  {
    "Id": 1305001,
    "Distance": 2000,
    "UpDistance": 1000,
    "DownDistance": 1000,
    "SectorRadius": 0,
    "SectorAngle": 0,
    "ToleranceAngle": 10
  },
  {
    "Id": 5,
    "Distance": 1200,
    "UpDistance": 1000,
    "DownDistance": 1000,
    "SectorRadius": 0,
    "SectorAngle": 0,
    "ToleranceAngle": 22.5
  },
  {
    "Id": 1505001,
    "Distance": 1000,
    "UpDistance": 1200,
    "DownDistance": 1000,
    "SectorRadius": 2000,
    "SectorAngle": 150,
    "ToleranceAngle": 22.5
  },
  {
    "Id": 1505002,
    "Distance": 1000,
    "UpDistance": 1500,
    "DownDistance": 1000,
    "SectorRadius": 2000,
    "SectorAngle": 150,
    "ToleranceAngle": 22.5
  },
  {
    "Id": 105,
    "Distance": 500,
    "UpDistance": 1000,
    "DownDistance": 1000,
    "SectorRadius": 0,
    "SectorAngle": 0,
    "ToleranceAngle": 22.5
  },
  {
    "Id": 106,
    "Distance": 600,
    "UpDistance": 1000,
    "DownDistance": 1000,
    "SectorRadius": 0,
    "SectorAngle": 0,
    "ToleranceAngle": 22.5
  },
  {
    "Id": 107,
    "Distance": 700,
    "UpDistance": 1000,
    "DownDistance": 1000,
    "SectorRadius": 0,
    "SectorAngle": 0,
    "ToleranceAngle": 22.5
  },
  {
    "Id": 108,
    "Distance": 800,
    "UpDistance": 1000,
    "DownDistance": 1000,
    "SectorRadius": 0,
    "SectorAngle": 0,
    "ToleranceAngle": 22.5
  },
  {
    "Id": 109,
    "Distance": 900,
    "UpDistance": 1000,
    "DownDistance": 1000,
    "SectorRadius": 0,
    "SectorAngle": 0,
    "ToleranceAngle": 22.5
  },
  {
    "Id": 110,
    "Distance": 1000,
    "UpDistance": 1000,
    "DownDistance": 1000,
    "SectorRadius": 0,
    "SectorAngle": 0,
    "ToleranceAngle": 22.5
  },
  {
    "Id": 111,
    "Distance": 1100,
    "UpDistance": 1000,
    "DownDistance": 1000,
    "SectorRadius": 0,
    "SectorAngle": 0,
    "ToleranceAngle": 22.5
  },
  {
    "Id": 112,
    "Distance": 1200,
    "UpDistance": 1000,
    "DownDistance": 1000,
    "SectorRadius": 0,
    "SectorAngle": 0,
    "ToleranceAngle": 22.5
  },
  {
    "Id": 113,
    "Distance": 1300,
    "UpDistance": 1000,
    "DownDistance": 1000,
    "SectorRadius": 0,
    "SectorAngle": 0,
    "ToleranceAngle": 22.5
  },
  {
    "Id": 114,
    "Distance": 1400,
    "UpDistance": 1000,
    "DownDistance": 1000,
    "SectorRadius": 0,
    "SectorAngle": 0,
    "ToleranceAngle": 22.5
  },
  {
    "Id": 115,
    "Distance": 1500,
    "UpDistance": 1000,
    "DownDistance": 1000,
    "SectorRadius": 0,
    "SectorAngle": 0,
    "ToleranceAngle": 22.5
  },
  {
    "Id": 116,
    "Distance": 1600,
    "UpDistance": 1000,
    "DownDistance": 1000,
    "SectorRadius": 0,
    "SectorAngle": 0,
    "ToleranceAngle": 22.5
  },
  {
    "Id": 117,
    "Distance": 1700,
    "UpDistance": 1000,
    "DownDistance": 1000,
    "SectorRadius": 0,
    "SectorAngle": 0,
    "ToleranceAngle": 22.5
  },
  {
    "Id": 118,
    "Distance": 1800,
    "UpDistance": 1000,
    "DownDistance": 1000,
    "SectorRadius": 0,
    "SectorAngle": 0,
    "ToleranceAngle": 22.5
  },
  {
    "Id": 119,
    "Distance": 1900,
    "UpDistance": 1000,
    "DownDistance": 1000,
    "SectorRadius": 0,
    "SectorAngle": 0,
    "ToleranceAngle": 22.5
  },
  {
    "Id": 120,
    "Distance": 2000,
    "UpDistance": 1000,
    "DownDistance": 1000,
    "SectorRadius": 0,
    "SectorAngle": 0,
    "ToleranceAngle": 22.5
  }
]