[
  {
    "Id": 10010001,
    "QuestKey": "Main_HXTG_0001",
    "QuestName": "残鸣初奏",
    "QuestType": 1,
    "IsRepeat": false,
    "IsAutoTrack": true,
    "QuestText": "残鸣已然奏响……跟随它的指引，你将走向全新的未知，也将找到属于自己的过往。",
    "IsOnline": 0,
    "RewardShow": 0,
    "AreaId": 0,
    "Duration": 0,
    "PanelTexturePath": "/Game/Aki/UI/UIResources/UiQuest/Image/T_QuestChatu_UI.T_QuestChatu_UI"
  },
  {
    "Id": 10010002,
    "QuestKey": "Main_ZQTD_0001",
    "QuestName": "残鸣初奏",
    "QuestType": 1,
    "IsRepeat": false,
    "IsAutoTrack": true,
    "QuestText": "残鸣已然奏响……跟随它的指引，你将走向全新的未知，也将找到属于自己的过往。",
    "IsOnline": 0,
    "RewardShow": 0,
    "AreaId": 0,
    "Duration": 0,
    "PanelTexturePath": "/Game/Aki/UI/UIResources/UiQuest/Image/T_QuestChatu_UI.T_QuestChatu_UI"
  },
  {
    "Id": 20020010,
    "QuestKey": "Side_HSGY_0010",
    "QuestName": "无人监测站-黑石高原",
    "QuestType": 2,
    "IsRepeat": false,
    "IsAutoTrack": false,
    "QuestText": "重启黑石高原的监测站",
    "IsOnline": 0,
    "RewardShow": 0,
    "AreaId": 0,
    "Duration": 0,
    "PanelTexturePath": "/Game/Aki/UI/UIResources/UiQuest/Image/T_QuestChatu_UI.T_QuestChatu_UI"
  },
  {
    "Id": 20017001,
    "QuestKey": "Side_ZD_7001",
    "QuestName": "七舍立体机动计时赛",
    "QuestType": 2,
    "IsRepeat": false,
    "IsAutoTrack": true,
    "QuestText": "完成七舍立体机动计时赛",
    "IsOnline": 0,
    "RewardShow": 0,
    "AreaId": 0,
    "Duration": 0,
    "PanelTexturePath": "/Game/Aki/UI/UIResources/UiQuest/Image/T_QuestChatu_UI.T_QuestChatu_UI"
  },
  {
    "Id": 10010003,
    "QuestKey": "Main_ZD_0001",
    "QuestName": "最后的净土",
    "QuestType": 1,
    "IsRepeat": false,
    "IsAutoTrack": true,
    "QuestText": "生机眷顾着最后的净土，在少女的陪同下熟悉七舍的生活吧，这即是皇龙意志的所在。",
    "IsOnline": 0,
    "RewardShow": 0,
    "AreaId": 0,
    "Duration": 0,
    "PanelTexturePath": "/Game/Aki/UI/UIResources/UiQuest/Image/T_QuestChatu_UI.T_QuestChatu_UI"
  },
  {
    "Id": 10010004,
    "QuestKey": "Main_ZQTD_0002",
    "QuestName": "绝境弥生",
    "QuestType": 1,
    "IsRepeat": false,
    "IsAutoTrack": true,
    "QuestText": "意料外的状况来袭……面对未知，每个人都需要做出自己的抉择，无论抉择的背后，意味着怎样的代价……",
    "IsOnline": 0,
    "RewardShow": 0,
    "AreaId": 0,
    "Duration": 0,
    "PanelTexturePath": "/Game/Aki/UI/UIResources/UiQuest/Image/T_QuestChatu_UI.T_QuestChatu_UI"
  },
  {
    "Id": 10010005,
    "QuestKey": "Main_ZQTD_0003",
    "QuestName": "绝境弥生",
    "QuestType": 1,
    "IsRepeat": false,
    "IsAutoTrack": true,
    "QuestText": "意料外的状况来袭……面对未知，每个人都需要做出自己的抉择，无论抉择的背后，意味着怎样的代价……",
    "IsOnline": 0,
    "RewardShow": 0,
    "AreaId": 0,
    "Duration": 0,
    "PanelTexturePath": "/Game/Aki/UI/UIResources/UiQuest/Image/T_QuestChatu_UI.T_QuestChatu_UI"
  },
  {
    "Id": 10010006,
    "QuestKey": "Main_ZQTD_0004",
    "QuestName": "绝境弥生",
    "QuestType": 1,
    "IsRepeat": false,
    "IsAutoTrack": true,
    "QuestText": "意料外的状况来袭……面对未知，每个人都需要做出自己的抉择，无论抉择的背后，意味着怎样的代价……",
    "IsOnline": 0,
    "RewardShow": 0,
    "AreaId": 0,
    "Duration": 0,
    "PanelTexturePath": "/Game/Aki/UI/UIResources/UiQuest/Image/T_QuestChatu_UI.T_QuestChatu_UI"
  },
  {
    "Id": 10010007,
    "QuestKey": "Main_ZQTD_0005",
    "QuestName": "清除无音区",
    "QuestType": 1,
    "IsRepeat": false,
    "IsAutoTrack": true,
    "QuestText": "前往无音区",
    "IsOnline": 0,
    "RewardShow": 0,
    "AreaId": 0,
    "Duration": 0,
    "PanelTexturePath": "/Game/Aki/UI/UIResources/UiQuest/Image/T_QuestChatu_UI.T_QuestChatu_UI"
  },
  {
    "Id": 20010001,
    "QuestKey": "Side_ZQTD_0001",
    "QuestName": "剿灭流浪者营地",
    "QuestType": 2,
    "IsRepeat": false,
    "IsAutoTrack": false,
    "QuestText": "清剿城外的流浪者营地",
    "IsOnline": 0,
    "RewardShow": 0,
    "AreaId": 0,
    "Duration": 0,
    "PanelTexturePath": "/Game/Aki/UI/UIResources/UiQuest/Image/T_QuestChatu_UI.T_QuestChatu_UI"
  },
  {
    "Id": 20010002,
    "QuestKey": "Side_ZQTD_0002",
    "QuestName": "前往定弦镇",
    "QuestType": 2,
    "IsRepeat": false,
    "IsAutoTrack": false,
    "QuestText": "前往定弦镇，告诉考古队员家人他的消息",
    "IsOnline": 0,
    "RewardShow": 0,
    "AreaId": 0,
    "Duration": 0,
    "PanelTexturePath": "/Game/Aki/UI/UIResources/UiQuest/Image/T_QuestChatu_UI.T_QuestChatu_UI"
  },
  {
    "Id": 20040001,
    "QuestKey": "Side_ZD_2001",
    "QuestName": "丢失货件之一",
    "QuestType": 2,
    "IsRepeat": false,
    "IsAutoTrack": false,
    "QuestText": "胖达物流的快递员阿望苦恼地徘徊在货仓前，你决定去问问他到底发生了什么事……",
    "IsOnline": 0,
    "RewardShow": 0,
    "AreaId": 0,
    "Duration": 0,
    "PanelTexturePath": "/Game/Aki/UI/UIResources/UiQuest/Image/T_QuestChatu_UI.T_QuestChatu_UI"
  },
  {
    "Id": 10010008,
    "QuestKey": "Main_ZD_0002",
    "QuestName": "正和博弈",
    "QuestType": 1,
    "IsRepeat": false,
    "IsAutoTrack": true,
    "QuestText": "为寻找照亮不毛之地的星火，殊途的伙伴与你短暂同行，然而脆弱的合作，将导向的终局是……",
    "IsOnline": 0,
    "RewardShow": 0,
    "AreaId": 0,
    "Duration": 0,
    "PanelTexturePath": "/Game/Aki/UI/UIResources/UiQuest/Image/T_QuestChatu_UI.T_QuestChatu_UI"
  },
  {
    "Id": 10010009,
    "QuestKey": "Main_YYG_0001",
    "QuestName": "正和博弈",
    "QuestType": 1,
    "IsRepeat": false,
    "IsAutoTrack": true,
    "QuestText": "为寻找照亮不毛之地的星火，殊途的伙伴与你短暂同行，然而脆弱的合作，将导向的终局是……",
    "IsOnline": 0,
    "RewardShow": 0,
    "AreaId": 0,
    "Duration": 0,
    "PanelTexturePath": "/Game/Aki/UI/UIResources/UiQuest/Image/T_QuestChatu_UI.T_QuestChatu_UI"
  },
  {
    "Id": 10010010,
    "QuestKey": "Main_YYG_0002",
    "QuestName": "正和博弈",
    "QuestType": 1,
    "IsRepeat": false,
    "IsAutoTrack": true,
    "QuestText": "为寻找照亮不毛之地的星火，殊途的伙伴与你短暂同行，然而脆弱的合作，将导向的终局是……",
    "IsOnline": 0,
    "RewardShow": 0,
    "AreaId": 0,
    "Duration": 0,
    "PanelTexturePath": "/Game/Aki/UI/UIResources/UiQuest/Image/T_QuestChatu_UI.T_QuestChatu_UI"
  },
  {
    "Id": 10010011,
    "QuestKey": "Main_YYG_0003",
    "QuestName": "正和博弈",
    "QuestType": 1,
    "IsRepeat": false,
    "IsAutoTrack": true,
    "QuestText": "为寻找照亮不毛之地的星火，殊途的伙伴与你短暂同行，然而脆弱的合作，将导向的终局是……",
    "IsOnline": 0,
    "RewardShow": 0,
    "AreaId": 0,
    "Duration": 0,
    "PanelTexturePath": "/Game/Aki/UI/UIResources/UiQuest/Image/T_QuestChatu_UI.T_QuestChatu_UI"
  },
  {
    "Id": 20010003,
    "QuestKey": "Side_ZQTD_0003",
    "QuestName": "幻象研究者",
    "QuestType": 2,
    "IsRepeat": false,
    "IsAutoTrack": false,
    "QuestText": "一位神秘的研究员正在无音区附近活动，担心她有危险，你打算询问她的情况。",
    "IsOnline": 0,
    "RewardShow": 0,
    "AreaId": 0,
    "Duration": 0,
    "PanelTexturePath": "/Game/Aki/UI/UIResources/UiQuest/Image/T_QuestChatu_UI.T_QuestChatu_UI"
  },
  {
    "Id": 20040002,
    "QuestKey": "Side_ZD_2002",
    "QuestName": "叛逆的少女",
    "QuestType": 2,
    "IsRepeat": false,
    "IsAutoTrack": false,
    "QuestText": "春晖女士的神情看起来十分焦躁，你决定前去询问她是否需要帮助……",
    "IsOnline": 0,
    "RewardShow": 0,
    "AreaId": 0,
    "Duration": 0,
    "PanelTexturePath": "/Game/Aki/UI/UIResources/UiQuest/Image/T_QuestChatu_UI.T_QuestChatu_UI"
  },
  {
    "Id": 20021501,
    "QuestKey": "Side_HSGY_1501",
    "QuestName": "丢失货件之二",
    "QuestType": 2,
    "IsRepeat": false,
    "IsAutoTrack": false,
    "QuestText": "你发现一批胖达物流的货物被遗落在黑石高地西部的无音区附近，你决定将他们带回七舍，却不料……",
    "IsOnline": 0,
    "RewardShow": 0,
    "AreaId": 0,
    "Duration": 0,
    "PanelTexturePath": "/Game/Aki/UI/UIResources/UiQuest/Image/T_QuestChatu_UI.T_QuestChatu_UI"
  },
  {
    "Id": 20020004,
    "QuestKey": "Side_HSGY_0004",
    "QuestName": "样本采集",
    "QuestType": 2,
    "IsRepeat": false,
    "IsAutoTrack": false,
    "QuestText": "第玖区调查地的白芷研究员正在寻求一位可以采集样本的帮手，虽然深入无音区采集样本危险重重，你仍旧决定伸出援手。",
    "IsOnline": 0,
    "RewardShow": 0,
    "AreaId": 0,
    "Duration": 0,
    "PanelTexturePath": "/Game/Aki/UI/UIResources/UiQuest/Image/T_QuestChatu_UI.T_QuestChatu_UI"
  },
  {
    "Id": 20010004,
    "QuestKey": "Side_ZQTD_2001",
    "QuestName": "失窃的祭品",
    "QuestType": 2,
    "IsRepeat": false,
    "IsAutoTrack": false,
    "QuestText": "碑林的祭品频频失踪，为了找到盗窃者，家属们正在发愁……",
    "IsOnline": 0,
    "RewardShow": 0,
    "AreaId": 0,
    "Duration": 0,
    "PanelTexturePath": "/Game/Aki/UI/UIResources/UiQuest/Image/T_QuestChatu_UI.T_QuestChatu_UI"
  },
  {
    "Id": 20040003,
    "QuestKey": "Side_ZD_0003",
    "QuestName": "鸣钟战歌",
    "QuestType": 2,
    "IsRepeat": false,
    "IsAutoTrack": false,
    "QuestText": "铭记之谷的深处传来不寻常的气息，而在山谷的入口，有人叫住了你……",
    "IsOnline": 0,
    "RewardShow": 0,
    "AreaId": 0,
    "Duration": 0,
    "PanelTexturePath": "/Game/Aki/UI/UIResources/UiQuest/Image/T_QuestChatu_UI.T_QuestChatu_UI"
  },
  {
    "Id": 20040004,
    "QuestKey": "Side_ZD_0004",
    "QuestName": "残缺的诗篇",
    "QuestType": 2,
    "IsRepeat": false,
    "IsAutoTrack": false,
    "QuestText": "热衷收集旧日时代作品的文学家正在苦恼中，向他询问一下吧！",
    "IsOnline": 0,
    "RewardShow": 0,
    "AreaId": 0,
    "Duration": 0,
    "PanelTexturePath": "/Game/Aki/UI/UIResources/UiQuest/Image/T_QuestChatu_UI.T_QuestChatu_UI"
  },
  {
    "Id": 20030001,
    "QuestKey": "Side_ZD_3001",
    "QuestName": "走失的阿公",
    "QuestType": 2,
    "IsRepeat": false,
    "IsAutoTrack": false,
    "QuestText": "七舍城门的士兵非常苦恼，或许应该上前问问……",
    "IsOnline": 0,
    "RewardShow": 0,
    "AreaId": 0,
    "Duration": 0,
    "PanelTexturePath": "/Game/Aki/UI/UIResources/UiQuest/Image/T_QuestChatu_UI.T_QuestChatu_UI"
  },
  {
    "Id": 20032004,
    "QuestKey": "Side_ZD_2004",
    "QuestName": "逃跑英雄",
    "QuestType": 2,
    "IsRepeat": false,
    "IsAutoTrack": false,
    "QuestText": "七舍的一位年轻共鸣者神秘失踪，委托人正焦急寻找能人志士",
    "IsOnline": 0,
    "RewardShow": 0,
    "AreaId": 0,
    "Duration": 0,
    "PanelTexturePath": "/Game/Aki/UI/UIResources/UiQuest/Image/T_QuestChatu_UI.T_QuestChatu_UI"
  },
  {
    "Id": 20010005,
    "QuestKey": "Side_ZQTD_2002",
    "QuestName": "不能遗忘的铭记",
    "QuestType": 2,
    "IsRepeat": false,
    "IsAutoTrack": false,
    "QuestText": "在原本应该庄严肃穆的场合，有几位刚来祭拜的家属们在议论纷纷，你决定去问问到底发生了什么事……",
    "IsOnline": 0,
    "RewardShow": 0,
    "AreaId": 0,
    "Duration": 0,
    "PanelTexturePath": "/Game/Aki/UI/UIResources/UiQuest/Image/T_QuestChatu_UI.T_QuestChatu_UI"
  },
  {
    "Id": 20040005,
    "QuestKey": "Side_ZD_0005",
    "QuestName": "步履不停·凝音",
    "QuestType": 2,
    "IsRepeat": false,
    "IsAutoTrack": false,
    "QuestText": "研究员洛希热衷于研究物质的交换，如果想要提升凝音装置的力量，不妨找他探讨下。",
    "IsOnline": 0,
    "RewardShow": 0,
    "AreaId": 0,
    "Duration": 0,
    "PanelTexturePath": "/Game/Aki/UI/UIResources/UiQuest/Image/T_QuestChatu_UI.T_QuestChatu_UI"
  },
  {
    "Id": 20040006,
    "QuestKey": "Side_ZD_0006",
    "QuestName": "步履不停·合剂",
    "QuestType": 2,
    "IsRepeat": false,
    "IsAutoTrack": false,
    "QuestText": "想要熟练掌握自己的异能，可以尝试使用专属合剂。研究员洛希对此颇有研究，找他询问下关于合剂的更多信息吧。",
    "IsOnline": 0,
    "RewardShow": 0,
    "AreaId": 0,
    "Duration": 0,
    "PanelTexturePath": "/Game/Aki/UI/UIResources/UiQuest/Image/T_QuestChatu_UI.T_QuestChatu_UI"
  },
  {
    "Id": 20040007,
    "QuestKey": "Side_ZD_0007",
    "QuestName": "步履不停·武器",
    "QuestType": 2,
    "IsRepeat": false,
    "IsAutoTrack": false,
    "QuestText": "如果感到力量进入瓶颈期，也许是装备需要升级，找伟叔了解黑石武器的更多情报吧。",
    "IsOnline": 0,
    "RewardShow": 0,
    "AreaId": 0,
    "Duration": 0,
    "PanelTexturePath": "/Game/Aki/UI/UIResources/UiQuest/Image/T_QuestChatu_UI.T_QuestChatu_UI"
  },
  {
    "Id": 20160001,
    "QuestKey": "Side_HHA_2001",
    "QuestName": "欢迎来到黑海岸",
    "QuestType": 2,
    "IsRepeat": false,
    "IsAutoTrack": true,
    "QuestText": "安可自告奋勇要带你去玩，快去问问她！",
    "IsOnline": 0,
    "RewardShow": 0,
    "AreaId": 0,
    "Duration": 0,
    "PanelTexturePath": "/Game/Aki/UI/UIResources/UiQuest/Image/T_QuestChatu_UI.T_QuestChatu_UI"
  },
  {
    "Id": 20160002,
    "QuestKey": "Side_ZD_2016",
    "QuestName": "世界的开拓者",
    "QuestType": 2,
    "IsRepeat": false,
    "IsAutoTrack": false,
    "QuestText": "七舍的玛琪小姐好像有事情找你，快去找她吧！",
    "IsOnline": 0,
    "RewardShow": 0,
    "AreaId": 0,
    "Duration": 0,
    "PanelTexturePath": "/Game/Aki/UI/UIResources/UiQuest/Image/T_QuestChatu_UI.T_QuestChatu_UI"
  },
  {
    "Id": 20010007,
    "QuestKey": "Side_YYG_0007",
    "QuestName": "失调的音律",
    "QuestType": 2,
    "IsRepeat": false,
    "IsAutoTrack": false,
    "QuestText": "回荡于废旧地下铁的音律，似乎隐藏着某个被时光遗忘的故事。",
    "IsOnline": 0,
    "RewardShow": 0,
    "AreaId": 0,
    "Duration": 0,
    "PanelTexturePath": "/Game/Aki/UI/UIResources/UiQuest/Image/T_QuestChatu_UI.T_QuestChatu_UI"
  },
  {
    "Id": 20010008,
    "QuestKey": "Side_YYG_0008",
    "QuestName": "失调的音律",
    "QuestType": 2,
    "IsRepeat": false,
    "IsAutoTrack": false,
    "QuestText": "琴声再起，狂躁的音律正在表达着什么……",
    "IsOnline": 0,
    "RewardShow": 0,
    "AreaId": 0,
    "Duration": 0,
    "PanelTexturePath": "/Game/Aki/UI/UIResources/UiQuest/Image/T_QuestChatu_UI.T_QuestChatu_UI"
  },
  {
    "Id": 20012003,
    "QuestKey": "Side_ZQTD_2003",
    "QuestName": "古迹寻遗",
    "QuestType": 2,
    "IsRepeat": false,
    "IsAutoTrack": false,
    "QuestText": "近些年，古物收藏之风悄然兴起，似是潜藏着对旧时代的追忆，去陈皮那儿了解一下吧。",
    "IsOnline": 0,
    "RewardShow": 0,
    "AreaId": 0,
    "Duration": 0,
    "PanelTexturePath": "/Game/Aki/UI/UIResources/UiQuest/Image/T_QuestChatu_UI.T_QuestChatu_UI"
  },
  {
    "Id": 20010006,
    "QuestKey": "Side_ZQTD_2004",
    "QuestName": "时间胶囊",
    "QuestType": 2,
    "IsRepeat": false,
    "IsAutoTrack": false,
    "QuestText": "胖达物流中转站附近有幻象威胁，除此以外可能还存在其他的麻烦，到底是什么麻烦呢？",
    "IsOnline": 0,
    "RewardShow": 0,
    "AreaId": 0,
    "Duration": 0,
    "PanelTexturePath": "/Game/Aki/UI/UIResources/UiQuest/Image/T_QuestChatu_UI.T_QuestChatu_UI"
  },
  {
    "Id": 20042301,
    "QuestKey": "Side_ZQTD_2301",
    "QuestName": "薪火相传",
    "QuestType": 2,
    "IsRepeat": false,
    "IsAutoTrack": false,
    "QuestText": "济叔对无法赴约感到遗憾，言语间似有难言之隐，去把他的情况带给他的女儿吧。",
    "IsOnline": 0,
    "RewardShow": 0,
    "AreaId": 0,
    "Duration": 0,
    "PanelTexturePath": "/Game/Aki/UI/UIResources/UiQuest/Image/T_QuestChatu_UI.T_QuestChatu_UI"
  },
  {
    "Id": 20032005,
    "QuestKey": "Side_ZD_2005",
    "QuestName": "蝶影惊梦",
    "QuestType": 2,
    "IsRepeat": false,
    "IsAutoTrack": false,
    "QuestText": "茶馆的老鬼似乎有些事情找你，快去问问他吧！",
    "IsOnline": 0,
    "RewardShow": 0,
    "AreaId": 0,
    "Duration": 0,
    "PanelTexturePath": "/Game/Aki/UI/UIResources/UiQuest/Image/T_QuestChatu_UI.T_QuestChatu_UI"
  },
  {
    "Id": 20032006,
    "QuestKey": "Side_ZD_2006",
    "QuestName": "多劳多得·七舍",
    "QuestType": 2,
    "IsRepeat": false,
    "IsAutoTrack": false,
    "QuestText": "有空的时候，去看看秧秧说过的那块任务板吧。",
    "IsOnline": 0,
    "RewardShow": 0,
    "AreaId": 0,
    "Duration": 0,
    "PanelTexturePath": "/Game/Aki/UI/UIResources/UiQuest/Image/T_QuestChatu_UI.T_QuestChatu_UI"
  },
  {
    "Id": 20032007,
    "QuestKey": "Side_ZD_2007",
    "QuestName": "埙之心音",
    "QuestType": 2,
    "IsRepeat": false,
    "IsAutoTrack": false,
    "QuestText": "路过一片无音区时，听到了异样的声音。",
    "IsOnline": 0,
    "RewardShow": 0,
    "AreaId": 0,
    "Duration": 0,
    "PanelTexturePath": "/Game/Aki/UI/UIResources/UiQuest/Image/T_QuestChatu_UI.T_QuestChatu_UI"
  },
  {
    "Id": 20032008,
    "QuestKey": "Side_ZD_2008",
    "QuestName": "卷土重来",
    "QuestType": 2,
    "IsRepeat": false,
    "IsAutoTrack": false,
    "QuestText": "净化过的无音区似乎又有了不寻常的异动……",
    "IsOnline": 0,
    "RewardShow": 0,
    "AreaId": 0,
    "Duration": 0,
    "PanelTexturePath": "/Game/Aki/UI/UIResources/UiQuest/Image/T_QuestChatu_UI.T_QuestChatu_UI"
  },
  {
    "Id": 20032009,
    "QuestKey": "Side_ZD_2009",
    "QuestName": "圣手仁心",
    "QuestType": 2,
    "IsRepeat": false,
    "IsAutoTrack": false,
    "QuestText": "七舍药店的蔻蔻深受药材短缺之扰，有时间就去看看她吧。",
    "IsOnline": 0,
    "RewardShow": 0,
    "AreaId": 0,
    "Duration": 0,
    "PanelTexturePath": "/Game/Aki/UI/UIResources/UiQuest/Image/T_QuestChatu_UI.T_QuestChatu_UI"
  },
  {
    "Id": 59990001,
    "QuestKey": "Region_ZD_9001",
    "QuestName": "跑墙竞速模板",
    "QuestType": 5,
    "IsRepeat": false,
    "IsAutoTrack": false,
    "QuestText": "跑墙竞速模板",
    "IsOnline": 0,
    "RewardShow": 0,
    "AreaId": 1,
    "Duration": 86400,
    "PanelTexturePath": "/Game/Aki/UI/UIResources/UiQuest/Image/T_QuestChatu_UI.T_QuestChatu_UI"
  },
  {
    "Id": 59990002,
    "QuestKey": "Region_ZD_9002",
    "QuestName": "运送任务模板",
    "QuestType": 5,
    "IsRepeat": false,
    "IsAutoTrack": false,
    "QuestText": "运送任务模板",
    "IsOnline": 0,
    "RewardShow": 0,
    "AreaId": 1,
    "Duration": 86400,
    "PanelTexturePath": "/Game/Aki/UI/UIResources/UiQuest/Image/T_QuestChatu_UI.T_QuestChatu_UI"
  },
  {
    "Id": 59990003,
    "QuestKey": "Region_ZD_9003",
    "QuestName": "杀怪任务模板",
    "QuestType": 5,
    "IsRepeat": false,
    "IsAutoTrack": false,
    "QuestText": "杀怪任务模板",
    "IsOnline": 0,
    "RewardShow": 0,
    "AreaId": 1,
    "Duration": 86400,
    "PanelTexturePath": "/Game/Aki/UI/UIResources/UiQuest/Image/T_QuestChatu_UI.T_QuestChatu_UI"
  },
  {
    "Id": 59990004,
    "QuestKey": "Region_ZD_9004",
    "QuestName": "清理无音区模板",
    "QuestType": 5,
    "IsRepeat": false,
    "IsAutoTrack": false,
    "QuestText": "清理无音区模板",
    "IsOnline": 0,
    "RewardShow": 0,
    "AreaId": 1,
    "Duration": 86400,
    "PanelTexturePath": "/Game/Aki/UI/UIResources/UiQuest/Image/T_QuestChatu_UI.T_QuestChatu_UI"
  },
  {
    "Id": 50010001,
    "QuestKey": "Region_ZD_1001",
    "QuestName": "博物 · 紫云乌头",
    "QuestType": 5,
    "IsRepeat": false,
    "IsAutoTrack": false,
    "QuestText": "广博的见闻有助于野外生存，观察并纪录自然吧。",
    "IsOnline": 0,
    "RewardShow": 0,
    "AreaId": 1,
    "Duration": 86400,
    "PanelTexturePath": "/Game/Aki/UI/UIResources/UiQuest/Image/T_QuestChatu_UI.T_QuestChatu_UI"
  },
  {
    "Id": 50010002,
    "QuestKey": "Region_ZD_1002",
    "QuestName": "博物 · 清月子",
    "QuestType": 5,
    "IsRepeat": false,
    "IsAutoTrack": false,
    "QuestText": "广博的见闻有助于野外生存，观察并纪录自然吧。",
    "IsOnline": 0,
    "RewardShow": 0,
    "AreaId": 1,
    "Duration": 86400,
    "PanelTexturePath": "/Game/Aki/UI/UIResources/UiQuest/Image/T_QuestChatu_UI.T_QuestChatu_UI"
  },
  {
    "Id": 50010003,
    "QuestKey": "Region_ZD_1003",
    "QuestName": "博物 · 烈焰花柱",
    "QuestType": 5,
    "IsRepeat": false,
    "IsAutoTrack": false,
    "QuestText": "广博的见闻有助于野外生存，观察并纪录自然吧。",
    "IsOnline": 0,
    "RewardShow": 0,
    "AreaId": 1,
    "Duration": 86400,
    "PanelTexturePath": "/Game/Aki/UI/UIResources/UiQuest/Image/T_QuestChatu_UI.T_QuestChatu_UI"
  },
  {
    "Id": 50010004,
    "QuestKey": "Region_ZD_1004",
    "QuestName": "博物 · 蒲公英",
    "QuestType": 5,
    "IsRepeat": false,
    "IsAutoTrack": false,
    "QuestText": "广博的见闻有助于野外生存，观察并纪录自然吧。",
    "IsOnline": 0,
    "RewardShow": 0,
    "AreaId": 1,
    "Duration": 86400,
    "PanelTexturePath": "/Game/Aki/UI/UIResources/UiQuest/Image/T_QuestChatu_UI.T_QuestChatu_UI"
  },
  {
    "Id": 50010005,
    "QuestKey": "Region_ZD_1005",
    "QuestName": "博物 · 琥珀",
    "QuestType": 5,
    "IsRepeat": false,
    "IsAutoTrack": false,
    "QuestText": "广博的见闻有助于野外生存，观察并纪录自然吧。",
    "IsOnline": 0,
    "RewardShow": 0,
    "AreaId": 1,
    "Duration": 86400,
    "PanelTexturePath": "/Game/Aki/UI/UIResources/UiQuest/Image/T_QuestChatu_UI.T_QuestChatu_UI"
  },
  {
    "Id": 50010006,
    "QuestKey": "Region_ZD_1006",
    "QuestName": "博物 · 紫珊瑚树",
    "QuestType": 5,
    "IsRepeat": false,
    "IsAutoTrack": false,
    "QuestText": "广博的见闻有助于野外生存，观察并纪录自然吧。",
    "IsOnline": 0,
    "RewardShow": 0,
    "AreaId": 1,
    "Duration": 86400,
    "PanelTexturePath": "/Game/Aki/UI/UIResources/UiQuest/Image/T_QuestChatu_UI.T_QuestChatu_UI"
  },
  {
    "Id": 50010007,
    "QuestKey": "Region_ZD_1007",
    "QuestName": "博物 · 烈焰花柱高级",
    "QuestType": 5,
    "IsRepeat": false,
    "IsAutoTrack": false,
    "QuestText": "广博的见闻有助于野外生存，观察并纪录自然吧。",
    "IsOnline": 0,
    "RewardShow": 0,
    "AreaId": 1,
    "Duration": 86400,
    "PanelTexturePath": "/Game/Aki/UI/UIResources/UiQuest/Image/T_QuestChatu_UI.T_QuestChatu_UI"
  },
  {
    "Id": 50020001,
    "QuestKey": "Region_ZD_2001",
    "QuestName": "广集珍物 · 活力剂",
    "QuestType": 5,
    "IsRepeat": false,
    "IsAutoTrack": false,
    "QuestText": "截稿日就快到了，需要一些提神的东西助我赶稿，我会准备好相应的报酬。",
    "IsOnline": 0,
    "RewardShow": 0,
    "AreaId": 1,
    "Duration": 86400,
    "PanelTexturePath": "/Game/Aki/UI/UIResources/UiQuest/Image/T_QuestChatu_UI.T_QuestChatu_UI"
  },
  {
    "Id": 50020002,
    "QuestKey": "Region_ZD_2002",
    "QuestName": "广集珍物 · 紫云乌头",
    "QuestType": 5,
    "IsRepeat": false,
    "IsAutoTrack": false,
    "QuestText": "对于经常在野外工作的人来说，紫云乌头是必备良药，重金收购紫云乌头！",
    "IsOnline": 0,
    "RewardShow": 0,
    "AreaId": 1,
    "Duration": 86400,
    "PanelTexturePath": "/Game/Aki/UI/UIResources/UiQuest/Image/T_QuestChatu_UI.T_QuestChatu_UI"
  },
  {
    "Id": 50020003,
    "QuestKey": "Region_ZD_2003",
    "QuestName": "广集珍物 · 清月子",
    "QuestType": 5,
    "IsRepeat": false,
    "IsAutoTrack": false,
    "QuestText": "想要一些清月子煲汤，最好是新鲜的。",
    "IsOnline": 0,
    "RewardShow": 0,
    "AreaId": 1,
    "Duration": 86400,
    "PanelTexturePath": "/Game/Aki/UI/UIResources/UiQuest/Image/T_QuestChatu_UI.T_QuestChatu_UI"
  },
  {
    "Id": 50020004,
    "QuestKey": "Region_ZD_2004",
    "QuestName": "广集珍物 · 烈焰花柱",
    "QuestType": 5,
    "IsRepeat": false,
    "IsAutoTrack": false,
    "QuestText": "烈焰花种成盆栽冬天能暖房吗？想要一些烈焰花柱做个实验。",
    "IsOnline": 0,
    "RewardShow": 0,
    "AreaId": 1,
    "Duration": 86400,
    "PanelTexturePath": "/Game/Aki/UI/UIResources/UiQuest/Image/T_QuestChatu_UI.T_QuestChatu_UI"
  },
  {
    "Id": 50020005,
    "QuestKey": "Region_ZD_2005",
    "QuestName": "广集珍物 · 蒲公英",
    "QuestType": 5,
    "IsRepeat": false,
    "IsAutoTrack": false,
    "QuestText": "我不信有人能把蒲公英完好无损地带来给我，除非让我看看！",
    "IsOnline": 0,
    "RewardShow": 0,
    "AreaId": 1,
    "Duration": 86400,
    "PanelTexturePath": "/Game/Aki/UI/UIResources/UiQuest/Image/T_QuestChatu_UI.T_QuestChatu_UI"
  },
  {
    "Id": 50020006,
    "QuestKey": "Region_ZD_2006",
    "QuestName": "广集珍物 · 琥珀",
    "QuestType": 5,
    "IsRepeat": false,
    "IsAutoTrack": false,
    "QuestText": "琥珀真漂亮呀，如果做成首饰送给…… 总之，想要更多琥珀！",
    "IsOnline": 0,
    "RewardShow": 0,
    "AreaId": 1,
    "Duration": 86400,
    "PanelTexturePath": "/Game/Aki/UI/UIResources/UiQuest/Image/T_QuestChatu_UI.T_QuestChatu_UI"
  },
  {
    "Id": 50020007,
    "QuestKey": "Region_ZD_2007",
    "QuestName": "广集珍物 · 兽肉",
    "QuestType": 5,
    "IsRepeat": false,
    "IsAutoTrack": false,
    "QuestText": "真想尝尝除了压缩饼干和罐头以外的美味，比如红烧肉……",
    "IsOnline": 0,
    "RewardShow": 0,
    "AreaId": 1,
    "Duration": 86400,
    "PanelTexturePath": "/Game/Aki/UI/UIResources/UiQuest/Image/T_QuestChatu_UI.T_QuestChatu_UI"
  },
  {
    "Id": 50030001,
    "QuestKey": "Region_ZD_3001",
    "QuestName": "路见不平 · 惊吓",
    "QuestType": 5,
    "IsRepeat": false,
    "IsAutoTrack": false,
    "QuestText": "最近总是在同一个地方遇到幻象，求求你们了，赶快清理掉他们吧！",
    "IsOnline": 0,
    "RewardShow": 0,
    "AreaId": 1,
    "Duration": 86400,
    "PanelTexturePath": "/Game/Aki/UI/UIResources/UiQuest/Image/T_QuestChatu_UI.T_QuestChatu_UI"
  },
  {
    "Id": 50030002,
    "QuestKey": "Region_ZD_3002",
    "QuestName": "路见不平 · 勒索",
    "QuestType": 5,
    "IsRepeat": false,
    "IsAutoTrack": false,
    "QuestText": "竟……竟然被打劫了，请正义的共鸣者帮我找回被劫的物资。",
    "IsOnline": 0,
    "RewardShow": 0,
    "AreaId": 1,
    "Duration": 86400,
    "PanelTexturePath": "/Game/Aki/UI/UIResources/UiQuest/Image/T_QuestChatu_UI.T_QuestChatu_UI"
  },
  {
    "Id": 50030003,
    "QuestKey": "Region_ZD_3003",
    "QuestName": "路见不平 · 忠犬",
    "QuestType": 5,
    "IsRepeat": false,
    "IsAutoTrack": false,
    "QuestText": "呜呜呜呜呜……我的小狗被幻象欺负了呜呜呜呜呜……希望好心的共鸣者帮我的小狗报仇呜呜呜呜呜……",
    "IsOnline": 0,
    "RewardShow": 0,
    "AreaId": 1,
    "Duration": 86400,
    "PanelTexturePath": "/Game/Aki/UI/UIResources/UiQuest/Image/T_QuestChatu_UI.T_QuestChatu_UI"
  },
  {
    "Id": 50030004,
    "QuestKey": "Region_ZD_3004",
    "QuestName": "路见不平 · 反目",
    "QuestType": 5,
    "IsRepeat": false,
    "IsAutoTrack": false,
    "QuestText": "那个可恶的家伙竟然加入了流放者，还打劫路人，希望有人能帮我惩治他！",
    "IsOnline": 0,
    "RewardShow": 0,
    "AreaId": 1,
    "Duration": 86400,
    "PanelTexturePath": "/Game/Aki/UI/UIResources/UiQuest/Image/T_QuestChatu_UI.T_QuestChatu_UI"
  },
  {
    "Id": 50030005,
    "QuestKey": "Region_ZD_3005",
    "QuestName": "路见不平 · 除害",
    "QuestType": 5,
    "IsRepeat": false,
    "IsAutoTrack": false,
    "QuestText": "近日有一伙流放者守在进入七舍的要道旁，专门勒索落单的居民，请共鸣者帮忙驱逐流放者。",
    "IsOnline": 0,
    "RewardShow": 0,
    "AreaId": 1,
    "Duration": 86400,
    "PanelTexturePath": "/Game/Aki/UI/UIResources/UiQuest/Image/T_QuestChatu_UI.T_QuestChatu_UI"
  },
  {
    "Id": 50030006,
    "QuestKey": "Region_ZD_3006",
    "QuestName": "路见不平 · 噪声",
    "QuestType": 5,
    "IsRepeat": false,
    "IsAutoTrack": false,
    "QuestText": "原本以为是小孩儿们不分昼夜在玩闹，结果竟然是一群幻象在模仿乐队演奏。不仅扰民，还很危险。请赶快驱逐他们！",
    "IsOnline": 0,
    "RewardShow": 0,
    "AreaId": 1,
    "Duration": 86400,
    "PanelTexturePath": "/Game/Aki/UI/UIResources/UiQuest/Image/T_QuestChatu_UI.T_QuestChatu_UI"
  },
  {
    "Id": 50030007,
    "QuestKey": "Region_ZD_3007",
    "QuestName": "路见不平 · 取材",
    "QuestType": 5,
    "IsRepeat": false,
    "IsAutoTrack": false,
    "QuestText": "最近灵感枯竭，寻求一段共鸣者对抗幻象的战斗纪录作为写作素材，重金酬谢。",
    "IsOnline": 0,
    "RewardShow": 0,
    "AreaId": 1,
    "Duration": 86400,
    "PanelTexturePath": "/Game/Aki/UI/UIResources/UiQuest/Image/T_QuestChatu_UI.T_QuestChatu_UI"
  },
  {
    "Id": 50040001,
    "QuestKey": "Region_ZD_4001",
    "QuestName": "无音隐患 · 其一",
    "QuestType": 5,
    "IsRepeat": false,
    "IsAutoTrack": false,
    "QuestText": "无音区是孕育幻象的温床之一，放任不管的话会埋下隐患，请帮忙净化无音区。",
    "IsOnline": 0,
    "RewardShow": 0,
    "AreaId": 1,
    "Duration": 86400,
    "PanelTexturePath": "/Game/Aki/UI/UIResources/UiQuest/Image/T_QuestChatu_UI.T_QuestChatu_UI"
  },
  {
    "Id": 50040002,
    "QuestKey": "Region_ZD_4002",
    "QuestName": "无音隐患 · 其二",
    "QuestType": 5,
    "IsRepeat": false,
    "IsAutoTrack": false,
    "QuestText": "无音区是孕育幻象的温床之一，放任不管的话会埋下隐患，请帮忙净化无音区。",
    "IsOnline": 0,
    "RewardShow": 0,
    "AreaId": 1,
    "Duration": 86400,
    "PanelTexturePath": "/Game/Aki/UI/UIResources/UiQuest/Image/T_QuestChatu_UI.T_QuestChatu_UI"
  },
  {
    "Id": 50040003,
    "QuestKey": "Region_ZD_4003",
    "QuestName": "无音隐患 · 其三",
    "QuestType": 5,
    "IsRepeat": false,
    "IsAutoTrack": false,
    "QuestText": "无音区是孕育幻象的温床之一，放任不管的话会埋下隐患，请帮忙净化无音区。",
    "IsOnline": 0,
    "RewardShow": 0,
    "AreaId": 1,
    "Duration": 86400,
    "PanelTexturePath": "/Game/Aki/UI/UIResources/UiQuest/Image/T_QuestChatu_UI.T_QuestChatu_UI"
  },
  {
    "Id": 50040004,
    "QuestKey": "Region_ZD_4004",
    "QuestName": "无音隐患 · 其四",
    "QuestType": 5,
    "IsRepeat": false,
    "IsAutoTrack": false,
    "QuestText": "无音区是孕育幻象的温床之一，放任不管的话会埋下隐患，请帮忙净化无音区。",
    "IsOnline": 0,
    "RewardShow": 0,
    "AreaId": 1,
    "Duration": 86400,
    "PanelTexturePath": "/Game/Aki/UI/UIResources/UiQuest/Image/T_QuestChatu_UI.T_QuestChatu_UI"
  },
  {
    "Id": 50000001,
    "QuestKey": "Region_ZD_0001",
    "QuestName": "样本调研活动",
    "QuestType": 5,
    "IsRepeat": false,
    "IsAutoTrack": false,
    "QuestText": "分身乏术的少女正在寻求科研助手，想要报名的话请前往研究所。",
    "IsOnline": 0,
    "RewardShow": 0,
    "AreaId": 1,
    "Duration": 86400,
    "PanelTexturePath": "/Game/Aki/UI/UIResources/UiQuest/Image/T_QuestChatu_UI.T_QuestChatu_UI"
  },
  {
    "Id": 50000002,
    "QuestKey": "Region_ZD_0002",
    "QuestName": "羊咩的烦恼",
    "QuestType": 5,
    "IsRepeat": false,
    "IsAutoTrack": false,
    "QuestText": "安可又有烦恼了，去七舍酒楼门口见她吧。",
    "IsOnline": 0,
    "RewardShow": 0,
    "AreaId": 1,
    "Duration": 86400,
    "PanelTexturePath": "/Game/Aki/UI/UIResources/UiQuest/Image/T_QuestChatu_UI.T_QuestChatu_UI"
  },
  {
    "Id": 50000003,
    "QuestKey": "Region_ZD_0003",
    "QuestName": "神秘的求救信号",
    "QuestType": 5,
    "IsRepeat": false,
    "IsAutoTrack": false,
    "QuestText": "紧急！紧急！黑石高地传来求救信号，急需援手！",
    "IsOnline": 0,
    "RewardShow": 0,
    "AreaId": 1,
    "Duration": 86400,
    "PanelTexturePath": "/Game/Aki/UI/UIResources/UiQuest/Image/T_QuestChatu_UI.T_QuestChatu_UI"
  },
  {
    "Id": 50000004,
    "QuestKey": "Region_ZD_0004",
    "QuestName": "苦药与棉花糖",
    "QuestType": 5,
    "IsRepeat": false,
    "IsAutoTrack": false,
    "QuestText": "甘雪似乎遇到难缠的客人，前去看看吧。",
    "IsOnline": 0,
    "RewardShow": 0,
    "AreaId": 1,
    "Duration": 86400,
    "PanelTexturePath": "/Game/Aki/UI/UIResources/UiQuest/Image/T_QuestChatu_UI.T_QuestChatu_UI"
  },
  {
    "Id": 50000005,
    "QuestKey": "Region_ZD_0005",
    "QuestName": "与幻象的交易",
    "QuestType": 5,
    "IsRepeat": false,
    "IsAutoTrack": false,
    "QuestText": "云露茶馆中一位神秘少女似乎需要帮助……",
    "IsOnline": 0,
    "RewardShow": 0,
    "AreaId": 1,
    "Duration": 86400,
    "PanelTexturePath": "/Game/Aki/UI/UIResources/UiQuest/Image/T_QuestChatu_UI.T_QuestChatu_UI"
  },
  {
    "Id": 50000006,
    "QuestKey": "Region_ZD_0006",
    "QuestName": "寻找玄武",
    "QuestType": 5,
    "IsRepeat": false,
    "IsAutoTrack": false,
    "QuestText": "夜归的士兵正在中枢区焦急地等待，看来那位玄武少女又不知所踪了，去看看情况吧。",
    "IsOnline": 0,
    "RewardShow": 0,
    "AreaId": 1,
    "Duration": 86400,
    "PanelTexturePath": "/Game/Aki/UI/UIResources/UiQuest/Image/T_QuestChatu_UI.T_QuestChatu_UI"
  },
  {
    "Id": 50000007,
    "QuestKey": "Region_ZD_0007",
    "QuestName": "损毁的信标",
    "QuestType": 5,
    "IsRepeat": false,
    "IsAutoTrack": false,
    "QuestText": "铭记之谷内，你所熟知的那位少女遇上了麻烦，或许你能帮助她摆脱困境。",
    "IsOnline": 0,
    "RewardShow": 0,
    "AreaId": 1,
    "Duration": 86400,
    "PanelTexturePath": "/Game/Aki/UI/UIResources/UiQuest/Image/T_QuestChatu_UI.T_QuestChatu_UI"
  },
  {
    "Id": 50000008,
    "QuestKey": "Region_ZD_0008",
    "QuestName": "遗落的宝藏",
    "QuestType": 5,
    "IsRepeat": false,
    "IsAutoTrack": false,
    "QuestText": "传闻中的宝藏竟在黑石高地出现……勇敢的开拓者，去一探究竟吧。",
    "IsOnline": 0,
    "RewardShow": 0,
    "AreaId": 1,
    "Duration": 86400,
    "PanelTexturePath": "/Game/Aki/UI/UIResources/UiQuest/Image/T_QuestChatu_UI.T_QuestChatu_UI"
  },
  {
    "Id": 50050001,
    "QuestKey": "Region_ZD_5001",
    "QuestName": "胖达运业 · 其一",
    "QuestType": 5,
    "IsRepeat": false,
    "IsAutoTrack": false,
    "QuestText": "胖达运业的沛沛近日忙得不可开交，正在招募共鸣者兼职送货。",
    "IsOnline": 0,
    "RewardShow": 0,
    "AreaId": 1,
    "Duration": 86400,
    "PanelTexturePath": "/Game/Aki/UI/UIResources/UiQuest/Image/T_QuestChatu_UI.T_QuestChatu_UI"
  },
  {
    "Id": 50050002,
    "QuestKey": "Region_ZD_5002",
    "QuestName": "胖达运业 · 其二",
    "QuestType": 5,
    "IsRepeat": false,
    "IsAutoTrack": false,
    "QuestText": "胖达运业的沛沛近日忙得不可开交，正在招募共鸣者兼职送货。",
    "IsOnline": 0,
    "RewardShow": 0,
    "AreaId": 1,
    "Duration": 86400,
    "PanelTexturePath": "/Game/Aki/UI/UIResources/UiQuest/Image/T_QuestChatu_UI.T_QuestChatu_UI"
  },
  {
    "Id": 50050003,
    "QuestKey": "Region_ZD_5003",
    "QuestName": "胖达运业 · 其三",
    "QuestType": 5,
    "IsRepeat": false,
    "IsAutoTrack": false,
    "QuestText": "胖达运业的沛沛近日忙得不可开交，正在招募共鸣者兼职送货。",
    "IsOnline": 0,
    "RewardShow": 0,
    "AreaId": 1,
    "Duration": 86400,
    "PanelTexturePath": "/Game/Aki/UI/UIResources/UiQuest/Image/T_QuestChatu_UI.T_QuestChatu_UI"
  },
  {
    "Id": 50050004,
    "QuestKey": "Region_ZD_5004",
    "QuestName": "胖达运业 · 其四",
    "QuestType": 5,
    "IsRepeat": false,
    "IsAutoTrack": false,
    "QuestText": "胖达运业的沛沛近日忙得不可开交，正在招募共鸣者兼职送货。",
    "IsOnline": 0,
    "RewardShow": 0,
    "AreaId": 1,
    "Duration": 86400,
    "PanelTexturePath": "/Game/Aki/UI/UIResources/UiQuest/Image/T_QuestChatu_UI.T_QuestChatu_UI"
  },
  {
    "Id": 50060001,
    "QuestKey": "Region_ZD_6001",
    "QuestName": "飞檐走壁 · 其一",
    "QuestType": 5,
    "IsRepeat": false,
    "IsAutoTrack": false,
    "QuestText": "一群热衷挑战自我的极限运动爱好者们发布的活动邀请，成功完成挑战者，协会将给予丰厚的奖励。",
    "IsOnline": 0,
    "RewardShow": 0,
    "AreaId": 1,
    "Duration": 86400,
    "PanelTexturePath": "/Game/Aki/UI/UIResources/UiQuest/Image/T_QuestChatu_UI.T_QuestChatu_UI"
  },
  {
    "Id": 50060002,
    "QuestKey": "Region_ZD_6002",
    "QuestName": "飞檐走壁 · 其二",
    "QuestType": 5,
    "IsRepeat": false,
    "IsAutoTrack": false,
    "QuestText": "一群热衷挑战自我的极限运动爱好者们发布的活动邀请，成功完成挑战者，协会将给予丰厚的奖励。",
    "IsOnline": 0,
    "RewardShow": 0,
    "AreaId": 1,
    "Duration": 86400,
    "PanelTexturePath": "/Game/Aki/UI/UIResources/UiQuest/Image/T_QuestChatu_UI.T_QuestChatu_UI"
  },
  {
    "Id": 50060003,
    "QuestKey": "Region_ZD_6003",
    "QuestName": "飞檐走壁 · 其三",
    "QuestType": 5,
    "IsRepeat": false,
    "IsAutoTrack": false,
    "QuestText": "一群热衷挑战自我的极限运动爱好者们发布的活动邀请，成功完成挑战者，协会将给予丰厚的奖励。",
    "IsOnline": 0,
    "RewardShow": 0,
    "AreaId": 1,
    "Duration": 86400,
    "PanelTexturePath": "/Game/Aki/UI/UIResources/UiQuest/Image/T_QuestChatu_UI.T_QuestChatu_UI"
  },
  {
    "Id": 50060004,
    "QuestKey": "Region_ZD_6004",
    "QuestName": "飞檐走壁 · 其四",
    "QuestType": 5,
    "IsRepeat": false,
    "IsAutoTrack": false,
    "QuestText": "一群热衷挑战自我的极限运动爱好者们发布的活动邀请，成功完成挑战者，协会将给予丰厚的奖励。",
    "IsOnline": 0,
    "RewardShow": 0,
    "AreaId": 1,
    "Duration": 86400,
    "PanelTexturePath": "/Game/Aki/UI/UIResources/UiQuest/Image/T_QuestChatu_UI.T_QuestChatu_UI"
  }
]