[
  {
    "Id": 1,
    "ItemId": 4,
    "ItemCount": 60,
    "PayId": 1,
    "IsDisplay": true,
    "StageImage": "/Game/Aki/UI/UIResources/Common/Image/IconCharge/T_IconCharge_01.T_IconCharge_01",
    "BonusItemCount": 0,
    "SpecialBonusItemCount": 60
  },
  {
    "Id": 2,
    "ItemId": 4,
    "ItemCount": 300,
    "PayId": 2,
    "IsDisplay": true,
    "StageImage": "/Game/Aki/UI/UIResources/Common/Image/IconCharge/T_IconCharge_02.T_IconCharge_02",
    "BonusItemCount": 30,
    "SpecialBonusItemCount": 300
  },
  {
    "Id": 3,
    "ItemId": 4,
    "ItemCount": 980,
    "PayId": 4,
    "IsDisplay": true,
    "StageImage": "/Game/Aki/UI/UIResources/Common/Image/IconCharge/T_IconCharge_03.T_IconCharge_03",
    "BonusItemCount": 110,
    "SpecialBonusItemCount": 980
  },
  {
    "Id": 4,
    "ItemId": 4,
    "ItemCount": 1980,
    "PayId": 6,
    "IsDisplay": true,
    "StageImage": "/Game/Aki/UI/UIResources/Common/Image/IconCharge/T_IconCharge_04.T_IconCharge_04",
    "BonusItemCount": 260,
    "SpecialBonusItemCount": 1980
  },
  {
    "Id": 5,
    "ItemId": 4,
    "ItemCount": 3280,
    "PayId": 7,
    "IsDisplay": true,
    "StageImage": "/Game/Aki/UI/UIResources/Common/Image/IconCharge/T_IconCharge_05.T_IconCharge_05",
    "BonusItemCount": 600,
    "SpecialBonusItemCount": 3280
  },
  {
    "Id": 6,
    "ItemId": 4,
    "ItemCount": 6480,
    "PayId": 8,
    "IsDisplay": true,
    "StageImage": "/Game/Aki/UI/UIResources/Common/Image/IconCharge/T_IconCharge_06.T_IconCharge_06",
    "BonusItemCount": 1600,
    "SpecialBonusItemCount": 6480
  },
  {
    "Id": 10000,
    "ItemId": 4,
    "ItemCount": 52,
    "PayId": 10000,
    "IsDisplay": false,
    "StageImage": "/Game/Aki/UI/UIResources/Common/Image/IconCharge/T_IconCharge_01.T_IconCharge_01",
    "BonusItemCount": 0,
    "SpecialBonusItemCount": 0
  },
  {
    "Id": 10001,
    "ItemId": 4,
    "ItemCount": 88,
    "PayId": 10001,
    "IsDisplay": false,
    "StageImage": "/Game/Aki/UI/UIResources/Common/Image/IconCharge/T_IconCharge_01.T_IconCharge_01",
    "BonusItemCount": 0,
    "SpecialBonusItemCount": 0
  },
  {
    "Id": 10002,
    "ItemId": 4,
    "ItemCount": 158,
    "PayId": 10002,
    "IsDisplay": false,
    "StageImage": "/Game/Aki/UI/UIResources/Common/Image/IconCharge/T_IconCharge_01.T_IconCharge_01",
    "BonusItemCount": 0,
    "SpecialBonusItemCount": 0
  },
  {
    "Id": 10003,
    "ItemId": 4,
    "ItemCount": 264,
    "PayId": 10003,
    "IsDisplay": false,
    "StageImage": "/Game/Aki/UI/UIResources/Common/Image/IconCharge/T_IconCharge_01.T_IconCharge_01",
    "BonusItemCount": 0,
    "SpecialBonusItemCount": 0
  },
  {
    "Id": 10004,
    "ItemId": 4,
    "ItemCount": 300,
    "PayId": 10004,
    "IsDisplay": false,
    "StageImage": "/Game/Aki/UI/UIResources/Common/Image/IconCharge/T_IconCharge_01.T_IconCharge_01",
    "BonusItemCount": 0,
    "SpecialBonusItemCount": 0
  },
  {
    "Id": 10005,
    "ItemId": 4,
    "ItemCount": 528,
    "PayId": 10005,
    "IsDisplay": false,
    "StageImage": "/Game/Aki/UI/UIResources/Common/Image/IconCharge/T_IconCharge_01.T_IconCharge_01",
    "BonusItemCount": 52,
    "SpecialBonusItemCount": 0
  },
  {
    "Id": 10006,
    "ItemId": 4,
    "ItemCount": 616,
    "PayId": 10006,
    "IsDisplay": false,
    "StageImage": "/Game/Aki/UI/UIResources/Common/Image/IconCharge/T_IconCharge_01.T_IconCharge_01",
    "BonusItemCount": 60,
    "SpecialBonusItemCount": 0
  },
  {
    "Id": 10007,
    "ItemId": 4,
    "ItemCount": 704,
    "PayId": 10007,
    "IsDisplay": false,
    "StageImage": "/Game/Aki/UI/UIResources/Common/Image/IconCharge/T_IconCharge_01.T_IconCharge_01",
    "BonusItemCount": 70,
    "SpecialBonusItemCount": 0
  },
  {
    "Id": 10008,
    "ItemId": 4,
    "ItemCount": 794,
    "PayId": 10008,
    "IsDisplay": false,
    "StageImage": "/Game/Aki/UI/UIResources/Common/Image/IconCharge/T_IconCharge_01.T_IconCharge_01",
    "BonusItemCount": 78,
    "SpecialBonusItemCount": 0
  },
  {
    "Id": 10009,
    "ItemId": 4,
    "ItemCount": 882,
    "PayId": 10009,
    "IsDisplay": false,
    "StageImage": "/Game/Aki/UI/UIResources/Common/Image/IconCharge/T_IconCharge_01.T_IconCharge_01",
    "BonusItemCount": 88,
    "SpecialBonusItemCount": 0
  },
  {
    "Id": 10010,
    "ItemId": 4,
    "ItemCount": 1322,
    "PayId": 10010,
    "IsDisplay": false,
    "StageImage": "/Game/Aki/UI/UIResources/Common/Image/IconCharge/T_IconCharge_01.T_IconCharge_01",
    "BonusItemCount": 148,
    "SpecialBonusItemCount": 0
  },
  {
    "Id": 10011,
    "ItemId": 4,
    "ItemCount": 1764,
    "PayId": 10011,
    "IsDisplay": false,
    "StageImage": "/Game/Aki/UI/UIResources/Common/Image/IconCharge/T_IconCharge_01.T_IconCharge_01",
    "BonusItemCount": 198,
    "SpecialBonusItemCount": 0
  },
  {
    "Id": 10012,
    "ItemId": 4,
    "ItemCount": 2028,
    "PayId": 10012,
    "IsDisplay": false,
    "StageImage": "/Game/Aki/UI/UIResources/Common/Image/IconCharge/T_IconCharge_01.T_IconCharge_01",
    "BonusItemCount": 266,
    "SpecialBonusItemCount": 0
  },
  {
    "Id": 10013,
    "ItemId": 4,
    "ItemCount": 2628,
    "PayId": 10013,
    "IsDisplay": false,
    "StageImage": "/Game/Aki/UI/UIResources/Common/Image/IconCharge/T_IconCharge_01.T_IconCharge_01",
    "BonusItemCount": 344,
    "SpecialBonusItemCount": 0
  },
  {
    "Id": 10014,
    "ItemId": 4,
    "ItemCount": 2982,
    "PayId": 10014,
    "IsDisplay": false,
    "StageImage": "/Game/Aki/UI/UIResources/Common/Image/IconCharge/T_IconCharge_01.T_IconCharge_01",
    "BonusItemCount": 390,
    "SpecialBonusItemCount": 0
  },
  {
    "Id": 10015,
    "ItemId": 4,
    "ItemCount": 3520,
    "PayId": 10015,
    "IsDisplay": false,
    "StageImage": "/Game/Aki/UI/UIResources/Common/Image/IconCharge/T_IconCharge_01.T_IconCharge_01",
    "BonusItemCount": 642,
    "SpecialBonusItemCount": 0
  },
  {
    "Id": 10016,
    "ItemId": 4,
    "ItemCount": 4410,
    "PayId": 10016,
    "IsDisplay": false,
    "StageImage": "/Game/Aki/UI/UIResources/Common/Image/IconCharge/T_IconCharge_01.T_IconCharge_01",
    "BonusItemCount": 806,
    "SpecialBonusItemCount": 0
  },
  {
    "Id": 10017,
    "ItemId": 4,
    "ItemCount": 5290,
    "PayId": 10017,
    "IsDisplay": false,
    "StageImage": "/Game/Aki/UI/UIResources/Common/Image/IconCharge/T_IconCharge_01.T_IconCharge_01",
    "BonusItemCount": 966,
    "SpecialBonusItemCount": 0
  },
  {
    "Id": 10018,
    "ItemId": 4,
    "ItemCount": 5800,
    "PayId": 10018,
    "IsDisplay": false,
    "StageImage": "/Game/Aki/UI/UIResources/Common/Image/IconCharge/T_IconCharge_01.T_IconCharge_01",
    "BonusItemCount": 1060,
    "SpecialBonusItemCount": 0
  },
  {
    "Id": 10019,
    "ItemId": 4,
    "ItemCount": 8820,
    "PayId": 10019,
    "IsDisplay": false,
    "StageImage": "/Game/Aki/UI/UIResources/Common/Image/IconCharge/T_IconCharge_01.T_IconCharge_01",
    "BonusItemCount": 2176,
    "SpecialBonusItemCount": 0
  },
  {
    "Id": 10020,
    "ItemId": 4,
    "ItemCount": 17640,
    "PayId": 10020,
    "IsDisplay": false,
    "StageImage": "/Game/Aki/UI/UIResources/Common/Image/IconCharge/T_IconCharge_01.T_IconCharge_01",
    "BonusItemCount": 4354,
    "SpecialBonusItemCount": 0
  },
  {
    "Id": 100,
    "ItemId": 4,
    "ItemCount": 12960,
    "PayId": 31,
    "IsDisplay": false,
    "StageImage": "/Game/Aki/UI/UIResources/Common/Image/IconCharge/T_IconCharge_06.T_IconCharge_06",
    "BonusItemCount": 3200,
    "SpecialBonusItemCount": 0
  },
  {
    "Id": 101,
    "ItemId": 4,
    "ItemCount": 32400,
    "PayId": 32,
    "IsDisplay": false,
    "StageImage": "/Game/Aki/UI/UIResources/Common/Image/IconCharge/T_IconCharge_06.T_IconCharge_06",
    "BonusItemCount": 8000,
    "SpecialBonusItemCount": 0
  },
  {
    "Id": 102,
    "ItemId": 4,
    "ItemCount": 64800,
    "PayId": 33,
    "IsDisplay": false,
    "StageImage": "/Game/Aki/UI/UIResources/Common/Image/IconCharge/T_IconCharge_06.T_IconCharge_06",
    "BonusItemCount": 16000,
    "SpecialBonusItemCount": 0
  }
]