[
  {
    "Name": "LoginLogo",
    "ZhHansLogo": "/Game/Aki/UI/UIResources/Common/Image/IconLogo/T_LogoCn.T_LogoCn",
    "EnLogo": "/Game/Aki/UI/UIResources/Common/Image/IconLogo/T_LogoEn.T_LogoEn",
    "JpLogo": "/Game/Aki/UI/UIResources/Common/Image/IconLogo/T_LogoTc.T_LogoTc",
    "ZhHantLogo": "/Game/Aki/UI/UIResources/Common/Image/IconLogo/T_LogoTc.T_LogoTc",
    "KrLogo": "/Game/Aki/UI/UIResources/Common/Image/IconLogo/T_LogoKo.T_LogoKo"
  },
  {
    "Name": "PhotoLogo",
    "ZhHansLogo": "/Game/Aki/UI/UIResources/Common/Image/IconLogo/T_LogoOutLineCN.T_LogoOutLineCN",
    "EnLogo": "/Game/Aki/UI/UIResources/Common/Image/IconLogo/T_LogoOutLineEN.T_LogoOutLineEN",
    "JpLogo": "/Game/Aki/UI/UIResources/Common/Image/IconLogo/T_LogoOutLineJP.T_LogoOutLineJP",
    "ZhHantLogo": "/Game/Aki/UI/UIResources/Common/Image/IconLogo/T_LogoTc.T_LogoTc",
    "KrLogo": "/Game/Aki/UI/UIResources/Common/Image/IconLogo/T_LogoOutLineKR.T_LogoOutLineKR"
  },
  {
    "Name": "PlotLogo",
    "ZhHansLogo": "/Game/Aki/UI/UIResources/Common/Image/IconLogo/T_LogoCn.T_LogoCn",
    "EnLogo": "/Game/Aki/UI/UIResources/Common/Image/IconLogo/T_LogoEn.T_LogoEn",
    "JpLogo": "/Game/Aki/UI/UIResources/Common/Image/IconLogo/T_LogoTc.T_LogoTc",
    "ZhHantLogo": "/Game/Aki/UI/UIResources/Common/Image/IconLogo/T_LogoTc.T_LogoTc",
    "KrLogo": "/Game/Aki/UI/UIResources/Common/Image/IconLogo/T_LogoKo.T_LogoKo"
  },
  {
    "Name": "ShareLogo",
    "ZhHansLogo": "/Game/Aki/UI/UIResources/Common/Image/IconLogo/T_LogoOutLineCN.T_LogoOutLineCN",
    "EnLogo": "/Game/Aki/UI/UIResources/Common/Image/IconLogo/T_LogoOutLineEN.T_LogoOutLineEN",
    "JpLogo": "/Game/Aki/UI/UIResources/Common/Image/IconLogo/T_LogoOutLineJP.T_LogoOutLineJP",
    "ZhHantLogo": "/Game/Aki/UI/UIResources/Common/Image/IconLogo/T_LogoTc.T_LogoTc",
    "KrLogo": "/Game/Aki/UI/UIResources/Common/Image/IconLogo/T_LogoOutLineKR.T_LogoOutLineKR"
  }
]