[
  {
    "Id": 1,
    "GroupId": 1402,
    "GroupIndex": 1,
    "NodeType": 1,
    "NodeIndex": "ResonantChain_4_NodeIndex",
    "NodeName": "ResonantChain_1_NodeName",
    "AttributesDescription": "ResonantChain_1_AttributesDescription",
    "BgDescription": "PrefabTextItem_Empty_Text",
    "BuffIds": [
      1402901001
    ],
    "AddProp": {
      "PKa": [],
      "length": 0
    },
    "ActivateConsume": {
      "size": 1
    },
    "AttributesDescriptionParams": [
      "15%",
      "8"
    ],
    "NodeIcon": "/Game/Aki/UI/UIResources/Common/Image/IconDevice/T_IconDevice_YangyangM1_UI.T_IconDevice_YangyangM1_UI"
  },
  {
    "Id": 2,
    "GroupId": 1402,
    "GroupIndex": 2,
    "NodeType": 1,
    "NodeIndex": "ResonantChain_8_NodeIndex",
    "NodeName": "ResonantChain_2_NodeName",
    "AttributesDescription": "ResonantChain_2_AttributesDescription",
    "BgDescription": "PrefabTextItem_Empty_Text",
    "BuffIds": [
      1402902001
    ],
    "AddProp": {
      "PKa": [],
      "length": 0
    },
    "ActivateConsume": {
      "size": 1
    },
    "AttributesDescriptionParams": [
      "10",
      "20"
    ],
    "NodeIcon": "/Game/Aki/UI/UIResources/Common/Image/IconDevice/T_IconDevice_YangyangM2_UI.T_IconDevice_YangyangM2_UI"
  },
  {
    "Id": 3,
    "GroupId": 1402,
    "GroupIndex": 3,
    "NodeType": 1,
    "NodeIndex": "ResonantChain_12_NodeIndex",
    "NodeName": "ResonantChain_3_NodeName",
    "AttributesDescription": "ResonantChain_3_AttributesDescription",
    "BgDescription": "PrefabTextItem_Empty_Text",
    "BuffIds": [
      1402903001
    ],
    "AddProp": {
      "PKa": [],
      "length": 0
    },
    "ActivateConsume": {
      "size": 1
    },
    "AttributesDescriptionParams": [
      "40%",
      "33%"
    ],
    "NodeIcon": "/Game/Aki/UI/UIResources/Common/Image/IconDevice/T_IconDevice_YangyangM3_UI.T_IconDevice_YangyangM3_UI"
  },
  {
    "Id": 4,
    "GroupId": 1402,
    "GroupIndex": 4,
    "NodeType": 1,
    "NodeIndex": "ResonantChain_16_NodeIndex",
    "NodeName": "ResonantChain_4_NodeName",
    "AttributesDescription": "ResonantChain_4_AttributesDescription",
    "BgDescription": "PrefabTextItem_Empty_Text",
    "BuffIds": [
      1402904001
    ],
    "AddProp": {
      "PKa": [],
      "length": 0
    },
    "ActivateConsume": {
      "size": 1
    },
    "AttributesDescriptionParams": [
      "95%"
    ],
    "NodeIcon": "/Game/Aki/UI/UIResources/Common/Image/IconDevice/T_IconDevice_YangyangM4_UI.T_IconDevice_YangyangM4_UI"
  },
  {
    "Id": 5,
    "GroupId": 1402,
    "GroupIndex": 5,
    "NodeType": 1,
    "NodeIndex": "ResonantChain_20_NodeIndex",
    "NodeName": "ResonantChain_5_NodeName",
    "AttributesDescription": "ResonantChain_5_AttributesDescription",
    "BgDescription": "PrefabTextItem_Empty_Text",
    "BuffIds": [
      1402905001
    ],
    "AddProp": {
      "PKa": [],
      "length": 0
    },
    "ActivateConsume": {
      "size": 1
    },
    "AttributesDescriptionParams": [
      "85%"
    ],
    "NodeIcon": "/Game/Aki/UI/UIResources/Common/Image/IconDevice/T_IconDevice_YangyangM5_UI.T_IconDevice_YangyangM5_UI"
  },
  {
    "Id": 6,
    "GroupId": 1402,
    "GroupIndex": 6,
    "NodeType": 1,
    "NodeIndex": "ResonantChain_24_NodeIndex",
    "NodeName": "ResonantChain_6_NodeName",
    "AttributesDescription": "ResonantChain_6_AttributesDescription",
    "BgDescription": "PrefabTextItem_Empty_Text",
    "BuffIds": [
      1402906001
    ],
    "AddProp": {
      "PKa": [],
      "length": 0
    },
    "ActivateConsume": {
      "size": 1
    },
    "AttributesDescriptionParams": [
      "20%",
      "20"
    ],
    "NodeIcon": "/Game/Aki/UI/UIResources/Common/Image/IconDevice/T_IconDevice_YangyangM6_UI.T_IconDevice_YangyangM6_UI"
  },
  {
    "Id": 7,
    "GroupId": 1202,
    "GroupIndex": 1,
    "NodeType": 1,
    "NodeIndex": "ResonantChain_28_NodeIndex",
    "NodeName": "ResonantChain_7_NodeName",
    "AttributesDescription": "ResonantChain_7_AttributesDescription",
    "BgDescription": "PrefabTextItem_Empty_Text",
    "BuffIds": [
      1202951013
    ],
    "AddProp": {
      "PKa": [],
      "length": 0
    },
    "ActivateConsume": {
      "size": 1
    },
    "AttributesDescriptionParams": {
      "PKa": [],
      "length": 0
    },
    "NodeIcon": "/Game/Aki/UI/UIResources/Common/Image/IconDevice/T_IconDevice_MaxiaofangM1_UI.T_IconDevice_MaxiaofangM1_UI"
  },
  {
    "Id": 8,
    "GroupId": 1202,
    "GroupIndex": 2,
    "NodeType": 1,
    "NodeIndex": "ResonantChain_32_NodeIndex",
    "NodeName": "ResonantChain_8_NodeName",
    "AttributesDescription": "ResonantChain_8_AttributesDescription",
    "BgDescription": "PrefabTextItem_Empty_Text",
    "BuffIds": [
      1202951019
    ],
    "AddProp": {
      "PKa": [],
      "length": 0
    },
    "ActivateConsume": {
      "size": 1
    },
    "AttributesDescriptionParams": [
      "1",
      "5",
      "20"
    ],
    "NodeIcon": "/Game/Aki/UI/UIResources/Common/Image/IconDevice/T_IconDevice_MaxiaofangM2_UI.T_IconDevice_MaxiaofangM2_UI"
  },
  {
    "Id": 9,
    "GroupId": 1202,
    "GroupIndex": 3,
    "NodeType": 1,
    "NodeIndex": "ResonantChain_36_NodeIndex",
    "NodeName": "ResonantChain_9_NodeName",
    "AttributesDescription": "ResonantChain_9_AttributesDescription",
    "BgDescription": "PrefabTextItem_Empty_Text",
    "BuffIds": [
      1202951022
    ],
    "AddProp": {
      "PKa": [],
      "length": 0
    },
    "ActivateConsume": {
      "size": 1
    },
    "AttributesDescriptionParams": [
      "50%",
      "40%"
    ],
    "NodeIcon": "/Game/Aki/UI/UIResources/Common/Image/IconDevice/T_IconDevice_MaxiaofangM3_UI.T_IconDevice_MaxiaofangM3_UI"
  },
  {
    "Id": 10,
    "GroupId": 1202,
    "GroupIndex": 4,
    "NodeType": 1,
    "NodeIndex": "ResonantChain_40_NodeIndex",
    "NodeName": "ResonantChain_10_NodeName",
    "AttributesDescription": "ResonantChain_10_AttributesDescription",
    "BgDescription": "PrefabTextItem_Empty_Text",
    "BuffIds": [
      1202951016
    ],
    "AddProp": {
      "PKa": [],
      "length": 0
    },
    "ActivateConsume": {
      "size": 1
    },
    "AttributesDescriptionParams": [
      "60"
    ],
    "NodeIcon": "/Game/Aki/UI/UIResources/Common/Image/IconDevice/T_IconDevice_MaxiaofangM4_UI.T_IconDevice_MaxiaofangM4_UI"
  },
  {
    "Id": 11,
    "GroupId": 1202,
    "GroupIndex": 5,
    "NodeType": 1,
    "NodeIndex": "ResonantChain_44_NodeIndex",
    "NodeName": "ResonantChain_11_NodeName",
    "AttributesDescription": "ResonantChain_11_AttributesDescription",
    "BgDescription": "PrefabTextItem_Empty_Text",
    "BuffIds": [
      1202951025
    ],
    "AddProp": {
      "PKa": [],
      "length": 0
    },
    "ActivateConsume": {
      "size": 1
    },
    "AttributesDescriptionParams": [
      "30%"
    ],
    "NodeIcon": "/Game/Aki/UI/UIResources/Common/Image/IconDevice/T_IconDevice_MaxiaofangM5_UI.T_IconDevice_MaxiaofangM5_UI"
  },
  {
    "Id": 12,
    "GroupId": 1202,
    "GroupIndex": 6,
    "NodeType": 1,
    "NodeIndex": "ResonantChain_48_NodeIndex",
    "NodeName": "ResonantChain_12_NodeName",
    "AttributesDescription": "ResonantChain_12_AttributesDescription",
    "BgDescription": "PrefabTextItem_Empty_Text",
    "BuffIds": [
      1202952001
    ],
    "AddProp": {
      "PKa": [],
      "length": 0
    },
    "ActivateConsume": {
      "size": 1
    },
    "AttributesDescriptionParams": [
      "25%",
      "15"
    ],
    "NodeIcon": "/Game/Aki/UI/UIResources/Common/Image/IconDevice/T_IconDevice_MaxiaofangM6_UI.T_IconDevice_MaxiaofangM6_UI"
  },
  {
    "Id": 13,
    "GroupId": 1503,
    "GroupIndex": 1,
    "NodeType": 1,
    "NodeIndex": "ResonantChain_52_NodeIndex",
    "NodeName": "ResonantChain_13_NodeName",
    "AttributesDescription": "ResonantChain_13_AttributesDescription",
    "BgDescription": "PrefabTextItem_Empty_Text",
    "BuffIds": [
      1503901001
    ],
    "AddProp": {
      "PKa": [],
      "length": 0
    },
    "ActivateConsume": {
      "size": 1
    },
    "AttributesDescriptionParams": [
      "5",
      "20%",
      "30"
    ],
    "NodeIcon": "/Game/Aki/UI/UIResources/Common/Image/IconDevice/T_IconDevice_weilinaiM1_UI.T_IconDevice_weilinaiM1_UI"
  },
  {
    "Id": 14,
    "GroupId": 1503,
    "GroupIndex": 2,
    "NodeType": 1,
    "NodeIndex": "ResonantChain_56_NodeIndex",
    "NodeName": "ResonantChain_14_NodeName",
    "AttributesDescription": "ResonantChain_14_AttributesDescription",
    "BgDescription": "PrefabTextItem_Empty_Text",
    "BuffIds": [
      1503902001
    ],
    "AddProp": {
      "PKa": [],
      "length": 0
    },
    "ActivateConsume": {
      "size": 1
    },
    "AttributesDescriptionParams": [
      "1",
      "10"
    ],
    "NodeIcon": "/Game/Aki/UI/UIResources/Common/Image/IconDevice/T_IconDevice_weilinaiM2_UI.T_IconDevice_weilinaiM2_UI"
  },
  {
    "Id": 15,
    "GroupId": 1503,
    "GroupIndex": 3,
    "NodeType": 1,
    "NodeIndex": "ResonantChain_60_NodeIndex",
    "NodeName": "ResonantChain_15_NodeName",
    "AttributesDescription": "ResonantChain_15_AttributesDescription",
    "BgDescription": "PrefabTextItem_Empty_Text",
    "BuffIds": [
      1503903001
    ],
    "AddProp": {
      "PKa": [],
      "length": 0
    },
    "ActivateConsume": {
      "size": 1
    },
    "AttributesDescriptionParams": [
      "12%"
    ],
    "NodeIcon": "/Game/Aki/UI/UIResources/Common/Image/IconDevice/T_IconDevice_weilinaiM3_UI.T_IconDevice_weilinaiM3_UI"
  },
  {
    "Id": 16,
    "GroupId": 1503,
    "GroupIndex": 4,
    "NodeType": 1,
    "NodeIndex": "ResonantChain_64_NodeIndex",
    "NodeName": "ResonantChain_16_NodeName",
    "AttributesDescription": "ResonantChain_16_AttributesDescription",
    "BgDescription": "PrefabTextItem_Empty_Text",
    "BuffIds": [
      1503904001
    ],
    "AddProp": {
      "PKa": [],
      "length": 0
    },
    "ActivateConsume": {
      "size": 1
    },
    "AttributesDescriptionParams": [
      "15%",
      "24"
    ],
    "NodeIcon": "/Game/Aki/UI/UIResources/Common/Image/IconDevice/T_IconDevice_weilinaiM4_UI.T_IconDevice_weilinaiM4_UI"
  },
  {
    "Id": 17,
    "GroupId": 1503,
    "GroupIndex": 5,
    "NodeType": 1,
    "NodeIndex": "ResonantChain_68_NodeIndex",
    "NodeName": "ResonantChain_17_NodeName",
    "AttributesDescription": "ResonantChain_17_AttributesDescription",
    "BgDescription": "PrefabTextItem_Empty_Text",
    "BuffIds": [
      1503905001
    ],
    "AddProp": {
      "PKa": [],
      "length": 0
    },
    "ActivateConsume": {
      "size": 1
    },
    "AttributesDescriptionParams": [
      "50%",
      "20%"
    ],
    "NodeIcon": "/Game/Aki/UI/UIResources/Common/Image/IconDevice/T_IconDevice_weilinaiM5_UI.T_IconDevice_weilinaiM5_UI"
  },
  {
    "Id": 18,
    "GroupId": 1503,
    "GroupIndex": 6,
    "NodeType": 1,
    "NodeIndex": "ResonantChain_72_NodeIndex",
    "NodeName": "ResonantChain_18_NodeName",
    "AttributesDescription": "ResonantChain_18_AttributesDescription",
    "BgDescription": "PrefabTextItem_Empty_Text",
    "BuffIds": [
      1503906001
    ],
    "AddProp": {
      "PKa": [],
      "length": 0
    },
    "ActivateConsume": {
      "size": 1
    },
    "AttributesDescriptionParams": [
      "20%",
      "1"
    ],
    "NodeIcon": "/Game/Aki/UI/UIResources/Common/Image/IconDevice/T_IconDevice_weilinaiM6_UI.T_IconDevice_weilinaiM6_UI"
  },
  {
    "Id": 19,
    "GroupId": 1102,
    "GroupIndex": 1,
    "NodeType": 1,
    "NodeIndex": "ResonantChain_76_NodeIndex",
    "NodeName": "ResonantChain_19_NodeName",
    "AttributesDescription": "ResonantChain_19_AttributesDescription",
    "BgDescription": "PrefabTextItem_Empty_Text",
    "BuffIds": [
      1102901001
    ],
    "AddProp": {
      "PKa": [],
      "length": 0
    },
    "ActivateConsume": {
      "size": 1
    },
    "AttributesDescriptionParams": [
      "15%",
      "10"
    ],
    "NodeIcon": "/Game/Aki/UI/UIResources/Common/Image/IconDevice/T_IconDevice_SanhuaM1_UI.T_IconDevice_SanhuaM1_UI"
  },
  {
    "Id": 20,
    "GroupId": 1102,
    "GroupIndex": 2,
    "NodeType": 1,
    "NodeIndex": "ResonantChain_80_NodeIndex",
    "NodeName": "ResonantChain_20_NodeName",
    "AttributesDescription": "ResonantChain_20_AttributesDescription",
    "BgDescription": "PrefabTextItem_Empty_Text",
    "BuffIds": [
      1102902001
    ],
    "AddProp": {
      "PKa": [],
      "length": 0
    },
    "ActivateConsume": {
      "size": 1
    },
    "AttributesDescriptionParams": [
      "10",
      "5"
    ],
    "NodeIcon": "/Game/Aki/UI/UIResources/Common/Image/IconDevice/T_IconDevice_SanhuaM2_UI.T_IconDevice_SanhuaM2_UI"
  },
  {
    "Id": 21,
    "GroupId": 1102,
    "GroupIndex": 3,
    "NodeType": 1,
    "NodeIndex": "ResonantChain_84_NodeIndex",
    "NodeName": "ResonantChain_21_NodeName",
    "AttributesDescription": "ResonantChain_21_AttributesDescription",
    "BgDescription": "PrefabTextItem_Empty_Text",
    "BuffIds": [
      1102903001
    ],
    "AddProp": {
      "PKa": [],
      "length": 0
    },
    "ActivateConsume": {
      "size": 1
    },
    "AttributesDescriptionParams": [
      "70%",
      "35%"
    ],
    "NodeIcon": "/Game/Aki/UI/UIResources/Common/Image/IconDevice/T_IconDevice_SanhuaM3_UI.T_IconDevice_SanhuaM3_UI"
  },
  {
    "Id": 22,
    "GroupId": 1102,
    "GroupIndex": 4,
    "NodeType": 1,
    "NodeIndex": "ResonantChain_88_NodeIndex",
    "NodeName": "ResonantChain_22_NodeName",
    "AttributesDescription": "ResonantChain_22_AttributesDescription",
    "BgDescription": "PrefabTextItem_Empty_Text",
    "BuffIds": [
      1102904001
    ],
    "AddProp": {
      "PKa": [],
      "length": 0
    },
    "ActivateConsume": {
      "size": 1
    },
    "AttributesDescriptionParams": [
      "10",
      "5",
      "120%"
    ],
    "NodeIcon": "/Game/Aki/UI/UIResources/Common/Image/IconDevice/T_IconDevice_SanhuaM4_UI.T_IconDevice_SanhuaM4_UI"
  },
  {
    "Id": 23,
    "GroupId": 1102,
    "GroupIndex": 5,
    "NodeType": 1,
    "NodeIndex": "ResonantChain_92_NodeIndex",
    "NodeName": "ResonantChain_23_NodeName",
    "AttributesDescription": "ResonantChain_23_AttributesDescription",
    "BgDescription": "PrefabTextItem_Empty_Text",
    "BuffIds": [
      1102905001
    ],
    "AddProp": {
      "PKa": [],
      "length": 0
    },
    "ActivateConsume": {
      "size": 1
    },
    "AttributesDescriptionParams": [
      "100%"
    ],
    "NodeIcon": "/Game/Aki/UI/UIResources/Common/Image/IconDevice/T_IconDevice_SanhuaM5_UI.T_IconDevice_SanhuaM5_UI"
  },
  {
    "Id": 24,
    "GroupId": 1102,
    "GroupIndex": 6,
    "NodeType": 1,
    "NodeIndex": "ResonantChain_96_NodeIndex",
    "NodeName": "ResonantChain_24_NodeName",
    "AttributesDescription": "ResonantChain_24_AttributesDescription",
    "BgDescription": "PrefabTextItem_Empty_Text",
    "BuffIds": [
      1102906001
    ],
    "AddProp": {
      "PKa": [],
      "length": 0
    },
    "ActivateConsume": {
      "size": 1
    },
    "AttributesDescriptionParams": [
      "10%",
      "20",
      "2"
    ],
    "NodeIcon": "/Game/Aki/UI/UIResources/Common/Image/IconDevice/T_IconDevice_SanhuaM6_UI.T_IconDevice_SanhuaM6_UI"
  },
  {
    "Id": 25,
    "GroupId": 1103,
    "GroupIndex": 1,
    "NodeType": 1,
    "NodeIndex": "ResonantChain_100_NodeIndex",
    "NodeName": "ResonantChain_25_NodeName",
    "AttributesDescription": "ResonantChain_25_AttributesDescription",
    "BgDescription": "PrefabTextItem_Empty_Text",
    "BuffIds": [
      1103901001
    ],
    "AddProp": {
      "PKa": [],
      "length": 0
    },
    "ActivateConsume": {
      "size": 1
    },
    "AttributesDescriptionParams": [
      "1",
      "2.5"
    ],
    "NodeIcon": "/Game/Aki/UI/UIResources/Common/Image/IconDevice/T_IconDevice_BailianM1_UI.T_IconDevice_BailianM1_UI"
  },
  {
    "Id": 26,
    "GroupId": 1103,
    "GroupIndex": 2,
    "NodeType": 1,
    "NodeIndex": "ResonantChain_104_NodeIndex",
    "NodeName": "ResonantChain_26_NodeName",
    "AttributesDescription": "ResonantChain_26_AttributesDescription",
    "BgDescription": "PrefabTextItem_Empty_Text",
    "BuffIds": [
      1103902001
    ],
    "AddProp": {
      "PKa": [],
      "length": 0
    },
    "ActivateConsume": {
      "size": 1
    },
    "AttributesDescriptionParams": [
      "4",
      "15%",
      "15%",
      "12"
    ],
    "NodeIcon": "/Game/Aki/UI/UIResources/Common/Image/IconDevice/T_IconDevice_BailianM2_UI.T_IconDevice_BailianM2_UI"
  },
  {
    "Id": 27,
    "GroupId": 1103,
    "GroupIndex": 3,
    "NodeType": 1,
    "NodeIndex": "ResonantChain_108_NodeIndex",
    "NodeName": "ResonantChain_27_NodeName",
    "AttributesDescription": "ResonantChain_27_AttributesDescription",
    "BgDescription": "PrefabTextItem_Empty_Text",
    "BuffIds": [
      1103903001
    ],
    "AddProp": {
      "PKa": [],
      "length": 0
    },
    "ActivateConsume": {
      "size": 1
    },
    "AttributesDescriptionParams": [
      "12%",
      "10"
    ],
    "NodeIcon": "/Game/Aki/UI/UIResources/Common/Image/IconDevice/T_IconDevice_BailianM3_UI.T_IconDevice_BailianM3_UI"
  },
  {
    "Id": 28,
    "GroupId": 1103,
    "GroupIndex": 4,
    "NodeType": 1,
    "NodeIndex": "ResonantChain_112_NodeIndex",
    "NodeName": "ResonantChain_28_NodeName",
    "AttributesDescription": "ResonantChain_28_AttributesDescription",
    "BgDescription": "PrefabTextItem_Empty_Text",
    "BuffIds": [
      1103904001
    ],
    "AddProp": {
      "PKa": [],
      "length": 0
    },
    "ActivateConsume": {
      "size": 1
    },
    "AttributesDescriptionParams": [
      "2",
      "20%",
      "1.20%"
    ],
    "NodeIcon": "/Game/Aki/UI/UIResources/Common/Image/IconDevice/T_IconDevice_BailianM4_UI.T_IconDevice_BailianM4_UI"
  },
  {
    "Id": 29,
    "GroupId": 1103,
    "GroupIndex": 5,
    "NodeType": 1,
    "NodeIndex": "ResonantChain_116_NodeIndex",
    "NodeName": "ResonantChain_29_NodeName",
    "AttributesDescription": "ResonantChain_29_AttributesDescription",
    "BgDescription": "PrefabTextItem_Empty_Text",
    "BuffIds": [
      1103905001
    ],
    "AddProp": {
      "PKa": [],
      "length": 0
    },
    "ActivateConsume": {
      "size": 1
    },
    "AttributesDescriptionParams": [
      "100%",
      "10"
    ],
    "NodeIcon": "/Game/Aki/UI/UIResources/Common/Image/IconDevice/T_IconDevice_BailianM5_UI.T_IconDevice_BailianM5_UI"
  },
  {
    "Id": 30,
    "GroupId": 1103,
    "GroupIndex": 6,
    "NodeType": 1,
    "NodeIndex": "ResonantChain_120_NodeIndex",
    "NodeName": "ResonantChain_30_NodeName",
    "AttributesDescription": "ResonantChain_30_AttributesDescription",
    "BgDescription": "PrefabTextItem_Empty_Text",
    "BuffIds": [
      1103906001
    ],
    "AddProp": {
      "PKa": [],
      "length": 0
    },
    "ActivateConsume": {
      "size": 1
    },
    "AttributesDescriptionParams": [
      "12%",
      "20"
    ],
    "NodeIcon": "/Game/Aki/UI/UIResources/Common/Image/IconDevice/T_IconDevice_BailianM6_UI.T_IconDevice_BailianM6_UI"
  },
  {
    "Id": 31,
    "GroupId": 1,
    "GroupIndex": 1,
    "NodeType": 1,
    "NodeIndex": "ResonantChain_124_NodeIndex",
    "NodeName": "ResonantChain_31_NodeName",
    "AttributesDescription": "ResonantChain_31_AttributesDescription",
    "BgDescription": "PrefabTextItem_Empty_Text",
    "BuffIds": [
      1502901001
    ],
    "AddProp": {
      "PKa": [],
      "length": 0
    },
    "ActivateConsume": {
      "size": 1
    },
    "AttributesDescriptionParams": [
      "15%",
      "7"
    ],
    "NodeIcon": "/Game/Aki/UI/UIResources/Common/Image/IconDevice/T_IconDevice_nannvzhuM1_UI.T_IconDevice_nannvzhuM1_UI"
  },
  {
    "Id": 32,
    "GroupId": 1,
    "GroupIndex": 2,
    "NodeType": 1,
    "NodeIndex": "ResonantChain_128_NodeIndex",
    "NodeName": "ResonantChain_32_NodeName",
    "AttributesDescription": "ResonantChain_32_AttributesDescription",
    "BgDescription": "PrefabTextItem_Empty_Text",
    "BuffIds": [
      1502902001
    ],
    "AddProp": {
      "PKa": [],
      "length": 0
    },
    "ActivateConsume": {
      "size": 1
    },
    "AttributesDescriptionParams": [
      "20%"
    ],
    "NodeIcon": "/Game/Aki/UI/UIResources/Common/Image/IconDevice/T_IconDevice_nannvzhuM2_UI.T_IconDevice_nannvzhuM2_UI"
  },
  {
    "Id": 33,
    "GroupId": 1,
    "GroupIndex": 3,
    "NodeType": 1,
    "NodeIndex": "ResonantChain_132_NodeIndex",
    "NodeName": "ResonantChain_33_NodeName",
    "AttributesDescription": "ResonantChain_33_AttributesDescription",
    "BgDescription": "PrefabTextItem_Empty_Text",
    "BuffIds": [
      1502903001
    ],
    "AddProp": {
      "PKa": [],
      "length": 0
    },
    "ActivateConsume": {
      "size": 1
    },
    "AttributesDescriptionParams": [
      "20%"
    ],
    "NodeIcon": "/Game/Aki/UI/UIResources/Common/Image/IconDevice/T_IconDevice_nannvzhuM3_UI.T_IconDevice_nannvzhuM3_UI"
  },
  {
    "Id": 34,
    "GroupId": 1,
    "GroupIndex": 4,
    "NodeType": 1,
    "NodeIndex": "ResonantChain_136_NodeIndex",
    "NodeName": "ResonantChain_34_NodeName",
    "AttributesDescription": "ResonantChain_34_AttributesDescription",
    "BgDescription": "PrefabTextItem_Empty_Text",
    "BuffIds": [
      1502904001
    ],
    "AddProp": {
      "PKa": [],
      "length": 0
    },
    "ActivateConsume": {
      "size": 1
    },
    "AttributesDescriptionParams": [
      "20%",
      "5"
    ],
    "NodeIcon": "/Game/Aki/UI/UIResources/Common/Image/IconDevice/T_IconDevice_nannvzhuM4_UI.T_IconDevice_nannvzhuM4_UI"
  },
  {
    "Id": 35,
    "GroupId": 1,
    "GroupIndex": 5,
    "NodeType": 1,
    "NodeIndex": "ResonantChain_140_NodeIndex",
    "NodeName": "ResonantChain_35_NodeName",
    "AttributesDescription": "ResonantChain_35_AttributesDescription",
    "BgDescription": "PrefabTextItem_Empty_Text",
    "BuffIds": [
      1502905001
    ],
    "AddProp": {
      "PKa": [],
      "length": 0
    },
    "ActivateConsume": {
      "size": 1
    },
    "AttributesDescriptionParams": [
      "40%"
    ],
    "NodeIcon": "/Game/Aki/UI/UIResources/Common/Image/IconDevice/T_IconDevice_nannvzhuM5_UI.T_IconDevice_nannvzhuM5_UI"
  },
  {
    "Id": 36,
    "GroupId": 1,
    "GroupIndex": 6,
    "NodeType": 1,
    "NodeIndex": "ResonantChain_144_NodeIndex",
    "NodeName": "ResonantChain_36_NodeName",
    "AttributesDescription": "ResonantChain_36_AttributesDescription",
    "BgDescription": "PrefabTextItem_Empty_Text",
    "BuffIds": [
      1502906001
    ],
    "AddProp": {
      "PKa": [],
      "length": 0
    },
    "ActivateConsume": {
      "size": 1
    },
    "AttributesDescriptionParams": [
      "10%",
      "20"
    ],
    "NodeIcon": "/Game/Aki/UI/UIResources/Common/Image/IconDevice/T_IconDevice_nannvzhuM6_UI.T_IconDevice_nannvzhuM6_UI"
  },
  {
    "Id": 37,
    "GroupId": 1602,
    "GroupIndex": 1,
    "NodeType": 1,
    "NodeIndex": "ResonantChain_148_NodeIndex",
    "NodeName": "ResonantChain_37_NodeName",
    "AttributesDescription": "ResonantChain_37_AttributesDescription",
    "BgDescription": "PrefabTextItem_Empty_Text",
    "BuffIds": [
      1602310501
    ],
    "AddProp": {
      "PKa": [],
      "length": 0
    },
    "ActivateConsume": {
      "size": 1
    },
    "AttributesDescriptionParams": [
      "5%",
      "6",
      "6",
      "1"
    ],
    "NodeIcon": "/Game/Aki/UI/UIResources/Common/Image/IconDevice/T_IconDevice_micaiM1_UI.T_IconDevice_micaiM1_UI"
  },
  {
    "Id": 38,
    "GroupId": 1602,
    "GroupIndex": 2,
    "NodeType": 1,
    "NodeIndex": "ResonantChain_152_NodeIndex",
    "NodeName": "ResonantChain_38_NodeName",
    "AttributesDescription": "ResonantChain_38_AttributesDescription",
    "BgDescription": "PrefabTextItem_Empty_Text",
    "BuffIds": [
      1602310301
    ],
    "AddProp": {
      "PKa": [],
      "length": 0
    },
    "ActivateConsume": {
      "size": 1
    },
    "AttributesDescriptionParams": [
      "20%"
    ],
    "NodeIcon": "/Game/Aki/UI/UIResources/Common/Image/IconDevice/T_IconDevice_micaiM2_UI.T_IconDevice_micaiM2_UI"
  },
  {
    "Id": 39,
    "GroupId": 1602,
    "GroupIndex": 3,
    "NodeType": 1,
    "NodeIndex": "ResonantChain_156_NodeIndex",
    "NodeName": "ResonantChain_39_NodeName",
    "AttributesDescription": "ResonantChain_39_AttributesDescription",
    "BgDescription": "PrefabTextItem_Empty_Text",
    "BuffIds": [
      1602310403
    ],
    "AddProp": {
      "PKa": [],
      "length": 0
    },
    "ActivateConsume": {
      "size": 1
    },
    "AttributesDescriptionParams": [
      "30%"
    ],
    "NodeIcon": "/Game/Aki/UI/UIResources/Common/Image/IconDevice/T_IconDevice_micaiM3_UI.T_IconDevice_micaiM3_UI"
  },
  {
    "Id": 40,
    "GroupId": 1602,
    "GroupIndex": 4,
    "NodeType": 1,
    "NodeIndex": "ResonantChain_160_NodeIndex",
    "NodeName": "ResonantChain_40_NodeName",
    "AttributesDescription": "ResonantChain_40_AttributesDescription",
    "BgDescription": "PrefabTextItem_Empty_Text",
    "BuffIds": [
      1602310504
    ],
    "AddProp": {
      "PKa": [],
      "length": 0
    },
    "ActivateConsume": {
      "size": 1
    },
    "AttributesDescriptionParams": [
      "60",
      "15%"
    ],
    "NodeIcon": "/Game/Aki/UI/UIResources/Common/Image/IconDevice/T_IconDevice_micaiM4_UI.T_IconDevice_micaiM4_UI"
  },
  {
    "Id": 41,
    "GroupId": 1602,
    "GroupIndex": 5,
    "NodeType": 1,
    "NodeIndex": "ResonantChain_164_NodeIndex",
    "NodeName": "ResonantChain_41_NodeName",
    "AttributesDescription": "ResonantChain_41_AttributesDescription",
    "BgDescription": "PrefabTextItem_Empty_Text",
    "BuffIds": [
      1602310604
    ],
    "AddProp": {
      "PKa": [],
      "length": 0
    },
    "ActivateConsume": {
      "size": 1
    },
    "AttributesDescriptionParams": [
      "15%",
      "60%",
      "15%"
    ],
    "NodeIcon": "/Game/Aki/UI/UIResources/Common/Image/IconDevice/T_IconDevice_micaiM5_UI.T_IconDevice_micaiM5_UI"
  },
  {
    "Id": 42,
    "GroupId": 1602,
    "GroupIndex": 6,
    "NodeType": 1,
    "NodeIndex": "ResonantChain_168_NodeIndex",
    "NodeName": "ResonantChain_42_NodeName",
    "AttributesDescription": "ResonantChain_42_AttributesDescription",
    "BgDescription": "PrefabTextItem_Empty_Text",
    "BuffIds": [
      1602310701
    ],
    "AddProp": {
      "PKa": [],
      "length": 0
    },
    "ActivateConsume": {
      "size": 1
    },
    "AttributesDescriptionParams": [
      "20%",
      "20"
    ],
    "NodeIcon": "/Game/Aki/UI/UIResources/Common/Image/IconDevice/T_IconDevice_micaiM6_UI.T_IconDevice_micaiM6_UI"
  },
  {
    "Id": 43,
    "GroupId": 1203,
    "GroupIndex": 1,
    "NodeType": 1,
    "NodeIndex": "ResonantChain_172_NodeIndex",
    "NodeName": "ResonantChain_43_NodeName",
    "AttributesDescription": "ResonantChain_43_AttributesDescription",
    "BgDescription": "PrefabTextItem_Empty_Text",
    "BuffIds": [
      1203901001
    ],
    "AddProp": {
      "PKa": [],
      "length": 0
    },
    "ActivateConsume": {
      "size": 1
    },
    "AttributesDescriptionParams": [
      "3%",
      "4",
      "6"
    ],
    "NodeIcon": "/Game/Aki/UI/UIResources/Common/Image/IconDevice/T_IconDevice_AnkeM1_UI.T_IconDevice_AnkeM1_UI"
  },
  {
    "Id": 44,
    "GroupId": 1203,
    "GroupIndex": 2,
    "NodeType": 1,
    "NodeIndex": "ResonantChain_176_NodeIndex",
    "NodeName": "ResonantChain_44_NodeName",
    "AttributesDescription": "ResonantChain_44_AttributesDescription",
    "BgDescription": "PrefabTextItem_Empty_Text",
    "BuffIds": [
      1203902001
    ],
    "AddProp": {
      "PKa": [],
      "length": 0
    },
    "ActivateConsume": {
      "size": 1
    },
    "AttributesDescriptionParams": [
      "10",
      "10"
    ],
    "NodeIcon": "/Game/Aki/UI/UIResources/Common/Image/IconDevice/T_IconDevice_AnkeM2_UI.T_IconDevice_AnkeM2_UI"
  },
  {
    "Id": 45,
    "GroupId": 1203,
    "GroupIndex": 3,
    "NodeType": 1,
    "NodeIndex": "ResonantChain_180_NodeIndex",
    "NodeName": "ResonantChain_45_NodeName",
    "AttributesDescription": "ResonantChain_45_AttributesDescription",
    "BgDescription": "PrefabTextItem_Empty_Text",
    "BuffIds": [
      1203903001
    ],
    "AddProp": {
      "PKa": [],
      "length": 0
    },
    "ActivateConsume": {
      "size": 1
    },
    "AttributesDescriptionParams": [
      "40%"
    ],
    "NodeIcon": "/Game/Aki/UI/UIResources/Common/Image/IconDevice/T_IconDevice_AnkeM3_UI.T_IconDevice_AnkeM3_UI"
  },
  {
    "Id": 46,
    "GroupId": 1203,
    "GroupIndex": 4,
    "NodeType": 1,
    "NodeIndex": "ResonantChain_184_NodeIndex",
    "NodeName": "ResonantChain_46_NodeName",
    "AttributesDescription": "ResonantChain_46_AttributesDescription",
    "BgDescription": "PrefabTextItem_Empty_Text",
    "BuffIds": [
      1203904001
    ],
    "AddProp": {
      "PKa": [],
      "length": 0
    },
    "ActivateConsume": {
      "size": 1
    },
    "AttributesDescriptionParams": [
      "20%",
      "30"
    ],
    "NodeIcon": "/Game/Aki/UI/UIResources/Common/Image/IconDevice/T_IconDevice_AnkeM4_UI.T_IconDevice_AnkeM4_UI"
  },
  {
    "Id": 47,
    "GroupId": 1203,
    "GroupIndex": 5,
    "NodeType": 1,
    "NodeIndex": "ResonantChain_188_NodeIndex",
    "NodeName": "ResonantChain_47_NodeName",
    "AttributesDescription": "ResonantChain_47_AttributesDescription",
    "BgDescription": "PrefabTextItem_Empty_Text",
    "BuffIds": [
      1203905001
    ],
    "AddProp": {
      "PKa": [],
      "length": 0
    },
    "ActivateConsume": {
      "size": 1
    },
    "AttributesDescriptionParams": [
      "35%"
    ],
    "NodeIcon": "/Game/Aki/UI/UIResources/Common/Image/IconDevice/T_IconDevice_AnkeM5_UI.T_IconDevice_AnkeM5_UI"
  },
  {
    "Id": 48,
    "GroupId": 1203,
    "GroupIndex": 6,
    "NodeType": 1,
    "NodeIndex": "ResonantChain_192_NodeIndex",
    "NodeName": "ResonantChain_48_NodeName",
    "AttributesDescription": "ResonantChain_48_AttributesDescription",
    "BgDescription": "PrefabTextItem_Empty_Text",
    "BuffIds": [
      1203906001
    ],
    "AddProp": {
      "PKa": [],
      "length": 0
    },
    "ActivateConsume": {
      "size": 1
    },
    "AttributesDescriptionParams": [
      "1",
      "5%",
      "10",
      "5"
    ],
    "NodeIcon": "/Game/Aki/UI/UIResources/Common/Image/IconDevice/T_IconDevice_AnkeM6_UI.T_IconDevice_AnkeM6_UI"
  },
  {
    "Id": 49,
    "GroupId": 1601,
    "GroupIndex": 1,
    "NodeType": 1,
    "NodeIndex": "ResonantChain_196_NodeIndex",
    "NodeName": "ResonantChain_49_NodeName",
    "AttributesDescription": "ResonantChain_49_AttributesDescription",
    "BgDescription": "PrefabTextItem_Empty_Text",
    "BuffIds": [
      1601901001
    ],
    "AddProp": {
      "PKa": [],
      "length": 0
    },
    "ActivateConsume": {
      "size": 1
    },
    "AttributesDescriptionParams": [
      "40%"
    ],
    "NodeIcon": "/Game/Aki/UI/UIResources/Common/Image/IconDevice/T_IconDevice_TaohuaM1_UI.T_IconDevice_TaohuaM1_UI"
  },
  {
    "Id": 50,
    "GroupId": 1601,
    "GroupIndex": 2,
    "NodeType": 1,
    "NodeIndex": "ResonantChain_200_NodeIndex",
    "NodeName": "ResonantChain_50_NodeName",
    "AttributesDescription": "ResonantChain_50_AttributesDescription",
    "BgDescription": "PrefabTextItem_Empty_Text",
    "BuffIds": [
      1601906001
    ],
    "AddProp": {
      "PKa": [],
      "length": 0
    },
    "ActivateConsume": {
      "size": 1
    },
    "AttributesDescriptionParams": [
      "20%",
      "20%"
    ],
    "NodeIcon": "/Game/Aki/UI/UIResources/Common/Image/IconDevice/T_IconDevice_TaohuaM2_UI.T_IconDevice_TaohuaM2_UI"
  },
  {
    "Id": 51,
    "GroupId": 1601,
    "GroupIndex": 3,
    "NodeType": 1,
    "NodeIndex": "ResonantChain_204_NodeIndex",
    "NodeName": "ResonantChain_51_NodeName",
    "AttributesDescription": "ResonantChain_51_AttributesDescription",
    "BgDescription": "PrefabTextItem_Empty_Text",
    "BuffIds": [
      1601902001
    ],
    "AddProp": {
      "PKa": [],
      "length": 0
    },
    "ActivateConsume": {
      "size": 1
    },
    "AttributesDescriptionParams": [
      "30"
    ],
    "NodeIcon": "/Game/Aki/UI/UIResources/Common/Image/IconDevice/T_IconDevice_TaohuaM3_UI.T_IconDevice_TaohuaM3_UI"
  },
  {
    "Id": 52,
    "GroupId": 1601,
    "GroupIndex": 4,
    "NodeType": 1,
    "NodeIndex": "ResonantChain_208_NodeIndex",
    "NodeName": "ResonantChain_52_NodeName",
    "AttributesDescription": "ResonantChain_52_AttributesDescription",
    "BgDescription": "PrefabTextItem_Empty_Text",
    "BuffIds": [
      1601903001
    ],
    "AddProp": {
      "PKa": [],
      "length": 0
    },
    "ActivateConsume": {
      "size": 1
    },
    "AttributesDescriptionParams": [
      "25%",
      "50%",
      "5",
      "15"
    ],
    "NodeIcon": "/Game/Aki/UI/UIResources/Common/Image/IconDevice/T_IconDevice_TaohuaM4_UI.T_IconDevice_TaohuaM4_UI"
  },
  {
    "Id": 53,
    "GroupId": 1601,
    "GroupIndex": 5,
    "NodeType": 1,
    "NodeIndex": "ResonantChain_212_NodeIndex",
    "NodeName": "ResonantChain_53_NodeName",
    "AttributesDescription": "ResonantChain_53_AttributesDescription",
    "BgDescription": "PrefabTextItem_Empty_Text",
    "BuffIds": [
      1601905001
    ],
    "AddProp": {
      "PKa": [],
      "length": 0
    },
    "ActivateConsume": {
      "size": 1
    },
    "AttributesDescriptionParams": [
      "50%",
      "20"
    ],
    "NodeIcon": "/Game/Aki/UI/UIResources/Common/Image/IconDevice/T_IconDevice_TaohuaM5_UI.T_IconDevice_TaohuaM5_UI"
  },
  {
    "Id": 54,
    "GroupId": 1601,
    "GroupIndex": 6,
    "NodeType": 1,
    "NodeIndex": "ResonantChain_216_NodeIndex",
    "NodeName": "ResonantChain_54_NodeName",
    "AttributesDescription": "ResonantChain_54_AttributesDescription",
    "BgDescription": "PrefabTextItem_Empty_Text",
    "BuffIds": [
      1601904001
    ],
    "AddProp": {
      "PKa": [],
      "length": 0
    },
    "ActivateConsume": {
      "size": 1
    },
    "AttributesDescriptionParams": [
      "40%"
    ],
    "NodeIcon": "/Game/Aki/UI/UIResources/Common/Image/IconDevice/T_IconDevice_TaohuaM6_UI.T_IconDevice_TaohuaM6_UI"
  },
  {
    "Id": 55,
    "GroupId": 1204,
    "GroupIndex": 1,
    "NodeType": 1,
    "NodeIndex": "ResonantChain_220_NodeIndex",
    "NodeName": "ResonantChain_55_NodeName",
    "AttributesDescription": "ResonantChain_55_AttributesDescription",
    "BgDescription": "PrefabTextItem_Empty_Text",
    "BuffIds": [
      1204010001
    ],
    "AddProp": {
      "PKa": [],
      "length": 0
    },
    "ActivateConsume": {
      "size": 1
    },
    "AttributesDescriptionParams": [
      "2"
    ],
    "NodeIcon": "/Game/Aki/UI/UIResources/Common/Image/IconDevice/T_IconDevice_MotefeiM1_UI.T_IconDevice_MotefeiM1_UI"
  },
  {
    "Id": 56,
    "GroupId": 1204,
    "GroupIndex": 2,
    "NodeType": 1,
    "NodeIndex": "ResonantChain_224_NodeIndex",
    "NodeName": "ResonantChain_56_NodeName",
    "AttributesDescription": "ResonantChain_56_AttributesDescription",
    "BgDescription": "PrefabTextItem_Empty_Text",
    "BuffIds": [
      1204020001
    ],
    "AddProp": {
      "PKa": [],
      "length": 0
    },
    "ActivateConsume": {
      "size": 1
    },
    "AttributesDescriptionParams": [
      "10",
      "20"
    ],
    "NodeIcon": "/Game/Aki/UI/UIResources/Common/Image/IconDevice/T_IconDevice_MotefeiM2_UI.T_IconDevice_MotefeiM2_UI"
  },
  {
    "Id": 57,
    "GroupId": 1204,
    "GroupIndex": 3,
    "NodeType": 1,
    "NodeIndex": "ResonantChain_228_NodeIndex",
    "NodeName": "ResonantChain_57_NodeName",
    "AttributesDescription": "ResonantChain_57_AttributesDescription",
    "BgDescription": "PrefabTextItem_Empty_Text",
    "BuffIds": [
      1204030001,
      1204030002
    ],
    "AddProp": {
      "PKa": [],
      "length": 0
    },
    "ActivateConsume": {
      "size": 1
    },
    "AttributesDescriptionParams": [
      "30%"
    ],
    "NodeIcon": "/Game/Aki/UI/UIResources/Common/Image/IconDevice/T_IconDevice_MotefeiM3_UI.T_IconDevice_MotefeiM3_UI"
  },
  {
    "Id": 58,
    "GroupId": 1204,
    "GroupIndex": 4,
    "NodeType": 1,
    "NodeIndex": "ResonantChain_232_NodeIndex",
    "NodeName": "ResonantChain_58_NodeName",
    "AttributesDescription": "ResonantChain_58_AttributesDescription",
    "BgDescription": "PrefabTextItem_Empty_Text",
    "BuffIds": [
      1204040001
    ],
    "AddProp": {
      "PKa": [],
      "length": 0
    },
    "ActivateConsume": {
      "size": 1
    },
    "AttributesDescriptionParams": [
      "7"
    ],
    "NodeIcon": "/Game/Aki/UI/UIResources/Common/Image/IconDevice/T_IconDevice_MotefeiM4_UI.T_IconDevice_MotefeiM4_UI"
  },
  {
    "Id": 59,
    "GroupId": 1204,
    "GroupIndex": 5,
    "NodeType": 1,
    "NodeIndex": "ResonantChain_236_NodeIndex",
    "NodeName": "ResonantChain_59_NodeName",
    "AttributesDescription": "ResonantChain_59_AttributesDescription",
    "BgDescription": "PrefabTextItem_Empty_Text",
    "BuffIds": [
      1204050001,
      1204050002
    ],
    "AddProp": {
      "PKa": [],
      "length": 0
    },
    "ActivateConsume": {
      "size": 1
    },
    "AttributesDescriptionParams": [
      "4",
      "50%"
    ],
    "NodeIcon": "/Game/Aki/UI/UIResources/Common/Image/IconDevice/T_IconDevice_MotefeiM5_UI.T_IconDevice_MotefeiM5_UI"
  },
  {
    "Id": 60,
    "GroupId": 1204,
    "GroupIndex": 6,
    "NodeType": 1,
    "NodeIndex": "ResonantChain_240_NodeIndex",
    "NodeName": "ResonantChain_60_NodeName",
    "AttributesDescription": "ResonantChain_60_AttributesDescription",
    "BgDescription": "PrefabTextItem_Empty_Text",
    "BuffIds": [
      1204060001
    ],
    "AddProp": {
      "PKa": [],
      "length": 0
    },
    "ActivateConsume": {
      "size": 1
    },
    "AttributesDescriptionParams": [
      "20%",
      "20"
    ],
    "NodeIcon": "/Game/Aki/UI/UIResources/Common/Image/IconDevice/T_IconDevice_MotefeiM6_UI.T_IconDevice_MotefeiM6_UI"
  },
  {
    "Id": 61,
    "GroupId": 1404,
    "GroupIndex": 1,
    "NodeType": 1,
    "NodeIndex": "ResonantChain_244_NodeIndex",
    "NodeName": "ResonantChain_61_NodeName",
    "AttributesDescription": "ResonantChain_61_AttributesDescription",
    "BgDescription": "PrefabTextItem_Empty_Text",
    "BuffIds": [
      1404901001
    ],
    "AddProp": {
      "PKa": [],
      "length": 0
    },
    "ActivateConsume": {
      "size": 1
    },
    "AttributesDescriptionParams": [
      "1",
      "15"
    ],
    "NodeIcon": "/Game/Aki/UI/UIResources/Common/Image/IconDevice/T_IconDevice_JiyanM1_UI.T_IconDevice_JiyanM1_UI"
  },
  {
    "Id": 62,
    "GroupId": 1404,
    "GroupIndex": 2,
    "NodeType": 1,
    "NodeIndex": "ResonantChain_248_NodeIndex",
    "NodeName": "ResonantChain_62_NodeName",
    "AttributesDescription": "ResonantChain_62_AttributesDescription",
    "BgDescription": "PrefabTextItem_Empty_Text",
    "BuffIds": [
      1404902001
    ],
    "AddProp": {
      "PKa": [],
      "length": 0
    },
    "ActivateConsume": {
      "size": 1
    },
    "AttributesDescriptionParams": [
      "30",
      "28%",
      "15",
      "15"
    ],
    "NodeIcon": "/Game/Aki/UI/UIResources/Common/Image/IconDevice/T_IconDevice_JiyanM2_UI.T_IconDevice_JiyanM2_UI"
  },
  {
    "Id": 63,
    "GroupId": 1404,
    "GroupIndex": 3,
    "NodeType": 1,
    "NodeIndex": "ResonantChain_252_NodeIndex",
    "NodeName": "ResonantChain_63_NodeName",
    "AttributesDescription": "ResonantChain_63_AttributesDescription",
    "BgDescription": "PrefabTextItem_Empty_Text",
    "BuffIds": [
      1404903001
    ],
    "AddProp": {
      "PKa": [],
      "length": 0
    },
    "ActivateConsume": {
      "size": 1
    },
    "AttributesDescriptionParams": [
      "16%",
      "32%",
      "8"
    ],
    "NodeIcon": "/Game/Aki/UI/UIResources/Common/Image/IconDevice/T_IconDevice_JiyanM3_UI.T_IconDevice_JiyanM3_UI"
  },
  {
    "Id": 64,
    "GroupId": 1404,
    "GroupIndex": 4,
    "NodeType": 1,
    "NodeIndex": "ResonantChain_256_NodeIndex",
    "NodeName": "ResonantChain_64_NodeName",
    "AttributesDescription": "ResonantChain_64_AttributesDescription",
    "BgDescription": "PrefabTextItem_Empty_Text",
    "BuffIds": [
      1404904001
    ],
    "AddProp": {
      "PKa": [],
      "length": 0
    },
    "ActivateConsume": {
      "size": 1
    },
    "AttributesDescriptionParams": [
      "25%",
      "30"
    ],
    "NodeIcon": "/Game/Aki/UI/UIResources/Common/Image/IconDevice/T_IconDevice_JiyanM4_UI.T_IconDevice_JiyanM4_UI"
  },
  {
    "Id": 65,
    "GroupId": 1404,
    "GroupIndex": 5,
    "NodeType": 1,
    "NodeIndex": "ResonantChain_260_NodeIndex",
    "NodeName": "ResonantChain_65_NodeName",
    "AttributesDescription": "ResonantChain_65_AttributesDescription",
    "BgDescription": "PrefabTextItem_Empty_Text",
    "BuffIds": [
      1404905001
    ],
    "AddProp": {
      "PKa": [],
      "length": 0
    },
    "ActivateConsume": {
      "size": 1
    },
    "AttributesDescriptionParams": [
      "120%",
      "3%",
      "8",
      "15"
    ],
    "NodeIcon": "/Game/Aki/UI/UIResources/Common/Image/IconDevice/T_IconDevice_JiyanM5_UI.T_IconDevice_JiyanM5_UI"
  },
  {
    "Id": 66,
    "GroupId": 1404,
    "GroupIndex": 6,
    "NodeType": 1,
    "NodeIndex": "ResonantChain_264_NodeIndex",
    "NodeName": "ResonantChain_66_NodeName",
    "AttributesDescription": "ResonantChain_66_AttributesDescription",
    "BgDescription": "PrefabTextItem_Empty_Text",
    "BuffIds": [
      1404906001
    ],
    "AddProp": {
      "PKa": [],
      "length": 0
    },
    "ActivateConsume": {
      "size": 1
    },
    "AttributesDescriptionParams": [
      "1",
      "2",
      "120%"
    ],
    "NodeIcon": "/Game/Aki/UI/UIResources/Common/Image/IconDevice/T_IconDevice_JiyanM6_UI.T_IconDevice_JiyanM6_UI"
  },
  {
    "Id": 67,
    "GroupId": 1403,
    "GroupIndex": 1,
    "NodeType": 1,
    "NodeIndex": "ResonantChain_268_NodeIndex",
    "NodeName": "ResonantChain_67_NodeName",
    "AttributesDescription": "ResonantChain_67_AttributesDescription",
    "BgDescription": "PrefabTextItem_Empty_Text",
    "BuffIds": [
      1403902001
    ],
    "AddProp": {
      "PKa": [],
      "length": 0
    },
    "ActivateConsume": {
      "size": 1
    },
    "AttributesDescriptionParams": [
      "4"
    ],
    "NodeIcon": "/Game/Aki/UI/UIResources/Common/Image/IconDevice/T_IconDevice_QiushuiM1_UI.T_IconDevice_QiushuiM1_UI"
  },
  {
    "Id": 68,
    "GroupId": 1403,
    "GroupIndex": 2,
    "NodeType": 1,
    "NodeIndex": "ResonantChain_272_NodeIndex",
    "NodeName": "ResonantChain_68_NodeName",
    "AttributesDescription": "ResonantChain_68_AttributesDescription",
    "BgDescription": "PrefabTextItem_Empty_Text",
    "BuffIds": [
      1403901001
    ],
    "AddProp": {
      "PKa": [],
      "length": 0
    },
    "ActivateConsume": {
      "size": 1
    },
    "AttributesDescriptionParams": [
      "100%",
      "15%"
    ],
    "NodeIcon": "/Game/Aki/UI/UIResources/Common/Image/IconDevice/T_IconDevice_QiushuiM2_UI.T_IconDevice_QiushuiM2_UI"
  },
  {
    "Id": 69,
    "GroupId": 1403,
    "GroupIndex": 3,
    "NodeType": 1,
    "NodeIndex": "ResonantChain_276_NodeIndex",
    "NodeName": "ResonantChain_69_NodeName",
    "AttributesDescription": "ResonantChain_69_AttributesDescription",
    "BgDescription": "PrefabTextItem_Empty_Text",
    "BuffIds": [
      1403903001
    ],
    "AddProp": {
      "PKa": [],
      "length": 0
    },
    "ActivateConsume": {
      "size": 1
    },
    "AttributesDescriptionParams": [
      "50%"
    ],
    "NodeIcon": "/Game/Aki/UI/UIResources/Common/Image/IconDevice/T_IconDevice_QiushuiM3_UI.T_IconDevice_QiushuiM3_UI"
  },
  {
    "Id": 70,
    "GroupId": 1403,
    "GroupIndex": 4,
    "NodeType": 1,
    "NodeIndex": "ResonantChain_280_NodeIndex",
    "NodeName": "ResonantChain_70_NodeName",
    "AttributesDescription": "ResonantChain_70_AttributesDescription",
    "BgDescription": "PrefabTextItem_Empty_Text",
    "BuffIds": [
      1403904001
    ],
    "AddProp": {
      "PKa": [],
      "length": 0
    },
    "ActivateConsume": {
      "size": 1
    },
    "AttributesDescriptionParams": [
      "30%",
      "30%"
    ],
    "NodeIcon": "/Game/Aki/UI/UIResources/Common/Image/IconDevice/T_IconDevice_QiushuiM4_UI.T_IconDevice_QiushuiM4_UI"
  },
  {
    "Id": 71,
    "GroupId": 1403,
    "GroupIndex": 5,
    "NodeType": 1,
    "NodeIndex": "ResonantChain_284_NodeIndex",
    "NodeName": "ResonantChain_71_NodeName",
    "AttributesDescription": "ResonantChain_71_AttributesDescription",
    "BgDescription": "PrefabTextItem_Empty_Text",
    "BuffIds": [
      1403905001
    ],
    "AddProp": {
      "PKa": [],
      "length": 0
    },
    "ActivateConsume": {
      "size": 1
    },
    "AttributesDescriptionParams": [
      "25%",
      "6"
    ],
    "NodeIcon": "/Game/Aki/UI/UIResources/Common/Image/IconDevice/T_IconDevice_QiushuiM5_UI.T_IconDevice_QiushuiM5_UI"
  },
  {
    "Id": 72,
    "GroupId": 1403,
    "GroupIndex": 6,
    "NodeType": 1,
    "NodeIndex": "ResonantChain_288_NodeIndex",
    "NodeName": "ResonantChain_72_NodeName",
    "AttributesDescription": "ResonantChain_72_AttributesDescription",
    "BgDescription": "PrefabTextItem_Empty_Text",
    "BuffIds": [
      1403906001
    ],
    "AddProp": {
      "PKa": [],
      "length": 0
    },
    "ActivateConsume": {
      "size": 1
    },
    "AttributesDescriptionParams": [
      "8%",
      "50%"
    ],
    "NodeIcon": "/Game/Aki/UI/UIResources/Common/Image/IconDevice/T_IconDevice_QiushuiM6_UI.T_IconDevice_QiushuiM6_UI"
  },
  {
    "Id": 79,
    "GroupId": 1301,
    "GroupIndex": 1,
    "NodeType": 1,
    "NodeIndex": "ResonantChain_316_NodeIndex",
    "NodeName": "ResonantChain_79_NodeName",
    "AttributesDescription": "ResonantChain_79_AttributesDescription",
    "BgDescription": "PrefabTextItem_Empty_Text",
    "BuffIds": [
      1301600001
    ],
    "AddProp": {
      "PKa": [],
      "length": 0
    },
    "ActivateConsume": {
      "size": 1
    },
    "AttributesDescriptionParams": [
      "10",
      "20"
    ],
    "NodeIcon": "/Game/Aki/UI/UIResources/Common/Image/IconDevice/T_IconDevice_KakaluoM1_UI.T_IconDevice_KakaluoM1_UI"
  },
  {
    "Id": 80,
    "GroupId": 1301,
    "GroupIndex": 2,
    "NodeType": 1,
    "NodeIndex": "ResonantChain_320_NodeIndex",
    "NodeName": "ResonantChain_80_NodeName",
    "AttributesDescription": "ResonantChain_80_AttributesDescription",
    "BgDescription": "PrefabTextItem_Empty_Text",
    "BuffIds": [
      1301600003
    ],
    "AddProp": {
      "PKa": [],
      "length": 0
    },
    "ActivateConsume": {
      "size": 1
    },
    "AttributesDescriptionParams": [
      "30%",
      "15"
    ],
    "NodeIcon": "/Game/Aki/UI/UIResources/Common/Image/IconDevice/T_IconDevice_KakaluoM2_UI.T_IconDevice_KakaluoM2_UI"
  },
  {
    "Id": 81,
    "GroupId": 1301,
    "GroupIndex": 3,
    "NodeType": 1,
    "NodeIndex": "ResonantChain_324_NodeIndex",
    "NodeName": "ResonantChain_81_NodeName",
    "AttributesDescription": "ResonantChain_81_AttributesDescription",
    "BgDescription": "PrefabTextItem_Empty_Text",
    "BuffIds": [
      1301600004
    ],
    "AddProp": {
      "PKa": [],
      "length": 0
    },
    "ActivateConsume": {
      "size": 1
    },
    "AttributesDescriptionParams": [
      "25%"
    ],
    "NodeIcon": "/Game/Aki/UI/UIResources/Common/Image/IconDevice/T_IconDevice_KakaluoM3_UI.T_IconDevice_KakaluoM3_UI"
  },
  {
    "Id": 82,
    "GroupId": 1301,
    "GroupIndex": 4,
    "NodeType": 1,
    "NodeIndex": "ResonantChain_328_NodeIndex",
    "NodeName": "ResonantChain_82_NodeName",
    "AttributesDescription": "ResonantChain_82_AttributesDescription",
    "BgDescription": "PrefabTextItem_Empty_Text",
    "BuffIds": [
      1301600006
    ],
    "AddProp": {
      "PKa": [],
      "length": 0
    },
    "ActivateConsume": {
      "size": 1
    },
    "AttributesDescriptionParams": [
      "20%",
      "30"
    ],
    "NodeIcon": "/Game/Aki/UI/UIResources/Common/Image/IconDevice/T_IconDevice_KakaluoM4_UI.T_IconDevice_KakaluoM4_UI"
  },
  {
    "Id": 83,
    "GroupId": 1301,
    "GroupIndex": 5,
    "NodeType": 1,
    "NodeIndex": "ResonantChain_332_NodeIndex",
    "NodeName": "ResonantChain_83_NodeName",
    "AttributesDescription": "ResonantChain_83_AttributesDescription",
    "BgDescription": "PrefabTextItem_Empty_Text",
    "BuffIds": [
      1301600008
    ],
    "AddProp": {
      "PKa": [],
      "length": 0
    },
    "ActivateConsume": {
      "size": 1
    },
    "AttributesDescriptionParams": [
      "50%"
    ],
    "NodeIcon": "/Game/Aki/UI/UIResources/Common/Image/IconDevice/T_IconDevice_KakaluoM5_UI.T_IconDevice_KakaluoM5_UI"
  },
  {
    "Id": 84,
    "GroupId": 1301,
    "GroupIndex": 6,
    "NodeType": 1,
    "NodeIndex": "ResonantChain_336_NodeIndex",
    "NodeName": "ResonantChain_84_NodeName",
    "AttributesDescription": "ResonantChain_84_AttributesDescription",
    "BgDescription": "PrefabTextItem_Empty_Text",
    "BuffIds": [
      1301600010
    ],
    "AddProp": {
      "PKa": [],
      "length": 0
    },
    "ActivateConsume": {
      "size": 1
    },
    "AttributesDescriptionParams": [
      "2",
      "100.00%"
    ],
    "NodeIcon": "/Game/Aki/UI/UIResources/Common/Image/IconDevice/T_IconDevice_KakaluoM6_UI.T_IconDevice_KakaluoM6_UI"
  },
  {
    "Id": 85,
    "GroupId": 1302,
    "GroupIndex": 1,
    "NodeType": 1,
    "NodeIndex": "ResonantChain_340_NodeIndex",
    "NodeName": "ResonantChain_85_NodeName",
    "AttributesDescription": "ResonantChain_85_AttributesDescription",
    "BgDescription": "PrefabTextItem_Empty_Text",
    "BuffIds": [
      1302901001
    ],
    "AddProp": {
      "PKa": [],
      "length": 0
    },
    "ActivateConsume": {
      "size": 1
    },
    "AttributesDescriptionParams": [
      "70%"
    ],
    "NodeIcon": "/Game/Aki/UI/UIResources/Common/Image/IconDevice/T_IconDevice_YinlinM1_UI.T_IconDevice_YinlinM1_UI"
  },
  {
    "Id": 86,
    "GroupId": 1302,
    "GroupIndex": 2,
    "NodeType": 1,
    "NodeIndex": "ResonantChain_344_NodeIndex",
    "NodeName": "ResonantChain_86_NodeName",
    "AttributesDescription": "ResonantChain_86_AttributesDescription",
    "BgDescription": "PrefabTextItem_Empty_Text",
    "BuffIds": [
      1302902001
    ],
    "AddProp": {
      "PKa": [],
      "length": 0
    },
    "ActivateConsume": {
      "size": 1
    },
    "AttributesDescriptionParams": [
      "100%",
      "5",
      "5"
    ],
    "NodeIcon": "/Game/Aki/UI/UIResources/Common/Image/IconDevice/T_IconDevice_YinlinM2_UI.T_IconDevice_YinlinM2_UI"
  },
  {
    "Id": 87,
    "GroupId": 1302,
    "GroupIndex": 3,
    "NodeType": 1,
    "NodeIndex": "ResonantChain_348_NodeIndex",
    "NodeName": "ResonantChain_87_NodeName",
    "AttributesDescription": "ResonantChain_87_AttributesDescription",
    "BgDescription": "PrefabTextItem_Empty_Text",
    "BuffIds": [
      1302903001
    ],
    "AddProp": {
      "PKa": [],
      "length": 0
    },
    "ActivateConsume": {
      "size": 1
    },
    "AttributesDescriptionParams": [
      "55%"
    ],
    "NodeIcon": "/Game/Aki/UI/UIResources/Common/Image/IconDevice/T_IconDevice_YinlinM3_UI.T_IconDevice_YinlinM3_UI"
  },
  {
    "Id": 88,
    "GroupId": 1302,
    "GroupIndex": 4,
    "NodeType": 1,
    "NodeIndex": "ResonantChain_352_NodeIndex",
    "NodeName": "ResonantChain_88_NodeName",
    "AttributesDescription": "ResonantChain_88_AttributesDescription",
    "BgDescription": "PrefabTextItem_Empty_Text",
    "BuffIds": [
      1302904001
    ],
    "AddProp": {
      "PKa": [],
      "length": 0
    },
    "ActivateConsume": {
      "size": 1
    },
    "AttributesDescriptionParams": [
      "20%",
      "12"
    ],
    "NodeIcon": "/Game/Aki/UI/UIResources/Common/Image/IconDevice/T_IconDevice_YinlinM4_UI.T_IconDevice_YinlinM4_UI"
  },
  {
    "Id": 89,
    "GroupId": 1302,
    "GroupIndex": 5,
    "NodeType": 1,
    "NodeIndex": "ResonantChain_356_NodeIndex",
    "NodeName": "ResonantChain_89_NodeName",
    "AttributesDescription": "ResonantChain_89_AttributesDescription",
    "BgDescription": "PrefabTextItem_Empty_Text",
    "BuffIds": [
      1302905001
    ],
    "AddProp": {
      "PKa": [],
      "length": 0
    },
    "ActivateConsume": {
      "size": 1
    },
    "AttributesDescriptionParams": [
      "100%"
    ],
    "NodeIcon": "/Game/Aki/UI/UIResources/Common/Image/IconDevice/T_IconDevice_YinlinM5_UI.T_IconDevice_YinlinM5_UI"
  },
  {
    "Id": 90,
    "GroupId": 1302,
    "GroupIndex": 6,
    "NodeType": 1,
    "NodeIndex": "ResonantChain_360_NodeIndex",
    "NodeName": "ResonantChain_90_NodeName",
    "AttributesDescription": "ResonantChain_90_AttributesDescription",
    "BgDescription": "PrefabTextItem_Empty_Text",
    "BuffIds": [
      1302906001
    ],
    "AddProp": {
      "PKa": [],
      "length": 0
    },
    "ActivateConsume": {
      "size": 1
    },
    "AttributesDescriptionParams": [
      "10"
    ],
    "NodeIcon": "/Game/Aki/UI/UIResources/Common/Image/IconDevice/T_IconDevice_YinlinM6_UI.T_IconDevice_YinlinM6_UI"
  },
  {
    "Id": 91,
    "GroupId": 1303,
    "GroupIndex": 1,
    "NodeType": 1,
    "NodeIndex": "ResonantChain_364_NodeIndex",
    "NodeName": "ResonantChain_91_NodeName",
    "AttributesDescription": "ResonantChain_91_AttributesDescription",
    "BgDescription": "PrefabTextItem_Empty_Text",
    "BuffIds": [
      1303700001,
      1303700002,
      1303700003
    ],
    "AddProp": {
      "PKa": [],
      "length": 0
    },
    "ActivateConsume": {
      "size": 1
    },
    "AttributesDescriptionParams": [
      "20%",
      "20%"
    ],
    "NodeIcon": "/Game/Aki/UI/UIResources/Common/Image/IconDevice/T_IconDevice_YuanwuM1_UI.T_IconDevice_YuanwuM1_UI"
  },
  {
    "Id": 92,
    "GroupId": 1303,
    "GroupIndex": 2,
    "NodeType": 1,
    "NodeIndex": "ResonantChain_368_NodeIndex",
    "NodeName": "ResonantChain_92_NodeName",
    "AttributesDescription": "ResonantChain_92_AttributesDescription",
    "BgDescription": "PrefabTextItem_Empty_Text",
    "BuffIds": [
      1303700702
    ],
    "AddProp": {
      "PKa": [],
      "length": 0
    },
    "ActivateConsume": {
      "size": 1
    },
    "AttributesDescriptionParams": [
      "15"
    ],
    "NodeIcon": "/Game/Aki/UI/UIResources/Common/Image/IconDevice/T_IconDevice_YuanwuM2_UI.T_IconDevice_YuanwuM2_UI"
  },
  {
    "Id": 93,
    "GroupId": 1303,
    "GroupIndex": 3,
    "NodeType": 1,
    "NodeIndex": "ResonantChain_372_NodeIndex",
    "NodeName": "ResonantChain_93_NodeName",
    "AttributesDescription": "ResonantChain_93_AttributesDescription",
    "BgDescription": "PrefabTextItem_Empty_Text",
    "BuffIds": [
      1303700703
    ],
    "AddProp": {
      "PKa": [],
      "length": 0
    },
    "ActivateConsume": {
      "size": 1
    },
    "AttributesDescriptionParams": [
      "20%"
    ],
    "NodeIcon": "/Game/Aki/UI/UIResources/Common/Image/IconDevice/T_IconDevice_YuanwuM3_UI.T_IconDevice_YuanwuM3_UI"
  },
  {
    "Id": 94,
    "GroupId": 1303,
    "GroupIndex": 4,
    "NodeType": 1,
    "NodeIndex": "ResonantChain_376_NodeIndex",
    "NodeName": "ResonantChain_94_NodeName",
    "AttributesDescription": "ResonantChain_94_AttributesDescription",
    "BgDescription": "PrefabTextItem_Empty_Text",
    "BuffIds": [
      1303700004
    ],
    "AddProp": {
      "PKa": [],
      "length": 0
    },
    "ActivateConsume": {
      "size": 1
    },
    "AttributesDescriptionParams": [
      "200%",
      "10"
    ],
    "NodeIcon": "/Game/Aki/UI/UIResources/Common/Image/IconDevice/T_IconDevice_YuanwuM4_UI.T_IconDevice_YuanwuM4_UI"
  },
  {
    "Id": 95,
    "GroupId": 1303,
    "GroupIndex": 5,
    "NodeType": 1,
    "NodeIndex": "ResonantChain_380_NodeIndex",
    "NodeName": "ResonantChain_95_NodeName",
    "AttributesDescription": "ResonantChain_95_AttributesDescription",
    "BgDescription": "PrefabTextItem_Empty_Text",
    "BuffIds": [
      1303700005
    ],
    "AddProp": {
      "PKa": [],
      "length": 0
    },
    "ActivateConsume": {
      "size": 1
    },
    "AttributesDescriptionParams": [
      "50%"
    ],
    "NodeIcon": "/Game/Aki/UI/UIResources/Common/Image/IconDevice/T_IconDevice_YuanwuM5_UI.T_IconDevice_YuanwuM5_UI"
  },
  {
    "Id": 96,
    "GroupId": 1303,
    "GroupIndex": 6,
    "NodeType": 1,
    "NodeIndex": "ResonantChain_384_NodeIndex",
    "NodeName": "ResonantChain_96_NodeName",
    "AttributesDescription": "ResonantChain_96_AttributesDescription",
    "BgDescription": "PrefabTextItem_Empty_Text",
    "BuffIds": [
      1303700006
    ],
    "AddProp": {
      "PKa": [],
      "length": 0
    },
    "ActivateConsume": {
      "size": 1
    },
    "AttributesDescriptionParams": [
      "32%",
      "3"
    ],
    "NodeIcon": "/Game/Aki/UI/UIResources/Common/Image/IconDevice/T_IconDevice_YuanwuM6_UI.T_IconDevice_YuanwuM6_UI"
  },
  {
    "Id": 97,
    "GroupId": 1104,
    "GroupIndex": 1,
    "NodeType": 1,
    "NodeIndex": "ResonantChain_388_NodeIndex",
    "NodeName": "ResonantChain_97_NodeName",
    "AttributesDescription": "ResonantChain_97_AttributesDescription",
    "BgDescription": "PrefabTextItem_Empty_Text",
    "BuffIds": [
      1104001001
    ],
    "AddProp": {
      "PKa": [],
      "length": 0
    },
    "ActivateConsume": {
      "size": 1
    },
    "AttributesDescriptionParams": {
      "PKa": [],
      "length": 0
    },
    "NodeIcon": "/Game/Aki/UI/UIResources/Common/Image/IconDevice/T_IconDevice_LingyangM1_UI.T_IconDevice_LingyangM1_UI"
  },
  {
    "Id": 98,
    "GroupId": 1104,
    "GroupIndex": 2,
    "NodeType": 1,
    "NodeIndex": "ResonantChain_392_NodeIndex",
    "NodeName": "ResonantChain_98_NodeName",
    "AttributesDescription": "ResonantChain_98_AttributesDescription",
    "BgDescription": "PrefabTextItem_Empty_Text",
    "BuffIds": [
      1104002001
    ],
    "AddProp": {
      "PKa": [],
      "length": 0
    },
    "ActivateConsume": {
      "size": 1
    },
    "AttributesDescriptionParams": [
      "10",
      "20"
    ],
    "NodeIcon": "/Game/Aki/UI/UIResources/Common/Image/IconDevice/T_IconDevice_LingyangM2_UI.T_IconDevice_LingyangM2_UI"
  },
  {
    "Id": 99,
    "GroupId": 1104,
    "GroupIndex": 3,
    "NodeType": 1,
    "NodeIndex": "ResonantChain_396_NodeIndex",
    "NodeName": "ResonantChain_99_NodeName",
    "AttributesDescription": "ResonantChain_99_AttributesDescription",
    "BgDescription": "PrefabTextItem_Empty_Text",
    "BuffIds": [
      1104003001,
      1104003002
    ],
    "AddProp": {
      "PKa": [],
      "length": 0
    },
    "ActivateConsume": {
      "size": 1
    },
    "AttributesDescriptionParams": [
      "20%",
      "10%"
    ],
    "NodeIcon": "/Game/Aki/UI/UIResources/Common/Image/IconDevice/T_IconDevice_LingyangM3_UI.T_IconDevice_LingyangM3_UI"
  },
  {
    "Id": 100,
    "GroupId": 1104,
    "GroupIndex": 4,
    "NodeType": 1,
    "NodeIndex": "ResonantChain_400_NodeIndex",
    "NodeName": "ResonantChain_100_NodeName",
    "AttributesDescription": "ResonantChain_100_AttributesDescription",
    "BgDescription": "PrefabTextItem_Empty_Text",
    "BuffIds": [
      1104004001
    ],
    "AddProp": {
      "PKa": [],
      "length": 0
    },
    "ActivateConsume": {
      "size": 1
    },
    "AttributesDescriptionParams": [
      "20%",
      "30"
    ],
    "NodeIcon": "/Game/Aki/UI/UIResources/Common/Image/IconDevice/T_IconDevice_LingyangM4_UI.T_IconDevice_LingyangM4_UI"
  },
  {
    "Id": 101,
    "GroupId": 1104,
    "GroupIndex": 5,
    "NodeType": 1,
    "NodeIndex": "ResonantChain_404_NodeIndex",
    "NodeName": "ResonantChain_101_NodeName",
    "AttributesDescription": "ResonantChain_101_AttributesDescription",
    "BgDescription": "PrefabTextItem_Empty_Text",
    "BuffIds": [
      1104005001
    ],
    "AddProp": {
      "PKa": [],
      "length": 0
    },
    "ActivateConsume": {
      "size": 1
    },
    "AttributesDescriptionParams": [
      "200%"
    ],
    "NodeIcon": "/Game/Aki/UI/UIResources/Common/Image/IconDevice/T_IconDevice_LingyangM5_UI.T_IconDevice_LingyangM5_UI"
  },
  {
    "Id": 102,
    "GroupId": 1104,
    "GroupIndex": 6,
    "NodeType": 1,
    "NodeIndex": "ResonantChain_408_NodeIndex",
    "NodeName": "ResonantChain_102_NodeName",
    "AttributesDescription": "ResonantChain_102_AttributesDescription",
    "BgDescription": "PrefabTextItem_Empty_Text",
    "BuffIds": [
      1104006001
    ],
    "AddProp": {
      "PKa": [],
      "length": 0
    },
    "ActivateConsume": {
      "size": 1
    },
    "AttributesDescriptionParams": [
      "3",
      "100%"
    ],
    "NodeIcon": "/Game/Aki/UI/UIResources/Common/Image/IconDevice/T_IconDevice_LingyangM6_UI.T_IconDevice_LingyangM6_UI"
  },
  {
    "Id": 103,
    "GroupId": 1604,
    "GroupIndex": 1,
    "NodeType": 1,
    "NodeIndex": "ResonantChain_124_NodeIndex",
    "NodeName": "ResonantChain_103_NodeName",
    "AttributesDescription": "ResonantChain_103_AttributesDescription",
    "BgDescription": "PrefabTextItem_Empty_Text",
    "BuffIds": [
      1604004000
    ],
    "AddProp": {
      "PKa": [],
      "length": 0
    },
    "ActivateConsume": {
      "size": 1
    },
    "AttributesDescriptionParams": [
      "30%"
    ],
    "NodeIcon": "/Game/Aki/UI/UIResources/Common/Image/IconDevice/T_IconDevice_ZhujueDarkM1_UI.T_IconDevice_ZhujueDarkM1_UI"
  },
  {
    "Id": 104,
    "GroupId": 1604,
    "GroupIndex": 2,
    "NodeType": 1,
    "NodeIndex": "ResonantChain_128_NodeIndex",
    "NodeName": "ResonantChain_104_NodeName",
    "AttributesDescription": "ResonantChain_104_AttributesDescription",
    "BgDescription": "PrefabTextItem_Empty_Text",
    "BuffIds": [
      1604005000
    ],
    "AddProp": {
      "PKa": [],
      "length": 0
    },
    "ActivateConsume": {
      "size": 1
    },
    "AttributesDescriptionParams": {
      "PKa": [],
      "length": 0
    },
    "NodeIcon": "/Game/Aki/UI/UIResources/Common/Image/IconDevice/T_IconDevice_ZhujueDarkM2_UI.T_IconDevice_ZhujueDarkM2_UI"
  },
  {
    "Id": 105,
    "GroupId": 1604,
    "GroupIndex": 3,
    "NodeType": 1,
    "NodeIndex": "ResonantChain_132_NodeIndex",
    "NodeName": "ResonantChain_105_NodeName",
    "AttributesDescription": "ResonantChain_105_AttributesDescription",
    "BgDescription": "PrefabTextItem_Empty_Text",
    "BuffIds": [
      1604006000
    ],
    "AddProp": {
      "PKa": [],
      "length": 0
    },
    "ActivateConsume": {
      "size": 1
    },
    "AttributesDescriptionParams": [
      "10%"
    ],
    "NodeIcon": "/Game/Aki/UI/UIResources/Common/Image/IconDevice/T_IconDevice_ZhujueDarkM3_UI.T_IconDevice_ZhujueDarkM3_UI"
  },
  {
    "Id": 106,
    "GroupId": 1604,
    "GroupIndex": 4,
    "NodeType": 1,
    "NodeIndex": "ResonantChain_136_NodeIndex",
    "NodeName": "ResonantChain_106_NodeName",
    "AttributesDescription": "ResonantChain_106_AttributesDescription",
    "BgDescription": "PrefabTextItem_Empty_Text",
    "BuffIds": [
      1604007000
    ],
    "AddProp": {
      "PKa": [],
      "length": 0
    },
    "ActivateConsume": {
      "size": 1
    },
    "AttributesDescriptionParams": [
      "10%",
      "20"
    ],
    "NodeIcon": "/Game/Aki/UI/UIResources/Common/Image/IconDevice/T_IconDevice_ZhujueDarkM4_UI.T_IconDevice_ZhujueDarkM4_UI"
  },
  {
    "Id": 107,
    "GroupId": 1604,
    "GroupIndex": 5,
    "NodeType": 1,
    "NodeIndex": "ResonantChain_140_NodeIndex",
    "NodeName": "ResonantChain_107_NodeName",
    "AttributesDescription": "ResonantChain_107_AttributesDescription",
    "BgDescription": "PrefabTextItem_Empty_Text",
    "BuffIds": [
      1604008000
    ],
    "AddProp": {
      "PKa": [],
      "length": 0
    },
    "ActivateConsume": {
      "size": 1
    },
    "AttributesDescriptionParams": [
      "50%"
    ],
    "NodeIcon": "/Game/Aki/UI/UIResources/Common/Image/IconDevice/T_IconDevice_ZhujueDarkM5_UI.T_IconDevice_ZhujueDarkM5_UI"
  },
  {
    "Id": 108,
    "GroupId": 1604,
    "GroupIndex": 6,
    "NodeType": 1,
    "NodeIndex": "ResonantChain_144_NodeIndex",
    "NodeName": "ResonantChain_108_NodeName",
    "AttributesDescription": "ResonantChain_108_AttributesDescription",
    "BgDescription": "PrefabTextItem_Empty_Text",
    "BuffIds": [
      1604009000
    ],
    "AddProp": {
      "PKa": [],
      "length": 0
    },
    "ActivateConsume": {
      "size": 1
    },
    "AttributesDescriptionParams": [
      "25%"
    ],
    "NodeIcon": "/Game/Aki/UI/UIResources/Common/Image/IconDevice/T_IconDevice_ZhujueDarkM6_UI.T_IconDevice_ZhujueDarkM6_UI"
  },
  {
    "Id": 109,
    "GroupId": 1405,
    "GroupIndex": 1,
    "NodeType": 1,
    "NodeIndex": "ResonantChain_436_NodeIndex",
    "NodeName": "ResonantChain_109_NodeName",
    "AttributesDescription": "ResonantChain_109_AttributesDescription",
    "BgDescription": "PrefabTextItem_Empty_Text",
    "BuffIds": [
      1405010001
    ],
    "AddProp": {
      "PKa": [],
      "length": 0
    },
    "ActivateConsume": {
      "size": 1
    },
    "AttributesDescriptionParams": [
      "100%",
      "10"
    ],
    "NodeIcon": "/Game/Aki/UI/UIResources/Common/Image/IconDevice/T_IconDevice_JianxinM1_UI.T_IconDevice_JianxinM1_UI"
  },
  {
    "Id": 110,
    "GroupId": 1405,
    "GroupIndex": 2,
    "NodeType": 1,
    "NodeIndex": "ResonantChain_440_NodeIndex",
    "NodeName": "ResonantChain_110_NodeName",
    "AttributesDescription": "ResonantChain_110_AttributesDescription",
    "BgDescription": "PrefabTextItem_Empty_Text",
    "BuffIds": [
      1405020001
    ],
    "AddProp": {
      "PKa": [],
      "length": 0
    },
    "ActivateConsume": {
      "size": 1
    },
    "AttributesDescriptionParams": [
      "1"
    ],
    "NodeIcon": "/Game/Aki/UI/UIResources/Common/Image/IconDevice/T_IconDevice_JianxinM2_UI.T_IconDevice_JianxinM2_UI"
  },
  {
    "Id": 111,
    "GroupId": 1405,
    "GroupIndex": 3,
    "NodeType": 1,
    "NodeIndex": "ResonantChain_444_NodeIndex",
    "NodeName": "ResonantChain_111_NodeName",
    "AttributesDescription": "ResonantChain_111_AttributesDescription",
    "BgDescription": "PrefabTextItem_Empty_Text",
    "BuffIds": [
      1405030001
    ],
    "AddProp": {
      "PKa": [],
      "length": 0
    },
    "ActivateConsume": {
      "size": 1
    },
    "AttributesDescriptionParams": [
      "2.5"
    ],
    "NodeIcon": "/Game/Aki/UI/UIResources/Common/Image/IconDevice/T_IconDevice_JianxinM3_UI.T_IconDevice_JianxinM3_UI"
  },
  {
    "Id": 112,
    "GroupId": 1405,
    "GroupIndex": 4,
    "NodeType": 1,
    "NodeIndex": "ResonantChain_448_NodeIndex",
    "NodeName": "ResonantChain_112_NodeName",
    "AttributesDescription": "ResonantChain_112_AttributesDescription",
    "BgDescription": "PrefabTextItem_Empty_Text",
    "BuffIds": [
      1405040001
    ],
    "AddProp": {
      "PKa": [],
      "length": 0
    },
    "ActivateConsume": {
      "size": 1
    },
    "AttributesDescriptionParams": [
      "80%",
      "14"
    ],
    "NodeIcon": "/Game/Aki/UI/UIResources/Common/Image/IconDevice/T_IconDevice_JianxinM4_UI.T_IconDevice_JianxinM4_UI"
  },
  {
    "Id": 113,
    "GroupId": 1405,
    "GroupIndex": 5,
    "NodeType": 1,
    "NodeIndex": "ResonantChain_452_NodeIndex",
    "NodeName": "ResonantChain_113_NodeName",
    "AttributesDescription": "ResonantChain_113_AttributesDescription",
    "BgDescription": "PrefabTextItem_Empty_Text",
    "BuffIds": [
      1405050001
    ],
    "AddProp": {
      "PKa": [],
      "length": 0
    },
    "ActivateConsume": {
      "size": 1
    },
    "AttributesDescriptionParams": [
      "33%"
    ],
    "NodeIcon": "/Game/Aki/UI/UIResources/Common/Image/IconDevice/T_IconDevice_JianxinM5_UI.T_IconDevice_JianxinM5_UI"
  },
  {
    "Id": 114,
    "GroupId": 1405,
    "GroupIndex": 6,
    "NodeType": 1,
    "NodeIndex": "ResonantChain_456_NodeIndex",
    "NodeName": "ResonantChain_114_NodeName",
    "AttributesDescription": "ResonantChain_114_AttributesDescription",
    "BgDescription": "PrefabTextItem_Empty_Text",
    "BuffIds": [
      1405060001
    ],
    "AddProp": {
      "PKa": [],
      "length": 0
    },
    "ActivateConsume": {
      "size": 1
    },
    "AttributesDescriptionParams": [
      "5",
      "1",
      "556.67%"
    ],
    "NodeIcon": "/Game/Aki/UI/UIResources/Common/Image/IconDevice/T_IconDevice_JianxinM6_UI.T_IconDevice_JianxinM6_UI"
  },
  {
    "Id": 115,
    "GroupId": 1304,
    "GroupIndex": 1,
    "NodeType": 1,
    "NodeIndex": "ResonantChain_460_NodeIndex",
    "NodeName": "ResonantChain_115_NodeName",
    "AttributesDescription": "ResonantChain_115_AttributesDescription",
    "BgDescription": "PrefabTextItem_Empty_Text",
    "BuffIds": [
      1304900100
    ],
    "AddProp": {
      "PKa": [],
      "length": 0
    },
    "ActivateConsume": {
      "size": 1
    },
    "AttributesDescriptionParams": [
      "4",
      "6",
      "20%"
    ],
    "NodeIcon": "/Game/Aki/UI/UIResources/Common/Image/IconDevice/T_IconDevice_JinxiM1_UI.T_IconDevice_JinxiM1_UI"
  },
  {
    "Id": 116,
    "GroupId": 1304,
    "GroupIndex": 2,
    "NodeType": 1,
    "NodeIndex": "ResonantChain_464_NodeIndex",
    "NodeName": "ResonantChain_116_NodeName",
    "AttributesDescription": "ResonantChain_116_AttributesDescription",
    "BgDescription": "PrefabTextItem_Empty_Text",
    "BuffIds": [
      1304900200
    ],
    "AddProp": {
      "PKa": [],
      "length": 0
    },
    "ActivateConsume": {
      "size": 1
    },
    "AttributesDescriptionParams": [
      "4",
      "50",
      "4",
      "1"
    ],
    "NodeIcon": "/Game/Aki/UI/UIResources/Common/Image/IconDevice/T_IconDevice_JinxiM2_UI.T_IconDevice_JinxiM2_UI"
  },
  {
    "Id": 117,
    "GroupId": 1304,
    "GroupIndex": 3,
    "NodeType": 1,
    "NodeIndex": "ResonantChain_468_NodeIndex",
    "NodeName": "ResonantChain_117_NodeName",
    "AttributesDescription": "ResonantChain_117_AttributesDescription",
    "BgDescription": "PrefabTextItem_Empty_Text",
    "BuffIds": [
      1304900300
    ],
    "AddProp": {
      "PKa": [],
      "length": 0
    },
    "ActivateConsume": {
      "size": 1
    },
    "AttributesDescriptionParams": [
      "25%",
      "2",
      "20"
    ],
    "NodeIcon": "/Game/Aki/UI/UIResources/Common/Image/IconDevice/T_IconDevice_JinxiM3_UI.T_IconDevice_JinxiM3_UI"
  },
  {
    "Id": 118,
    "GroupId": 1304,
    "GroupIndex": 4,
    "NodeType": 1,
    "NodeIndex": "ResonantChain_472_NodeIndex",
    "NodeName": "ResonantChain_118_NodeName",
    "AttributesDescription": "ResonantChain_118_AttributesDescription",
    "BgDescription": "PrefabTextItem_Empty_Text",
    "BuffIds": [
      1304900400
    ],
    "AddProp": {
      "PKa": [],
      "length": 0
    },
    "ActivateConsume": {
      "size": 1
    },
    "AttributesDescriptionParams": [
      "20%",
      "20"
    ],
    "NodeIcon": "/Game/Aki/UI/UIResources/Common/Image/IconDevice/T_IconDevice_JinxiM4_UI.T_IconDevice_JinxiM4_UI"
  },
  {
    "Id": 119,
    "GroupId": 1304,
    "GroupIndex": 5,
    "NodeType": 1,
    "NodeIndex": "ResonantChain_476_NodeIndex",
    "NodeName": "ResonantChain_119_NodeName",
    "AttributesDescription": "ResonantChain_119_AttributesDescription",
    "BgDescription": "PrefabTextItem_Empty_Text",
    "BuffIds": [
      1304900500
    ],
    "AddProp": {
      "PKa": [],
      "length": 0
    },
    "ActivateConsume": {
      "size": 1
    },
    "AttributesDescriptionParams": [
      "120%"
    ],
    "NodeIcon": "/Game/Aki/UI/UIResources/Common/Image/IconDevice/T_IconDevice_JinxiM5_UI.T_IconDevice_JinxiM5_UI"
  },
  {
    "Id": 120,
    "GroupId": 1304,
    "GroupIndex": 6,
    "NodeType": 1,
    "NodeIndex": "ResonantChain_480_NodeIndex",
    "NodeName": "ResonantChain_120_NodeName",
    "AttributesDescription": "ResonantChain_120_AttributesDescription",
    "BgDescription": "PrefabTextItem_Empty_Text",
    "BuffIds": [
      1304900600
    ],
    "AddProp": {
      "PKa": [],
      "length": 0
    },
    "ActivateConsume": {
      "size": 1
    },
    "AttributesDescriptionParams": [
      "45%",
      "45%"
    ],
    "NodeIcon": "/Game/Aki/UI/UIResources/Common/Image/IconDevice/T_IconDevice_JinxiM6_UI.T_IconDevice_JinxiM6_UI"
  },
  {
    "Id": 121,
    "GroupId": 1205,
    "GroupIndex": 1,
    "NodeType": 1,
    "NodeIndex": "ResonantChain_484_NodeIndex",
    "NodeName": "ResonantChain_121_NodeName",
    "AttributesDescription": "ResonantChain_121_AttributesDescription",
    "BgDescription": "PrefabTextItem_Empty_Text",
    "BuffIds": [
      1205900110
    ],
    "AddProp": {
      "PKa": [],
      "length": 0
    },
    "ActivateConsume": {
      "size": 1
    },
    "AttributesDescriptionParams": [
      "10%"
    ],
    "NodeIcon": "/Game/Aki/UI/UIResources/Common/Image/IconDevice/T_IconDevice_ChangliM1_UI.T_IconDevice_ChangliM1_UI"
  },
  {
    "Id": 122,
    "GroupId": 1205,
    "GroupIndex": 2,
    "NodeType": 1,
    "NodeIndex": "ResonantChain_488_NodeIndex",
    "NodeName": "ResonantChain_122_NodeName",
    "AttributesDescription": "ResonantChain_122_AttributesDescription",
    "BgDescription": "PrefabTextItem_Empty_Text",
    "BuffIds": [
      1205900210
    ],
    "AddProp": {
      "PKa": [],
      "length": 0
    },
    "ActivateConsume": {
      "size": 1
    },
    "AttributesDescriptionParams": [
      "25%",
      "8"
    ],
    "NodeIcon": "/Game/Aki/UI/UIResources/Common/Image/IconDevice/T_IconDevice_ChangliM2_UI.T_IconDevice_ChangliM2_UI"
  },
  {
    "Id": 123,
    "GroupId": 1205,
    "GroupIndex": 3,
    "NodeType": 1,
    "NodeIndex": "ResonantChain_492_NodeIndex",
    "NodeName": "ResonantChain_123_NodeName",
    "AttributesDescription": "ResonantChain_123_AttributesDescription",
    "BgDescription": "PrefabTextItem_Empty_Text",
    "BuffIds": [
      1205900310
    ],
    "AddProp": {
      "PKa": [],
      "length": 0
    },
    "ActivateConsume": {
      "size": 1
    },
    "AttributesDescriptionParams": [
      "80%"
    ],
    "NodeIcon": "/Game/Aki/UI/UIResources/Common/Image/IconDevice/T_IconDevice_ChangliM3_UI.T_IconDevice_ChangliM3_UI"
  },
  {
    "Id": 124,
    "GroupId": 1205,
    "GroupIndex": 4,
    "NodeType": 1,
    "NodeIndex": "ResonantChain_496_NodeIndex",
    "NodeName": "ResonantChain_124_NodeName",
    "AttributesDescription": "ResonantChain_124_AttributesDescription",
    "BgDescription": "PrefabTextItem_Empty_Text",
    "BuffIds": [
      1205900410
    ],
    "AddProp": {
      "PKa": [],
      "length": 0
    },
    "ActivateConsume": {
      "size": 1
    },
    "AttributesDescriptionParams": [
      "20%",
      "30"
    ],
    "NodeIcon": "/Game/Aki/UI/UIResources/Common/Image/IconDevice/T_IconDevice_ChangliM4_UI.T_IconDevice_ChangliM4_UI"
  },
  {
    "Id": 125,
    "GroupId": 1205,
    "GroupIndex": 5,
    "NodeType": 1,
    "NodeIndex": "ResonantChain_500_NodeIndex",
    "NodeName": "ResonantChain_125_NodeName",
    "AttributesDescription": "ResonantChain_125_AttributesDescription",
    "BgDescription": "PrefabTextItem_Empty_Text",
    "BuffIds": [
      1205900510
    ],
    "AddProp": {
      "PKa": [],
      "length": 0
    },
    "ActivateConsume": {
      "size": 1
    },
    "AttributesDescriptionParams": [
      "50%",
      "50%"
    ],
    "NodeIcon": "/Game/Aki/UI/UIResources/Common/Image/IconDevice/T_IconDevice_ChangliM5_UI.T_IconDevice_ChangliM5_UI"
  },
  {
    "Id": 126,
    "GroupId": 1205,
    "GroupIndex": 6,
    "NodeType": 1,
    "NodeIndex": "ResonantChain_504_NodeIndex",
    "NodeName": "ResonantChain_126_NodeName",
    "AttributesDescription": "ResonantChain_126_AttributesDescription",
    "BgDescription": "PrefabTextItem_Empty_Text",
    "BuffIds": [
      1205900610
    ],
    "AddProp": {
      "PKa": [],
      "length": 0
    },
    "ActivateConsume": {
      "size": 1
    },
    "AttributesDescriptionParams": [
      "40%"
    ],
    "NodeIcon": "/Game/Aki/UI/UIResources/Common/Image/IconDevice/T_IconDevice_ChangliM6_UI.T_IconDevice_ChangliM6_UI"
  },
  {
    "Id": 127,
    "GroupId": 1305,
    "GroupIndex": 1,
    "NodeType": 1,
    "NodeIndex": "ResonantChain_484_NodeIndex",
    "NodeName": "ResonantChain_127_NodeName",
    "AttributesDescription": "ResonantChain_127_AttributesDescription",
    "BgDescription": "PrefabTextItem_Empty_Text",
    "BuffIds": [
      1305071001
    ],
    "AddProp": {
      "PKa": [],
      "length": 0
    },
    "ActivateConsume": {
      "size": 1
    },
    "AttributesDescriptionParams": [
      "6",
      "8%"
    ],
    "NodeIcon": "/Game/Aki/UI/UIResources/Common/Image/IconDevice/T_IconDevice_XiangliyaoM1_UI.T_IconDevice_XiangliyaoM1_UI"
  },
  {
    "Id": 128,
    "GroupId": 1305,
    "GroupIndex": 2,
    "NodeType": 1,
    "NodeIndex": "ResonantChain_488_NodeIndex",
    "NodeName": "ResonantChain_128_NodeName",
    "AttributesDescription": "ResonantChain_128_AttributesDescription",
    "BgDescription": "PrefabTextItem_Empty_Text",
    "BuffIds": [
      1305072001
    ],
    "AddProp": {
      "PKa": [],
      "length": 0
    },
    "ActivateConsume": {
      "size": 1
    },
    "AttributesDescriptionParams": [
      "30%",
      "8"
    ],
    "NodeIcon": "/Game/Aki/UI/UIResources/Common/Image/IconDevice/T_IconDevice_XiangliyaoM2_UI.T_IconDevice_XiangliyaoM2_UI"
  },
  {
    "Id": 129,
    "GroupId": 1305,
    "GroupIndex": 3,
    "NodeType": 1,
    "NodeIndex": "ResonantChain_492_NodeIndex",
    "NodeName": "ResonantChain_129_NodeName",
    "AttributesDescription": "ResonantChain_129_AttributesDescription",
    "BgDescription": "PrefabTextItem_Empty_Text",
    "BuffIds": [
      1305073001
    ],
    "AddProp": {
      "PKa": [],
      "length": 0
    },
    "ActivateConsume": {
      "size": 1
    },
    "AttributesDescriptionParams": [
      "5",
      "63%",
      "24"
    ],
    "NodeIcon": "/Game/Aki/UI/UIResources/Common/Image/IconDevice/T_IconDevice_XiangliyaoM3_UI.T_IconDevice_XiangliyaoM3_UI"
  },
  {
    "Id": 130,
    "GroupId": 1305,
    "GroupIndex": 4,
    "NodeType": 1,
    "NodeIndex": "ResonantChain_496_NodeIndex",
    "NodeName": "ResonantChain_130_NodeName",
    "AttributesDescription": "ResonantChain_130_AttributesDescription",
    "BgDescription": "PrefabTextItem_Empty_Text",
    "BuffIds": [
      1305074001
    ],
    "AddProp": {
      "PKa": [],
      "length": 0
    },
    "ActivateConsume": {
      "size": 1
    },
    "AttributesDescriptionParams": [
      "25%",
      "30"
    ],
    "NodeIcon": "/Game/Aki/UI/UIResources/Common/Image/IconDevice/T_IconDevice_XiangliyaoM4_UI.T_IconDevice_XiangliyaoM4_UI"
  },
  {
    "Id": 131,
    "GroupId": 1305,
    "GroupIndex": 5,
    "NodeType": 1,
    "NodeIndex": "ResonantChain_500_NodeIndex",
    "NodeName": "ResonantChain_131_NodeName",
    "AttributesDescription": "ResonantChain_131_AttributesDescription",
    "BgDescription": "PrefabTextItem_Empty_Text",
    "BuffIds": [
      1305075001
    ],
    "AddProp": {
      "PKa": [],
      "length": 0
    },
    "ActivateConsume": {
      "size": 1
    },
    "AttributesDescriptionParams": [
      "222%",
      "100%"
    ],
    "NodeIcon": "/Game/Aki/UI/UIResources/Common/Image/IconDevice/T_IconDevice_XiangliyaoM5_UI.T_IconDevice_XiangliyaoM5_UI"
  },
  {
    "Id": 132,
    "GroupId": 1305,
    "GroupIndex": 6,
    "NodeType": 1,
    "NodeIndex": "ResonantChain_504_NodeIndex",
    "NodeName": "ResonantChain_132_NodeName",
    "AttributesDescription": "ResonantChain_132_AttributesDescription",
    "BgDescription": "PrefabTextItem_Empty_Text",
    "BuffIds": [
      1305076001
    ],
    "AddProp": {
      "PKa": [],
      "length": 0
    },
    "ActivateConsume": {
      "size": 1
    },
    "AttributesDescriptionParams": [
      "76%"
    ],
    "NodeIcon": "/Game/Aki/UI/UIResources/Common/Image/IconDevice/T_IconDevice_XiangliyaoM6_UI.T_IconDevice_XiangliyaoM6_UI"
  },
  {
    "Id": 133,
    "GroupId": 1105,
    "GroupIndex": 1,
    "NodeType": 1,
    "NodeIndex": "ResonantChain_488_NodeIndex",
    "NodeName": "ResonantChain_134_NodeName",
    "AttributesDescription": "ResonantChain_134_AttributesDescription",
    "BgDescription": "PrefabTextItem_Empty_Text",
    "BuffIds": [
      1105009201
    ],
    "AddProp": {
      "PKa": [],
      "length": 0
    },
    "ActivateConsume": {
      "size": 1
    },
    "AttributesDescriptionParams": [
      "15",
      "10%",
      "27"
    ],
    "NodeIcon": "/Game/Aki/UI/UIResources/Common/Image/IconDevice/T_IconDevice_ZhezhiM2_UI.T_IconDevice_ZhezhiM2_UI"
  },
  {
    "Id": 134,
    "GroupId": 1105,
    "GroupIndex": 2,
    "NodeType": 1,
    "NodeIndex": "ResonantChain_484_NodeIndex",
    "NodeName": "ResonantChain_133_NodeName",
    "AttributesDescription": "ResonantChain_133_AttributesDescription",
    "BgDescription": "PrefabTextItem_Empty_Text",
    "BuffIds": [
      1105009101
    ],
    "AddProp": {
      "PKa": [],
      "length": 0
    },
    "ActivateConsume": {
      "size": 1
    },
    "AttributesDescriptionParams": [
      "6"
    ],
    "NodeIcon": "/Game/Aki/UI/UIResources/Common/Image/IconDevice/T_IconDevice_ZhezhiM1_UI.T_IconDevice_ZhezhiM1_UI"
  },
  {
    "Id": 135,
    "GroupId": 1105,
    "GroupIndex": 3,
    "NodeType": 1,
    "NodeIndex": "ResonantChain_492_NodeIndex",
    "NodeName": "ResonantChain_135_NodeName",
    "AttributesDescription": "ResonantChain_135_AttributesDescription",
    "BgDescription": "PrefabTextItem_Empty_Text",
    "BuffIds": [
      1105009301
    ],
    "AddProp": {
      "PKa": [],
      "length": 0
    },
    "ActivateConsume": {
      "size": 1
    },
    "AttributesDescriptionParams": [
      "15%",
      "3",
      "27"
    ],
    "NodeIcon": "/Game/Aki/UI/UIResources/Common/Image/IconDevice/T_IconDevice_ZhezhiM3_UI.T_IconDevice_ZhezhiM3_UI"
  },
  {
    "Id": 136,
    "GroupId": 1105,
    "GroupIndex": 4,
    "NodeType": 1,
    "NodeIndex": "ResonantChain_496_NodeIndex",
    "NodeName": "ResonantChain_136_NodeName",
    "AttributesDescription": "ResonantChain_136_AttributesDescription",
    "BgDescription": "PrefabTextItem_Empty_Text",
    "BuffIds": [
      1105009401
    ],
    "AddProp": {
      "PKa": [],
      "length": 0
    },
    "ActivateConsume": {
      "size": 1
    },
    "AttributesDescriptionParams": [
      "20%",
      "30"
    ],
    "NodeIcon": "/Game/Aki/UI/UIResources/Common/Image/IconDevice/T_IconDevice_ZhezhiM4_UI.T_IconDevice_ZhezhiM4_UI"
  },
  {
    "Id": 137,
    "GroupId": 1105,
    "GroupIndex": 5,
    "NodeType": 1,
    "NodeIndex": "ResonantChain_500_NodeIndex",
    "NodeName": "ResonantChain_137_NodeName",
    "AttributesDescription": "ResonantChain_137_AttributesDescription",
    "BgDescription": "PrefabTextItem_Empty_Text",
    "BuffIds": [
      1105009501
    ],
    "AddProp": {
      "PKa": [],
      "length": 0
    },
    "ActivateConsume": {
      "size": 1
    },
    "AttributesDescriptionParams": [
      "140%"
    ],
    "NodeIcon": "/Game/Aki/UI/UIResources/Common/Image/IconDevice/T_IconDevice_ZhezhiM5_UI.T_IconDevice_ZhezhiM5_UI"
  },
  {
    "Id": 138,
    "GroupId": 1105,
    "GroupIndex": 6,
    "NodeType": 1,
    "NodeIndex": "ResonantChain_504_NodeIndex",
    "NodeName": "ResonantChain_138_NodeName",
    "AttributesDescription": "ResonantChain_138_AttributesDescription",
    "BgDescription": "PrefabTextItem_Empty_Text",
    "BuffIds": [
      1105009601
    ],
    "AddProp": {
      "PKa": [],
      "length": 0
    },
    "ActivateConsume": {
      "size": 1
    },
    "AttributesDescriptionParams": [
      "120%"
    ],
    "NodeIcon": "/Game/Aki/UI/UIResources/Common/Image/IconDevice/T_IconDevice_ZhezhiM6_UI.T_IconDevice_ZhezhiM6_UI"
  },
  {
    "Id": 139,
    "GroupId": 1106,
    "GroupIndex": 1,
    "NodeType": 1,
    "NodeIndex": "ResonantChain_484_NodeIndex",
    "NodeName": "ResonantChain_139_NodeName",
    "AttributesDescription": "ResonantChain_139_AttributesDescription",
    "BgDescription": "PrefabTextItem_Empty_Text",
    "BuffIds": [
      1106000030
    ],
    "AddProp": {
      "PKa": [],
      "length": 0
    },
    "ActivateConsume": {
      "size": 1
    },
    "AttributesDescriptionParams": [
      "10%",
      "5"
    ],
    "NodeIcon": "/Game/Aki/UI/UIResources/Common/Image/IconDevice/T_IconDevice_YouhuM1_UI.T_IconDevice_YouhuM1_UI"
  },
  {
    "Id": 140,
    "GroupId": 1106,
    "GroupIndex": 2,
    "NodeType": 1,
    "NodeIndex": "ResonantChain_488_NodeIndex",
    "NodeName": "ResonantChain_140_NodeName",
    "AttributesDescription": "ResonantChain_140_AttributesDescription",
    "BgDescription": "PrefabTextItem_Empty_Text",
    "BuffIds": [
      1106000040
    ],
    "AddProp": {
      "PKa": [],
      "length": 0
    },
    "ActivateConsume": {
      "size": 1
    },
    "AttributesDescriptionParams": {
      "PKa": [],
      "length": 0
    },
    "NodeIcon": "/Game/Aki/UI/UIResources/Common/Image/IconDevice/T_IconDevice_YouhuM2_UI.T_IconDevice_YouhuM2_UI"
  },
  {
    "Id": 141,
    "GroupId": 1106,
    "GroupIndex": 3,
    "NodeType": 1,
    "NodeIndex": "ResonantChain_492_NodeIndex",
    "NodeName": "ResonantChain_141_NodeName",
    "AttributesDescription": "ResonantChain_141_AttributesDescription",
    "BgDescription": "PrefabTextItem_Empty_Text",
    "BuffIds": [
      1106000050
    ],
    "AddProp": {
      "PKa": [],
      "length": 0
    },
    "ActivateConsume": {
      "size": 1
    },
    "AttributesDescriptionParams": [
      "20%"
    ],
    "NodeIcon": "/Game/Aki/UI/UIResources/Common/Image/IconDevice/T_IconDevice_YouhuM3_UI.T_IconDevice_YouhuM3_UI"
  },
  {
    "Id": 142,
    "GroupId": 1106,
    "GroupIndex": 4,
    "NodeType": 1,
    "NodeIndex": "ResonantChain_496_NodeIndex",
    "NodeName": "ResonantChain_142_NodeName",
    "AttributesDescription": "ResonantChain_142_AttributesDescription",
    "BgDescription": "PrefabTextItem_Empty_Text",
    "BuffIds": [
      1106000060
    ],
    "AddProp": {
      "PKa": [],
      "length": 0
    },
    "ActivateConsume": {
      "size": 1
    },
    "AttributesDescriptionParams": [
      "100%",
      "20%"
    ],
    "NodeIcon": "/Game/Aki/UI/UIResources/Common/Image/IconDevice/T_IconDevice_YouhuM4_UI.T_IconDevice_YouhuM4_UI"
  },
  {
    "Id": 143,
    "GroupId": 1106,
    "GroupIndex": 5,
    "NodeType": 1,
    "NodeIndex": "ResonantChain_500_NodeIndex",
    "NodeName": "ResonantChain_143_NodeName",
    "AttributesDescription": "ResonantChain_143_AttributesDescription",
    "BgDescription": "PrefabTextItem_Empty_Text",
    "BuffIds": [
      1106000070
    ],
    "AddProp": {
      "PKa": [],
      "length": 0
    },
    "ActivateConsume": {
      "size": 1
    },
    "AttributesDescriptionParams": [
      "15%",
      "14"
    ],
    "NodeIcon": "/Game/Aki/UI/UIResources/Common/Image/IconDevice/T_IconDevice_YouhuM5_UI.T_IconDevice_YouhuM5_UI"
  },
  {
    "Id": 144,
    "GroupId": 1106,
    "GroupIndex": 6,
    "NodeType": 1,
    "NodeIndex": "ResonantChain_504_NodeIndex",
    "NodeName": "ResonantChain_144_NodeName",
    "AttributesDescription": "ResonantChain_144_AttributesDescription",
    "BgDescription": "PrefabTextItem_Empty_Text",
    "BuffIds": [
      1106000080
    ],
    "AddProp": {
      "PKa": [],
      "length": 0
    },
    "ActivateConsume": {
      "size": 1
    },
    "AttributesDescriptionParams": [
      "1",
      "4",
      "7",
      "15%"
    ],
    "NodeIcon": "/Game/Aki/UI/UIResources/Common/Image/IconDevice/T_IconDevice_YouhuM6_UI.T_IconDevice_YouhuM6_UI"
  },
  {
    "Id": 145,
    "GroupId": 1505,
    "GroupIndex": 1,
    "NodeType": 1,
    "NodeIndex": "ResonantChain_484_NodeIndex",
    "NodeName": "ResonantChain_145_NodeName",
    "AttributesDescription": "ResonantChain_145_AttributesDescription",
    "BgDescription": "PrefabTextItem_Empty_Text",
    "BuffIds": [
      1505900110
    ],
    "AddProp": {
      "PKa": [],
      "length": 0
    },
    "ActivateConsume": {
      "size": 1
    },
    "AttributesDescriptionParams": [
      "10"
    ],
    "NodeIcon": "/Game/Aki/UI/UIResources/Common/Image/IconDevice/T_IconDevice_ShouanrenM1_UI.T_IconDevice_ShouanrenM1_UI"
  },
  {
    "Id": 146,
    "GroupId": 1505,
    "GroupIndex": 2,
    "NodeType": 1,
    "NodeIndex": "ResonantChain_488_NodeIndex",
    "NodeName": "ResonantChain_146_NodeName",
    "AttributesDescription": "ResonantChain_146_AttributesDescription",
    "BgDescription": "PrefabTextItem_Empty_Text",
    "BuffIds": [
      1505900210
    ],
    "AddProp": {
      "PKa": [],
      "length": 0
    },
    "ActivateConsume": {
      "size": 1
    },
    "AttributesDescriptionParams": [
      "2%",
      "3%",
      "5",
      "30"
    ],
    "NodeIcon": "/Game/Aki/UI/UIResources/Common/Image/IconDevice/T_IconDevice_ShouanrenM5_UI.T_IconDevice_ShouanrenM5_UI"
  },
  {
    "Id": 147,
    "GroupId": 1505,
    "GroupIndex": 3,
    "NodeType": 1,
    "NodeIndex": "ResonantChain_492_NodeIndex",
    "NodeName": "ResonantChain_147_NodeName",
    "AttributesDescription": "ResonantChain_147_AttributesDescription",
    "BgDescription": "PrefabTextItem_Empty_Text",
    "BuffIds": [
      1505900310
    ],
    "AddProp": {
      "PKa": [],
      "length": 0
    },
    "ActivateConsume": {
      "size": 1
    },
    "AttributesDescriptionParams": [
      "20",
      "25"
    ],
    "NodeIcon": "/Game/Aki/UI/UIResources/Common/Image/IconDevice/T_IconDevice_ShouanrenM2_UI.T_IconDevice_ShouanrenM2_UI"
  },
  {
    "Id": 148,
    "GroupId": 1505,
    "GroupIndex": 4,
    "NodeType": 1,
    "NodeIndex": "ResonantChain_496_NodeIndex",
    "NodeName": "ResonantChain_148_NodeName",
    "AttributesDescription": "ResonantChain_148_AttributesDescription",
    "BgDescription": "PrefabTextItem_Empty_Text",
    "BuffIds": [
      1505900410
    ],
    "AddProp": {
      "PKa": [],
      "length": 0
    },
    "ActivateConsume": {
      "size": 1
    },
    "AttributesDescriptionParams": [
      "10%",
      "30"
    ],
    "NodeIcon": "/Game/Aki/UI/UIResources/Common/Image/IconDevice/T_IconDevice_ShouanrenM3_UI.T_IconDevice_ShouanrenM3_UI"
  },
  {
    "Id": 149,
    "GroupId": 1505,
    "GroupIndex": 5,
    "NodeType": 1,
    "NodeIndex": "ResonantChain_500_NodeIndex",
    "NodeName": "ResonantChain_149_NodeName",
    "AttributesDescription": "ResonantChain_149_AttributesDescription",
    "BgDescription": "PrefabTextItem_Empty_Text",
    "BuffIds": [
      1505900510
    ],
    "AddProp": {
      "PKa": [],
      "length": 0
    },
    "ActivateConsume": {
      "size": 1
    },
    "AttributesDescriptionParams": [
      "60%"
    ],
    "NodeIcon": "/Game/Aki/UI/UIResources/Common/Image/IconDevice/T_IconDevice_ShouanrenM4_UI.T_IconDevice_ShouanrenM4_UI"
  },
  {
    "Id": 150,
    "GroupId": 1505,
    "GroupIndex": 6,
    "NodeType": 1,
    "NodeIndex": "ResonantChain_504_NodeIndex",
    "NodeName": "ResonantChain_150_NodeName",
    "AttributesDescription": "ResonantChain_150_AttributesDescription",
    "BgDescription": "PrefabTextItem_Empty_Text",
    "BuffIds": [
      1505900610
    ],
    "AddProp": {
      "PKa": [],
      "length": 0
    },
    "ActivateConsume": {
      "size": 1
    },
    "AttributesDescriptionParams": [
      "42%",
      "200%"
    ],
    "NodeIcon": "/Game/Aki/UI/UIResources/Common/Image/IconDevice/T_IconDevice_ShouanrenM6_UI.T_IconDevice_ShouanrenM6_UI"
  }
]