[
  {
    "AreaId": 1,
    "Level": 1,
    "CountryId": 1,
    "DeliveryMarkId": 0,
    "AreaName": "AkiWorld",
    "Title": "Area_1_Title",
    "Father": 0,
    "Tag": [
      0
    ],
    "Record": 1,
    "Tips": 0,
    "IsInitActived": true,
    "WorldMonsterLevelMax": {
      "size": 8
    },
    "WuYinQuID": 0,
    "StateId": 0,
    "AtmosphereId": 0,
    "EdgeWallName": "",
    "DeliveryMarkType": 0,
    "SortIndex": 0
  },
  {
    "AreaId": 2,
    "Level": 2,
    "CountryId": 1,
    "DeliveryMarkId": 1000,
    "AreaName": "MapAreaVolume_YLG",
    "Title": "Area_2_Title",
    "Father": 1,
    "Tag": [
      0
    ],
    "Record": 1,
    "Tips": 0,
    "IsInitActived": true,
    "WorldMonsterLevelMax": {},
    "WuYinQuID": 0,
    "StateId": 0,
    "AtmosphereId": 0,
    "EdgeWallName": "",
    "DeliveryMarkType": 1,
    "SortIndex": 1
  },
  {
    "AreaId": 3,
    "Level": 2,
    "CountryId": 1,
    "DeliveryMarkId": 1001,
    "AreaName": "MapAreaVolume_JZ",
    "Title": "Area_3_Title",
    "Father": 1,
    "Tag": [
      0
    ],
    "Record": 1,
    "Tips": 0,
    "IsInitActived": true,
    "WorldMonsterLevelMax": {},
    "WuYinQuID": 0,
    "StateId": 0,
    "AtmosphereId": 0,
    "EdgeWallName": "",
    "DeliveryMarkType": 1,
    "SortIndex": 2
  },
  {
    "AreaId": 4,
    "Level": 2,
    "CountryId": 1,
    "DeliveryMarkId": 1002,
    "AreaName": "MapAreaVolume_ZQTD",
    "Title": "Area_4_Title",
    "Father": 1,
    "Tag": [
      0
    ],
    "Record": 1,
    "Tips": 0,
    "IsInitActived": true,
    "WorldMonsterLevelMax": {},
    "WuYinQuID": 0,
    "StateId": 0,
    "AtmosphereId": 0,
    "EdgeWallName": "",
    "DeliveryMarkType": 1,
    "SortIndex": 3
  },
  {
    "AreaId": 5,
    "Level": 2,
    "CountryId": 1,
    "DeliveryMarkId": 1003,
    "AreaName": "MapAreaVolume_HSGD",
    "Title": "Area_5_Title",
    "Father": 1,
    "Tag": [
      0
    ],
    "Record": 1,
    "Tips": 0,
    "IsInitActived": true,
    "WorldMonsterLevelMax": {},
    "WuYinQuID": 0,
    "StateId": 0,
    "AtmosphereId": 0,
    "EdgeWallName": "",
    "DeliveryMarkType": 1,
    "SortIndex": 4
  },
  {
    "AreaId": 6,
    "Level": 2,
    "CountryId": 1,
    "DeliveryMarkId": 1008,
    "AreaName": "MapAreaVolume_GXGS",
    "Title": "Area_6_Title",
    "Father": 1,
    "Tag": [
      0
    ],
    "Record": 1,
    "Tips": 0,
    "IsInitActived": true,
    "WorldMonsterLevelMax": {},
    "WuYinQuID": 0,
    "StateId": 0,
    "AtmosphereId": 0,
    "EdgeWallName": "",
    "DeliveryMarkType": 1,
    "SortIndex": 5
  },
  {
    "AreaId": 7,
    "Level": 2,
    "CountryId": 1,
    "DeliveryMarkId": 1007,
    "AreaName": "MapAreaVolume_WGZS",
    "Title": "Area_7_Title",
    "Father": 1,
    "Tag": [
      0
    ],
    "Record": 1,
    "Tips": 0,
    "IsInitActived": true,
    "WorldMonsterLevelMax": {},
    "WuYinQuID": 0,
    "StateId": 0,
    "AtmosphereId": 0,
    "EdgeWallName": "",
    "DeliveryMarkType": 1,
    "SortIndex": 6
  },
  {
    "AreaId": 8,
    "Level": 2,
    "CountryId": 1,
    "DeliveryMarkId": 1009,
    "AreaName": "MapAreaVolume_WMW",
    "Title": "Area_8_Title",
    "Father": 1,
    "Tag": [
      0
    ],
    "Record": 1,
    "Tips": 0,
    "IsInitActived": true,
    "WorldMonsterLevelMax": {},
    "WuYinQuID": 0,
    "StateId": 0,
    "AtmosphereId": 0,
    "EdgeWallName": "",
    "DeliveryMarkType": 1,
    "SortIndex": 7
  },
  {
    "AreaId": 9,
    "Level": 2,
    "CountryId": 1,
    "DeliveryMarkId": 1010,
    "AreaName": "MapAreaVolume_BLY",
    "Title": "Area_9_Title",
    "Father": 1,
    "Tag": [
      0
    ],
    "Record": 1,
    "Tips": 0,
    "IsInitActived": true,
    "WorldMonsterLevelMax": {},
    "WuYinQuID": 0,
    "StateId": 0,
    "AtmosphereId": 0,
    "EdgeWallName": "",
    "DeliveryMarkType": 1,
    "SortIndex": 8
  },
  {
    "AreaId": 10,
    "Level": 2,
    "CountryId": 1,
    "DeliveryMarkId": 1005,
    "AreaName": "MapAreaVolume_YNZ",
    "Title": "Area_10_Title",
    "Father": 1,
    "Tag": [
      0
    ],
    "Record": 1,
    "Tips": 0,
    "IsInitActived": true,
    "WorldMonsterLevelMax": {},
    "WuYinQuID": 0,
    "StateId": 0,
    "AtmosphereId": 0,
    "EdgeWallName": "",
    "DeliveryMarkType": 1,
    "SortIndex": 9
  },
  {
    "AreaId": 11,
    "Level": 2,
    "CountryId": 900,
    "DeliveryMarkId": 1006,
    "AreaName": "MapAreaVolume_HHA",
    "Title": "Area_11_Title",
    "Father": 1,
    "Tag": [
      0
    ],
    "Record": 1,
    "Tips": 0,
    "IsInitActived": true,
    "WorldMonsterLevelMax": {},
    "WuYinQuID": 0,
    "StateId": 0,
    "AtmosphereId": 0,
    "EdgeWallName": "",
    "DeliveryMarkType": 1,
    "SortIndex": 10
  },
  {
    "AreaId": 12,
    "Level": 2,
    "CountryId": 1,
    "DeliveryMarkId": 1004,
    "AreaName": "MapAreaVolume_HKSM",
    "Title": "Area_12_Title",
    "Father": 1,
    "Tag": [
      0
    ],
    "Record": 1,
    "Tips": 0,
    "IsInitActived": true,
    "WorldMonsterLevelMax": {},
    "WuYinQuID": 0,
    "StateId": 0,
    "AtmosphereId": 0,
    "EdgeWallName": "",
    "DeliveryMarkType": 1,
    "SortIndex": 11
  },
  {
    "AreaId": 14,
    "Level": 2,
    "CountryId": 1,
    "DeliveryMarkId": 1014,
    "AreaName": "MapAreaVolume_CXS",
    "Title": "Area_14_Title",
    "Father": 1,
    "Tag": [
      0
    ],
    "Record": 1,
    "Tips": 0,
    "IsInitActived": true,
    "WorldMonsterLevelMax": {},
    "WuYinQuID": 0,
    "StateId": 0,
    "AtmosphereId": 0,
    "EdgeWallName": "/Game/Aki/Data/PathLine/Pathline_EdgeWall/BP_BasePathLine_Edgewall.BP_BasePathLine_Edgewall",
    "DeliveryMarkType": 1,
    "SortIndex": 12
  },
  {
    "AreaId": 100,
    "Level": 4,
    "CountryId": 1,
    "DeliveryMarkId": 0,
    "AreaName": "TsTriggerVolume",
    "Title": "Area_100_Title",
    "Father": 1,
    "Tag": [
      0
    ],
    "Record": 1,
    "Tips": 0,
    "IsInitActived": false,
    "WorldMonsterLevelMax": {},
    "WuYinQuID": 0,
    "StateId": 0,
    "AtmosphereId": 0,
    "EdgeWallName": "",
    "DeliveryMarkType": 0,
    "SortIndex": 0
  },
  {
    "AreaId": 101,
    "Level": 4,
    "CountryId": 1,
    "DeliveryMarkId": 0,
    "AreaName": "TsTriggerVolume41",
    "Title": "Area_101_Title",
    "Father": 1,
    "Tag": [
      0
    ],
    "Record": 1,
    "Tips": 0,
    "IsInitActived": true,
    "WorldMonsterLevelMax": {},
    "WuYinQuID": 0,
    "StateId": 0,
    "AtmosphereId": 0,
    "EdgeWallName": "",
    "DeliveryMarkType": 0,
    "SortIndex": 0
  },
  {
    "AreaId": 102,
    "Level": 4,
    "CountryId": 1,
    "DeliveryMarkId": 0,
    "AreaName": "TsTriggerVolume42",
    "Title": "Area_102_Title",
    "Father": 1,
    "Tag": [
      0
    ],
    "Record": 1,
    "Tips": 0,
    "IsInitActived": true,
    "WorldMonsterLevelMax": {},
    "WuYinQuID": 0,
    "StateId": 0,
    "AtmosphereId": 0,
    "EdgeWallName": "",
    "DeliveryMarkType": 0,
    "SortIndex": 0
  },
  {
    "AreaId": 103,
    "Level": 4,
    "CountryId": 1,
    "DeliveryMarkId": 0,
    "AreaName": "TsTriggerVolume2",
    "Title": "Area_103_Title",
    "Father": 1,
    "Tag": [
      0
    ],
    "Record": 1,
    "Tips": 0,
    "IsInitActived": true,
    "WorldMonsterLevelMax": {},
    "WuYinQuID": 0,
    "StateId": 0,
    "AtmosphereId": 0,
    "EdgeWallName": "",
    "DeliveryMarkType": 0,
    "SortIndex": 0
  },
  {
    "AreaId": 107,
    "Level": 4,
    "CountryId": 1,
    "DeliveryMarkId": 0,
    "AreaName": "TsTriggerVolume6",
    "Title": "Area_107_Title",
    "Father": 1,
    "Tag": [
      0
    ],
    "Record": 1,
    "Tips": 0,
    "IsInitActived": true,
    "WorldMonsterLevelMax": {},
    "WuYinQuID": 0,
    "StateId": 0,
    "AtmosphereId": 0,
    "EdgeWallName": "",
    "DeliveryMarkType": 0,
    "SortIndex": 0
  },
  {
    "AreaId": 110,
    "Level": 4,
    "CountryId": 1,
    "DeliveryMarkId": 0,
    "AreaName": "TsTriggerVolume13",
    "Title": "Area_110_Title",
    "Father": 1,
    "Tag": [
      0
    ],
    "Record": 1,
    "Tips": 0,
    "IsInitActived": true,
    "WorldMonsterLevelMax": {},
    "WuYinQuID": 0,
    "StateId": 0,
    "AtmosphereId": 0,
    "EdgeWallName": "",
    "DeliveryMarkType": 0,
    "SortIndex": 0
  },
  {
    "AreaId": 113,
    "Level": 4,
    "CountryId": 1,
    "DeliveryMarkId": 0,
    "AreaName": "TsTriggerVolume_YLG_16",
    "Title": "Area_113_Title",
    "Father": 1,
    "Tag": [
      0
    ],
    "Record": 1,
    "Tips": 0,
    "IsInitActived": true,
    "WorldMonsterLevelMax": {},
    "WuYinQuID": 0,
    "StateId": 0,
    "AtmosphereId": 0,
    "EdgeWallName": "",
    "DeliveryMarkType": 0,
    "SortIndex": 0
  },
  {
    "AreaId": 124,
    "Level": 4,
    "CountryId": 1,
    "DeliveryMarkId": 0,
    "AreaName": "AirWall_MainQuest_01",
    "Title": "Area_124_Title",
    "Father": 1,
    "Tag": [
      0
    ],
    "Record": 1,
    "Tips": 0,
    "IsInitActived": false,
    "WorldMonsterLevelMax": {},
    "WuYinQuID": 0,
    "StateId": 0,
    "AtmosphereId": 0,
    "EdgeWallName": "",
    "DeliveryMarkType": 0,
    "SortIndex": 0
  },
  {
    "AreaId": 122,
    "Level": 4,
    "CountryId": 1,
    "DeliveryMarkId": 0,
    "AreaName": "TsTriggerVolume122",
    "Title": "Area_122_Title",
    "Father": 1,
    "Tag": [
      0
    ],
    "Record": 1,
    "Tips": 0,
    "IsInitActived": false,
    "WorldMonsterLevelMax": {},
    "WuYinQuID": 0,
    "StateId": 0,
    "AtmosphereId": 0,
    "EdgeWallName": "",
    "DeliveryMarkType": 0,
    "SortIndex": 0
  },
  {
    "AreaId": 199,
    "Level": 4,
    "CountryId": 1,
    "DeliveryMarkId": 0,
    "AreaName": "TsTriggerVolume199",
    "Title": "Area_199_Title",
    "Father": 1,
    "Tag": [
      0
    ],
    "Record": 1,
    "Tips": 0,
    "IsInitActived": false,
    "WorldMonsterLevelMax": {},
    "WuYinQuID": 0,
    "StateId": 0,
    "AtmosphereId": 0,
    "EdgeWallName": "",
    "DeliveryMarkType": 0,
    "SortIndex": 0
  },
  {
    "AreaId": 301,
    "Level": 3,
    "CountryId": 1,
    "DeliveryMarkId": 200101,
    "AreaName": "MapAreaVolume_JZ_JZC",
    "Title": "Area_301_Title",
    "Father": 3,
    "Tag": [
      0
    ],
    "Record": 1,
    "Tips": 1,
    "IsInitActived": true,
    "WorldMonsterLevelMax": {
      "size": 8
    },
    "WuYinQuID": 0,
    "StateId": 0,
    "AtmosphereId": 0,
    "EdgeWallName": "",
    "DeliveryMarkType": 0,
    "SortIndex": 0
  },
  {
    "AreaId": 302,
    "Level": 3,
    "CountryId": 1,
    "DeliveryMarkId": 200102,
    "AreaName": "MapAreaVolume_JZ_YHQ",
    "Title": "Area_302_Title",
    "Father": 3,
    "Tag": [
      0
    ],
    "Record": 1,
    "Tips": 1,
    "IsInitActived": true,
    "WorldMonsterLevelMax": {
      "size": 8
    },
    "WuYinQuID": 0,
    "StateId": 0,
    "AtmosphereId": 0,
    "EdgeWallName": "",
    "DeliveryMarkType": 0,
    "SortIndex": 0
  },
  {
    "AreaId": 303,
    "Level": 3,
    "CountryId": 1,
    "DeliveryMarkId": 200103,
    "AreaName": "MapAreaVolume_JZ_PTS",
    "Title": "Area_303_Title",
    "Father": 3,
    "Tag": [
      0
    ],
    "Record": 1,
    "Tips": 1,
    "IsInitActived": true,
    "WorldMonsterLevelMax": {
      "size": 8
    },
    "WuYinQuID": 0,
    "StateId": 0,
    "AtmosphereId": 0,
    "EdgeWallName": "",
    "DeliveryMarkType": 0,
    "SortIndex": 0
  },
  {
    "AreaId": 401,
    "Level": 3,
    "CountryId": 1,
    "DeliveryMarkId": 200208,
    "AreaName": "MapAreaVolume_ZQTD_CSY",
    "Title": "Area_401_Title",
    "Father": 4,
    "Tag": [
      0
    ],
    "Record": 1,
    "Tips": 1,
    "IsInitActived": true,
    "WorldMonsterLevelMax": {
      "size": 8
    },
    "WuYinQuID": 0,
    "StateId": 0,
    "AtmosphereId": 0,
    "EdgeWallName": "",
    "DeliveryMarkType": 0,
    "SortIndex": 0
  },
  {
    "AreaId": 402,
    "Level": 3,
    "CountryId": 1,
    "DeliveryMarkId": 200204,
    "AreaName": "MapAreaVolume_ZQTD_DSP",
    "Title": "Area_402_Title",
    "Father": 4,
    "Tag": [
      0
    ],
    "Record": 1,
    "Tips": 1,
    "IsInitActived": true,
    "WorldMonsterLevelMax": {
      "size": 8
    },
    "WuYinQuID": 0,
    "StateId": 0,
    "AtmosphereId": 0,
    "EdgeWallName": "",
    "DeliveryMarkType": 0,
    "SortIndex": 0
  },
  {
    "AreaId": 403,
    "Level": 3,
    "CountryId": 1,
    "DeliveryMarkId": 200207,
    "AreaName": "MapAreaVolume_ZQTD_GBD",
    "Title": "Area_403_Title",
    "Father": 4,
    "Tag": [
      0
    ],
    "Record": 1,
    "Tips": 1,
    "IsInitActived": true,
    "WorldMonsterLevelMax": {
      "size": 8
    },
    "WuYinQuID": 0,
    "StateId": 0,
    "AtmosphereId": 0,
    "EdgeWallName": "",
    "DeliveryMarkType": 0,
    "SortIndex": 0
  },
  {
    "AreaId": 404,
    "Level": 3,
    "CountryId": 1,
    "DeliveryMarkId": 200206,
    "AreaName": "MapAreaVolume_ZQTD_QCC",
    "Title": "Area_404_Title",
    "Father": 4,
    "Tag": [
      0
    ],
    "Record": 1,
    "Tips": 1,
    "IsInitActived": true,
    "WorldMonsterLevelMax": {
      "size": 8
    },
    "WuYinQuID": 0,
    "StateId": 0,
    "AtmosphereId": 0,
    "EdgeWallName": "",
    "DeliveryMarkType": 0,
    "SortIndex": 0
  },
  {
    "AreaId": 405,
    "Level": 3,
    "CountryId": 1,
    "DeliveryMarkId": 200203,
    "AreaName": "MapAreaVolume_ZQTD_LWJ",
    "Title": "Area_405_Title",
    "Father": 4,
    "Tag": [
      0
    ],
    "Record": 1,
    "Tips": 1,
    "IsInitActived": true,
    "WorldMonsterLevelMax": {
      "size": 8
    },
    "WuYinQuID": 0,
    "StateId": 0,
    "AtmosphereId": 0,
    "EdgeWallName": "",
    "DeliveryMarkType": 0,
    "SortIndex": 0
  },
  {
    "AreaId": 406,
    "Level": 3,
    "CountryId": 1,
    "DeliveryMarkId": 200205,
    "AreaName": "MapAreaVolume_ZQTD_TYX",
    "Title": "Area_406_Title",
    "Father": 4,
    "Tag": [
      0
    ],
    "Record": 1,
    "Tips": 1,
    "IsInitActived": true,
    "WorldMonsterLevelMax": {
      "size": 8
    },
    "WuYinQuID": 0,
    "StateId": 0,
    "AtmosphereId": 0,
    "EdgeWallName": "",
    "DeliveryMarkType": 0,
    "SortIndex": 0
  },
  {
    "AreaId": 407,
    "Level": 3,
    "CountryId": 1,
    "DeliveryMarkId": 200202,
    "AreaName": "MapAreaVolume_ZQTD_XHZ",
    "Title": "Area_407_Title",
    "Father": 4,
    "Tag": [
      0
    ],
    "Record": 1,
    "Tips": 1,
    "IsInitActived": true,
    "WorldMonsterLevelMax": {
      "size": 8
    },
    "WuYinQuID": 0,
    "StateId": 0,
    "AtmosphereId": 0,
    "EdgeWallName": "",
    "DeliveryMarkType": 0,
    "SortIndex": 0
  },
  {
    "AreaId": 408,
    "Level": 3,
    "CountryId": 1,
    "DeliveryMarkId": 200201,
    "AreaName": "MapAreaVolume_ZQTD_YBH",
    "Title": "Area_408_Title",
    "Father": 4,
    "Tag": [
      0
    ],
    "Record": 1,
    "Tips": 1,
    "IsInitActived": true,
    "WorldMonsterLevelMax": {
      "size": 8
    },
    "WuYinQuID": 0,
    "StateId": 0,
    "AtmosphereId": 0,
    "EdgeWallName": "",
    "DeliveryMarkType": 0,
    "SortIndex": 0
  },
  {
    "AreaId": 708,
    "Level": 4,
    "CountryId": 1,
    "DeliveryMarkId": 0,
    "AreaName": "TriggerVolume_poisonaera02",
    "Title": "",
    "Father": 7,
    "Tag": [
      0
    ],
    "Record": 1,
    "Tips": 0,
    "IsInitActived": true,
    "WorldMonsterLevelMax": {},
    "WuYinQuID": 0,
    "StateId": 0,
    "AtmosphereId": 0,
    "EdgeWallName": "",
    "DeliveryMarkType": 0,
    "SortIndex": 0
  },
  {
    "AreaId": 601,
    "Level": 3,
    "CountryId": 1,
    "DeliveryMarkId": 200803,
    "AreaName": "MapAreaVolume_GXGS_LDL",
    "Title": "Area_601_Title",
    "Father": 6,
    "Tag": [
      0
    ],
    "Record": 1,
    "Tips": 1,
    "IsInitActived": true,
    "WorldMonsterLevelMax": {
      "size": 8
    },
    "WuYinQuID": 0,
    "StateId": 0,
    "AtmosphereId": 0,
    "EdgeWallName": "",
    "DeliveryMarkType": 0,
    "SortIndex": 0
  },
  {
    "AreaId": 602,
    "Level": 3,
    "CountryId": 1,
    "DeliveryMarkId": 200802,
    "AreaName": "MapAreaVolume_GXGS_DLYJZ",
    "Title": "Area_602_Title",
    "Father": 6,
    "Tag": [
      0
    ],
    "Record": 1,
    "Tips": 1,
    "IsInitActived": true,
    "WorldMonsterLevelMax": {
      "size": 8
    },
    "WuYinQuID": 0,
    "StateId": 0,
    "AtmosphereId": 0,
    "EdgeWallName": "",
    "DeliveryMarkType": 0,
    "SortIndex": 0
  },
  {
    "AreaId": 603,
    "Level": 3,
    "CountryId": 1,
    "DeliveryMarkId": 200801,
    "AreaName": "MapAreaVolume_GXGS_CYHQ",
    "Title": "Area_603_Title",
    "Father": 6,
    "Tag": [
      0
    ],
    "Record": 1,
    "Tips": 1,
    "IsInitActived": true,
    "WorldMonsterLevelMax": {
      "size": 8
    },
    "WuYinQuID": 0,
    "StateId": 0,
    "AtmosphereId": 0,
    "EdgeWallName": "",
    "DeliveryMarkType": 0,
    "SortIndex": 0
  },
  {
    "AreaId": 606,
    "Level": 3,
    "CountryId": 1,
    "DeliveryMarkId": 200804,
    "AreaName": "MapAreaVolume_GXGS_FYH",
    "Title": "Area_606_Title",
    "Father": 6,
    "Tag": [
      0
    ],
    "Record": 1,
    "Tips": 1,
    "IsInitActived": true,
    "WorldMonsterLevelMax": {
      "size": 8
    },
    "WuYinQuID": 0,
    "StateId": 0,
    "AtmosphereId": 0,
    "EdgeWallName": "",
    "DeliveryMarkType": 0,
    "SortIndex": 0
  },
  {
    "AreaId": 607,
    "Level": 3,
    "CountryId": 1,
    "DeliveryMarkId": 0,
    "AreaName": "TsTriggerVolume2",
    "Title": "Area_607_Title",
    "Father": 6,
    "Tag": [
      0
    ],
    "Record": 1,
    "Tips": 0,
    "IsInitActived": true,
    "WorldMonsterLevelMax": {},
    "WuYinQuID": 0,
    "StateId": 0,
    "AtmosphereId": 0,
    "EdgeWallName": "",
    "DeliveryMarkType": 0,
    "SortIndex": 0
  },
  {
    "AreaId": 608,
    "Level": 3,
    "CountryId": 1,
    "DeliveryMarkId": 0,
    "AreaName": "TsTriggerVolume19",
    "Title": "Area_608_Title",
    "Father": 6,
    "Tag": [
      0
    ],
    "Record": 1,
    "Tips": 0,
    "IsInitActived": true,
    "WorldMonsterLevelMax": {},
    "WuYinQuID": 0,
    "StateId": 0,
    "AtmosphereId": 0,
    "EdgeWallName": "",
    "DeliveryMarkType": 0,
    "SortIndex": 0
  },
  {
    "AreaId": 609,
    "Level": 3,
    "CountryId": 1,
    "DeliveryMarkId": 0,
    "AreaName": "TsTriggerVolume3",
    "Title": "Area_609_Title",
    "Father": 6,
    "Tag": [
      0
    ],
    "Record": 1,
    "Tips": 0,
    "IsInitActived": true,
    "WorldMonsterLevelMax": {},
    "WuYinQuID": 0,
    "StateId": 0,
    "AtmosphereId": 0,
    "EdgeWallName": "",
    "DeliveryMarkType": 0,
    "SortIndex": 0
  },
  {
    "AreaId": 202,
    "Level": 3,
    "CountryId": 1,
    "DeliveryMarkId": 200001,
    "AreaName": "MapAreaVolume_YLG_MZJ",
    "Title": "Area_202_Title",
    "Father": 2,
    "Tag": [
      0
    ],
    "Record": 1,
    "Tips": 1,
    "IsInitActived": true,
    "WorldMonsterLevelMax": {
      "size": 8
    },
    "WuYinQuID": 0,
    "StateId": 0,
    "AtmosphereId": 0,
    "EdgeWallName": "",
    "DeliveryMarkType": 0,
    "SortIndex": 0
  },
  {
    "AreaId": 203,
    "Level": 3,
    "CountryId": 1,
    "DeliveryMarkId": 200002,
    "AreaName": "MapAreaVolume_YLG_YLT",
    "Title": "Area_203_Title",
    "Father": 2,
    "Tag": [
      0
    ],
    "Record": 1,
    "Tips": 1,
    "IsInitActived": true,
    "WorldMonsterLevelMax": {
      "size": 8
    },
    "WuYinQuID": 0,
    "StateId": 0,
    "AtmosphereId": 0,
    "EdgeWallName": "",
    "DeliveryMarkType": 0,
    "SortIndex": 0
  },
  {
    "AreaId": 204,
    "Level": 3,
    "CountryId": 1,
    "DeliveryMarkId": 200003,
    "AreaName": "MapAreaVolume_YLG_YMP",
    "Title": "Area_204_Title",
    "Father": 2,
    "Tag": [
      0
    ],
    "Record": 1,
    "Tips": 1,
    "IsInitActived": true,
    "WorldMonsterLevelMax": {
      "size": 8
    },
    "WuYinQuID": 0,
    "StateId": 0,
    "AtmosphereId": 0,
    "EdgeWallName": "",
    "DeliveryMarkType": 0,
    "SortIndex": 0
  },
  {
    "AreaId": 501,
    "Level": 3,
    "CountryId": 1,
    "DeliveryMarkId": 200301,
    "AreaName": "MapAreaVolume_HSGD_YWYD",
    "Title": "Area_501_Title",
    "Father": 5,
    "Tag": [
      0
    ],
    "Record": 1,
    "Tips": 1,
    "IsInitActived": true,
    "WorldMonsterLevelMax": {
      "size": 8
    },
    "WuYinQuID": 0,
    "StateId": 0,
    "AtmosphereId": 0,
    "EdgeWallName": "",
    "DeliveryMarkType": 0,
    "SortIndex": 0
  },
  {
    "AreaId": 502,
    "Level": 3,
    "CountryId": 1,
    "DeliveryMarkId": 200302,
    "AreaName": "MapAreaVolume_HSGD_DLFX",
    "Title": "Area_502_Title",
    "Father": 5,
    "Tag": [
      0
    ],
    "Record": 1,
    "Tips": 1,
    "IsInitActived": true,
    "WorldMonsterLevelMax": {
      "size": 8
    },
    "WuYinQuID": 0,
    "StateId": 0,
    "AtmosphereId": 0,
    "EdgeWallName": "",
    "DeliveryMarkType": 0,
    "SortIndex": 0
  },
  {
    "AreaId": 503,
    "Level": 3,
    "CountryId": 1,
    "DeliveryMarkId": 200303,
    "AreaName": "MapAreaVolume_HSGD_ZGGX",
    "Title": "Area_503_Title",
    "Father": 5,
    "Tag": [
      0
    ],
    "Record": 1,
    "Tips": 1,
    "IsInitActived": true,
    "WorldMonsterLevelMax": {
      "size": 8
    },
    "WuYinQuID": 0,
    "StateId": 0,
    "AtmosphereId": 0,
    "EdgeWallName": "",
    "DeliveryMarkType": 0,
    "SortIndex": 0
  },
  {
    "AreaId": 504,
    "Level": 3,
    "CountryId": 1,
    "DeliveryMarkId": 200304,
    "AreaName": "MapAreaVolume_HSGD_FBZQ",
    "Title": "Area_504_Title",
    "Father": 5,
    "Tag": [
      0
    ],
    "Record": 1,
    "Tips": 1,
    "IsInitActived": true,
    "WorldMonsterLevelMax": {
      "size": 8
    },
    "WuYinQuID": 0,
    "StateId": 0,
    "AtmosphereId": 0,
    "EdgeWallName": "",
    "DeliveryMarkType": 0,
    "SortIndex": 0
  },
  {
    "AreaId": 508,
    "Level": 4,
    "CountryId": 1,
    "DeliveryMarkId": 0,
    "AreaName": "AirWall_HSGD_Airwall",
    "Title": "Area_508_Title",
    "Father": 1,
    "Tag": [
      0
    ],
    "Record": 1,
    "Tips": 0,
    "IsInitActived": false,
    "WorldMonsterLevelMax": {},
    "WuYinQuID": 0,
    "StateId": 0,
    "AtmosphereId": 0,
    "EdgeWallName": "",
    "DeliveryMarkType": 0,
    "SortIndex": 0
  },
  {
    "AreaId": 802,
    "Level": 3,
    "CountryId": 1,
    "DeliveryMarkId": 200902,
    "AreaName": "MapAreaVolume_WMW_HQYH",
    "Title": "Area_802_Title",
    "Father": 8,
    "Tag": [
      0
    ],
    "Record": 1,
    "Tips": 1,
    "IsInitActived": true,
    "WorldMonsterLevelMax": {
      "size": 8
    },
    "WuYinQuID": 0,
    "StateId": 0,
    "AtmosphereId": 0,
    "EdgeWallName": "",
    "DeliveryMarkType": 0,
    "SortIndex": 0
  },
  {
    "AreaId": 803,
    "Level": 3,
    "CountryId": 1,
    "DeliveryMarkId": 200904,
    "AreaName": "MapAreaVolume_WMW_SSY",
    "Title": "Area_803_Title",
    "Father": 8,
    "Tag": [
      0
    ],
    "Record": 1,
    "Tips": 1,
    "IsInitActived": true,
    "WorldMonsterLevelMax": {
      "size": 8
    },
    "WuYinQuID": 0,
    "StateId": 0,
    "AtmosphereId": 0,
    "EdgeWallName": "",
    "DeliveryMarkType": 0,
    "SortIndex": 0
  },
  {
    "AreaId": 805,
    "Level": 3,
    "CountryId": 1,
    "DeliveryMarkId": 200901,
    "AreaName": "MapAreaVolume_WMW_XYJ",
    "Title": "Area_805_Title",
    "Father": 8,
    "Tag": [
      0
    ],
    "Record": 1,
    "Tips": 1,
    "IsInitActived": true,
    "WorldMonsterLevelMax": {
      "size": 8
    },
    "WuYinQuID": 0,
    "StateId": 0,
    "AtmosphereId": 0,
    "EdgeWallName": "",
    "DeliveryMarkType": 0,
    "SortIndex": 0
  },
  {
    "AreaId": 807,
    "Level": 3,
    "CountryId": 1,
    "DeliveryMarkId": 0,
    "AreaName": "JCYZTsTriggerVolume2",
    "Title": "Area_807_Title",
    "Father": 8,
    "Tag": [
      0
    ],
    "Record": 1,
    "Tips": 0,
    "IsInitActived": false,
    "WorldMonsterLevelMax": {},
    "WuYinQuID": 0,
    "StateId": 0,
    "AtmosphereId": 0,
    "EdgeWallName": "",
    "DeliveryMarkType": 0,
    "SortIndex": 0
  },
  {
    "AreaId": 702,
    "Level": 3,
    "CountryId": 1,
    "DeliveryMarkId": 200704,
    "AreaName": "MapAreaVolume_WGZS_WYT",
    "Title": "Area_702_Title",
    "Father": 7,
    "Tag": [
      0
    ],
    "Record": 1,
    "Tips": 1,
    "IsInitActived": true,
    "WorldMonsterLevelMax": {
      "size": 8
    },
    "WuYinQuID": 0,
    "StateId": 0,
    "AtmosphereId": 0,
    "EdgeWallName": "",
    "DeliveryMarkType": 0,
    "SortIndex": 0
  },
  {
    "AreaId": 703,
    "Level": 3,
    "CountryId": 1,
    "DeliveryMarkId": 200701,
    "AreaName": "MapAreaVolume_WGZS_ZYR",
    "Title": "Area_703_Title",
    "Father": 7,
    "Tag": [
      0
    ],
    "Record": 1,
    "Tips": 1,
    "IsInitActived": true,
    "WorldMonsterLevelMax": {
      "size": 8
    },
    "WuYinQuID": 0,
    "StateId": 0,
    "AtmosphereId": 0,
    "EdgeWallName": "",
    "DeliveryMarkType": 0,
    "SortIndex": 0
  },
  {
    "AreaId": 704,
    "Level": 3,
    "CountryId": 1,
    "DeliveryMarkId": 200703,
    "AreaName": "MapAreaVolume_WGZS_ZYJR",
    "Title": "Area_704_Title",
    "Father": 7,
    "Tag": [
      0
    ],
    "Record": 1,
    "Tips": 1,
    "IsInitActived": true,
    "WorldMonsterLevelMax": {
      "size": 8
    },
    "WuYinQuID": 0,
    "StateId": 0,
    "AtmosphereId": 0,
    "EdgeWallName": "",
    "DeliveryMarkType": 0,
    "SortIndex": 0
  },
  {
    "AreaId": 705,
    "Level": 3,
    "CountryId": 1,
    "DeliveryMarkId": 200705,
    "AreaName": "MapAreaVolume_WGZS_HSY",
    "Title": "Area_705_Title",
    "Father": 7,
    "Tag": [
      0
    ],
    "Record": 1,
    "Tips": 1,
    "IsInitActived": true,
    "WorldMonsterLevelMax": {
      "size": 8
    },
    "WuYinQuID": 0,
    "StateId": 0,
    "AtmosphereId": 0,
    "EdgeWallName": "",
    "DeliveryMarkType": 0,
    "SortIndex": 0
  },
  {
    "AreaId": 706,
    "Level": 3,
    "CountryId": 1,
    "DeliveryMarkId": 200702,
    "AreaName": "MapAreaVolume_WGZS_CJBD",
    "Title": "Area_706_Title",
    "Father": 7,
    "Tag": [
      0
    ],
    "Record": 1,
    "Tips": 1,
    "IsInitActived": true,
    "WorldMonsterLevelMax": {
      "size": 8
    },
    "WuYinQuID": 0,
    "StateId": 0,
    "AtmosphereId": 0,
    "EdgeWallName": "",
    "DeliveryMarkType": 0,
    "SortIndex": 0
  },
  {
    "AreaId": 709,
    "Level": 4,
    "CountryId": 1,
    "DeliveryMarkId": 0,
    "AreaName": "TriggerVolume_poisonaera",
    "Title": "",
    "Father": 7,
    "Tag": [
      0
    ],
    "Record": 1,
    "Tips": 0,
    "IsInitActived": true,
    "WorldMonsterLevelMax": {},
    "WuYinQuID": 0,
    "StateId": 0,
    "AtmosphereId": 0,
    "EdgeWallName": "",
    "DeliveryMarkType": 0,
    "SortIndex": 0
  },
  {
    "AreaId": 1201,
    "Level": 3,
    "CountryId": 1,
    "DeliveryMarkId": 200401,
    "AreaName": "MapAreaVolume_HKSM_LCC",
    "Title": "Area_1201_Title",
    "Father": 12,
    "Tag": [
      0
    ],
    "Record": 1,
    "Tips": 1,
    "IsInitActived": true,
    "WorldMonsterLevelMax": {
      "size": 8
    },
    "WuYinQuID": 0,
    "StateId": 0,
    "AtmosphereId": 0,
    "EdgeWallName": "",
    "DeliveryMarkType": 0,
    "SortIndex": 0
  },
  {
    "AreaId": 1202,
    "Level": 3,
    "CountryId": 1,
    "DeliveryMarkId": 200403,
    "AreaName": "MapAreaVolume_HK_HWSK",
    "Title": "Area_1202_Title",
    "Father": 12,
    "Tag": [
      0
    ],
    "Record": 1,
    "Tips": 1,
    "IsInitActived": true,
    "WorldMonsterLevelMax": {
      "size": 8
    },
    "WuYinQuID": 0,
    "StateId": 0,
    "AtmosphereId": 0,
    "EdgeWallName": "",
    "DeliveryMarkType": 0,
    "SortIndex": 0
  },
  {
    "AreaId": 1203,
    "Level": 3,
    "CountryId": 1,
    "DeliveryMarkId": 200402,
    "AreaName": "MapAreaVolume_HKSM_HKKC",
    "Title": "Area_1203_Title",
    "Father": 12,
    "Tag": [
      0
    ],
    "Record": 1,
    "Tips": 1,
    "IsInitActived": true,
    "WorldMonsterLevelMax": {
      "size": 8
    },
    "WuYinQuID": 0,
    "StateId": 0,
    "AtmosphereId": 0,
    "EdgeWallName": "",
    "DeliveryMarkType": 0,
    "SortIndex": 0
  },
  {
    "AreaId": 1204,
    "Level": 3,
    "CountryId": 1,
    "DeliveryMarkId": 200404,
    "AreaName": "MapAreaVolume_HKSM_JSZX",
    "Title": "Area_1204_Title",
    "Father": 12,
    "Tag": [
      0
    ],
    "Record": 1,
    "Tips": 1,
    "IsInitActived": true,
    "WorldMonsterLevelMax": {
      "size": 8
    },
    "WuYinQuID": 0,
    "StateId": 0,
    "AtmosphereId": 0,
    "EdgeWallName": "",
    "DeliveryMarkType": 0,
    "SortIndex": 0
  },
  {
    "AreaId": 1001,
    "Level": 3,
    "CountryId": 1,
    "DeliveryMarkId": 200507,
    "AreaName": "MapAreaVolume_YNZ_WWCCZ",
    "Title": "Area_1001_Title",
    "Father": 10,
    "Tag": [
      0
    ],
    "Record": 1,
    "Tips": 1,
    "IsInitActived": true,
    "WorldMonsterLevelMax": {
      "size": 8
    },
    "WuYinQuID": 0,
    "StateId": 0,
    "AtmosphereId": 0,
    "EdgeWallName": "",
    "DeliveryMarkType": 0,
    "SortIndex": 0
  },
  {
    "AreaId": 1002,
    "Level": 3,
    "CountryId": 1,
    "DeliveryMarkId": 200501,
    "AreaName": "MapAreaVolume_YNZ_GCG",
    "Title": "Area_1002_Title",
    "Father": 10,
    "Tag": [
      0
    ],
    "Record": 1,
    "Tips": 1,
    "IsInitActived": true,
    "WorldMonsterLevelMax": {
      "size": 8
    },
    "WuYinQuID": 0,
    "StateId": 0,
    "AtmosphereId": 0,
    "EdgeWallName": "",
    "DeliveryMarkType": 0,
    "SortIndex": 0
  },
  {
    "AreaId": 1003,
    "Level": 3,
    "CountryId": 1,
    "DeliveryMarkId": 200505,
    "AreaName": "MapAreaVolume_YNZ_LSD",
    "Title": "Area_1003_Title",
    "Father": 10,
    "Tag": [
      0
    ],
    "Record": 1,
    "Tips": 1,
    "IsInitActived": true,
    "WorldMonsterLevelMax": {
      "size": 8
    },
    "WuYinQuID": 0,
    "StateId": 0,
    "AtmosphereId": 0,
    "EdgeWallName": "",
    "DeliveryMarkType": 0,
    "SortIndex": 0
  },
  {
    "AreaId": 1004,
    "Level": 3,
    "CountryId": 1,
    "DeliveryMarkId": 200503,
    "AreaName": "MapAreaVolume_YNZ_JTYZ",
    "Title": "Area_1004_Title",
    "Father": 10,
    "Tag": [
      0
    ],
    "Record": 1,
    "Tips": 1,
    "IsInitActived": true,
    "WorldMonsterLevelMax": {
      "size": 8
    },
    "WuYinQuID": 0,
    "StateId": 0,
    "AtmosphereId": 0,
    "EdgeWallName": "",
    "DeliveryMarkType": 0,
    "SortIndex": 0
  },
  {
    "AreaId": 1005,
    "Level": 3,
    "CountryId": 1,
    "DeliveryMarkId": 200502,
    "AreaName": "MapAreaVolume_YNZ_JLX",
    "Title": "Area_1005_Title",
    "Father": 10,
    "Tag": [
      0
    ],
    "Record": 1,
    "Tips": 1,
    "IsInitActived": true,
    "WorldMonsterLevelMax": {
      "size": 8
    },
    "WuYinQuID": 0,
    "StateId": 0,
    "AtmosphereId": 0,
    "EdgeWallName": "",
    "DeliveryMarkType": 0,
    "SortIndex": 0
  },
  {
    "AreaId": 1006,
    "Level": 3,
    "CountryId": 1,
    "DeliveryMarkId": 200504,
    "AreaName": "MapAreaVolume_YNZ_YSJJ",
    "Title": "Area_1006_Title",
    "Father": 10,
    "Tag": [
      0
    ],
    "Record": 1,
    "Tips": 1,
    "IsInitActived": true,
    "WorldMonsterLevelMax": {
      "size": 8
    },
    "WuYinQuID": 0,
    "StateId": 0,
    "AtmosphereId": 0,
    "EdgeWallName": "",
    "DeliveryMarkType": 0,
    "SortIndex": 0
  },
  {
    "AreaId": 1007,
    "Level": 3,
    "CountryId": 1,
    "DeliveryMarkId": 200506,
    "AreaName": "MapAreaVolume_YNZ_YLSD",
    "Title": "Area_1007_Title",
    "Father": 10,
    "Tag": [
      0
    ],
    "Record": 1,
    "Tips": 1,
    "IsInitActived": true,
    "WorldMonsterLevelMax": {
      "size": 8
    },
    "WuYinQuID": 0,
    "StateId": 0,
    "AtmosphereId": 0,
    "EdgeWallName": "",
    "DeliveryMarkType": 0,
    "SortIndex": 0
  },
  {
    "AreaId": 1301,
    "Level": 3,
    "CountryId": 1,
    "DeliveryMarkId": 200209,
    "AreaName": "MapAreaVolume_YDKKZ_YDKKZ",
    "Title": "Area_1301_Title",
    "Father": 4,
    "Tag": [
      0
    ],
    "Record": 1,
    "Tips": 1,
    "IsInitActived": true,
    "WorldMonsterLevelMax": {},
    "WuYinQuID": 0,
    "StateId": 0,
    "AtmosphereId": 0,
    "EdgeWallName": "",
    "DeliveryMarkType": 0,
    "SortIndex": 0
  },
  {
    "AreaId": 119,
    "Level": 4,
    "CountryId": 0,
    "DeliveryMarkId": 0,
    "AreaName": "TsTriggerVolume141",
    "Title": "Area_119_Title",
    "Father": 1,
    "Tag": [
      0
    ],
    "Record": 1,
    "Tips": 0,
    "IsInitActived": false,
    "WorldMonsterLevelMax": {},
    "WuYinQuID": 0,
    "StateId": 0,
    "AtmosphereId": 0,
    "EdgeWallName": "",
    "DeliveryMarkType": 0,
    "SortIndex": 0
  },
  {
    "AreaId": 120,
    "Level": 4,
    "CountryId": 0,
    "DeliveryMarkId": 0,
    "AreaName": "TsTriggerVolume146",
    "Title": "Area_120_Title",
    "Father": 1,
    "Tag": [
      0
    ],
    "Record": 1,
    "Tips": 0,
    "IsInitActived": false,
    "WorldMonsterLevelMax": {},
    "WuYinQuID": 0,
    "StateId": 0,
    "AtmosphereId": 0,
    "EdgeWallName": "",
    "DeliveryMarkType": 0,
    "SortIndex": 0
  },
  {
    "AreaId": 10001,
    "Level": 4,
    "CountryId": 1,
    "DeliveryMarkId": 0,
    "AreaName": "TsTriggerVolume_FB_LZJS_01",
    "Title": "Area_10001_Title",
    "Father": 1,
    "Tag": [
      0
    ],
    "Record": 1,
    "Tips": 0,
    "IsInitActived": false,
    "WorldMonsterLevelMax": {},
    "WuYinQuID": 0,
    "StateId": 0,
    "AtmosphereId": 0,
    "EdgeWallName": "",
    "DeliveryMarkType": 0,
    "SortIndex": 0
  },
  {
    "AreaId": 10002,
    "Level": 4,
    "CountryId": 1,
    "DeliveryMarkId": 0,
    "AreaName": "TsTriggerVolume_FB_LZJS_02",
    "Title": "Area_10002_Title",
    "Father": 1,
    "Tag": [
      0
    ],
    "Record": 1,
    "Tips": 0,
    "IsInitActived": false,
    "WorldMonsterLevelMax": {},
    "WuYinQuID": 0,
    "StateId": 0,
    "AtmosphereId": 0,
    "EdgeWallName": "",
    "DeliveryMarkType": 0,
    "SortIndex": 0
  },
  {
    "AreaId": 10003,
    "Level": 4,
    "CountryId": 1,
    "DeliveryMarkId": 0,
    "AreaName": "TsTriggerVolume_FB_LZJS_03",
    "Title": "Area_10003_Title",
    "Father": 1,
    "Tag": [
      0
    ],
    "Record": 1,
    "Tips": 0,
    "IsInitActived": false,
    "WorldMonsterLevelMax": {},
    "WuYinQuID": 0,
    "StateId": 0,
    "AtmosphereId": 0,
    "EdgeWallName": "",
    "DeliveryMarkType": 0,
    "SortIndex": 0
  },
  {
    "AreaId": 10004,
    "Level": 4,
    "CountryId": 1,
    "DeliveryMarkId": 0,
    "AreaName": "TriggerVolume_pata",
    "Title": "Area_10004_Title",
    "Father": 1,
    "Tag": [
      0
    ],
    "Record": 1,
    "Tips": 0,
    "IsInitActived": false,
    "WorldMonsterLevelMax": {},
    "WuYinQuID": 0,
    "StateId": 0,
    "AtmosphereId": 0,
    "EdgeWallName": "",
    "DeliveryMarkType": 0,
    "SortIndex": 0
  },
  {
    "AreaId": 10005,
    "Level": 4,
    "CountryId": 1,
    "DeliveryMarkId": 0,
    "AreaName": "TsTriggerVolume_FB_LZJS_4",
    "Title": "Area_10005_Title",
    "Father": 1,
    "Tag": [
      0
    ],
    "Record": 1,
    "Tips": 0,
    "IsInitActived": false,
    "WorldMonsterLevelMax": {},
    "WuYinQuID": 0,
    "StateId": 0,
    "AtmosphereId": 0,
    "EdgeWallName": "",
    "DeliveryMarkType": 0,
    "SortIndex": 0
  },
  {
    "AreaId": 11001,
    "Level": 4,
    "CountryId": 1,
    "DeliveryMarkId": 0,
    "AreaName": "TsTriggerVolume_HK_01",
    "Title": "Area_11001_Title",
    "Father": 1,
    "Tag": [
      0
    ],
    "Record": 1,
    "Tips": 0,
    "IsInitActived": false,
    "WorldMonsterLevelMax": {},
    "WuYinQuID": 0,
    "StateId": 0,
    "AtmosphereId": 0,
    "EdgeWallName": "",
    "DeliveryMarkType": 0,
    "SortIndex": 0
  },
  {
    "AreaId": 12001,
    "Level": 4,
    "CountryId": 1,
    "DeliveryMarkId": 0,
    "AreaName": "TsTriggerVolumeTowerLoo1",
    "Title": "Area_12001_Title",
    "Father": 1,
    "Tag": [
      0
    ],
    "Record": 1,
    "Tips": 0,
    "IsInitActived": false,
    "WorldMonsterLevelMax": {},
    "WuYinQuID": 0,
    "StateId": 0,
    "AtmosphereId": 0,
    "EdgeWallName": "",
    "DeliveryMarkType": 0,
    "SortIndex": 0
  },
  {
    "AreaId": 12002,
    "Level": 4,
    "CountryId": 1,
    "DeliveryMarkId": 0,
    "AreaName": "TsTriggerVolumeTowerLoop2",
    "Title": "Area_12002_Title",
    "Father": 1,
    "Tag": [
      0
    ],
    "Record": 1,
    "Tips": 0,
    "IsInitActived": false,
    "WorldMonsterLevelMax": {},
    "WuYinQuID": 0,
    "StateId": 0,
    "AtmosphereId": 0,
    "EdgeWallName": "",
    "DeliveryMarkType": 0,
    "SortIndex": 0
  },
  {
    "AreaId": 12003,
    "Level": 4,
    "CountryId": 1,
    "DeliveryMarkId": 0,
    "AreaName": "Lingyang_Airwall",
    "Title": "Area_12003_Title",
    "Father": 1,
    "Tag": [
      0
    ],
    "Record": 1,
    "Tips": 0,
    "IsInitActived": true,
    "WorldMonsterLevelMax": {},
    "WuYinQuID": 0,
    "StateId": 0,
    "AtmosphereId": 0,
    "EdgeWallName": "",
    "DeliveryMarkType": 0,
    "SortIndex": 0
  },
  {
    "AreaId": 13001,
    "Level": 4,
    "CountryId": 1,
    "DeliveryMarkId": 0,
    "AreaName": "BattleBlock1",
    "Title": "Area_13001_Title",
    "Father": 1,
    "Tag": [
      0
    ],
    "Record": 1,
    "Tips": 0,
    "IsInitActived": false,
    "WorldMonsterLevelMax": {},
    "WuYinQuID": 0,
    "StateId": 0,
    "AtmosphereId": 0,
    "EdgeWallName": "",
    "DeliveryMarkType": 0,
    "SortIndex": 0
  },
  {
    "AreaId": 13002,
    "Level": 4,
    "CountryId": 1,
    "DeliveryMarkId": 0,
    "AreaName": "BattleBlock2",
    "Title": "Area_13002_Title",
    "Father": 1,
    "Tag": [
      0
    ],
    "Record": 1,
    "Tips": 0,
    "IsInitActived": false,
    "WorldMonsterLevelMax": {},
    "WuYinQuID": 0,
    "StateId": 0,
    "AtmosphereId": 0,
    "EdgeWallName": "",
    "DeliveryMarkType": 0,
    "SortIndex": 0
  },
  {
    "AreaId": 13003,
    "Level": 4,
    "CountryId": 1,
    "DeliveryMarkId": 0,
    "AreaName": "BattleBlock3",
    "Title": "Area_13003_Title",
    "Father": 1,
    "Tag": [
      0
    ],
    "Record": 1,
    "Tips": 0,
    "IsInitActived": false,
    "WorldMonsterLevelMax": {},
    "WuYinQuID": 0,
    "StateId": 0,
    "AtmosphereId": 0,
    "EdgeWallName": "",
    "DeliveryMarkType": 0,
    "SortIndex": 0
  },
  {
    "AreaId": 13004,
    "Level": 4,
    "CountryId": 1,
    "DeliveryMarkId": 0,
    "AreaName": "BattleBlock4",
    "Title": "Area_13004_Title",
    "Father": 1,
    "Tag": [
      0
    ],
    "Record": 1,
    "Tips": 0,
    "IsInitActived": false,
    "WorldMonsterLevelMax": {},
    "WuYinQuID": 0,
    "StateId": 0,
    "AtmosphereId": 0,
    "EdgeWallName": "",
    "DeliveryMarkType": 0,
    "SortIndex": 0
  },
  {
    "AreaId": 13005,
    "Level": 4,
    "CountryId": 1,
    "DeliveryMarkId": 0,
    "AreaName": "BattleBlock5",
    "Title": "Area_13005_Title",
    "Father": 1,
    "Tag": [
      0
    ],
    "Record": 1,
    "Tips": 0,
    "IsInitActived": false,
    "WorldMonsterLevelMax": {},
    "WuYinQuID": 0,
    "StateId": 0,
    "AtmosphereId": 0,
    "EdgeWallName": "",
    "DeliveryMarkType": 0,
    "SortIndex": 0
  },
  {
    "AreaId": 13006,
    "Level": 4,
    "CountryId": 1,
    "DeliveryMarkId": 0,
    "AreaName": "PathTP01",
    "Title": "Area_13006_Title",
    "Father": 1,
    "Tag": [
      0
    ],
    "Record": 1,
    "Tips": 1,
    "IsInitActived": true,
    "WorldMonsterLevelMax": {},
    "WuYinQuID": 0,
    "StateId": 0,
    "AtmosphereId": 0,
    "EdgeWallName": "",
    "DeliveryMarkType": 0,
    "SortIndex": 0
  },
  {
    "AreaId": 13007,
    "Level": 4,
    "CountryId": 1,
    "DeliveryMarkId": 0,
    "AreaName": "PathTP02",
    "Title": "Area_13007_Title",
    "Father": 1,
    "Tag": [
      0
    ],
    "Record": 1,
    "Tips": 1,
    "IsInitActived": true,
    "WorldMonsterLevelMax": {},
    "WuYinQuID": 0,
    "StateId": 0,
    "AtmosphereId": 0,
    "EdgeWallName": "",
    "DeliveryMarkType": 0,
    "SortIndex": 0
  },
  {
    "AreaId": 13101,
    "Level": 3,
    "CountryId": 1,
    "DeliveryMarkId": 201001,
    "AreaName": "MapAreaVolume_BLY_BLXG",
    "Title": "Area_13101_Title",
    "Father": 9,
    "Tag": [
      0
    ],
    "Record": 1,
    "Tips": 1,
    "IsInitActived": true,
    "WorldMonsterLevelMax": {
      "size": 8
    },
    "WuYinQuID": 0,
    "StateId": 0,
    "AtmosphereId": 0,
    "EdgeWallName": "",
    "DeliveryMarkType": 0,
    "SortIndex": 0
  },
  {
    "AreaId": 13102,
    "Level": 3,
    "CountryId": 1,
    "DeliveryMarkId": 201002,
    "AreaName": "MapAreaVolume_BLY_XFFX",
    "Title": "Area_13102_Title",
    "Father": 9,
    "Tag": [
      0
    ],
    "Record": 1,
    "Tips": 1,
    "IsInitActived": true,
    "WorldMonsterLevelMax": {
      "size": 8
    },
    "WuYinQuID": 0,
    "StateId": 0,
    "AtmosphereId": 0,
    "EdgeWallName": "",
    "DeliveryMarkType": 0,
    "SortIndex": 0
  },
  {
    "AreaId": 13105,
    "Level": 4,
    "CountryId": 1,
    "DeliveryMarkId": 0,
    "AreaName": "BLY AirWall1",
    "Title": "Area_13105_Title",
    "Father": 1,
    "Tag": [
      0
    ],
    "Record": 1,
    "Tips": 0,
    "IsInitActived": true,
    "WorldMonsterLevelMax": {},
    "WuYinQuID": 0,
    "StateId": 0,
    "AtmosphereId": 0,
    "EdgeWallName": "",
    "DeliveryMarkType": 0,
    "SortIndex": 0
  },
  {
    "AreaId": 1500001,
    "Level": 1,
    "CountryId": 1,
    "DeliveryMarkId": 0,
    "AreaName": "AkiWorld_WpTest",
    "Title": "Area_1500001_Title",
    "Father": 0,
    "Tag": [
      0
    ],
    "Record": 1,
    "Tips": 0,
    "IsInitActived": false,
    "WorldMonsterLevelMax": {},
    "WuYinQuID": 0,
    "StateId": 0,
    "AtmosphereId": 0,
    "EdgeWallName": "",
    "DeliveryMarkType": 0,
    "SortIndex": 0
  },
  {
    "AreaId": 1500002,
    "Level": 4,
    "CountryId": 1,
    "DeliveryMarkId": 0,
    "AreaName": "TsTriggerVolume",
    "Title": "Area_1500002_Title",
    "Father": 1,
    "Tag": [
      0
    ],
    "Record": 1,
    "Tips": 0,
    "IsInitActived": false,
    "WorldMonsterLevelMax": {},
    "WuYinQuID": 0,
    "StateId": 0,
    "AtmosphereId": 0,
    "EdgeWallName": "",
    "DeliveryMarkType": 0,
    "SortIndex": 0
  },
  {
    "AreaId": 14001,
    "Level": 4,
    "CountryId": 1,
    "DeliveryMarkId": 0,
    "AreaName": "TsTriggerVolume_01",
    "Title": "Area_14001_Title",
    "Father": 1,
    "Tag": [
      0
    ],
    "Record": 1,
    "Tips": 0,
    "IsInitActived": false,
    "WorldMonsterLevelMax": {},
    "WuYinQuID": 0,
    "StateId": 0,
    "AtmosphereId": 0,
    "EdgeWallName": "",
    "DeliveryMarkType": 0,
    "SortIndex": 0
  },
  {
    "AreaId": 14002,
    "Level": 4,
    "CountryId": 1,
    "DeliveryMarkId": 0,
    "AreaName": "TsTriggerVolume_02",
    "Title": "Area_14002_Title",
    "Father": 1,
    "Tag": [
      0
    ],
    "Record": 1,
    "Tips": 0,
    "IsInitActived": false,
    "WorldMonsterLevelMax": {},
    "WuYinQuID": 0,
    "StateId": 0,
    "AtmosphereId": 0,
    "EdgeWallName": "",
    "DeliveryMarkType": 0,
    "SortIndex": 0
  },
  {
    "AreaId": 14003,
    "Level": 4,
    "CountryId": 1,
    "DeliveryMarkId": 0,
    "AreaName": "TsTriggerVolume_03",
    "Title": "Area_14003_Title",
    "Father": 1,
    "Tag": [
      0
    ],
    "Record": 1,
    "Tips": 0,
    "IsInitActived": false,
    "WorldMonsterLevelMax": {},
    "WuYinQuID": 0,
    "StateId": 0,
    "AtmosphereId": 0,
    "EdgeWallName": "",
    "DeliveryMarkType": 0,
    "SortIndex": 0
  },
  {
    "AreaId": 14004,
    "Level": 4,
    "CountryId": 1,
    "DeliveryMarkId": 0,
    "AreaName": "TsTriggerVolume_04",
    "Title": "Area_14004_Title",
    "Father": 1,
    "Tag": [
      0
    ],
    "Record": 1,
    "Tips": 0,
    "IsInitActived": false,
    "WorldMonsterLevelMax": {},
    "WuYinQuID": 0,
    "StateId": 0,
    "AtmosphereId": 0,
    "EdgeWallName": "",
    "DeliveryMarkType": 0,
    "SortIndex": 0
  },
  {
    "AreaId": 14005,
    "Level": 4,
    "CountryId": 1,
    "DeliveryMarkId": 0,
    "AreaName": "TsTriggerVolume_05",
    "Title": "Area_14005_Title",
    "Father": 1,
    "Tag": [
      0
    ],
    "Record": 1,
    "Tips": 0,
    "IsInitActived": false,
    "WorldMonsterLevelMax": {},
    "WuYinQuID": 0,
    "StateId": 0,
    "AtmosphereId": 0,
    "EdgeWallName": "",
    "DeliveryMarkType": 0,
    "SortIndex": 0
  },
  {
    "AreaId": 14006,
    "Level": 4,
    "CountryId": 1,
    "DeliveryMarkId": 0,
    "AreaName": "TsTriggerVolume_06",
    "Title": "Area_14006_Title",
    "Father": 1,
    "Tag": [
      0
    ],
    "Record": 1,
    "Tips": 0,
    "IsInitActived": false,
    "WorldMonsterLevelMax": {},
    "WuYinQuID": 0,
    "StateId": 0,
    "AtmosphereId": 0,
    "EdgeWallName": "",
    "DeliveryMarkType": 0,
    "SortIndex": 0
  },
  {
    "AreaId": 14007,
    "Level": 4,
    "CountryId": 1,
    "DeliveryMarkId": 0,
    "AreaName": "TsTriggerVolume_01",
    "Title": "Area_14007_Title",
    "Father": 1,
    "Tag": [
      0
    ],
    "Record": 1,
    "Tips": 0,
    "IsInitActived": false,
    "WorldMonsterLevelMax": {},
    "WuYinQuID": 0,
    "StateId": 0,
    "AtmosphereId": 0,
    "EdgeWallName": "",
    "DeliveryMarkType": 0,
    "SortIndex": 0
  },
  {
    "AreaId": 14008,
    "Level": 4,
    "CountryId": 1,
    "DeliveryMarkId": 0,
    "AreaName": "TsTriggerVolume_02",
    "Title": "Area_14008_Title",
    "Father": 1,
    "Tag": [
      0
    ],
    "Record": 1,
    "Tips": 0,
    "IsInitActived": false,
    "WorldMonsterLevelMax": {},
    "WuYinQuID": 0,
    "StateId": 0,
    "AtmosphereId": 0,
    "EdgeWallName": "",
    "DeliveryMarkType": 0,
    "SortIndex": 0
  },
  {
    "AreaId": 14011,
    "Level": 4,
    "CountryId": 1,
    "DeliveryMarkId": 0,
    "AreaName": "TsTriggerVolume_01",
    "Title": "Area_14011_Title",
    "Father": 1,
    "Tag": [
      0
    ],
    "Record": 1,
    "Tips": 0,
    "IsInitActived": false,
    "WorldMonsterLevelMax": {},
    "WuYinQuID": 0,
    "StateId": 0,
    "AtmosphereId": 0,
    "EdgeWallName": "",
    "DeliveryMarkType": 0,
    "SortIndex": 0
  },
  {
    "AreaId": 14012,
    "Level": 4,
    "CountryId": 1,
    "DeliveryMarkId": 0,
    "AreaName": "TsTriggerVolume_02",
    "Title": "Area_14012_Title",
    "Father": 1,
    "Tag": [
      0
    ],
    "Record": 1,
    "Tips": 0,
    "IsInitActived": false,
    "WorldMonsterLevelMax": {},
    "WuYinQuID": 0,
    "StateId": 0,
    "AtmosphereId": 0,
    "EdgeWallName": "",
    "DeliveryMarkType": 0,
    "SortIndex": 0
  },
  {
    "AreaId": 14013,
    "Level": 4,
    "CountryId": 1,
    "DeliveryMarkId": 0,
    "AreaName": "TsTriggerVolume_03",
    "Title": "Area_14013_Title",
    "Father": 1,
    "Tag": [
      0
    ],
    "Record": 1,
    "Tips": 0,
    "IsInitActived": false,
    "WorldMonsterLevelMax": {},
    "WuYinQuID": 0,
    "StateId": 0,
    "AtmosphereId": 0,
    "EdgeWallName": "",
    "DeliveryMarkType": 0,
    "SortIndex": 0
  },
  {
    "AreaId": 14021,
    "Level": 4,
    "CountryId": 1,
    "DeliveryMarkId": 0,
    "AreaName": "TsTriggerVolume_01",
    "Title": "Area_14021_Title",
    "Father": 1,
    "Tag": [
      0
    ],
    "Record": 1,
    "Tips": 0,
    "IsInitActived": false,
    "WorldMonsterLevelMax": {},
    "WuYinQuID": 0,
    "StateId": 0,
    "AtmosphereId": 0,
    "EdgeWallName": "",
    "DeliveryMarkType": 0,
    "SortIndex": 0
  },
  {
    "AreaId": 14022,
    "Level": 4,
    "CountryId": 1,
    "DeliveryMarkId": 0,
    "AreaName": "TsTriggerVolume_02",
    "Title": "Area_14022_Title",
    "Father": 1,
    "Tag": [
      0
    ],
    "Record": 1,
    "Tips": 0,
    "IsInitActived": false,
    "WorldMonsterLevelMax": {},
    "WuYinQuID": 0,
    "StateId": 0,
    "AtmosphereId": 0,
    "EdgeWallName": "",
    "DeliveryMarkType": 0,
    "SortIndex": 0
  },
  {
    "AreaId": 123,
    "Level": 4,
    "CountryId": 1,
    "DeliveryMarkId": 0,
    "AreaName": "TsTriggerVolume123",
    "Title": "Area_123_Title",
    "Father": 1,
    "Tag": [
      0
    ],
    "Record": 1,
    "Tips": 0,
    "IsInitActived": false,
    "WorldMonsterLevelMax": {},
    "WuYinQuID": 0,
    "StateId": 0,
    "AtmosphereId": 0,
    "EdgeWallName": "",
    "DeliveryMarkType": 0,
    "SortIndex": 0
  },
  {
    "AreaId": 125,
    "Level": 4,
    "CountryId": 1,
    "DeliveryMarkId": 0,
    "AreaName": "TsTriggerVolume125",
    "Title": "Area_125_Title",
    "Father": 1,
    "Tag": [
      0
    ],
    "Record": 1,
    "Tips": 0,
    "IsInitActived": false,
    "WorldMonsterLevelMax": {},
    "WuYinQuID": 0,
    "StateId": 0,
    "AtmosphereId": 0,
    "EdgeWallName": "",
    "DeliveryMarkType": 0,
    "SortIndex": 0
  },
  {
    "AreaId": 51,
    "Level": 5,
    "CountryId": 1,
    "DeliveryMarkId": 0,
    "AreaName": "EdgeWall_World",
    "Title": "",
    "Father": 1,
    "Tag": [
      0
    ],
    "Record": 1,
    "Tips": 0,
    "IsInitActived": true,
    "WorldMonsterLevelMax": {},
    "WuYinQuID": 0,
    "StateId": 0,
    "AtmosphereId": 0,
    "EdgeWallName": "/Game/Aki/Data/PathLine/Pathline_EdgeWall/BP_BasePathLine_Edgewall_1-3.BP_BasePathLine_Edgewall_1-3",
    "DeliveryMarkType": 0,
    "SortIndex": 0
  },
  {
    "AreaId": 804,
    "Level": 3,
    "CountryId": 1,
    "DeliveryMarkId": 200903,
    "AreaName": "MapAreaVolume_WMW_WCCS",
    "Title": "Area_804_Title",
    "Father": 8,
    "Tag": [
      0
    ],
    "Record": 1,
    "Tips": 1,
    "IsInitActived": true,
    "WorldMonsterLevelMax": {
      "size": 8
    },
    "WuYinQuID": 0,
    "StateId": 0,
    "AtmosphereId": 0,
    "EdgeWallName": "",
    "DeliveryMarkType": 0,
    "SortIndex": 0
  },
  {
    "AreaId": 1101,
    "Level": 3,
    "CountryId": 900,
    "DeliveryMarkId": 201201,
    "AreaName": "MapAreaVolume_HHA_ASTLYZY",
    "Title": "Area_1101_Title",
    "Father": 11,
    "Tag": [
      0
    ],
    "Record": 1,
    "Tips": 1,
    "IsInitActived": true,
    "WorldMonsterLevelMax": {
      "size": 8
    },
    "WuYinQuID": 0,
    "StateId": 0,
    "AtmosphereId": 0,
    "EdgeWallName": "",
    "DeliveryMarkType": 0,
    "SortIndex": 0
  },
  {
    "AreaId": 1102,
    "Level": 3,
    "CountryId": 900,
    "DeliveryMarkId": 201202,
    "AreaName": "MapAreaVolume_HHA_TTSNS",
    "Title": "Area_1102_Title",
    "Father": 11,
    "Tag": [
      0
    ],
    "Record": 1,
    "Tips": 1,
    "IsInitActived": true,
    "WorldMonsterLevelMax": {
      "size": 8
    },
    "WuYinQuID": 0,
    "StateId": 0,
    "AtmosphereId": 0,
    "EdgeWallName": "",
    "DeliveryMarkType": 0,
    "SortIndex": 0
  },
  {
    "AreaId": 1103,
    "Level": 3,
    "CountryId": 900,
    "DeliveryMarkId": 201203,
    "AreaName": "MapAreaVolume_HHA_XZD",
    "Title": "Area_1103_Title",
    "Father": 11,
    "Tag": [
      0
    ],
    "Record": 1,
    "Tips": 1,
    "IsInitActived": true,
    "WorldMonsterLevelMax": {
      "size": 8
    },
    "WuYinQuID": 0,
    "StateId": 0,
    "AtmosphereId": 0,
    "EdgeWallName": "",
    "DeliveryMarkType": 0,
    "SortIndex": 0
  },
  {
    "AreaId": 1601,
    "Level": 4,
    "CountryId": 1,
    "DeliveryMarkId": 0,
    "AreaName": "MapAreaVolume_CXS_XJL_YBYJ_Top",
    "Title": "Area_1601_Title",
    "Father": 1612,
    "Tag": [
      0
    ],
    "Record": 1,
    "Tips": 1,
    "IsInitActived": true,
    "WorldMonsterLevelMax": {},
    "WuYinQuID": 0,
    "StateId": 0,
    "AtmosphereId": 0,
    "EdgeWallName": "",
    "DeliveryMarkType": 0,
    "SortIndex": 0
  },
  {
    "AreaId": 1602,
    "Level": 4,
    "CountryId": 1,
    "DeliveryMarkId": 0,
    "AreaName": "MapAreaVolume_CXS_XJL_YBYJ_Middle",
    "Title": "Area_1602_Title",
    "Father": 1612,
    "Tag": [
      0
    ],
    "Record": 1,
    "Tips": 1,
    "IsInitActived": true,
    "WorldMonsterLevelMax": {},
    "WuYinQuID": 0,
    "StateId": 0,
    "AtmosphereId": 0,
    "EdgeWallName": "",
    "DeliveryMarkType": 0,
    "SortIndex": 0
  },
  {
    "AreaId": 1603,
    "Level": 4,
    "CountryId": 1,
    "DeliveryMarkId": 0,
    "AreaName": "MapAreaVolume_CXS_XJL_YBYJ_Bottom",
    "Title": "Area_1603_Title",
    "Father": 1612,
    "Tag": [
      0
    ],
    "Record": 1,
    "Tips": 1,
    "IsInitActived": true,
    "WorldMonsterLevelMax": {},
    "WuYinQuID": 0,
    "StateId": 0,
    "AtmosphereId": 0,
    "EdgeWallName": "",
    "DeliveryMarkType": 0,
    "SortIndex": 0
  },
  {
    "AreaId": 1611,
    "Level": 3,
    "CountryId": 1,
    "DeliveryMarkId": 201101,
    "AreaName": "MapAreaVolume_CXS_XGT",
    "Title": "Area_1611_Title",
    "Father": 14,
    "Tag": [
      0
    ],
    "Record": 1,
    "Tips": 1,
    "IsInitActived": true,
    "WorldMonsterLevelMax": {},
    "WuYinQuID": 0,
    "StateId": 0,
    "AtmosphereId": 0,
    "EdgeWallName": "",
    "DeliveryMarkType": 0,
    "SortIndex": 0
  },
  {
    "AreaId": 1612,
    "Level": 3,
    "CountryId": 1,
    "DeliveryMarkId": 201102,
    "AreaName": "MapAreaVolume_CXS_XJL",
    "Title": "Area_1612_Title",
    "Father": 14,
    "Tag": [
      0
    ],
    "Record": 1,
    "Tips": 1,
    "IsInitActived": true,
    "WorldMonsterLevelMax": {},
    "WuYinQuID": 0,
    "StateId": 0,
    "AtmosphereId": 0,
    "EdgeWallName": "",
    "DeliveryMarkType": 0,
    "SortIndex": 0
  },
  {
    "AreaId": 1613,
    "Level": 3,
    "CountryId": 1,
    "DeliveryMarkId": 201103,
    "AreaName": "MapAreaVolume_CXS_HZ",
    "Title": "Area_1613_Title",
    "Father": 14,
    "Tag": [
      0
    ],
    "Record": 1,
    "Tips": 1,
    "IsInitActived": true,
    "WorldMonsterLevelMax": {},
    "WuYinQuID": 0,
    "StateId": 0,
    "AtmosphereId": 0,
    "EdgeWallName": "",
    "DeliveryMarkType": 0,
    "SortIndex": 0
  },
  {
    "AreaId": 1614,
    "Level": 3,
    "CountryId": 1,
    "DeliveryMarkId": 201104,
    "AreaName": "MapAreaVolume_CXS_TQM",
    "Title": "Area_1614_Title",
    "Father": 14,
    "Tag": [
      0
    ],
    "Record": 1,
    "Tips": 1,
    "IsInitActived": true,
    "WorldMonsterLevelMax": {},
    "WuYinQuID": 0,
    "StateId": 0,
    "AtmosphereId": 0,
    "EdgeWallName": "",
    "DeliveryMarkType": 0,
    "SortIndex": 0
  },
  {
    "AreaId": 1615,
    "Level": 3,
    "CountryId": 1,
    "DeliveryMarkId": 201105,
    "AreaName": "MapAreaVolume_CXS_YLJ",
    "Title": "Area_1615_Title",
    "Father": 14,
    "Tag": [
      0
    ],
    "Record": 1,
    "Tips": 1,
    "IsInitActived": true,
    "WorldMonsterLevelMax": {},
    "WuYinQuID": 0,
    "StateId": 0,
    "AtmosphereId": 0,
    "EdgeWallName": "",
    "DeliveryMarkType": 0,
    "SortIndex": 0
  },
  {
    "AreaId": 1616,
    "Level": 3,
    "CountryId": 1,
    "DeliveryMarkId": 201106,
    "AreaName": "MapAreaVolume_CXS_WLG",
    "Title": "Area_1616_Title",
    "Father": 14,
    "Tag": [
      0
    ],
    "Record": 1,
    "Tips": 1,
    "IsInitActived": true,
    "WorldMonsterLevelMax": {},
    "WuYinQuID": 0,
    "StateId": 0,
    "AtmosphereId": 0,
    "EdgeWallName": "",
    "DeliveryMarkType": 0,
    "SortIndex": 0
  },
  {
    "AreaId": 1617,
    "Level": 3,
    "CountryId": 1,
    "DeliveryMarkId": 201107,
    "AreaName": "MapAreaVolume_CXS_PLY",
    "Title": "Area_1617_Title",
    "Father": 14,
    "Tag": [
      0
    ],
    "Record": 1,
    "Tips": 1,
    "IsInitActived": true,
    "WorldMonsterLevelMax": {},
    "WuYinQuID": 0,
    "StateId": 0,
    "AtmosphereId": 0,
    "EdgeWallName": "",
    "DeliveryMarkType": 0,
    "SortIndex": 0
  },
  {
    "AreaId": 1631,
    "Level": 4,
    "CountryId": 1,
    "DeliveryMarkId": 0,
    "AreaName": "MapAreaVolume_CXS_TQM_HMQ_Top",
    "Title": "Area_1631_Title",
    "Father": 1614,
    "Tag": [
      0
    ],
    "Record": 1,
    "Tips": 1,
    "IsInitActived": true,
    "WorldMonsterLevelMax": {},
    "WuYinQuID": 0,
    "StateId": 0,
    "AtmosphereId": 0,
    "EdgeWallName": "",
    "DeliveryMarkType": 0,
    "SortIndex": 0
  },
  {
    "AreaId": 1632,
    "Level": 4,
    "CountryId": 1,
    "DeliveryMarkId": 0,
    "AreaName": "MapAreaVolume_CXS_TQM_HMQ_Middle",
    "Title": "Area_1632_Title",
    "Father": 1614,
    "Tag": [
      0
    ],
    "Record": 1,
    "Tips": 1,
    "IsInitActived": true,
    "WorldMonsterLevelMax": {},
    "WuYinQuID": 0,
    "StateId": 0,
    "AtmosphereId": 0,
    "EdgeWallName": "",
    "DeliveryMarkType": 0,
    "SortIndex": 0
  },
  {
    "AreaId": 1633,
    "Level": 4,
    "CountryId": 1,
    "DeliveryMarkId": 0,
    "AreaName": "MapAreaVolume_CXS_TQM_HMQ_Bottom",
    "Title": "Area_1633_Title",
    "Father": 1614,
    "Tag": [
      0
    ],
    "Record": 1,
    "Tips": 1,
    "IsInitActived": true,
    "WorldMonsterLevelMax": {},
    "WuYinQuID": 0,
    "StateId": 0,
    "AtmosphereId": 0,
    "EdgeWallName": "",
    "DeliveryMarkType": 0,
    "SortIndex": 0
  },
  {
    "AreaId": 1641,
    "Level": 4,
    "CountryId": 1,
    "DeliveryMarkId": 0,
    "AreaName": "MapAreaVolume_CXS_WLG_MLT_Top",
    "Title": "Area_1641_Title",
    "Father": 1616,
    "Tag": [
      0
    ],
    "Record": 1,
    "Tips": 1,
    "IsInitActived": true,
    "WorldMonsterLevelMax": {},
    "WuYinQuID": 0,
    "StateId": 0,
    "AtmosphereId": 0,
    "EdgeWallName": "",
    "DeliveryMarkType": 0,
    "SortIndex": 0
  },
  {
    "AreaId": 1642,
    "Level": 4,
    "CountryId": 1,
    "DeliveryMarkId": 0,
    "AreaName": "MapAreaVolume_CXS_WLG_MLT_Bottom",
    "Title": "Area_1642_Title",
    "Father": 1616,
    "Tag": [
      0
    ],
    "Record": 1,
    "Tips": 1,
    "IsInitActived": true,
    "WorldMonsterLevelMax": {},
    "WuYinQuID": 0,
    "StateId": 0,
    "AtmosphereId": 0,
    "EdgeWallName": "",
    "DeliveryMarkType": 0,
    "SortIndex": 0
  },
  {
    "AreaId": 15,
    "Level": 2,
    "CountryId": 900,
    "DeliveryMarkId": 1015,
    "AreaName": "MapAreaVolume_TTSZD",
    "Title": "Area_15_Title",
    "Father": 1,
    "Tag": [
      0
    ],
    "Record": 1,
    "Tips": 0,
    "IsInitActived": true,
    "WorldMonsterLevelMax": {},
    "WuYinQuID": 0,
    "StateId": 0,
    "AtmosphereId": 0,
    "EdgeWallName": "",
    "DeliveryMarkType": 1,
    "SortIndex": 13
  },
  {
    "AreaId": 1501,
    "Level": 3,
    "CountryId": 900,
    "DeliveryMarkId": 201301,
    "AreaName": "MapAreaVolume_TTSZD_ADSZJ",
    "Title": "Area_1501_Title",
    "Father": 15,
    "Tag": [
      0
    ],
    "Record": 1,
    "Tips": 1,
    "IsInitActived": true,
    "WorldMonsterLevelMax": {
      "size": 8
    },
    "WuYinQuID": 0,
    "StateId": 0,
    "AtmosphereId": 0,
    "EdgeWallName": "",
    "DeliveryMarkType": 0,
    "SortIndex": 0
  },
  {
    "AreaId": 1502,
    "Level": 3,
    "CountryId": 900,
    "DeliveryMarkId": 201302,
    "AreaName": "MapAreaVolume_TTSZD_SJHL",
    "Title": "Area_1502_Title",
    "Father": 15,
    "Tag": [
      0
    ],
    "Record": 1,
    "Tips": 1,
    "IsInitActived": true,
    "WorldMonsterLevelMax": {
      "size": 8
    },
    "WuYinQuID": 0,
    "StateId": 0,
    "AtmosphereId": 0,
    "EdgeWallName": "",
    "DeliveryMarkType": 0,
    "SortIndex": 0
  },
  {
    "AreaId": 1504,
    "Level": 3,
    "CountryId": 900,
    "DeliveryMarkId": 201304,
    "AreaName": "MapAreaVolume_TTSZD_TLDT",
    "Title": "Area_1504_Title",
    "Father": 15,
    "Tag": [
      0
    ],
    "Record": 1,
    "Tips": 1,
    "IsInitActived": true,
    "WorldMonsterLevelMax": {
      "size": 8
    },
    "WuYinQuID": 0,
    "StateId": 0,
    "AtmosphereId": 0,
    "EdgeWallName": "",
    "DeliveryMarkType": 0,
    "SortIndex": 0
  },
  {
    "AreaId": 1505,
    "Level": 3,
    "CountryId": 900,
    "DeliveryMarkId": 201305,
    "AreaName": "MapAreaVolume_TTSZD_NYZX",
    "Title": "Area_1505_Title",
    "Father": 15,
    "Tag": [
      0
    ],
    "Record": 1,
    "Tips": 1,
    "IsInitActived": true,
    "WorldMonsterLevelMax": {
      "size": 8
    },
    "WuYinQuID": 0,
    "StateId": 0,
    "AtmosphereId": 0,
    "EdgeWallName": "",
    "DeliveryMarkType": 0,
    "SortIndex": 0
  },
  {
    "AreaId": 1506,
    "Level": 3,
    "CountryId": 900,
    "DeliveryMarkId": 201306,
    "AreaName": "MapAreaVolume_TTSZD_MWSRS",
    "Title": "Area_1506_Title",
    "Father": 15,
    "Tag": [
      0
    ],
    "Record": 1,
    "Tips": 1,
    "IsInitActived": true,
    "WorldMonsterLevelMax": {
      "size": 8
    },
    "WuYinQuID": 0,
    "StateId": 0,
    "AtmosphereId": 0,
    "EdgeWallName": "",
    "DeliveryMarkType": 0,
    "SortIndex": 0
  },
  {
    "AreaId": 1507,
    "Level": 3,
    "CountryId": 900,
    "DeliveryMarkId": 201307,
    "AreaName": "MapAreaVolume_TTSZD_JZD",
    "Title": "Area_1507_Title",
    "Father": 15,
    "Tag": [
      0
    ],
    "Record": 1,
    "Tips": 1,
    "IsInitActived": true,
    "WorldMonsterLevelMax": {
      "size": 8
    },
    "WuYinQuID": 0,
    "StateId": 0,
    "AtmosphereId": 0,
    "EdgeWallName": "",
    "DeliveryMarkType": 0,
    "SortIndex": 0
  },
  {
    "AreaId": 1561,
    "Level": 4,
    "CountryId": 900,
    "DeliveryMarkId": 0,
    "AreaName": "MapAreaVolume_TTSZD_MWSRS_-1F",
    "Title": "Area_1561_Title",
    "Father": 1506,
    "Tag": [
      0
    ],
    "Record": 1,
    "Tips": 1,
    "IsInitActived": true,
    "WorldMonsterLevelMax": {
      "size": 8
    },
    "WuYinQuID": 0,
    "StateId": 0,
    "AtmosphereId": 0,
    "EdgeWallName": "",
    "DeliveryMarkType": 0,
    "SortIndex": 0
  },
  {
    "AreaId": 1562,
    "Level": 4,
    "CountryId": 900,
    "DeliveryMarkId": 0,
    "AreaName": "MapAreaVolume_TTSZD_MWSRS_1F",
    "Title": "Area_1562_Title",
    "Father": 1506,
    "Tag": [
      0
    ],
    "Record": 1,
    "Tips": 1,
    "IsInitActived": true,
    "WorldMonsterLevelMax": {
      "size": 8
    },
    "WuYinQuID": 0,
    "StateId": 0,
    "AtmosphereId": 0,
    "EdgeWallName": "",
    "DeliveryMarkType": 0,
    "SortIndex": 0
  },
  {
    "AreaId": 1571,
    "Level": 4,
    "CountryId": 900,
    "DeliveryMarkId": 0,
    "AreaName": "MapAreaVolume_TTSZD_JZD_1F",
    "Title": "Area_1571_Title",
    "Father": 1507,
    "Tag": [
      0
    ],
    "Record": 1,
    "Tips": 1,
    "IsInitActived": true,
    "WorldMonsterLevelMax": {
      "size": 8
    },
    "WuYinQuID": 0,
    "StateId": 0,
    "AtmosphereId": 0,
    "EdgeWallName": "",
    "DeliveryMarkType": 0,
    "SortIndex": 0
  },
  {
    "AreaId": 1572,
    "Level": 4,
    "CountryId": 900,
    "DeliveryMarkId": 0,
    "AreaName": "MapAreaVolume_TTSZD_JZD_2F",
    "Title": "Area_1572_Title",
    "Father": 1507,
    "Tag": [
      0
    ],
    "Record": 1,
    "Tips": 1,
    "IsInitActived": true,
    "WorldMonsterLevelMax": {
      "size": 8
    },
    "WuYinQuID": 0,
    "StateId": 0,
    "AtmosphereId": 0,
    "EdgeWallName": "",
    "DeliveryMarkType": 0,
    "SortIndex": 0
  },
  {
    "AreaId": 1511,
    "Level": 4,
    "CountryId": 900,
    "DeliveryMarkId": 0,
    "AreaName": "MapAreaVolume_TTSZD_ADSZJ_SMFJ",
    "Title": "Area_1511_Title",
    "Father": 1501,
    "Tag": [
      0
    ],
    "Record": 1,
    "Tips": 1,
    "IsInitActived": true,
    "WorldMonsterLevelMax": {
      "size": 8
    },
    "WuYinQuID": 0,
    "StateId": 0,
    "AtmosphereId": 0,
    "EdgeWallName": "",
    "DeliveryMarkType": 0,
    "SortIndex": 0
  },
  {
    "AreaId": 52,
    "Level": 5,
    "CountryId": 1,
    "DeliveryMarkId": 0,
    "AreaName": "EdgeWall_World",
    "Title": "",
    "Father": 1,
    "Tag": [
      0
    ],
    "Record": 1,
    "Tips": 0,
    "IsInitActived": true,
    "WorldMonsterLevelMax": {},
    "WuYinQuID": 0,
    "StateId": 0,
    "AtmosphereId": 0,
    "EdgeWallName": "/Game/Aki/Data/PathLine/Pathline_EdgeWall/BP_BasePathLine_Edgewall_1-3underground.BP_BasePathLine_Edgewall_1-3underground",
    "DeliveryMarkType": 0,
    "SortIndex": 0
  }
]