[
  {
    "Id": 3,
    "DAPath": "/Game/Aki/Render/DefaultGI/LevelGIData/Leve_TOD_HuangLong/TianCheng/TOD/DA_TOD_Config_01_TC.DA_TOD_Config_01_TC",
    "IsTOD": true,
    "Priority": 0,
    "FadeTime": 3
  },
  {
    "Id": 4,
    "DAPath": "/Game/Aki/Render/DefaultGI/LevelGIData/Leve_TOD_HuangLong/Yunlingu/TOD/DA_TOD_Config_01_YLG.DA_TOD_Config_01_YLG",
    "IsTOD": true,
    "Priority": 0,
    "FadeTime": 3
  },
  {
    "Id": 5,
    "DAPath": "/Game/Aki/Render/DefaultGI/LevelGIData/Leve_TOD_HuangLong/YiLuoYuanXiang/TOD/DA_TOD_Config_01_YLYX.DA_TOD_Config_01_YLYX",
    "IsTOD": true,
    "Priority": 0,
    "FadeTime": 3
  },
  {
    "Id": 1,
    "DAPath": "/Game/Aki/Render/Data/Weather/DA_Weather_Snow.DA_Weather_Snow",
    "IsTOD": false,
    "Priority": 0,
    "FadeTime": 3
  },
  {
    "Id": 2,
    "DAPath": "/Game/Aki/Render/DefaultGI/LevelGIData/Leve_TOD_HuangLong/Yunlingu/Time/DA_PPV_13_YLG_shandong.DA_PPV_13_YLG_shandong",
    "IsTOD": false,
    "Priority": 0,
    "FadeTime": 3
  }
]