[
  {
    "Id": 10108,
    "ActionMontage": "/Game/Aki/Sequence/SequenceAnim/DialogAnim/FemaleM/Yangyang/Face/Montage/Idle.Idle",
    "ExpressionMontage": "",
    "MouthSequence": ""
  },
  {
    "Id": 90450,
    "ActionMontage": "/Game/Aki/Sequence/SequenceAnim/Monster/MO1DaodanyuanMd00401/Montage/Stand02.Stand02",
    "ExpressionMontage": "",
    "MouthSequence": ""
  },
  {
    "Id": 90451,
    "ActionMontage": "/Game/Aki/Sequence/SequenceAnim/Npc/MaleM/BaseAnim/Montage/Stand01.Stand01",
    "ExpressionMontage": "",
    "MouthSequence": ""
  },
  {
    "Id": 90452,
    "ActionMontage": "/Game/Aki/Sequence/SequenceAnim/Npc/MaleM/BaseAnim/Montage/Talk01.Talk01",
    "ExpressionMontage": "",
    "MouthSequence": ""
  },
  {
    "Id": 10101,
    "ActionMontage": "/Game/Aki/Sequence/SequenceAnim/DialogAnim/FemaleM/Chixia/Face/Montage/Idle.Idle",
    "ExpressionMontage": "",
    "MouthSequence": ""
  },
  {
    "Id": 10093,
    "ActionMontage": "/Game/Aki/Sequence/SequenceAnim/DialogAnim/FemaleM/Sanhua/Face/Montage/Idle.Idle",
    "ExpressionMontage": "",
    "MouthSequence": ""
  },
  {
    "Id": 10011,
    "ActionMontage": "/Game/Aki/Sequence/SequenceAnim/DialogAnim/FemaleXL/Bailian/Face/Montage/Idle.Idle",
    "ExpressionMontage": "",
    "MouthSequence": ""
  },
  {
    "Id": 10038,
    "ActionMontage": "/Game/Aki/Sequence/SequenceAnim/DialogAnim/FemaleS/Anke/Face/Montage/Idle.Idle",
    "ExpressionMontage": "",
    "MouthSequence": ""
  },
  {
    "Id": 10097,
    "ActionMontage": "/Game/Aki/Sequence/SequenceAnim/DialogAnim/FemaleM/Taoqi/Face/Montage/Idle.Idle",
    "ExpressionMontage": "",
    "MouthSequence": ""
  },
  {
    "Id": 10099,
    "ActionMontage": "/Game/Aki/Sequence/SequenceAnim/DialogAnim/FemaleM/Danjin/Face/Montage/Idle.Idle",
    "ExpressionMontage": "",
    "MouthSequence": ""
  },
  {
    "Id": 10449,
    "ActionMontage": "/Game/Aki/Sequence/SequenceAnim/DialogAnim/MaleXL/Kakaluo/Face/Montage/Idle.Idle",
    "ExpressionMontage": "",
    "MouthSequence": ""
  },
  {
    "Id": 10370,
    "ActionMontage": "/Game/Aki/Sequence/SequenceAnim/DialogAnim/FemaleM/Yinlin/Face/Montage/Idle.Idle",
    "ExpressionMontage": "",
    "MouthSequence": ""
  },
  {
    "Id": 10186,
    "ActionMontage": "/Game/Aki/Sequence/SequenceAnim/DialogAnim/FemaleM/Jinxi/Face/Montage/Idle.Idle",
    "ExpressionMontage": "",
    "MouthSequence": ""
  },
  {
    "Id": 10010,
    "ActionMontage": "/Game/Aki/Sequence/SequenceAnim/DialogAnim/MaleXL/Motefei/Face/Montage/Idle.Idle",
    "ExpressionMontage": "",
    "MouthSequence": ""
  },
  {
    "Id": 10132,
    "ActionMontage": "/Game/Aki/Sequence/SequenceAnim/DialogAnim/MaleXL/Qiushui/Face/Montage/Idle.Idle",
    "ExpressionMontage": "",
    "MouthSequence": ""
  },
  {
    "Id": 10317,
    "ActionMontage": "/Game/Aki/Sequence/SequenceAnim/DialogAnim/MaleM/Nanzhu/Face/Montage/Idle.Idle",
    "ExpressionMontage": "",
    "MouthSequence": ""
  },
  {
    "Id": 9999,
    "ActionMontage": "/Game/Aki/Sequence/SequenceAnim/DialogAnim/MaleM/Nanzhu/Face/Montage/Idle.Idle",
    "ExpressionMontage": "",
    "MouthSequence": ""
  },
  {
    "Id": 10446,
    "ActionMontage": "/Game/Aki/Sequence/SequenceAnim/DialogAnim/MaleXL/Shanghen/Face/Montage/Idle.Idle",
    "ExpressionMontage": "",
    "MouthSequence": ""
  },
  {
    "Id": 42001111,
    "ActionMontage": "/Game/Aki/Sequence/SequenceAnim/DialogAnim/FemaleS/Anke/Body/Montage/Stand01.Stand01",
    "ExpressionMontage": "",
    "MouthSequence": ""
  },
  {
    "Id": 42001112,
    "ActionMontage": "/Game/Aki/Sequence/SequenceAnim/DialogAnim/FemaleS/Anke/Body/Montage/Tsundere.Tsundere",
    "ExpressionMontage": "",
    "MouthSequence": ""
  },
  {
    "Id": 42001113,
    "ActionMontage": "/Game/Aki/Sequence/SequenceAnim/DialogAnim/FemaleS/Anke/Body/Montage/Thinking01.Thinking01",
    "ExpressionMontage": "",
    "MouthSequence": ""
  },
  {
    "Id": 42001114,
    "ActionMontage": "/Game/Aki/Sequence/SequenceAnim/DialogAnim/FemaleS/Anke/Body/Montage/Talk01.Talk01",
    "ExpressionMontage": "",
    "MouthSequence": ""
  },
  {
    "Id": 42001115,
    "ActionMontage": "/Game/Aki/Sequence/SequenceAnim/DialogAnim/FemaleS/Anke/Body/Montage/Promise01.Promise01",
    "ExpressionMontage": "",
    "MouthSequence": ""
  },
  {
    "Id": 42001116,
    "ActionMontage": "/Game/Aki/Sequence/SequenceAnim/DialogAnim/FemaleS/Anke/Body/Montage/Sit01.Sit01",
    "ExpressionMontage": "",
    "MouthSequence": ""
  },
  {
    "Id": 42001121,
    "ActionMontage": "/Game/Aki/Sequence/SequenceAnim/DialogAnim/FemaleS/Anke/Body/Montage/Stand01.Stand01",
    "ExpressionMontage": "",
    "MouthSequence": ""
  },
  {
    "Id": 42001122,
    "ActionMontage": "/Game/Aki/Sequence/SequenceAnim/DialogAnim/FemaleS/Anke/Body/Montage/Tsundere.Tsundere",
    "ExpressionMontage": "",
    "MouthSequence": ""
  },
  {
    "Id": 42001123,
    "ActionMontage": "/Game/Aki/Sequence/SequenceAnim/DialogAnim/FemaleS/Anke/Body/Montage/Thinking01.Thinking01",
    "ExpressionMontage": "",
    "MouthSequence": ""
  },
  {
    "Id": 42001124,
    "ActionMontage": "/Game/Aki/Sequence/SequenceAnim/DialogAnim/FemaleS/Anke/Body/Montage/Talk01.Talk01",
    "ExpressionMontage": "",
    "MouthSequence": ""
  },
  {
    "Id": 42001125,
    "ActionMontage": "/Game/Aki/Sequence/SequenceAnim/DialogAnim/FemaleS/Anke/Body/Montage/Promise01.Promise01",
    "ExpressionMontage": "",
    "MouthSequence": ""
  },
  {
    "Id": 42001126,
    "ActionMontage": "/Game/Aki/Sequence/SequenceAnim/DialogAnim/FemaleS/Anke/Body/Montage/Sit01.Sit01",
    "ExpressionMontage": "",
    "MouthSequence": ""
  },
  {
    "Id": 42001131,
    "ActionMontage": "/Game/Aki/Sequence/SequenceAnim/DialogAnim/FemaleS/Anke/Body/Montage/Stand01.Stand01",
    "ExpressionMontage": "",
    "MouthSequence": ""
  },
  {
    "Id": 42001132,
    "ActionMontage": "/Game/Aki/Sequence/SequenceAnim/DialogAnim/FemaleS/Anke/Body/Montage/Tsundere.Tsundere",
    "ExpressionMontage": "",
    "MouthSequence": ""
  },
  {
    "Id": 42001133,
    "ActionMontage": "/Game/Aki/Sequence/SequenceAnim/DialogAnim/FemaleS/Anke/Body/Montage/Thinking01.Thinking01",
    "ExpressionMontage": "",
    "MouthSequence": ""
  },
  {
    "Id": 42001134,
    "ActionMontage": "/Game/Aki/Sequence/SequenceAnim/DialogAnim/FemaleS/Anke/Body/Montage/Talk01.Talk01",
    "ExpressionMontage": "",
    "MouthSequence": ""
  },
  {
    "Id": 42001135,
    "ActionMontage": "/Game/Aki/Sequence/SequenceAnim/DialogAnim/FemaleS/Anke/Body/Montage/Promise01.Promise01",
    "ExpressionMontage": "",
    "MouthSequence": ""
  },
  {
    "Id": 42001136,
    "ActionMontage": "/Game/Aki/Sequence/SequenceAnim/DialogAnim/FemaleS/Anke/Body/Montage/Sit01.Sit01",
    "ExpressionMontage": "",
    "MouthSequence": ""
  },
  {
    "Id": 42001141,
    "ActionMontage": "/Game/Aki/Sequence/SequenceAnim/DialogAnim/FemaleS/Anke/Body/Montage/Stand01.Stand01",
    "ExpressionMontage": "",
    "MouthSequence": ""
  },
  {
    "Id": 42001142,
    "ActionMontage": "/Game/Aki/Sequence/SequenceAnim/DialogAnim/FemaleS/Anke/Body/Montage/Tsundere.Tsundere",
    "ExpressionMontage": "",
    "MouthSequence": ""
  },
  {
    "Id": 42001143,
    "ActionMontage": "/Game/Aki/Sequence/SequenceAnim/DialogAnim/FemaleS/Anke/Body/Montage/Thinking01.Thinking01",
    "ExpressionMontage": "",
    "MouthSequence": ""
  },
  {
    "Id": 42001144,
    "ActionMontage": "/Game/Aki/Sequence/SequenceAnim/DialogAnim/FemaleS/Anke/Body/Montage/Talk01.Talk01",
    "ExpressionMontage": "",
    "MouthSequence": ""
  },
  {
    "Id": 42001145,
    "ActionMontage": "/Game/Aki/Sequence/SequenceAnim/DialogAnim/FemaleS/Anke/Body/Montage/Promise01.Promise01",
    "ExpressionMontage": "",
    "MouthSequence": ""
  },
  {
    "Id": 42001146,
    "ActionMontage": "/Game/Aki/Sequence/SequenceAnim/DialogAnim/FemaleS/Anke/Body/Montage/Sit01.Sit01",
    "ExpressionMontage": "",
    "MouthSequence": ""
  },
  {
    "Id": 42001151,
    "ActionMontage": "/Game/Aki/Sequence/SequenceAnim/DialogAnim/FemaleS/Anke/Body/Montage/Stand01.Stand01",
    "ExpressionMontage": "",
    "MouthSequence": ""
  },
  {
    "Id": 42001152,
    "ActionMontage": "/Game/Aki/Sequence/SequenceAnim/DialogAnim/FemaleS/Anke/Body/Montage/Tsundere.Tsundere",
    "ExpressionMontage": "",
    "MouthSequence": ""
  },
  {
    "Id": 42001153,
    "ActionMontage": "/Game/Aki/Sequence/SequenceAnim/DialogAnim/FemaleS/Anke/Body/Montage/Thinking01.Thinking01",
    "ExpressionMontage": "",
    "MouthSequence": ""
  },
  {
    "Id": 42001154,
    "ActionMontage": "/Game/Aki/Sequence/SequenceAnim/DialogAnim/FemaleS/Anke/Body/Montage/Talk01.Talk01",
    "ExpressionMontage": "",
    "MouthSequence": ""
  },
  {
    "Id": 42001155,
    "ActionMontage": "/Game/Aki/Sequence/SequenceAnim/DialogAnim/FemaleS/Anke/Body/Montage/Promise01.Promise01",
    "ExpressionMontage": "",
    "MouthSequence": ""
  },
  {
    "Id": 42001156,
    "ActionMontage": "/Game/Aki/Sequence/SequenceAnim/DialogAnim/FemaleS/Anke/Body/Montage/Sit01.Sit01",
    "ExpressionMontage": "",
    "MouthSequence": ""
  },
  {
    "Id": 36,
    "ActionMontage": "/Game/Aki/Sequence/SequenceAnim/DialogAnim/FemaleM/Chixia/Body/Montage/Stand1.Stand1",
    "ExpressionMontage": "",
    "MouthSequence": ""
  },
  {
    "Id": 37,
    "ActionMontage": "/Game/Aki/Sequence/SequenceAnim/DialogAnim/FemaleM/Chixia/Body/Montage/Thinking01.Thinking01",
    "ExpressionMontage": "",
    "MouthSequence": ""
  },
  {
    "Id": 38,
    "ActionMontage": "/Game/Aki/Sequence/SequenceAnim/DialogAnim/FemaleM/Chixia/Body/Montage/Talk01.Talk01",
    "ExpressionMontage": "",
    "MouthSequence": ""
  },
  {
    "Id": 39,
    "ActionMontage": "/Game/Aki/Sequence/SequenceAnim/DialogAnim/FemaleM/Chixia/Body/Montage/Promise01.Promise01",
    "ExpressionMontage": "",
    "MouthSequence": ""
  },
  {
    "Id": 42002715,
    "ActionMontage": "/Game/Aki/Sequence/SequenceAnim/DialogAnim/FemaleM/Chixia/Body/Montage/Tsundere01.Tsundere01",
    "ExpressionMontage": "",
    "MouthSequence": ""
  },
  {
    "Id": 42002716,
    "ActionMontage": "/Game/Aki/Sequence/SequenceAnim/DialogAnim/FemaleM/Chixia/Body/Montage/Tsundere02.Tsundere02",
    "ExpressionMontage": "",
    "MouthSequence": ""
  },
  {
    "Id": 40,
    "ActionMontage": "/Game/Aki/Sequence/SequenceAnim/DialogAnim/FemaleM/Chixia/Body/Montage/Stand1.Stand1",
    "ExpressionMontage": "",
    "MouthSequence": ""
  },
  {
    "Id": 41,
    "ActionMontage": "/Game/Aki/Sequence/SequenceAnim/DialogAnim/FemaleM/Chixia/Body/Montage/Thinking01.Thinking01",
    "ExpressionMontage": "",
    "MouthSequence": ""
  },
  {
    "Id": 42,
    "ActionMontage": "/Game/Aki/Sequence/SequenceAnim/DialogAnim/FemaleM/Chixia/Body/Montage/Talk01.Talk01",
    "ExpressionMontage": "",
    "MouthSequence": ""
  },
  {
    "Id": 43,
    "ActionMontage": "/Game/Aki/Sequence/SequenceAnim/DialogAnim/FemaleM/Chixia/Body/Montage/Promise01.Promise01",
    "ExpressionMontage": "",
    "MouthSequence": ""
  },
  {
    "Id": 42002725,
    "ActionMontage": "/Game/Aki/Sequence/SequenceAnim/DialogAnim/FemaleM/Chixia/Body/Montage/Tsundere01.Tsundere01",
    "ExpressionMontage": "",
    "MouthSequence": ""
  },
  {
    "Id": 42002726,
    "ActionMontage": "/Game/Aki/Sequence/SequenceAnim/DialogAnim/FemaleM/Chixia/Body/Montage/Tsundere02.Tsundere02",
    "ExpressionMontage": "",
    "MouthSequence": ""
  },
  {
    "Id": 42002731,
    "ActionMontage": "/Game/Aki/Sequence/SequenceAnim/DialogAnim/FemaleM/Chixia/Body/Montage/Stand1.Stand1",
    "ExpressionMontage": "",
    "MouthSequence": ""
  },
  {
    "Id": 42002732,
    "ActionMontage": "/Game/Aki/Sequence/SequenceAnim/DialogAnim/FemaleM/Chixia/Body/Montage/Thinking01.Thinking01",
    "ExpressionMontage": "",
    "MouthSequence": ""
  },
  {
    "Id": 42002733,
    "ActionMontage": "/Game/Aki/Sequence/SequenceAnim/DialogAnim/FemaleM/Chixia/Body/Montage/Talk01.Talk01",
    "ExpressionMontage": "",
    "MouthSequence": ""
  },
  {
    "Id": 42002734,
    "ActionMontage": "/Game/Aki/Sequence/SequenceAnim/DialogAnim/FemaleM/Chixia/Body/Montage/Promise01.Promise01",
    "ExpressionMontage": "",
    "MouthSequence": ""
  },
  {
    "Id": 42002735,
    "ActionMontage": "/Game/Aki/Sequence/SequenceAnim/DialogAnim/FemaleM/Chixia/Body/Montage/Tsundere01.Tsundere01",
    "ExpressionMontage": "",
    "MouthSequence": ""
  },
  {
    "Id": 42002736,
    "ActionMontage": "/Game/Aki/Sequence/SequenceAnim/DialogAnim/FemaleM/Chixia/Body/Montage/Tsundere02.Tsundere02",
    "ExpressionMontage": "",
    "MouthSequence": ""
  },
  {
    "Id": 42002741,
    "ActionMontage": "/Game/Aki/Sequence/SequenceAnim/DialogAnim/FemaleM/Chixia/Body/Montage/Stand1.Stand1",
    "ExpressionMontage": "",
    "MouthSequence": ""
  },
  {
    "Id": 42002742,
    "ActionMontage": "/Game/Aki/Sequence/SequenceAnim/DialogAnim/FemaleM/Chixia/Body/Montage/Thinking01.Thinking01",
    "ExpressionMontage": "",
    "MouthSequence": ""
  },
  {
    "Id": 42002743,
    "ActionMontage": "/Game/Aki/Sequence/SequenceAnim/DialogAnim/FemaleM/Chixia/Body/Montage/Talk01.Talk01",
    "ExpressionMontage": "",
    "MouthSequence": ""
  },
  {
    "Id": 42002744,
    "ActionMontage": "/Game/Aki/Sequence/SequenceAnim/DialogAnim/FemaleM/Chixia/Body/Montage/Promise01.Promise01",
    "ExpressionMontage": "",
    "MouthSequence": ""
  },
  {
    "Id": 42002745,
    "ActionMontage": "/Game/Aki/Sequence/SequenceAnim/DialogAnim/FemaleM/Chixia/Body/Montage/Tsundere01.Tsundere01",
    "ExpressionMontage": "",
    "MouthSequence": ""
  },
  {
    "Id": 42002746,
    "ActionMontage": "/Game/Aki/Sequence/SequenceAnim/DialogAnim/FemaleM/Chixia/Body/Montage/Tsundere02.Tsundere02",
    "ExpressionMontage": "",
    "MouthSequence": ""
  },
  {
    "Id": 42002751,
    "ActionMontage": "/Game/Aki/Sequence/SequenceAnim/DialogAnim/FemaleM/Chixia/Body/Montage/Stand1.Stand1",
    "ExpressionMontage": "",
    "MouthSequence": ""
  },
  {
    "Id": 42002752,
    "ActionMontage": "/Game/Aki/Sequence/SequenceAnim/DialogAnim/FemaleM/Chixia/Body/Montage/Thinking01.Thinking01",
    "ExpressionMontage": "",
    "MouthSequence": ""
  },
  {
    "Id": 42002753,
    "ActionMontage": "/Game/Aki/Sequence/SequenceAnim/DialogAnim/FemaleM/Chixia/Body/Montage/Talk01.Talk01",
    "ExpressionMontage": "",
    "MouthSequence": ""
  },
  {
    "Id": 42002754,
    "ActionMontage": "/Game/Aki/Sequence/SequenceAnim/DialogAnim/FemaleM/Chixia/Body/Montage/Promise01.Promise01",
    "ExpressionMontage": "",
    "MouthSequence": ""
  },
  {
    "Id": 42002755,
    "ActionMontage": "/Game/Aki/Sequence/SequenceAnim/DialogAnim/FemaleM/Chixia/Body/Montage/Tsundere01.Tsundere01",
    "ExpressionMontage": "",
    "MouthSequence": ""
  },
  {
    "Id": 42002756,
    "ActionMontage": "/Game/Aki/Sequence/SequenceAnim/DialogAnim/FemaleM/Chixia/Body/Montage/Tsundere02.Tsundere02",
    "ExpressionMontage": "",
    "MouthSequence": ""
  },
  {
    "Id": 140,
    "ActionMontage": "/Game/Aki/Sequence/SequenceAnim/DialogAnim/FemaleM/Danjin/Body/Montage/Stand01.Stand01",
    "ExpressionMontage": "",
    "MouthSequence": ""
  },
  {
    "Id": 141,
    "ActionMontage": "/Game/Aki/Sequence/SequenceAnim/DialogAnim/FemaleM/Danjin/Body/Montage/Thinking01.Thinking01",
    "ExpressionMontage": "",
    "MouthSequence": ""
  },
  {
    "Id": 142,
    "ActionMontage": "/Game/Aki/Sequence/SequenceAnim/DialogAnim/FemaleM/Danjin/Body/Montage/Talk01.Talk01",
    "ExpressionMontage": "",
    "MouthSequence": ""
  },
  {
    "Id": 143,
    "ActionMontage": "/Game/Aki/Sequence/SequenceAnim/DialogAnim/FemaleM/Danjin/Body/Montage/Promise01.Promise01",
    "ExpressionMontage": "",
    "MouthSequence": ""
  },
  {
    "Id": 144,
    "ActionMontage": "/Game/Aki/Sequence/SequenceAnim/DialogAnim/FemaleM/Danjin/Body/Montage/Stand01.Stand01",
    "ExpressionMontage": "",
    "MouthSequence": ""
  },
  {
    "Id": 145,
    "ActionMontage": "/Game/Aki/Sequence/SequenceAnim/DialogAnim/FemaleM/Danjin/Body/Montage/Thinking01.Thinking01",
    "ExpressionMontage": "",
    "MouthSequence": ""
  },
  {
    "Id": 146,
    "ActionMontage": "/Game/Aki/Sequence/SequenceAnim/DialogAnim/FemaleM/Danjin/Body/Montage/Talk01.Talk01",
    "ExpressionMontage": "",
    "MouthSequence": ""
  },
  {
    "Id": 147,
    "ActionMontage": "/Game/Aki/Sequence/SequenceAnim/DialogAnim/FemaleM/Danjin/Body/Montage/Promise01.Promise01",
    "ExpressionMontage": "",
    "MouthSequence": ""
  },
  {
    "Id": 148,
    "ActionMontage": "/Game/Aki/Sequence/SequenceAnim/DialogAnim/FemaleM/Danjin/Body/Montage/Stand01.Stand01",
    "ExpressionMontage": "",
    "MouthSequence": ""
  },
  {
    "Id": 149,
    "ActionMontage": "/Game/Aki/Sequence/SequenceAnim/DialogAnim/FemaleM/Danjin/Body/Montage/Thinking01.Thinking01",
    "ExpressionMontage": "",
    "MouthSequence": ""
  },
  {
    "Id": 150,
    "ActionMontage": "/Game/Aki/Sequence/SequenceAnim/DialogAnim/FemaleM/Danjin/Body/Montage/Talk01.Talk01",
    "ExpressionMontage": "",
    "MouthSequence": ""
  },
  {
    "Id": 151,
    "ActionMontage": "/Game/Aki/Sequence/SequenceAnim/DialogAnim/FemaleM/Danjin/Body/Montage/Promise01.Promise01",
    "ExpressionMontage": "",
    "MouthSequence": ""
  },
  {
    "Id": 152,
    "ActionMontage": "/Game/Aki/Sequence/SequenceAnim/DialogAnim/FemaleM/Danjin/Body/Montage/Stand01.Stand01",
    "ExpressionMontage": "",
    "MouthSequence": ""
  },
  {
    "Id": 153,
    "ActionMontage": "/Game/Aki/Sequence/SequenceAnim/DialogAnim/FemaleM/Danjin/Body/Montage/Thinking01.Thinking01",
    "ExpressionMontage": "",
    "MouthSequence": ""
  },
  {
    "Id": 154,
    "ActionMontage": "/Game/Aki/Sequence/SequenceAnim/DialogAnim/FemaleM/Danjin/Body/Montage/Talk01.Talk01",
    "ExpressionMontage": "",
    "MouthSequence": ""
  },
  {
    "Id": 155,
    "ActionMontage": "/Game/Aki/Sequence/SequenceAnim/DialogAnim/FemaleM/Danjin/Body/Montage/Promise01.Promise01",
    "ExpressionMontage": "",
    "MouthSequence": ""
  },
  {
    "Id": 42003211,
    "ActionMontage": "/Game/Aki/Sequence/SequenceAnim/DialogAnim/FemaleM/Fuluoluo/Body/Montage/Stand01.Stand01",
    "ExpressionMontage": "",
    "MouthSequence": ""
  },
  {
    "Id": 42003212,
    "ActionMontage": "/Game/Aki/Sequence/SequenceAnim/DialogAnim/FemaleM/Fuluoluo/Body/Montage/Thinking01.Thinking01",
    "ExpressionMontage": "",
    "MouthSequence": ""
  },
  {
    "Id": 42003213,
    "ActionMontage": "/Game/Aki/Sequence/SequenceAnim/DialogAnim/FemaleM/Fuluoluo/Body/Montage/Talk01.Talk01",
    "ExpressionMontage": "",
    "MouthSequence": ""
  },
  {
    "Id": 42003214,
    "ActionMontage": "/Game/Aki/Sequence/SequenceAnim/DialogAnim/FemaleM/Fuluoluo/Body/Montage/Promise01.Promise01",
    "ExpressionMontage": "",
    "MouthSequence": ""
  },
  {
    "Id": 42003221,
    "ActionMontage": "/Game/Aki/Sequence/SequenceAnim/DialogAnim/FemaleM/Fuluoluo/Body/Montage/Stand01.Stand01",
    "ExpressionMontage": "",
    "MouthSequence": ""
  },
  {
    "Id": 42003222,
    "ActionMontage": "/Game/Aki/Sequence/SequenceAnim/DialogAnim/FemaleM/Fuluoluo/Body/Montage/Thinking01.Thinking01",
    "ExpressionMontage": "",
    "MouthSequence": ""
  },
  {
    "Id": 42003223,
    "ActionMontage": "/Game/Aki/Sequence/SequenceAnim/DialogAnim/FemaleM/Fuluoluo/Body/Montage/Talk01.Talk01",
    "ExpressionMontage": "",
    "MouthSequence": ""
  },
  {
    "Id": 42003224,
    "ActionMontage": "/Game/Aki/Sequence/SequenceAnim/DialogAnim/FemaleM/Fuluoluo/Body/Montage/Promise01.Promise01",
    "ExpressionMontage": "",
    "MouthSequence": ""
  },
  {
    "Id": 42003231,
    "ActionMontage": "/Game/Aki/Sequence/SequenceAnim/DialogAnim/FemaleM/Fuluoluo/Body/Montage/Stand01.Stand01",
    "ExpressionMontage": "",
    "MouthSequence": ""
  },
  {
    "Id": 42003232,
    "ActionMontage": "/Game/Aki/Sequence/SequenceAnim/DialogAnim/FemaleM/Fuluoluo/Body/Montage/Thinking01.Thinking01",
    "ExpressionMontage": "",
    "MouthSequence": ""
  },
  {
    "Id": 42003233,
    "ActionMontage": "/Game/Aki/Sequence/SequenceAnim/DialogAnim/FemaleM/Fuluoluo/Body/Montage/Talk01.Talk01",
    "ExpressionMontage": "",
    "MouthSequence": ""
  },
  {
    "Id": 42003234,
    "ActionMontage": "/Game/Aki/Sequence/SequenceAnim/DialogAnim/FemaleM/Fuluoluo/Body/Montage/Promise01.Promise01",
    "ExpressionMontage": "",
    "MouthSequence": ""
  },
  {
    "Id": 156,
    "ActionMontage": "/Game/Aki/Sequence/SequenceAnim/DialogAnim/FemaleM/Jinxi/Body/Montage/Stand01.Stand01",
    "ExpressionMontage": "",
    "MouthSequence": ""
  },
  {
    "Id": 157,
    "ActionMontage": "/Game/Aki/Sequence/SequenceAnim/DialogAnim/FemaleM/Jinxi/Body/Montage/Thinking01.Thinking01",
    "ExpressionMontage": "",
    "MouthSequence": ""
  },
  {
    "Id": 158,
    "ActionMontage": "/Game/Aki/Sequence/SequenceAnim/DialogAnim/FemaleM/Jinxi/Body/Montage/Talk01.Talk01",
    "ExpressionMontage": "",
    "MouthSequence": ""
  },
  {
    "Id": 159,
    "ActionMontage": "/Game/Aki/Sequence/SequenceAnim/DialogAnim/FemaleM/Jinxi/Body/Montage/Promise01.Promise01",
    "ExpressionMontage": "",
    "MouthSequence": ""
  },
  {
    "Id": 160,
    "ActionMontage": "/Game/Aki/Sequence/SequenceAnim/DialogAnim/FemaleM/Jinxi/Body/Montage/Stand01.Stand01",
    "ExpressionMontage": "",
    "MouthSequence": ""
  },
  {
    "Id": 161,
    "ActionMontage": "/Game/Aki/Sequence/SequenceAnim/DialogAnim/FemaleM/Jinxi/Body/Montage/Thinking01.Thinking01",
    "ExpressionMontage": "",
    "MouthSequence": ""
  },
  {
    "Id": 162,
    "ActionMontage": "/Game/Aki/Sequence/SequenceAnim/DialogAnim/FemaleM/Jinxi/Body/Montage/Talk01.Talk01",
    "ExpressionMontage": "",
    "MouthSequence": ""
  },
  {
    "Id": 163,
    "ActionMontage": "/Game/Aki/Sequence/SequenceAnim/DialogAnim/FemaleM/Jinxi/Body/Montage/Promise01.Promise01",
    "ExpressionMontage": "",
    "MouthSequence": ""
  },
  {
    "Id": 164,
    "ActionMontage": "/Game/Aki/Sequence/SequenceAnim/DialogAnim/FemaleM/Jinxi/Body/Montage/Stand01.Stand01",
    "ExpressionMontage": "",
    "MouthSequence": ""
  },
  {
    "Id": 165,
    "ActionMontage": "/Game/Aki/Sequence/SequenceAnim/DialogAnim/FemaleM/Jinxi/Body/Montage/Thinking01.Thinking01",
    "ExpressionMontage": "",
    "MouthSequence": ""
  },
  {
    "Id": 166,
    "ActionMontage": "/Game/Aki/Sequence/SequenceAnim/DialogAnim/FemaleM/Jinxi/Body/Montage/Talk01.Talk01",
    "ExpressionMontage": "",
    "MouthSequence": ""
  },
  {
    "Id": 167,
    "ActionMontage": "/Game/Aki/Sequence/SequenceAnim/DialogAnim/FemaleM/Jinxi/Body/Montage/Promise01.Promise01",
    "ExpressionMontage": "",
    "MouthSequence": ""
  },
  {
    "Id": 168,
    "ActionMontage": "/Game/Aki/Sequence/SequenceAnim/DialogAnim/FemaleM/Jinxi/Body/Montage/Stand01.Stand01",
    "ExpressionMontage": "",
    "MouthSequence": ""
  },
  {
    "Id": 169,
    "ActionMontage": "/Game/Aki/Sequence/SequenceAnim/DialogAnim/FemaleM/Jinxi/Body/Montage/Thinking01.Thinking01",
    "ExpressionMontage": "",
    "MouthSequence": ""
  },
  {
    "Id": 170,
    "ActionMontage": "/Game/Aki/Sequence/SequenceAnim/DialogAnim/FemaleM/Jinxi/Body/Montage/Talk01.Talk01",
    "ExpressionMontage": "",
    "MouthSequence": ""
  },
  {
    "Id": 171,
    "ActionMontage": "/Game/Aki/Sequence/SequenceAnim/DialogAnim/FemaleM/Jinxi/Body/Montage/Promise01.Promise01",
    "ExpressionMontage": "",
    "MouthSequence": ""
  },
  {
    "Id": 172,
    "ActionMontage": "/Game/Aki/Sequence/SequenceAnim/DialogAnim/FemaleM/Jinxi/Body/Montage/Stand01.Stand01",
    "ExpressionMontage": "",
    "MouthSequence": ""
  },
  {
    "Id": 173,
    "ActionMontage": "/Game/Aki/Sequence/SequenceAnim/DialogAnim/FemaleM/Jinxi/Body/Montage/Thinking01.Thinking01",
    "ExpressionMontage": "",
    "MouthSequence": ""
  },
  {
    "Id": 174,
    "ActionMontage": "/Game/Aki/Sequence/SequenceAnim/DialogAnim/FemaleM/Jinxi/Body/Montage/Talk01.Talk01",
    "ExpressionMontage": "",
    "MouthSequence": ""
  },
  {
    "Id": 175,
    "ActionMontage": "/Game/Aki/Sequence/SequenceAnim/DialogAnim/FemaleM/Jinxi/Body/Montage/Promise01.Promise01",
    "ExpressionMontage": "",
    "MouthSequence": ""
  },
  {
    "Id": 176,
    "ActionMontage": "/Game/Aki/Sequence/SequenceAnim/DialogAnim/FemaleM/Sanhua/Body/Montage/Stand01.Stand01",
    "ExpressionMontage": "",
    "MouthSequence": ""
  },
  {
    "Id": 177,
    "ActionMontage": "/Game/Aki/Sequence/SequenceAnim/DialogAnim/FemaleM/Sanhua/Body/Montage/Thinking01.Thinking01",
    "ExpressionMontage": "",
    "MouthSequence": ""
  },
  {
    "Id": 178,
    "ActionMontage": "/Game/Aki/Sequence/SequenceAnim/DialogAnim/FemaleM/Sanhua/Body/Montage/Talk01.Talk01",
    "ExpressionMontage": "",
    "MouthSequence": ""
  },
  {
    "Id": 179,
    "ActionMontage": "/Game/Aki/Sequence/SequenceAnim/DialogAnim/FemaleM/Sanhua/Body/Montage/Promise01.Promise01",
    "ExpressionMontage": "",
    "MouthSequence": ""
  },
  {
    "Id": 180,
    "ActionMontage": "/Game/Aki/Sequence/SequenceAnim/DialogAnim/FemaleM/Sanhua/Body/Montage/Stand01.Stand01",
    "ExpressionMontage": "",
    "MouthSequence": ""
  },
  {
    "Id": 181,
    "ActionMontage": "/Game/Aki/Sequence/SequenceAnim/DialogAnim/FemaleM/Sanhua/Body/Montage/Thinking01.Thinking01",
    "ExpressionMontage": "",
    "MouthSequence": ""
  },
  {
    "Id": 182,
    "ActionMontage": "/Game/Aki/Sequence/SequenceAnim/DialogAnim/FemaleM/Sanhua/Body/Montage/Talk01.Talk01",
    "ExpressionMontage": "",
    "MouthSequence": ""
  },
  {
    "Id": 183,
    "ActionMontage": "/Game/Aki/Sequence/SequenceAnim/DialogAnim/FemaleM/Sanhua/Body/Montage/Promise01.Promise01",
    "ExpressionMontage": "",
    "MouthSequence": ""
  },
  {
    "Id": 184,
    "ActionMontage": "/Game/Aki/Sequence/SequenceAnim/DialogAnim/FemaleM/Sanhua/Body/Montage/Stand01.Stand01",
    "ExpressionMontage": "",
    "MouthSequence": ""
  },
  {
    "Id": 185,
    "ActionMontage": "/Game/Aki/Sequence/SequenceAnim/DialogAnim/FemaleM/Sanhua/Body/Montage/Thinking01.Thinking01",
    "ExpressionMontage": "",
    "MouthSequence": ""
  },
  {
    "Id": 186,
    "ActionMontage": "/Game/Aki/Sequence/SequenceAnim/DialogAnim/FemaleM/Sanhua/Body/Montage/Talk01.Talk01",
    "ExpressionMontage": "",
    "MouthSequence": ""
  },
  {
    "Id": 187,
    "ActionMontage": "/Game/Aki/Sequence/SequenceAnim/DialogAnim/FemaleM/Sanhua/Body/Montage/Promise01.Promise01",
    "ExpressionMontage": "",
    "MouthSequence": ""
  },
  {
    "Id": 188,
    "ActionMontage": "/Game/Aki/Sequence/SequenceAnim/DialogAnim/FemaleM/Sanhua/Body/Montage/Stand01.Stand01",
    "ExpressionMontage": "",
    "MouthSequence": ""
  },
  {
    "Id": 189,
    "ActionMontage": "/Game/Aki/Sequence/SequenceAnim/DialogAnim/FemaleM/Sanhua/Body/Montage/Thinking01.Thinking01",
    "ExpressionMontage": "",
    "MouthSequence": ""
  },
  {
    "Id": 190,
    "ActionMontage": "/Game/Aki/Sequence/SequenceAnim/DialogAnim/FemaleM/Sanhua/Body/Montage/Talk01.Talk01",
    "ExpressionMontage": "",
    "MouthSequence": ""
  },
  {
    "Id": 191,
    "ActionMontage": "/Game/Aki/Sequence/SequenceAnim/DialogAnim/FemaleM/Sanhua/Body/Montage/Promise01.Promise01",
    "ExpressionMontage": "",
    "MouthSequence": ""
  },
  {
    "Id": 192,
    "ActionMontage": "/Game/Aki/Sequence/SequenceAnim/DialogAnim/FemaleM/Taoqi/Body/Montage/Stand01.Stand01",
    "ExpressionMontage": "",
    "MouthSequence": ""
  },
  {
    "Id": 193,
    "ActionMontage": "/Game/Aki/Sequence/SequenceAnim/DialogAnim/FemaleM/Taoqi/Body/Montage/Thinking01.Thinking01",
    "ExpressionMontage": "",
    "MouthSequence": ""
  },
  {
    "Id": 194,
    "ActionMontage": "/Game/Aki/Sequence/SequenceAnim/DialogAnim/FemaleM/Taoqi/Body/Montage/Talk01.Talk01",
    "ExpressionMontage": "",
    "MouthSequence": ""
  },
  {
    "Id": 195,
    "ActionMontage": "/Game/Aki/Sequence/SequenceAnim/DialogAnim/FemaleM/Taoqi/Body/Montage/Promise01.Promise01",
    "ExpressionMontage": "",
    "MouthSequence": ""
  },
  {
    "Id": 196,
    "ActionMontage": "/Game/Aki/Sequence/SequenceAnim/DialogAnim/FemaleM/Taoqi/Body/Montage/Stand01.Stand01",
    "ExpressionMontage": "",
    "MouthSequence": ""
  },
  {
    "Id": 197,
    "ActionMontage": "/Game/Aki/Sequence/SequenceAnim/DialogAnim/FemaleM/Taoqi/Body/Montage/Thinking01.Thinking01",
    "ExpressionMontage": "",
    "MouthSequence": ""
  },
  {
    "Id": 198,
    "ActionMontage": "/Game/Aki/Sequence/SequenceAnim/DialogAnim/FemaleM/Taoqi/Body/Montage/Talk01.Talk01",
    "ExpressionMontage": "",
    "MouthSequence": ""
  },
  {
    "Id": 199,
    "ActionMontage": "/Game/Aki/Sequence/SequenceAnim/DialogAnim/FemaleM/Taoqi/Body/Montage/Promise01.Promise01",
    "ExpressionMontage": "",
    "MouthSequence": ""
  },
  {
    "Id": 200,
    "ActionMontage": "/Game/Aki/Sequence/SequenceAnim/DialogAnim/FemaleM/Taoqi/Body/Montage/Stand01.Stand01",
    "ExpressionMontage": "",
    "MouthSequence": ""
  },
  {
    "Id": 201,
    "ActionMontage": "/Game/Aki/Sequence/SequenceAnim/DialogAnim/FemaleM/Taoqi/Body/Montage/Thinking01.Thinking01",
    "ExpressionMontage": "",
    "MouthSequence": ""
  },
  {
    "Id": 202,
    "ActionMontage": "/Game/Aki/Sequence/SequenceAnim/DialogAnim/FemaleM/Taoqi/Body/Montage/Talk01.Talk01",
    "ExpressionMontage": "",
    "MouthSequence": ""
  },
  {
    "Id": 203,
    "ActionMontage": "/Game/Aki/Sequence/SequenceAnim/DialogAnim/FemaleM/Taoqi/Body/Montage/Promise01.Promise01",
    "ExpressionMontage": "",
    "MouthSequence": ""
  },
  {
    "Id": 204,
    "ActionMontage": "/Game/Aki/Sequence/SequenceAnim/DialogAnim/FemaleM/Taoqi/Body/Montage/Stand01.Stand01",
    "ExpressionMontage": "",
    "MouthSequence": ""
  },
  {
    "Id": 205,
    "ActionMontage": "/Game/Aki/Sequence/SequenceAnim/DialogAnim/FemaleM/Taoqi/Body/Montage/Thinking01.Thinking01",
    "ExpressionMontage": "",
    "MouthSequence": ""
  },
  {
    "Id": 206,
    "ActionMontage": "/Game/Aki/Sequence/SequenceAnim/DialogAnim/FemaleM/Taoqi/Body/Montage/Talk01.Talk01",
    "ExpressionMontage": "",
    "MouthSequence": ""
  },
  {
    "Id": 207,
    "ActionMontage": "/Game/Aki/Sequence/SequenceAnim/DialogAnim/FemaleM/Taoqi/Body/Montage/Promise01.Promise01",
    "ExpressionMontage": "",
    "MouthSequence": ""
  },
  {
    "Id": 1,
    "ActionMontage": "/Game/Aki/Sequence/SequenceAnim/DialogAnim/FemaleM/Yangyang/Body/Montage/Stand01.Stand01",
    "ExpressionMontage": "",
    "MouthSequence": ""
  },
  {
    "Id": 2,
    "ActionMontage": "/Game/Aki/Sequence/SequenceAnim/DialogAnim/FemaleM/Yangyang/Body/Montage/Takeout01.Takeout01",
    "ExpressionMontage": "",
    "MouthSequence": ""
  },
  {
    "Id": 3,
    "ActionMontage": "/Game/Aki/Sequence/SequenceAnim/DialogAnim/FemaleM/Yangyang/Body/Montage/Thinking01.Thinking01",
    "ExpressionMontage": "",
    "MouthSequence": ""
  },
  {
    "Id": 4,
    "ActionMontage": "/Game/Aki/Sequence/SequenceAnim/DialogAnim/FemaleM/Yangyang/Body/Montage/Talk01.Talk01",
    "ExpressionMontage": "",
    "MouthSequence": ""
  },
  {
    "Id": 5,
    "ActionMontage": "/Game/Aki/Sequence/SequenceAnim/DialogAnim/FemaleM/Yangyang/Body/Montage/Promise01.Promise01",
    "ExpressionMontage": "",
    "MouthSequence": ""
  },
  {
    "Id": 6,
    "ActionMontage": "/Game/Aki/Sequence/SequenceAnim/DialogAnim/FemaleM/Yangyang/Body/Montage/Stand01.Stand01",
    "ExpressionMontage": "",
    "MouthSequence": ""
  },
  {
    "Id": 7,
    "ActionMontage": "/Game/Aki/Sequence/SequenceAnim/DialogAnim/FemaleM/Yangyang/Body/Montage/Takeout01.Takeout01",
    "ExpressionMontage": "",
    "MouthSequence": ""
  },
  {
    "Id": 8,
    "ActionMontage": "/Game/Aki/Sequence/SequenceAnim/DialogAnim/FemaleM/Yangyang/Body/Montage/Thinking01.Thinking01",
    "ExpressionMontage": "",
    "MouthSequence": ""
  },
  {
    "Id": 9,
    "ActionMontage": "/Game/Aki/Sequence/SequenceAnim/DialogAnim/FemaleM/Yangyang/Body/Montage/Talk01.Talk01",
    "ExpressionMontage": "",
    "MouthSequence": ""
  },
  {
    "Id": 10,
    "ActionMontage": "/Game/Aki/Sequence/SequenceAnim/DialogAnim/FemaleM/Yangyang/Body/Montage/Promise01.Promise01",
    "ExpressionMontage": "",
    "MouthSequence": ""
  },
  {
    "Id": 11,
    "ActionMontage": "/Game/Aki/Sequence/SequenceAnim/DialogAnim/FemaleM/Yangyang/Body/Montage/Stand01.Stand01",
    "ExpressionMontage": "",
    "MouthSequence": ""
  },
  {
    "Id": 12,
    "ActionMontage": "/Game/Aki/Sequence/SequenceAnim/DialogAnim/FemaleM/Yangyang/Body/Montage/Takeout01.Takeout01",
    "ExpressionMontage": "",
    "MouthSequence": ""
  },
  {
    "Id": 13,
    "ActionMontage": "/Game/Aki/Sequence/SequenceAnim/DialogAnim/FemaleM/Yangyang/Body/Montage/Thinking01.Thinking01",
    "ExpressionMontage": "",
    "MouthSequence": ""
  },
  {
    "Id": 14,
    "ActionMontage": "/Game/Aki/Sequence/SequenceAnim/DialogAnim/FemaleM/Yangyang/Body/Montage/Talk01.Talk01",
    "ExpressionMontage": "",
    "MouthSequence": ""
  },
  {
    "Id": 15,
    "ActionMontage": "/Game/Aki/Sequence/SequenceAnim/DialogAnim/FemaleM/Yangyang/Body/Montage/Promise01.Promise01",
    "ExpressionMontage": "",
    "MouthSequence": ""
  },
  {
    "Id": 16,
    "ActionMontage": "/Game/Aki/Sequence/SequenceAnim/DialogAnim/FemaleM/Yangyang/Body/Montage/Stand01.Stand01",
    "ExpressionMontage": "",
    "MouthSequence": ""
  },
  {
    "Id": 17,
    "ActionMontage": "/Game/Aki/Sequence/SequenceAnim/DialogAnim/FemaleM/Yangyang/Body/Montage/Takeout01.Takeout01",
    "ExpressionMontage": "",
    "MouthSequence": ""
  },
  {
    "Id": 18,
    "ActionMontage": "/Game/Aki/Sequence/SequenceAnim/DialogAnim/FemaleM/Yangyang/Body/Montage/Thinking01.Thinking01",
    "ExpressionMontage": "",
    "MouthSequence": ""
  },
  {
    "Id": 19,
    "ActionMontage": "/Game/Aki/Sequence/SequenceAnim/DialogAnim/FemaleM/Yangyang/Body/Montage/Talk01.Talk01",
    "ExpressionMontage": "",
    "MouthSequence": ""
  },
  {
    "Id": 20,
    "ActionMontage": "/Game/Aki/Sequence/SequenceAnim/DialogAnim/FemaleM/Yangyang/Body/Montage/Promise01.Promise01",
    "ExpressionMontage": "",
    "MouthSequence": ""
  },
  {
    "Id": 21,
    "ActionMontage": "/Game/Aki/Sequence/SequenceAnim/DialogAnim/FemaleM/Yangyang/Body/Montage/Stand01.Stand01",
    "ExpressionMontage": "",
    "MouthSequence": ""
  },
  {
    "Id": 22,
    "ActionMontage": "/Game/Aki/Sequence/SequenceAnim/DialogAnim/FemaleM/Yangyang/Body/Montage/Takeout01.Takeout01",
    "ExpressionMontage": "",
    "MouthSequence": ""
  },
  {
    "Id": 23,
    "ActionMontage": "/Game/Aki/Sequence/SequenceAnim/DialogAnim/FemaleM/Yangyang/Body/Montage/Thinking01.Thinking01",
    "ExpressionMontage": "",
    "MouthSequence": ""
  },
  {
    "Id": 24,
    "ActionMontage": "/Game/Aki/Sequence/SequenceAnim/DialogAnim/FemaleM/Yangyang/Body/Montage/Talk01.Talk01",
    "ExpressionMontage": "",
    "MouthSequence": ""
  },
  {
    "Id": 25,
    "ActionMontage": "/Game/Aki/Sequence/SequenceAnim/DialogAnim/FemaleM/Yangyang/Body/Montage/Promise01.Promise01",
    "ExpressionMontage": "",
    "MouthSequence": ""
  },
  {
    "Id": 26,
    "ActionMontage": "/Game/Aki/Sequence/SequenceAnim/DialogAnim/FemaleM/Yangyang/Body/Montage/Stand01.Stand01",
    "ExpressionMontage": "",
    "MouthSequence": ""
  },
  {
    "Id": 27,
    "ActionMontage": "/Game/Aki/Sequence/SequenceAnim/DialogAnim/FemaleM/Yangyang/Body/Montage/Takeout01.Takeout01",
    "ExpressionMontage": "",
    "MouthSequence": ""
  },
  {
    "Id": 28,
    "ActionMontage": "/Game/Aki/Sequence/SequenceAnim/DialogAnim/FemaleM/Yangyang/Body/Montage/Thinking01.Thinking01",
    "ExpressionMontage": "",
    "MouthSequence": ""
  },
  {
    "Id": 29,
    "ActionMontage": "/Game/Aki/Sequence/SequenceAnim/DialogAnim/FemaleM/Yangyang/Body/Montage/Talk01.Talk01",
    "ExpressionMontage": "",
    "MouthSequence": ""
  },
  {
    "Id": 30,
    "ActionMontage": "/Game/Aki/Sequence/SequenceAnim/DialogAnim/FemaleM/Yangyang/Body/Montage/Promise01.Promise01",
    "ExpressionMontage": "",
    "MouthSequence": ""
  },
  {
    "Id": 31,
    "ActionMontage": "/Game/Aki/Sequence/SequenceAnim/DialogAnim/FemaleM/Yangyang/Body/Montage/Stand01.Stand01",
    "ExpressionMontage": "",
    "MouthSequence": ""
  },
  {
    "Id": 32,
    "ActionMontage": "/Game/Aki/Sequence/SequenceAnim/DialogAnim/FemaleM/Yangyang/Body/Montage/Takeout01.Takeout01",
    "ExpressionMontage": "",
    "MouthSequence": ""
  },
  {
    "Id": 33,
    "ActionMontage": "/Game/Aki/Sequence/SequenceAnim/DialogAnim/FemaleM/Yangyang/Body/Montage/Thinking01.Thinking01",
    "ExpressionMontage": "",
    "MouthSequence": ""
  },
  {
    "Id": 34,
    "ActionMontage": "/Game/Aki/Sequence/SequenceAnim/DialogAnim/FemaleM/Yangyang/Body/Montage/Talk01.Talk01",
    "ExpressionMontage": "",
    "MouthSequence": ""
  },
  {
    "Id": 35,
    "ActionMontage": "/Game/Aki/Sequence/SequenceAnim/DialogAnim/FemaleM/Yangyang/Body/Montage/Promise01.Promise01",
    "ExpressionMontage": "",
    "MouthSequence": ""
  },
  {
    "Id": 44,
    "ActionMontage": "/Game/Aki/Sequence/SequenceAnim/DialogAnim/FemaleXL/Bailian/Body/Montage/Stand01.Stand01",
    "ExpressionMontage": "",
    "MouthSequence": ""
  },
  {
    "Id": 45,
    "ActionMontage": "/Game/Aki/Sequence/SequenceAnim/DialogAnim/FemaleXL/Bailian/Body/Montage/Thinking01.Thinking01",
    "ExpressionMontage": "",
    "MouthSequence": ""
  },
  {
    "Id": 46,
    "ActionMontage": "/Game/Aki/Sequence/SequenceAnim/DialogAnim/FemaleXL/Bailian/Body/Montage/Talk01.Talk01",
    "ExpressionMontage": "",
    "MouthSequence": ""
  },
  {
    "Id": 47,
    "ActionMontage": "/Game/Aki/Sequence/SequenceAnim/DialogAnim/FemaleXL/Bailian/Body/Montage/Promise01.Promise01",
    "ExpressionMontage": "",
    "MouthSequence": ""
  },
  {
    "Id": 42002215,
    "ActionMontage": "/Game/Aki/Sequence/SequenceAnim/DialogAnim/FemaleXL/Bailian/Body/Montage/Takeout01.Takeout01",
    "ExpressionMontage": "",
    "MouthSequence": ""
  },
  {
    "Id": 48,
    "ActionMontage": "/Game/Aki/Sequence/SequenceAnim/DialogAnim/FemaleXL/Bailian/Body/Montage/Stand01.Stand01",
    "ExpressionMontage": "",
    "MouthSequence": ""
  },
  {
    "Id": 49,
    "ActionMontage": "/Game/Aki/Sequence/SequenceAnim/DialogAnim/FemaleXL/Bailian/Body/Montage/Thinking01.Thinking01",
    "ExpressionMontage": "",
    "MouthSequence": ""
  },
  {
    "Id": 50,
    "ActionMontage": "/Game/Aki/Sequence/SequenceAnim/DialogAnim/FemaleXL/Bailian/Body/Montage/Talk01.Talk01",
    "ExpressionMontage": "",
    "MouthSequence": ""
  },
  {
    "Id": 51,
    "ActionMontage": "/Game/Aki/Sequence/SequenceAnim/DialogAnim/FemaleXL/Bailian/Body/Montage/Promise01.Promise01",
    "ExpressionMontage": "",
    "MouthSequence": ""
  },
  {
    "Id": 42002225,
    "ActionMontage": "/Game/Aki/Sequence/SequenceAnim/DialogAnim/FemaleXL/Bailian/Body/Montage/Takeout01.Takeout01",
    "ExpressionMontage": "",
    "MouthSequence": ""
  },
  {
    "Id": 42002231,
    "ActionMontage": "/Game/Aki/Sequence/SequenceAnim/DialogAnim/FemaleXL/Bailian/Body/Montage/Stand01.Stand01",
    "ExpressionMontage": "",
    "MouthSequence": ""
  },
  {
    "Id": 42002232,
    "ActionMontage": "/Game/Aki/Sequence/SequenceAnim/DialogAnim/FemaleXL/Bailian/Body/Montage/Thinking01.Thinking01",
    "ExpressionMontage": "",
    "MouthSequence": ""
  },
  {
    "Id": 42002233,
    "ActionMontage": "/Game/Aki/Sequence/SequenceAnim/DialogAnim/FemaleXL/Bailian/Body/Montage/Talk01.Talk01",
    "ExpressionMontage": "",
    "MouthSequence": ""
  },
  {
    "Id": 42002234,
    "ActionMontage": "/Game/Aki/Sequence/SequenceAnim/DialogAnim/FemaleXL/Bailian/Body/Montage/Promise01.Promise01",
    "ExpressionMontage": "",
    "MouthSequence": ""
  },
  {
    "Id": 42002235,
    "ActionMontage": "/Game/Aki/Sequence/SequenceAnim/DialogAnim/FemaleXL/Bailian/Body/Montage/Takeout01.Takeout01",
    "ExpressionMontage": "",
    "MouthSequence": ""
  },
  {
    "Id": 92,
    "ActionMontage": "/Game/Aki/Sequence/SequenceAnim/DialogAnim/FemaleM/Nvzhu/Body/Montage/Stand01.Stand01",
    "ExpressionMontage": "",
    "MouthSequence": ""
  },
  {
    "Id": 93,
    "ActionMontage": "/Game/Aki/Sequence/SequenceAnim/DialogAnim/MaleM/Nanzhu/Body/Montage/Stand01.Stand01",
    "ExpressionMontage": "",
    "MouthSequence": ""
  },
  {
    "Id": 94,
    "ActionMontage": "/Game/Aki/Sequence/SequenceAnim/DialogAnim/FemaleM/Nvzhu/Body/Montage/Takeout01.Takeout01",
    "ExpressionMontage": "",
    "MouthSequence": ""
  },
  {
    "Id": 95,
    "ActionMontage": "/Game/Aki/Sequence/SequenceAnim/DialogAnim/MaleM/Nanzhu/Body/Montage/Takeout01.Takeout01",
    "ExpressionMontage": "",
    "MouthSequence": ""
  },
  {
    "Id": 96,
    "ActionMontage": "/Game/Aki/Sequence/SequenceAnim/DialogAnim/FemaleM/Nvzhu/Body/Montage/Thinking01.Thinking01",
    "ExpressionMontage": "",
    "MouthSequence": ""
  },
  {
    "Id": 97,
    "ActionMontage": "/Game/Aki/Sequence/SequenceAnim/DialogAnim/MaleM/Nanzhu/Body/Montage/Thinking01.Thinking01",
    "ExpressionMontage": "",
    "MouthSequence": ""
  },
  {
    "Id": 98,
    "ActionMontage": "/Game/Aki/Sequence/SequenceAnim/DialogAnim/FemaleM/Nvzhu/Body/Montage/Talk01.Talk01",
    "ExpressionMontage": "",
    "MouthSequence": ""
  },
  {
    "Id": 99,
    "ActionMontage": "/Game/Aki/Sequence/SequenceAnim/DialogAnim/MaleM/Nanzhu/Body/Montage/Talk01.Talk01",
    "ExpressionMontage": "",
    "MouthSequence": ""
  },
  {
    "Id": 42003302,
    "ActionMontage": "/Game/Aki/Sequence/SequenceAnim/DialogAnim/FemaleM/Nvzhu/Body/Montage/Talk02.Talk02",
    "ExpressionMontage": "",
    "MouthSequence": ""
  },
  {
    "Id": 42003303,
    "ActionMontage": "/Game/Aki/Sequence/SequenceAnim/DialogAnim/MaleM/Nanzhu/Body/Montage/Talk02.Talk02",
    "ExpressionMontage": "",
    "MouthSequence": ""
  },
  {
    "Id": 100,
    "ActionMontage": "/Game/Aki/Sequence/SequenceAnim/DialogAnim/FemaleM/Nvzhu/Body/Montage/Promise01.Promise01",
    "ExpressionMontage": "",
    "MouthSequence": ""
  },
  {
    "Id": 101,
    "ActionMontage": "/Game/Aki/Sequence/SequenceAnim/DialogAnim/MaleM/Nanzhu/Body/Montage/Promise01.Promise01",
    "ExpressionMontage": "",
    "MouthSequence": ""
  },
  {
    "Id": 102,
    "ActionMontage": "/Game/Aki/Sequence/SequenceAnim/DialogAnim/FemaleM/Nvzhu/Body/Montage/Weakness01.Weakness01",
    "ExpressionMontage": "",
    "MouthSequence": ""
  },
  {
    "Id": 103,
    "ActionMontage": "/Game/Aki/Sequence/SequenceAnim/DialogAnim/MaleM/Nanzhu/Body/Montage/weakness01.weakness01",
    "ExpressionMontage": "",
    "MouthSequence": ""
  },
  {
    "Id": 42003310,
    "ActionMontage": "/Game/Aki/Sequence/SequenceAnim/DialogAnim/FemaleM/Nvzhu/Body/Montage/Weakness02.Weakness02",
    "ExpressionMontage": "",
    "MouthSequence": ""
  },
  {
    "Id": 42003311,
    "ActionMontage": "/Game/Aki/Sequence/SequenceAnim/DialogAnim/MaleM/Nanzhu/Body/Montage/Weakness02.Weakness02",
    "ExpressionMontage": "",
    "MouthSequence": ""
  },
  {
    "Id": 42003264,
    "ActionMontage": "/Game/Aki/Sequence/SequenceAnim/DialogAnim/FemaleM/Nvzhu/Body/Montage/Bend01.Bend01",
    "ExpressionMontage": "",
    "MouthSequence": ""
  },
  {
    "Id": 42003265,
    "ActionMontage": "/Game/Aki/Sequence/SequenceAnim/DialogAnim/MaleM/Nanzhu/Body/Montage/Bend01.Bend01",
    "ExpressionMontage": "",
    "MouthSequence": ""
  },
  {
    "Id": 42003266,
    "ActionMontage": "/Game/Aki/Sequence/SequenceAnim/DialogAnim/FemaleM/Nvzhu/Body/Montage/Calm01.Calm01",
    "ExpressionMontage": "",
    "MouthSequence": ""
  },
  {
    "Id": 42003267,
    "ActionMontage": "/Game/Aki/Sequence/SequenceAnim/DialogAnim/MaleM/Nanzhu/Body/Montage/Calm01.Calm01",
    "ExpressionMontage": "",
    "MouthSequence": ""
  },
  {
    "Id": 42003268,
    "ActionMontage": "/Game/Aki/Sequence/SequenceAnim/DialogAnim/FemaleM/Nvzhu/Body/Montage/Check01.Check01",
    "ExpressionMontage": "",
    "MouthSequence": ""
  },
  {
    "Id": 42003269,
    "ActionMontage": "/Game/Aki/Sequence/SequenceAnim/DialogAnim/MaleM/Nanzhu/Body/Montage/Cheek01.Cheek01",
    "ExpressionMontage": "",
    "MouthSequence": ""
  },
  {
    "Id": 42003270,
    "ActionMontage": "/Game/Aki/Sequence/SequenceAnim/DialogAnim/FemaleM/Nvzhu/Body/Montage/Cheer01.Cheer01",
    "ExpressionMontage": "",
    "MouthSequence": ""
  },
  {
    "Id": 42003271,
    "ActionMontage": "/Game/Aki/Sequence/SequenceAnim/DialogAnim/MaleM/Nanzhu/Body/Montage/Cheer01.Cheer01",
    "ExpressionMontage": "",
    "MouthSequence": ""
  },
  {
    "Id": 42003272,
    "ActionMontage": "/Game/Aki/Sequence/SequenceAnim/DialogAnim/FemaleM/Nvzhu/Body/Montage/Complain01.Complain01",
    "ExpressionMontage": "",
    "MouthSequence": ""
  },
  {
    "Id": 42003273,
    "ActionMontage": "/Game/Aki/Sequence/SequenceAnim/DialogAnim/MaleM/Nanzhu/Body/Montage/Complain01.Complain01",
    "ExpressionMontage": "",
    "MouthSequence": ""
  },
  {
    "Id": 42003274,
    "ActionMontage": "/Game/Aki/Sequence/SequenceAnim/DialogAnim/FemaleM/Nvzhu/Body/Montage/Elevate01.Elevate01",
    "ExpressionMontage": "",
    "MouthSequence": ""
  },
  {
    "Id": 42003275,
    "ActionMontage": "/Game/Aki/Sequence/SequenceAnim/DialogAnim/MaleM/Nanzhu/Body/Montage/Elevate01.Elevate01",
    "ExpressionMontage": "",
    "MouthSequence": ""
  },
  {
    "Id": 42003276,
    "ActionMontage": "/Game/Aki/Sequence/SequenceAnim/DialogAnim/FemaleM/Nvzhu/Body/Montage/Elevate02.Elevate02",
    "ExpressionMontage": "",
    "MouthSequence": ""
  },
  {
    "Id": 42003277,
    "ActionMontage": "/Game/Aki/Sequence/SequenceAnim/DialogAnim/MaleM/Nanzhu/Body/Montage/Elevate02.Elevate02",
    "ExpressionMontage": "",
    "MouthSequence": ""
  },
  {
    "Id": 42003278,
    "ActionMontage": "/Game/Aki/Sequence/SequenceAnim/DialogAnim/FemaleM/Nvzhu/Body/Montage/Embarrassment01.Embarrassment01",
    "ExpressionMontage": "",
    "MouthSequence": ""
  },
  {
    "Id": 42003279,
    "ActionMontage": "/Game/Aki/Sequence/SequenceAnim/DialogAnim/MaleM/Nanzhu/Body/Montage/Embarrassment01.Embarrassment01",
    "ExpressionMontage": "",
    "MouthSequence": ""
  },
  {
    "Id": 42003280,
    "ActionMontage": "/Game/Aki/Sequence/SequenceAnim/DialogAnim/FemaleM/Nvzhu/Body/Montage/Fool01.Fool01",
    "ExpressionMontage": "",
    "MouthSequence": ""
  },
  {
    "Id": 42003281,
    "ActionMontage": "/Game/Aki/Sequence/SequenceAnim/DialogAnim/MaleM/Nanzhu/Body/Montage/Fool01.Fool01",
    "ExpressionMontage": "",
    "MouthSequence": ""
  },
  {
    "Id": 42003282,
    "ActionMontage": "/Game/Aki/Sequence/SequenceAnim/DialogAnim/FemaleM/Nvzhu/Body/Montage/Good01.Good01",
    "ExpressionMontage": "",
    "MouthSequence": ""
  },
  {
    "Id": 42003283,
    "ActionMontage": "/Game/Aki/Sequence/SequenceAnim/DialogAnim/MaleM/Nanzhu/Body/Montage/Good01.Good01",
    "ExpressionMontage": "",
    "MouthSequence": ""
  },
  {
    "Id": 42003284,
    "ActionMontage": "/Game/Aki/Sequence/SequenceAnim/DialogAnim/FemaleM/Nvzhu/Body/Montage/Greetings01.Greetings01",
    "ExpressionMontage": "",
    "MouthSequence": ""
  },
  {
    "Id": 42003285,
    "ActionMontage": "/Game/Aki/Sequence/SequenceAnim/DialogAnim/MaleM/Nanzhu/Body/Montage/Greetings01.Greetings01",
    "ExpressionMontage": "",
    "MouthSequence": ""
  },
  {
    "Id": 42003286,
    "ActionMontage": "/Game/Aki/Sequence/SequenceAnim/DialogAnim/FemaleM/Nvzhu/Body/Montage/No01.No01",
    "ExpressionMontage": "",
    "MouthSequence": ""
  },
  {
    "Id": 42003287,
    "ActionMontage": "/Game/Aki/Sequence/SequenceAnim/DialogAnim/MaleM/Nanzhu/Body/Montage/No01.No01",
    "ExpressionMontage": "",
    "MouthSequence": ""
  },
  {
    "Id": 42003288,
    "ActionMontage": "/Game/Aki/Sequence/SequenceAnim/DialogAnim/FemaleM/Nvzhu/Body/Montage/Readiness01.Readiness01",
    "ExpressionMontage": "",
    "MouthSequence": ""
  },
  {
    "Id": 42003289,
    "ActionMontage": "/Game/Aki/Sequence/SequenceAnim/DialogAnim/MaleM/Nanzhu/Body/Montage/Readiness01.Readiness01",
    "ExpressionMontage": "",
    "MouthSequence": ""
  },
  {
    "Id": 42003290,
    "ActionMontage": "/Game/Aki/Sequence/SequenceAnim/DialogAnim/FemaleM/Nvzhu/Body/Montage/Request01.Request01",
    "ExpressionMontage": "",
    "MouthSequence": ""
  },
  {
    "Id": 42003291,
    "ActionMontage": "/Game/Aki/Sequence/SequenceAnim/DialogAnim/MaleM/Nanzhu/Body/Montage/Request01.Request01",
    "ExpressionMontage": "",
    "MouthSequence": ""
  },
  {
    "Id": 42003292,
    "ActionMontage": "/Game/Aki/Sequence/SequenceAnim/DialogAnim/FemaleM/Nvzhu/Body/Montage/Scare01.Scare01",
    "ExpressionMontage": "",
    "MouthSequence": ""
  },
  {
    "Id": 42003293,
    "ActionMontage": "/Game/Aki/Sequence/SequenceAnim/DialogAnim/MaleM/Nanzhu/Body/Montage/Scare01.Scare01",
    "ExpressionMontage": "",
    "MouthSequence": ""
  },
  {
    "Id": 42003294,
    "ActionMontage": "/Game/Aki/Sequence/SequenceAnim/DialogAnim/FemaleM/Nvzhu/Body/Montage/Sit01.Sit01",
    "ExpressionMontage": "",
    "MouthSequence": ""
  },
  {
    "Id": 42003295,
    "ActionMontage": "/Game/Aki/Sequence/SequenceAnim/DialogAnim/MaleM/Nanzhu/Body/Montage/Sit01.Sit01",
    "ExpressionMontage": "",
    "MouthSequence": ""
  },
  {
    "Id": 42003296,
    "ActionMontage": "/Game/Aki/Sequence/SequenceAnim/DialogAnim/FemaleM/Nvzhu/Body/Montage/Squat01.Squat01",
    "ExpressionMontage": "",
    "MouthSequence": ""
  },
  {
    "Id": 42003297,
    "ActionMontage": "/Game/Aki/Sequence/SequenceAnim/DialogAnim/MaleM/Nanzhu/Body/Montage/Squat01.Squat01",
    "ExpressionMontage": "",
    "MouthSequence": ""
  },
  {
    "Id": 42003298,
    "ActionMontage": "/Game/Aki/Sequence/SequenceAnim/DialogAnim/FemaleM/Nvzhu/Body/Montage/Squat02.Squat02",
    "ExpressionMontage": "",
    "MouthSequence": ""
  },
  {
    "Id": 42003299,
    "ActionMontage": "/Game/Aki/Sequence/SequenceAnim/DialogAnim/MaleM/Nanzhu/Body/Montage/Squat02.Squat02",
    "ExpressionMontage": "",
    "MouthSequence": ""
  },
  {
    "Id": 42003300,
    "ActionMontage": "/Game/Aki/Sequence/SequenceAnim/DialogAnim/FemaleM/Nvzhu/Body/Montage/Support01.Support01",
    "ExpressionMontage": "",
    "MouthSequence": ""
  },
  {
    "Id": 42003301,
    "ActionMontage": "/Game/Aki/Sequence/SequenceAnim/DialogAnim/MaleM/Nanzhu/Body/Montage/Support01.Support01",
    "ExpressionMontage": "",
    "MouthSequence": ""
  },
  {
    "Id": 42003304,
    "ActionMontage": "/Game/Aki/Sequence/SequenceAnim/DialogAnim/FemaleM/Nvzhu/Body/Montage/Touch01.Touch01",
    "ExpressionMontage": "",
    "MouthSequence": ""
  },
  {
    "Id": 42003305,
    "ActionMontage": "/Game/Aki/Sequence/SequenceAnim/DialogAnim/MaleM/Nanzhu/Body/Montage/Touch01.Touch01",
    "ExpressionMontage": "",
    "MouthSequence": ""
  },
  {
    "Id": 42003306,
    "ActionMontage": "/Game/Aki/Sequence/SequenceAnim/DialogAnim/FemaleM/Nvzhu/Body/Montage/Tsundere01.Tsundere01",
    "ExpressionMontage": "",
    "MouthSequence": ""
  },
  {
    "Id": 42003307,
    "ActionMontage": "/Game/Aki/Sequence/SequenceAnim/DialogAnim/MaleM/Nanzhu/Body/Montage/Tsundere01.Tsundere01",
    "ExpressionMontage": "",
    "MouthSequence": ""
  },
  {
    "Id": 42003308,
    "ActionMontage": "/Game/Aki/Sequence/SequenceAnim/DialogAnim/FemaleM/Nvzhu/Body/Montage/Ui_Weapon.Ui_Weapon",
    "ExpressionMontage": "",
    "MouthSequence": ""
  },
  {
    "Id": 42003309,
    "ActionMontage": "/Game/Aki/Sequence/SequenceAnim/DialogAnim/MaleM/Nanzhu/Body/Montage/Ui_Weapon.Ui_Weapon",
    "ExpressionMontage": "",
    "MouthSequence": ""
  },
  {
    "Id": 42003312,
    "ActionMontage": "/Game/Aki/Sequence/SequenceAnim/DialogAnim/FemaleM/Nvzhu/Body/Montage/Zhixiang01.Zhixiang01",
    "ExpressionMontage": "",
    "MouthSequence": ""
  },
  {
    "Id": 42003313,
    "ActionMontage": "/Game/Aki/Sequence/SequenceAnim/DialogAnim/MaleM/Nanzhu/Body/Montage/Zhixiang01.Zhixiang01",
    "ExpressionMontage": "",
    "MouthSequence": ""
  },
  {
    "Id": 116,
    "ActionMontage": "/Game/Aki/Sequence/SequenceAnim/DialogAnim/FemaleM/Nvzhu/Body/Montage/Stand01.Stand01",
    "ExpressionMontage": "",
    "MouthSequence": ""
  },
  {
    "Id": 117,
    "ActionMontage": "/Game/Aki/Sequence/SequenceAnim/DialogAnim/MaleM/Nanzhu/Body/Montage/Stand01.Stand01",
    "ExpressionMontage": "",
    "MouthSequence": ""
  },
  {
    "Id": 118,
    "ActionMontage": "/Game/Aki/Sequence/SequenceAnim/DialogAnim/FemaleM/Nvzhu/Body/Montage/Takeout01.Takeout01",
    "ExpressionMontage": "",
    "MouthSequence": ""
  },
  {
    "Id": 119,
    "ActionMontage": "/Game/Aki/Sequence/SequenceAnim/DialogAnim/MaleM/Nanzhu/Body/Montage/Takeout01.Takeout01",
    "ExpressionMontage": "",
    "MouthSequence": ""
  },
  {
    "Id": 120,
    "ActionMontage": "/Game/Aki/Sequence/SequenceAnim/DialogAnim/FemaleM/Nvzhu/Body/Montage/Thinking01.Thinking01",
    "ExpressionMontage": "",
    "MouthSequence": ""
  },
  {
    "Id": 121,
    "ActionMontage": "/Game/Aki/Sequence/SequenceAnim/DialogAnim/MaleM/Nanzhu/Body/Montage/Thinking01.Thinking01",
    "ExpressionMontage": "",
    "MouthSequence": ""
  },
  {
    "Id": 122,
    "ActionMontage": "/Game/Aki/Sequence/SequenceAnim/DialogAnim/FemaleM/Nvzhu/Body/Montage/Talk01.Talk01",
    "ExpressionMontage": "",
    "MouthSequence": ""
  },
  {
    "Id": 123,
    "ActionMontage": "/Game/Aki/Sequence/SequenceAnim/DialogAnim/MaleM/Nanzhu/Body/Montage/Talk01.Talk01",
    "ExpressionMontage": "",
    "MouthSequence": ""
  },
  {
    "Id": 124,
    "ActionMontage": "/Game/Aki/Sequence/SequenceAnim/DialogAnim/FemaleM/Nvzhu/Body/Montage/Promise01.Promise01",
    "ExpressionMontage": "",
    "MouthSequence": ""
  },
  {
    "Id": 125,
    "ActionMontage": "/Game/Aki/Sequence/SequenceAnim/DialogAnim/MaleM/Nanzhu/Body/Montage/Promise01.Promise01",
    "ExpressionMontage": "",
    "MouthSequence": ""
  },
  {
    "Id": 126,
    "ActionMontage": "/Game/Aki/Sequence/SequenceAnim/DialogAnim/FemaleM/Nvzhu/Body/Montage/Weakness01.Weakness01",
    "ExpressionMontage": "",
    "MouthSequence": ""
  },
  {
    "Id": 127,
    "ActionMontage": "/Game/Aki/Sequence/SequenceAnim/DialogAnim/MaleM/Nanzhu/Body/Montage/weakness01.weakness01",
    "ExpressionMontage": "",
    "MouthSequence": ""
  },
  {
    "Id": 104,
    "ActionMontage": "/Game/Aki/Sequence/SequenceAnim/DialogAnim/FemaleM/Nvzhu/Body/Montage/Stand01.Stand01",
    "ExpressionMontage": "",
    "MouthSequence": ""
  },
  {
    "Id": 105,
    "ActionMontage": "/Game/Aki/Sequence/SequenceAnim/DialogAnim/MaleM/Nanzhu/Body/Montage/Stand01.Stand01",
    "ExpressionMontage": "",
    "MouthSequence": ""
  },
  {
    "Id": 106,
    "ActionMontage": "/Game/Aki/Sequence/SequenceAnim/DialogAnim/FemaleM/Nvzhu/Body/Montage/Takeout01.Takeout01",
    "ExpressionMontage": "",
    "MouthSequence": ""
  },
  {
    "Id": 107,
    "ActionMontage": "/Game/Aki/Sequence/SequenceAnim/DialogAnim/MaleM/Nanzhu/Body/Montage/Takeout01.Takeout01",
    "ExpressionMontage": "",
    "MouthSequence": ""
  },
  {
    "Id": 108,
    "ActionMontage": "/Game/Aki/Sequence/SequenceAnim/DialogAnim/FemaleM/Nvzhu/Body/Montage/Thinking01.Thinking01",
    "ExpressionMontage": "",
    "MouthSequence": ""
  },
  {
    "Id": 109,
    "ActionMontage": "/Game/Aki/Sequence/SequenceAnim/DialogAnim/MaleM/Nanzhu/Body/Montage/Thinking01.Thinking01",
    "ExpressionMontage": "",
    "MouthSequence": ""
  },
  {
    "Id": 110,
    "ActionMontage": "/Game/Aki/Sequence/SequenceAnim/DialogAnim/FemaleM/Nvzhu/Body/Montage/Talk01.Talk01",
    "ExpressionMontage": "",
    "MouthSequence": ""
  },
  {
    "Id": 111,
    "ActionMontage": "/Game/Aki/Sequence/SequenceAnim/DialogAnim/MaleM/Nanzhu/Body/Montage/Talk01.Talk01",
    "ExpressionMontage": "",
    "MouthSequence": ""
  },
  {
    "Id": 112,
    "ActionMontage": "/Game/Aki/Sequence/SequenceAnim/DialogAnim/FemaleM/Nvzhu/Body/Montage/Promise01.Promise01",
    "ExpressionMontage": "",
    "MouthSequence": ""
  },
  {
    "Id": 113,
    "ActionMontage": "/Game/Aki/Sequence/SequenceAnim/DialogAnim/MaleM/Nanzhu/Body/Montage/Promise01.Promise01",
    "ExpressionMontage": "",
    "MouthSequence": ""
  },
  {
    "Id": 114,
    "ActionMontage": "/Game/Aki/Sequence/SequenceAnim/DialogAnim/FemaleM/Nvzhu/Body/Montage/Weakness01.Weakness01",
    "ExpressionMontage": "",
    "MouthSequence": ""
  },
  {
    "Id": 115,
    "ActionMontage": "/Game/Aki/Sequence/SequenceAnim/DialogAnim/MaleM/Nanzhu/Body/Montage/weakness01.weakness01",
    "ExpressionMontage": "",
    "MouthSequence": ""
  },
  {
    "Id": 128,
    "ActionMontage": "/Game/Aki/Sequence/SequenceAnim/DialogAnim/FemaleM/Nvzhu/Body/Montage/Stand01.Stand01",
    "ExpressionMontage": "",
    "MouthSequence": ""
  },
  {
    "Id": 129,
    "ActionMontage": "/Game/Aki/Sequence/SequenceAnim/DialogAnim/MaleM/Nanzhu/Body/Montage/Stand01.Stand01",
    "ExpressionMontage": "",
    "MouthSequence": ""
  },
  {
    "Id": 130,
    "ActionMontage": "/Game/Aki/Sequence/SequenceAnim/DialogAnim/FemaleM/Nvzhu/Body/Montage/Takeout01.Takeout01",
    "ExpressionMontage": "",
    "MouthSequence": ""
  },
  {
    "Id": 131,
    "ActionMontage": "/Game/Aki/Sequence/SequenceAnim/DialogAnim/MaleM/Nanzhu/Body/Montage/Takeout01.Takeout01",
    "ExpressionMontage": "",
    "MouthSequence": ""
  },
  {
    "Id": 132,
    "ActionMontage": "/Game/Aki/Sequence/SequenceAnim/DialogAnim/FemaleM/Nvzhu/Body/Montage/Thinking01.Thinking01",
    "ExpressionMontage": "",
    "MouthSequence": ""
  },
  {
    "Id": 133,
    "ActionMontage": "/Game/Aki/Sequence/SequenceAnim/DialogAnim/MaleM/Nanzhu/Body/Montage/Thinking01.Thinking01",
    "ExpressionMontage": "",
    "MouthSequence": ""
  },
  {
    "Id": 134,
    "ActionMontage": "/Game/Aki/Sequence/SequenceAnim/DialogAnim/FemaleM/Nvzhu/Body/Montage/Talk01.Talk01",
    "ExpressionMontage": "",
    "MouthSequence": ""
  },
  {
    "Id": 135,
    "ActionMontage": "/Game/Aki/Sequence/SequenceAnim/DialogAnim/MaleM/Nanzhu/Body/Montage/Talk01.Talk01",
    "ExpressionMontage": "",
    "MouthSequence": ""
  },
  {
    "Id": 136,
    "ActionMontage": "/Game/Aki/Sequence/SequenceAnim/DialogAnim/FemaleM/Nvzhu/Body/Montage/Promise01.Promise01",
    "ExpressionMontage": "",
    "MouthSequence": ""
  },
  {
    "Id": 137,
    "ActionMontage": "/Game/Aki/Sequence/SequenceAnim/DialogAnim/MaleM/Nanzhu/Body/Montage/Promise01.Promise01",
    "ExpressionMontage": "",
    "MouthSequence": ""
  },
  {
    "Id": 138,
    "ActionMontage": "/Game/Aki/Sequence/SequenceAnim/DialogAnim/FemaleM/Nvzhu/Body/Montage/Weakness01.Weakness01",
    "ExpressionMontage": "",
    "MouthSequence": ""
  },
  {
    "Id": 139,
    "ActionMontage": "/Game/Aki/Sequence/SequenceAnim/DialogAnim/MaleM/Nanzhu/Body/Montage/weakness01.weakness01",
    "ExpressionMontage": "",
    "MouthSequence": ""
  },
  {
    "Id": 42003326,
    "ActionMontage": "/Game/Aki/Sequence/SequenceAnim/DialogAnim/MaleXL/Jiyan/Body/Montage/Stand01.Stand01",
    "ExpressionMontage": "",
    "MouthSequence": ""
  },
  {
    "Id": 42003327,
    "ActionMontage": "/Game/Aki/Sequence/SequenceAnim/DialogAnim/MaleXL/Jiyan/Body/Montage/Stand01.Stand01",
    "ExpressionMontage": "",
    "MouthSequence": ""
  },
  {
    "Id": 42003315,
    "ActionMontage": "/Game/Aki/Sequence/SequenceAnim/DialogAnim/MaleXL/Jiyan/Body/Montage/Clam01.Clam01",
    "ExpressionMontage": "",
    "MouthSequence": ""
  },
  {
    "Id": 42003314,
    "ActionMontage": "/Game/Aki/Sequence/SequenceAnim/DialogAnim/MaleXL/Jiyan/Body/Montage/Clam01.Clam01",
    "ExpressionMontage": "",
    "MouthSequence": ""
  },
  {
    "Id": 42003317,
    "ActionMontage": "/Game/Aki/Sequence/SequenceAnim/DialogAnim/MaleXL/Jiyan/Body/Montage/Talk01.Talk01",
    "ExpressionMontage": "",
    "MouthSequence": ""
  },
  {
    "Id": 42003316,
    "ActionMontage": "/Game/Aki/Sequence/SequenceAnim/DialogAnim/MaleXL/Jiyan/Body/Montage/Talk01.Talk01",
    "ExpressionMontage": "",
    "MouthSequence": ""
  },
  {
    "Id": 42003321,
    "ActionMontage": "/Game/Aki/Sequence/SequenceAnim/DialogAnim/MaleXL/Jiyan/Body/Montage/Thinking01.Thinking01",
    "ExpressionMontage": "",
    "MouthSequence": ""
  },
  {
    "Id": 42003320,
    "ActionMontage": "/Game/Aki/Sequence/SequenceAnim/DialogAnim/MaleXL/Jiyan/Body/Montage/Thinking01.Thinking01",
    "ExpressionMontage": "",
    "MouthSequence": ""
  },
  {
    "Id": 42003323,
    "ActionMontage": "/Game/Aki/Sequence/SequenceAnim/DialogAnim/MaleXL/Jiyan/Body/Montage/Promise01.Promise01",
    "ExpressionMontage": "",
    "MouthSequence": ""
  },
  {
    "Id": 42003322,
    "ActionMontage": "/Game/Aki/Sequence/SequenceAnim/DialogAnim/MaleXL/Jiyan/Body/Montage/Promise01.Promise01",
    "ExpressionMontage": "",
    "MouthSequence": ""
  },
  {
    "Id": 42003328,
    "ActionMontage": "/Game/Aki/Sequence/SequenceAnim/DialogAnim/MaleXL/Jiyan/Body/Montage/Complain01.Complain01",
    "ExpressionMontage": "",
    "MouthSequence": ""
  },
  {
    "Id": 42003329,
    "ActionMontage": "/Game/Aki/Sequence/SequenceAnim/DialogAnim/MaleXL/Jiyan/Body/Montage/Complain01.Complain01",
    "ExpressionMontage": "",
    "MouthSequence": ""
  },
  {
    "Id": 238,
    "ActionMontage": "/Game/Aki/Sequence/SequenceAnim/DialogAnim/MaleXL/Kakaluo/Body/Montage/Stand01.Stand01",
    "ExpressionMontage": "",
    "MouthSequence": ""
  },
  {
    "Id": 239,
    "ActionMontage": "/Game/Aki/Sequence/SequenceAnim/DialogAnim/MaleXL/Kakaluo/Body/Montage/Thinking01.Thinking01",
    "ExpressionMontage": "",
    "MouthSequence": ""
  },
  {
    "Id": 240,
    "ActionMontage": "/Game/Aki/Sequence/SequenceAnim/DialogAnim/MaleXL/Kakaluo/Body/Montage/Talk01.Talk01",
    "ExpressionMontage": "",
    "MouthSequence": ""
  },
  {
    "Id": 241,
    "ActionMontage": "/Game/Aki/Sequence/SequenceAnim/DialogAnim/MaleXL/Kakaluo/Body/Montage/Promise01.Promise01",
    "ExpressionMontage": "",
    "MouthSequence": ""
  },
  {
    "Id": 10001115,
    "ActionMontage": "/Game/Aki/Sequence/SequenceAnim/DialogAnim/MaleXL/Kakaluo/Body/Montage/Calm.Calm",
    "ExpressionMontage": "",
    "MouthSequence": ""
  },
  {
    "Id": 242,
    "ActionMontage": "/Game/Aki/Sequence/SequenceAnim/DialogAnim/MaleXL/Kakaluo/Body/Montage/Stand01.Stand01",
    "ExpressionMontage": "",
    "MouthSequence": ""
  },
  {
    "Id": 243,
    "ActionMontage": "/Game/Aki/Sequence/SequenceAnim/DialogAnim/MaleXL/Kakaluo/Body/Montage/Thinking01.Thinking01",
    "ExpressionMontage": "",
    "MouthSequence": ""
  },
  {
    "Id": 244,
    "ActionMontage": "/Game/Aki/Sequence/SequenceAnim/DialogAnim/MaleXL/Kakaluo/Body/Montage/Talk01.Talk01",
    "ExpressionMontage": "",
    "MouthSequence": ""
  },
  {
    "Id": 245,
    "ActionMontage": "/Game/Aki/Sequence/SequenceAnim/DialogAnim/MaleXL/Kakaluo/Body/Montage/Promise01.Promise01",
    "ExpressionMontage": "",
    "MouthSequence": ""
  },
  {
    "Id": 10001125,
    "ActionMontage": "/Game/Aki/Sequence/SequenceAnim/DialogAnim/MaleXL/Kakaluo/Body/Montage/Calm.Calm",
    "ExpressionMontage": "",
    "MouthSequence": ""
  },
  {
    "Id": 246,
    "ActionMontage": "/Game/Aki/Sequence/SequenceAnim/DialogAnim/MaleXL/Kakaluo/Body/Montage/Stand01.Stand01",
    "ExpressionMontage": "",
    "MouthSequence": ""
  },
  {
    "Id": 247,
    "ActionMontage": "/Game/Aki/Sequence/SequenceAnim/DialogAnim/MaleXL/Kakaluo/Body/Montage/Thinking01.Thinking01",
    "ExpressionMontage": "",
    "MouthSequence": ""
  },
  {
    "Id": 248,
    "ActionMontage": "/Game/Aki/Sequence/SequenceAnim/DialogAnim/MaleXL/Kakaluo/Body/Montage/Talk01.Talk01",
    "ExpressionMontage": "",
    "MouthSequence": ""
  },
  {
    "Id": 249,
    "ActionMontage": "/Game/Aki/Sequence/SequenceAnim/DialogAnim/MaleXL/Kakaluo/Body/Montage/Promise01.Promise01",
    "ExpressionMontage": "",
    "MouthSequence": ""
  },
  {
    "Id": 10001135,
    "ActionMontage": "/Game/Aki/Sequence/SequenceAnim/DialogAnim/MaleXL/Kakaluo/Body/Montage/Calm.Calm",
    "ExpressionMontage": "",
    "MouthSequence": ""
  },
  {
    "Id": 250,
    "ActionMontage": "/Game/Aki/Sequence/SequenceAnim/DialogAnim/MaleXL/Kakaluo/Body/Montage/Stand01.Stand01",
    "ExpressionMontage": "",
    "MouthSequence": ""
  },
  {
    "Id": 251,
    "ActionMontage": "/Game/Aki/Sequence/SequenceAnim/DialogAnim/MaleXL/Kakaluo/Body/Montage/Thinking01.Thinking01",
    "ExpressionMontage": "",
    "MouthSequence": ""
  },
  {
    "Id": 252,
    "ActionMontage": "/Game/Aki/Sequence/SequenceAnim/DialogAnim/MaleXL/Kakaluo/Body/Montage/Talk01.Talk01",
    "ExpressionMontage": "",
    "MouthSequence": ""
  },
  {
    "Id": 253,
    "ActionMontage": "/Game/Aki/Sequence/SequenceAnim/DialogAnim/MaleXL/Kakaluo/Body/Montage/Promise01.Promise01",
    "ExpressionMontage": "",
    "MouthSequence": ""
  },
  {
    "Id": 10001145,
    "ActionMontage": "/Game/Aki/Sequence/SequenceAnim/DialogAnim/MaleXL/Kakaluo/Body/Montage/Calm.Calm",
    "ExpressionMontage": "",
    "MouthSequence": ""
  },
  {
    "Id": 223,
    "ActionMontage": "/Game/Aki/Sequence/SequenceAnim/DialogAnim/MaleXL/Motefei/Body/Montage/Stand01.Stand01",
    "ExpressionMontage": "",
    "MouthSequence": ""
  },
  {
    "Id": 224,
    "ActionMontage": "/Game/Aki/Sequence/SequenceAnim/DialogAnim/MaleXL/Motefei/Body/Montage/Thinking01.Thinking01",
    "ExpressionMontage": "",
    "MouthSequence": ""
  },
  {
    "Id": 225,
    "ActionMontage": "/Game/Aki/Sequence/SequenceAnim/DialogAnim/MaleXL/Motefei/Body/Montage/Talk01.Talk01",
    "ExpressionMontage": "",
    "MouthSequence": ""
  },
  {
    "Id": 226,
    "ActionMontage": "/Game/Aki/Sequence/SequenceAnim/DialogAnim/MaleXL/Motefei/Body/Montage/Promise01.Promise01",
    "ExpressionMontage": "",
    "MouthSequence": ""
  },
  {
    "Id": 227,
    "ActionMontage": "/Game/Aki/Sequence/SequenceAnim/DialogAnim/MaleXL/Motefei/Body/Montage/Takeout01.Takeout01",
    "ExpressionMontage": "",
    "MouthSequence": ""
  },
  {
    "Id": 228,
    "ActionMontage": "/Game/Aki/Sequence/SequenceAnim/DialogAnim/MaleXL/Motefei/Body/Montage/Stand01.Stand01",
    "ExpressionMontage": "",
    "MouthSequence": ""
  },
  {
    "Id": 229,
    "ActionMontage": "/Game/Aki/Sequence/SequenceAnim/DialogAnim/MaleXL/Motefei/Body/Montage/Thinking01.Thinking01",
    "ExpressionMontage": "",
    "MouthSequence": ""
  },
  {
    "Id": 230,
    "ActionMontage": "/Game/Aki/Sequence/SequenceAnim/DialogAnim/MaleXL/Motefei/Body/Montage/Talk01.Talk01",
    "ExpressionMontage": "",
    "MouthSequence": ""
  },
  {
    "Id": 231,
    "ActionMontage": "/Game/Aki/Sequence/SequenceAnim/DialogAnim/MaleXL/Motefei/Body/Montage/Promise01.Promise01",
    "ExpressionMontage": "",
    "MouthSequence": ""
  },
  {
    "Id": 232,
    "ActionMontage": "/Game/Aki/Sequence/SequenceAnim/DialogAnim/MaleXL/Motefei/Body/Montage/Takeout01.Takeout01",
    "ExpressionMontage": "",
    "MouthSequence": ""
  },
  {
    "Id": 233,
    "ActionMontage": "/Game/Aki/Sequence/SequenceAnim/DialogAnim/MaleXL/Motefei/Body/Montage/Stand01.Stand01",
    "ExpressionMontage": "",
    "MouthSequence": ""
  },
  {
    "Id": 234,
    "ActionMontage": "/Game/Aki/Sequence/SequenceAnim/DialogAnim/MaleXL/Motefei/Body/Montage/Thinking01.Thinking01",
    "ExpressionMontage": "",
    "MouthSequence": ""
  },
  {
    "Id": 235,
    "ActionMontage": "/Game/Aki/Sequence/SequenceAnim/DialogAnim/MaleXL/Motefei/Body/Montage/Talk01.Talk01",
    "ExpressionMontage": "",
    "MouthSequence": ""
  },
  {
    "Id": 236,
    "ActionMontage": "/Game/Aki/Sequence/SequenceAnim/DialogAnim/MaleXL/Motefei/Body/Montage/Promise01.Promise01",
    "ExpressionMontage": "",
    "MouthSequence": ""
  },
  {
    "Id": 237,
    "ActionMontage": "/Game/Aki/Sequence/SequenceAnim/DialogAnim/MaleXL/Motefei/Body/Montage/Takeout01.Takeout01",
    "ExpressionMontage": "",
    "MouthSequence": ""
  },
  {
    "Id": 60,
    "ActionMontage": "/Game/Aki/Sequence/SequenceAnim/DialogAnim/MaleXL/Qiushui/Body/Montage/Stand01.Stand01",
    "ExpressionMontage": "",
    "MouthSequence": ""
  },
  {
    "Id": 61,
    "ActionMontage": "/Game/Aki/Sequence/SequenceAnim/DialogAnim/MaleXL/Qiushui/Body/Montage/Embarrassment.Embarrassment",
    "ExpressionMontage": "",
    "MouthSequence": ""
  },
  {
    "Id": 62,
    "ActionMontage": "/Game/Aki/Sequence/SequenceAnim/DialogAnim/MaleXL/Qiushui/Body/Montage/Thinking01.Thinking01",
    "ExpressionMontage": "",
    "MouthSequence": ""
  },
  {
    "Id": 63,
    "ActionMontage": "/Game/Aki/Sequence/SequenceAnim/DialogAnim/MaleXL/Qiushui/Body/Montage/Talk01.Talk01",
    "ExpressionMontage": "",
    "MouthSequence": ""
  },
  {
    "Id": 64,
    "ActionMontage": "/Game/Aki/Sequence/SequenceAnim/DialogAnim/MaleXL/Qiushui/Body/Montage/Promise01.Promise01",
    "ExpressionMontage": "",
    "MouthSequence": ""
  },
  {
    "Id": 65,
    "ActionMontage": "/Game/Aki/Sequence/SequenceAnim/DialogAnim/MaleXL/Qiushui/Body/Montage/Stand01.Stand01",
    "ExpressionMontage": "",
    "MouthSequence": ""
  },
  {
    "Id": 66,
    "ActionMontage": "/Game/Aki/Sequence/SequenceAnim/DialogAnim/MaleXL/Qiushui/Body/Montage/Embarrassment.Embarrassment",
    "ExpressionMontage": "",
    "MouthSequence": ""
  },
  {
    "Id": 67,
    "ActionMontage": "/Game/Aki/Sequence/SequenceAnim/DialogAnim/MaleXL/Qiushui/Body/Montage/Thinking01.Thinking01",
    "ExpressionMontage": "",
    "MouthSequence": ""
  },
  {
    "Id": 68,
    "ActionMontage": "/Game/Aki/Sequence/SequenceAnim/DialogAnim/MaleXL/Qiushui/Body/Montage/Talk01.Talk01",
    "ExpressionMontage": "",
    "MouthSequence": ""
  },
  {
    "Id": 69,
    "ActionMontage": "/Game/Aki/Sequence/SequenceAnim/DialogAnim/MaleXL/Qiushui/Body/Montage/Promise01.Promise01",
    "ExpressionMontage": "",
    "MouthSequence": ""
  },
  {
    "Id": 70,
    "ActionMontage": "/Game/Aki/Sequence/SequenceAnim/DialogAnim/MaleXL/Qiushui/Body/Montage/Stand01.Stand01",
    "ExpressionMontage": "",
    "MouthSequence": ""
  },
  {
    "Id": 71,
    "ActionMontage": "/Game/Aki/Sequence/SequenceAnim/DialogAnim/MaleXL/Qiushui/Body/Montage/Embarrassment.Embarrassment",
    "ExpressionMontage": "",
    "MouthSequence": ""
  },
  {
    "Id": 72,
    "ActionMontage": "/Game/Aki/Sequence/SequenceAnim/DialogAnim/MaleXL/Qiushui/Body/Montage/Thinking01.Thinking01",
    "ExpressionMontage": "",
    "MouthSequence": ""
  },
  {
    "Id": 73,
    "ActionMontage": "/Game/Aki/Sequence/SequenceAnim/DialogAnim/MaleXL/Qiushui/Body/Montage/Talk01.Talk01",
    "ExpressionMontage": "",
    "MouthSequence": ""
  },
  {
    "Id": 74,
    "ActionMontage": "/Game/Aki/Sequence/SequenceAnim/DialogAnim/MaleXL/Qiushui/Body/Montage/Promise01.Promise01",
    "ExpressionMontage": "",
    "MouthSequence": ""
  },
  {
    "Id": 75,
    "ActionMontage": "/Game/Aki/Sequence/SequenceAnim/DialogAnim/MaleXL/Qiushui/Body/Montage/Stand01.Stand01",
    "ExpressionMontage": "",
    "MouthSequence": ""
  },
  {
    "Id": 76,
    "ActionMontage": "/Game/Aki/Sequence/SequenceAnim/DialogAnim/MaleXL/Qiushui/Body/Montage/Embarrassment.Embarrassment",
    "ExpressionMontage": "",
    "MouthSequence": ""
  },
  {
    "Id": 77,
    "ActionMontage": "/Game/Aki/Sequence/SequenceAnim/DialogAnim/MaleXL/Qiushui/Body/Montage/Thinking01.Thinking01",
    "ExpressionMontage": "",
    "MouthSequence": ""
  },
  {
    "Id": 78,
    "ActionMontage": "/Game/Aki/Sequence/SequenceAnim/DialogAnim/MaleXL/Qiushui/Body/Montage/Talk01.Talk01",
    "ExpressionMontage": "",
    "MouthSequence": ""
  },
  {
    "Id": 79,
    "ActionMontage": "/Game/Aki/Sequence/SequenceAnim/DialogAnim/MaleXL/Qiushui/Body/Montage/Promise01.Promise01",
    "ExpressionMontage": "",
    "MouthSequence": ""
  },
  {
    "Id": 42000351,
    "ActionMontage": "/Game/Aki/Sequence/SequenceAnim/DialogAnim/MaleXL/Qiushui/Body/Montage/Stand01.Stand01",
    "ExpressionMontage": "",
    "MouthSequence": ""
  },
  {
    "Id": 42000352,
    "ActionMontage": "/Game/Aki/Sequence/SequenceAnim/DialogAnim/MaleXL/Qiushui/Body/Montage/Embarrassment.Embarrassment",
    "ExpressionMontage": "",
    "MouthSequence": ""
  },
  {
    "Id": 42000353,
    "ActionMontage": "/Game/Aki/Sequence/SequenceAnim/DialogAnim/MaleXL/Qiushui/Body/Montage/Thinking01.Thinking01",
    "ExpressionMontage": "",
    "MouthSequence": ""
  },
  {
    "Id": 42000354,
    "ActionMontage": "/Game/Aki/Sequence/SequenceAnim/DialogAnim/MaleXL/Qiushui/Body/Montage/Talk01.Talk01",
    "ExpressionMontage": "",
    "MouthSequence": ""
  },
  {
    "Id": 42000355,
    "ActionMontage": "/Game/Aki/Sequence/SequenceAnim/DialogAnim/MaleXL/Qiushui/Body/Montage/Promise01.Promise01",
    "ExpressionMontage": "",
    "MouthSequence": ""
  },
  {
    "Id": 41010811,
    "ActionMontage": "/Game/Aki/Sequence/SequenceAnim/Npc/FemaleS/BaseAnim/Montage/Stand01.Stand01",
    "ExpressionMontage": "",
    "MouthSequence": ""
  },
  {
    "Id": 41010812,
    "ActionMontage": "/Game/Aki/Sequence/SequenceAnim/Npc/FemaleS/BaseAnim/Montage/Talk01.Talk01",
    "ExpressionMontage": "",
    "MouthSequence": ""
  },
  {
    "Id": 41010813,
    "ActionMontage": "/Game/Aki/Sequence/SequenceAnim/Npc/FemaleS/BaseAnim/Montage/Encourage01.Encourage01",
    "ExpressionMontage": "",
    "MouthSequence": ""
  },
  {
    "Id": 40000611,
    "ActionMontage": "/Game/Aki/Sequence/SequenceAnim/Npc/FemaleM/BaseAnim/Montage/Stand01.Stand01",
    "ExpressionMontage": "",
    "MouthSequence": ""
  },
  {
    "Id": 40000612,
    "ActionMontage": "/Game/Aki/Sequence/SequenceAnim/Npc/FemaleM/BaseAnim/Montage/Talk01.Talk01",
    "ExpressionMontage": "",
    "MouthSequence": ""
  },
  {
    "Id": 40000613,
    "ActionMontage": "/Game/Aki/Sequence/SequenceAnim/Npc/FemaleM/BaseAnim/Montage/Promise01.Promise01",
    "ExpressionMontage": "",
    "MouthSequence": ""
  },
  {
    "Id": 40000614,
    "ActionMontage": "/Game/Aki/Sequence/SequenceAnim/Npc/FemaleM/BaseAnim/Montage/Sit01.Sit01",
    "ExpressionMontage": "",
    "MouthSequence": ""
  },
  {
    "Id": 40000615,
    "ActionMontage": "/Game/Aki/Sequence/SequenceAnim/Npc/FemaleM/BaseAnim/Montage/Scare01.Scare01",
    "ExpressionMontage": "",
    "MouthSequence": ""
  },
  {
    "Id": 41010611,
    "ActionMontage": "/Game/Aki/Sequence/SequenceAnim/Npc/FemaleXL/BaseAnim/Montage/Stand01.Stand01",
    "ExpressionMontage": "",
    "MouthSequence": ""
  },
  {
    "Id": 41010612,
    "ActionMontage": "/Game/Aki/Sequence/SequenceAnim/Npc/FemaleXL/BaseAnim/Montage/Talk01.Talk01",
    "ExpressionMontage": "",
    "MouthSequence": ""
  },
  {
    "Id": 41010613,
    "ActionMontage": "/Game/Aki/Sequence/SequenceAnim/Npc/FemaleXL/BaseAnim/Montage/Thinking01.Thinking01",
    "ExpressionMontage": "",
    "MouthSequence": ""
  },
  {
    "Id": 41010614,
    "ActionMontage": "/Game/Aki/Sequence/SequenceAnim/Npc/FemaleXL/BaseAnim/Montage/Scare01.Scare01",
    "ExpressionMontage": "",
    "MouthSequence": ""
  },
  {
    "Id": 41012911,
    "ActionMontage": "/Game/Aki/Sequence/SequenceAnim/Npc/FemaleXL/BaseAnim/Montage/Stand01.Stand01",
    "ExpressionMontage": "",
    "MouthSequence": ""
  },
  {
    "Id": 41012912,
    "ActionMontage": "/Game/Aki/Sequence/SequenceAnim/Npc/FemaleXL/BaseAnim/Montage/Talk01.Talk01",
    "ExpressionMontage": "",
    "MouthSequence": ""
  },
  {
    "Id": 41012913,
    "ActionMontage": "/Game/Aki/Sequence/SequenceAnim/Npc/FemaleXL/BaseAnim/Montage/Thinking01.Thinking01",
    "ExpressionMontage": "",
    "MouthSequence": ""
  },
  {
    "Id": 41012914,
    "ActionMontage": "/Game/Aki/Character/NPC/FemaleXL/Montage/Montage_Talk_Scare_01_FemaleXL.Montage_Talk_Scare_01_FemaleXL",
    "ExpressionMontage": "",
    "MouthSequence": ""
  },
  {
    "Id": 41012511,
    "ActionMontage": "/Game/Aki/Sequence/SequenceAnim/Npc/MaleM/BaseAnim/Montage/Stand01.Stand01",
    "ExpressionMontage": "",
    "MouthSequence": ""
  },
  {
    "Id": 41012512,
    "ActionMontage": "/Game/Aki/Sequence/SequenceAnim/Npc/MaleM/BaseAnim/Montage/Thinking01.Thinking01",
    "ExpressionMontage": "",
    "MouthSequence": ""
  },
  {
    "Id": 41012513,
    "ActionMontage": "/Game/Aki/Sequence/SequenceAnim/Npc/MaleM/BaseAnim/Montage/Talk01.Talk01",
    "ExpressionMontage": "",
    "MouthSequence": ""
  },
  {
    "Id": 41012514,
    "ActionMontage": "/Game/Aki/Sequence/SequenceAnim/Npc/MaleM/BaseAnim/Montage/Talk02.Talk02",
    "ExpressionMontage": "",
    "MouthSequence": ""
  },
  {
    "Id": 41012515,
    "ActionMontage": "/Game/Aki/Sequence/SequenceAnim/Npc/MaleM/BaseAnim/Montage/Scare03.Scare03",
    "ExpressionMontage": "",
    "MouthSequence": ""
  },
  {
    "Id": 41012711,
    "ActionMontage": "/Game/Aki/Sequence/SequenceAnim/Npc/MaleM/BaseAnim/Montage/Stand01.Stand01",
    "ExpressionMontage": "",
    "MouthSequence": ""
  },
  {
    "Id": 41012712,
    "ActionMontage": "/Game/Aki/Sequence/SequenceAnim/Npc/MaleM/BaseAnim/Montage/Thinking01.Thinking01",
    "ExpressionMontage": "",
    "MouthSequence": ""
  },
  {
    "Id": 41012713,
    "ActionMontage": "/Game/Aki/Sequence/SequenceAnim/Npc/MaleM/BaseAnim/Montage/Talk01.Talk01",
    "ExpressionMontage": "",
    "MouthSequence": ""
  },
  {
    "Id": 41012714,
    "ActionMontage": "/Game/Aki/Sequence/SequenceAnim/Npc/MaleM/BaseAnim/Montage/Talk02.Talk02",
    "ExpressionMontage": "",
    "MouthSequence": ""
  },
  {
    "Id": 41012715,
    "ActionMontage": "/Game/Aki/Sequence/SequenceAnim/Npc/MaleM/BaseAnim/Montage/Scare03.Scare03",
    "ExpressionMontage": "",
    "MouthSequence": ""
  },
  {
    "Id": 41010111,
    "ActionMontage": "/Game/Aki/Sequence/SequenceAnim/Npc/MaleM/BaseAnim/Montage/Stand01.Stand01",
    "ExpressionMontage": "",
    "MouthSequence": ""
  },
  {
    "Id": 41010112,
    "ActionMontage": "/Game/Aki/Sequence/SequenceAnim/Npc/MaleM/BaseAnim/Montage/Talk01.Talk01",
    "ExpressionMontage": "",
    "MouthSequence": ""
  },
  {
    "Id": 41010113,
    "ActionMontage": "/Game/Aki/Sequence/SequenceAnim/Npc/MaleM/BaseAnim/Montage/Calm01.Calm01",
    "ExpressionMontage": "",
    "MouthSequence": ""
  },
  {
    "Id": 41010114,
    "ActionMontage": "/Game/Aki/Sequence/SequenceAnim/Npc/MaleM/BaseAnim/Montage/Thinking01.Thinking01",
    "ExpressionMontage": "",
    "MouthSequence": ""
  },
  {
    "Id": 41010115,
    "ActionMontage": "/Game/Aki/Sequence/SequenceAnim/Npc/MaleM/BaseAnim/Montage/Scare01.Scare01",
    "ExpressionMontage": "",
    "MouthSequence": ""
  },
  {
    "Id": 41011411,
    "ActionMontage": "/Game/Aki/Sequence/SequenceAnim/Npc/MaleM/BaseAnim/Montage/Stand01.Stand01",
    "ExpressionMontage": "",
    "MouthSequence": ""
  },
  {
    "Id": 41011412,
    "ActionMontage": "/Game/Aki/Sequence/SequenceAnim/Npc/MaleM/BaseAnim/Montage/Talk01.Talk01",
    "ExpressionMontage": "",
    "MouthSequence": ""
  },
  {
    "Id": 41011413,
    "ActionMontage": "/Game/Aki/Sequence/SequenceAnim/Npc/MaleM/BaseAnim/Montage/Calm01.Calm01",
    "ExpressionMontage": "",
    "MouthSequence": ""
  },
  {
    "Id": 41011414,
    "ActionMontage": "/Game/Aki/Sequence/SequenceAnim/Npc/MaleM/BaseAnim/Montage/Thinking01.Thinking01",
    "ExpressionMontage": "",
    "MouthSequence": ""
  },
  {
    "Id": 41011415,
    "ActionMontage": "/Game/Aki/Sequence/SequenceAnim/Npc/MaleM/BaseAnim/Montage/Scare01.Scare01",
    "ExpressionMontage": "",
    "MouthSequence": ""
  },
  {
    "Id": 41012811,
    "ActionMontage": "/Game/Aki/Sequence/SequenceAnim/Npc/MaleM/BaseAnim/Montage/Stand01.Stand01",
    "ExpressionMontage": "",
    "MouthSequence": ""
  },
  {
    "Id": 41012812,
    "ActionMontage": "/Game/Aki/Sequence/SequenceAnim/Npc/MaleM/BaseAnim/Montage/Talk01.Talk01",
    "ExpressionMontage": "",
    "MouthSequence": ""
  },
  {
    "Id": 41012813,
    "ActionMontage": "/Game/Aki/Sequence/SequenceAnim/Npc/MaleM/BaseAnim/Montage/Calm01.Calm01",
    "ExpressionMontage": "",
    "MouthSequence": ""
  },
  {
    "Id": 41012814,
    "ActionMontage": "/Game/Aki/Sequence/SequenceAnim/Npc/MaleM/BaseAnim/Montage/Thinking01.Thinking01",
    "ExpressionMontage": "",
    "MouthSequence": ""
  },
  {
    "Id": 41012815,
    "ActionMontage": "/Game/Aki/Sequence/SequenceAnim/Npc/MaleM/BaseAnim/Montage/Scare01.Scare01",
    "ExpressionMontage": "",
    "MouthSequence": ""
  },
  {
    "Id": 41013911,
    "ActionMontage": "/Game/Aki/Sequence/SequenceAnim/Npc/MaleM/BaseAnim/Montage/Stand01.Stand01",
    "ExpressionMontage": "",
    "MouthSequence": ""
  },
  {
    "Id": 41013912,
    "ActionMontage": "/Game/Aki/Sequence/SequenceAnim/Npc/MaleM/BaseAnim/Montage/Talk01.Talk01",
    "ExpressionMontage": "",
    "MouthSequence": ""
  },
  {
    "Id": 41013913,
    "ActionMontage": "/Game/Aki/Sequence/SequenceAnim/Npc/MaleM/BaseAnim/Montage/Calm01.Calm01",
    "ExpressionMontage": "",
    "MouthSequence": ""
  },
  {
    "Id": 41013914,
    "ActionMontage": "/Game/Aki/Sequence/SequenceAnim/Npc/MaleM/BaseAnim/Montage/Thinking01.Thinking01",
    "ExpressionMontage": "",
    "MouthSequence": ""
  },
  {
    "Id": 41013915,
    "ActionMontage": "/Game/Aki/Sequence/SequenceAnim/Npc/MaleM/BaseAnim/Montage/Scare01.Scare01",
    "ExpressionMontage": "",
    "MouthSequence": ""
  },
  {
    "Id": 41015811,
    "ActionMontage": "/Game/Aki/Sequence/SequenceAnim/Npc/MaleM/BaseAnim/Montage/Stand01.Stand01",
    "ExpressionMontage": "",
    "MouthSequence": ""
  },
  {
    "Id": 41015812,
    "ActionMontage": "/Game/Aki/Sequence/SequenceAnim/Npc/MaleM/BaseAnim/Montage/Talk01.Talk01",
    "ExpressionMontage": "",
    "MouthSequence": ""
  },
  {
    "Id": 41015813,
    "ActionMontage": "/Game/Aki/Sequence/SequenceAnim/Npc/MaleM/BaseAnim/Montage/Calm01.Calm01",
    "ExpressionMontage": "",
    "MouthSequence": ""
  },
  {
    "Id": 41015814,
    "ActionMontage": "/Game/Aki/Sequence/SequenceAnim/Npc/MaleM/BaseAnim/Montage/Thinking01.Thinking01",
    "ExpressionMontage": "",
    "MouthSequence": ""
  },
  {
    "Id": 41015815,
    "ActionMontage": "/Game/Aki/Sequence/SequenceAnim/Npc/MaleM/BaseAnim/Montage/Scare01.Scare01",
    "ExpressionMontage": "",
    "MouthSequence": ""
  },
  {
    "Id": 40021911,
    "ActionMontage": "/Game/Aki/Sequence/SequenceAnim/Npc/MaleM/BaseAnim/Montage/Stand01.Stand01",
    "ExpressionMontage": "",
    "MouthSequence": ""
  },
  {
    "Id": 40021912,
    "ActionMontage": "/Game/Aki/Sequence/SequenceAnim/Npc/MaleM/BaseAnim/Montage/Thinking01.Thinking01",
    "ExpressionMontage": "",
    "MouthSequence": ""
  },
  {
    "Id": 40021913,
    "ActionMontage": "/Game/Aki/Sequence/SequenceAnim/Npc/MaleM/BaseAnim/Montage/Talk01.Talk01",
    "ExpressionMontage": "",
    "MouthSequence": ""
  },
  {
    "Id": 40021914,
    "ActionMontage": "/Game/Aki/Sequence/SequenceAnim/Npc/MaleM/BaseAnim/Montage/Talk02.Talk02",
    "ExpressionMontage": "",
    "MouthSequence": ""
  },
  {
    "Id": 40021915,
    "ActionMontage": "/Game/Aki/Sequence/SequenceAnim/Npc/MaleM/BaseAnim/Montage/Scare03.Scare03",
    "ExpressionMontage": "",
    "MouthSequence": ""
  },
  {
    "Id": 41023511,
    "ActionMontage": "/Game/Aki/Sequence/SequenceAnim/Npc/MaleM/BaseAnim/Montage/Stand01.Stand01",
    "ExpressionMontage": "",
    "MouthSequence": ""
  },
  {
    "Id": 41023512,
    "ActionMontage": "/Game/Aki/Sequence/SequenceAnim/Npc/MaleM/BaseAnim/Montage/Talk01.Talk01",
    "ExpressionMontage": "",
    "MouthSequence": ""
  },
  {
    "Id": 41023513,
    "ActionMontage": "/Game/Aki/Sequence/SequenceAnim/Npc/MaleM/BaseAnim/Montage/Calm01.Calm01",
    "ExpressionMontage": "",
    "MouthSequence": ""
  },
  {
    "Id": 41023514,
    "ActionMontage": "/Game/Aki/Sequence/SequenceAnim/Npc/MaleM/BaseAnim/Montage/Thinking01.Thinking01",
    "ExpressionMontage": "",
    "MouthSequence": ""
  },
  {
    "Id": 41023515,
    "ActionMontage": "/Game/Aki/Sequence/SequenceAnim/Npc/MaleM/BaseAnim/Montage/Scare01.Scare01",
    "ExpressionMontage": "",
    "MouthSequence": ""
  },
  {
    "Id": 41023516,
    "ActionMontage": "/Game/Aki/Sequence/SequenceAnim/Npc/MaleM/BaseAnim/Montage/Scare03.Scare03",
    "ExpressionMontage": "",
    "MouthSequence": ""
  },
  {
    "Id": 40024511,
    "ActionMontage": "/Game/Aki/Sequence/SequenceAnim/Npc/MaleM/BaseAnim/Montage/Stand01.Stand01",
    "ExpressionMontage": "",
    "MouthSequence": ""
  },
  {
    "Id": 40024512,
    "ActionMontage": "/Game/Aki/Sequence/SequenceAnim/Npc/MaleM/BaseAnim/Montage/Talk01.Talk01",
    "ExpressionMontage": "",
    "MouthSequence": ""
  },
  {
    "Id": 40024513,
    "ActionMontage": "/Game/Aki/Sequence/SequenceAnim/Npc/MaleM/BaseAnim/Montage/Calm01.Calm01",
    "ExpressionMontage": "",
    "MouthSequence": ""
  },
  {
    "Id": 40024514,
    "ActionMontage": "/Game/Aki/Sequence/SequenceAnim/Npc/MaleM/BaseAnim/Montage/Thinking01.Thinking01",
    "ExpressionMontage": "",
    "MouthSequence": ""
  },
  {
    "Id": 40024515,
    "ActionMontage": "/Game/Aki/Sequence/SequenceAnim/Npc/MaleM/BaseAnim/Montage/Scare01.Scare01",
    "ExpressionMontage": "",
    "MouthSequence": ""
  },
  {
    "Id": 40024516,
    "ActionMontage": "/Game/Aki/Sequence/SequenceAnim/Npc/MaleM/BaseAnim/Montage/Scare03.Scare03",
    "ExpressionMontage": "",
    "MouthSequence": ""
  },
  {
    "Id": 42003235,
    "ActionMontage": "/Game/Aki/Character/NPC/MaleM/Montage/Montage_Common_Sit_02_MaleM.Montage_Common_Sit_02_MaleM",
    "ExpressionMontage": "",
    "MouthSequence": ""
  },
  {
    "Id": 42003236,
    "ActionMontage": "/Game/Aki/Character/NPC/MaleM/Montage/NH_MaleM_106/Montage_Reset_stand_01_MaleM_106.Montage_Reset_stand_01_MaleM_106",
    "ExpressionMontage": "",
    "MouthSequence": ""
  },
  {
    "Id": 42003237,
    "ActionMontage": "/Game/Aki/Character/NPC/MaleM/Montage/NH_MaleM_106/Montage_UseTools_01_MaleM_106.Montage_UseTools_01_MaleM_106",
    "ExpressionMontage": "",
    "MouthSequence": ""
  },
  {
    "Id": 42003242,
    "ActionMontage": "/Game/Aki/Character/NPC/MaleM/Montage/OLDMaleM/Montage_Talk_CrossHands_OldMaleM.Montage_Talk_CrossHands_OldMaleM",
    "ExpressionMontage": "",
    "MouthSequence": ""
  },
  {
    "Id": 42003244,
    "ActionMontage": "/Game/Aki/Character/NPC/MaleM/Montage/Montage_Talk_Think_01_MaleM.Montage_Talk_Think_01_MaleM",
    "ExpressionMontage": "",
    "MouthSequence": ""
  },
  {
    "Id": 42003245,
    "ActionMontage": "/Game/Aki/Character/NPC/MaleM/Montage/Montage_Talk_CrossHands_MaleM.Montage_Talk_CrossHands_MaleM",
    "ExpressionMontage": "",
    "MouthSequence": ""
  },
  {
    "Id": 42003249,
    "ActionMontage": "/Game/Aki/Character/Monster/Ordinary/MO1DaodanyuanMd00401/CommonAnim/AM_happy_01.AM_happy_01",
    "ExpressionMontage": "",
    "MouthSequence": ""
  },
  {
    "Id": 42003250,
    "ActionMontage": "/Game/Aki/Character/Monster/Ordinary/MO1DaodanyuanMd00401/CommonAnim/AM_Sad_01.AM_Sad_01",
    "ExpressionMontage": "",
    "MouthSequence": ""
  },
  {
    "Id": 42003251,
    "ActionMontage": "/Game/Aki/Character/Monster/Ordinary/MO1DaodanyuanMd00401/CommonAnim/AM_Sad_01.AM_Sad_01",
    "ExpressionMontage": "",
    "MouthSequence": ""
  },
  {
    "Id": 42003252,
    "ActionMontage": "/Game/Aki/Character/NPC/FemaleM/Montage/NH_FemaleM_005/Montage_Stand2_FemaleM_005.Montage_Stand2_FemaleM_005",
    "ExpressionMontage": "",
    "MouthSequence": ""
  },
  {
    "Id": 42003253,
    "ActionMontage": "/Game/Aki/Character/NPC/FemaleM/Montage/NH_FemaleM_005/Montage_Talk_Normal_01_FemaleM_005.Montage_Talk_Normal_01_FemaleM_005",
    "ExpressionMontage": "",
    "MouthSequence": ""
  },
  {
    "Id": 42003254,
    "ActionMontage": "/Game/Aki/Character/NPC/FemaleM/Montage/NH_FemaleM_005/Montage_Talk_Normal_02_FemaleM_005.Montage_Talk_Normal_02_FemaleM_005",
    "ExpressionMontage": "",
    "MouthSequence": ""
  },
  {
    "Id": 42003255,
    "ActionMontage": "/Game/Aki/Character/NPC/FemaleM/Montage/NH_FemaleM_005/Montage_Talk_Scare_01_FemaleM_005.Montage_Talk_Scare_01_FemaleM_005",
    "ExpressionMontage": "",
    "MouthSequence": ""
  },
  {
    "Id": 42003256,
    "ActionMontage": "/Game/Aki/Character/NPC/FemaleM/Montage/Montage_Common_Embarrass_01_FemaleM.Montage_Common_Embarrass_01_FemaleM",
    "ExpressionMontage": "",
    "MouthSequence": ""
  },
  {
    "Id": 42003257,
    "ActionMontage": "/Game/Aki/Character/NPC/FemaleM/Montage/Montage_Talk_Think_01_FemaleM.Montage_Talk_Think_01_FemaleM",
    "ExpressionMontage": "",
    "MouthSequence": ""
  },
  {
    "Id": 42003258,
    "ActionMontage": "/Game/Aki/Character/NPC/FemaleM/Montage/Montage_Talk_Think_01_FemaleM.Montage_Talk_Think_01_FemaleM",
    "ExpressionMontage": "",
    "MouthSequence": ""
  },
  {
    "Id": 42003263,
    "ActionMontage": "/Game/Aki/Character/NPC/FemaleM/Montage/Montage_Talk_Laugh_02_FemaleM.Montage_Talk_Laugh_02_FemaleM",
    "ExpressionMontage": "",
    "MouthSequence": ""
  },
  {
    "Id": 42003259,
    "ActionMontage": "/Game/Aki/Character/NPC/MaleM/Montage/NH_MaleM_006/Montage_Talk_Normal_01_MaleM_006.Montage_Talk_Normal_01_MaleM_006",
    "ExpressionMontage": "",
    "MouthSequence": ""
  },
  {
    "Id": 42003260,
    "ActionMontage": "/Game/Aki/Character/NPC/MaleM/Montage/NH_MaleM_006/Montage_Talk_Normal_02_MaleM_006.Montage_Talk_Normal_02_MaleM_006",
    "ExpressionMontage": "",
    "MouthSequence": ""
  },
  {
    "Id": 42003261,
    "ActionMontage": "/Game/Aki/Character/NPC/MaleM/Montage/NH_MaleM_006/Montage_Talk_special_Normal_01_MaleM_006.Montage_Talk_special_Normal_01_MaleM_006",
    "ExpressionMontage": "",
    "MouthSequence": ""
  },
  {
    "Id": 42003262,
    "ActionMontage": "/Game/Aki/Character/NPC/MaleM/Montage/NH_MaleM_006/Montage_Talk_Scare_01_MaleM_006.Montage_Talk_Scare_01_MaleM_006",
    "ExpressionMontage": "",
    "MouthSequence": ""
  },
  {
    "Id": 700001,
    "ActionMontage": "/Game/Aki/Sequence/SequenceAnim/DialogAnim/FemaleM/Yinlin/Body/Montage/Squat01.Squat01",
    "ExpressionMontage": "",
    "MouthSequence": ""
  }
]