[
  {
    "Id": 122000005,
    "Area": 6,
    "SortIndex": 0
  },
  {
    "Id": 118000002,
    "Area": 10,
    "SortIndex": 0
  },
  {
    "Id": 106000002,
    "Area": 7,
    "SortIndex": 0
  },
  {
    "Id": 134000003,
    "Area": 12,
    "SortIndex": 0
  },
  {
    "Id": 134000004,
    "Area": 12,
    "SortIndex": 0
  },
  {
    "Id": 106000000,
    "Area": 7,
    "SortIndex": 0
  },
  {
    "Id": 134000000,
    "Area": 12,
    "SortIndex": 0
  },
  {
    "Id": 134000001,
    "Area": 12,
    "SortIndex": 0
  },
  {
    "Id": 134000002,
    "Area": 12,
    "SortIndex": 0
  },
  {
    "Id": 109000000,
    "Area": 3,
    "SortIndex": 0
  },
  {
    "Id": 109000001,
    "Area": 3,
    "SortIndex": 0
  },
  {
    "Id": 136000001,
    "Area": 6,
    "SortIndex": 0
  },
  {
    "Id": 133000008,
    "Area": 4,
    "SortIndex": 0
  },
  {
    "Id": 135000005,
    "Area": 8,
    "SortIndex": 0
  },
  {
    "Id": 136000000,
    "Area": 2,
    "SortIndex": 0
  },
  {
    "Id": 109000006,
    "Area": 12,
    "SortIndex": 0
  },
  {
    "Id": 135000002,
    "Area": 4,
    "SortIndex": 0
  },
  {
    "Id": 142000001,
    "Area": 7,
    "SortIndex": 0
  },
  {
    "Id": 146000000,
    "Area": 14,
    "SortIndex": 0
  },
  {
    "Id": 146900000,
    "Area": 14,
    "SortIndex": 0
  },
  {
    "Id": 142000002,
    "Area": 7,
    "SortIndex": 0
  },
  {
    "Id": 135000003,
    "Area": 4,
    "SortIndex": 0
  },
  {
    "Id": 898900004,
    "Area": 14,
    "SortIndex": 0
  },
  {
    "Id": 898900005,
    "Area": 14,
    "SortIndex": 0
  },
  {
    "Id": 11900016,
    "Area": 14,
    "SortIndex": 0
  },
  {
    "Id": 134800000,
    "Area": 12,
    "SortIndex": 0
  },
  {
    "Id": 151000000,
    "Area": 11,
    "SortIndex": 0
  },
  {
    "Id": 134750002,
    "Area": 11,
    "SortIndex": 0
  },
  {
    "Id": 151000001,
    "Area": 15,
    "SortIndex": 0
  },
  {
    "Id": 133000010,
    "Area": 15,
    "SortIndex": 0
  },
  {
    "Id": 151750000,
    "Area": 15,
    "SortIndex": 0
  }
]