[
  {
    "Id": 1,
    "Country": 1,
    "ExploreLevel": 0,
    "NeedScore": 300,
    "Drop": 47101,
    "ShowItem": 0,
    "ScoreName": "Explore_HuangLong_Title1",
    "ScoreTexturePath": "/Game/Aki/UI/UIResources/Common/Image/IconForceLogo/T_Logo_03_UI.T_Logo_03_UI",
    "Show": false,
    "Pic": "",
    "RewardName": "",
    "Reward": "",
    "Help": 0
  },
  {
    "Id": 2,
    "Country": 1,
    "ExploreLevel": 1,
    "NeedScore": 600,
    "Drop": 47101,
    "ShowItem": 10804,
    "ScoreName": "Explore_HuangLong_Title2",
    "ScoreTexturePath": "/Game/Aki/UI/UIResources/Common/Image/IconForceLogo/T_Logo_03_UI.T_Logo_03_UI",
    "Show": true,
    "Pic": "/Game/Aki/UI/UIResources/Common/Atlas/SkillIcon/SkillIconNor/SP_IconT31.SP_IconT31",
    "RewardName": "",
    "Reward": "ItemInfo_10804_Name",
    "Help": 29
  },
  {
    "Id": 3,
    "Country": 1,
    "ExploreLevel": 2,
    "NeedScore": 1100,
    "Drop": 47102,
    "ShowItem": 10802,
    "ScoreName": "Explore_HuangLong_Title3",
    "ScoreTexturePath": "/Game/Aki/UI/UIResources/Common/Image/IconForceLogo/T_Logo_03_UI.T_Logo_03_UI",
    "Show": true,
    "Pic": "/Game/Aki/UI/UIResources/Common/Atlas/SkillIcon/SkillIconNor/SP_IconT30.SP_IconT30",
    "RewardName": "",
    "Reward": "ItemInfo_10802_Name",
    "Help": 30
  },
  {
    "Id": 4,
    "Country": 1,
    "ExploreLevel": 3,
    "NeedScore": 1600,
    "Drop": 47103,
    "ShowItem": 10803,
    "ScoreName": "Explore_HuangLong_Title4",
    "ScoreTexturePath": "/Game/Aki/UI/UIResources/Common/Image/IconForceLogo/T_Logo_03_UI.T_Logo_03_UI",
    "Show": true,
    "Pic": "/Game/Aki/UI/UIResources/Common/Atlas/SkillIcon/SkillIconNor/SP_IconT32.SP_IconT32",
    "RewardName": "",
    "Reward": "ItemInfo_10803_Name",
    "Help": 28
  },
  {
    "Id": 5,
    "Country": 1,
    "ExploreLevel": 4,
    "NeedScore": 2100,
    "Drop": 47104,
    "ShowItem": 0,
    "ScoreName": "Explore_HuangLong_Title5",
    "ScoreTexturePath": "/Game/Aki/UI/UIResources/Common/Image/IconForceLogo/T_Logo_03_UI.T_Logo_03_UI",
    "Show": false,
    "Pic": "",
    "RewardName": "",
    "Reward": "",
    "Help": 0
  },
  {
    "Id": 6,
    "Country": 1,
    "ExploreLevel": 5,
    "NeedScore": 2600,
    "Drop": 47105,
    "ShowItem": 0,
    "ScoreName": "Explore_HuangLong_Title6",
    "ScoreTexturePath": "/Game/Aki/UI/UIResources/Common/Image/IconForceLogo/T_Logo_03_UI.T_Logo_03_UI",
    "Show": false,
    "Pic": "",
    "RewardName": "",
    "Reward": "",
    "Help": 0
  },
  {
    "Id": 7,
    "Country": 1,
    "ExploreLevel": 6,
    "NeedScore": 3100,
    "Drop": 47106,
    "ShowItem": 0,
    "ScoreName": "Explore_HuangLong_Title7",
    "ScoreTexturePath": "/Game/Aki/UI/UIResources/Common/Image/IconForceLogo/T_Logo_03_UI.T_Logo_03_UI",
    "Show": false,
    "Pic": "",
    "RewardName": "",
    "Reward": "",
    "Help": 0
  },
  {
    "Id": 8,
    "Country": 1,
    "ExploreLevel": 7,
    "NeedScore": 3800,
    "Drop": 47107,
    "ShowItem": 0,
    "ScoreName": "Explore_HuangLong_Title8",
    "ScoreTexturePath": "/Game/Aki/UI/UIResources/Common/Image/IconForceLogo/T_Logo_03_UI.T_Logo_03_UI",
    "Show": false,
    "Pic": "",
    "RewardName": "",
    "Reward": "",
    "Help": 0
  },
  {
    "Id": 9,
    "Country": 1,
    "ExploreLevel": 8,
    "NeedScore": 4500,
    "Drop": 47108,
    "ShowItem": 0,
    "ScoreName": "Explore_HuangLong_Title9",
    "ScoreTexturePath": "/Game/Aki/UI/UIResources/Common/Image/IconForceLogo/T_Logo_03_UI.T_Logo_03_UI",
    "Show": false,
    "Pic": "",
    "RewardName": "",
    "Reward": "",
    "Help": 0
  },
  {
    "Id": 10,
    "Country": 1,
    "ExploreLevel": 9,
    "NeedScore": 5200,
    "Drop": 47109,
    "ShowItem": 0,
    "ScoreName": "Explore_HuangLong_Title10",
    "ScoreTexturePath": "/Game/Aki/UI/UIResources/Common/Image/IconForceLogo/T_Logo_03_UI.T_Logo_03_UI",
    "Show": false,
    "Pic": "",
    "RewardName": "",
    "Reward": "",
    "Help": 0
  },
  {
    "Id": 11,
    "Country": 1,
    "ExploreLevel": 10,
    "NeedScore": 0,
    "Drop": 47110,
    "ShowItem": 0,
    "ScoreName": "Explore_HuangLong_Title11",
    "ScoreTexturePath": "/Game/Aki/UI/UIResources/Common/Image/IconForceLogo/T_Logo_03_UI.T_Logo_03_UI",
    "Show": false,
    "Pic": "",
    "RewardName": "",
    "Reward": "",
    "Help": 0
  }
]