[
  {
    "Id": 1,
    "Area": 2,
    "ExploreType": 2,
    "TypeName": "ExploreProgress_1_TypeName",
    "CountMode": 0,
    "PhantomSkillId": 0,
    "UnlockTextId": "ExploreLevelDefaultUnlockText",
    "LockTextId": "ExploreLevelDefaultLockText",
    "SortIndex": 1
  },
  {
    "Id": 2,
    "Area": 2,
    "ExploreType": 3,
    "TypeName": "ExploreProgress_3_TypeName",
    "CountMode": 0,
    "PhantomSkillId": 1011,
    "UnlockTextId": "ExploreTips2",
    "LockTextId": "ExploreTips1",
    "SortIndex": 2
  },
  {
    "Id": 3,
    "Area": 2,
    "ExploreType": 1,
    "TypeName": "ExploreProgress_2_TypeName",
    "CountMode": 0,
    "PhantomSkillId": 1012,
    "UnlockTextId": "ExploreTips4",
    "LockTextId": "ExploreTips3",
    "SortIndex": 3
  },
  {
    "Id": 11,
    "Area": 4,
    "ExploreType": 3,
    "TypeName": "ExploreProgress_3_TypeName",
    "CountMode": 0,
    "PhantomSkillId": 1011,
    "UnlockTextId": "ExploreTips2",
    "LockTextId": "ExploreTips1",
    "SortIndex": 2
  },
  {
    "Id": 12,
    "Area": 4,
    "ExploreType": 1,
    "TypeName": "ExploreProgress_2_TypeName",
    "CountMode": 0,
    "PhantomSkillId": 1012,
    "UnlockTextId": "ExploreTips4",
    "LockTextId": "ExploreTips3",
    "SortIndex": 3
  },
  {
    "Id": 13,
    "Area": 4,
    "ExploreType": 5,
    "TypeName": "ExploreProgress_6_TypeName",
    "CountMode": 0,
    "PhantomSkillId": 0,
    "UnlockTextId": "ExploreLevelDefaultUnlockText",
    "LockTextId": "ExploreLevelDefaultLockText",
    "SortIndex": 5
  },
  {
    "Id": 21,
    "Area": 6,
    "ExploreType": 3,
    "TypeName": "ExploreProgress_3_TypeName",
    "CountMode": 0,
    "PhantomSkillId": 1011,
    "UnlockTextId": "ExploreTips2",
    "LockTextId": "ExploreTips1",
    "SortIndex": 2
  },
  {
    "Id": 22,
    "Area": 6,
    "ExploreType": 1,
    "TypeName": "ExploreProgress_2_TypeName",
    "CountMode": 0,
    "PhantomSkillId": 1012,
    "UnlockTextId": "ExploreTips4",
    "LockTextId": "ExploreTips3",
    "SortIndex": 3
  },
  {
    "Id": 23,
    "Area": 6,
    "ExploreType": 5,
    "TypeName": "ExploreProgress_6_TypeName",
    "CountMode": 0,
    "PhantomSkillId": 0,
    "UnlockTextId": "ExploreLevelDefaultUnlockText",
    "LockTextId": "ExploreLevelDefaultLockText",
    "SortIndex": 5
  },
  {
    "Id": 24,
    "Area": 6,
    "ExploreType": 4,
    "TypeName": "ExploreProgress_4_TypeName",
    "CountMode": 0,
    "PhantomSkillId": 0,
    "UnlockTextId": "ExploreLevelDefaultUnlockText",
    "LockTextId": "ExploreLevelDefaultLockText",
    "SortIndex": 7
  },
  {
    "Id": 31,
    "Area": 8,
    "ExploreType": 3,
    "TypeName": "ExploreProgress_3_TypeName",
    "CountMode": 0,
    "PhantomSkillId": 1011,
    "UnlockTextId": "ExploreTips2",
    "LockTextId": "ExploreTips1",
    "SortIndex": 2
  },
  {
    "Id": 32,
    "Area": 8,
    "ExploreType": 1,
    "TypeName": "ExploreProgress_2_TypeName",
    "CountMode": 0,
    "PhantomSkillId": 1012,
    "UnlockTextId": "ExploreTips4",
    "LockTextId": "ExploreTips3",
    "SortIndex": 3
  },
  {
    "Id": 33,
    "Area": 8,
    "ExploreType": 5,
    "TypeName": "ExploreProgress_6_TypeName",
    "CountMode": 0,
    "PhantomSkillId": 0,
    "UnlockTextId": "ExploreLevelDefaultUnlockText",
    "LockTextId": "ExploreLevelDefaultLockText",
    "SortIndex": 5
  },
  {
    "Id": 34,
    "Area": 8,
    "ExploreType": 4,
    "TypeName": "ExploreProgress_4_TypeName",
    "CountMode": 0,
    "PhantomSkillId": 0,
    "UnlockTextId": "ExploreLevelDefaultUnlockText",
    "LockTextId": "ExploreLevelDefaultLockText",
    "SortIndex": 7
  },
  {
    "Id": 41,
    "Area": 10,
    "ExploreType": 3,
    "TypeName": "ExploreProgress_3_TypeName",
    "CountMode": 0,
    "PhantomSkillId": 1011,
    "UnlockTextId": "ExploreTips2",
    "LockTextId": "ExploreTips1",
    "SortIndex": 2
  },
  {
    "Id": 42,
    "Area": 10,
    "ExploreType": 1,
    "TypeName": "ExploreProgress_2_TypeName",
    "CountMode": 0,
    "PhantomSkillId": 1012,
    "UnlockTextId": "ExploreTips4",
    "LockTextId": "ExploreTips3",
    "SortIndex": 3
  },
  {
    "Id": 43,
    "Area": 10,
    "ExploreType": 5,
    "TypeName": "ExploreProgress_6_TypeName",
    "CountMode": 0,
    "PhantomSkillId": 0,
    "UnlockTextId": "ExploreLevelDefaultUnlockText",
    "LockTextId": "ExploreLevelDefaultLockText",
    "SortIndex": 5
  },
  {
    "Id": 44,
    "Area": 10,
    "ExploreType": 4,
    "TypeName": "ExploreProgress_4_TypeName",
    "CountMode": 0,
    "PhantomSkillId": 0,
    "UnlockTextId": "ExploreLevelDefaultUnlockText",
    "LockTextId": "ExploreLevelDefaultLockText",
    "SortIndex": 7
  },
  {
    "Id": 51,
    "Area": 12,
    "ExploreType": 3,
    "TypeName": "ExploreProgress_3_TypeName",
    "CountMode": 0,
    "PhantomSkillId": 1011,
    "UnlockTextId": "ExploreTips2",
    "LockTextId": "ExploreTips1",
    "SortIndex": 2
  },
  {
    "Id": 52,
    "Area": 12,
    "ExploreType": 1,
    "TypeName": "ExploreProgress_2_TypeName",
    "CountMode": 0,
    "PhantomSkillId": 1012,
    "UnlockTextId": "ExploreTips4",
    "LockTextId": "ExploreTips3",
    "SortIndex": 3
  },
  {
    "Id": 53,
    "Area": 12,
    "ExploreType": 5,
    "TypeName": "ExploreProgress_6_TypeName",
    "CountMode": 0,
    "PhantomSkillId": 0,
    "UnlockTextId": "ExploreLevelDefaultUnlockText",
    "LockTextId": "ExploreLevelDefaultLockText",
    "SortIndex": 5
  },
  {
    "Id": 54,
    "Area": 12,
    "ExploreType": 4,
    "TypeName": "ExploreProgress_4_TypeName",
    "CountMode": 0,
    "PhantomSkillId": 0,
    "UnlockTextId": "ExploreLevelDefaultUnlockText",
    "LockTextId": "ExploreLevelDefaultLockText",
    "SortIndex": 7
  },
  {
    "Id": 6,
    "Area": 3,
    "ExploreType": 2,
    "TypeName": "ExploreProgress_1_TypeName",
    "CountMode": 0,
    "PhantomSkillId": 0,
    "UnlockTextId": "ExploreLevelDefaultUnlockText",
    "LockTextId": "ExploreLevelDefaultLockText",
    "SortIndex": 1
  },
  {
    "Id": 7,
    "Area": 3,
    "ExploreType": 3,
    "TypeName": "ExploreProgress_3_TypeName",
    "CountMode": 0,
    "PhantomSkillId": 1011,
    "UnlockTextId": "ExploreTips2",
    "LockTextId": "ExploreTips1",
    "SortIndex": 2
  },
  {
    "Id": 8,
    "Area": 3,
    "ExploreType": 1,
    "TypeName": "ExploreProgress_2_TypeName",
    "CountMode": 0,
    "PhantomSkillId": 1012,
    "UnlockTextId": "ExploreTips4",
    "LockTextId": "ExploreTips3",
    "SortIndex": 3
  },
  {
    "Id": 9,
    "Area": 3,
    "ExploreType": 5,
    "TypeName": "ExploreProgress_6_TypeName",
    "CountMode": 0,
    "PhantomSkillId": 0,
    "UnlockTextId": "ExploreLevelDefaultUnlockText",
    "LockTextId": "ExploreLevelDefaultLockText",
    "SortIndex": 5
  },
  {
    "Id": 14,
    "Area": 4,
    "ExploreType": 4,
    "TypeName": "ExploreProgress_4_TypeName",
    "CountMode": 0,
    "PhantomSkillId": 0,
    "UnlockTextId": "ExploreLevelDefaultUnlockText",
    "LockTextId": "ExploreLevelDefaultLockText",
    "SortIndex": 7
  },
  {
    "Id": 15,
    "Area": 5,
    "ExploreType": 2,
    "TypeName": "ExploreProgress_1_TypeName",
    "CountMode": 0,
    "PhantomSkillId": 0,
    "UnlockTextId": "ExploreLevelDefaultUnlockText",
    "LockTextId": "ExploreLevelDefaultLockText",
    "SortIndex": 1
  },
  {
    "Id": 16,
    "Area": 5,
    "ExploreType": 3,
    "TypeName": "ExploreProgress_3_TypeName",
    "CountMode": 0,
    "PhantomSkillId": 1011,
    "UnlockTextId": "ExploreTips2",
    "LockTextId": "ExploreTips1",
    "SortIndex": 2
  },
  {
    "Id": 17,
    "Area": 5,
    "ExploreType": 1,
    "TypeName": "ExploreProgress_2_TypeName",
    "CountMode": 0,
    "PhantomSkillId": 1012,
    "UnlockTextId": "ExploreTips4",
    "LockTextId": "ExploreTips3",
    "SortIndex": 3
  },
  {
    "Id": 18,
    "Area": 5,
    "ExploreType": 5,
    "TypeName": "ExploreProgress_6_TypeName",
    "CountMode": 0,
    "PhantomSkillId": 0,
    "UnlockTextId": "ExploreLevelDefaultUnlockText",
    "LockTextId": "ExploreLevelDefaultLockText",
    "SortIndex": 5
  },
  {
    "Id": 19,
    "Area": 5,
    "ExploreType": 4,
    "TypeName": "ExploreProgress_4_TypeName",
    "CountMode": 0,
    "PhantomSkillId": 0,
    "UnlockTextId": "ExploreLevelDefaultUnlockText",
    "LockTextId": "ExploreLevelDefaultLockText",
    "SortIndex": 7
  },
  {
    "Id": 25,
    "Area": 7,
    "ExploreType": 2,
    "TypeName": "ExploreProgress_1_TypeName",
    "CountMode": 0,
    "PhantomSkillId": 0,
    "UnlockTextId": "ExploreLevelDefaultUnlockText",
    "LockTextId": "ExploreLevelDefaultLockText",
    "SortIndex": 1
  },
  {
    "Id": 26,
    "Area": 7,
    "ExploreType": 3,
    "TypeName": "ExploreProgress_3_TypeName",
    "CountMode": 0,
    "PhantomSkillId": 1011,
    "UnlockTextId": "ExploreTips2",
    "LockTextId": "ExploreTips1",
    "SortIndex": 2
  },
  {
    "Id": 27,
    "Area": 7,
    "ExploreType": 1,
    "TypeName": "ExploreProgress_2_TypeName",
    "CountMode": 0,
    "PhantomSkillId": 1012,
    "UnlockTextId": "ExploreTips4",
    "LockTextId": "ExploreTips3",
    "SortIndex": 3
  },
  {
    "Id": 28,
    "Area": 7,
    "ExploreType": 5,
    "TypeName": "ExploreProgress_6_TypeName",
    "CountMode": 0,
    "PhantomSkillId": 0,
    "UnlockTextId": "ExploreLevelDefaultUnlockText",
    "LockTextId": "ExploreLevelDefaultLockText",
    "SortIndex": 5
  },
  {
    "Id": 29,
    "Area": 7,
    "ExploreType": 4,
    "TypeName": "ExploreProgress_4_TypeName",
    "CountMode": 0,
    "PhantomSkillId": 0,
    "UnlockTextId": "ExploreLevelDefaultUnlockText",
    "LockTextId": "ExploreLevelDefaultLockText",
    "SortIndex": 7
  },
  {
    "Id": 55,
    "Area": 14,
    "ExploreType": 2,
    "TypeName": "ExploreProgress_1_TypeName",
    "CountMode": 0,
    "PhantomSkillId": 0,
    "UnlockTextId": "ExploreLevelDefaultUnlockText",
    "LockTextId": "ExploreLevelDefaultLockText",
    "SortIndex": 1
  },
  {
    "Id": 4,
    "Area": 2,
    "ExploreType": 5,
    "TypeName": "ExploreProgress_6_TypeName",
    "CountMode": 0,
    "PhantomSkillId": 0,
    "UnlockTextId": "ExploreLevelDefaultUnlockText",
    "LockTextId": "ExploreLevelDefaultLockText",
    "SortIndex": 5
  },
  {
    "Id": 5,
    "Area": 2,
    "ExploreType": 4,
    "TypeName": "ExploreProgress_4_TypeName",
    "CountMode": 0,
    "PhantomSkillId": 0,
    "UnlockTextId": "ExploreLevelDefaultUnlockText",
    "LockTextId": "ExploreLevelDefaultLockText",
    "SortIndex": 7
  },
  {
    "Id": 20,
    "Area": 6,
    "ExploreType": 2,
    "TypeName": "ExploreProgress_1_TypeName",
    "CountMode": 0,
    "PhantomSkillId": 0,
    "UnlockTextId": "ExploreLevelDefaultUnlockText",
    "LockTextId": "ExploreLevelDefaultLockText",
    "SortIndex": 1
  },
  {
    "Id": 30,
    "Area": 8,
    "ExploreType": 2,
    "TypeName": "ExploreProgress_1_TypeName",
    "CountMode": 0,
    "PhantomSkillId": 0,
    "UnlockTextId": "ExploreLevelDefaultUnlockText",
    "LockTextId": "ExploreLevelDefaultLockText",
    "SortIndex": 1
  },
  {
    "Id": 35,
    "Area": 9,
    "ExploreType": 2,
    "TypeName": "ExploreProgress_1_TypeName",
    "CountMode": 0,
    "PhantomSkillId": 0,
    "UnlockTextId": "ExploreLevelDefaultUnlockText",
    "LockTextId": "ExploreLevelDefaultLockText",
    "SortIndex": 1
  },
  {
    "Id": 36,
    "Area": 9,
    "ExploreType": 3,
    "TypeName": "ExploreProgress_3_TypeName",
    "CountMode": 0,
    "PhantomSkillId": 1011,
    "UnlockTextId": "ExploreTips2",
    "LockTextId": "ExploreTips1",
    "SortIndex": 2
  },
  {
    "Id": 37,
    "Area": 9,
    "ExploreType": 1,
    "TypeName": "ExploreProgress_2_TypeName",
    "CountMode": 0,
    "PhantomSkillId": 1012,
    "UnlockTextId": "ExploreTips4",
    "LockTextId": "ExploreTips3",
    "SortIndex": 3
  },
  {
    "Id": 38,
    "Area": 9,
    "ExploreType": 5,
    "TypeName": "ExploreProgress_6_TypeName",
    "CountMode": 0,
    "PhantomSkillId": 0,
    "UnlockTextId": "ExploreLevelDefaultUnlockText",
    "LockTextId": "ExploreLevelDefaultLockText",
    "SortIndex": 5
  },
  {
    "Id": 39,
    "Area": 9,
    "ExploreType": 4,
    "TypeName": "ExploreProgress_4_TypeName",
    "CountMode": 0,
    "PhantomSkillId": 0,
    "UnlockTextId": "ExploreLevelDefaultUnlockText",
    "LockTextId": "ExploreLevelDefaultLockText",
    "SortIndex": 7
  },
  {
    "Id": 40,
    "Area": 10,
    "ExploreType": 2,
    "TypeName": "ExploreProgress_1_TypeName",
    "CountMode": 0,
    "PhantomSkillId": 0,
    "UnlockTextId": "ExploreLevelDefaultUnlockText",
    "LockTextId": "ExploreLevelDefaultLockText",
    "SortIndex": 1
  },
  {
    "Id": 56,
    "Area": 14,
    "ExploreType": 8,
    "TypeName": "ExploreProgress_9_TypeName",
    "CountMode": 0,
    "PhantomSkillId": 1011,
    "UnlockTextId": "ExploreTips2",
    "LockTextId": "ExploreTips1",
    "SortIndex": 2
  },
  {
    "Id": 57,
    "Area": 14,
    "ExploreType": 1,
    "TypeName": "ExploreProgress_2_TypeName",
    "CountMode": 0,
    "PhantomSkillId": 1012,
    "UnlockTextId": "ExploreTips4",
    "LockTextId": "ExploreTips3",
    "SortIndex": 3
  },
  {
    "Id": 58,
    "Area": 14,
    "ExploreType": 9,
    "TypeName": "ExploreProgress_10_TypeName",
    "CountMode": 0,
    "PhantomSkillId": 0,
    "UnlockTextId": "ExploreLevelDefaultUnlockText",
    "LockTextId": "ExploreLevelDefaultLockText",
    "SortIndex": 5
  },
  {
    "Id": 50,
    "Area": 12,
    "ExploreType": 2,
    "TypeName": "ExploreProgress_1_TypeName",
    "CountMode": 0,
    "PhantomSkillId": 0,
    "UnlockTextId": "ExploreLevelDefaultUnlockText",
    "LockTextId": "ExploreLevelDefaultLockText",
    "SortIndex": 1
  },
  {
    "Id": 10,
    "Area": 4,
    "ExploreType": 2,
    "TypeName": "ExploreProgress_1_TypeName",
    "CountMode": 0,
    "PhantomSkillId": 0,
    "UnlockTextId": "ExploreLevelDefaultUnlockText",
    "LockTextId": "ExploreLevelDefaultLockText",
    "SortIndex": 1
  },
  {
    "Id": 61,
    "Area": 2,
    "ExploreType": 6,
    "TypeName": "ExploreProgress_8_TypeName",
    "CountMode": 0,
    "PhantomSkillId": 0,
    "UnlockTextId": "ExploreLevelDefaultUnlockText",
    "LockTextId": "ExploreLevelDefaultLockText",
    "SortIndex": 4
  },
  {
    "Id": 63,
    "Area": 3,
    "ExploreType": 6,
    "TypeName": "ExploreProgress_8_TypeName",
    "CountMode": 0,
    "PhantomSkillId": 0,
    "UnlockTextId": "ExploreLevelDefaultUnlockText",
    "LockTextId": "ExploreLevelDefaultLockText",
    "SortIndex": 4
  },
  {
    "Id": 65,
    "Area": 4,
    "ExploreType": 6,
    "TypeName": "ExploreProgress_8_TypeName",
    "CountMode": 0,
    "PhantomSkillId": 0,
    "UnlockTextId": "ExploreLevelDefaultUnlockText",
    "LockTextId": "ExploreLevelDefaultLockText",
    "SortIndex": 4
  },
  {
    "Id": 69,
    "Area": 6,
    "ExploreType": 6,
    "TypeName": "ExploreProgress_8_TypeName",
    "CountMode": 0,
    "PhantomSkillId": 0,
    "UnlockTextId": "ExploreLevelDefaultUnlockText",
    "LockTextId": "ExploreLevelDefaultLockText",
    "SortIndex": 4
  },
  {
    "Id": 71,
    "Area": 7,
    "ExploreType": 6,
    "TypeName": "ExploreProgress_8_TypeName",
    "CountMode": 0,
    "PhantomSkillId": 0,
    "UnlockTextId": "ExploreLevelDefaultUnlockText",
    "LockTextId": "ExploreLevelDefaultLockText",
    "SortIndex": 4
  },
  {
    "Id": 73,
    "Area": 8,
    "ExploreType": 6,
    "TypeName": "ExploreProgress_8_TypeName",
    "CountMode": 0,
    "PhantomSkillId": 0,
    "UnlockTextId": "ExploreLevelDefaultUnlockText",
    "LockTextId": "ExploreLevelDefaultLockText",
    "SortIndex": 4
  },
  {
    "Id": 77,
    "Area": 10,
    "ExploreType": 6,
    "TypeName": "ExploreProgress_8_TypeName",
    "CountMode": 0,
    "PhantomSkillId": 0,
    "UnlockTextId": "ExploreLevelDefaultUnlockText",
    "LockTextId": "ExploreLevelDefaultLockText",
    "SortIndex": 4
  },
  {
    "Id": 81,
    "Area": 12,
    "ExploreType": 6,
    "TypeName": "ExploreProgress_8_TypeName",
    "CountMode": 0,
    "PhantomSkillId": 0,
    "UnlockTextId": "ExploreLevelDefaultUnlockText",
    "LockTextId": "ExploreLevelDefaultLockText",
    "SortIndex": 4
  },
  {
    "Id": 83,
    "Area": 14,
    "ExploreType": 6,
    "TypeName": "ExploreProgress_8_TypeName",
    "CountMode": 0,
    "PhantomSkillId": 0,
    "UnlockTextId": "ExploreLevelDefaultUnlockText",
    "LockTextId": "ExploreLevelDefaultLockText",
    "SortIndex": 4
  },
  {
    "Id": 101,
    "Area": 11,
    "ExploreType": 2,
    "TypeName": "ExploreProgress_1_TypeName",
    "CountMode": 0,
    "PhantomSkillId": 0,
    "UnlockTextId": "ExploreLevelDefaultUnlockText",
    "LockTextId": "ExploreLevelDefaultLockText",
    "SortIndex": 1
  },
  {
    "Id": 102,
    "Area": 11,
    "ExploreType": 1,
    "TypeName": "ExploreProgress_2_TypeName",
    "CountMode": 0,
    "PhantomSkillId": 1012,
    "UnlockTextId": "ExploreTips4",
    "LockTextId": "ExploreTips3",
    "SortIndex": 3
  },
  {
    "Id": 105,
    "Area": 11,
    "ExploreType": 11,
    "TypeName": "ExploreProgress_11_TypeName",
    "CountMode": 0,
    "PhantomSkillId": 0,
    "UnlockTextId": "ExploreLevelDefaultUnlockText",
    "LockTextId": "ExploreLevelDefaultLockText",
    "SortIndex": 7
  },
  {
    "Id": 106,
    "Area": 11,
    "ExploreType": 6,
    "TypeName": "ExploreProgress_8_TypeName",
    "CountMode": 0,
    "PhantomSkillId": 0,
    "UnlockTextId": "ExploreLevelDefaultUnlockText",
    "LockTextId": "ExploreLevelDefaultLockText",
    "SortIndex": 4
  },
  {
    "Id": 201,
    "Area": 15,
    "ExploreType": 2,
    "TypeName": "ExploreProgress_1_TypeName",
    "CountMode": 0,
    "PhantomSkillId": 0,
    "UnlockTextId": "ExploreLevelDefaultUnlockText",
    "LockTextId": "ExploreLevelDefaultLockText",
    "SortIndex": 1
  },
  {
    "Id": 202,
    "Area": 15,
    "ExploreType": 1,
    "TypeName": "ExploreProgress_2_TypeName",
    "CountMode": 0,
    "PhantomSkillId": 1012,
    "UnlockTextId": "ExploreTips4",
    "LockTextId": "ExploreTips3",
    "SortIndex": 3
  },
  {
    "Id": 205,
    "Area": 15,
    "ExploreType": 11,
    "TypeName": "ExploreProgress_11_TypeName",
    "CountMode": 0,
    "PhantomSkillId": 0,
    "UnlockTextId": "ExploreLevelDefaultUnlockText",
    "LockTextId": "ExploreLevelDefaultLockText",
    "SortIndex": 7
  },
  {
    "Id": 206,
    "Area": 15,
    "ExploreType": 6,
    "TypeName": "ExploreProgress_8_TypeName",
    "CountMode": 0,
    "PhantomSkillId": 0,
    "UnlockTextId": "ExploreLevelDefaultUnlockText",
    "LockTextId": "ExploreLevelDefaultLockText",
    "SortIndex": 4
  }
]