[
  {
    "Id": 1,
    "GroupId": 1,
    "Title": "HelpText_1_Title",
    "Picture": "/Game/Aki/UI/UIResources/Common/Image/ImgHelp/T_ImgHelp_Default_UI.T_ImgHelp_Default_UI",
    "Content": "HelpText_1_Content",
    "Type": 0
  },
  {
    "Id": 2,
    "GroupId": 1,
    "Title": "HelpText_2_Title",
    "Picture": "/Game/Aki/UI/UIResources/Common/Image/ImgHelp/T_ImgHelp_Default_UI.T_ImgHelp_Default_UI",
    "Content": "",
    "Type": 0
  },
  {
    "Id": 3,
    "GroupId": 1,
    "Title": "HelpText_3_Title",
    "Picture": "/Game/Aki/UI/UIResources/Common/Image/ImgHelp/T_ImgHelp_Default_UI.T_ImgHelp_Default_UI",
    "Content": "",
    "Type": 0
  },
  {
    "Id": 4,
    "GroupId": 2,
    "Title": "HelpText_4_Title",
    "Picture": "",
    "Content": "",
    "Type": 0
  },
  {
    "Id": 5,
    "GroupId": 3,
    "Title": "HelpText_5_Title",
    "Picture": "",
    "Content": "HelpText_5_Content",
    "Type": 0
  },
  {
    "Id": 6,
    "GroupId": 4,
    "Title": "HelpText_6_Title",
    "Picture": "",
    "Content": "HelpText_6_Content",
    "Type": 0
  },
  {
    "Id": 7,
    "GroupId": 4,
    "Title": "HelpText_7_Title",
    "Picture": "/Game/Aki/UI/UIResources/Common/Image/ImgHelp/T_ImgHelp_Default_UI.T_ImgHelp_Default_UI",
    "Content": "HelpText_7_Content",
    "Type": 0
  },
  {
    "Id": 8,
    "GroupId": 4,
    "Title": "HelpText_8_Title",
    "Picture": "/Game/Aki/UI/UIResources/Common/Image/ImgHelp/T_ImgHelp_Default_UI.T_ImgHelp_Default_UI",
    "Content": "HelpText_8_Content",
    "Type": 0
  },
  {
    "Id": 9,
    "GroupId": 4,
    "Title": "HelpText_9_Title",
    "Picture": "",
    "Content": "HelpText_9_Content",
    "Type": 0
  },
  {
    "Id": 10,
    "GroupId": 5,
    "Title": "HelpText_10_Title",
    "Picture": "",
    "Content": "HelpText_10_Content",
    "Type": 0
  },
  {
    "Id": 11,
    "GroupId": 5,
    "Title": "HelpText_11_Title",
    "Picture": "/Game/Aki/UI/UIResources/Common/Image/ImgHelp/T_ImgHelp_Default_UI.T_ImgHelp_Default_UI",
    "Content": "HelpText_11_Content",
    "Type": 0
  },
  {
    "Id": 12,
    "GroupId": 5,
    "Title": "HelpText_12_Title",
    "Picture": "/Game/Aki/UI/UIResources/Common/Image/ImgHelp/T_ImgHelp_Default_UI.T_ImgHelp_Default_UI",
    "Content": "",
    "Type": 0
  },
  {
    "Id": 13,
    "GroupId": 6,
    "Title": "HelpText_13_Title",
    "Picture": "",
    "Content": "HelpText_13_Content",
    "Type": 0
  },
  {
    "Id": 14,
    "GroupId": 6,
    "Title": "HelpText_14_Title",
    "Picture": "/Game/Aki/UI/UIResources/Common/Image/ImgHelp/T_ImgHelp_Default_UI.T_ImgHelp_Default_UI",
    "Content": "HelpText_14_Content",
    "Type": 0
  },
  {
    "Id": 15,
    "GroupId": 6,
    "Title": "HelpText_15_Title",
    "Picture": "/Game/Aki/UI/UIResources/Common/Image/ImgHelp/T_ImgHelp_Default_UI.T_ImgHelp_Default_UI",
    "Content": "",
    "Type": 0
  },
  {
    "Id": 16,
    "GroupId": 7,
    "Title": "HelpText_16_Title",
    "Picture": "",
    "Content": "HelpText_16_Content",
    "Type": 0
  },
  {
    "Id": 17,
    "GroupId": 7,
    "Title": "HelpText_17_Title",
    "Picture": "/Game/Aki/UI/UIResources/Common/Image/ImgHelp/T_ImgHelp_Default_UI.T_ImgHelp_Default_UI",
    "Content": "HelpText_17_Content",
    "Type": 0
  },
  {
    "Id": 2200101,
    "GroupId": 22001,
    "Title": "HelpText_2200101_Title",
    "Picture": "",
    "Content": "HelpText_2200101_Content",
    "Type": 0
  },
  {
    "Id": 2200102,
    "GroupId": 22001,
    "Title": "HelpText_2200102_Title",
    "Picture": "/Game/Aki/UI/UIResources/Common/Image/ImgHelp/T_ImgHelp_Default_UI.T_ImgHelp_Default_UI",
    "Content": "HelpText_2200102_Content",
    "Type": 0
  },
  {
    "Id": 2200103,
    "GroupId": 22001,
    "Title": "HelpText_2200103_Title",
    "Picture": "/Game/Aki/UI/UIResources/Common/Image/ImgHelp/T_ImgHelp_Default_UI.T_ImgHelp_Default_UI",
    "Content": "HelpText_2200103_Content",
    "Type": 0
  },
  {
    "Id": 2200104,
    "GroupId": 22001,
    "Title": "HelpText_2200104_Title",
    "Picture": "",
    "Content": "HelpText_2200104_Content",
    "Type": 0
  },
  {
    "Id": 2200201,
    "GroupId": 22002,
    "Title": "HelpText_2200201_Title",
    "Picture": "",
    "Content": "HelpText_2200201_Content",
    "Type": 0
  },
  {
    "Id": 2200202,
    "GroupId": 22002,
    "Title": "HelpText_2200202_Title",
    "Picture": "/Game/Aki/UI/UIResources/Common/Image/ImgHelp/T_ImgHelp_Default_UI.T_ImgHelp_Default_UI",
    "Content": "HelpText_2200202_Content",
    "Type": 0
  },
  {
    "Id": 2200203,
    "GroupId": 22002,
    "Title": "HelpText_2200203_Title",
    "Picture": "/Game/Aki/UI/UIResources/Common/Image/ImgHelp/T_ImgHelp_Default_UI.T_ImgHelp_Default_UI",
    "Content": "",
    "Type": 0
  },
  {
    "Id": 2200301,
    "GroupId": 22003,
    "Title": "HelpText_2200301_Title",
    "Picture": "",
    "Content": "HelpText_2200301_Content",
    "Type": 0
  },
  {
    "Id": 2200302,
    "GroupId": 22003,
    "Title": "HelpText_2200302_Title",
    "Picture": "/Game/Aki/UI/UIResources/Common/Image/ImgHelp/T_ImgHelp_Default_UI.T_ImgHelp_Default_UI",
    "Content": "HelpText_2200302_Content",
    "Type": 0
  },
  {
    "Id": 2200303,
    "GroupId": 22003,
    "Title": "HelpText_2200303_Title",
    "Picture": "/Game/Aki/UI/UIResources/Common/Image/ImgHelp/T_ImgHelp_Default_UI.T_ImgHelp_Default_UI",
    "Content": "",
    "Type": 0
  },
  {
    "Id": 2200401,
    "GroupId": 22004,
    "Title": "HelpText_2200401_Title",
    "Picture": "",
    "Content": "HelpText_2200401_Content",
    "Type": 0
  },
  {
    "Id": 2200402,
    "GroupId": 22004,
    "Title": "HelpText_2200402_Title",
    "Picture": "/Game/Aki/UI/UIResources/Common/Image/ImgHelp/T_ImgHelp_Default_UI.T_ImgHelp_Default_UI",
    "Content": "HelpText_2200402_Content",
    "Type": 0
  },
  {
    "Id": 2300101,
    "GroupId": 23001,
    "Title": "HelpText_2300101_Title",
    "Picture": "",
    "Content": "HelpText_2300101_Content",
    "Type": 0
  },
  {
    "Id": 2300102,
    "GroupId": 23001,
    "Title": "HelpText_2300102_Title",
    "Picture": "",
    "Content": "HelpText_2300102_Content",
    "Type": 0
  },
  {
    "Id": 2300103,
    "GroupId": 23001,
    "Title": "HelpText_2300103_Title",
    "Picture": "",
    "Content": "HelpText_2300103_Content",
    "Type": 0
  },
  {
    "Id": 2300201,
    "GroupId": 23002,
    "Title": "HelpText_2300201_Title",
    "Picture": "",
    "Content": "HelpText_2300201_Content",
    "Type": 0
  },
  {
    "Id": 2300301,
    "GroupId": 23003,
    "Title": "HelpText_2300301_Title",
    "Picture": "",
    "Content": "HelpText_2300301_Content",
    "Type": 0
  },
  {
    "Id": 2300302,
    "GroupId": 23003,
    "Title": "HelpText_2300302_Title",
    "Picture": "",
    "Content": "HelpText_2300302_Content",
    "Type": 0
  },
  {
    "Id": 2300401,
    "GroupId": 23004,
    "Title": "HelpText_2300401_Title",
    "Picture": "",
    "Content": "HelpText_2300401_Content",
    "Type": 0
  },
  {
    "Id": 2300402,
    "GroupId": 23004,
    "Title": "HelpText_2300402_Title",
    "Picture": "",
    "Content": "HelpText_2300402_Content",
    "Type": 0
  },
  {
    "Id": 18,
    "GroupId": 8,
    "Title": "HelpText_18_Title",
    "Picture": "",
    "Content": "",
    "Type": 0
  },
  {
    "Id": 19,
    "GroupId": 9,
    "Title": "HelpText_19_Title",
    "Picture": "",
    "Content": "HelpText_19_Content",
    "Type": 0
  },
  {
    "Id": 20,
    "GroupId": 10,
    "Title": "HelpText_20_Title",
    "Picture": "",
    "Content": "HelpText_20_Content",
    "Type": 0
  },
  {
    "Id": 22,
    "GroupId": 12,
    "Title": "HelpText_22_Title",
    "Picture": "",
    "Content": "HelpText_22_Content",
    "Type": 0
  },
  {
    "Id": 23,
    "GroupId": 13,
    "Title": "HelpText_23_Title",
    "Picture": "",
    "Content": "HelpText_23_Content",
    "Type": 0
  },
  {
    "Id": 24,
    "GroupId": 14,
    "Title": "HelpText_24_Title",
    "Picture": "",
    "Content": "HelpText_24_Content",
    "Type": 0
  },
  {
    "Id": 25,
    "GroupId": 15,
    "Title": "HelpText_25_Title",
    "Picture": "",
    "Content": "HelpText_25_Content",
    "Type": 0
  },
  {
    "Id": 26,
    "GroupId": 16,
    "Title": "HelpText_26_Title",
    "Picture": "",
    "Content": "HelpText_26_Content",
    "Type": 0
  },
  {
    "Id": 27,
    "GroupId": 17,
    "Title": "HelpText_27_Title",
    "Picture": "",
    "Content": "HelpText_27_Content",
    "Type": 0
  },
  {
    "Id": 28,
    "GroupId": 18,
    "Title": "HelpText_28_Title",
    "Picture": "",
    "Content": "HelpText_28_Content",
    "Type": 0
  },
  {
    "Id": 29,
    "GroupId": 19,
    "Title": "HelpText_29_Title",
    "Picture": "",
    "Content": "HelpText_29_Content",
    "Type": 0
  },
  {
    "Id": 30,
    "GroupId": 20,
    "Title": "HelpText_30_Title",
    "Picture": "",
    "Content": "HelpText_30_Content",
    "Type": 0
  },
  {
    "Id": 31,
    "GroupId": 21,
    "Title": "HelpText_31_Title",
    "Picture": "",
    "Content": "HelpText_31_Content",
    "Type": 0
  },
  {
    "Id": 32,
    "GroupId": 22,
    "Title": "HelpText_32_Title",
    "Picture": "",
    "Content": "HelpText_32_Content",
    "Type": 0
  },
  {
    "Id": 33,
    "GroupId": 23,
    "Title": "HelpText_33_Title",
    "Picture": "",
    "Content": "HelpText_33_Content",
    "Type": 0
  },
  {
    "Id": 34,
    "GroupId": 24,
    "Title": "HelpText_34_Title",
    "Picture": "",
    "Content": "HelpText_34_Content",
    "Type": 0
  },
  {
    "Id": 35,
    "GroupId": 25,
    "Title": "HelpText_35_Title",
    "Picture": "",
    "Content": "HelpText_35_Content",
    "Type": 0
  },
  {
    "Id": 36,
    "GroupId": 26,
    "Title": "HelpText_36_Title",
    "Picture": "",
    "Content": "HelpText_36_Content",
    "Type": 0
  },
  {
    "Id": 37,
    "GroupId": 27,
    "Title": "HelpText_30_Title",
    "Picture": "",
    "Content": "HelpText_30_Content",
    "Type": 0
  },
  {
    "Id": 38,
    "GroupId": 28,
    "Title": "HelpText_37_Title",
    "Picture": "",
    "Content": "HelpText_37_Content",
    "Type": 0
  },
  {
    "Id": 39,
    "GroupId": 29,
    "Title": "HelpText_38_Title",
    "Picture": "",
    "Content": "HelpText_38_Content",
    "Type": 0
  },
  {
    "Id": 40,
    "GroupId": 30,
    "Title": "HelpText_39_Title",
    "Picture": "",
    "Content": "HelpText_39_Content",
    "Type": 0
  },
  {
    "Id": 41,
    "GroupId": 31,
    "Title": "HelpText_41_Title",
    "Picture": "",
    "Content": "HelpText_41_Content",
    "Type": 0
  },
  {
    "Id": 42,
    "GroupId": 32,
    "Title": "HelpText_42_Title",
    "Picture": "",
    "Content": "HelpText_42_Content",
    "Type": 0
  },
  {
    "Id": 43,
    "GroupId": 43,
    "Title": "HelpText_43_Title",
    "Picture": "",
    "Content": "HelpText_43_Content",
    "Type": 0
  },
  {
    "Id": 44,
    "GroupId": 44,
    "Title": "HelpText_44_Title",
    "Picture": "",
    "Content": "HelpText_44_Content",
    "Type": 0
  },
  {
    "Id": 45,
    "GroupId": 45,
    "Title": "HelpText_45_Title",
    "Picture": "",
    "Content": "HelpText_45_Content",
    "Type": 0
  },
  {
    "Id": 46,
    "GroupId": 46,
    "Title": "HelpText_46_Title",
    "Picture": "",
    "Content": "HelpText_46_Content",
    "Type": 0
  },
  {
    "Id": 47,
    "GroupId": 47,
    "Title": "HelpText_47_Title",
    "Picture": "",
    "Content": "HelpText_47_Content",
    "Type": 0
  },
  {
    "Id": 48,
    "GroupId": 48,
    "Title": "HelpText_48_Title",
    "Picture": "",
    "Content": "HelpText_48_Content",
    "Type": 0
  },
  {
    "Id": 49,
    "GroupId": 49,
    "Title": "HelpText_49_Title",
    "Picture": "",
    "Content": "HelpText_49_Content",
    "Type": 0
  },
  {
    "Id": 50,
    "GroupId": 50,
    "Title": "HelpText_50_Title",
    "Picture": "",
    "Content": "HelpText_50_Content",
    "Type": 0
  },
  {
    "Id": 51,
    "GroupId": 51,
    "Title": "HelpText_51_Title",
    "Picture": "",
    "Content": "HelpText_51_Content",
    "Type": 0
  },
  {
    "Id": 52,
    "GroupId": 52,
    "Title": "HelpText_52_Title",
    "Picture": "",
    "Content": "HelpText_52_Content",
    "Type": 0
  },
  {
    "Id": 53,
    "GroupId": 53,
    "Title": "HelpText_53_Title",
    "Picture": "",
    "Content": "HelpText_53_Content",
    "Type": 0
  },
  {
    "Id": 54,
    "GroupId": 54,
    "Title": "HelpText_54_Title",
    "Picture": "",
    "Content": "HelpText_54_Content",
    "Type": 0
  },
  {
    "Id": 55,
    "GroupId": 55,
    "Title": "HelpText_55_Title",
    "Picture": "",
    "Content": "HelpText_55_Content",
    "Type": 0
  },
  {
    "Id": 56,
    "GroupId": 56,
    "Title": "HelpText_56_Title",
    "Picture": "",
    "Content": "HelpText_56_Content",
    "Type": 0
  },
  {
    "Id": 57,
    "GroupId": 57,
    "Title": "HelpText_57_Title",
    "Picture": "",
    "Content": "HelpText_57_Content",
    "Type": 0
  },
  {
    "Id": 58,
    "GroupId": 58,
    "Title": "HelpText_58_Title",
    "Picture": "",
    "Content": "HelpText_58_Content",
    "Type": 0
  },
  {
    "Id": 59,
    "GroupId": 59,
    "Title": "HelpText_59_Title",
    "Picture": "",
    "Content": "HelpText_59_Content",
    "Type": 0
  },
  {
    "Id": 60,
    "GroupId": 60,
    "Title": "HelpText_60_Title",
    "Picture": "",
    "Content": "HelpText_60_Content",
    "Type": 0
  },
  {
    "Id": 61,
    "GroupId": 24291001,
    "Title": "Tutorial_09_Title",
    "Picture": "/Game/Aki/UI/UIResources/Common/Image/ImgHelp/T_ImgHelp_Jixianshanbi_01_UI.T_ImgHelp_Jixianshanbi_01_UI",
    "Content": "GuideTutorialPage_1000007_Content",
    "Type": 1
  },
  {
    "Id": 62,
    "GroupId": 24291002,
    "Title": "Tutorial_08_Title",
    "Picture": "/Game/Aki/UI/UIResources/Common/Image/ImgHelp/T_ImgHelp_Nishihuiji_01_UI.T_ImgHelp_Nishihuiji_01_UI",
    "Content": "GuideTutorialPage_1000006_Content",
    "Type": 1
  },
  {
    "Id": 63,
    "GroupId": 24291003,
    "Title": "Tutorial_16_Title",
    "Picture": "/Game/Aki/UI/UIResources/Common/Image/ImgHelp/T_ImgHelp_Yanzoujineng_01_UI.T_ImgHelp_Yanzoujineng_01_UI",
    "Content": "GuideTutorialPage_1000013_Content",
    "Type": 1
  },
  {
    "Id": 64,
    "GroupId": 24291003,
    "Title": "Tutorial_3001401_Title",
    "Picture": "/Game/Aki/UI/UIResources/Common/Image/ImgHelp/T_ImgHelp_Yanzoujineng_02_UI.T_ImgHelp_Yanzoujineng_02_UI",
    "Content": "GuideTutorialPage_3001401_Content",
    "Type": 1
  },
  {
    "Id": 65,
    "GroupId": 65,
    "Title": "HelpText_65_Title",
    "Picture": "",
    "Content": "HelpText_65_Content",
    "Type": 0
  },
  {
    "Id": 66,
    "GroupId": 66,
    "Title": "HelpText_66_Title",
    "Picture": "",
    "Content": "HelpText_66_Content",
    "Type": 0
  },
  {
    "Id": 67,
    "GroupId": 67,
    "Title": "HelpText_67_Title",
    "Picture": "",
    "Content": "HelpText_67_Content",
    "Type": 0
  },
  {
    "Id": 68,
    "GroupId": 68,
    "Title": "HelpText_60_Title",
    "Picture": "/Game/Aki/UI/UIResources/Common/Image/IconFunctionGuide/T_FunctionGuide01.T_FunctionGuide01",
    "Content": "HelpText_60_Content",
    "Type": 1
  },
  {
    "Id": 69,
    "GroupId": 69,
    "Title": "HelpText_69_Title",
    "Picture": "",
    "Content": "HelpText_69_Content",
    "Type": 0
  },
  {
    "Id": 70,
    "GroupId": 70,
    "Title": "HelpText_70_Title",
    "Picture": "",
    "Content": "HelpText_70_Content",
    "Type": 0
  },
  {
    "Id": 71,
    "GroupId": 71,
    "Title": "HelpText_71_Title",
    "Picture": "",
    "Content": "HelpText_71_Content",
    "Type": 0
  },
  {
    "Id": 72,
    "GroupId": 72,
    "Title": "HelpText_72_Title",
    "Picture": "",
    "Content": "HelpText_72_Content",
    "Type": 0
  },
  {
    "Id": 74,
    "GroupId": 74,
    "Title": "HelpText_74_Title",
    "Picture": "",
    "Content": "HelpText_74_Content",
    "Type": 0
  },
  {
    "Id": 73,
    "GroupId": 73,
    "Title": "HelpText_73_Title",
    "Picture": "",
    "Content": "HelpText_73_Content",
    "Type": 0
  },
  {
    "Id": 75,
    "GroupId": 75,
    "Title": "HelpText_75_Title",
    "Picture": "",
    "Content": "HelpText_75_Content",
    "Type": 0
  },
  {
    "Id": 76,
    "GroupId": 76,
    "Title": "HelpText_76_Title",
    "Picture": "",
    "Content": "HelpText_76_Content",
    "Type": 0
  },
  {
    "Id": 77,
    "GroupId": 77,
    "Title": "HelpText_77_Title",
    "Picture": "",
    "Content": "HelpText_77_Content",
    "Type": 0
  },
  {
    "Id": 78,
    "GroupId": 78,
    "Title": "HelpText_71_Title",
    "Picture": "",
    "Content": "HelpText_78_Content",
    "Type": 0
  },
  {
    "Id": 79,
    "GroupId": 79,
    "Title": "HelpText_79_Title",
    "Picture": "",
    "Content": "HelpText_79_Content",
    "Type": 0
  },
  {
    "Id": 80,
    "GroupId": 80,
    "Title": "HelpText_80_Title",
    "Picture": "",
    "Content": "HelpText_80_Content",
    "Type": 0
  },
  {
    "Id": 81,
    "GroupId": 81,
    "Title": "HelpText_71_Title",
    "Picture": "",
    "Content": "HelpText_78_Content",
    "Type": 0
  },
  {
    "Id": 82,
    "GroupId": 82,
    "Title": "HelpText_79_Title",
    "Picture": "",
    "Content": "HelpText_79_Content",
    "Type": 0
  },
  {
    "Id": 83,
    "GroupId": 83,
    "Title": "HelpText_80_Title",
    "Picture": "",
    "Content": "HelpText_80_Content",
    "Type": 0
  },
  {
    "Id": 84,
    "GroupId": 84,
    "Title": "HelpText_84_Title",
    "Picture": "",
    "Content": "HelpText_84_Content",
    "Type": 0
  },
  {
    "Id": 85,
    "GroupId": 85,
    "Title": "HelpText_80_Title",
    "Picture": "",
    "Content": "HelpText_80_Content",
    "Type": 0
  },
  {
    "Id": 86,
    "GroupId": 86,
    "Title": "HelpText_86_Title",
    "Picture": "",
    "Content": "HelpText_86_Content",
    "Type": 0
  },
  {
    "Id": 87,
    "GroupId": 87,
    "Title": "HelpText_71_Title",
    "Picture": "",
    "Content": "HelpText_87_Content",
    "Type": 0
  },
  {
    "Id": 88,
    "GroupId": 88,
    "Title": "HelpText_88_Title",
    "Picture": "",
    "Content": "HelpText_88_Content",
    "Type": 0
  },
  {
    "Id": 89,
    "GroupId": 89,
    "Title": "HelpText_89_Title",
    "Picture": "",
    "Content": "HelpText_89_Content",
    "Type": 0
  },
  {
    "Id": 90,
    "GroupId": 90,
    "Title": "HelpText_90_Title",
    "Picture": "",
    "Content": "HelpText_90_Content",
    "Type": 0
  },
  {
    "Id": 91,
    "GroupId": 91,
    "Title": "HelpText_91_Title",
    "Picture": "",
    "Content": "HelpText_91_Content",
    "Type": 0
  },
  {
    "Id": 92,
    "GroupId": 92,
    "Title": "HelpText_92_Title",
    "Picture": "",
    "Content": "HelpText_92_Content",
    "Type": 0
  },
  {
    "Id": 93,
    "GroupId": 93,
    "Title": "HelpText_93_Title",
    "Picture": "/Game/Aki/UI/UIResources/Common/Image/IconFunctionGuide/T_FunctionGuide01.T_FunctionGuide01",
    "Content": "HelpText_93_Content",
    "Type": 0
  },
  {
    "Id": 94,
    "GroupId": 94,
    "Title": "HelpText_94_Title",
    "Picture": "/Game/Aki/UI/UIResources/Common/Image/IconFunctionGuide/T_FunctionGuide01.T_FunctionGuide01",
    "Content": "HelpText_94_Content",
    "Type": 0
  },
  {
    "Id": 95,
    "GroupId": 95,
    "Title": "HelpText_95_Title",
    "Picture": "/Game/Aki/UI/UIResources/Common/Image/IconFunctionGuide/T_FunctionGuide01.T_FunctionGuide01",
    "Content": "HelpText_95_Content",
    "Type": 0
  },
  {
    "Id": 96,
    "GroupId": 96,
    "Title": "HelpText_96_Title",
    "Picture": "/Game/Aki/UI/UIResources/Common/Image/IconFunctionGuide/T_FunctionGuide01.T_FunctionGuide01",
    "Content": "HelpText_96_Content",
    "Type": 0
  },
  {
    "Id": 97,
    "GroupId": 97,
    "Title": "HelpText_97_Title",
    "Picture": "/Game/Aki/UI/UIResources/Common/Image/IconFunctionGuide/T_FunctionGuide01.T_FunctionGuide01",
    "Content": "HelpText_97_Content",
    "Type": 0
  },
  {
    "Id": 98,
    "GroupId": 98,
    "Title": "HelpText_98_Title",
    "Picture": "/Game/Aki/UI/UIResources/Common/Image/IconFunctionGuide/T_FunctionGuide01.T_FunctionGuide01",
    "Content": "HelpText_98_Content",
    "Type": 0
  },
  {
    "Id": 99,
    "GroupId": 99,
    "Title": "HelpText_99_Title",
    "Picture": "/Game/Aki/UI/UIResources/Common/Image/IconFunctionGuide/T_FunctionGuide01.T_FunctionGuide01",
    "Content": "HelpText_99_Content",
    "Type": 0
  },
  {
    "Id": 100,
    "GroupId": 100,
    "Title": "HelpText_100_Title",
    "Picture": "",
    "Content": "HelpText_100_Content",
    "Type": 0
  },
  {
    "Id": 101,
    "GroupId": 101,
    "Title": "HelpText_101_Title",
    "Picture": "/Game/Aki/UI/UIResources/Common/Image/ImgHelp/T_ImgHelp_Zhuiyuejie_01_UI.T_ImgHelp_Zhuiyuejie_01_UI",
    "Content": "HelpText_101_Content",
    "Type": 1
  },
  {
    "Id": 102,
    "GroupId": 102,
    "Title": "HelpText_102_Title",
    "Picture": "",
    "Content": "HelpText_102_Content",
    "Type": 0
  },
  {
    "Id": 103,
    "GroupId": 103,
    "Title": "HelpText_103_Title",
    "Picture": "/Game/Aki/UI/UIResources/Common/Image/ImgHelp/T_ImgHelp_Zhuiyuejie_02_UI.T_ImgHelp_Zhuiyuejie_02_UI",
    "Content": "HelpText_103_Content",
    "Type": 1
  },
  {
    "Id": 104,
    "GroupId": 104,
    "Title": "HelpText_104_Title",
    "Picture": "/Game/Aki/UI/UIResources/Common/Image/ImgHelp/T_ImgHelp_Zhuiyuejie_03_UI.T_ImgHelp_Zhuiyuejie_03_UI",
    "Content": "HelpText_104_Content_1",
    "Type": 1
  },
  {
    "Id": 105,
    "GroupId": 104,
    "Title": "HelpText_104_Title",
    "Picture": "/Game/Aki/UI/UIResources/Common/Image/ImgHelp/T_ImgHelp_Zhuiyuejie_04_UI.T_ImgHelp_Zhuiyuejie_04_UI",
    "Content": "HelpText_104_Content_2",
    "Type": 1
  },
  {
    "Id": 106,
    "GroupId": 104,
    "Title": "HelpText_104_Title",
    "Picture": "/Game/Aki/UI/UIResources/Common/Image/ImgHelp/T_ImgHelp_Zhuiyuejie_05_UI.T_ImgHelp_Zhuiyuejie_05_UI",
    "Content": "HelpText_104_Content_3",
    "Type": 1
  },
  {
    "Id": 107,
    "GroupId": 104,
    "Title": "HelpText_104_Title",
    "Picture": "/Game/Aki/UI/UIResources/Common/Image/ImgHelp/T_ImgHelp_Zhuiyuejie_06_UI.T_ImgHelp_Zhuiyuejie_06_UI",
    "Content": "HelpText_104_Content_4",
    "Type": 1
  },
  {
    "Id": 108,
    "GroupId": 104,
    "Title": "HelpText_104_Title",
    "Picture": "/Game/Aki/UI/UIResources/Common/Image/ImgHelp/T_ImgHelp_Zhuiyuejie_07_UI.T_ImgHelp_Zhuiyuejie_07_UI",
    "Content": "HelpText_104_Content_5",
    "Type": 1
  },
  {
    "Id": 109,
    "GroupId": 105,
    "Title": "HelpText_105_Title",
    "Picture": "",
    "Content": "HelpText_105_Content",
    "Type": 0
  },
  {
    "Id": 110,
    "GroupId": 106,
    "Title": "HelpText_106_Title",
    "Picture": "",
    "Content": "HelpText_106_Content",
    "Type": 0
  },
  {
    "Id": 111,
    "GroupId": 107,
    "Title": "HelpText_107_Title",
    "Picture": "",
    "Content": "HelpText_107_Content",
    "Type": 0
  },
  {
    "Id": 112,
    "GroupId": 108,
    "Title": "HelpText_108_Title",
    "Picture": "",
    "Content": "HelpText_108_Content",
    "Type": 0
  },
  {
    "Id": 113,
    "GroupId": 113,
    "Title": "HelpText_113_Title",
    "Picture": "",
    "Content": "HelpText_113_Content",
    "Type": 0
  },
  {
    "Id": 114,
    "GroupId": 114,
    "Title": "HelpText_114_Title",
    "Picture": "",
    "Content": "HelpText_114_Content",
    "Type": 0
  },
  {
    "Id": 115,
    "GroupId": 115,
    "Title": "HelpText_115_Title",
    "Picture": "",
    "Content": "HelpText_115_Content",
    "Type": 0
  },
  {
    "Id": 116,
    "GroupId": 116,
    "Title": "HelpText_116_Title",
    "Picture": "",
    "Content": "HelpText_116_Content",
    "Type": 0
  },
  {
    "Id": 117,
    "GroupId": 117,
    "Title": "HelpText_117_Title",
    "Picture": "",
    "Content": "HelpText_117_Content",
    "Type": 0
  },
  {
    "Id": 118,
    "GroupId": 118,
    "Title": "HelpText_118_Title",
    "Picture": "",
    "Content": "HelpText_118_Content",
    "Type": 0
  },
  {
    "Id": 119,
    "GroupId": 119,
    "Title": "HelpText_119_Title",
    "Picture": "",
    "Content": "HelpText_119_Content",
    "Type": 0
  },
  {
    "Id": 120,
    "GroupId": 120,
    "Title": "HelpText_120_Title",
    "Picture": "",
    "Content": "HelpText_120_Content",
    "Type": 0
  },
  {
    "Id": 121,
    "GroupId": 121,
    "Title": "HelpText_121_Title",
    "Picture": "",
    "Content": "HelpText_121_Content",
    "Type": 0
  },
  {
    "Id": 122,
    "GroupId": 122,
    "Title": "HelpText_122_Title",
    "Picture": "/Game/Aki/UI/UIResources/Common/Image/IconFunctionGuide/T_FunctionGuide01.T_FunctionGuide01",
    "Content": "HelpText_122_Content",
    "Type": 1
  },
  {
    "Id": 123,
    "GroupId": 123,
    "Title": "HelpText_123_Title",
    "Picture": "/Game/Aki/UI/UIResources/Common/Image/IconFunctionGuide/T_FunctionGuide01.T_FunctionGuide01",
    "Content": "HelpText_123_Content",
    "Type": 1
  },
  {
    "Id": 124,
    "GroupId": 124,
    "Title": "HelpText_124_Title",
    "Picture": "",
    "Content": "HelpText_124_Content",
    "Type": 0
  }
]