[
  {
    "Id": 100,
    "BaseString": "task",
    "TargetInt": 1
  },
  {
    "Id": 101,
    "BaseString": "trap",
    "TargetInt": 2
  },
  {
    "Id": 102,
    "BaseString": "explore",
    "TargetInt": 3
  },
  {
    "Id": 103,
    "BaseString": "common",
    "TargetInt": 4
  },
  {
    "Id": 104,
    "BaseString": "guide",
    "TargetInt": 5
  },
  {
    "Id": 105,
    "BaseString": "collect",
    "TargetInt": 6
  },
  {
    "Id": 106,
    "BaseString": "drop",
    "TargetInt": 7
  },
  {
    "Id": 107,
    "BaseString": "show",
    "TargetInt": 8
  },
  {
    "Id": 108,
    "BaseString": "esc",
    "TargetInt": 9
  },
  {
    "Id": 110,
    "BaseString": "main",
    "TargetInt": 1
  },
  {
    "Id": 111,
    "BaseString": "side",
    "TargetInt": 2
  },
  {
    "Id": 112,
    "BaseString": "world",
    "TargetInt": 3
  },
  {
    "Id": 114,
    "BaseString": "item",
    "TargetInt": 1
  },
  {
    "Id": 115,
    "BaseString": "npc",
    "TargetInt": 2
  },
  {
    "Id": 116,
    "BaseString": "monster",
    "TargetInt": 3
  },
  {
    "Id": 118,
    "BaseString": "treasure",
    "TargetInt": 1
  },
  {
    "Id": 119,
    "BaseString": "heavy",
    "TargetInt": 2
  },
  {
    "Id": 120,
    "BaseString": "cipher",
    "TargetInt": 3
  },
  {
    "Id": 121,
    "BaseString": "strikerespond",
    "TargetInt": 4
  },
  {
    "Id": 122,
    "BaseString": "statue",
    "TargetInt": 5
  },
  {
    "Id": 123,
    "BaseString": "inforboard",
    "TargetInt": 6
  },
  {
    "Id": 124,
    "BaseString": "boom",
    "TargetInt": 7
  },
  {
    "Id": 125,
    "BaseString": "key",
    "TargetInt": 8
  },
  {
    "Id": 126,
    "BaseString": "switch",
    "TargetInt": 9
  },
  {
    "Id": 127,
    "BaseString": "door",
    "TargetInt": 10
  },
  {
    "Id": 129,
    "BaseString": "AKI",
    "TargetInt": 1
  },
  {
    "Id": 130,
    "BaseString": "HXTG",
    "TargetInt": 2
  },
  {
    "Id": 131,
    "BaseString": "ZD",
    "TargetInt": 3
  },
  {
    "Id": 132,
    "BaseString": "ZQL",
    "TargetInt": 4
  },
  {
    "Id": 133,
    "BaseString": "MJGY",
    "TargetInt": 5
  },
  {
    "Id": 134,
    "BaseString": "ZQPY",
    "TargetInt": 6
  },
  {
    "Id": 135,
    "BaseString": "QS",
    "TargetInt": 7
  },
  {
    "Id": 136,
    "BaseString": "JRYJ",
    "TargetInt": 8
  }
]