[
  {
    "Id": 0,
    "Influences": {
      "PKa": [],
      "length": 0
    },
    "Title": "Country_0_Title",
    "Desc": "",
    "Logo": "",
    "DailyTaskShow": 1
  },
  {
    "Id": 1,
    "Influences": [
      0,
      1,
      2
    ],
    "Title": "Country_1_Title",
    "Desc": "Country_1_Desc",
    "Logo": "/Game/Aki/UI/UIResources/Common/Image/IconForceLogo/T_Logo_03_UI.T_Logo_03_UI",
    "DailyTaskShow": 1
  },
  {
    "Id": 900,
    "Influences": [
      3
    ],
    "Title": "Country_2_Title",
    "Desc": "Country_1_Desc",
    "Logo": "/Game/Aki/UI/UIResources/Common/Image/IconForceLogo/T_Logo_02_UI.T_Logo_02_UI",
    "DailyTaskShow": 1
  }
]