[
  {
    "MarkId": 1,
    "MarkPic": "/Game/Aki/UI/UIResources/Common/Atlas/WorldMapIcon/SP_IconMap_Mark_01_UI.SP_IconMap_Mark_01_UI",
    "ShowRange": [
      15,
      9999
    ],
    "ShowPriority": 0,
    "Scale": 0.699999988079071
  },
  {
    "MarkId": 2,
    "MarkPic": "/Game/Aki/UI/UIResources/Common/Atlas/WorldMapIcon/SP_IconMap_Mark_02_UI.SP_IconMap_Mark_02_UI",
    "ShowRange": [
      15,
      9999
    ],
    "ShowPriority": 0,
    "Scale": 0.699999988079071
  },
  {
    "MarkId": 3,
    "MarkPic": "/Game/Aki/UI/UIResources/Common/Atlas/WorldMapIcon/SP_IconMap_Mark_03_UI.SP_IconMap_Mark_03_UI",
    "ShowRange": [
      15,
      9999
    ],
    "ShowPriority": 0,
    "Scale": 0.699999988079071
  },
  {
    "MarkId": 4,
    "MarkPic": "/Game/Aki/UI/UIResources/Common/Atlas/WorldMapIcon/SP_IconMap_Mark_04_UI.SP_IconMap_Mark_04_UI",
    "ShowRange": [
      15,
      9999
    ],
    "ShowPriority": 0,
    "Scale": 0.699999988079071
  },
  {
    "MarkId": 5,
    "MarkPic": "/Game/Aki/UI/UIResources/Common/Atlas/WorldMapIcon/SP_IconMap_Mark_05_UI.SP_IconMap_Mark_05_UI",
    "ShowRange": [
      15,
      9999
    ],
    "ShowPriority": 0,
    "Scale": 0.699999988079071
  },
  {
    "MarkId": 6,
    "MarkPic": "/Game/Aki/UI/UIResources/Common/Atlas/WorldMapIcon/SP_IconMap_Mark_06_UI.SP_IconMap_Mark_06_UI",
    "ShowRange": [
      15,
      9999
    ],
    "ShowPriority": 0,
    "Scale": 0.699999988079071
  }
]