[
  {
    "MarkId": 6000,
    "MapId": 8,
    "RelativeSubType": 0,
    "FogHide": 0,
    "RelativeType": 0,
    "RelativeId": 0,
    "MarkVector": {
      "X": 0,
      "Y": 0,
      "Z": 0
    },
    "EntityConfigId": 0,
    "ObjectType": 7,
    "MarkTitle": "MonsterInfo_310000010_Name",
    "MarkDesc": "MonsterInfo_310000010_DiscoveredDes",
    "ToBeDiscovered": 0,
    "IsMonster": 1,
    "ShowPriority": 7,
    "ShowRange": [
      -9999,
      9999
    ],
    "LockMarkPic": "/Game/Aki/UI/UIResources/Common/Atlas/WorldMapIcon/SP_IconMonsterHead_015_UI.SP_IconMonsterHead_015_UI",
    "UnlockMarkPic": "/Game/Aki/UI/UIResources/Common/Atlas/WorldMapIcon/SP_IconMonsterHead_015_UI.SP_IconMonsterHead_015_UI",
    "ShowCondition": 0,
    "FogShow": 1,
    "MapShow": 3,
    "Scale": 1,
    "FirstReward": 0,
    "Reward": 0
  },
  {
    "MarkId": 6001,
    "MapId": 8,
    "RelativeSubType": 0,
    "FogHide": 0,
    "RelativeType": 0,
    "RelativeId": 0,
    "MarkVector": {
      "X": 0,
      "Y": 0,
      "Z": 0
    },
    "EntityConfigId": 0,
    "ObjectType": 7,
    "MarkTitle": "MonsterInfo_310000020_Name",
    "MarkDesc": "MonsterInfo_310000020_DiscoveredDes",
    "ToBeDiscovered": 0,
    "IsMonster": 1,
    "ShowPriority": 7,
    "ShowRange": [
      -9999,
      9999
    ],
    "LockMarkPic": "/Game/Aki/UI/UIResources/Common/Atlas/WorldMapIcon/SP_IconMonsterHead_025_UI.SP_IconMonsterHead_025_UI",
    "UnlockMarkPic": "/Game/Aki/UI/UIResources/Common/Atlas/WorldMapIcon/SP_IconMonsterHead_025_UI.SP_IconMonsterHead_025_UI",
    "ShowCondition": 0,
    "FogShow": 1,
    "MapShow": 3,
    "Scale": 1,
    "FirstReward": 0,
    "Reward": 0
  },
  {
    "MarkId": 6002,
    "MapId": 8,
    "RelativeSubType": 0,
    "FogHide": 0,
    "RelativeType": 0,
    "RelativeId": 0,
    "MarkVector": {
      "X": 0,
      "Y": 0,
      "Z": 0
    },
    "EntityConfigId": 0,
    "ObjectType": 7,
    "MarkTitle": "MonsterInfo_310000030_Name",
    "MarkDesc": "MonsterInfo_310000030_DiscoveredDes",
    "ToBeDiscovered": 0,
    "IsMonster": 1,
    "ShowPriority": 7,
    "ShowRange": [
      -9999,
      9999
    ],
    "LockMarkPic": "/Game/Aki/UI/UIResources/Common/Atlas/WorldMapIcon/SP_IconMonsterHead_035_UI.SP_IconMonsterHead_035_UI",
    "UnlockMarkPic": "/Game/Aki/UI/UIResources/Common/Atlas/WorldMapIcon/SP_IconMonsterHead_035_UI.SP_IconMonsterHead_035_UI",
    "ShowCondition": 0,
    "FogShow": 1,
    "MapShow": 3,
    "Scale": 1,
    "FirstReward": 0,
    "Reward": 0
  },
  {
    "MarkId": 6003,
    "MapId": 8,
    "RelativeSubType": 0,
    "FogHide": 0,
    "RelativeType": 0,
    "RelativeId": 0,
    "MarkVector": {
      "X": 0,
      "Y": 0,
      "Z": 0
    },
    "EntityConfigId": 0,
    "ObjectType": 7,
    "MarkTitle": "MonsterInfo_310000040_Name",
    "MarkDesc": "MonsterInfo_310000040_DiscoveredDes",
    "ToBeDiscovered": 0,
    "IsMonster": 1,
    "ShowPriority": 7,
    "ShowRange": [
      -9999,
      9999
    ],
    "LockMarkPic": "/Game/Aki/UI/UIResources/Common/Atlas/WorldMapIcon/SP_IconMonsterHead_105_UI.SP_IconMonsterHead_105_UI",
    "UnlockMarkPic": "/Game/Aki/UI/UIResources/Common/Atlas/WorldMapIcon/SP_IconMonsterHead_105_UI.SP_IconMonsterHead_105_UI",
    "ShowCondition": 0,
    "FogShow": 1,
    "MapShow": 3,
    "Scale": 1,
    "FirstReward": 0,
    "Reward": 0
  },
  {
    "MarkId": 6004,
    "MapId": 8,
    "RelativeSubType": 0,
    "FogHide": 0,
    "RelativeType": 0,
    "RelativeId": 0,
    "MarkVector": {
      "X": 0,
      "Y": 0,
      "Z": 0
    },
    "EntityConfigId": 0,
    "ObjectType": 7,
    "MarkTitle": "MonsterInfo_310000050_Name",
    "MarkDesc": "MonsterInfo_310000050_DiscoveredDes",
    "ToBeDiscovered": 0,
    "IsMonster": 1,
    "ShowPriority": 7,
    "ShowRange": [
      -9999,
      9999
    ],
    "LockMarkPic": "/Game/Aki/UI/UIResources/Common/Atlas/WorldMapIcon/SP_IconMonsterHead_235_UI.SP_IconMonsterHead_235_UI",
    "UnlockMarkPic": "/Game/Aki/UI/UIResources/Common/Atlas/WorldMapIcon/SP_IconMonsterHead_235_UI.SP_IconMonsterHead_235_UI",
    "ShowCondition": 0,
    "FogShow": 1,
    "MapShow": 3,
    "Scale": 1,
    "FirstReward": 0,
    "Reward": 0
  },
  {
    "MarkId": 6005,
    "MapId": 8,
    "RelativeSubType": 0,
    "FogHide": 0,
    "RelativeType": 0,
    "RelativeId": 0,
    "MarkVector": {
      "X": 0,
      "Y": 0,
      "Z": 0
    },
    "EntityConfigId": 0,
    "ObjectType": 7,
    "MarkTitle": "MonsterInfo_310000060_Name",
    "MarkDesc": "MonsterInfo_310000060_DiscoveredDes",
    "ToBeDiscovered": 0,
    "IsMonster": 1,
    "ShowPriority": 7,
    "ShowRange": [
      -9999,
      9999
    ],
    "LockMarkPic": "/Game/Aki/UI/UIResources/Common/Atlas/WorldMapIcon/SP_IconMonsterHead_045_UI.SP_IconMonsterHead_045_UI",
    "UnlockMarkPic": "/Game/Aki/UI/UIResources/Common/Atlas/WorldMapIcon/SP_IconMonsterHead_045_UI.SP_IconMonsterHead_045_UI",
    "ShowCondition": 0,
    "FogShow": 1,
    "MapShow": 3,
    "Scale": 1,
    "FirstReward": 0,
    "Reward": 0
  },
  {
    "MarkId": 6006,
    "MapId": 8,
    "RelativeSubType": 0,
    "FogHide": 0,
    "RelativeType": 0,
    "RelativeId": 0,
    "MarkVector": {
      "X": 0,
      "Y": 0,
      "Z": 0
    },
    "EntityConfigId": 0,
    "ObjectType": 7,
    "MarkTitle": "MonsterInfo_310000070_Name",
    "MarkDesc": "MonsterInfo_310000070_DiscoveredDes",
    "ToBeDiscovered": 0,
    "IsMonster": 1,
    "ShowPriority": 7,
    "ShowRange": [
      -9999,
      9999
    ],
    "LockMarkPic": "/Game/Aki/UI/UIResources/Common/Atlas/WorldMapIcon/SP_IconMonsterHead_055_UI.SP_IconMonsterHead_055_UI",
    "UnlockMarkPic": "/Game/Aki/UI/UIResources/Common/Atlas/WorldMapIcon/SP_IconMonsterHead_055_UI.SP_IconMonsterHead_055_UI",
    "ShowCondition": 0,
    "FogShow": 1,
    "MapShow": 3,
    "Scale": 1,
    "FirstReward": 0,
    "Reward": 0
  },
  {
    "MarkId": 6007,
    "MapId": 8,
    "RelativeSubType": 0,
    "FogHide": 0,
    "RelativeType": 0,
    "RelativeId": 0,
    "MarkVector": {
      "X": 0,
      "Y": 0,
      "Z": 0
    },
    "EntityConfigId": 0,
    "ObjectType": 7,
    "MarkTitle": "MonsterInfo_310000080_Name",
    "MarkDesc": "MonsterInfo_310000080_DiscoveredDes",
    "ToBeDiscovered": 0,
    "IsMonster": 1,
    "ShowPriority": 7,
    "ShowRange": [
      -9999,
      9999
    ],
    "LockMarkPic": "/Game/Aki/UI/UIResources/Common/Atlas/WorldMapIcon/SP_IconMonsterHead_065_UI.SP_IconMonsterHead_065_UI",
    "UnlockMarkPic": "/Game/Aki/UI/UIResources/Common/Atlas/WorldMapIcon/SP_IconMonsterHead_065_UI.SP_IconMonsterHead_065_UI",
    "ShowCondition": 0,
    "FogShow": 1,
    "MapShow": 3,
    "Scale": 1,
    "FirstReward": 0,
    "Reward": 0
  },
  {
    "MarkId": 6008,
    "MapId": 8,
    "RelativeSubType": 0,
    "FogHide": 0,
    "RelativeType": 0,
    "RelativeId": 0,
    "MarkVector": {
      "X": 0,
      "Y": 0,
      "Z": 0
    },
    "EntityConfigId": 0,
    "ObjectType": 7,
    "MarkTitle": "MonsterInfo_310000090_Name",
    "MarkDesc": "MonsterInfo_310000090_DiscoveredDes",
    "ToBeDiscovered": 0,
    "IsMonster": 1,
    "ShowPriority": 7,
    "ShowRange": [
      -9999,
      9999
    ],
    "LockMarkPic": "/Game/Aki/UI/UIResources/Common/Atlas/WorldMapIcon/SP_IconMonsterHead_075_UI.SP_IconMonsterHead_075_UI",
    "UnlockMarkPic": "/Game/Aki/UI/UIResources/Common/Atlas/WorldMapIcon/SP_IconMonsterHead_075_UI.SP_IconMonsterHead_075_UI",
    "ShowCondition": 0,
    "FogShow": 1,
    "MapShow": 3,
    "Scale": 1,
    "FirstReward": 0,
    "Reward": 0
  },
  {
    "MarkId": 6009,
    "MapId": 8,
    "RelativeSubType": 0,
    "FogHide": 0,
    "RelativeType": 0,
    "RelativeId": 0,
    "MarkVector": {
      "X": 0,
      "Y": 0,
      "Z": 0
    },
    "EntityConfigId": 0,
    "ObjectType": 7,
    "MarkTitle": "MonsterInfo_310000100_Name",
    "MarkDesc": "MonsterInfo_310000100_DiscoveredDes",
    "ToBeDiscovered": 0,
    "IsMonster": 1,
    "ShowPriority": 7,
    "ShowRange": [
      -9999,
      9999
    ],
    "LockMarkPic": "/Game/Aki/UI/UIResources/Common/Atlas/WorldMapIcon/SP_IconMonsterHead_085_UI.SP_IconMonsterHead_085_UI",
    "UnlockMarkPic": "/Game/Aki/UI/UIResources/Common/Atlas/WorldMapIcon/SP_IconMonsterHead_085_UI.SP_IconMonsterHead_085_UI",
    "ShowCondition": 0,
    "FogShow": 1,
    "MapShow": 3,
    "Scale": 1,
    "FirstReward": 0,
    "Reward": 0
  },
  {
    "MarkId": 6010,
    "MapId": 8,
    "RelativeSubType": 0,
    "FogHide": 0,
    "RelativeType": 0,
    "RelativeId": 0,
    "MarkVector": {
      "X": 0,
      "Y": 0,
      "Z": 0
    },
    "EntityConfigId": 0,
    "ObjectType": 7,
    "MarkTitle": "MonsterInfo_310000110_Name",
    "MarkDesc": "MonsterInfo_310000110_DiscoveredDes",
    "ToBeDiscovered": 0,
    "IsMonster": 1,
    "ShowPriority": 7,
    "ShowRange": [
      -9999,
      9999
    ],
    "LockMarkPic": "/Game/Aki/UI/UIResources/Common/Atlas/WorldMapIcon/SP_IconMonsterHead_095_UI.SP_IconMonsterHead_095_UI",
    "UnlockMarkPic": "/Game/Aki/UI/UIResources/Common/Atlas/WorldMapIcon/SP_IconMonsterHead_095_UI.SP_IconMonsterHead_095_UI",
    "ShowCondition": 0,
    "FogShow": 1,
    "MapShow": 3,
    "Scale": 1,
    "FirstReward": 0,
    "Reward": 0
  },
  {
    "MarkId": 6011,
    "MapId": 8,
    "RelativeSubType": 0,
    "FogHide": 0,
    "RelativeType": 0,
    "RelativeId": 0,
    "MarkVector": {
      "X": 0,
      "Y": 0,
      "Z": 0
    },
    "EntityConfigId": 0,
    "ObjectType": 7,
    "MarkTitle": "MonsterInfo_310000120_Name",
    "MarkDesc": "MonsterInfo_310000120_DiscoveredDes",
    "ToBeDiscovered": 0,
    "IsMonster": 1,
    "ShowPriority": 7,
    "ShowRange": [
      -9999,
      9999
    ],
    "LockMarkPic": "/Game/Aki/UI/UIResources/Common/Atlas/WorldMapIcon/SP_IconMonsterHead_115_UI.SP_IconMonsterHead_115_UI",
    "UnlockMarkPic": "/Game/Aki/UI/UIResources/Common/Atlas/WorldMapIcon/SP_IconMonsterHead_115_UI.SP_IconMonsterHead_115_UI",
    "ShowCondition": 0,
    "FogShow": 1,
    "MapShow": 3,
    "Scale": 1,
    "FirstReward": 0,
    "Reward": 0
  },
  {
    "MarkId": 6012,
    "MapId": 8,
    "RelativeSubType": 0,
    "FogHide": 0,
    "RelativeType": 0,
    "RelativeId": 0,
    "MarkVector": {
      "X": 0,
      "Y": 0,
      "Z": 0
    },
    "EntityConfigId": 0,
    "ObjectType": 7,
    "MarkTitle": "MonsterInfo_310000130_Name",
    "MarkDesc": "MonsterInfo_310000130_DiscoveredDes",
    "ToBeDiscovered": 0,
    "IsMonster": 1,
    "ShowPriority": 7,
    "ShowRange": [
      -9999,
      9999
    ],
    "LockMarkPic": "/Game/Aki/UI/UIResources/Common/Atlas/WorldMapIcon/SP_IconMonsterHead_971_UI.SP_IconMonsterHead_971_UI",
    "UnlockMarkPic": "/Game/Aki/UI/UIResources/Common/Atlas/WorldMapIcon/SP_IconMonsterHead_971_UI.SP_IconMonsterHead_971_UI",
    "ShowCondition": 0,
    "FogShow": 1,
    "MapShow": 3,
    "Scale": 1,
    "FirstReward": 0,
    "Reward": 0
  },
  {
    "MarkId": 6013,
    "MapId": 8,
    "RelativeSubType": 0,
    "FogHide": 0,
    "RelativeType": 0,
    "RelativeId": 0,
    "MarkVector": {
      "X": 0,
      "Y": 0,
      "Z": 0
    },
    "EntityConfigId": 0,
    "ObjectType": 7,
    "MarkTitle": "MonsterInfo_310000140_Name",
    "MarkDesc": "MonsterInfo_310000140_DiscoveredDes",
    "ToBeDiscovered": 0,
    "IsMonster": 1,
    "ShowPriority": 7,
    "ShowRange": [
      -9999,
      9999
    ],
    "LockMarkPic": "/Game/Aki/UI/UIResources/Common/Atlas/WorldMapIcon/SP_IconMonsterHead_145_UI.SP_IconMonsterHead_145_UI",
    "UnlockMarkPic": "/Game/Aki/UI/UIResources/Common/Atlas/WorldMapIcon/SP_IconMonsterHead_145_UI.SP_IconMonsterHead_145_UI",
    "ShowCondition": 0,
    "FogShow": 1,
    "MapShow": 3,
    "Scale": 1,
    "FirstReward": 0,
    "Reward": 0
  },
  {
    "MarkId": 6014,
    "MapId": 8,
    "RelativeSubType": 0,
    "FogHide": 0,
    "RelativeType": 0,
    "RelativeId": 0,
    "MarkVector": {
      "X": 0,
      "Y": 0,
      "Z": 0
    },
    "EntityConfigId": 0,
    "ObjectType": 7,
    "MarkTitle": "MonsterInfo_310000150_Name",
    "MarkDesc": "MonsterInfo_310000150_DiscoveredDes",
    "ToBeDiscovered": 0,
    "IsMonster": 1,
    "ShowPriority": 7,
    "ShowRange": [
      -9999,
      9999
    ],
    "LockMarkPic": "/Game/Aki/UI/UIResources/Common/Atlas/WorldMapIcon/SP_IconMonsterHead_155_UI.SP_IconMonsterHead_155_UI",
    "UnlockMarkPic": "/Game/Aki/UI/UIResources/Common/Atlas/WorldMapIcon/SP_IconMonsterHead_155_UI.SP_IconMonsterHead_155_UI",
    "ShowCondition": 0,
    "FogShow": 1,
    "MapShow": 3,
    "Scale": 1,
    "FirstReward": 0,
    "Reward": 0
  },
  {
    "MarkId": 6015,
    "MapId": 8,
    "RelativeSubType": 0,
    "FogHide": 0,
    "RelativeType": 0,
    "RelativeId": 0,
    "MarkVector": {
      "X": 0,
      "Y": 0,
      "Z": 0
    },
    "EntityConfigId": 0,
    "ObjectType": 7,
    "MarkTitle": "MonsterInfo_310000160_Name",
    "MarkDesc": "MonsterInfo_310000160_DiscoveredDes",
    "ToBeDiscovered": 0,
    "IsMonster": 1,
    "ShowPriority": 7,
    "ShowRange": [
      -9999,
      9999
    ],
    "LockMarkPic": "/Game/Aki/UI/UIResources/Common/Atlas/WorldMapIcon/SP_IconMonsterHead_165_UI.SP_IconMonsterHead_165_UI",
    "UnlockMarkPic": "/Game/Aki/UI/UIResources/Common/Atlas/WorldMapIcon/SP_IconMonsterHead_165_UI.SP_IconMonsterHead_165_UI",
    "ShowCondition": 0,
    "FogShow": 1,
    "MapShow": 3,
    "Scale": 1,
    "FirstReward": 0,
    "Reward": 0
  },
  {
    "MarkId": 6016,
    "MapId": 8,
    "RelativeSubType": 0,
    "FogHide": 0,
    "RelativeType": 0,
    "RelativeId": 0,
    "MarkVector": {
      "X": 0,
      "Y": 0,
      "Z": 0
    },
    "EntityConfigId": 0,
    "ObjectType": 7,
    "MarkTitle": "MonsterInfo_310000170_Name",
    "MarkDesc": "MonsterInfo_310000170_DiscoveredDes",
    "ToBeDiscovered": 0,
    "IsMonster": 1,
    "ShowPriority": 7,
    "ShowRange": [
      -9999,
      9999
    ],
    "LockMarkPic": "/Game/Aki/UI/UIResources/Common/Atlas/WorldMapIcon/SP_IconMonsterHead_175_UI.SP_IconMonsterHead_175_UI",
    "UnlockMarkPic": "/Game/Aki/UI/UIResources/Common/Atlas/WorldMapIcon/SP_IconMonsterHead_175_UI.SP_IconMonsterHead_175_UI",
    "ShowCondition": 0,
    "FogShow": 1,
    "MapShow": 3,
    "Scale": 1,
    "FirstReward": 0,
    "Reward": 0
  },
  {
    "MarkId": 6017,
    "MapId": 8,
    "RelativeSubType": 0,
    "FogHide": 0,
    "RelativeType": 0,
    "RelativeId": 0,
    "MarkVector": {
      "X": 0,
      "Y": 0,
      "Z": 0
    },
    "EntityConfigId": 0,
    "ObjectType": 7,
    "MarkTitle": "MonsterInfo_310000180_Name",
    "MarkDesc": "MonsterInfo_310000180_DiscoveredDes",
    "ToBeDiscovered": 0,
    "IsMonster": 1,
    "ShowPriority": 7,
    "ShowRange": [
      -9999,
      9999
    ],
    "LockMarkPic": "/Game/Aki/UI/UIResources/Common/Atlas/WorldMapIcon/SP_IconMonsterHead_255_UI.SP_IconMonsterHead_255_UI",
    "UnlockMarkPic": "/Game/Aki/UI/UIResources/Common/Atlas/WorldMapIcon/SP_IconMonsterHead_255_UI.SP_IconMonsterHead_255_UI",
    "ShowCondition": 0,
    "FogShow": 1,
    "MapShow": 3,
    "Scale": 1,
    "FirstReward": 0,
    "Reward": 0
  },
  {
    "MarkId": 6018,
    "MapId": 8,
    "RelativeSubType": 0,
    "FogHide": 0,
    "RelativeType": 0,
    "RelativeId": 0,
    "MarkVector": {
      "X": 0,
      "Y": 0,
      "Z": 0
    },
    "EntityConfigId": 0,
    "ObjectType": 7,
    "MarkTitle": "MonsterInfo_310000190_Name",
    "MarkDesc": "MonsterInfo_310000190_DiscoveredDes",
    "ToBeDiscovered": 0,
    "IsMonster": 1,
    "ShowPriority": 7,
    "ShowRange": [
      -9999,
      9999
    ],
    "LockMarkPic": "/Game/Aki/UI/UIResources/Common/Atlas/WorldMapIcon/SP_IconMonsterHead_265_UI.SP_IconMonsterHead_265_UI",
    "UnlockMarkPic": "/Game/Aki/UI/UIResources/Common/Atlas/WorldMapIcon/SP_IconMonsterHead_265_UI.SP_IconMonsterHead_265_UI",
    "ShowCondition": 0,
    "FogShow": 1,
    "MapShow": 3,
    "Scale": 1,
    "FirstReward": 0,
    "Reward": 0
  },
  {
    "MarkId": 6019,
    "MapId": 8,
    "RelativeSubType": 0,
    "FogHide": 0,
    "RelativeType": 0,
    "RelativeId": 0,
    "MarkVector": {
      "X": 0,
      "Y": 0,
      "Z": 0
    },
    "EntityConfigId": 0,
    "ObjectType": 7,
    "MarkTitle": "MonsterInfo_310000200_Name",
    "MarkDesc": "MonsterInfo_310000200_DiscoveredDes",
    "ToBeDiscovered": 0,
    "IsMonster": 1,
    "ShowPriority": 7,
    "ShowRange": [
      -9999,
      9999
    ],
    "LockMarkPic": "/Game/Aki/UI/UIResources/Common/Atlas/WorldMapIcon/SP_IconMonsterHead_275_UI.SP_IconMonsterHead_275_UI",
    "UnlockMarkPic": "/Game/Aki/UI/UIResources/Common/Atlas/WorldMapIcon/SP_IconMonsterHead_275_UI.SP_IconMonsterHead_275_UI",
    "ShowCondition": 0,
    "FogShow": 1,
    "MapShow": 3,
    "Scale": 1,
    "FirstReward": 0,
    "Reward": 0
  },
  {
    "MarkId": 6020,
    "MapId": 8,
    "RelativeSubType": 0,
    "FogHide": 0,
    "RelativeType": 0,
    "RelativeId": 0,
    "MarkVector": {
      "X": 0,
      "Y": 0,
      "Z": 0
    },
    "EntityConfigId": 0,
    "ObjectType": 7,
    "MarkTitle": "MonsterInfo_310000210_Name",
    "MarkDesc": "MonsterInfo_310000210_DiscoveredDes",
    "ToBeDiscovered": 0,
    "IsMonster": 1,
    "ShowPriority": 7,
    "ShowRange": [
      -9999,
      9999
    ],
    "LockMarkPic": "/Game/Aki/UI/UIResources/Common/Atlas/WorldMapIcon/SP_IconMonsterHead_285_UI.SP_IconMonsterHead_285_UI",
    "UnlockMarkPic": "/Game/Aki/UI/UIResources/Common/Atlas/WorldMapIcon/SP_IconMonsterHead_285_UI.SP_IconMonsterHead_285_UI",
    "ShowCondition": 0,
    "FogShow": 1,
    "MapShow": 3,
    "Scale": 1,
    "FirstReward": 0,
    "Reward": 0
  },
  {
    "MarkId": 6021,
    "MapId": 8,
    "RelativeSubType": 0,
    "FogHide": 0,
    "RelativeType": 0,
    "RelativeId": 0,
    "MarkVector": {
      "X": 0,
      "Y": 0,
      "Z": 0
    },
    "EntityConfigId": 0,
    "ObjectType": 7,
    "MarkTitle": "MonsterInfo_310000220_Name",
    "MarkDesc": "MonsterInfo_310000220_DiscoveredDes",
    "ToBeDiscovered": 0,
    "IsMonster": 1,
    "ShowPriority": 7,
    "ShowRange": [
      -9999,
      9999
    ],
    "LockMarkPic": "/Game/Aki/UI/UIResources/Common/Atlas/WorldMapIcon/SP_IconMonsterHead_305_UI.SP_IconMonsterHead_305_UI",
    "UnlockMarkPic": "/Game/Aki/UI/UIResources/Common/Atlas/WorldMapIcon/SP_IconMonsterHead_305_UI.SP_IconMonsterHead_305_UI",
    "ShowCondition": 0,
    "FogShow": 1,
    "MapShow": 3,
    "Scale": 1,
    "FirstReward": 0,
    "Reward": 0
  },
  {
    "MarkId": 6022,
    "MapId": 8,
    "RelativeSubType": 0,
    "FogHide": 0,
    "RelativeType": 0,
    "RelativeId": 0,
    "MarkVector": {
      "X": 0,
      "Y": 0,
      "Z": 0
    },
    "EntityConfigId": 0,
    "ObjectType": 7,
    "MarkTitle": "MonsterInfo_310000230_Name",
    "MarkDesc": "MonsterInfo_310000230_DiscoveredDes",
    "ToBeDiscovered": 0,
    "IsMonster": 1,
    "ShowPriority": 7,
    "ShowRange": [
      -9999,
      9999
    ],
    "LockMarkPic": "/Game/Aki/UI/UIResources/Common/Atlas/WorldMapIcon/SP_IconMonsterHead_977_UI.SP_IconMonsterHead_977_UI",
    "UnlockMarkPic": "/Game/Aki/UI/UIResources/Common/Atlas/WorldMapIcon/SP_IconMonsterHead_977_UI.SP_IconMonsterHead_977_UI",
    "ShowCondition": 0,
    "FogShow": 1,
    "MapShow": 3,
    "Scale": 1,
    "FirstReward": 0,
    "Reward": 0
  },
  {
    "MarkId": 6023,
    "MapId": 8,
    "RelativeSubType": 0,
    "FogHide": 0,
    "RelativeType": 0,
    "RelativeId": 0,
    "MarkVector": {
      "X": 0,
      "Y": 0,
      "Z": 0
    },
    "EntityConfigId": 0,
    "ObjectType": 7,
    "MarkTitle": "MonsterInfo_310000240_Name",
    "MarkDesc": "MonsterInfo_310000240_DiscoveredDes",
    "ToBeDiscovered": 0,
    "IsMonster": 1,
    "ShowPriority": 7,
    "ShowRange": [
      -9999,
      9999
    ],
    "LockMarkPic": "/Game/Aki/UI/UIResources/Common/Atlas/WorldMapIcon/SP_IconMonsterHead_976_UI.SP_IconMonsterHead_976_UI",
    "UnlockMarkPic": "/Game/Aki/UI/UIResources/Common/Atlas/WorldMapIcon/SP_IconMonsterHead_976_UI.SP_IconMonsterHead_976_UI",
    "ShowCondition": 0,
    "FogShow": 1,
    "MapShow": 3,
    "Scale": 1,
    "FirstReward": 0,
    "Reward": 0
  },
  {
    "MarkId": 6024,
    "MapId": 8,
    "RelativeSubType": 0,
    "FogHide": 0,
    "RelativeType": 0,
    "RelativeId": 0,
    "MarkVector": {
      "X": 0,
      "Y": 0,
      "Z": 0
    },
    "EntityConfigId": 0,
    "ObjectType": 7,
    "MarkTitle": "MonsterInfo_310000250_Name",
    "MarkDesc": "MonsterInfo_310000250_DiscoveredDes",
    "ToBeDiscovered": 0,
    "IsMonster": 1,
    "ShowPriority": 7,
    "ShowRange": [
      -9999,
      9999
    ],
    "LockMarkPic": "/Game/Aki/UI/UIResources/Common/Atlas/WorldMapIcon/SP_IconMonsterHead_988_UI.SP_IconMonsterHead_988_UI",
    "UnlockMarkPic": "/Game/Aki/UI/UIResources/Common/Atlas/WorldMapIcon/SP_IconMonsterHead_988_UI.SP_IconMonsterHead_988_UI",
    "ShowCondition": 0,
    "FogShow": 1,
    "MapShow": 3,
    "Scale": 1,
    "FirstReward": 0,
    "Reward": 0
  },
  {
    "MarkId": 6025,
    "MapId": 8,
    "RelativeSubType": 0,
    "FogHide": 0,
    "RelativeType": 0,
    "RelativeId": 0,
    "MarkVector": {
      "X": 0,
      "Y": 0,
      "Z": 0
    },
    "EntityConfigId": 0,
    "ObjectType": 7,
    "MarkTitle": "MonsterInfo_310000260_Name",
    "MarkDesc": "MonsterInfo_310000260_DiscoveredDes",
    "ToBeDiscovered": 0,
    "IsMonster": 1,
    "ShowPriority": 7,
    "ShowRange": [
      -9999,
      9999
    ],
    "LockMarkPic": "/Game/Aki/UI/UIResources/Common/Atlas/WorldMapIcon/SP_IconMonsterHead_987_UI.SP_IconMonsterHead_987_UI",
    "UnlockMarkPic": "/Game/Aki/UI/UIResources/Common/Atlas/WorldMapIcon/SP_IconMonsterHead_987_UI.SP_IconMonsterHead_987_UI",
    "ShowCondition": 0,
    "FogShow": 1,
    "MapShow": 3,
    "Scale": 1,
    "FirstReward": 0,
    "Reward": 0
  },
  {
    "MarkId": 6026,
    "MapId": 8,
    "RelativeSubType": 0,
    "FogHide": 0,
    "RelativeType": 0,
    "RelativeId": 0,
    "MarkVector": {
      "X": 0,
      "Y": 0,
      "Z": 0
    },
    "EntityConfigId": 0,
    "ObjectType": 7,
    "MarkTitle": "MonsterInfo_310000270_Name",
    "MarkDesc": "MonsterInfo_310000270_DiscoveredDes",
    "ToBeDiscovered": 0,
    "IsMonster": 1,
    "ShowPriority": 7,
    "ShowRange": [
      -9999,
      9999
    ],
    "LockMarkPic": "/Game/Aki/UI/UIResources/Common/Atlas/WorldMapIcon/SP_IconMonsterHead_969_UI.SP_IconMonsterHead_969_UI",
    "UnlockMarkPic": "/Game/Aki/UI/UIResources/Common/Atlas/WorldMapIcon/SP_IconMonsterHead_969_UI.SP_IconMonsterHead_969_UI",
    "ShowCondition": 0,
    "FogShow": 1,
    "MapShow": 3,
    "Scale": 1,
    "FirstReward": 0,
    "Reward": 0
  },
  {
    "MarkId": 6027,
    "MapId": 8,
    "RelativeSubType": 0,
    "FogHide": 0,
    "RelativeType": 0,
    "RelativeId": 0,
    "MarkVector": {
      "X": 0,
      "Y": 0,
      "Z": 0
    },
    "EntityConfigId": 0,
    "ObjectType": 7,
    "MarkTitle": "MonsterInfo_310000280_Name",
    "MarkDesc": "MonsterInfo_310000280_DiscoveredDes",
    "ToBeDiscovered": 0,
    "IsMonster": 1,
    "ShowPriority": 7,
    "ShowRange": [
      -9999,
      9999
    ],
    "LockMarkPic": "/Game/Aki/UI/UIResources/Common/Atlas/WorldMapIcon/SP_IconMonsterHead_980_UI.SP_IconMonsterHead_980_UI",
    "UnlockMarkPic": "/Game/Aki/UI/UIResources/Common/Atlas/WorldMapIcon/SP_IconMonsterHead_980_UI.SP_IconMonsterHead_980_UI",
    "ShowCondition": 0,
    "FogShow": 1,
    "MapShow": 3,
    "Scale": 1,
    "FirstReward": 0,
    "Reward": 0
  },
  {
    "MarkId": 6028,
    "MapId": 8,
    "RelativeSubType": 0,
    "FogHide": 0,
    "RelativeType": 0,
    "RelativeId": 0,
    "MarkVector": {
      "X": 0,
      "Y": 0,
      "Z": 0
    },
    "EntityConfigId": 0,
    "ObjectType": 7,
    "MarkTitle": "MonsterInfo_320000290_Name",
    "MarkDesc": "MonsterInfo_310000290_DiscoveredDes",
    "ToBeDiscovered": 0,
    "IsMonster": 1,
    "ShowPriority": 7,
    "ShowRange": [
      -9999,
      9999
    ],
    "LockMarkPic": "/Game/Aki/UI/UIResources/Common/Atlas/WorldMapIcon/SP_IconMonsterHead_972_UI.SP_IconMonsterHead_972_UI",
    "UnlockMarkPic": "/Game/Aki/UI/UIResources/Common/Atlas/WorldMapIcon/SP_IconMonsterHead_972_UI.SP_IconMonsterHead_972_UI",
    "ShowCondition": 0,
    "FogShow": 1,
    "MapShow": 3,
    "Scale": 1,
    "FirstReward": 0,
    "Reward": 0
  },
  {
    "MarkId": 6029,
    "MapId": 8,
    "RelativeSubType": 0,
    "FogHide": 0,
    "RelativeType": 0,
    "RelativeId": 0,
    "MarkVector": {
      "X": 0,
      "Y": 0,
      "Z": 0
    },
    "EntityConfigId": 0,
    "ObjectType": 7,
    "MarkTitle": "MonsterInfo_310000300_Name",
    "MarkDesc": "MonsterInfo_310000300_DiscoveredDes",
    "ToBeDiscovered": 0,
    "IsMonster": 1,
    "ShowPriority": 7,
    "ShowRange": [
      -9999,
      9999
    ],
    "LockMarkPic": "/Game/Aki/UI/UIResources/Common/Atlas/WorldMapIcon/SP_IconMonsterHead_1005_UI.SP_IconMonsterHead_1005_UI",
    "UnlockMarkPic": "/Game/Aki/UI/UIResources/Common/Atlas/WorldMapIcon/SP_IconMonsterHead_1005_UI.SP_IconMonsterHead_1005_UI",
    "ShowCondition": 0,
    "FogShow": 1,
    "MapShow": 3,
    "Scale": 1,
    "FirstReward": 0,
    "Reward": 0
  },
  {
    "MarkId": 6030,
    "MapId": 8,
    "RelativeSubType": 0,
    "FogHide": 0,
    "RelativeType": 0,
    "RelativeId": 0,
    "MarkVector": {
      "X": 0,
      "Y": 0,
      "Z": 0
    },
    "EntityConfigId": 0,
    "ObjectType": 7,
    "MarkTitle": "MonsterInfo_310000310_Name",
    "MarkDesc": "MonsterInfo_310000310_DiscoveredDes",
    "ToBeDiscovered": 0,
    "IsMonster": 1,
    "ShowPriority": 7,
    "ShowRange": [
      -9999,
      9999
    ],
    "LockMarkPic": "/Game/Aki/UI/UIResources/Common/Atlas/WorldMapIcon/SP_IconMonsterHead_974_UI.SP_IconMonsterHead_974_UI",
    "UnlockMarkPic": "/Game/Aki/UI/UIResources/Common/Atlas/WorldMapIcon/SP_IconMonsterHead_974_UI.SP_IconMonsterHead_974_UI",
    "ShowCondition": 0,
    "FogShow": 1,
    "MapShow": 3,
    "Scale": 1,
    "FirstReward": 0,
    "Reward": 0
  },
  {
    "MarkId": 6031,
    "MapId": 8,
    "RelativeSubType": 0,
    "FogHide": 0,
    "RelativeType": 0,
    "RelativeId": 0,
    "MarkVector": {
      "X": 0,
      "Y": 0,
      "Z": 0
    },
    "EntityConfigId": 0,
    "ObjectType": 7,
    "MarkTitle": "MonsterInfo_310000320_Name",
    "MarkDesc": "MonsterInfo_310000320_DiscoveredDes",
    "ToBeDiscovered": 0,
    "IsMonster": 1,
    "ShowPriority": 7,
    "ShowRange": [
      -9999,
      9999
    ],
    "LockMarkPic": "/Game/Aki/UI/UIResources/Common/Atlas/WorldMapIcon/SP_IconMonsterHead_973_UI.SP_IconMonsterHead_973_UI",
    "UnlockMarkPic": "/Game/Aki/UI/UIResources/Common/Atlas/WorldMapIcon/SP_IconMonsterHead_973_UI.SP_IconMonsterHead_973_UI",
    "ShowCondition": 0,
    "FogShow": 1,
    "MapShow": 3,
    "Scale": 1,
    "FirstReward": 0,
    "Reward": 0
  },
  {
    "MarkId": 6032,
    "MapId": 8,
    "RelativeSubType": 0,
    "FogHide": 0,
    "RelativeType": 0,
    "RelativeId": 0,
    "MarkVector": {
      "X": 0,
      "Y": 0,
      "Z": 0
    },
    "EntityConfigId": 0,
    "ObjectType": 7,
    "MarkTitle": "MonsterInfo_310000330_Name",
    "MarkDesc": "MonsterInfo_310000330_DiscoveredDes",
    "ToBeDiscovered": 0,
    "IsMonster": 1,
    "ShowPriority": 7,
    "ShowRange": [
      -9999,
      9999
    ],
    "LockMarkPic": "/Game/Aki/UI/UIResources/Common/Atlas/WorldMapIcon/SP_IconMonsterHead_1000_UI.SP_IconMonsterHead_1000_UI",
    "UnlockMarkPic": "/Game/Aki/UI/UIResources/Common/Atlas/WorldMapIcon/SP_IconMonsterHead_1000_UI.SP_IconMonsterHead_1000_UI",
    "ShowCondition": 0,
    "FogShow": 1,
    "MapShow": 3,
    "Scale": 1,
    "FirstReward": 0,
    "Reward": 0
  },
  {
    "MarkId": 6500,
    "MapId": 8,
    "RelativeSubType": 0,
    "FogHide": 0,
    "RelativeType": 0,
    "RelativeId": 0,
    "MarkVector": {
      "X": 0,
      "Y": 0,
      "Z": 0
    },
    "EntityConfigId": 0,
    "ObjectType": 7,
    "MarkTitle": "MonsterInfo_320000010_Name",
    "MarkDesc": "MonsterInfo_320000010_DiscoveredDes",
    "ToBeDiscovered": 0,
    "IsMonster": 1,
    "ShowPriority": 7,
    "ShowRange": [
      -9999,
      9999
    ],
    "LockMarkPic": "/Game/Aki/UI/UIResources/Common/Atlas/WorldMapIcon/SP_IconMonsterHead_185_UI.SP_IconMonsterHead_185_UI",
    "UnlockMarkPic": "/Game/Aki/UI/UIResources/Common/Atlas/WorldMapIcon/SP_IconMonsterHead_185_UI.SP_IconMonsterHead_185_UI",
    "ShowCondition": 0,
    "FogShow": 1,
    "MapShow": 3,
    "Scale": 1,
    "FirstReward": 0,
    "Reward": 0
  },
  {
    "MarkId": 6501,
    "MapId": 8,
    "RelativeSubType": 0,
    "FogHide": 0,
    "RelativeType": 0,
    "RelativeId": 0,
    "MarkVector": {
      "X": 0,
      "Y": 0,
      "Z": 0
    },
    "EntityConfigId": 0,
    "ObjectType": 7,
    "MarkTitle": "MonsterInfo_320000020_Name",
    "MarkDesc": "MonsterInfo_320000020_DiscoveredDes",
    "ToBeDiscovered": 0,
    "IsMonster": 1,
    "ShowPriority": 7,
    "ShowRange": [
      -9999,
      9999
    ],
    "LockMarkPic": "/Game/Aki/UI/UIResources/Common/Atlas/WorldMapIcon/SP_IconMonsterHead_125_UI.SP_IconMonsterHead_125_UI",
    "UnlockMarkPic": "/Game/Aki/UI/UIResources/Common/Atlas/WorldMapIcon/SP_IconMonsterHead_125_UI.SP_IconMonsterHead_125_UI",
    "ShowCondition": 0,
    "FogShow": 1,
    "MapShow": 3,
    "Scale": 1,
    "FirstReward": 0,
    "Reward": 0
  },
  {
    "MarkId": 6502,
    "MapId": 8,
    "RelativeSubType": 0,
    "FogHide": 0,
    "RelativeType": 0,
    "RelativeId": 0,
    "MarkVector": {
      "X": 0,
      "Y": 0,
      "Z": 0
    },
    "EntityConfigId": 0,
    "ObjectType": 7,
    "MarkTitle": "MonsterInfo_320000030_Name",
    "MarkDesc": "MonsterInfo_320000030_DiscoveredDes",
    "ToBeDiscovered": 0,
    "IsMonster": 1,
    "ShowPriority": 7,
    "ShowRange": [
      -9999,
      9999
    ],
    "LockMarkPic": "/Game/Aki/UI/UIResources/Common/Atlas/WorldMapIcon/SP_IconMonsterHead_135_UI.SP_IconMonsterHead_135_UI",
    "UnlockMarkPic": "/Game/Aki/UI/UIResources/Common/Atlas/WorldMapIcon/SP_IconMonsterHead_135_UI.SP_IconMonsterHead_135_UI",
    "ShowCondition": 0,
    "FogShow": 1,
    "MapShow": 3,
    "Scale": 1,
    "FirstReward": 0,
    "Reward": 0
  },
  {
    "MarkId": 6503,
    "MapId": 8,
    "RelativeSubType": 0,
    "FogHide": 0,
    "RelativeType": 0,
    "RelativeId": 0,
    "MarkVector": {
      "X": 0,
      "Y": 0,
      "Z": 0
    },
    "EntityConfigId": 0,
    "ObjectType": 7,
    "MarkTitle": "MonsterInfo_320000040_Name",
    "MarkDesc": "MonsterInfo_320000040_DiscoveredDes",
    "ToBeDiscovered": 0,
    "IsMonster": 1,
    "ShowPriority": 7,
    "ShowRange": [
      -9999,
      9999
    ],
    "LockMarkPic": "/Game/Aki/UI/UIResources/Common/Atlas/WorldMapIcon/SP_IconMonsterHead_195_UI.SP_IconMonsterHead_195_UI",
    "UnlockMarkPic": "/Game/Aki/UI/UIResources/Common/Atlas/WorldMapIcon/SP_IconMonsterHead_195_UI.SP_IconMonsterHead_195_UI",
    "ShowCondition": 0,
    "FogShow": 1,
    "MapShow": 3,
    "Scale": 1,
    "FirstReward": 0,
    "Reward": 0
  },
  {
    "MarkId": 6504,
    "MapId": 8,
    "RelativeSubType": 0,
    "FogHide": 0,
    "RelativeType": 0,
    "RelativeId": 0,
    "MarkVector": {
      "X": 0,
      "Y": 0,
      "Z": 0
    },
    "EntityConfigId": 0,
    "ObjectType": 7,
    "MarkTitle": "MonsterInfo_320000050_Name",
    "MarkDesc": "MonsterInfo_320000050_DiscoveredDes",
    "ToBeDiscovered": 0,
    "IsMonster": 1,
    "ShowPriority": 7,
    "ShowRange": [
      -9999,
      9999
    ],
    "LockMarkPic": "/Game/Aki/UI/UIResources/Common/Atlas/WorldMapIcon/SP_IconMonsterHead_205_UI.SP_IconMonsterHead_205_UI",
    "UnlockMarkPic": "/Game/Aki/UI/UIResources/Common/Atlas/WorldMapIcon/SP_IconMonsterHead_205_UI.SP_IconMonsterHead_205_UI",
    "ShowCondition": 0,
    "FogShow": 1,
    "MapShow": 3,
    "Scale": 1,
    "FirstReward": 0,
    "Reward": 0
  },
  {
    "MarkId": 6505,
    "MapId": 8,
    "RelativeSubType": 0,
    "FogHide": 0,
    "RelativeType": 0,
    "RelativeId": 0,
    "MarkVector": {
      "X": 0,
      "Y": 0,
      "Z": 0
    },
    "EntityConfigId": 0,
    "ObjectType": 7,
    "MarkTitle": "MonsterInfo_320000060_Name",
    "MarkDesc": "MonsterInfo_320000060_DiscoveredDes",
    "ToBeDiscovered": 0,
    "IsMonster": 1,
    "ShowPriority": 7,
    "ShowRange": [
      -9999,
      9999
    ],
    "LockMarkPic": "/Game/Aki/UI/UIResources/Common/Atlas/WorldMapIcon/SP_IconMonsterHead_245_UI.SP_IconMonsterHead_245_UI",
    "UnlockMarkPic": "/Game/Aki/UI/UIResources/Common/Atlas/WorldMapIcon/SP_IconMonsterHead_245_UI.SP_IconMonsterHead_245_UI",
    "ShowCondition": 0,
    "FogShow": 1,
    "MapShow": 3,
    "Scale": 1,
    "FirstReward": 0,
    "Reward": 0
  },
  {
    "MarkId": 6506,
    "MapId": 8,
    "RelativeSubType": 0,
    "FogHide": 0,
    "RelativeType": 0,
    "RelativeId": 0,
    "MarkVector": {
      "X": 0,
      "Y": 0,
      "Z": 0
    },
    "EntityConfigId": 0,
    "ObjectType": 7,
    "MarkTitle": "MonsterInfo_320000070_Name",
    "MarkDesc": "MonsterInfo_320000070_DiscoveredDes",
    "ToBeDiscovered": 0,
    "IsMonster": 1,
    "ShowPriority": 7,
    "ShowRange": [
      -9999,
      9999
    ],
    "LockMarkPic": "/Game/Aki/UI/UIResources/Common/Atlas/WorldMapIcon/SP_IconMonsterHead_215_UI.SP_IconMonsterHead_215_UI",
    "UnlockMarkPic": "/Game/Aki/UI/UIResources/Common/Atlas/WorldMapIcon/SP_IconMonsterHead_215_UI.SP_IconMonsterHead_215_UI",
    "ShowCondition": 0,
    "FogShow": 1,
    "MapShow": 3,
    "Scale": 1,
    "FirstReward": 0,
    "Reward": 0
  },
  {
    "MarkId": 6507,
    "MapId": 8,
    "RelativeSubType": 0,
    "FogHide": 0,
    "RelativeType": 0,
    "RelativeId": 0,
    "MarkVector": {
      "X": 0,
      "Y": 0,
      "Z": 0
    },
    "EntityConfigId": 0,
    "ObjectType": 7,
    "MarkTitle": "MonsterInfo_320000080_Name",
    "MarkDesc": "MonsterInfo_320000080_DiscoveredDes",
    "ToBeDiscovered": 0,
    "IsMonster": 1,
    "ShowPriority": 7,
    "ShowRange": [
      -9999,
      9999
    ],
    "LockMarkPic": "/Game/Aki/UI/UIResources/Common/Atlas/WorldMapIcon/SP_IconMonsterHead_295_UI.SP_IconMonsterHead_295_UI",
    "UnlockMarkPic": "/Game/Aki/UI/UIResources/Common/Atlas/WorldMapIcon/SP_IconMonsterHead_295_UI.SP_IconMonsterHead_295_UI",
    "ShowCondition": 0,
    "FogShow": 1,
    "MapShow": 3,
    "Scale": 1,
    "FirstReward": 0,
    "Reward": 0
  },
  {
    "MarkId": 6508,
    "MapId": 8,
    "RelativeSubType": 0,
    "FogHide": 0,
    "RelativeType": 0,
    "RelativeId": 0,
    "MarkVector": {
      "X": 0,
      "Y": 0,
      "Z": 0
    },
    "EntityConfigId": 0,
    "ObjectType": 7,
    "MarkTitle": "MonsterInfo_320000090_Name",
    "MarkDesc": "MonsterInfo_320000090_DiscoveredDes",
    "ToBeDiscovered": 0,
    "IsMonster": 1,
    "ShowPriority": 7,
    "ShowRange": [
      -9999,
      9999
    ],
    "LockMarkPic": "/Game/Aki/UI/UIResources/Common/Atlas/WorldMapIcon/SP_IconMonsterHead_315_UI.SP_IconMonsterHead_315_UI",
    "UnlockMarkPic": "/Game/Aki/UI/UIResources/Common/Atlas/WorldMapIcon/SP_IconMonsterHead_315_UI.SP_IconMonsterHead_315_UI",
    "ShowCondition": 0,
    "FogShow": 1,
    "MapShow": 3,
    "Scale": 1,
    "FirstReward": 0,
    "Reward": 0
  },
  {
    "MarkId": 6509,
    "MapId": 8,
    "RelativeSubType": 0,
    "FogHide": 0,
    "RelativeType": 0,
    "RelativeId": 0,
    "MarkVector": {
      "X": 0,
      "Y": 0,
      "Z": 0
    },
    "EntityConfigId": 0,
    "ObjectType": 7,
    "MarkTitle": "MonsterInfo_320000100_Name",
    "MarkDesc": "MonsterInfo_320000100_DiscoveredDes",
    "ToBeDiscovered": 0,
    "IsMonster": 1,
    "ShowPriority": 7,
    "ShowRange": [
      -9999,
      9999
    ],
    "LockMarkPic": "/Game/Aki/UI/UIResources/Common/Atlas/WorldMapIcon/SP_IconMonsterHead_984_UI.SP_IconMonsterHead_984_UI",
    "UnlockMarkPic": "/Game/Aki/UI/UIResources/Common/Atlas/WorldMapIcon/SP_IconMonsterHead_984_UI.SP_IconMonsterHead_984_UI",
    "ShowCondition": 0,
    "FogShow": 1,
    "MapShow": 3,
    "Scale": 1,
    "FirstReward": 0,
    "Reward": 0
  },
  {
    "MarkId": 6510,
    "MapId": 8,
    "RelativeSubType": 0,
    "FogHide": 0,
    "RelativeType": 0,
    "RelativeId": 0,
    "MarkVector": {
      "X": 0,
      "Y": 0,
      "Z": 0
    },
    "EntityConfigId": 0,
    "ObjectType": 7,
    "MarkTitle": "MonsterInfo_320000110_Name",
    "MarkDesc": "MonsterInfo_320000110_DiscoveredDes",
    "ToBeDiscovered": 0,
    "IsMonster": 1,
    "ShowPriority": 7,
    "ShowRange": [
      -9999,
      9999
    ],
    "LockMarkPic": "/Game/Aki/UI/UIResources/Common/Atlas/WorldMapIcon/SP_IconMonsterHead_989_UI.SP_IconMonsterHead_989_UI",
    "UnlockMarkPic": "/Game/Aki/UI/UIResources/Common/Atlas/WorldMapIcon/SP_IconMonsterHead_989_UI.SP_IconMonsterHead_989_UI",
    "ShowCondition": 0,
    "FogShow": 1,
    "MapShow": 3,
    "Scale": 1,
    "FirstReward": 0,
    "Reward": 0
  },
  {
    "MarkId": 6511,
    "MapId": 8,
    "RelativeSubType": 0,
    "FogHide": 0,
    "RelativeType": 0,
    "RelativeId": 0,
    "MarkVector": {
      "X": 0,
      "Y": 0,
      "Z": 0
    },
    "EntityConfigId": 0,
    "ObjectType": 7,
    "MarkTitle": "MonsterInfo_320000120_Name",
    "MarkDesc": "MonsterInfo_320000120_DiscoveredDes",
    "ToBeDiscovered": 0,
    "IsMonster": 1,
    "ShowPriority": 7,
    "ShowRange": [
      -9999,
      9999
    ],
    "LockMarkPic": "/Game/Aki/UI/UIResources/Common/Atlas/WorldMapIcon/SP_IconMonsterHead_986_UI.SP_IconMonsterHead_986_UI",
    "UnlockMarkPic": "/Game/Aki/UI/UIResources/Common/Atlas/WorldMapIcon/SP_IconMonsterHead_986_UI.SP_IconMonsterHead_986_UI",
    "ShowCondition": 0,
    "FogShow": 1,
    "MapShow": 3,
    "Scale": 1,
    "FirstReward": 0,
    "Reward": 0
  },
  {
    "MarkId": 6512,
    "MapId": 8,
    "RelativeSubType": 0,
    "FogHide": 0,
    "RelativeType": 0,
    "RelativeId": 0,
    "MarkVector": {
      "X": 0,
      "Y": 0,
      "Z": 0
    },
    "EntityConfigId": 0,
    "ObjectType": 7,
    "MarkTitle": "MonsterInfo_320000130_Name",
    "MarkDesc": "MonsterInfo_320000130_DiscoveredDes",
    "ToBeDiscovered": 0,
    "IsMonster": 1,
    "ShowPriority": 7,
    "ShowRange": [
      -9999,
      9999
    ],
    "LockMarkPic": "/Game/Aki/UI/UIResources/Common/Atlas/WorldMapIcon/SP_IconMonsterHead_970_UI.SP_IconMonsterHead_970_UI",
    "UnlockMarkPic": "/Game/Aki/UI/UIResources/Common/Atlas/WorldMapIcon/SP_IconMonsterHead_986_UI.SP_IconMonsterHead_970_UI",
    "ShowCondition": 0,
    "FogShow": 1,
    "MapShow": 3,
    "Scale": 1,
    "FirstReward": 0,
    "Reward": 0
  },
  {
    "MarkId": 6513,
    "MapId": 8,
    "RelativeSubType": 0,
    "FogHide": 0,
    "RelativeType": 0,
    "RelativeId": 0,
    "MarkVector": {
      "X": 0,
      "Y": 0,
      "Z": 0
    },
    "EntityConfigId": 0,
    "ObjectType": 7,
    "MarkTitle": "MonsterInfo_320000140_Name",
    "MarkDesc": "MonsterInfo_320000140_DiscoveredDes",
    "ToBeDiscovered": 0,
    "IsMonster": 1,
    "ShowPriority": 7,
    "ShowRange": [
      -9999,
      9999
    ],
    "LockMarkPic": "/Game/Aki/UI/UIResources/Common/Atlas/WorldMapIcon/SP_IconMonsterHead_979_UI.SP_IconMonsterHead_979_UI",
    "UnlockMarkPic": "/Game/Aki/UI/UIResources/Common/Atlas/WorldMapIcon/SP_IconMonsterHead_970_UI.SP_IconMonsterHead_979_UI",
    "ShowCondition": 0,
    "FogShow": 1,
    "MapShow": 3,
    "Scale": 1,
    "FirstReward": 0,
    "Reward": 0
  },
  {
    "MarkId": 6514,
    "MapId": 8,
    "RelativeSubType": 0,
    "FogHide": 0,
    "RelativeType": 0,
    "RelativeId": 0,
    "MarkVector": {
      "X": 0,
      "Y": 0,
      "Z": 0
    },
    "EntityConfigId": 0,
    "ObjectType": 7,
    "MarkTitle": "MonsterInfo_320000150_Name",
    "MarkDesc": "MonsterInfo_320000150_DiscoveredDes",
    "ToBeDiscovered": 0,
    "IsMonster": 1,
    "ShowPriority": 7,
    "ShowRange": [
      -9999,
      9999
    ],
    "LockMarkPic": "/Game/Aki/UI/UIResources/Common/Atlas/WorldMapIcon/SP_IconMonsterHead_978_UI.SP_IconMonsterHead_978_UI",
    "UnlockMarkPic": "/Game/Aki/UI/UIResources/Common/Atlas/WorldMapIcon/SP_IconMonsterHead_979_UI.SP_IconMonsterHead_978_UI",
    "ShowCondition": 0,
    "FogShow": 1,
    "MapShow": 3,
    "Scale": 1,
    "FirstReward": 0,
    "Reward": 0
  },
  {
    "MarkId": 6515,
    "MapId": 8,
    "RelativeSubType": 0,
    "FogHide": 0,
    "RelativeType": 0,
    "RelativeId": 0,
    "MarkVector": {
      "X": 0,
      "Y": 0,
      "Z": 0
    },
    "EntityConfigId": 0,
    "ObjectType": 7,
    "MarkTitle": "MonsterInfo_320000160_Name",
    "MarkDesc": "MonsterInfo_320000160_DiscoveredDes",
    "ToBeDiscovered": 0,
    "IsMonster": 1,
    "ShowPriority": 7,
    "ShowRange": [
      -9999,
      9999
    ],
    "LockMarkPic": "/Game/Aki/UI/UIResources/Common/Atlas/WorldMapIcon/SP_IconMonsterHead_975_UI.SP_IconMonsterHead_975_UI",
    "UnlockMarkPic": "/Game/Aki/UI/UIResources/Common/Atlas/WorldMapIcon/SP_IconMonsterHead_975_UI.SP_IconMonsterHead_975_UI",
    "ShowCondition": 0,
    "FogShow": 1,
    "MapShow": 3,
    "Scale": 1,
    "FirstReward": 0,
    "Reward": 0
  },
  {
    "MarkId": 6516,
    "MapId": 8,
    "RelativeSubType": 0,
    "FogHide": 0,
    "RelativeType": 0,
    "RelativeId": 0,
    "MarkVector": {
      "X": 0,
      "Y": 0,
      "Z": 0
    },
    "EntityConfigId": 0,
    "ObjectType": 7,
    "MarkTitle": "MonsterInfo_320000170_Name",
    "MarkDesc": "MonsterInfo_320000170_DiscoveredDes",
    "ToBeDiscovered": 0,
    "IsMonster": 1,
    "ShowPriority": 7,
    "ShowRange": [
      -9999,
      9999
    ],
    "LockMarkPic": "/Game/Aki/UI/UIResources/Common/Atlas/WorldMapIcon/SP_IconMonsterHead_1005_UI.SP_IconMonsterHead_1005_UI",
    "UnlockMarkPic": "/Game/Aki/UI/UIResources/Common/Atlas/WorldMapIcon/SP_IconMonsterHead_1005_UI.SP_IconMonsterHead_1005_UI",
    "ShowCondition": 0,
    "FogShow": 1,
    "MapShow": 3,
    "Scale": 1,
    "FirstReward": 0,
    "Reward": 0
  },
  {
    "MarkId": 6517,
    "MapId": 8,
    "RelativeSubType": 0,
    "FogHide": 0,
    "RelativeType": 0,
    "RelativeId": 0,
    "MarkVector": {
      "X": 0,
      "Y": 0,
      "Z": 0
    },
    "EntityConfigId": 0,
    "ObjectType": 7,
    "MarkTitle": "MonsterInfo_320000180_Name",
    "MarkDesc": "MonsterInfo_320000180_DiscoveredDes",
    "ToBeDiscovered": 0,
    "IsMonster": 1,
    "ShowPriority": 7,
    "ShowRange": [
      -9999,
      9999
    ],
    "LockMarkPic": "/Game/Aki/UI/UIResources/Common/Atlas/WorldMapIcon/SP_IconMonsterHead_1003_UI.SP_IconMonsterHead_1003_UI",
    "UnlockMarkPic": "/Game/Aki/UI/UIResources/Common/Atlas/WorldMapIcon/SP_IconMonsterHead_1003_UI.SP_IconMonsterHead_1003_UI",
    "ShowCondition": 0,
    "FogShow": 1,
    "MapShow": 3,
    "Scale": 1,
    "FirstReward": 0,
    "Reward": 0
  },
  {
    "MarkId": 7000,
    "MapId": 8,
    "RelativeSubType": 0,
    "FogHide": 0,
    "RelativeType": 0,
    "RelativeId": 0,
    "MarkVector": {
      "X": 0,
      "Y": 0,
      "Z": 0
    },
    "EntityConfigId": 0,
    "ObjectType": 7,
    "MarkTitle": "MapMark_7000_MarkTitle",
    "MarkDesc": "MapMark_7000_MarkDesc",
    "ToBeDiscovered": 0,
    "IsMonster": 1,
    "ShowPriority": 7,
    "ShowRange": [
      -9999,
      9999
    ],
    "LockMarkPic": "/Game/Aki/UI/UIResources/Common/Atlas/WorldMapIcon/SP_IconMonsterHead_225_UI.SP_IconMonsterHead_225_UI",
    "UnlockMarkPic": "/Game/Aki/UI/UIResources/Common/Atlas/WorldMapIcon/SP_IconMonsterHead_225_UI.SP_IconMonsterHead_225_UI",
    "ShowCondition": 0,
    "FogShow": 1,
    "MapShow": 3,
    "Scale": 1,
    "FirstReward": 0,
    "Reward": 0
  },
  {
    "MarkId": 7001,
    "MapId": 8,
    "RelativeSubType": 0,
    "FogHide": 0,
    "RelativeType": 0,
    "RelativeId": 0,
    "MarkVector": {
      "X": 0,
      "Y": 0,
      "Z": 0
    },
    "EntityConfigId": 0,
    "ObjectType": 7,
    "MarkTitle": "MapMark_7001_MarkTitle",
    "MarkDesc": "MapMark_7001_MarkDesc",
    "ToBeDiscovered": 0,
    "IsMonster": 1,
    "ShowPriority": 7,
    "ShowRange": [
      -9999,
      9999
    ],
    "LockMarkPic": "/Game/Aki/UI/UIResources/Common/Atlas/WorldMapIcon/SP_IconMonsterHead_325_UI.SP_IconMonsterHead_325_UI",
    "UnlockMarkPic": "/Game/Aki/UI/UIResources/Common/Atlas/WorldMapIcon/SP_IconMonsterHead_325_UI.SP_IconMonsterHead_325_UI",
    "ShowCondition": 0,
    "FogShow": 1,
    "MapShow": 3,
    "Scale": 1,
    "FirstReward": 0,
    "Reward": 0
  },
  {
    "MarkId": 7002,
    "MapId": 8,
    "RelativeSubType": 0,
    "FogHide": 0,
    "RelativeType": 0,
    "RelativeId": 0,
    "MarkVector": {
      "X": 0,
      "Y": 0,
      "Z": 0
    },
    "EntityConfigId": 0,
    "ObjectType": 7,
    "MarkTitle": "MapMark_7002_MarkTitle",
    "MarkDesc": "MapMark_7002_MarkDesc",
    "ToBeDiscovered": 0,
    "IsMonster": 1,
    "ShowPriority": 7,
    "ShowRange": [
      -9999,
      9999
    ],
    "LockMarkPic": "/Game/Aki/UI/UIResources/Common/Atlas/WorldMapIcon/SP_IconMonsterHead_995_UI.SP_IconMonsterHead_995_UI",
    "UnlockMarkPic": "/Game/Aki/UI/UIResources/Common/Atlas/WorldMapIcon/SP_IconMonsterHead_995_UI.SP_IconMonsterHead_995_UI",
    "ShowCondition": 0,
    "FogShow": 1,
    "MapShow": 3,
    "Scale": 1,
    "FirstReward": 0,
    "Reward": 0
  },
  {
    "MarkId": 7003,
    "MapId": 8,
    "RelativeSubType": 0,
    "FogHide": 0,
    "RelativeType": 0,
    "RelativeId": 0,
    "MarkVector": {
      "X": 0,
      "Y": 0,
      "Z": 0
    },
    "EntityConfigId": 0,
    "ObjectType": 7,
    "MarkTitle": "MapMark_7003_MarkTitle",
    "MarkDesc": "MapMark_7003_MarkDesc",
    "ToBeDiscovered": 0,
    "IsMonster": 1,
    "ShowPriority": 7,
    "ShowRange": [
      -9999,
      9999
    ],
    "LockMarkPic": "/Game/Aki/UI/UIResources/Common/Atlas/WorldMapIcon/SP_IconMonsterHead_994_UI.SP_IconMonsterHead_994_UI",
    "UnlockMarkPic": "/Game/Aki/UI/UIResources/Common/Atlas/WorldMapIcon/SP_IconMonsterHead_994_UI.SP_IconMonsterHead_994_UI",
    "ShowCondition": 0,
    "FogShow": 1,
    "MapShow": 3,
    "Scale": 1,
    "FirstReward": 0,
    "Reward": 0
  },
  {
    "MarkId": 7004,
    "MapId": 8,
    "RelativeSubType": 0,
    "FogHide": 0,
    "RelativeType": 0,
    "RelativeId": 0,
    "MarkVector": {
      "X": 0,
      "Y": 0,
      "Z": 0
    },
    "EntityConfigId": 0,
    "ObjectType": 7,
    "MarkTitle": "MapMark_7004_MarkTitle",
    "MarkDesc": "MapMark_7004_MarkDesc",
    "ToBeDiscovered": 0,
    "IsMonster": 1,
    "ShowPriority": 7,
    "ShowRange": [
      -9999,
      9999
    ],
    "LockMarkPic": "/Game/Aki/UI/UIResources/Common/Atlas/WorldMapIcon/SP_IconMonsterHead_996_UI.SP_IconMonsterHead_996_UI",
    "UnlockMarkPic": "/Game/Aki/UI/UIResources/Common/Atlas/WorldMapIcon/SP_IconMonsterHead_996_UI.SP_IconMonsterHead_996_UI",
    "ShowCondition": 0,
    "FogShow": 1,
    "MapShow": 3,
    "Scale": 1,
    "FirstReward": 0,
    "Reward": 0
  },
  {
    "MarkId": 7005,
    "MapId": 8,
    "RelativeSubType": 0,
    "FogHide": 0,
    "RelativeType": 0,
    "RelativeId": 0,
    "MarkVector": {
      "X": 0,
      "Y": 0,
      "Z": 0
    },
    "EntityConfigId": 0,
    "ObjectType": 7,
    "MarkTitle": "MapMark_7005_MarkTitle",
    "MarkDesc": "MapMark_7005_MarkDesc",
    "ToBeDiscovered": 0,
    "IsMonster": 1,
    "ShowPriority": 7,
    "ShowRange": [
      -9999,
      9999
    ],
    "LockMarkPic": "/Game/Aki/UI/UIResources/Common/Atlas/WorldMapIcon/SP_IconMonsterHead_997_UI.SP_IconMonsterHead_997_UI",
    "UnlockMarkPic": "/Game/Aki/UI/UIResources/Common/Atlas/WorldMapIcon/SP_IconMonsterHead_997_UI.SP_IconMonsterHead_997_UI",
    "ShowCondition": 0,
    "FogShow": 1,
    "MapShow": 3,
    "Scale": 1,
    "FirstReward": 0,
    "Reward": 0
  },
  {
    "MarkId": 7006,
    "MapId": 8,
    "RelativeSubType": 0,
    "FogHide": 0,
    "RelativeType": 0,
    "RelativeId": 0,
    "MarkVector": {
      "X": 0,
      "Y": 0,
      "Z": 0
    },
    "EntityConfigId": 0,
    "ObjectType": 7,
    "MarkTitle": "MapMark_7006_MarkTitle",
    "MarkDesc": "MapMark_7006_MarkDesc",
    "ToBeDiscovered": 0,
    "IsMonster": 1,
    "ShowPriority": 7,
    "ShowRange": [
      -9999,
      9999
    ],
    "LockMarkPic": "/Game/Aki/UI/UIResources/Common/Atlas/WorldMapIcon/SP_IconMonsterHead_999_UI.SP_IconMonsterHead_999_UI",
    "UnlockMarkPic": "/Game/Aki/UI/UIResources/Common/Atlas/WorldMapIcon/SP_IconMonsterHead_999_UI.SP_IconMonsterHead_999_UI",
    "ShowCondition": 0,
    "FogShow": 1,
    "MapShow": 3,
    "Scale": 1,
    "FirstReward": 0,
    "Reward": 0
  },
  {
    "MarkId": 7010,
    "MapId": 8,
    "RelativeSubType": 0,
    "FogHide": 0,
    "RelativeType": 0,
    "RelativeId": 0,
    "MarkVector": {
      "X": 0,
      "Y": 0,
      "Z": 0
    },
    "EntityConfigId": 0,
    "ObjectType": 7,
    "MarkTitle": "MapMark_7010_MarkTitle",
    "MarkDesc": "MapMark_7010_MarkDesc",
    "ToBeDiscovered": 0,
    "IsMonster": 1,
    "ShowPriority": 7,
    "ShowRange": [
      -9999,
      9999
    ],
    "LockMarkPic": "/Game/Aki/UI/UIResources/Common/Atlas/WorldMapIcon/SP_IconMonsterHead_990_UI.SP_IconMonsterHead_990_UI",
    "UnlockMarkPic": "/Game/Aki/UI/UIResources/Common/Atlas/WorldMapIcon/SP_IconMonsterHead_990_UI.SP_IconMonsterHead_990_UI",
    "ShowCondition": 0,
    "FogShow": 1,
    "MapShow": 3,
    "Scale": 1,
    "FirstReward": 0,
    "Reward": 0
  },
  {
    "MarkId": 7500,
    "MapId": 8,
    "RelativeSubType": 0,
    "FogHide": 0,
    "RelativeType": 0,
    "RelativeId": 0,
    "MarkVector": {
      "X": 0,
      "Y": 0,
      "Z": 0
    },
    "EntityConfigId": 0,
    "ObjectType": 7,
    "MarkTitle": "MapMark_7500_MarkTitle",
    "MarkDesc": "MapMark_7500_MarkDesc",
    "ToBeDiscovered": 0,
    "IsMonster": 1,
    "ShowPriority": 7,
    "ShowRange": [
      -9999,
      9999
    ],
    "LockMarkPic": "/Game/Aki/UI/UIResources/Common/Atlas/WorldMapIcon/SP_IconMap_WYQ_03_UI.SP_IconMap_WYQ_03_UI",
    "UnlockMarkPic": "/Game/Aki/UI/UIResources/Common/Atlas/WorldMapIcon/SP_IconMap_WYQ_03_UI.SP_IconMap_WYQ_03_UI",
    "ShowCondition": 0,
    "FogShow": 1,
    "MapShow": 3,
    "Scale": 1,
    "FirstReward": 0,
    "Reward": 0
  },
  {
    "MarkId": 7501,
    "MapId": 8,
    "RelativeSubType": 0,
    "FogHide": 0,
    "RelativeType": 0,
    "RelativeId": 0,
    "MarkVector": {
      "X": 0,
      "Y": 0,
      "Z": 0
    },
    "EntityConfigId": 0,
    "ObjectType": 7,
    "MarkTitle": "MapMark_7501_MarkTitle",
    "MarkDesc": "MapMark_7501_MarkDesc",
    "ToBeDiscovered": 0,
    "IsMonster": 1,
    "ShowPriority": 7,
    "ShowRange": [
      -9999,
      9999
    ],
    "LockMarkPic": "/Game/Aki/UI/UIResources/Common/Atlas/WorldMapIcon/SP_IconMap_WYQ_03_UI.SP_IconMap_WYQ_03_UI",
    "UnlockMarkPic": "/Game/Aki/UI/UIResources/Common/Atlas/WorldMapIcon/SP_IconMap_WYQ_03_UI.SP_IconMap_WYQ_03_UI",
    "ShowCondition": 0,
    "FogShow": 1,
    "MapShow": 3,
    "Scale": 1,
    "FirstReward": 0,
    "Reward": 0
  },
  {
    "MarkId": 7502,
    "MapId": 8,
    "RelativeSubType": 0,
    "FogHide": 0,
    "RelativeType": 0,
    "RelativeId": 0,
    "MarkVector": {
      "X": 0,
      "Y": 0,
      "Z": 0
    },
    "EntityConfigId": 0,
    "ObjectType": 7,
    "MarkTitle": "MapMark_7502_MarkTitle",
    "MarkDesc": "MapMark_7502_MarkDesc",
    "ToBeDiscovered": 0,
    "IsMonster": 1,
    "ShowPriority": 7,
    "ShowRange": [
      -9999,
      9999
    ],
    "LockMarkPic": "/Game/Aki/UI/UIResources/Common/Atlas/WorldMapIcon/SP_IconMap_WYQ_03_UI.SP_IconMap_WYQ_03_UI",
    "UnlockMarkPic": "/Game/Aki/UI/UIResources/Common/Atlas/WorldMapIcon/SP_IconMap_WYQ_03_UI.SP_IconMap_WYQ_03_UI",
    "ShowCondition": 0,
    "FogShow": 1,
    "MapShow": 3,
    "Scale": 1,
    "FirstReward": 0,
    "Reward": 0
  },
  {
    "MarkId": 7503,
    "MapId": 8,
    "RelativeSubType": 0,
    "FogHide": 0,
    "RelativeType": 0,
    "RelativeId": 0,
    "MarkVector": {
      "X": 0,
      "Y": 0,
      "Z": 0
    },
    "EntityConfigId": 0,
    "ObjectType": 7,
    "MarkTitle": "MapMark_7503_MarkTitle",
    "MarkDesc": "MapMark_7503_MarkDesc",
    "ToBeDiscovered": 0,
    "IsMonster": 1,
    "ShowPriority": 7,
    "ShowRange": [
      -9999,
      9999
    ],
    "LockMarkPic": "/Game/Aki/UI/UIResources/Common/Atlas/WorldMapIcon/SP_IconMap_WYQ_03_UI.SP_IconMap_WYQ_03_UI",
    "UnlockMarkPic": "/Game/Aki/UI/UIResources/Common/Atlas/WorldMapIcon/SP_IconMap_WYQ_03_UI.SP_IconMap_WYQ_03_UI",
    "ShowCondition": 0,
    "FogShow": 1,
    "MapShow": 3,
    "Scale": 1,
    "FirstReward": 0,
    "Reward": 0
  },
  {
    "MarkId": 6033,
    "MapId": 8,
    "RelativeSubType": 0,
    "FogHide": 0,
    "RelativeType": 0,
    "RelativeId": 0,
    "MarkVector": {
      "X": 0,
      "Y": 0,
      "Z": 0
    },
    "EntityConfigId": 0,
    "ObjectType": 7,
    "MarkTitle": "MonsterInfo_310000340_Name",
    "MarkDesc": "MonsterInfo_310000340_DiscoveredDes",
    "ToBeDiscovered": 0,
    "IsMonster": 1,
    "ShowPriority": 7,
    "ShowRange": [
      -9999,
      9999
    ],
    "LockMarkPic": "/Game/Aki/UI/UIResources/Common/Atlas/WorldMapIcon/SP_IconMonsterHead_1001_UI.SP_IconMonsterHead_1001_UI",
    "UnlockMarkPic": "/Game/Aki/UI/UIResources/Common/Atlas/WorldMapIcon/SP_IconMonsterHead_1001_UI.SP_IconMonsterHead_1001_UI",
    "ShowCondition": 0,
    "FogShow": 1,
    "MapShow": 3,
    "Scale": 1,
    "FirstReward": 0,
    "Reward": 0
  },
  {
    "MarkId": 7007,
    "MapId": 8,
    "RelativeSubType": 0,
    "FogHide": 0,
    "RelativeType": 0,
    "RelativeId": 0,
    "MarkVector": {
      "X": 0,
      "Y": 0,
      "Z": 0
    },
    "EntityConfigId": 0,
    "ObjectType": 7,
    "MarkTitle": "MapMark_7007_MarkTitle",
    "MarkDesc": "MapMark_7007_MarkDesc",
    "ToBeDiscovered": 0,
    "IsMonster": 1,
    "ShowPriority": 7,
    "ShowRange": [
      -9999,
      9999
    ],
    "LockMarkPic": "/Game/Aki/UI/UIResources/Common/Atlas/WorldMapIcon/SP_IconMonsterHead_992_UI.SP_IconMonsterHead_992_UI",
    "UnlockMarkPic": "/Game/Aki/UI/UIResources/Common/Atlas/WorldMapIcon/SP_IconMonsterHead_992_UI.SP_IconMonsterHead_992_UI",
    "ShowCondition": 0,
    "FogShow": 1,
    "MapShow": 3,
    "Scale": 1,
    "FirstReward": 0,
    "Reward": 0
  },
  {
    "MarkId": 7011,
    "MapId": 8,
    "RelativeSubType": 0,
    "FogHide": 0,
    "RelativeType": 0,
    "RelativeId": 0,
    "MarkVector": {
      "X": 0,
      "Y": 0,
      "Z": 0
    },
    "EntityConfigId": 0,
    "ObjectType": 7,
    "MarkTitle": "MapMark_7011_MarkTitle",
    "MarkDesc": "MapMark_7011_MarkDesc",
    "ToBeDiscovered": 0,
    "IsMonster": 1,
    "ShowPriority": 7,
    "ShowRange": [
      -9999,
      9999
    ],
    "LockMarkPic": "/Game/Aki/UI/UIResources/Common/Atlas/WorldMapIcon/SP_IconMonsterHead_993_UI.SP_IconMonsterHead_993_UI",
    "UnlockMarkPic": "/Game/Aki/UI/UIResources/Common/Atlas/WorldMapIcon/SP_IconMonsterHead_993_UI.SP_IconMonsterHead_993_UI",
    "ShowCondition": 0,
    "FogShow": 1,
    "MapShow": 3,
    "Scale": 1,
    "FirstReward": 0,
    "Reward": 0
  },
  {
    "MarkId": 7013,
    "MapId": 8,
    "RelativeSubType": 0,
    "FogHide": 0,
    "RelativeType": 0,
    "RelativeId": 0,
    "MarkVector": {
      "X": 0,
      "Y": 0,
      "Z": 0
    },
    "EntityConfigId": 0,
    "ObjectType": 7,
    "MarkTitle": "MapMark_7013_MarkTitle",
    "MarkDesc": "MapMark_7013_MarkDesc",
    "ToBeDiscovered": 0,
    "IsMonster": 1,
    "ShowPriority": 7,
    "ShowRange": [
      -9999,
      9999
    ],
    "LockMarkPic": "/Game/Aki/UI/UIResources/Common/Atlas/WorldMapIcon/SP_IconMonsterHead_226_UI.SP_IconMonsterHead_226_UI",
    "UnlockMarkPic": "/Game/Aki/UI/UIResources/Common/Atlas/WorldMapIcon/SP_IconMonsterHead_226_UI.SP_IconMonsterHead_226_UI",
    "ShowCondition": 0,
    "FogShow": 1,
    "MapShow": 3,
    "Scale": 1,
    "FirstReward": 0,
    "Reward": 0
  },
  {
    "MarkId": 7510,
    "MapId": 8,
    "RelativeSubType": 0,
    "FogHide": 0,
    "RelativeType": 0,
    "RelativeId": 0,
    "MarkVector": {
      "X": 0,
      "Y": 0,
      "Z": 0
    },
    "EntityConfigId": 0,
    "ObjectType": 7,
    "MarkTitle": "MapMark_7510_MarkTitle",
    "MarkDesc": "MapMark_7510_MarkDesc",
    "ToBeDiscovered": 0,
    "IsMonster": 1,
    "ShowPriority": 7,
    "ShowRange": [
      -9999,
      9999
    ],
    "LockMarkPic": "/Game/Aki/UI/UIResources/Common/Atlas/WorldMapIcon/SP_IconMap_Activity_05_UI.SP_IconMap_Activity_05_UI",
    "UnlockMarkPic": "/Game/Aki/UI/UIResources/Common/Atlas/WorldMapIcon/SP_IconMap_Activity_05_UI.SP_IconMap_Activity_05_UI",
    "ShowCondition": 0,
    "FogShow": 1,
    "MapShow": 3,
    "Scale": 0.699999988079071,
    "FirstReward": 0,
    "Reward": 0
  },
  {
    "MarkId": 7511,
    "MapId": 8,
    "RelativeSubType": 0,
    "FogHide": 0,
    "RelativeType": 0,
    "RelativeId": 0,
    "MarkVector": {
      "X": 0,
      "Y": 0,
      "Z": 0
    },
    "EntityConfigId": 0,
    "ObjectType": 7,
    "MarkTitle": "MapMark_7511_MarkTitle",
    "MarkDesc": "MapMark_7511_MarkDesc",
    "ToBeDiscovered": 0,
    "IsMonster": 1,
    "ShowPriority": 7,
    "ShowRange": [
      -9999,
      9999
    ],
    "LockMarkPic": "/Game/Aki/UI/UIResources/Common/Atlas/WorldMapIcon/SP_IconMap_Activity_05_UI.SP_IconMap_Activity_05_UI",
    "UnlockMarkPic": "/Game/Aki/UI/UIResources/Common/Atlas/WorldMapIcon/SP_IconMap_Activity_05_UI.SP_IconMap_Activity_05_UI",
    "ShowCondition": 0,
    "FogShow": 1,
    "MapShow": 3,
    "Scale": 0.699999988079071,
    "FirstReward": 0,
    "Reward": 0
  },
  {
    "MarkId": 7512,
    "MapId": 8,
    "RelativeSubType": 0,
    "FogHide": 0,
    "RelativeType": 0,
    "RelativeId": 0,
    "MarkVector": {
      "X": 0,
      "Y": 0,
      "Z": 0
    },
    "EntityConfigId": 0,
    "ObjectType": 7,
    "MarkTitle": "MapMark_7512_MarkTitle",
    "MarkDesc": "MapMark_7512_MarkDesc",
    "ToBeDiscovered": 0,
    "IsMonster": 1,
    "ShowPriority": 7,
    "ShowRange": [
      -9999,
      9999
    ],
    "LockMarkPic": "/Game/Aki/UI/UIResources/Common/Atlas/WorldMapIcon/SP_IconMap_Activity_05_UI.SP_IconMap_Activity_05_UI",
    "UnlockMarkPic": "/Game/Aki/UI/UIResources/Common/Atlas/WorldMapIcon/SP_IconMap_Activity_05_UI.SP_IconMap_Activity_05_UI",
    "ShowCondition": 0,
    "FogShow": 1,
    "MapShow": 3,
    "Scale": 0.699999988079071,
    "FirstReward": 0,
    "Reward": 0
  },
  {
    "MarkId": 7513,
    "MapId": 8,
    "RelativeSubType": 0,
    "FogHide": 0,
    "RelativeType": 0,
    "RelativeId": 0,
    "MarkVector": {
      "X": 0,
      "Y": 0,
      "Z": 0
    },
    "EntityConfigId": 0,
    "ObjectType": 7,
    "MarkTitle": "MapMark_7513_MarkTitle",
    "MarkDesc": "MapMark_7513_MarkDesc",
    "ToBeDiscovered": 0,
    "IsMonster": 1,
    "ShowPriority": 7,
    "ShowRange": [
      -9999,
      9999
    ],
    "LockMarkPic": "/Game/Aki/UI/UIResources/Common/Atlas/WorldMapIcon/SP_IconMap_Activity_05_UI.SP_IconMap_Activity_05_UI",
    "UnlockMarkPic": "/Game/Aki/UI/UIResources/Common/Atlas/WorldMapIcon/SP_IconMap_Activity_05_UI.SP_IconMap_Activity_05_UI",
    "ShowCondition": 0,
    "FogShow": 1,
    "MapShow": 3,
    "Scale": 0.699999988079071,
    "FirstReward": 0,
    "Reward": 0
  },
  {
    "MarkId": 7514,
    "MapId": 8,
    "RelativeSubType": 0,
    "FogHide": 0,
    "RelativeType": 0,
    "RelativeId": 0,
    "MarkVector": {
      "X": 0,
      "Y": 0,
      "Z": 0
    },
    "EntityConfigId": 0,
    "ObjectType": 7,
    "MarkTitle": "MapMark_7514_MarkTitle",
    "MarkDesc": "MapMark_7514_MarkDesc",
    "ToBeDiscovered": 0,
    "IsMonster": 1,
    "ShowPriority": 7,
    "ShowRange": [
      -9999,
      9999
    ],
    "LockMarkPic": "/Game/Aki/UI/UIResources/Common/Atlas/WorldMapIcon/SP_IconMap_Activity_05_UI.SP_IconMap_Activity_05_UI",
    "UnlockMarkPic": "/Game/Aki/UI/UIResources/Common/Atlas/WorldMapIcon/SP_IconMap_Activity_05_UI.SP_IconMap_Activity_05_UI",
    "ShowCondition": 0,
    "FogShow": 1,
    "MapShow": 3,
    "Scale": 0.699999988079071,
    "FirstReward": 0,
    "Reward": 0
  },
  {
    "MarkId": 7515,
    "MapId": 8,
    "RelativeSubType": 0,
    "FogHide": 0,
    "RelativeType": 0,
    "RelativeId": 0,
    "MarkVector": {
      "X": 0,
      "Y": 0,
      "Z": 0
    },
    "EntityConfigId": 0,
    "ObjectType": 7,
    "MarkTitle": "MapMark_7515_MarkTitle",
    "MarkDesc": "MapMark_7515_MarkDesc",
    "ToBeDiscovered": 0,
    "IsMonster": 1,
    "ShowPriority": 7,
    "ShowRange": [
      -9999,
      9999
    ],
    "LockMarkPic": "/Game/Aki/UI/UIResources/Common/Atlas/WorldMapIcon/SP_IconMap_Activity_05_UI.SP_IconMap_Activity_05_UI",
    "UnlockMarkPic": "/Game/Aki/UI/UIResources/Common/Atlas/WorldMapIcon/SP_IconMap_Activity_05_UI.SP_IconMap_Activity_05_UI",
    "ShowCondition": 0,
    "FogShow": 1,
    "MapShow": 3,
    "Scale": 0.699999988079071,
    "FirstReward": 0,
    "Reward": 0
  },
  {
    "MarkId": 7516,
    "MapId": 8,
    "RelativeSubType": 0,
    "FogHide": 0,
    "RelativeType": 0,
    "RelativeId": 0,
    "MarkVector": {
      "X": 0,
      "Y": 0,
      "Z": 0
    },
    "EntityConfigId": 0,
    "ObjectType": 7,
    "MarkTitle": "MapMark_7516_MarkTitle",
    "MarkDesc": "MapMark_7516_MarkDesc",
    "ToBeDiscovered": 0,
    "IsMonster": 1,
    "ShowPriority": 7,
    "ShowRange": [
      -9999,
      9999
    ],
    "LockMarkPic": "/Game/Aki/UI/UIResources/Common/Atlas/WorldMapIcon/SP_IconMap_Activity_05_UI.SP_IconMap_Activity_05_UI",
    "UnlockMarkPic": "/Game/Aki/UI/UIResources/Common/Atlas/WorldMapIcon/SP_IconMap_Activity_05_UI.SP_IconMap_Activity_05_UI",
    "ShowCondition": 0,
    "FogShow": 1,
    "MapShow": 3,
    "Scale": 0.699999988079071,
    "FirstReward": 0,
    "Reward": 0
  },
  {
    "MarkId": 7517,
    "MapId": 8,
    "RelativeSubType": 0,
    "FogHide": 0,
    "RelativeType": 0,
    "RelativeId": 0,
    "MarkVector": {
      "X": 0,
      "Y": 0,
      "Z": 0
    },
    "EntityConfigId": 0,
    "ObjectType": 7,
    "MarkTitle": "MapMark_7517_MarkTitle",
    "MarkDesc": "MapMark_7517_MarkDesc",
    "ToBeDiscovered": 0,
    "IsMonster": 1,
    "ShowPriority": 7,
    "ShowRange": [
      -9999,
      9999
    ],
    "LockMarkPic": "/Game/Aki/UI/UIResources/Common/Atlas/WorldMapIcon/SP_IconMap_Activity_05_UI.SP_IconMap_Activity_05_UI",
    "UnlockMarkPic": "/Game/Aki/UI/UIResources/Common/Atlas/WorldMapIcon/SP_IconMap_Activity_05_UI.SP_IconMap_Activity_05_UI",
    "ShowCondition": 0,
    "FogShow": 1,
    "MapShow": 3,
    "Scale": 0.699999988079071,
    "FirstReward": 0,
    "Reward": 0
  },
  {
    "MarkId": 7518,
    "MapId": 8,
    "RelativeSubType": 0,
    "FogHide": 0,
    "RelativeType": 0,
    "RelativeId": 0,
    "MarkVector": {
      "X": 0,
      "Y": 0,
      "Z": 0
    },
    "EntityConfigId": 0,
    "ObjectType": 7,
    "MarkTitle": "MapMark_7518_MarkTitle",
    "MarkDesc": "MapMark_7518_MarkDesc",
    "ToBeDiscovered": 0,
    "IsMonster": 1,
    "ShowPriority": 7,
    "ShowRange": [
      -9999,
      9999
    ],
    "LockMarkPic": "/Game/Aki/UI/UIResources/Common/Atlas/WorldMapIcon/SP_IconMap_Activity_05_UI.SP_IconMap_Activity_05_UI",
    "UnlockMarkPic": "/Game/Aki/UI/UIResources/Common/Atlas/WorldMapIcon/SP_IconMap_Activity_05_UI.SP_IconMap_Activity_05_UI",
    "ShowCondition": 0,
    "FogShow": 1,
    "MapShow": 3,
    "Scale": 0.699999988079071,
    "FirstReward": 0,
    "Reward": 0
  },
  {
    "MarkId": 7519,
    "MapId": 8,
    "RelativeSubType": 0,
    "FogHide": 0,
    "RelativeType": 0,
    "RelativeId": 0,
    "MarkVector": {
      "X": 0,
      "Y": 0,
      "Z": 0
    },
    "EntityConfigId": 0,
    "ObjectType": 7,
    "MarkTitle": "MapMark_7519_MarkTitle",
    "MarkDesc": "MapMark_7519_MarkDesc",
    "ToBeDiscovered": 0,
    "IsMonster": 1,
    "ShowPriority": 7,
    "ShowRange": [
      -9999,
      9999
    ],
    "LockMarkPic": "/Game/Aki/UI/UIResources/Common/Atlas/WorldMapIcon/SP_IconMap_Activity_05_UI.SP_IconMap_Activity_05_UI",
    "UnlockMarkPic": "/Game/Aki/UI/UIResources/Common/Atlas/WorldMapIcon/SP_IconMap_Activity_05_UI.SP_IconMap_Activity_05_UI",
    "ShowCondition": 0,
    "FogShow": 1,
    "MapShow": 3,
    "Scale": 0.699999988079071,
    "FirstReward": 0,
    "Reward": 0
  },
  {
    "MarkId": 7520,
    "MapId": 8,
    "RelativeSubType": 0,
    "FogHide": 0,
    "RelativeType": 0,
    "RelativeId": 0,
    "MarkVector": {
      "X": 0,
      "Y": 0,
      "Z": 0
    },
    "EntityConfigId": 0,
    "ObjectType": 7,
    "MarkTitle": "MapMark_7520_MarkTitle",
    "MarkDesc": "MapMark_7520_MarkDesc",
    "ToBeDiscovered": 0,
    "IsMonster": 1,
    "ShowPriority": 7,
    "ShowRange": [
      -9999,
      9999
    ],
    "LockMarkPic": "/Game/Aki/UI/UIResources/Common/Atlas/WorldMapIcon/SP_IconMap_Activity_05_UI.SP_IconMap_Activity_05_UI",
    "UnlockMarkPic": "/Game/Aki/UI/UIResources/Common/Atlas/WorldMapIcon/SP_IconMap_Activity_05_UI.SP_IconMap_Activity_05_UI",
    "ShowCondition": 0,
    "FogShow": 1,
    "MapShow": 3,
    "Scale": 0.699999988079071,
    "FirstReward": 0,
    "Reward": 0
  },
  {
    "MarkId": 7521,
    "MapId": 8,
    "RelativeSubType": 0,
    "FogHide": 0,
    "RelativeType": 0,
    "RelativeId": 0,
    "MarkVector": {
      "X": 0,
      "Y": 0,
      "Z": 0
    },
    "EntityConfigId": 0,
    "ObjectType": 7,
    "MarkTitle": "MapMark_7521_MarkTitle",
    "MarkDesc": "MapMark_7521_MarkDesc",
    "ToBeDiscovered": 0,
    "IsMonster": 1,
    "ShowPriority": 7,
    "ShowRange": [
      -9999,
      9999
    ],
    "LockMarkPic": "/Game/Aki/UI/UIResources/Common/Atlas/WorldMapIcon/SP_IconMap_Activity_05_UI.SP_IconMap_Activity_05_UI",
    "UnlockMarkPic": "/Game/Aki/UI/UIResources/Common/Atlas/WorldMapIcon/SP_IconMap_Activity_05_UI.SP_IconMap_Activity_05_UI",
    "ShowCondition": 0,
    "FogShow": 1,
    "MapShow": 3,
    "Scale": 0.699999988079071,
    "FirstReward": 0,
    "Reward": 0
  },
  {
    "MarkId": 7522,
    "MapId": 8,
    "RelativeSubType": 0,
    "FogHide": 0,
    "RelativeType": 0,
    "RelativeId": 0,
    "MarkVector": {
      "X": 0,
      "Y": 0,
      "Z": 0
    },
    "EntityConfigId": 0,
    "ObjectType": 7,
    "MarkTitle": "MapMark_7522_MarkTitle",
    "MarkDesc": "MapMark_7522_MarkDesc",
    "ToBeDiscovered": 0,
    "IsMonster": 1,
    "ShowPriority": 7,
    "ShowRange": [
      -9999,
      9999
    ],
    "LockMarkPic": "/Game/Aki/UI/UIResources/Common/Atlas/WorldMapIcon/SP_IconMap_Activity_05_UI.SP_IconMap_Activity_05_UI",
    "UnlockMarkPic": "/Game/Aki/UI/UIResources/Common/Atlas/WorldMapIcon/SP_IconMap_Activity_05_UI.SP_IconMap_Activity_05_UI",
    "ShowCondition": 0,
    "FogShow": 1,
    "MapShow": 3,
    "Scale": 0.699999988079071,
    "FirstReward": 0,
    "Reward": 0
  },
  {
    "MarkId": 7530,
    "MapId": 8,
    "RelativeSubType": 0,
    "FogHide": 0,
    "RelativeType": 0,
    "RelativeId": 0,
    "MarkVector": {
      "X": 0,
      "Y": 0,
      "Z": 0
    },
    "EntityConfigId": 11900183,
    "ObjectType": 7,
    "MarkTitle": "MapMark_7534_MarkTitle",
    "MarkDesc": "MapMark_7530_MarkDesc",
    "ToBeDiscovered": 0,
    "IsMonster": 1,
    "ShowPriority": 7,
    "ShowRange": [
      -9999,
      9999
    ],
    "LockMarkPic": "/Game/Aki/UI/UIResources/Common/Atlas/WorldMapIcon/SP_IconMap_Activity_05_UI.SP_IconMap_Activity_05_UI",
    "UnlockMarkPic": "/Game/Aki/UI/UIResources/Common/Atlas/WorldMapIcon/SP_IconMap_Activity_05_UI.SP_IconMap_Activity_05_UI",
    "ShowCondition": 0,
    "FogShow": 1,
    "MapShow": 3,
    "Scale": 0.699999988079071,
    "FirstReward": 0,
    "Reward": 0
  },
  {
    "MarkId": 7531,
    "MapId": 8,
    "RelativeSubType": 0,
    "FogHide": 0,
    "RelativeType": 0,
    "RelativeId": 0,
    "MarkVector": {
      "X": 0,
      "Y": 0,
      "Z": 0
    },
    "EntityConfigId": 11900187,
    "ObjectType": 7,
    "MarkTitle": "MapMark_7531_MarkTitle",
    "MarkDesc": "MapMark_7531_MarkDesc",
    "ToBeDiscovered": 0,
    "IsMonster": 1,
    "ShowPriority": 7,
    "ShowRange": [
      -9999,
      9999
    ],
    "LockMarkPic": "/Game/Aki/UI/UIResources/Common/Atlas/WorldMapIcon/SP_IconMap_Activity_05_UI.SP_IconMap_Activity_05_UI",
    "UnlockMarkPic": "/Game/Aki/UI/UIResources/Common/Atlas/WorldMapIcon/SP_IconMap_Activity_05_UI.SP_IconMap_Activity_05_UI",
    "ShowCondition": 0,
    "FogShow": 1,
    "MapShow": 3,
    "Scale": 0.699999988079071,
    "FirstReward": 0,
    "Reward": 0
  },
  {
    "MarkId": 7532,
    "MapId": 8,
    "RelativeSubType": 0,
    "FogHide": 0,
    "RelativeType": 0,
    "RelativeId": 0,
    "MarkVector": {
      "X": 0,
      "Y": 0,
      "Z": 0
    },
    "EntityConfigId": 11900190,
    "ObjectType": 7,
    "MarkTitle": "MapMark_7532_MarkTitle",
    "MarkDesc": "MapMark_7532_MarkDesc",
    "ToBeDiscovered": 0,
    "IsMonster": 1,
    "ShowPriority": 7,
    "ShowRange": [
      -9999,
      9999
    ],
    "LockMarkPic": "/Game/Aki/UI/UIResources/Common/Atlas/WorldMapIcon/SP_IconMap_Activity_05_UI.SP_IconMap_Activity_05_UI",
    "UnlockMarkPic": "/Game/Aki/UI/UIResources/Common/Atlas/WorldMapIcon/SP_IconMap_Activity_05_UI.SP_IconMap_Activity_05_UI",
    "ShowCondition": 0,
    "FogShow": 1,
    "MapShow": 3,
    "Scale": 0.699999988079071,
    "FirstReward": 0,
    "Reward": 0
  },
  {
    "MarkId": 7533,
    "MapId": 8,
    "RelativeSubType": 0,
    "FogHide": 0,
    "RelativeType": 0,
    "RelativeId": 0,
    "MarkVector": {
      "X": 0,
      "Y": 0,
      "Z": 0
    },
    "EntityConfigId": 11900197,
    "ObjectType": 7,
    "MarkTitle": "MapMark_7533_MarkTitle",
    "MarkDesc": "MapMark_7533_MarkDesc",
    "ToBeDiscovered": 0,
    "IsMonster": 1,
    "ShowPriority": 7,
    "ShowRange": [
      -9999,
      9999
    ],
    "LockMarkPic": "/Game/Aki/UI/UIResources/Common/Atlas/WorldMapIcon/SP_IconMap_Activity_05_UI.SP_IconMap_Activity_05_UI",
    "UnlockMarkPic": "/Game/Aki/UI/UIResources/Common/Atlas/WorldMapIcon/SP_IconMap_Activity_05_UI.SP_IconMap_Activity_05_UI",
    "ShowCondition": 0,
    "FogShow": 1,
    "MapShow": 3,
    "Scale": 0.699999988079071,
    "FirstReward": 0,
    "Reward": 0
  },
  {
    "MarkId": 7534,
    "MapId": 8,
    "RelativeSubType": 0,
    "FogHide": 0,
    "RelativeType": 0,
    "RelativeId": 0,
    "MarkVector": {
      "X": 0,
      "Y": 0,
      "Z": 0
    },
    "EntityConfigId": 0,
    "ObjectType": 7,
    "MarkTitle": "MapMark_7530_MarkTitle",
    "MarkDesc": "MapMark_7534_MarkDesc",
    "ToBeDiscovered": 0,
    "IsMonster": 1,
    "ShowPriority": 7,
    "ShowRange": [
      -9999,
      9999
    ],
    "LockMarkPic": "/Game/Aki/UI/UIResources/Common/Atlas/WorldMapIcon/SP_IconMap_Activity_05_UI.SP_IconMap_Activity_05_UI",
    "UnlockMarkPic": "/Game/Aki/UI/UIResources/Common/Atlas/WorldMapIcon/SP_IconMap_Activity_05_UI.SP_IconMap_Activity_05_UI",
    "ShowCondition": 0,
    "FogShow": 1,
    "MapShow": 3,
    "Scale": 0.699999988079071,
    "FirstReward": 0,
    "Reward": 0
  },
  {
    "MarkId": 7535,
    "MapId": 8,
    "RelativeSubType": 0,
    "FogHide": 0,
    "RelativeType": 0,
    "RelativeId": 0,
    "MarkVector": {
      "X": 0,
      "Y": 0,
      "Z": 0
    },
    "EntityConfigId": 11900215,
    "ObjectType": 7,
    "MarkTitle": "MapMark_7535_MarkTitle",
    "MarkDesc": "MapMark_7535_MarkDesc",
    "ToBeDiscovered": 0,
    "IsMonster": 1,
    "ShowPriority": 7,
    "ShowRange": [
      -9999,
      9999
    ],
    "LockMarkPic": "/Game/Aki/UI/UIResources/Common/Atlas/WorldMapIcon/SP_IconMap_Activity_05_UI.SP_IconMap_Activity_05_UI",
    "UnlockMarkPic": "/Game/Aki/UI/UIResources/Common/Atlas/WorldMapIcon/SP_IconMap_Activity_05_UI.SP_IconMap_Activity_05_UI",
    "ShowCondition": 0,
    "FogShow": 1,
    "MapShow": 3,
    "Scale": 0.699999988079071,
    "FirstReward": 0,
    "Reward": 0
  },
  {
    "MarkId": 7536,
    "MapId": 8,
    "RelativeSubType": 0,
    "FogHide": 0,
    "RelativeType": 0,
    "RelativeId": 0,
    "MarkVector": {
      "X": 0,
      "Y": 0,
      "Z": 0
    },
    "EntityConfigId": 11900198,
    "ObjectType": 7,
    "MarkTitle": "MapMark_7536_MarkTitle",
    "MarkDesc": "MapMark_7536_MarkDesc",
    "ToBeDiscovered": 0,
    "IsMonster": 1,
    "ShowPriority": 7,
    "ShowRange": [
      -9999,
      9999
    ],
    "LockMarkPic": "/Game/Aki/UI/UIResources/Common/Atlas/WorldMapIcon/SP_IconMap_Activity_05_UI.SP_IconMap_Activity_05_UI",
    "UnlockMarkPic": "/Game/Aki/UI/UIResources/Common/Atlas/WorldMapIcon/SP_IconMap_Activity_05_UI.SP_IconMap_Activity_05_UI",
    "ShowCondition": 0,
    "FogShow": 1,
    "MapShow": 3,
    "Scale": 0.699999988079071,
    "FirstReward": 0,
    "Reward": 0
  },
  {
    "MarkId": 7537,
    "MapId": 8,
    "RelativeSubType": 0,
    "FogHide": 0,
    "RelativeType": 0,
    "RelativeId": 0,
    "MarkVector": {
      "X": 0,
      "Y": 0,
      "Z": 0
    },
    "EntityConfigId": 11900200,
    "ObjectType": 7,
    "MarkTitle": "MapMark_7537_MarkTitle",
    "MarkDesc": "MapMark_7537_MarkDesc",
    "ToBeDiscovered": 0,
    "IsMonster": 1,
    "ShowPriority": 7,
    "ShowRange": [
      -9999,
      9999
    ],
    "LockMarkPic": "/Game/Aki/UI/UIResources/Common/Atlas/WorldMapIcon/SP_IconMap_Activity_05_UI.SP_IconMap_Activity_05_UI",
    "UnlockMarkPic": "/Game/Aki/UI/UIResources/Common/Atlas/WorldMapIcon/SP_IconMap_Activity_05_UI.SP_IconMap_Activity_05_UI",
    "ShowCondition": 0,
    "FogShow": 1,
    "MapShow": 3,
    "Scale": 0.699999988079071,
    "FirstReward": 0,
    "Reward": 0
  },
  {
    "MarkId": 7538,
    "MapId": 8,
    "RelativeSubType": 0,
    "FogHide": 0,
    "RelativeType": 0,
    "RelativeId": 0,
    "MarkVector": {
      "X": 0,
      "Y": 0,
      "Z": 0
    },
    "EntityConfigId": 11900205,
    "ObjectType": 7,
    "MarkTitle": "MapMark_7538_MarkTitle",
    "MarkDesc": "MapMark_7538_MarkDesc",
    "ToBeDiscovered": 0,
    "IsMonster": 1,
    "ShowPriority": 7,
    "ShowRange": [
      -9999,
      9999
    ],
    "LockMarkPic": "/Game/Aki/UI/UIResources/Common/Atlas/WorldMapIcon/SP_IconMap_Activity_05_UI.SP_IconMap_Activity_05_UI",
    "UnlockMarkPic": "/Game/Aki/UI/UIResources/Common/Atlas/WorldMapIcon/SP_IconMap_Activity_05_UI.SP_IconMap_Activity_05_UI",
    "ShowCondition": 0,
    "FogShow": 1,
    "MapShow": 3,
    "Scale": 0.699999988079071,
    "FirstReward": 0,
    "Reward": 0
  },
  {
    "MarkId": 7523,
    "MapId": 8,
    "RelativeSubType": 0,
    "FogHide": 0,
    "RelativeType": 0,
    "RelativeId": 0,
    "MarkVector": {
      "X": 0,
      "Y": 0,
      "Z": 0
    },
    "EntityConfigId": 0,
    "ObjectType": 7,
    "MarkTitle": "MapMark_7523_MarkTitle",
    "MarkDesc": "MapMark_7523_MarkDesc",
    "ToBeDiscovered": 0,
    "IsMonster": 1,
    "ShowPriority": 7,
    "ShowRange": [
      -9999,
      9999
    ],
    "LockMarkPic": "/Game/Aki/UI/UIResources/Common/Atlas/WorldMapIcon/SP_IconMap_Activity_05_UI.SP_IconMap_Activity_05_UI",
    "UnlockMarkPic": "/Game/Aki/UI/UIResources/Common/Atlas/WorldMapIcon/SP_IconMap_Activity_05_UI.SP_IconMap_Activity_05_UI",
    "ShowCondition": 0,
    "FogShow": 1,
    "MapShow": 3,
    "Scale": 0.699999988079071,
    "FirstReward": 0,
    "Reward": 0
  },
  {
    "MarkId": 6034,
    "MapId": 8,
    "RelativeSubType": 0,
    "FogHide": 0,
    "RelativeType": 0,
    "RelativeId": 0,
    "MarkVector": {
      "X": 0,
      "Y": 0,
      "Z": 0
    },
    "EntityConfigId": 0,
    "ObjectType": 7,
    "MarkTitle": "MonsterInfo_310000350_Name",
    "MarkDesc": "MonsterInfo_310000350_DiscoveredDes",
    "ToBeDiscovered": 0,
    "IsMonster": 1,
    "ShowPriority": 7,
    "ShowRange": [
      -9999,
      9999
    ],
    "LockMarkPic": "/Game/Aki/UI/UIResources/Common/Atlas/WorldMapIcon/SP_IconMonsterHead_326_UI.SP_IconMonsterHead_326_UI",
    "UnlockMarkPic": "/Game/Aki/UI/UIResources/Common/Atlas/WorldMapIcon/SP_IconMonsterHead_326_UI.SP_IconMonsterHead_326_UI",
    "ShowCondition": 0,
    "FogShow": 1,
    "MapShow": 3,
    "Scale": 1,
    "FirstReward": 0,
    "Reward": 0
  },
  {
    "MarkId": 6035,
    "MapId": 8,
    "RelativeSubType": 0,
    "FogHide": 0,
    "RelativeType": 0,
    "RelativeId": 0,
    "MarkVector": {
      "X": 0,
      "Y": 0,
      "Z": 0
    },
    "EntityConfigId": 0,
    "ObjectType": 7,
    "MarkTitle": "MonsterInfo_310000360_Name",
    "MarkDesc": "MonsterInfo_310000360_DiscoveredDes",
    "ToBeDiscovered": 0,
    "IsMonster": 1,
    "ShowPriority": 7,
    "ShowRange": [
      -9999,
      9999
    ],
    "LockMarkPic": "/Game/Aki/UI/UIResources/Common/Atlas/WorldMapIcon/SP_IconMonsterHead_331_UI.SP_IconMonsterHead_331_UI",
    "UnlockMarkPic": "/Game/Aki/UI/UIResources/Common/Atlas/WorldMapIcon/SP_IconMonsterHead_331_UI.SP_IconMonsterHead_331_UI",
    "ShowCondition": 0,
    "FogShow": 1,
    "MapShow": 3,
    "Scale": 1,
    "FirstReward": 0,
    "Reward": 0
  },
  {
    "MarkId": 6518,
    "MapId": 8,
    "RelativeSubType": 0,
    "FogHide": 0,
    "RelativeType": 0,
    "RelativeId": 0,
    "MarkVector": {
      "X": 0,
      "Y": 0,
      "Z": 0
    },
    "EntityConfigId": 0,
    "ObjectType": 7,
    "MarkTitle": "MonsterInfo_320000190_Name",
    "MarkDesc": "MonsterInfo_320000190_UndiscoveredDes",
    "ToBeDiscovered": 0,
    "IsMonster": 1,
    "ShowPriority": 7,
    "ShowRange": [
      -9999,
      9999
    ],
    "LockMarkPic": "/Game/Aki/UI/UIResources/Common/Atlas/WorldMapIcon/SP_IconMonsterHead_985_UI.SP_IconMonsterHead_985_UI",
    "UnlockMarkPic": "/Game/Aki/UI/UIResources/Common/Atlas/WorldMapIcon/SP_IconMonsterHead_985_UI.SP_IconMonsterHead_985_UI",
    "ShowCondition": 0,
    "FogShow": 1,
    "MapShow": 3,
    "Scale": 1,
    "FirstReward": 0,
    "Reward": 0
  },
  {
    "MarkId": 6519,
    "MapId": 8,
    "RelativeSubType": 0,
    "FogHide": 0,
    "RelativeType": 0,
    "RelativeId": 0,
    "MarkVector": {
      "X": 0,
      "Y": 0,
      "Z": 0
    },
    "EntityConfigId": 0,
    "ObjectType": 7,
    "MarkTitle": "MonsterInfo_320000200_Name",
    "MarkDesc": "MonsterInfo_320000200_UndiscoveredDes",
    "ToBeDiscovered": 0,
    "IsMonster": 1,
    "ShowPriority": 7,
    "ShowRange": [
      -9999,
      9999
    ],
    "LockMarkPic": "/Game/Aki/UI/UIResources/Common/Atlas/WorldMapIcon/SP_IconMonsterHead_330_UI.SP_IconMonsterHead_330_UI",
    "UnlockMarkPic": "/Game/Aki/UI/UIResources/Common/Atlas/WorldMapIcon/SP_IconMonsterHead_330_UI.SP_IconMonsterHead_330_UI",
    "ShowCondition": 0,
    "FogShow": 1,
    "MapShow": 3,
    "Scale": 1,
    "FirstReward": 0,
    "Reward": 0
  },
  {
    "MarkId": 6520,
    "MapId": 8,
    "RelativeSubType": 0,
    "FogHide": 0,
    "RelativeType": 0,
    "RelativeId": 0,
    "MarkVector": {
      "X": 0,
      "Y": 0,
      "Z": 0
    },
    "EntityConfigId": 0,
    "ObjectType": 7,
    "MarkTitle": "MonsterInfo_320000210_Name",
    "MarkDesc": "MonsterInfo_320000210_UndiscoveredDes",
    "ToBeDiscovered": 0,
    "IsMonster": 1,
    "ShowPriority": 7,
    "ShowRange": [
      -9999,
      9999
    ],
    "LockMarkPic": "/Game/Aki/UI/UIResources/Common/Atlas/WorldMapIcon/SP_IconMonsterHead_329_UI.SP_IconMonsterHead_329_UI",
    "UnlockMarkPic": "/Game/Aki/UI/UIResources/Common/Atlas/WorldMapIcon/SP_IconMonsterHead_329_UI.SP_IconMonsterHead_329_UI",
    "ShowCondition": 0,
    "FogShow": 1,
    "MapShow": 3,
    "Scale": 1,
    "FirstReward": 0,
    "Reward": 0
  },
  {
    "MarkId": 7524,
    "MapId": 8,
    "RelativeSubType": 0,
    "FogHide": 0,
    "RelativeType": 0,
    "RelativeId": 0,
    "MarkVector": {
      "X": 0,
      "Y": 0,
      "Z": 0
    },
    "EntityConfigId": 0,
    "ObjectType": 7,
    "MarkTitle": "MapMark_300202_MarkTitle",
    "MarkDesc": "MapMark_300202_MarkDesc",
    "ToBeDiscovered": 0,
    "IsMonster": 1,
    "ShowPriority": 7,
    "ShowRange": [
      -9999,
      9999
    ],
    "LockMarkPic": "/Game/Aki/UI/UIResources/Common/Atlas/WorldMapIcon/SP_IconMap_Activity_05_UI.SP_IconMap_Activity_05_UI",
    "UnlockMarkPic": "/Game/Aki/UI/UIResources/Common/Atlas/WorldMapIcon/SP_IconMap_Activity_05_UI.SP_IconMap_Activity_05_UI",
    "ShowCondition": 0,
    "FogShow": 1,
    "MapShow": 3,
    "Scale": 0.699999988079071,
    "FirstReward": 0,
    "Reward": 0
  },
  {
    "MarkId": 7540,
    "MapId": 8,
    "RelativeSubType": 0,
    "FogHide": 0,
    "RelativeType": 0,
    "RelativeId": 0,
    "MarkVector": {
      "X": 0,
      "Y": 0,
      "Z": 0
    },
    "EntityConfigId": 0,
    "ObjectType": 7,
    "MarkTitle": "MapMark_300201_MarkTitle",
    "MarkDesc": "MapMark_300201_MarkDesc",
    "ToBeDiscovered": 0,
    "IsMonster": 1,
    "ShowPriority": 7,
    "ShowRange": [
      -9999,
      9999
    ],
    "LockMarkPic": "/Game/Aki/UI/UIResources/Common/Atlas/WorldMapIcon/SP_IconMap_Activity_05_UI.SP_IconMap_Activity_05_UI",
    "UnlockMarkPic": "/Game/Aki/UI/UIResources/Common/Atlas/WorldMapIcon/SP_IconMap_Activity_05_UI.SP_IconMap_Activity_05_UI",
    "ShowCondition": 0,
    "FogShow": 1,
    "MapShow": 3,
    "Scale": 0.699999988079071,
    "FirstReward": 0,
    "Reward": 0
  },
  {
    "MarkId": 7541,
    "MapId": 8,
    "RelativeSubType": 0,
    "FogHide": 0,
    "RelativeType": 0,
    "RelativeId": 0,
    "MarkVector": {
      "X": 0,
      "Y": 0,
      "Z": 0
    },
    "EntityConfigId": 0,
    "ObjectType": 7,
    "MarkTitle": "MapMark_131001_MarkTitle",
    "MarkDesc": "MapMark_131001_MarkDesc",
    "ToBeDiscovered": 0,
    "IsMonster": 1,
    "ShowPriority": 7,
    "ShowRange": [
      -9999,
      9999
    ],
    "LockMarkPic": "/Game/Aki/UI/UIResources/Common/Atlas/WorldMapIcon/SP_IconMap_Activity_05_UI.SP_IconMap_Activity_05_UI",
    "UnlockMarkPic": "/Game/Aki/UI/UIResources/Common/Atlas/WorldMapIcon/SP_IconMap_Activity_05_UI.SP_IconMap_Activity_05_UI",
    "ShowCondition": 0,
    "FogShow": 1,
    "MapShow": 3,
    "Scale": 0.699999988079071,
    "FirstReward": 0,
    "Reward": 0
  },
  {
    "MarkId": 7542,
    "MapId": 900,
    "RelativeSubType": 0,
    "FogHide": 0,
    "RelativeType": 0,
    "RelativeId": 0,
    "MarkVector": {
      "X": 0,
      "Y": 0,
      "Z": 0
    },
    "EntityConfigId": 0,
    "ObjectType": 7,
    "MarkTitle": "MapMark_7542_MarkTitle",
    "MarkDesc": "MapMark_7542_MarkDesc",
    "ToBeDiscovered": 0,
    "IsMonster": 1,
    "ShowPriority": 7,
    "ShowRange": [
      -9999,
      9999
    ],
    "LockMarkPic": "/Game/Aki/UI/UIResources/Common/Atlas/WorldMapIcon/SP_IconMap_Activity_05_UI.SP_IconMap_Activity_05_UI",
    "UnlockMarkPic": "/Game/Aki/UI/UIResources/Common/Atlas/WorldMapIcon/SP_IconMap_Activity_05_UI.SP_IconMap_Activity_05_UI",
    "ShowCondition": 0,
    "FogShow": 1,
    "MapShow": 3,
    "Scale": 0.699999988079071,
    "FirstReward": 0,
    "Reward": 0
  },
  {
    "MarkId": 7543,
    "MapId": 8,
    "RelativeSubType": 0,
    "FogHide": 0,
    "RelativeType": 0,
    "RelativeId": 0,
    "MarkVector": {
      "X": 0,
      "Y": 0,
      "Z": 0
    },
    "EntityConfigId": 0,
    "ObjectType": 7,
    "MarkTitle": "MapMark_130006_MarkTitle",
    "MarkDesc": "MapMark_130006_MarkDesc",
    "ToBeDiscovered": 0,
    "IsMonster": 1,
    "ShowPriority": 7,
    "ShowRange": [
      -9999,
      9999
    ],
    "LockMarkPic": "/Game/Aki/UI/UIResources/Common/Atlas/WorldMapIcon/SP_IconMap_Activity_05_UI.SP_IconMap_Activity_05_UI",
    "UnlockMarkPic": "/Game/Aki/UI/UIResources/Common/Atlas/WorldMapIcon/SP_IconMap_Activity_05_UI.SP_IconMap_Activity_05_UI",
    "ShowCondition": 0,
    "FogShow": 1,
    "MapShow": 3,
    "Scale": 0.699999988079071,
    "FirstReward": 0,
    "Reward": 0
  },
  {
    "MarkId": 7544,
    "MapId": 900,
    "RelativeSubType": 0,
    "FogHide": 0,
    "RelativeType": 0,
    "RelativeId": 0,
    "MarkVector": {
      "X": 0,
      "Y": 0,
      "Z": 0
    },
    "EntityConfigId": 0,
    "ObjectType": 7,
    "MarkTitle": "MapMark_131001_MarkTitle",
    "MarkDesc": "MapMark_131001_MarkDesc",
    "ToBeDiscovered": 0,
    "IsMonster": 1,
    "ShowPriority": 7,
    "ShowRange": [
      -9999,
      9999
    ],
    "LockMarkPic": "/Game/Aki/UI/UIResources/Common/Atlas/WorldMapIcon/SP_IconMap_Activity_05_UI.SP_IconMap_Activity_05_UI",
    "UnlockMarkPic": "/Game/Aki/UI/UIResources/Common/Atlas/WorldMapIcon/SP_IconMap_Activity_05_UI.SP_IconMap_Activity_05_UI",
    "ShowCondition": 0,
    "FogShow": 1,
    "MapShow": 3,
    "Scale": 0.699999988079071,
    "FirstReward": 0,
    "Reward": 0
  },
  {
    "MarkId": 7545,
    "MapId": 900,
    "RelativeSubType": 0,
    "FogHide": 0,
    "RelativeType": 0,
    "RelativeId": 0,
    "MarkVector": {
      "X": 0,
      "Y": 0,
      "Z": 0
    },
    "EntityConfigId": 0,
    "ObjectType": 7,
    "MarkTitle": "MapMark_7545_MarkTitle",
    "MarkDesc": "MapMark_7545_MarkDesc",
    "ToBeDiscovered": 0,
    "IsMonster": 1,
    "ShowPriority": 7,
    "ShowRange": [
      -9999,
      9999
    ],
    "LockMarkPic": "/Game/Aki/UI/UIResources/Common/Atlas/WorldMapIcon/SP_IconMap_Activity_05_UI.SP_IconMap_Activity_05_UI",
    "UnlockMarkPic": "/Game/Aki/UI/UIResources/Common/Atlas/WorldMapIcon/SP_IconMap_Activity_05_UI.SP_IconMap_Activity_05_UI",
    "ShowCondition": 0,
    "FogShow": 1,
    "MapShow": 3,
    "Scale": 0.699999988079071,
    "FirstReward": 0,
    "Reward": 0
  },
  {
    "MarkId": 7546,
    "MapId": 8,
    "RelativeSubType": 0,
    "FogHide": 0,
    "RelativeType": 0,
    "RelativeId": 0,
    "MarkVector": {
      "X": 0,
      "Y": 0,
      "Z": 0
    },
    "EntityConfigId": 0,
    "ObjectType": 7,
    "MarkTitle": "MapMark_130001_MarkTitle",
    "MarkDesc": "MapMark_130001_MarkDesc",
    "ToBeDiscovered": 0,
    "IsMonster": 1,
    "ShowPriority": 7,
    "ShowRange": [
      -9999,
      9999
    ],
    "LockMarkPic": "/Game/Aki/UI/UIResources/Common/Atlas/WorldMapIcon/SP_IconMap_Activity_05_UI.SP_IconMap_Activity_05_UI",
    "UnlockMarkPic": "/Game/Aki/UI/UIResources/Common/Atlas/WorldMapIcon/SP_IconMap_Activity_05_UI.SP_IconMap_Activity_05_UI",
    "ShowCondition": 0,
    "FogShow": 1,
    "MapShow": 3,
    "Scale": 0.699999988079071,
    "FirstReward": 0,
    "Reward": 0
  },
  {
    "MarkId": 7547,
    "MapId": 900,
    "RelativeSubType": 0,
    "FogHide": 0,
    "RelativeType": 0,
    "RelativeId": 0,
    "MarkVector": {
      "X": 0,
      "Y": 0,
      "Z": 0
    },
    "EntityConfigId": 0,
    "ObjectType": 7,
    "MarkTitle": "MapMark_7547_MarkTitle",
    "MarkDesc": "MapMark_7547_MarkDesc",
    "ToBeDiscovered": 0,
    "IsMonster": 1,
    "ShowPriority": 7,
    "ShowRange": [
      -9999,
      9999
    ],
    "LockMarkPic": "/Game/Aki/UI/UIResources/Common/Atlas/WorldMapIcon/SP_IconMap_Activity_05_UI.SP_IconMap_Activity_05_UI",
    "UnlockMarkPic": "/Game/Aki/UI/UIResources/Common/Atlas/WorldMapIcon/SP_IconMap_Activity_05_UI.SP_IconMap_Activity_05_UI",
    "ShowCondition": 0,
    "FogShow": 1,
    "MapShow": 3,
    "Scale": 0.699999988079071,
    "FirstReward": 0,
    "Reward": 0
  },
  {
    "MarkId": 7548,
    "MapId": 8,
    "RelativeSubType": 0,
    "FogHide": 0,
    "RelativeType": 0,
    "RelativeId": 0,
    "MarkVector": {
      "X": 0,
      "Y": 0,
      "Z": 0
    },
    "EntityConfigId": 0,
    "ObjectType": 7,
    "MarkTitle": "MapMark_7548_MarkTitle",
    "MarkDesc": "MapMark_7548_MarkDesc",
    "ToBeDiscovered": 0,
    "IsMonster": 1,
    "ShowPriority": 7,
    "ShowRange": [
      -9999,
      9999
    ],
    "LockMarkPic": "/Game/Aki/UI/UIResources/Common/Atlas/WorldMapIcon/SP_IconMap_Activity_05_UI.SP_IconMap_Activity_05_UI",
    "UnlockMarkPic": "/Game/Aki/UI/UIResources/Common/Atlas/WorldMapIcon/SP_IconMap_Activity_05_UI.SP_IconMap_Activity_05_UI",
    "ShowCondition": 0,
    "FogShow": 1,
    "MapShow": 3,
    "Scale": 0.699999988079071,
    "FirstReward": 0,
    "Reward": 0
  }
]