[
  {
    "MarkId": 1,
    "QuestId": 0,
    "MarkPic": "/Game/Aki/UI/UIResources/Common/Atlas/WorldMapIcon/SP_IconMap_Task_01_UI.SP_IconMap_Task_01_UI",
    "MarkAcceptablePic": "/Game/Aki/UI/UIResources/Common/Atlas/WorldMapIcon/SP_IconMap_Task_01_1_UI.SP_IconMap_Task_01_1_UI",
    "NpcTaskIcon": "/Game/Aki/UI/UIResources/Common/Image/IconWorldMap/T_IconMap_Task_01_1_UI.T_IconMap_Task_01_1_UI",
    "IconDistant": 0,
    "TrackTextStartEffectColor": "#F7D16EFF",
    "ShowRange": [
      -9999,
      9999
    ],
    "ShowPriority": 9,
    "Scale": 0.8999999761581421
  },
  {
    "MarkId": 2,
    "QuestId": 0,
    "MarkPic": "/Game/Aki/UI/UIResources/Common/Atlas/WorldMapIcon/SP_IconMap_Task_01_UI.SP_IconMap_Task_01_UI",
    "MarkAcceptablePic": "/Game/Aki/UI/UIResources/Common/Atlas/WorldMapIcon/SP_IconMap_Task_01_1_UI.SP_IconMap_Task_01_1_UI",
    "NpcTaskIcon": "/Game/Aki/UI/UIResources/Common/Image/IconWorldMap/T_IconMap_Task_01_1_UI.T_IconMap_Task_01_1_UI",
    "IconDistant": 0,
    "TrackTextStartEffectColor": "#F7D16EFF",
    "ShowRange": [
      -9999,
      9999
    ],
    "ShowPriority": 9,
    "Scale": 0.8999999761581421
  },
  {
    "MarkId": 3,
    "QuestId": 0,
    "MarkPic": "/Game/Aki/UI/UIResources/Common/Atlas/WorldMapIcon/SP_IconMap_Task_02_UI.SP_IconMap_Task_02_UI",
    "MarkAcceptablePic": "/Game/Aki/UI/UIResources/Common/Atlas/WorldMapIcon/SP_IconMap_Task_02_1_UI.SP_IconMap_Task_02_1_UI",
    "NpcTaskIcon": "/Game/Aki/UI/UIResources/Common/Image/IconWorldMap/T_IconMap_Task_02_1_UI.T_IconMap_Task_02_1_UI",
    "IconDistant": 330,
    "TrackTextStartEffectColor": "#92D2E5FF",
    "ShowRange": [
      15,
      9999
    ],
    "ShowPriority": 9,
    "Scale": 0.8999999761581421
  },
  {
    "MarkId": 4,
    "QuestId": 0,
    "MarkPic": "/Game/Aki/UI/UIResources/Common/Atlas/WorldMapIcon/SP_IconMap_Task_02_UI.SP_IconMap_Task_02_UI",
    "MarkAcceptablePic": "/Game/Aki/UI/UIResources/Common/Atlas/WorldMapIcon/SP_IconMap_Task_02_1_UI.SP_IconMap_Task_02_1_UI",
    "NpcTaskIcon": "/Game/Aki/UI/UIResources/Common/Image/IconWorldMap/T_IconMap_Task_02_1_UI.T_IconMap_Task_02_1_UI",
    "IconDistant": 330,
    "TrackTextStartEffectColor": "#92D2E5FF",
    "ShowRange": [
      15,
      9999
    ],
    "ShowPriority": 9,
    "Scale": 0.8999999761581421
  },
  {
    "MarkId": 5,
    "QuestId": 0,
    "MarkPic": "/Game/Aki/UI/UIResources/Common/Atlas/WorldMapIcon/SP_IconMap_Task_03_UI.SP_IconMap_Task_03_UI",
    "MarkAcceptablePic": "/Game/Aki/UI/UIResources/Common/Atlas/WorldMapIcon/SP_IconMap_Task_03_1_UI.SP_IconMap_Task_03_1_UI",
    "NpcTaskIcon": "/Game/Aki/UI/UIResources/Common/Image/IconWorldMap/T_IconMap_Task_03_1_UI.T_IconMap_Task_03_1_UI",
    "IconDistant": 330,
    "TrackTextStartEffectColor": "#A972EDFF",
    "ShowRange": [
      15,
      9999
    ],
    "ShowPriority": 9,
    "Scale": 0.8999999761581421
  },
  {
    "MarkId": 6,
    "QuestId": 0,
    "MarkPic": "/Game/Aki/UI/UIResources/Common/Atlas/WorldMapIcon/SP_IconMap_Task_06_UI.SP_IconMap_Task_06_UI",
    "MarkAcceptablePic": "/Game/Aki/UI/UIResources/Common/Atlas/WorldMapIcon/SP_IconMap_Task_06_1_UI.SP_IconMap_Task_06_1_UI",
    "NpcTaskIcon": "/Game/Aki/UI/UIResources/Common/Image/IconWorldMap/T_IconMap_Task_06_1_UI.T_IconMap_Task_06_1_UI",
    "IconDistant": 330,
    "TrackTextStartEffectColor": "#AAD673FF",
    "ShowRange": [
      15,
      9999
    ],
    "ShowPriority": 9,
    "Scale": 0.8999999761581421
  },
  {
    "MarkId": 7,
    "QuestId": 0,
    "MarkPic": "/Game/Aki/UI/UIResources/Common/Atlas/WorldMapIcon/SP_IconMap_Task_05_UI.SP_IconMap_Task_05_UI",
    "MarkAcceptablePic": "/Game/Aki/UI/UIResources/Common/Atlas/WorldMapIcon/SP_IconMap_Task_05_UI.SP_IconMap_Task_05_UI",
    "NpcTaskIcon": "/Game/Aki/UI/UIResources/Common/Image/IconWorldMap/T_IconMap_Task_05_UI.T_IconMap_Task_05_UI",
    "IconDistant": 330,
    "TrackTextStartEffectColor": "",
    "ShowRange": [
      15,
      9999
    ],
    "ShowPriority": 9,
    "Scale": 0.8999999761581421
  },
  {
    "MarkId": 8,
    "QuestId": 0,
    "MarkPic": "/Game/Aki/UI/UIResources/Common/Atlas/WorldMapIcon/SP_IconMap_Task_07_UI.SP_IconMap_Task_07_UI",
    "MarkAcceptablePic": "/Game/Aki/UI/UIResources/Common/Atlas/WorldMapIcon/SP_IconMap_Task_07_UI.SP_IconMap_Task_07_UI",
    "NpcTaskIcon": "/Game/Aki/UI/UIResources/Common/Image/Mission/T_IconMechanics.T_IconMechanics",
    "IconDistant": 0,
    "TrackTextStartEffectColor": "",
    "ShowRange": [
      15,
      9999
    ],
    "ShowPriority": 9,
    "Scale": 0.8999999761581421
  },
  {
    "MarkId": 9,
    "QuestId": 0,
    "MarkPic": "/Game/Aki/UI/UIResources/Common/Atlas/WorldMapIcon/SP_IconMap_Task_08_UI.SP_IconMap_Task_08_UI",
    "MarkAcceptablePic": "/Game/Aki/UI/UIResources/Common/Atlas/WorldMapIcon/SP_IconMap_Task_08_UI.SP_IconMap_Task_08_UI",
    "NpcTaskIcon": "/Game/Aki/UI/UIResources/Common/Image/Mission/T_IconPhantomB.T_IconPhantomB",
    "IconDistant": 0,
    "TrackTextStartEffectColor": "",
    "ShowRange": [
      15,
      9999
    ],
    "ShowPriority": 9,
    "Scale": 0.8999999761581421
  },
  {
    "MarkId": 10,
    "QuestId": 0,
    "MarkPic": "/Game/Aki/UI/UIResources/Common/Atlas/WorldMapIcon/SP_IconMap_Task_10_UI.SP_IconMap_Task_10_UI",
    "MarkAcceptablePic": "/Game/Aki/UI/UIResources/Common/Atlas/WorldMapIcon/SP_IconMap_Task_10_1_UI.SP_IconMap_Task_10_1_UI",
    "NpcTaskIcon": "/Game/Aki/UI/UIResources/Common/Image/IconWorldMap/T_IconMap_Task_10_1_UI.T_IconMap_Task_10_1_UI",
    "IconDistant": 330,
    "TrackTextStartEffectColor": "#53BE94FF",
    "ShowRange": [
      -9999,
      9999
    ],
    "ShowPriority": 9,
    "Scale": 0.8999999761581421
  },
  {
    "MarkId": 11,
    "QuestId": 0,
    "MarkPic": "/Game/Aki/UI/UIResources/Common/Atlas/WorldMapIcon/SP_IconMap_Task_11_UI.SP_IconMap_Task_11_UI",
    "MarkAcceptablePic": "/Game/Aki/UI/UIResources/Common/Atlas/WorldMapIcon/SP_IconMap_Task_11_1_UI.SP_IconMap_Task_11_1_UI",
    "NpcTaskIcon": "/Game/Aki/UI/UIResources/Common/Image/IconWorldMap/T_IconMap_Task_11_1_UI.T_IconMap_Task_11_1_UI",
    "IconDistant": 330,
    "TrackTextStartEffectColor": "#DCC186FF",
    "ShowRange": [
      15,
      9999
    ],
    "ShowPriority": 9,
    "Scale": 0.8999999761581421
  },
  {
    "MarkId": 12,
    "QuestId": 223750002,
    "MarkPic": "/Game/Aki/UI/UIResources/Common/Atlas/WorldMapIcon/SP_IconMap_Activity_09_1_UI.SP_IconMap_Activity_09_1_UI",
    "MarkAcceptablePic": "/Game/Aki/UI/UIResources/Common/Atlas/WorldMapIcon/SP_IconMap_Activity_09_1_UI.SP_IconMap_Activity_09_1_UI",
    "NpcTaskIcon": "/Game/Aki/UI/UIResources/Common/Image/Mission/T_IconPhantomB.T_IconPhantomB",
    "IconDistant": 0,
    "TrackTextStartEffectColor": "",
    "ShowRange": [
      15,
      9999
    ],
    "ShowPriority": 9,
    "Scale": 0.8999999761581421
  },
  {
    "MarkId": 13,
    "QuestId": 223750009,
    "MarkPic": "/Game/Aki/UI/UIResources/Common/Atlas/WorldMapIcon/SP_IconMap_Activity_09_1_UI.SP_IconMap_Activity_09_1_UI",
    "MarkAcceptablePic": "/Game/Aki/UI/UIResources/Common/Atlas/WorldMapIcon/SP_IconMap_Activity_09_1_UI.SP_IconMap_Activity_09_1_UI",
    "NpcTaskIcon": "/Game/Aki/UI/UIResources/Common/Image/Mission/T_IconPhantomB.T_IconPhantomB",
    "IconDistant": 0,
    "TrackTextStartEffectColor": "",
    "ShowRange": [
      15,
      9999
    ],
    "ShowPriority": 9,
    "Scale": 0.8999999761581421
  },
  {
    "MarkId": 14,
    "QuestId": 223750007,
    "MarkPic": "/Game/Aki/UI/UIResources/Common/Atlas/WorldMapIcon/SP_IconMap_Activity_09_1_UI.SP_IconMap_Activity_09_1_UI",
    "MarkAcceptablePic": "/Game/Aki/UI/UIResources/Common/Atlas/WorldMapIcon/SP_IconMap_Activity_09_1_UI.SP_IconMap_Activity_09_1_UI",
    "NpcTaskIcon": "/Game/Aki/UI/UIResources/Common/Image/Mission/T_IconPhantomB.T_IconPhantomB",
    "IconDistant": 0,
    "TrackTextStartEffectColor": "",
    "ShowRange": [
      15,
      9999
    ],
    "ShowPriority": 9,
    "Scale": 0.8999999761581421
  },
  {
    "MarkId": 15,
    "QuestId": 223750006,
    "MarkPic": "/Game/Aki/UI/UIResources/Common/Atlas/WorldMapIcon/SP_IconMap_Activity_09_1_UI.SP_IconMap_Activity_09_1_UI",
    "MarkAcceptablePic": "/Game/Aki/UI/UIResources/Common/Atlas/WorldMapIcon/SP_IconMap_Activity_09_1_UI.SP_IconMap_Activity_09_1_UI",
    "NpcTaskIcon": "/Game/Aki/UI/UIResources/Common/Image/Mission/T_IconPhantomB.T_IconPhantomB",
    "IconDistant": 0,
    "TrackTextStartEffectColor": "",
    "ShowRange": [
      15,
      9999
    ],
    "ShowPriority": 9,
    "Scale": 0.8999999761581421
  },
  {
    "MarkId": 16,
    "QuestId": 223750011,
    "MarkPic": "/Game/Aki/UI/UIResources/Common/Atlas/WorldMapIcon/SP_IconMap_Activity_09_1_UI.SP_IconMap_Activity_09_1_UI",
    "MarkAcceptablePic": "/Game/Aki/UI/UIResources/Common/Atlas/WorldMapIcon/SP_IconMap_Activity_09_1_UI.SP_IconMap_Activity_09_1_UI",
    "NpcTaskIcon": "/Game/Aki/UI/UIResources/Common/Image/Mission/T_IconPhantomB.T_IconPhantomB",
    "IconDistant": 0,
    "TrackTextStartEffectColor": "",
    "ShowRange": [
      15,
      9999
    ],
    "ShowPriority": 9,
    "Scale": 0.8999999761581421
  },
  {
    "MarkId": 17,
    "QuestId": 223750010,
    "MarkPic": "/Game/Aki/UI/UIResources/Common/Atlas/WorldMapIcon/SP_IconMap_Activity_09_1_UI.SP_IconMap_Activity_09_1_UI",
    "MarkAcceptablePic": "/Game/Aki/UI/UIResources/Common/Atlas/WorldMapIcon/SP_IconMap_Activity_09_1_UI.SP_IconMap_Activity_09_1_UI",
    "NpcTaskIcon": "/Game/Aki/UI/UIResources/Common/Image/Mission/T_IconPhantomB.T_IconPhantomB",
    "IconDistant": 0,
    "TrackTextStartEffectColor": "",
    "ShowRange": [
      15,
      9999
    ],
    "ShowPriority": 9,
    "Scale": 0.8999999761581421
  },
  {
    "MarkId": 18,
    "QuestId": 223750008,
    "MarkPic": "/Game/Aki/UI/UIResources/Common/Atlas/WorldMapIcon/SP_IconMap_Activity_09_1_UI.SP_IconMap_Activity_09_1_UI",
    "MarkAcceptablePic": "/Game/Aki/UI/UIResources/Common/Atlas/WorldMapIcon/SP_IconMap_Activity_09_1_UI.SP_IconMap_Activity_09_1_UI",
    "NpcTaskIcon": "/Game/Aki/UI/UIResources/Common/Image/Mission/T_IconPhantomB.T_IconPhantomB",
    "IconDistant": 0,
    "TrackTextStartEffectColor": "",
    "ShowRange": [
      15,
      9999
    ],
    "ShowPriority": 9,
    "Scale": 0.8999999761581421
  }
]