[
  {
    "Id": 1,
    "PidAndVid": "vid_045e&pid_0b12",
    "PlatformType": 6
  },
  {
    "Id": 2,
    "PidAndVid": "vid_054c&pid_0ce6",
    "PlatformType": 7
  },
  {
    "Id": 3,
    "PidAndVid": "vid_045e&pid_0b00",
    "PlatformType": 6
  },
  {
    "Id": 4,
    "PidAndVid": "vid_045e&pid_02dd",
    "PlatformType": 6
  },
  {
    "Id": 5,
    "PidAndVid": "vid_045e&pid_02e0",
    "PlatformType": 6
  },
  {
    "Id": 6,
    "PidAndVid": "vid_045e&pid_02e3",
    "PlatformType": 6
  },
  {
    "Id": 7,
    "PidAndVid": "vid_045e&pid_02ea",
    "PlatformType": 6
  },
  {
    "Id": 8,
    "PidAndVid": "vid_045e&pid_02fd",
    "PlatformType": 6
  },
  {
    "Id": 9,
    "PidAndVid": "vid_054c&pid_0df2",
    "PlatformType": 7
  },
  {
    "Id": 10,
    "PidAndVid": "vid_054c&pid_05c4",
    "PlatformType": 7
  },
  {
    "Id": 11,
    "PidAndVid": "vid_054c&pid_09cc",
    "PlatformType": 7
  },
  {
    "Id": 12,
    "PidAndVid": "vid_045e&pid_02fe",
    "PlatformType": 6
  }
]