[
  {
    "Id": 1,
    "Name": "ItemMainType_1_Name",
    "Icon": "/Game/Aki/UI/UIResources/UiInventory/Atlas/SP_InventoryIconPag02.SP_InventoryIconPag02",
    "IconFirstAchieve": "/Game/Aki/UI/UIResources/Common/Image/UiIconTips/T_IconTips_Daoju_UI.T_IconTips_Daoju_UI",
    "PackageId": 1,
    "bShowDescompose": true,
    "SequenceId": 3,
    "UseWayId": 25,
    "DestroyUseWayId": 25,
    "bFilterSortVisible": false
  },
  {
    "Id": 2,
    "Name": "ItemMainType_2_Name",
    "Icon": "/Game/Aki/UI/UIResources/UiInventory/Atlas/SP_InventoryIconPag01.SP_InventoryIconPag01",
    "IconFirstAchieve": "/Game/Aki/UI/UIResources/Common/Image/UiIconTips/T_IconTips_Wuqi_UI.T_IconTips_Wuqi_UI",
    "PackageId": 2,
    "bShowDescompose": true,
    "SequenceId": 1,
    "UseWayId": 6,
    "DestroyUseWayId": 31,
    "bFilterSortVisible": true
  },
  {
    "Id": 3,
    "Name": "ItemMainType_3_Name",
    "Icon": "/Game/Aki/UI/UIResources/UiInventory/Atlas/SP_InventoryIconPag06.SP_InventoryIconPag06",
    "IconFirstAchieve": "/Game/Aki/UI/UIResources/Common/Image/UiIconTips/T_IconTips_Guaiwu_UI.T_IconTips_Guaiwu_UI",
    "PackageId": 3,
    "bShowDescompose": true,
    "SequenceId": 2,
    "UseWayId": 13,
    "DestroyUseWayId": 32,
    "bFilterSortVisible": true
  },
  {
    "Id": 4,
    "Name": "ItemMainType_4_Name",
    "Icon": "/Game/Aki/UI/UIResources/UiInventory/Atlas/SP_InventoryIconPag04.SP_InventoryIconPag04",
    "IconFirstAchieve": "/Game/Aki/UI/UIResources/Common/Image/UiIconTips/T_IconTips_Jchumokuai_UI.T_IconTips_Jchumokuai_UI",
    "PackageId": 4,
    "bShowDescompose": true,
    "SequenceId": 4,
    "UseWayId": 8,
    "DestroyUseWayId": 8,
    "bFilterSortVisible": false
  },
  {
    "Id": 7,
    "Name": "ItemMainType_7_Name",
    "Icon": "/Game/Aki/UI/UIResources/UiInventory/Atlas/SP_InventoryIconPag07.SP_InventoryIconPag07",
    "IconFirstAchieve": "/Game/Aki/UI/UIResources/Common/Image/UiIconTips/T_IconTips_Tongyong_UI.T_IconTips_Tongyong_UI",
    "PackageId": 7,
    "bShowDescompose": true,
    "SequenceId": 7,
    "UseWayId": 8,
    "DestroyUseWayId": 8,
    "bFilterSortVisible": false
  },
  {
    "Id": 5,
    "Name": "ItemMainType_5_Name",
    "Icon": "/Game/Aki/UI/UIResources/UiInventory/Atlas/SP_InventoryIconPag08.SP_InventoryIconPag08",
    "IconFirstAchieve": "/Game/Aki/UI/UIResources/Common/Image/UiIconTips/T_IconTips_Jiguan_UI.T_IconTips_Jiguan_UI",
    "PackageId": 5,
    "bShowDescompose": true,
    "SequenceId": 5,
    "UseWayId": 8,
    "DestroyUseWayId": 8,
    "bFilterSortVisible": false
  },
  {
    "Id": 6,
    "Name": "ItemMainType_6_Name",
    "Icon": "/Game/Aki/UI/UIResources/UiInventory/Atlas/SP_InventoryIconPag03.SP_InventoryIconPag03",
    "IconFirstAchieve": "/Game/Aki/UI/UIResources/Common/Image/UiIconTips/T_IconTips_Renwu_UI.T_IconTips_Renwu_UI",
    "PackageId": 6,
    "bShowDescompose": true,
    "SequenceId": 6,
    "UseWayId": 9,
    "DestroyUseWayId": 9,
    "bFilterSortVisible": false
  },
  {
    "Id": 0,
    "Name": "",
    "Icon": "",
    "IconFirstAchieve": "",
    "PackageId": 0,
    "bShowDescompose": false,
    "SequenceId": 8,
    "UseWayId": 8,
    "DestroyUseWayId": 8,
    "bFilterSortVisible": false
  }
]