[
  {
    "Id": 1,
    "Name": "ItemShowType_1_Name"
  },
  {
    "Id": 2,
    "Name": "ItemShowType_2_Name"
  },
  {
    "Id": 3,
    "Name": "ItemShowType_3_Name"
  },
  {
    "Id": 4,
    "Name": "ItemShowType_4_Name"
  },
  {
    "Id": 5,
    "Name": "ItemShowType_5_Name"
  },
  {
    "Id": 6,
    "Name": "ItemShowType_6_Name"
  },
  {
    "Id": 7,
    "Name": "ItemShowType_7_Name"
  },
  {
    "Id": 8,
    "Name": "ItemShowType_8_Name"
  },
  {
    "Id": 9,
    "Name": "ItemShowType_9_Name"
  },
  {
    "Id": 10,
    "Name": "ItemShowType_10_Name"
  },
  {
    "Id": 11,
    "Name": "ItemShowType_11_Name"
  },
  {
    "Id": 12,
    "Name": "ItemShowType_12_Name"
  },
  {
    "Id": 13,
    "Name": "ItemShowType_13_Name"
  },
  {
    "Id": 14,
    "Name": "ItemShowType_14_Name"
  },
  {
    "Id": 15,
    "Name": "ItemShowType_15_Name"
  },
  {
    "Id": 16,
    "Name": "ItemShowType_16_Name"
  },
  {
    "Id": 17,
    "Name": "ItemShowType_17_Name"
  },
  {
    "Id": 18,
    "Name": "ItemShowType_18_Name"
  },
  {
    "Id": 19,
    "Name": "ItemShowType_19_Name"
  },
  {
    "Id": 20,
    "Name": "ItemShowType_20_Name"
  },
  {
    "Id": 21,
    "Name": "ItemShowType_21_Name"
  },
  {
    "Id": 22,
    "Name": "ItemShowType_22_Name"
  },
  {
    "Id": 23,
    "Name": "ItemShowType_23_Name"
  },
  {
    "Id": 24,
    "Name": "ItemShowType_24_Name"
  },
  {
    "Id": 25,
    "Name": "ItemShowType_25_Name"
  },
  {
    "Id": 26,
    "Name": "ItemShowType_26_Name"
  },
  {
    "Id": 27,
    "Name": "ItemShowType_27_Name"
  },
  {
    "Id": 28,
    "Name": "ItemShowType_28_Name"
  },
  {
    "Id": 29,
    "Name": "ItemShowType_29_Name"
  },
  {
    "Id": 30,
    "Name": "ItemShowType_30_Name"
  },
  {
    "Id": 31,
    "Name": "ItemShowType_31_Name"
  },
  {
    "Id": 32,
    "Name": "ItemShowType_32_Name"
  },
  {
    "Id": 33,
    "Name": "ItemShowType_33_Name"
  },
  {
    "Id": 34,
    "Name": "ItemShowType_34_Name"
  },
  {
    "Id": 35,
    "Name": "ItemShowType_35_Name"
  },
  {
    "Id": 36,
    "Name": "ItemShowType_36_Name"
  },
  {
    "Id": 37,
    "Name": "ItemShowType_37_Name"
  },
  {
    "Id": 38,
    "Name": "ItemShowType_38_Name"
  },
  {
    "Id": 39,
    "Name": "ItemShowType_39_Name"
  },
  {
    "Id": 40,
    "Name": "ItemShowType_40_Name"
  },
  {
    "Id": 41,
    "Name": "ItemShowType_41_Name"
  },
  {
    "Id": 42,
    "Name": "ItemShowType_42_Name"
  },
  {
    "Id": 43,
    "Name": "ItemShowType_43_Name"
  },
  {
    "Id": 44,
    "Name": "ItemShowType_44_Name"
  },
  {
    "Id": 45,
    "Name": "ItemShowType_45_Name"
  },
  {
    "Id": 46,
    "Name": "ItemShowType_46_Name"
  },
  {
    "Id": 47,
    "Name": "PhantomItem_60000020_TypeDescription"
  },
  {
    "Id": 48,
    "Name": "ItemShowType_48_Name"
  }
]