[
  {
    "Id": 30311,
    "Name": "ItemInfo_50000051_Name",
    "ShowTypes": [
      41
    ],
    "AttributesDescription": "ItemInfo_50000311_AttributesDescription",
    "BgDescription": "ItemInfo_50000311_BgDescription",
    "Icon": "/Game/Aki/UI/UIResources/Common/Image/IconA/T_IconA_shlb_05_UI.T_IconA_shlb_05_UI",
    "IconMiddle": "/Game/Aki/UI/UIResources/Common/Image/IconA160/T_IconA160_shlb_05_UI.T_IconA160_shlb_05_UI",
    "IconSmall": "/Game/Aki/UI/UIResources/Common/Image/IconA80/T_IconA80_shlb_05_UI.T_IconA80_shlb_05_UI",
    "PreviewCornerMarker": "0",
    "QualityId": 2,
    "PreviewItemAccess": {
      "PKa": [],
      "length": 0
    }
  },
  {
    "Id": 30312,
    "Name": "ItemInfo_50000051_Name",
    "ShowTypes": [
      41
    ],
    "AttributesDescription": "ItemInfo_50000312_AttributesDescription",
    "BgDescription": "ItemInfo_50000312_BgDescription",
    "Icon": "/Game/Aki/UI/UIResources/Common/Image/IconA/T_IconA_shlb_05_UI.T_IconA_shlb_05_UI",
    "IconMiddle": "/Game/Aki/UI/UIResources/Common/Image/IconA160/T_IconA160_shlb_05_UI.T_IconA160_shlb_05_UI",
    "IconSmall": "/Game/Aki/UI/UIResources/Common/Image/IconA80/T_IconA80_shlb_05_UI.T_IconA80_shlb_05_UI",
    "PreviewCornerMarker": "0",
    "QualityId": 3,
    "PreviewItemAccess": {
      "PKa": [],
      "length": 0
    }
  },
  {
    "Id": 30313,
    "Name": "ItemInfo_50000051_Name",
    "ShowTypes": [
      41
    ],
    "AttributesDescription": "ItemInfo_50000313_AttributesDescription",
    "BgDescription": "ItemInfo_50000313_BgDescription",
    "Icon": "/Game/Aki/UI/UIResources/Common/Image/IconA/T_IconA_shlb_05_UI.T_IconA_shlb_05_UI",
    "IconMiddle": "/Game/Aki/UI/UIResources/Common/Image/IconA160/T_IconA160_shlb_05_UI.T_IconA160_shlb_05_UI",
    "IconSmall": "/Game/Aki/UI/UIResources/Common/Image/IconA80/T_IconA80_shlb_05_UI.T_IconA80_shlb_05_UI",
    "PreviewCornerMarker": "0",
    "QualityId": 4,
    "PreviewItemAccess": {
      "PKa": [],
      "length": 0
    }
  },
  {
    "Id": 30314,
    "Name": "ItemInfo_50000051_Name",
    "ShowTypes": [
      41
    ],
    "AttributesDescription": "ItemInfo_50000314_AttributesDescription",
    "BgDescription": "ItemInfo_50000314_BgDescription",
    "Icon": "/Game/Aki/UI/UIResources/Common/Image/IconA/T_IconA_shlb_05_UI.T_IconA_shlb_05_UI",
    "IconMiddle": "/Game/Aki/UI/UIResources/Common/Image/IconA160/T_IconA160_shlb_05_UI.T_IconA160_shlb_05_UI",
    "IconSmall": "/Game/Aki/UI/UIResources/Common/Image/IconA80/T_IconA80_shlb_05_UI.T_IconA80_shlb_05_UI",
    "PreviewCornerMarker": "0",
    "QualityId": 5,
    "PreviewItemAccess": {
      "PKa": [],
      "length": 0
    }
  },
  {
    "Id": 30321,
    "Name": "ItemInfo_50000052_Name",
    "ShowTypes": [
      41
    ],
    "AttributesDescription": "ItemInfo_50000321_AttributesDescription",
    "BgDescription": "ItemInfo_50000321_BgDescription",
    "Icon": "/Game/Aki/UI/UIResources/Common/Image/IconA/T_IconA_shlb_06_UI.T_IconA_shlb_06_UI",
    "IconMiddle": "/Game/Aki/UI/UIResources/Common/Image/IconA160/T_IconA160_shlb_06_UI.T_IconA160_shlb_06_UI",
    "IconSmall": "/Game/Aki/UI/UIResources/Common/Image/IconA80/T_IconA80_shlb_06_UI.T_IconA80_shlb_06_UI",
    "PreviewCornerMarker": "0",
    "QualityId": 2,
    "PreviewItemAccess": {
      "PKa": [],
      "length": 0
    }
  },
  {
    "Id": 30322,
    "Name": "ItemInfo_50000052_Name",
    "ShowTypes": [
      41
    ],
    "AttributesDescription": "ItemInfo_50000322_AttributesDescription",
    "BgDescription": "ItemInfo_50000322_BgDescription",
    "Icon": "/Game/Aki/UI/UIResources/Common/Image/IconA/T_IconA_shlb_06_UI.T_IconA_shlb_06_UI",
    "IconMiddle": "/Game/Aki/UI/UIResources/Common/Image/IconA160/T_IconA160_shlb_06_UI.T_IconA160_shlb_06_UI",
    "IconSmall": "/Game/Aki/UI/UIResources/Common/Image/IconA80/T_IconA80_shlb_06_UI.T_IconA80_shlb_06_UI",
    "PreviewCornerMarker": "0",
    "QualityId": 3,
    "PreviewItemAccess": {
      "PKa": [],
      "length": 0
    }
  },
  {
    "Id": 30323,
    "Name": "ItemInfo_50000052_Name",
    "ShowTypes": [
      41
    ],
    "AttributesDescription": "ItemInfo_50000323_AttributesDescription",
    "BgDescription": "ItemInfo_50000323_BgDescription",
    "Icon": "/Game/Aki/UI/UIResources/Common/Image/IconA/T_IconA_shlb_06_UI.T_IconA_shlb_06_UI",
    "IconMiddle": "/Game/Aki/UI/UIResources/Common/Image/IconA160/T_IconA160_shlb_06_UI.T_IconA160_shlb_06_UI",
    "IconSmall": "/Game/Aki/UI/UIResources/Common/Image/IconA80/T_IconA80_shlb_06_UI.T_IconA80_shlb_06_UI",
    "PreviewCornerMarker": "0",
    "QualityId": 4,
    "PreviewItemAccess": {
      "PKa": [],
      "length": 0
    }
  },
  {
    "Id": 30324,
    "Name": "ItemInfo_50000052_Name",
    "ShowTypes": [
      41
    ],
    "AttributesDescription": "ItemInfo_50000324_AttributesDescription",
    "BgDescription": "ItemInfo_50000324_BgDescription",
    "Icon": "/Game/Aki/UI/UIResources/Common/Image/IconA/T_IconA_shlb_06_UI.T_IconA_shlb_06_UI",
    "IconMiddle": "/Game/Aki/UI/UIResources/Common/Image/IconA160/T_IconA160_shlb_06_UI.T_IconA160_shlb_06_UI",
    "IconSmall": "/Game/Aki/UI/UIResources/Common/Image/IconA80/T_IconA80_shlb_06_UI.T_IconA80_shlb_06_UI",
    "PreviewCornerMarker": "0",
    "QualityId": 5,
    "PreviewItemAccess": {
      "PKa": [],
      "length": 0
    }
  },
  {
    "Id": 30331,
    "Name": "ItemInfo_50000053_Name",
    "ShowTypes": [
      41
    ],
    "AttributesDescription": "ItemInfo_50000331_AttributesDescription",
    "BgDescription": "ItemInfo_50000331_BgDescription",
    "Icon": "/Game/Aki/UI/UIResources/Common/Image/IconA/T_IconA_shlb_07_UI.T_IconA_shlb_07_UI",
    "IconMiddle": "/Game/Aki/UI/UIResources/Common/Image/IconA160/T_IconA160_shlb_07_UI.T_IconA160_shlb_07_UI",
    "IconSmall": "/Game/Aki/UI/UIResources/Common/Image/IconA80/T_IconA80_shlb_07_UI.T_IconA80_shlb_07_UI",
    "PreviewCornerMarker": "0",
    "QualityId": 2,
    "PreviewItemAccess": {
      "PKa": [],
      "length": 0
    }
  },
  {
    "Id": 30332,
    "Name": "ItemInfo_50000053_Name",
    "ShowTypes": [
      41
    ],
    "AttributesDescription": "ItemInfo_50000332_AttributesDescription",
    "BgDescription": "ItemInfo_50000332_BgDescription",
    "Icon": "/Game/Aki/UI/UIResources/Common/Image/IconA/T_IconA_shlb_07_UI.T_IconA_shlb_07_UI",
    "IconMiddle": "/Game/Aki/UI/UIResources/Common/Image/IconA160/T_IconA160_shlb_07_UI.T_IconA160_shlb_07_UI",
    "IconSmall": "/Game/Aki/UI/UIResources/Common/Image/IconA80/T_IconA80_shlb_07_UI.T_IconA80_shlb_07_UI",
    "PreviewCornerMarker": "0",
    "QualityId": 3,
    "PreviewItemAccess": {
      "PKa": [],
      "length": 0
    }
  },
  {
    "Id": 30333,
    "Name": "ItemInfo_50000053_Name",
    "ShowTypes": [
      41
    ],
    "AttributesDescription": "ItemInfo_50000333_AttributesDescription",
    "BgDescription": "ItemInfo_50000333_BgDescription",
    "Icon": "/Game/Aki/UI/UIResources/Common/Image/IconA/T_IconA_shlb_07_UI.T_IconA_shlb_07_UI",
    "IconMiddle": "/Game/Aki/UI/UIResources/Common/Image/IconA160/T_IconA160_shlb_07_UI.T_IconA160_shlb_07_UI",
    "IconSmall": "/Game/Aki/UI/UIResources/Common/Image/IconA80/T_IconA80_shlb_07_UI.T_IconA80_shlb_07_UI",
    "PreviewCornerMarker": "0",
    "QualityId": 4,
    "PreviewItemAccess": {
      "PKa": [],
      "length": 0
    }
  },
  {
    "Id": 30334,
    "Name": "ItemInfo_50000053_Name",
    "ShowTypes": [
      41
    ],
    "AttributesDescription": "ItemInfo_50000334_AttributesDescription",
    "BgDescription": "ItemInfo_50000334_BgDescription",
    "Icon": "/Game/Aki/UI/UIResources/Common/Image/IconA/T_IconA_shlb_07_UI.T_IconA_shlb_07_UI",
    "IconMiddle": "/Game/Aki/UI/UIResources/Common/Image/IconA160/T_IconA160_shlb_07_UI.T_IconA160_shlb_07_UI",
    "IconSmall": "/Game/Aki/UI/UIResources/Common/Image/IconA80/T_IconA80_shlb_07_UI.T_IconA80_shlb_07_UI",
    "PreviewCornerMarker": "0",
    "QualityId": 5,
    "PreviewItemAccess": {
      "PKa": [],
      "length": 0
    }
  },
  {
    "Id": 30341,
    "Name": "ItemInfo_50000054_Name",
    "ShowTypes": [
      41
    ],
    "AttributesDescription": "ItemInfo_50000341_AttributesDescription",
    "BgDescription": "ItemInfo_50000341_BgDescription",
    "Icon": "/Game/Aki/UI/UIResources/Common/Image/IconA/T_IconA_shlb_08_UI.T_IconA_shlb_08_UI",
    "IconMiddle": "/Game/Aki/UI/UIResources/Common/Image/IconA160/T_IconA160_shlb_08_UI.T_IconA160_shlb_08_UI",
    "IconSmall": "/Game/Aki/UI/UIResources/Common/Image/IconA80/T_IconA80_shlb_08_UI.T_IconA80_shlb_08_UI",
    "PreviewCornerMarker": "0",
    "QualityId": 2,
    "PreviewItemAccess": {
      "PKa": [],
      "length": 0
    }
  },
  {
    "Id": 30342,
    "Name": "ItemInfo_50000054_Name",
    "ShowTypes": [
      41
    ],
    "AttributesDescription": "ItemInfo_50000342_AttributesDescription",
    "BgDescription": "ItemInfo_50000342_BgDescription",
    "Icon": "/Game/Aki/UI/UIResources/Common/Image/IconA/T_IconA_shlb_08_UI.T_IconA_shlb_08_UI",
    "IconMiddle": "/Game/Aki/UI/UIResources/Common/Image/IconA160/T_IconA160_shlb_08_UI.T_IconA160_shlb_08_UI",
    "IconSmall": "/Game/Aki/UI/UIResources/Common/Image/IconA80/T_IconA80_shlb_08_UI.T_IconA80_shlb_08_UI",
    "PreviewCornerMarker": "0",
    "QualityId": 3,
    "PreviewItemAccess": {
      "PKa": [],
      "length": 0
    }
  },
  {
    "Id": 30343,
    "Name": "ItemInfo_50000054_Name",
    "ShowTypes": [
      41
    ],
    "AttributesDescription": "ItemInfo_50000343_AttributesDescription",
    "BgDescription": "ItemInfo_50000343_BgDescription",
    "Icon": "/Game/Aki/UI/UIResources/Common/Image/IconA/T_IconA_shlb_08_UI.T_IconA_shlb_08_UI",
    "IconMiddle": "/Game/Aki/UI/UIResources/Common/Image/IconA160/T_IconA160_shlb_08_UI.T_IconA160_shlb_08_UI",
    "IconSmall": "/Game/Aki/UI/UIResources/Common/Image/IconA80/T_IconA80_shlb_08_UI.T_IconA80_shlb_08_UI",
    "PreviewCornerMarker": "0",
    "QualityId": 4,
    "PreviewItemAccess": {
      "PKa": [],
      "length": 0
    }
  },
  {
    "Id": 30344,
    "Name": "ItemInfo_50000054_Name",
    "ShowTypes": [
      41
    ],
    "AttributesDescription": "ItemInfo_50000344_AttributesDescription",
    "BgDescription": "ItemInfo_50000344_BgDescription",
    "Icon": "/Game/Aki/UI/UIResources/Common/Image/IconA/T_IconA_shlb_08_UI.T_IconA_shlb_08_UI",
    "IconMiddle": "/Game/Aki/UI/UIResources/Common/Image/IconA160/T_IconA160_shlb_08_UI.T_IconA160_shlb_08_UI",
    "IconSmall": "/Game/Aki/UI/UIResources/Common/Image/IconA80/T_IconA80_shlb_08_UI.T_IconA80_shlb_08_UI",
    "PreviewCornerMarker": "0",
    "QualityId": 5,
    "PreviewItemAccess": {
      "PKa": [],
      "length": 0
    }
  },
  {
    "Id": 30351,
    "Name": "ItemInfo_50000055_Name",
    "ShowTypes": [
      41
    ],
    "AttributesDescription": "ItemInfo_50000351_AttributesDescription",
    "BgDescription": "ItemInfo_50000351_BgDescription",
    "Icon": "/Game/Aki/UI/UIResources/Common/Image/IconA/T_IconA_shlb_09_UI.T_IconA_shlb_09_UI",
    "IconMiddle": "/Game/Aki/UI/UIResources/Common/Image/IconA160/T_IconA160_shlb_09_UI.T_IconA160_shlb_09_UI",
    "IconSmall": "/Game/Aki/UI/UIResources/Common/Image/IconA80/T_IconA80_shlb_09_UI.T_IconA80_shlb_09_UI",
    "PreviewCornerMarker": "0",
    "QualityId": 2,
    "PreviewItemAccess": {
      "PKa": [],
      "length": 0
    }
  },
  {
    "Id": 30352,
    "Name": "ItemInfo_50000055_Name",
    "ShowTypes": [
      41
    ],
    "AttributesDescription": "ItemInfo_50000352_AttributesDescription",
    "BgDescription": "ItemInfo_50000352_BgDescription",
    "Icon": "/Game/Aki/UI/UIResources/Common/Image/IconA/T_IconA_shlb_09_UI.T_IconA_shlb_09_UI",
    "IconMiddle": "/Game/Aki/UI/UIResources/Common/Image/IconA160/T_IconA160_shlb_09_UI.T_IconA160_shlb_09_UI",
    "IconSmall": "/Game/Aki/UI/UIResources/Common/Image/IconA80/T_IconA80_shlb_09_UI.T_IconA80_shlb_09_UI",
    "PreviewCornerMarker": "0",
    "QualityId": 3,
    "PreviewItemAccess": {
      "PKa": [],
      "length": 0
    }
  },
  {
    "Id": 30353,
    "Name": "ItemInfo_50000055_Name",
    "ShowTypes": [
      41
    ],
    "AttributesDescription": "ItemInfo_50000353_AttributesDescription",
    "BgDescription": "ItemInfo_50000353_BgDescription",
    "Icon": "/Game/Aki/UI/UIResources/Common/Image/IconA/T_IconA_shlb_09_UI.T_IconA_shlb_09_UI",
    "IconMiddle": "/Game/Aki/UI/UIResources/Common/Image/IconA160/T_IconA160_shlb_09_UI.T_IconA160_shlb_09_UI",
    "IconSmall": "/Game/Aki/UI/UIResources/Common/Image/IconA80/T_IconA80_shlb_09_UI.T_IconA80_shlb_09_UI",
    "PreviewCornerMarker": "0",
    "QualityId": 4,
    "PreviewItemAccess": {
      "PKa": [],
      "length": 0
    }
  },
  {
    "Id": 30354,
    "Name": "ItemInfo_50000055_Name",
    "ShowTypes": [
      41
    ],
    "AttributesDescription": "ItemInfo_50000354_AttributesDescription",
    "BgDescription": "ItemInfo_50000354_BgDescription",
    "Icon": "/Game/Aki/UI/UIResources/Common/Image/IconA/T_IconA_shlb_09_UI.T_IconA_shlb_09_UI",
    "IconMiddle": "/Game/Aki/UI/UIResources/Common/Image/IconA160/T_IconA160_shlb_09_UI.T_IconA160_shlb_09_UI",
    "IconSmall": "/Game/Aki/UI/UIResources/Common/Image/IconA80/T_IconA80_shlb_09_UI.T_IconA80_shlb_09_UI",
    "PreviewCornerMarker": "0",
    "QualityId": 5,
    "PreviewItemAccess": {
      "PKa": [],
      "length": 0
    }
  },
  {
    "Id": 30361,
    "Name": "ItemInfo_50000056_Name",
    "ShowTypes": [
      41
    ],
    "AttributesDescription": "ItemInfo_50000361_AttributesDescription",
    "BgDescription": "ItemInfo_50000361_BgDescription",
    "Icon": "/Game/Aki/UI/UIResources/Common/Image/IconA/T_IconA_shlb_10_UI.T_IconA_shlb_10_UI",
    "IconMiddle": "/Game/Aki/UI/UIResources/Common/Image/IconA160/T_IconA160_shlb_10_UI.T_IconA160_shlb_10_UI",
    "IconSmall": "/Game/Aki/UI/UIResources/Common/Image/IconA80/T_IconA80_shlb_10_UI.T_IconA80_shlb_10_UI",
    "PreviewCornerMarker": "0",
    "QualityId": 2,
    "PreviewItemAccess": {
      "PKa": [],
      "length": 0
    }
  },
  {
    "Id": 30362,
    "Name": "ItemInfo_50000056_Name",
    "ShowTypes": [
      41
    ],
    "AttributesDescription": "ItemInfo_50000362_AttributesDescription",
    "BgDescription": "ItemInfo_50000362_BgDescription",
    "Icon": "/Game/Aki/UI/UIResources/Common/Image/IconA/T_IconA_shlb_10_UI.T_IconA_shlb_10_UI",
    "IconMiddle": "/Game/Aki/UI/UIResources/Common/Image/IconA160/T_IconA160_shlb_10_UI.T_IconA160_shlb_10_UI",
    "IconSmall": "/Game/Aki/UI/UIResources/Common/Image/IconA80/T_IconA80_shlb_10_UI.T_IconA80_shlb_10_UI",
    "PreviewCornerMarker": "0",
    "QualityId": 3,
    "PreviewItemAccess": {
      "PKa": [],
      "length": 0
    }
  },
  {
    "Id": 30363,
    "Name": "ItemInfo_50000056_Name",
    "ShowTypes": [
      41
    ],
    "AttributesDescription": "ItemInfo_50000363_AttributesDescription",
    "BgDescription": "ItemInfo_50000363_BgDescription",
    "Icon": "/Game/Aki/UI/UIResources/Common/Image/IconA/T_IconA_shlb_10_UI.T_IconA_shlb_10_UI",
    "IconMiddle": "/Game/Aki/UI/UIResources/Common/Image/IconA160/T_IconA160_shlb_10_UI.T_IconA160_shlb_10_UI",
    "IconSmall": "/Game/Aki/UI/UIResources/Common/Image/IconA80/T_IconA80_shlb_10_UI.T_IconA80_shlb_10_UI",
    "PreviewCornerMarker": "0",
    "QualityId": 4,
    "PreviewItemAccess": {
      "PKa": [],
      "length": 0
    }
  },
  {
    "Id": 30364,
    "Name": "ItemInfo_50000056_Name",
    "ShowTypes": [
      41
    ],
    "AttributesDescription": "ItemInfo_50000364_AttributesDescription",
    "BgDescription": "ItemInfo_50000364_BgDescription",
    "Icon": "/Game/Aki/UI/UIResources/Common/Image/IconA/T_IconA_shlb_10_UI.T_IconA_shlb_10_UI",
    "IconMiddle": "/Game/Aki/UI/UIResources/Common/Image/IconA160/T_IconA160_shlb_10_UI.T_IconA160_shlb_10_UI",
    "IconSmall": "/Game/Aki/UI/UIResources/Common/Image/IconA80/T_IconA80_shlb_10_UI.T_IconA80_shlb_10_UI",
    "PreviewCornerMarker": "0",
    "QualityId": 5,
    "PreviewItemAccess": {
      "PKa": [],
      "length": 0
    }
  },
  {
    "Id": 30371,
    "Name": "ItemInfo_50000057_Name",
    "ShowTypes": [
      41
    ],
    "AttributesDescription": "ItemInfo_50000371_AttributesDescription",
    "BgDescription": "ItemInfo_50000371_BgDescription",
    "Icon": "/Game/Aki/UI/UIResources/Common/Image/IconA/T_IconA_shlb_11_UI.T_IconA_shlb_11_UI",
    "IconMiddle": "/Game/Aki/UI/UIResources/Common/Image/IconA160/T_IconA160_shlb_11_UI.T_IconA160_shlb_11_UI",
    "IconSmall": "/Game/Aki/UI/UIResources/Common/Image/IconA80/T_IconA80_shlb_11_UI.T_IconA80_shlb_11_UI",
    "PreviewCornerMarker": "0",
    "QualityId": 2,
    "PreviewItemAccess": {
      "PKa": [],
      "length": 0
    }
  },
  {
    "Id": 30372,
    "Name": "ItemInfo_50000057_Name",
    "ShowTypes": [
      41
    ],
    "AttributesDescription": "ItemInfo_50000372_AttributesDescription",
    "BgDescription": "ItemInfo_50000372_BgDescription",
    "Icon": "/Game/Aki/UI/UIResources/Common/Image/IconA/T_IconA_shlb_11_UI.T_IconA_shlb_11_UI",
    "IconMiddle": "/Game/Aki/UI/UIResources/Common/Image/IconA160/T_IconA160_shlb_11_UI.T_IconA160_shlb_11_UI",
    "IconSmall": "/Game/Aki/UI/UIResources/Common/Image/IconA80/T_IconA80_shlb_11_UI.T_IconA80_shlb_11_UI",
    "PreviewCornerMarker": "0",
    "QualityId": 3,
    "PreviewItemAccess": {
      "PKa": [],
      "length": 0
    }
  },
  {
    "Id": 30373,
    "Name": "ItemInfo_50000057_Name",
    "ShowTypes": [
      41
    ],
    "AttributesDescription": "ItemInfo_50000373_AttributesDescription",
    "BgDescription": "ItemInfo_50000373_BgDescription",
    "Icon": "/Game/Aki/UI/UIResources/Common/Image/IconA/T_IconA_shlb_11_UI.T_IconA_shlb_11_UI",
    "IconMiddle": "/Game/Aki/UI/UIResources/Common/Image/IconA160/T_IconA160_shlb_11_UI.T_IconA160_shlb_11_UI",
    "IconSmall": "/Game/Aki/UI/UIResources/Common/Image/IconA80/T_IconA80_shlb_11_UI.T_IconA80_shlb_11_UI",
    "PreviewCornerMarker": "0",
    "QualityId": 4,
    "PreviewItemAccess": {
      "PKa": [],
      "length": 0
    }
  },
  {
    "Id": 30374,
    "Name": "ItemInfo_50000057_Name",
    "ShowTypes": [
      41
    ],
    "AttributesDescription": "ItemInfo_50000374_AttributesDescription",
    "BgDescription": "ItemInfo_50000374_BgDescription",
    "Icon": "/Game/Aki/UI/UIResources/Common/Image/IconA/T_IconA_shlb_11_UI.T_IconA_shlb_11_UI",
    "IconMiddle": "/Game/Aki/UI/UIResources/Common/Image/IconA160/T_IconA160_shlb_11_UI.T_IconA160_shlb_11_UI",
    "IconSmall": "/Game/Aki/UI/UIResources/Common/Image/IconA80/T_IconA80_shlb_11_UI.T_IconA80_shlb_11_UI",
    "PreviewCornerMarker": "0",
    "QualityId": 5,
    "PreviewItemAccess": {
      "PKa": [],
      "length": 0
    }
  },
  {
    "Id": 30381,
    "Name": "ItemInfo_50000058_Name",
    "ShowTypes": [
      41
    ],
    "AttributesDescription": "ItemInfo_50000381_AttributesDescription",
    "BgDescription": "ItemInfo_50000381_BgDescription",
    "Icon": "/Game/Aki/UI/UIResources/Common/Image/IconA/T_IconA_shlb_12_UI.T_IconA_shlb_12_UI",
    "IconMiddle": "/Game/Aki/UI/UIResources/Common/Image/IconA160/T_IconA160_shlb_12_UI.T_IconA160_shlb_12_UI",
    "IconSmall": "/Game/Aki/UI/UIResources/Common/Image/IconA80/T_IconA80_shlb_12_UI.T_IconA80_shlb_12_UI",
    "PreviewCornerMarker": "0",
    "QualityId": 2,
    "PreviewItemAccess": {
      "PKa": [],
      "length": 0
    }
  },
  {
    "Id": 30382,
    "Name": "ItemInfo_50000058_Name",
    "ShowTypes": [
      41
    ],
    "AttributesDescription": "ItemInfo_50000382_AttributesDescription",
    "BgDescription": "ItemInfo_50000382_BgDescription",
    "Icon": "/Game/Aki/UI/UIResources/Common/Image/IconA/T_IconA_shlb_12_UI.T_IconA_shlb_12_UI",
    "IconMiddle": "/Game/Aki/UI/UIResources/Common/Image/IconA160/T_IconA160_shlb_12_UI.T_IconA160_shlb_12_UI",
    "IconSmall": "/Game/Aki/UI/UIResources/Common/Image/IconA80/T_IconA80_shlb_12_UI.T_IconA80_shlb_12_UI",
    "PreviewCornerMarker": "0",
    "QualityId": 3,
    "PreviewItemAccess": {
      "PKa": [],
      "length": 0
    }
  },
  {
    "Id": 30383,
    "Name": "ItemInfo_50000058_Name",
    "ShowTypes": [
      41
    ],
    "AttributesDescription": "ItemInfo_50000383_AttributesDescription",
    "BgDescription": "ItemInfo_50000383_BgDescription",
    "Icon": "/Game/Aki/UI/UIResources/Common/Image/IconA/T_IconA_shlb_12_UI.T_IconA_shlb_12_UI",
    "IconMiddle": "/Game/Aki/UI/UIResources/Common/Image/IconA160/T_IconA160_shlb_12_UI.T_IconA160_shlb_12_UI",
    "IconSmall": "/Game/Aki/UI/UIResources/Common/Image/IconA80/T_IconA80_shlb_12_UI.T_IconA80_shlb_12_UI",
    "PreviewCornerMarker": "0",
    "QualityId": 4,
    "PreviewItemAccess": {
      "PKa": [],
      "length": 0
    }
  },
  {
    "Id": 30384,
    "Name": "ItemInfo_50000058_Name",
    "ShowTypes": [
      41
    ],
    "AttributesDescription": "ItemInfo_50000384_AttributesDescription",
    "BgDescription": "ItemInfo_50000384_BgDescription",
    "Icon": "/Game/Aki/UI/UIResources/Common/Image/IconA/T_IconA_shlb_12_UI.T_IconA_shlb_12_UI",
    "IconMiddle": "/Game/Aki/UI/UIResources/Common/Image/IconA160/T_IconA160_shlb_12_UI.T_IconA160_shlb_12_UI",
    "IconSmall": "/Game/Aki/UI/UIResources/Common/Image/IconA80/T_IconA80_shlb_12_UI.T_IconA80_shlb_12_UI",
    "PreviewCornerMarker": "0",
    "QualityId": 5,
    "PreviewItemAccess": {
      "PKa": [],
      "length": 0
    }
  },
  {
    "Id": 30391,
    "Name": "ItemInfo_50000059_Name",
    "ShowTypes": [
      41
    ],
    "AttributesDescription": "ItemInfo_50000391_AttributesDescription",
    "BgDescription": "ItemInfo_50000391_BgDescription",
    "Icon": "/Game/Aki/UI/UIResources/Common/Image/IconA/T_IconA_shlb_13_UI.T_IconA_shlb_13_UI",
    "IconMiddle": "/Game/Aki/UI/UIResources/Common/Image/IconA160/T_IconA160_shlb_13_UI.T_IconA160_shlb_13_UI",
    "IconSmall": "/Game/Aki/UI/UIResources/Common/Image/IconA80/T_IconA80_shlb_13_UI.T_IconA80_shlb_13_UI",
    "PreviewCornerMarker": "0",
    "QualityId": 2,
    "PreviewItemAccess": {
      "PKa": [],
      "length": 0
    }
  },
  {
    "Id": 30392,
    "Name": "ItemInfo_50000059_Name",
    "ShowTypes": [
      41
    ],
    "AttributesDescription": "ItemInfo_50000392_AttributesDescription",
    "BgDescription": "ItemInfo_50000392_BgDescription",
    "Icon": "/Game/Aki/UI/UIResources/Common/Image/IconA/T_IconA_shlb_13_UI.T_IconA_shlb_13_UI",
    "IconMiddle": "/Game/Aki/UI/UIResources/Common/Image/IconA160/T_IconA160_shlb_13_UI.T_IconA160_shlb_13_UI",
    "IconSmall": "/Game/Aki/UI/UIResources/Common/Image/IconA80/T_IconA80_shlb_13_UI.T_IconA80_shlb_13_UI",
    "PreviewCornerMarker": "0",
    "QualityId": 3,
    "PreviewItemAccess": {
      "PKa": [],
      "length": 0
    }
  },
  {
    "Id": 30393,
    "Name": "ItemInfo_50000059_Name",
    "ShowTypes": [
      41
    ],
    "AttributesDescription": "ItemInfo_50000393_AttributesDescription",
    "BgDescription": "ItemInfo_50000393_BgDescription",
    "Icon": "/Game/Aki/UI/UIResources/Common/Image/IconA/T_IconA_shlb_13_UI.T_IconA_shlb_13_UI",
    "IconMiddle": "/Game/Aki/UI/UIResources/Common/Image/IconA160/T_IconA160_shlb_13_UI.T_IconA160_shlb_13_UI",
    "IconSmall": "/Game/Aki/UI/UIResources/Common/Image/IconA80/T_IconA80_shlb_13_UI.T_IconA80_shlb_13_UI",
    "PreviewCornerMarker": "0",
    "QualityId": 4,
    "PreviewItemAccess": {
      "PKa": [],
      "length": 0
    }
  },
  {
    "Id": 30394,
    "Name": "ItemInfo_50000059_Name",
    "ShowTypes": [
      41
    ],
    "AttributesDescription": "ItemInfo_50000394_AttributesDescription",
    "BgDescription": "ItemInfo_50000394_BgDescription",
    "Icon": "/Game/Aki/UI/UIResources/Common/Image/IconA/T_IconA_shlb_13_UI.T_IconA_shlb_13_UI",
    "IconMiddle": "/Game/Aki/UI/UIResources/Common/Image/IconA160/T_IconA160_shlb_13_UI.T_IconA160_shlb_13_UI",
    "IconSmall": "/Game/Aki/UI/UIResources/Common/Image/IconA80/T_IconA80_shlb_13_UI.T_IconA80_shlb_13_UI",
    "PreviewCornerMarker": "0",
    "QualityId": 5,
    "PreviewItemAccess": {
      "PKa": [],
      "length": 0
    }
  }
]