[
  {
    "Id": 0,
    "TypeDescription": "",
    "Lock": false,
    "Deprecate": false,
    "SortIndex": 100,
    "ItemInfoDisplayType": 0
  },
  {
    "Id": 1,
    "TypeDescription": "",
    "Lock": false,
    "Deprecate": false,
    "SortIndex": 35,
    "ItemInfoDisplayType": 0
  },
  {
    "Id": 2,
    "TypeDescription": "",
    "Lock": true,
    "Deprecate": false,
    "SortIndex": 85,
    "ItemInfoDisplayType": 1
  },
  {
    "Id": 3,
    "TypeDescription": "",
    "Lock": false,
    "Deprecate": false,
    "SortIndex": 90,
    "ItemInfoDisplayType": 0
  },
  {
    "Id": 4,
    "TypeDescription": "",
    "Lock": false,
    "Deprecate": false,
    "SortIndex": 30,
    "ItemInfoDisplayType": 0
  },
  {
    "Id": 7,
    "TypeDescription": "",
    "Lock": false,
    "Deprecate": false,
    "SortIndex": 70,
    "ItemInfoDisplayType": 0
  },
  {
    "Id": 9,
    "TypeDescription": "",
    "Lock": true,
    "Deprecate": true,
    "SortIndex": 80,
    "ItemInfoDisplayType": 1
  },
  {
    "Id": 11,
    "TypeDescription": "",
    "Lock": false,
    "Deprecate": false,
    "SortIndex": 95,
    "ItemInfoDisplayType": 0
  },
  {
    "Id": 60000,
    "TypeDescription": "",
    "Lock": false,
    "Deprecate": false,
    "SortIndex": 50,
    "ItemInfoDisplayType": 0
  },
  {
    "Id": 60002,
    "TypeDescription": "",
    "Lock": false,
    "Deprecate": false,
    "SortIndex": 45,
    "ItemInfoDisplayType": 0
  },
  {
    "Id": 60003,
    "TypeDescription": "",
    "Lock": false,
    "Deprecate": false,
    "SortIndex": 40,
    "ItemInfoDisplayType": 0
  },
  {
    "Id": 13,
    "TypeDescription": "",
    "Lock": false,
    "Deprecate": false,
    "SortIndex": 60,
    "ItemInfoDisplayType": 0
  },
  {
    "Id": 14,
    "TypeDescription": "",
    "Lock": false,
    "Deprecate": false,
    "SortIndex": 75,
    "ItemInfoDisplayType": 0
  },
  {
    "Id": 8,
    "TypeDescription": "",
    "Lock": false,
    "Deprecate": false,
    "SortIndex": 65,
    "ItemInfoDisplayType": 0
  },
  {
    "Id": 15,
    "TypeDescription": "",
    "Lock": false,
    "Deprecate": false,
    "SortIndex": 55,
    "ItemInfoDisplayType": 0
  }
]