[
  {
    "Id": 1,
    "PressTime": [
      250,
      2500,
      5000
    ],
    "TriggerTime": [
      10,
      20,
      50
    ]
  },
  {
    "Id": 2,
    "PressTime": [
      1000,
      2500,
      5000
    ],
    "TriggerTime": [
      10,
      20,
      50
    ]
  },
  {
    "Id": 3,
    "PressTime": [
      500,
      2500,
      5000
    ],
    "TriggerTime": [
      10,
      20,
      50
    ]
  },
  {
    "Id": 4,
    "PressTime": [
      250
    ],
    "TriggerTime": [
      5
    ]
  }
]