[
  {
    "Id": 1,
    "Icon": "/Game/Aki/UI/UIResources/UILoading/Atlas/SP_LoadingIcon4.SP_LoadingIcon4",
    "Image": "/Game/Aki/UI/UIResources/Common/Image/BgCg/T_Bgloadin1_UI.T_Bgloadin1_UI",
    "UmgIcon": "/Game/Aki/UI/Module/Loading/Image/SP_LoadingIcon4.SP_LoadingIcon4"
  },
  {
    "Id": 2,
    "Icon": "/Game/Aki/UI/UIResources/UILoading/Atlas/SP_LoadingIcon4.SP_LoadingIcon4",
    "Image": "/Game/Aki/UI/UIResources/Common/Image/BgCg/T_Bgloadin3_UI.T_Bgloadin3_UI",
    "UmgIcon": "/Game/Aki/UI/Module/Loading/Image/SP_LoadingIcon4.SP_LoadingIcon4"
  },
  {
    "Id": 3,
    "Icon": "/Game/Aki/UI/UIResources/UILoading/Atlas/SP_LoadingIcon4.SP_LoadingIcon4",
    "Image": "/Game/Aki/UI/UIResources/Common/Image/BgCg/T_Bgloadin4_UI.T_Bgloadin4_UI",
    "UmgIcon": "/Game/Aki/UI/Module/Loading/Image/SP_LoadingIcon4.SP_LoadingIcon4"
  },
  {
    "Id": 4,
    "Icon": "/Game/Aki/UI/UIResources/UILoading/Atlas/SP_LoadingIcon4.SP_LoadingIcon4",
    "Image": "/Game/Aki/UI/UIResources/Common/Image/BgCg/T_Bgloadin5_UI.T_Bgloadin5_UI",
    "UmgIcon": "/Game/Aki/UI/Module/Loading/Image/SP_LoadingIcon4.SP_LoadingIcon4"
  },
  {
    "Id": 5,
    "Icon": "/Game/Aki/UI/UIResources/UILoading/Atlas/SP_LoadingIcon4.SP_LoadingIcon4",
    "Image": "/Game/Aki/UI/UIResources/Common/Image/BgCg/T_Bgloadin6_UI.T_Bgloadin6_UI",
    "UmgIcon": "/Game/Aki/UI/Module/Loading/Image/SP_LoadingIcon4.SP_LoadingIcon4"
  },
  {
    "Id": 6,
    "Icon": "/Game/Aki/UI/UIResources/UILoading/Atlas/SP_LoadingIcon4.SP_LoadingIcon4",
    "Image": "/Game/Aki/UI/UIResources/Common/Image/BgCg/T_Bgloadin7_UI.T_Bgloadin7_UI",
    "UmgIcon": "/Game/Aki/UI/Module/Loading/Image/SP_LoadingIcon4.SP_LoadingIcon4"
  },
  {
    "Id": 800201,
    "Icon": "/Game/Aki/UI/UIResources/UILoading/Atlas/SP_LoadingIcon4.SP_LoadingIcon4",
    "Image": "/Game/Aki/UI/UIResources/Common/Image/BgCg/T_RogueActivityBg5_UI.T_RogueActivityBg5_UI",
    "UmgIcon": "/Game/Aki/UI/Module/Loading/Image/SP_LoadingIcon4.SP_LoadingIcon4"
  },
  {
    "Id": 6801,
    "Icon": "/Game/Aki/UI/UIResources/UILoading/Atlas/SP_LoadingIcon4.SP_LoadingIcon4",
    "Image": "/Game/Aki/UI/UIResources/Common/Image/BgCg/T_Bgloadin13_UI.T_Bgloadin13_UI",
    "UmgIcon": "/Game/Aki/UI/Module/Loading/Image/SP_LoadingIcon4.SP_LoadingIcon4"
  },
  {
    "Id": 99999,
    "Icon": "/Game/Aki/UI/UIResources/UILoading/Atlas/SP_LoadingIcon4.SP_LoadingIcon4",
    "Image": "/Game/Aki/UI/UIResources/Common/Image/BgCg/T_BgCg2_UI.T_BgCg2_UI",
    "UmgIcon": "/Game/Aki/UI/Module/Loading/Image/SP_LoadingIcon4.SP_LoadingIcon4"
  },
  {
    "Id": 7,
    "Icon": "/Game/Aki/UI/UIResources/UILoading/Atlas/SP_LoadingIcon4.SP_LoadingIcon4",
    "Image": "/Game/Aki/UI/UIResources/Common/Image/BgCg/T_Bgloadin10_UI.T_Bgloadin10_UI",
    "UmgIcon": "/Game/Aki/UI/Module/Loading/Image/SP_LoadingIcon4.SP_LoadingIcon4"
  },
  {
    "Id": 8,
    "Icon": "/Game/Aki/UI/UIResources/UILoading/Atlas/SP_LoadingIcon4.SP_LoadingIcon4",
    "Image": "/Game/Aki/UI/UIResources/Common/Image/BgCg/T_Bgloadin12_UI.T_Bgloadin12_UI",
    "UmgIcon": "/Game/Aki/UI/Module/Loading/Image/SP_LoadingIcon4.SP_LoadingIcon4"
  },
  {
    "Id": 204101,
    "Icon": "/Game/Aki/UI/UIResources/UILoading/Atlas/SP_LoadingIcon4.SP_LoadingIcon4",
    "Image": "/Game/Aki/UI/UIResources/Common/Image/BgCg/T_Bgloadin14_UI.T_Bgloadin14_UI",
    "UmgIcon": "/Game/Aki/UI/Module/Loading/Image/SP_LoadingIcon4.SP_LoadingIcon4"
  },
  {
    "Id": 1101,
    "Icon": "/Game/Aki/UI/UIResources/UILoading/Atlas/SP_LoadingIcon4.SP_LoadingIcon4",
    "Image": "/Game/Aki/UI/UIResources/Common/Image/BgCg/T_BgloadinHeihaian1.T_BgloadinHeihaian1",
    "UmgIcon": "/Game/Aki/UI/Module/Loading/Image/SP_LoadingIcon4.SP_LoadingIcon4"
  },
  {
    "Id": 1102,
    "Icon": "/Game/Aki/UI/UIResources/UILoading/Atlas/SP_LoadingIcon4.SP_LoadingIcon4",
    "Image": "/Game/Aki/UI/UIResources/Common/Image/BgCg/T_BgloadinHeihaian2.T_BgloadinHeihaian2",
    "UmgIcon": "/Game/Aki/UI/Module/Loading/Image/SP_LoadingIcon4.SP_LoadingIcon4"
  },
  {
    "Id": 1103,
    "Icon": "/Game/Aki/UI/UIResources/UILoading/Atlas/SP_LoadingIcon4.SP_LoadingIcon4",
    "Image": "/Game/Aki/UI/UIResources/Common/Image/BgCg/T_BgloadinHeihaian3.T_BgloadinHeihaian3",
    "UmgIcon": "/Game/Aki/UI/Module/Loading/Image/SP_LoadingIcon4.SP_LoadingIcon4"
  },
  {
    "Id": 1104,
    "Icon": "/Game/Aki/UI/UIResources/UILoading/Atlas/SP_LoadingIcon4.SP_LoadingIcon4",
    "Image": "/Game/Aki/UI/UIResources/Common/Image/BgCg/T_BgloadinHeihaian4.T_BgloadinHeihaian4",
    "UmgIcon": "/Game/Aki/UI/Module/Loading/Image/SP_LoadingIcon4.SP_LoadingIcon4"
  },
  {
    "Id": 1105,
    "Icon": "/Game/Aki/UI/UIResources/UILoading/Atlas/SP_LoadingIcon4.SP_LoadingIcon4",
    "Image": "/Game/Aki/UI/UIResources/Common/Image/BgCg/T_BgloadinHeihaian5.T_BgloadinHeihaian5",
    "UmgIcon": "/Game/Aki/UI/Module/Loading/Image/SP_LoadingIcon4.SP_LoadingIcon4"
  },
  {
    "Id": 1106,
    "Icon": "/Game/Aki/UI/UIResources/UILoading/Atlas/SP_LoadingIcon4.SP_LoadingIcon4",
    "Image": "/Game/Aki/UI/UIResources/Common/Image/BgCg/T_BgloadinHeihaian6.T_BgloadinHeihaian6",
    "UmgIcon": "/Game/Aki/UI/Module/Loading/Image/SP_LoadingIcon4.SP_LoadingIcon4"
  },
  {
    "Id": 1107,
    "Icon": "/Game/Aki/UI/UIResources/UILoading/Atlas/SP_LoadingIcon4.SP_LoadingIcon4",
    "Image": "/Game/Aki/UI/UIResources/Common/Image/BgCg/T_BgloadinHeihaian7.T_BgloadinHeihaian7",
    "UmgIcon": "/Game/Aki/UI/Module/Loading/Image/SP_LoadingIcon4.SP_LoadingIcon4"
  },
  {
    "Id": 1108,
    "Icon": "/Game/Aki/UI/UIResources/UILoading/Atlas/SP_LoadingIcon4.SP_LoadingIcon4",
    "Image": "/Game/Aki/UI/UIResources/Common/Image/BgCg/T_BgloadinHeihaian8.T_BgloadinHeihaian8",
    "UmgIcon": "/Game/Aki/UI/Module/Loading/Image/SP_LoadingIcon4.SP_LoadingIcon4"
  },
  {
    "Id": 1109,
    "Icon": "/Game/Aki/UI/UIResources/UILoading/Atlas/SP_LoadingIcon4.SP_LoadingIcon4",
    "Image": "/Game/Aki/UI/UIResources/Common/Image/BgCg/T_BgloadinHeihaian9.T_BgloadinHeihaian9",
    "UmgIcon": "/Game/Aki/UI/Module/Loading/Image/SP_LoadingIcon4.SP_LoadingIcon4"
  },
  {
    "Id": 1110,
    "Icon": "/Game/Aki/UI/UIResources/UILoading/Atlas/SP_LoadingIcon4.SP_LoadingIcon4",
    "Image": "/Game/Aki/UI/UIResources/Common/Image/BgCg/T_BgloadinHeihaian10.T_BgloadinHeihaian10",
    "UmgIcon": "/Game/Aki/UI/Module/Loading/Image/SP_LoadingIcon4.SP_LoadingIcon4"
  },
  {
    "Id": 1111,
    "Icon": "/Game/Aki/UI/UIResources/UILoading/Atlas/SP_LoadingIcon4.SP_LoadingIcon4",
    "Image": "/Game/Aki/UI/UIResources/Common/Image/BgCg/T_BgloadinHeihaian11.T_BgloadinHeihaian11",
    "UmgIcon": "/Game/Aki/UI/Module/Loading/Image/SP_LoadingIcon4.SP_LoadingIcon4"
  },
  {
    "Id": 150601,
    "Icon": "/Game/Aki/UI/UIResources/UILoading/Atlas/SP_LoadingIcon4.SP_LoadingIcon4",
    "Image": "/Game/Aki/UI/UIResources/Common/Image/BgCg/T_BgloadinHeihaian12.T_BgloadinHeihaian12",
    "UmgIcon": "/Game/Aki/UI/Module/Loading/Image/SP_LoadingIcon4.SP_LoadingIcon4"
  },
  {
    "Id": 151001,
    "Icon": "/Game/Aki/UI/UIResources/UILoading/Atlas/SP_LoadingIcon4.SP_LoadingIcon4",
    "Image": "/Game/Aki/UI/UIResources/Common/Image/BgCg/T_BgloadinHeihaian13.T_BgloadinHeihaian13",
    "UmgIcon": "/Game/Aki/UI/Module/Loading/Image/SP_LoadingIcon4.SP_LoadingIcon4"
  },
  {
    "Id": 151201,
    "Icon": "/Game/Aki/UI/UIResources/UILoading/Atlas/SP_LoadingIcon4.SP_LoadingIcon4",
    "Image": "/Game/Aki/UI/UIResources/Common/Image/BgCg/T_BgloadinHeihaian14.T_BgloadinHeihaian14",
    "UmgIcon": "/Game/Aki/UI/Module/Loading/Image/SP_LoadingIcon4.SP_LoadingIcon4"
  },
  {
    "Id": 1401,
    "Icon": "/Game/Aki/UI/UIResources/UILoading/Atlas/SP_LoadingIcon4.SP_LoadingIcon4",
    "Image": "/Game/Aki/UI/UIResources/Common/Image/BgCg/Loading/T_BgloadingChengxiaoshan03.T_BgloadingChengxiaoshan03",
    "UmgIcon": "/Game/Aki/UI/Module/Loading/Image/SP_LoadingIcon4.SP_LoadingIcon4"
  },
  {
    "Id": 1402,
    "Icon": "/Game/Aki/UI/UIResources/UILoading/Atlas/SP_LoadingIcon4.SP_LoadingIcon4",
    "Image": "/Game/Aki/UI/UIResources/Common/Image/BgCg/Loading/T_BgloadingChengxiaoshan05.T_BgloadingChengxiaoshan05",
    "UmgIcon": "/Game/Aki/UI/Module/Loading/Image/SP_LoadingIcon4.SP_LoadingIcon4"
  },
  {
    "Id": 1403,
    "Icon": "/Game/Aki/UI/UIResources/UILoading/Atlas/SP_LoadingIcon4.SP_LoadingIcon4",
    "Image": "/Game/Aki/UI/UIResources/Common/Image/BgCg/Loading/T_BgloadingChengxiaoshan04.T_BgloadingChengxiaoshan04",
    "UmgIcon": "/Game/Aki/UI/Module/Loading/Image/SP_LoadingIcon4.SP_LoadingIcon4"
  },
  {
    "Id": 1404,
    "Icon": "/Game/Aki/UI/UIResources/UILoading/Atlas/SP_LoadingIcon4.SP_LoadingIcon4",
    "Image": "/Game/Aki/UI/UIResources/Common/Image/BgCg/Loading/T_BgloadingChengxiaoshan01.T_BgloadingChengxiaoshan01",
    "UmgIcon": "/Game/Aki/UI/Module/Loading/Image/SP_LoadingIcon4.SP_LoadingIcon4"
  },
  {
    "Id": 1405,
    "Icon": "/Game/Aki/UI/UIResources/UILoading/Atlas/SP_LoadingIcon4.SP_LoadingIcon4",
    "Image": "/Game/Aki/UI/UIResources/Common/Image/BgCg/Loading/T_BgloadingChengxiaoshan02.T_BgloadingChengxiaoshan02",
    "UmgIcon": "/Game/Aki/UI/Module/Loading/Image/SP_LoadingIcon4.SP_LoadingIcon4"
  }
]