[
  {
    "Id": 1,
    "LevelRange": [
      2,
      999
    ],
    "AreaId": {
      "PKa": [],
      "length": 0
    },
    "MapId": [
      8
    ],
    "ConditionGroup": 0,
    "IsLimitShow": false,
    "BeginTime": 0,
    "EndTime": 0,
    "ActivityId": 0
  },
  {
    "Id": 800201,
    "LevelRange": [
      1,
      999
    ],
    "AreaId": {
      "PKa": [],
      "length": 0
    },
    "MapId": [
      8002
    ],
    "ConditionGroup": 0,
    "IsLimitShow": false,
    "BeginTime": 0,
    "EndTime": 0,
    "ActivityId": 0
  },
  {
    "Id": 6801,
    "LevelRange": [
      1,
      999
    ],
    "AreaId": {
      "PKa": [],
      "length": 0
    },
    "MapId": [
      68
    ],
    "ConditionGroup": 0,
    "IsLimitShow": false,
    "BeginTime": 0,
    "EndTime": 0,
    "ActivityId": 0
  },
  {
    "Id": 99999,
    "LevelRange": [
      1,
      1
    ],
    "AreaId": {
      "PKa": [],
      "length": 0
    },
    "MapId": [
      8
    ],
    "ConditionGroup": 0,
    "IsLimitShow": false,
    "BeginTime": 0,
    "EndTime": 0,
    "ActivityId": 0
  },
  {
    "Id": 204101,
    "LevelRange": [
      1,
      999
    ],
    "AreaId": {
      "PKa": [],
      "length": 0
    },
    "MapId": [
      2041
    ],
    "ConditionGroup": 0,
    "IsLimitShow": false,
    "BeginTime": 0,
    "EndTime": 0,
    "ActivityId": 0
  },
  {
    "Id": 1101,
    "LevelRange": [
      1,
      999
    ],
    "AreaId": [
      11,
      1101,
      1102,
      1103
    ],
    "MapId": {
      "PKa": [],
      "length": 0
    },
    "ConditionGroup": 13010000,
    "IsLimitShow": false,
    "BeginTime": 0,
    "EndTime": 0,
    "ActivityId": 0
  },
  {
    "Id": 1102,
    "LevelRange": [
      1,
      999
    ],
    "AreaId": [
      11,
      1101,
      1102,
      1103
    ],
    "MapId": {
      "PKa": [],
      "length": 0
    },
    "ConditionGroup": 13010001,
    "IsLimitShow": false,
    "BeginTime": 0,
    "EndTime": 0,
    "ActivityId": 0
  },
  {
    "Id": 1103,
    "LevelRange": [
      1,
      999
    ],
    "AreaId": [
      15,
      1501,
      1502,
      1503,
      1504,
      1505,
      1506,
      1507,
      1511,
      1561,
      1562,
      1571,
      1572
    ],
    "MapId": {
      "PKa": [],
      "length": 0
    },
    "ConditionGroup": 13010000,
    "IsLimitShow": false,
    "BeginTime": 0,
    "EndTime": 0,
    "ActivityId": 0
  },
  {
    "Id": 1104,
    "LevelRange": [
      1,
      999
    ],
    "AreaId": [
      15,
      1501,
      1502,
      1503,
      1504,
      1505,
      1506,
      1507,
      1511,
      1561,
      1562,
      1571,
      1572
    ],
    "MapId": {
      "PKa": [],
      "length": 0
    },
    "ConditionGroup": 13010001,
    "IsLimitShow": false,
    "BeginTime": 0,
    "EndTime": 0,
    "ActivityId": 0
  },
  {
    "Id": 150601,
    "LevelRange": [
      1,
      999
    ],
    "AreaId": {
      "PKa": [],
      "length": 0
    },
    "MapId": [
      1506
    ],
    "ConditionGroup": 0,
    "IsLimitShow": false,
    "BeginTime": 0,
    "EndTime": 0,
    "ActivityId": 0
  },
  {
    "Id": 151001,
    "LevelRange": [
      1,
      999
    ],
    "AreaId": {
      "PKa": [],
      "length": 0
    },
    "MapId": [
      1510
    ],
    "ConditionGroup": 0,
    "IsLimitShow": false,
    "BeginTime": 0,
    "EndTime": 0,
    "ActivityId": 0
  },
  {
    "Id": 151201,
    "LevelRange": [
      1,
      999
    ],
    "AreaId": {
      "PKa": [],
      "length": 0
    },
    "MapId": [
      1512
    ],
    "ConditionGroup": 13010001,
    "IsLimitShow": false,
    "BeginTime": 0,
    "EndTime": 0,
    "ActivityId": 0
  },
  {
    "Id": 151202,
    "LevelRange": [
      1,
      999
    ],
    "AreaId": {
      "PKa": [],
      "length": 0
    },
    "MapId": [
      1512
    ],
    "ConditionGroup": 13010000,
    "IsLimitShow": false,
    "BeginTime": 0,
    "EndTime": 0,
    "ActivityId": 0
  },
  {
    "Id": 1401,
    "LevelRange": [
      1,
      999
    ],
    "AreaId": [
      1601,
      1602,
      1603,
      1611,
      1612,
      1613,
      1614,
      1615,
      1616,
      1617,
      1631,
      1632,
      1633,
      1641,
      1642
    ],
    "MapId": {
      "PKa": [],
      "length": 0
    },
    "ConditionGroup": 0,
    "IsLimitShow": false,
    "BeginTime": 0,
    "EndTime": 0,
    "ActivityId": 0
  }
]