[
  {
    "Id": 1001,
    "LevelAreaId": 1,
    "ImageId": 1,
    "Weight": 10,
    "Title": "LoadingTipsText_1001_Title",
    "TipsText": "LoadingTipsText_1001_TipsText"
  },
  {
    "Id": 1002,
    "LevelAreaId": 1,
    "ImageId": 1,
    "Weight": 10,
    "Title": "LoadingTipsText_1002_Title",
    "TipsText": "LoadingTipsText_1002_TipsText"
  },
  {
    "Id": 1003,
    "LevelAreaId": 1,
    "ImageId": 1,
    "Weight": 10,
    "Title": "LoadingTipsText_1003_Title",
    "TipsText": "LoadingTipsText_1003_TipsText"
  },
  {
    "Id": 1006,
    "LevelAreaId": 1,
    "ImageId": 1,
    "Weight": 10,
    "Title": "LoadingTipsText_1006_Title",
    "TipsText": "LoadingTipsText_1006_TipsText"
  },
  {
    "Id": 1007,
    "LevelAreaId": 1,
    "ImageId": 1,
    "Weight": 10,
    "Title": "LoadingTipsText_1007_Title",
    "TipsText": "LoadingTipsText_1007_TipsText"
  },
  {
    "Id": 1008,
    "LevelAreaId": 1,
    "ImageId": 1,
    "Weight": 10,
    "Title": "LoadingTipsText_1008_Title",
    "TipsText": "LoadingTipsText_1008_TipsText"
  },
  {
    "Id": 2002,
    "LevelAreaId": 1,
    "ImageId": 2,
    "Weight": 10,
    "Title": "LoadingTipsText_1002_Title",
    "TipsText": "LoadingTipsText_1002_TipsText"
  },
  {
    "Id": 2004,
    "LevelAreaId": 1,
    "ImageId": 2,
    "Weight": 10,
    "Title": "LoadingTipsText_1004_Title",
    "TipsText": "LoadingTipsText_1004_TipsText"
  },
  {
    "Id": 2005,
    "LevelAreaId": 1,
    "ImageId": 2,
    "Weight": 10,
    "Title": "LoadingTipsText_1005_Title",
    "TipsText": "LoadingTipsText_1005_TipsText"
  },
  {
    "Id": 2006,
    "LevelAreaId": 1,
    "ImageId": 2,
    "Weight": 10,
    "Title": "LoadingTipsText_1006_Title",
    "TipsText": "LoadingTipsText_1006_TipsText"
  },
  {
    "Id": 3001,
    "LevelAreaId": 1,
    "ImageId": 3,
    "Weight": 10,
    "Title": "LoadingTipsText_1001_Title",
    "TipsText": "LoadingTipsText_1001_TipsText"
  },
  {
    "Id": 3002,
    "LevelAreaId": 1,
    "ImageId": 3,
    "Weight": 10,
    "Title": "LoadingTipsText_1002_Title",
    "TipsText": "LoadingTipsText_1002_TipsText"
  },
  {
    "Id": 3003,
    "LevelAreaId": 1,
    "ImageId": 3,
    "Weight": 10,
    "Title": "LoadingTipsText_1003_Title",
    "TipsText": "LoadingTipsText_1003_TipsText"
  },
  {
    "Id": 3004,
    "LevelAreaId": 1,
    "ImageId": 3,
    "Weight": 10,
    "Title": "LoadingTipsText_1004_Title",
    "TipsText": "LoadingTipsText_1004_TipsText"
  },
  {
    "Id": 3005,
    "LevelAreaId": 1,
    "ImageId": 3,
    "Weight": 10,
    "Title": "LoadingTipsText_1005_Title",
    "TipsText": "LoadingTipsText_1005_TipsText"
  },
  {
    "Id": 4001,
    "LevelAreaId": 1,
    "ImageId": 4,
    "Weight": 10,
    "Title": "LoadingTipsText_1001_Title",
    "TipsText": "LoadingTipsText_1001_TipsText"
  },
  {
    "Id": 4002,
    "LevelAreaId": 1,
    "ImageId": 4,
    "Weight": 10,
    "Title": "LoadingTipsText_1002_Title",
    "TipsText": "LoadingTipsText_1002_TipsText"
  },
  {
    "Id": 1004,
    "LevelAreaId": 1,
    "ImageId": 1,
    "Weight": 10,
    "Title": "LoadingTipsText_1004_Title",
    "TipsText": "LoadingTipsText_1004_TipsText"
  },
  {
    "Id": 1005,
    "LevelAreaId": 1,
    "ImageId": 1,
    "Weight": 10,
    "Title": "LoadingTipsText_1005_Title",
    "TipsText": "LoadingTipsText_1005_TipsText"
  },
  {
    "Id": 1009,
    "LevelAreaId": 1,
    "ImageId": 1,
    "Weight": 10,
    "Title": "LoadingTipsText_1009_Title",
    "TipsText": "LoadingTipsText_1009_TipsText"
  },
  {
    "Id": 2001,
    "LevelAreaId": 1,
    "ImageId": 2,
    "Weight": 10,
    "Title": "LoadingTipsText_1001_Title",
    "TipsText": "LoadingTipsText_1001_TipsText"
  },
  {
    "Id": 2003,
    "LevelAreaId": 1,
    "ImageId": 2,
    "Weight": 10,
    "Title": "LoadingTipsText_1003_Title",
    "TipsText": "LoadingTipsText_1003_TipsText"
  },
  {
    "Id": 2007,
    "LevelAreaId": 1,
    "ImageId": 2,
    "Weight": 10,
    "Title": "LoadingTipsText_1007_Title",
    "TipsText": "LoadingTipsText_1007_TipsText"
  },
  {
    "Id": 2008,
    "LevelAreaId": 1,
    "ImageId": 2,
    "Weight": 10,
    "Title": "LoadingTipsText_1008_Title",
    "TipsText": "LoadingTipsText_1008_TipsText"
  },
  {
    "Id": 2009,
    "LevelAreaId": 1,
    "ImageId": 2,
    "Weight": 10,
    "Title": "LoadingTipsText_1009_Title",
    "TipsText": "LoadingTipsText_1009_TipsText"
  },
  {
    "Id": 3006,
    "LevelAreaId": 1,
    "ImageId": 3,
    "Weight": 10,
    "Title": "LoadingTipsText_1006_Title",
    "TipsText": "LoadingTipsText_1006_TipsText"
  },
  {
    "Id": 3007,
    "LevelAreaId": 1,
    "ImageId": 3,
    "Weight": 10,
    "Title": "LoadingTipsText_1007_Title",
    "TipsText": "LoadingTipsText_1007_TipsText"
  },
  {
    "Id": 3008,
    "LevelAreaId": 1,
    "ImageId": 3,
    "Weight": 10,
    "Title": "LoadingTipsText_1008_Title",
    "TipsText": "LoadingTipsText_1008_TipsText"
  },
  {
    "Id": 3009,
    "LevelAreaId": 1,
    "ImageId": 3,
    "Weight": 10,
    "Title": "LoadingTipsText_1009_Title",
    "TipsText": "LoadingTipsText_1009_TipsText"
  },
  {
    "Id": 4003,
    "LevelAreaId": 1,
    "ImageId": 4,
    "Weight": 10,
    "Title": "LoadingTipsText_1003_Title",
    "TipsText": "LoadingTipsText_1003_TipsText"
  },
  {
    "Id": 4004,
    "LevelAreaId": 1,
    "ImageId": 4,
    "Weight": 10,
    "Title": "LoadingTipsText_1004_Title",
    "TipsText": "LoadingTipsText_1004_TipsText"
  },
  {
    "Id": 4005,
    "LevelAreaId": 1,
    "ImageId": 4,
    "Weight": 10,
    "Title": "LoadingTipsText_1005_Title",
    "TipsText": "LoadingTipsText_1005_TipsText"
  },
  {
    "Id": 4006,
    "LevelAreaId": 1,
    "ImageId": 4,
    "Weight": 10,
    "Title": "LoadingTipsText_1006_Title",
    "TipsText": "LoadingTipsText_1006_TipsText"
  },
  {
    "Id": 4007,
    "LevelAreaId": 1,
    "ImageId": 4,
    "Weight": 10,
    "Title": "LoadingTipsText_1007_Title",
    "TipsText": "LoadingTipsText_1007_TipsText"
  },
  {
    "Id": 4008,
    "LevelAreaId": 1,
    "ImageId": 4,
    "Weight": 10,
    "Title": "LoadingTipsText_1008_Title",
    "TipsText": "LoadingTipsText_1008_TipsText"
  },
  {
    "Id": 4009,
    "LevelAreaId": 1,
    "ImageId": 4,
    "Weight": 10,
    "Title": "LoadingTipsText_1009_Title",
    "TipsText": "LoadingTipsText_1009_TipsText"
  },
  {
    "Id": 5001,
    "LevelAreaId": 1,
    "ImageId": 5,
    "Weight": 10,
    "Title": "LoadingTipsText_1001_Title",
    "TipsText": "LoadingTipsText_1001_TipsText"
  },
  {
    "Id": 5002,
    "LevelAreaId": 1,
    "ImageId": 5,
    "Weight": 10,
    "Title": "LoadingTipsText_1002_Title",
    "TipsText": "LoadingTipsText_1002_TipsText"
  },
  {
    "Id": 5003,
    "LevelAreaId": 1,
    "ImageId": 5,
    "Weight": 10,
    "Title": "LoadingTipsText_1003_Title",
    "TipsText": "LoadingTipsText_1003_TipsText"
  },
  {
    "Id": 5004,
    "LevelAreaId": 1,
    "ImageId": 5,
    "Weight": 10,
    "Title": "LoadingTipsText_1004_Title",
    "TipsText": "LoadingTipsText_1004_TipsText"
  },
  {
    "Id": 5005,
    "LevelAreaId": 1,
    "ImageId": 5,
    "Weight": 10,
    "Title": "LoadingTipsText_1005_Title",
    "TipsText": "LoadingTipsText_1005_TipsText"
  },
  {
    "Id": 5006,
    "LevelAreaId": 1,
    "ImageId": 5,
    "Weight": 10,
    "Title": "LoadingTipsText_1006_Title",
    "TipsText": "LoadingTipsText_1006_TipsText"
  },
  {
    "Id": 5007,
    "LevelAreaId": 1,
    "ImageId": 5,
    "Weight": 10,
    "Title": "LoadingTipsText_1007_Title",
    "TipsText": "LoadingTipsText_1007_TipsText"
  },
  {
    "Id": 5008,
    "LevelAreaId": 1,
    "ImageId": 5,
    "Weight": 10,
    "Title": "LoadingTipsText_1008_Title",
    "TipsText": "LoadingTipsText_1008_TipsText"
  },
  {
    "Id": 5009,
    "LevelAreaId": 1,
    "ImageId": 5,
    "Weight": 10,
    "Title": "LoadingTipsText_1009_Title",
    "TipsText": "LoadingTipsText_1009_TipsText"
  },
  {
    "Id": 6001,
    "LevelAreaId": 1,
    "ImageId": 6,
    "Weight": 10,
    "Title": "LoadingTipsText_1001_Title",
    "TipsText": "LoadingTipsText_1001_TipsText"
  },
  {
    "Id": 6002,
    "LevelAreaId": 1,
    "ImageId": 6,
    "Weight": 10,
    "Title": "LoadingTipsText_1002_Title",
    "TipsText": "LoadingTipsText_1002_TipsText"
  },
  {
    "Id": 6003,
    "LevelAreaId": 1,
    "ImageId": 6,
    "Weight": 10,
    "Title": "LoadingTipsText_1003_Title",
    "TipsText": "LoadingTipsText_1003_TipsText"
  },
  {
    "Id": 6004,
    "LevelAreaId": 1,
    "ImageId": 6,
    "Weight": 10,
    "Title": "LoadingTipsText_1004_Title",
    "TipsText": "LoadingTipsText_1004_TipsText"
  },
  {
    "Id": 6005,
    "LevelAreaId": 1,
    "ImageId": 6,
    "Weight": 10,
    "Title": "LoadingTipsText_1005_Title",
    "TipsText": "LoadingTipsText_1005_TipsText"
  },
  {
    "Id": 6006,
    "LevelAreaId": 1,
    "ImageId": 6,
    "Weight": 10,
    "Title": "LoadingTipsText_1006_Title",
    "TipsText": "LoadingTipsText_1006_TipsText"
  },
  {
    "Id": 6007,
    "LevelAreaId": 1,
    "ImageId": 6,
    "Weight": 10,
    "Title": "LoadingTipsText_1007_Title",
    "TipsText": "LoadingTipsText_1007_TipsText"
  },
  {
    "Id": 6008,
    "LevelAreaId": 1,
    "ImageId": 6,
    "Weight": 10,
    "Title": "LoadingTipsText_1008_Title",
    "TipsText": "LoadingTipsText_1008_TipsText"
  },
  {
    "Id": 6009,
    "LevelAreaId": 1,
    "ImageId": 6,
    "Weight": 10,
    "Title": "LoadingTipsText_1009_Title",
    "TipsText": "LoadingTipsText_1009_TipsText"
  },
  {
    "Id": 99999,
    "LevelAreaId": 99999,
    "ImageId": 99999,
    "Weight": 10,
    "Title": "LoadingTipsText_1001_Title",
    "TipsText": "LoadingTipsText_1001_TipsText"
  },
  {
    "Id": 1010,
    "LevelAreaId": 1,
    "ImageId": 1,
    "Weight": 10,
    "Title": "LoadingTipsText_1010_Title",
    "TipsText": "LoadingTipsText_1010_TipsText"
  },
  {
    "Id": 1011,
    "LevelAreaId": 1,
    "ImageId": 1,
    "Weight": 10,
    "Title": "LoadingTipsText_1011_Title",
    "TipsText": "LoadingTipsText_1011_TipsText"
  },
  {
    "Id": 1012,
    "LevelAreaId": 1,
    "ImageId": 1,
    "Weight": 10,
    "Title": "LoadingTipsText_1012_Title",
    "TipsText": "LoadingTipsText_1012_TipsText"
  },
  {
    "Id": 2010,
    "LevelAreaId": 1,
    "ImageId": 2,
    "Weight": 10,
    "Title": "LoadingTipsText_1010_Title",
    "TipsText": "LoadingTipsText_1010_TipsText"
  },
  {
    "Id": 2011,
    "LevelAreaId": 1,
    "ImageId": 2,
    "Weight": 10,
    "Title": "LoadingTipsText_1011_Title",
    "TipsText": "LoadingTipsText_1011_TipsText"
  },
  {
    "Id": 2012,
    "LevelAreaId": 1,
    "ImageId": 2,
    "Weight": 10,
    "Title": "LoadingTipsText_1012_Title",
    "TipsText": "LoadingTipsText_1012_TipsText"
  },
  {
    "Id": 3010,
    "LevelAreaId": 1,
    "ImageId": 3,
    "Weight": 10,
    "Title": "LoadingTipsText_1010_Title",
    "TipsText": "LoadingTipsText_1010_TipsText"
  },
  {
    "Id": 3011,
    "LevelAreaId": 1,
    "ImageId": 3,
    "Weight": 10,
    "Title": "LoadingTipsText_1011_Title",
    "TipsText": "LoadingTipsText_1011_TipsText"
  },
  {
    "Id": 3012,
    "LevelAreaId": 1,
    "ImageId": 3,
    "Weight": 10,
    "Title": "LoadingTipsText_1012_Title",
    "TipsText": "LoadingTipsText_1012_TipsText"
  },
  {
    "Id": 4010,
    "LevelAreaId": 1,
    "ImageId": 4,
    "Weight": 10,
    "Title": "LoadingTipsText_1010_Title",
    "TipsText": "LoadingTipsText_1010_TipsText"
  },
  {
    "Id": 4011,
    "LevelAreaId": 1,
    "ImageId": 4,
    "Weight": 10,
    "Title": "LoadingTipsText_1011_Title",
    "TipsText": "LoadingTipsText_1011_TipsText"
  },
  {
    "Id": 4012,
    "LevelAreaId": 1,
    "ImageId": 4,
    "Weight": 10,
    "Title": "LoadingTipsText_1012_Title",
    "TipsText": "LoadingTipsText_1012_TipsText"
  },
  {
    "Id": 5010,
    "LevelAreaId": 1,
    "ImageId": 5,
    "Weight": 10,
    "Title": "LoadingTipsText_1010_Title",
    "TipsText": "LoadingTipsText_1010_TipsText"
  },
  {
    "Id": 5011,
    "LevelAreaId": 1,
    "ImageId": 5,
    "Weight": 10,
    "Title": "LoadingTipsText_1011_Title",
    "TipsText": "LoadingTipsText_1011_TipsText"
  },
  {
    "Id": 5012,
    "LevelAreaId": 1,
    "ImageId": 5,
    "Weight": 10,
    "Title": "LoadingTipsText_1012_Title",
    "TipsText": "LoadingTipsText_1012_TipsText"
  },
  {
    "Id": 6010,
    "LevelAreaId": 1,
    "ImageId": 6,
    "Weight": 10,
    "Title": "LoadingTipsText_1010_Title",
    "TipsText": "LoadingTipsText_1010_TipsText"
  },
  {
    "Id": 6011,
    "LevelAreaId": 1,
    "ImageId": 6,
    "Weight": 10,
    "Title": "LoadingTipsText_1011_Title",
    "TipsText": "LoadingTipsText_1011_TipsText"
  },
  {
    "Id": 6012,
    "LevelAreaId": 1,
    "ImageId": 6,
    "Weight": 10,
    "Title": "LoadingTipsText_1012_Title",
    "TipsText": "LoadingTipsText_1012_TipsText"
  },
  {
    "Id": 80020101,
    "LevelAreaId": 800201,
    "ImageId": 800201,
    "Weight": 10,
    "Title": "LoadingTipsText_80020101_Title",
    "TipsText": "LoadingTipsText_80020101_TipsText"
  },
  {
    "Id": 680101,
    "LevelAreaId": 6801,
    "ImageId": 6801,
    "Weight": 10,
    "Title": "LoadingTipsText_1001_Title",
    "TipsText": "LoadingTipsText_1001_TipsText"
  },
  {
    "Id": 7001,
    "LevelAreaId": 1,
    "ImageId": 7,
    "Weight": 10,
    "Title": "LoadingTipsText_1001_Title",
    "TipsText": "LoadingTipsText_1001_TipsText"
  },
  {
    "Id": 7002,
    "LevelAreaId": 1,
    "ImageId": 7,
    "Weight": 10,
    "Title": "LoadingTipsText_1002_Title",
    "TipsText": "LoadingTipsText_1002_TipsText"
  },
  {
    "Id": 7003,
    "LevelAreaId": 1,
    "ImageId": 7,
    "Weight": 10,
    "Title": "LoadingTipsText_1003_Title",
    "TipsText": "LoadingTipsText_1003_TipsText"
  },
  {
    "Id": 7004,
    "LevelAreaId": 1,
    "ImageId": 7,
    "Weight": 10,
    "Title": "LoadingTipsText_1004_Title",
    "TipsText": "LoadingTipsText_1004_TipsText"
  },
  {
    "Id": 7005,
    "LevelAreaId": 1,
    "ImageId": 7,
    "Weight": 10,
    "Title": "LoadingTipsText_1005_Title",
    "TipsText": "LoadingTipsText_1005_TipsText"
  },
  {
    "Id": 7006,
    "LevelAreaId": 1,
    "ImageId": 7,
    "Weight": 10,
    "Title": "LoadingTipsText_1006_Title",
    "TipsText": "LoadingTipsText_1006_TipsText"
  },
  {
    "Id": 7007,
    "LevelAreaId": 1,
    "ImageId": 7,
    "Weight": 10,
    "Title": "LoadingTipsText_1007_Title",
    "TipsText": "LoadingTipsText_1007_TipsText"
  },
  {
    "Id": 7008,
    "LevelAreaId": 1,
    "ImageId": 7,
    "Weight": 10,
    "Title": "LoadingTipsText_1008_Title",
    "TipsText": "LoadingTipsText_1008_TipsText"
  },
  {
    "Id": 7009,
    "LevelAreaId": 1,
    "ImageId": 7,
    "Weight": 10,
    "Title": "LoadingTipsText_1009_Title",
    "TipsText": "LoadingTipsText_1009_TipsText"
  },
  {
    "Id": 7010,
    "LevelAreaId": 1,
    "ImageId": 7,
    "Weight": 10,
    "Title": "LoadingTipsText_1010_Title",
    "TipsText": "LoadingTipsText_1010_TipsText"
  },
  {
    "Id": 7011,
    "LevelAreaId": 1,
    "ImageId": 7,
    "Weight": 10,
    "Title": "LoadingTipsText_1011_Title",
    "TipsText": "LoadingTipsText_1011_TipsText"
  },
  {
    "Id": 7012,
    "LevelAreaId": 1,
    "ImageId": 7,
    "Weight": 10,
    "Title": "LoadingTipsText_1012_Title",
    "TipsText": "LoadingTipsText_1012_TipsText"
  },
  {
    "Id": 8001,
    "LevelAreaId": 1,
    "ImageId": 8,
    "Weight": 10,
    "Title": "LoadingTipsText_1001_Title",
    "TipsText": "LoadingTipsText_1001_TipsText"
  },
  {
    "Id": 8002,
    "LevelAreaId": 1,
    "ImageId": 8,
    "Weight": 10,
    "Title": "LoadingTipsText_1002_Title",
    "TipsText": "LoadingTipsText_1002_TipsText"
  },
  {
    "Id": 8003,
    "LevelAreaId": 1,
    "ImageId": 8,
    "Weight": 10,
    "Title": "LoadingTipsText_1003_Title",
    "TipsText": "LoadingTipsText_1003_TipsText"
  },
  {
    "Id": 8004,
    "LevelAreaId": 1,
    "ImageId": 8,
    "Weight": 10,
    "Title": "LoadingTipsText_1004_Title",
    "TipsText": "LoadingTipsText_1004_TipsText"
  },
  {
    "Id": 8005,
    "LevelAreaId": 1,
    "ImageId": 8,
    "Weight": 10,
    "Title": "LoadingTipsText_1005_Title",
    "TipsText": "LoadingTipsText_1005_TipsText"
  },
  {
    "Id": 8006,
    "LevelAreaId": 1,
    "ImageId": 8,
    "Weight": 10,
    "Title": "LoadingTipsText_1006_Title",
    "TipsText": "LoadingTipsText_1006_TipsText"
  },
  {
    "Id": 8007,
    "LevelAreaId": 1,
    "ImageId": 8,
    "Weight": 10,
    "Title": "LoadingTipsText_1007_Title",
    "TipsText": "LoadingTipsText_1007_TipsText"
  },
  {
    "Id": 8008,
    "LevelAreaId": 1,
    "ImageId": 8,
    "Weight": 10,
    "Title": "LoadingTipsText_1008_Title",
    "TipsText": "LoadingTipsText_1008_TipsText"
  },
  {
    "Id": 8009,
    "LevelAreaId": 1,
    "ImageId": 8,
    "Weight": 10,
    "Title": "LoadingTipsText_1009_Title",
    "TipsText": "LoadingTipsText_1009_TipsText"
  },
  {
    "Id": 8010,
    "LevelAreaId": 1,
    "ImageId": 8,
    "Weight": 10,
    "Title": "LoadingTipsText_1010_Title",
    "TipsText": "LoadingTipsText_1010_TipsText"
  },
  {
    "Id": 8011,
    "LevelAreaId": 1,
    "ImageId": 8,
    "Weight": 10,
    "Title": "LoadingTipsText_1011_Title",
    "TipsText": "LoadingTipsText_1011_TipsText"
  },
  {
    "Id": 8012,
    "LevelAreaId": 1,
    "ImageId": 8,
    "Weight": 10,
    "Title": "LoadingTipsText_1012_Title",
    "TipsText": "LoadingTipsText_1012_TipsText"
  },
  {
    "Id": 20410101,
    "LevelAreaId": 204101,
    "ImageId": 204101,
    "Weight": 10,
    "Title": "LoadingTipsText_20410101_Title",
    "TipsText": "LoadingTipsText_20410101_TipsText"
  },
  {
    "Id": 110101,
    "LevelAreaId": 1101,
    "ImageId": 1101,
    "Weight": 10,
    "Title": "LoadingTipsText_1101_Title",
    "TipsText": "LoadingTipsText_1101_TipsText"
  },
  {
    "Id": 110102,
    "LevelAreaId": 1101,
    "ImageId": 1102,
    "Weight": 10,
    "Title": "LoadingTipsText_1102_Title",
    "TipsText": "LoadingTipsText_1102_TipsText"
  },
  {
    "Id": 110103,
    "LevelAreaId": 1101,
    "ImageId": 1103,
    "Weight": 10,
    "Title": "LoadingTipsText_1103_Title",
    "TipsText": "LoadingTipsText_1103_TipsText"
  },
  {
    "Id": 110201,
    "LevelAreaId": 1102,
    "ImageId": 1104,
    "Weight": 10,
    "Title": "LoadingTipsText_1104_Title",
    "TipsText": "LoadingTipsText_1104_TipsText"
  },
  {
    "Id": 110202,
    "LevelAreaId": 1102,
    "ImageId": 1105,
    "Weight": 10,
    "Title": "LoadingTipsText_1105_Title",
    "TipsText": "LoadingTipsText_1105_TipsText"
  },
  {
    "Id": 110301,
    "LevelAreaId": 1103,
    "ImageId": 1106,
    "Weight": 10,
    "Title": "LoadingTipsText_1106_Title",
    "TipsText": "LoadingTipsText_1106_TipsText"
  },
  {
    "Id": 110302,
    "LevelAreaId": 1103,
    "ImageId": 1107,
    "Weight": 10,
    "Title": "LoadingTipsText_1107_Title",
    "TipsText": "LoadingTipsText_1107_TipsText"
  },
  {
    "Id": 110401,
    "LevelAreaId": 1104,
    "ImageId": 1108,
    "Weight": 10,
    "Title": "LoadingTipsText_1108_Title",
    "TipsText": "LoadingTipsText_1108_TipsText"
  },
  {
    "Id": 110402,
    "LevelAreaId": 1104,
    "ImageId": 1109,
    "Weight": 10,
    "Title": "LoadingTipsText_1109_Title",
    "TipsText": "LoadingTipsText_1109_TipsText"
  },
  {
    "Id": 110403,
    "LevelAreaId": 1104,
    "ImageId": 1110,
    "Weight": 10,
    "Title": "LoadingTipsText_1110_Title",
    "TipsText": "LoadingTipsText_1110_TipsText"
  },
  {
    "Id": 110404,
    "LevelAreaId": 1104,
    "ImageId": 1111,
    "Weight": 10,
    "Title": "LoadingTipsText_1111_Title",
    "TipsText": "LoadingTipsText_1111_TipsText"
  },
  {
    "Id": 15060101,
    "LevelAreaId": 150601,
    "ImageId": 150601,
    "Weight": 10,
    "Title": "LoadingTipsText_150601_Title",
    "TipsText": "LoadingTipsText_150601_TipsText"
  },
  {
    "Id": 15100101,
    "LevelAreaId": 151001,
    "ImageId": 151001,
    "Weight": 10,
    "Title": "LoadingTipsText_151001_Title",
    "TipsText": "LoadingTipsText_151001_TipsText"
  },
  {
    "Id": 15120101,
    "LevelAreaId": 151201,
    "ImageId": 151201,
    "Weight": 10,
    "Title": "LoadingTipsText_151201_Title",
    "TipsText": "LoadingTipsText_151201_TipsText"
  },
  {
    "Id": 15120201,
    "LevelAreaId": 151202,
    "ImageId": 1107,
    "Weight": 10,
    "Title": "LoadingTipsText_1107_Title",
    "TipsText": "LoadingTipsText_1107_TipsText"
  },
  {
    "Id": 140101,
    "LevelAreaId": 1401,
    "ImageId": 1401,
    "Weight": 10,
    "Title": "LoadingTipsText_1401_Title",
    "TipsText": "LoadingTipsText_1401_TipsText"
  },
  {
    "Id": 140102,
    "LevelAreaId": 1401,
    "ImageId": 1402,
    "Weight": 10,
    "Title": "LoadingTipsText_1402_Title",
    "TipsText": "LoadingTipsText_1402_TipsText"
  },
  {
    "Id": 140103,
    "LevelAreaId": 1401,
    "ImageId": 1403,
    "Weight": 10,
    "Title": "LoadingTipsText_1403_Title",
    "TipsText": "LoadingTipsText_1403_TipsText"
  },
  {
    "Id": 140104,
    "LevelAreaId": 1401,
    "ImageId": 1404,
    "Weight": 10,
    "Title": "LoadingTipsText_1404_Title",
    "TipsText": "LoadingTipsText_1404_TipsText"
  },
  {
    "Id": 140105,
    "LevelAreaId": 1401,
    "ImageId": 1405,
    "Weight": 10,
    "Title": "LoadingTipsText_1405_Title",
    "TipsText": "LoadingTipsText_1405_TipsText"
  }
]