[
  {
    "Id": 1,
    "MeshId": 390213,
    "Name": "AnimalHandBook_1_Name",
    "Scale": [
      3,
      3,
      3
    ],
    "Position": [
      40,
      0,
      0
    ],
    "Rotator": [
      0,
      0,
      20
    ],
    "StandAnim": "/Game/Aki/Character/NPC/Animal/NA028/CommonAnim/Stand_01.Stand_01",
    "Icon": "/Game/Aki/UI/UIResources/Common/Image/IconMonHeadA/T_IconMonHeadA_008_UI.T_IconMonHeadA_008_UI",
    "TypeDescrtption": "AnimalHandBook_1_TypeDescrtption",
    "Place": "AnimalHandBook_1_Place",
    "Descrtption": "AnimalHandBook_1_Descrtption",
    "DropItemId": [
      42400010
    ]
  },
  {
    "Id": 2,
    "MeshId": 390212,
    "Name": "AnimalHandBook_2_Name",
    "Scale": [
      3,
      3,
      3
    ],
    "Position": [
      40,
      0,
      0
    ],
    "Rotator": [
      0,
      0,
      20
    ],
    "StandAnim": "/Game/Aki/Character/NPC/Animal/NA028/CommonAnim/Stand_01.Stand_01",
    "Icon": "/Game/Aki/UI/UIResources/Common/Image/IconMonHeadA/T_IconMonHeadA_010_UI.T_IconMonHeadA_010_UI",
    "TypeDescrtption": "AnimalHandBook_2_TypeDescrtption",
    "Place": "AnimalHandBook_2_Place",
    "Descrtption": "AnimalHandBook_2_Descrtption",
    "DropItemId": [
      42400010
    ]
  },
  {
    "Id": 3,
    "MeshId": 390211,
    "Name": "AnimalHandBook_3_Name",
    "Scale": [
      3,
      3,
      3
    ],
    "Position": [
      40,
      0,
      0
    ],
    "Rotator": [
      0,
      0,
      20
    ],
    "StandAnim": "/Game/Aki/Character/NPC/Animal/NA028/CommonAnim/Stand_01.Stand_01",
    "Icon": "/Game/Aki/UI/UIResources/Common/Image/IconMonHeadA/T_IconMonHeadA_009_UI.T_IconMonHeadA_009_UI",
    "TypeDescrtption": "AnimalHandBook_3_TypeDescrtption",
    "Place": "AnimalHandBook_3_Place",
    "Descrtption": "AnimalHandBook_3_Descrtption",
    "DropItemId": [
      42400010
    ]
  },
  {
    "Id": 4,
    "MeshId": 390067,
    "Name": "AnimalHandBook_4_Name",
    "Scale": [
      2,
      2,
      2
    ],
    "Position": [
      40,
      0,
      0
    ],
    "Rotator": [
      0,
      0,
      20
    ],
    "StandAnim": "/Game/Aki/Character/NPC/Animal/NA010/CommonAnim/Stand_01.Stand_01",
    "Icon": "/Game/Aki/UI/UIResources/Common/Image/IconMonHeadA/T_IconMonHeadA_011_UI.T_IconMonHeadA_011_UI",
    "TypeDescrtption": "AnimalHandBook_4_TypeDescrtption",
    "Place": "AnimalHandBook_4_Place",
    "Descrtption": "AnimalHandBook_4_Descrtption",
    "DropItemId": [
      42400010
    ]
  },
  {
    "Id": 6,
    "MeshId": 390056,
    "Name": "AnimalHandBook_6_Name",
    "Scale": [
      1.399999976158142,
      1.399999976158142,
      1.399999976158142
    ],
    "Position": [
      30,
      0,
      0
    ],
    "Rotator": [
      0,
      0,
      20
    ],
    "StandAnim": "/Game/Aki/Character/NPC/Animal/NA007/CommonAnim/Stand_01.Stand_01",
    "Icon": "/Game/Aki/UI/UIResources/Common/Image/IconMonHeadA/T_IconMonHeadA_012_UI.T_IconMonHeadA_012_UI",
    "TypeDescrtption": "AnimalHandBook_6_TypeDescrtption",
    "Place": "AnimalHandBook_6_Place",
    "Descrtption": "AnimalHandBook_6_Descrtption",
    "DropItemId": [
      42400020
    ]
  },
  {
    "Id": 7,
    "MeshId": 390069,
    "Name": "AnimalHandBook_7_Name",
    "Scale": [
      2,
      2,
      2
    ],
    "Position": [
      40,
      0,
      0
    ],
    "Rotator": [
      0,
      0,
      20
    ],
    "StandAnim": "/Game/Aki/Character/NPC/Animal/NA012/CommonAnim/Stand_02_loop.Stand_02_loop",
    "Icon": "/Game/Aki/UI/UIResources/Common/Image/IconMonHeadA/T_IconMonHeadA_005_UI.T_IconMonHeadA_005_UI",
    "TypeDescrtption": "AnimalHandBook_7_TypeDescrtption",
    "Place": "AnimalHandBook_7_Place",
    "Descrtption": "AnimalHandBook_7_Descrtption",
    "DropItemId": {
      "PKa": [],
      "length": 0
    }
  },
  {
    "Id": 8,
    "MeshId": 390070,
    "Name": "AnimalHandBook_8_Name",
    "Scale": [
      2,
      2,
      2
    ],
    "Position": [
      40,
      0,
      0
    ],
    "Rotator": [
      0,
      0,
      20
    ],
    "StandAnim": "/Game/Aki/Character/NPC/Animal/NA012/CommonAnim/Stand_02_loop.Stand_02_loop",
    "Icon": "/Game/Aki/UI/UIResources/Common/Image/IconMonHeadA/T_IconMonHeadA_006_UI.T_IconMonHeadA_006_UI",
    "TypeDescrtption": "AnimalHandBook_8_TypeDescrtption",
    "Place": "AnimalHandBook_8_Place",
    "Descrtption": "AnimalHandBook_8_Descrtption",
    "DropItemId": {
      "PKa": [],
      "length": 0
    }
  },
  {
    "Id": 9,
    "MeshId": 390200,
    "Name": "AnimalHandBook_9_Name",
    "Scale": [
      2,
      2,
      2
    ],
    "Position": [
      40,
      0,
      0
    ],
    "Rotator": [
      0,
      0,
      20
    ],
    "StandAnim": "/Game/Aki/Character/NPC/Animal/NA012/CommonAnim/Stand_02_loop.Stand_02_loop",
    "Icon": "/Game/Aki/UI/UIResources/Common/Image/IconMonHeadA/T_IconMonHeadA_007_UI.T_IconMonHeadA_007_UI",
    "TypeDescrtption": "AnimalHandBook_9_TypeDescrtption",
    "Place": "AnimalHandBook_9_Place",
    "Descrtption": "AnimalHandBook_9_Descrtption",
    "DropItemId": {
      "PKa": [],
      "length": 0
    }
  },
  {
    "Id": 10,
    "MeshId": 390061,
    "Name": "AnimalHandBook_10_Name",
    "Scale": [
      2,
      2,
      2
    ],
    "Position": [
      40,
      0,
      0
    ],
    "Rotator": [
      0,
      0,
      20
    ],
    "StandAnim": "/Game/Aki/Character/NPC/Animal/NA015/CommonAnim/Stand_02_loop.Stand_02_loop",
    "Icon": "/Game/Aki/UI/UIResources/Common/Image/IconMonHeadA/T_IconMonHeadA_014_UI.T_IconMonHeadA_014_UI",
    "TypeDescrtption": "AnimalHandBook_10_TypeDescrtption",
    "Place": "AnimalHandBook_10_Place",
    "Descrtption": "AnimalHandBook_10_Descrtption",
    "DropItemId": {
      "PKa": [],
      "length": 0
    }
  },
  {
    "Id": 11,
    "MeshId": 390201,
    "Name": "AnimalHandBook_11_Name",
    "Scale": [
      2,
      2,
      2
    ],
    "Position": [
      40,
      0,
      0
    ],
    "Rotator": [
      0,
      0,
      20
    ],
    "StandAnim": "/Game/Aki/Character/NPC/Animal/NA015/CommonAnim/Stand_02_loop.Stand_02_loop",
    "Icon": "/Game/Aki/UI/UIResources/Common/Image/IconMonHeadA/T_IconMonHeadA_015_UI.T_IconMonHeadA_015_UI",
    "TypeDescrtption": "AnimalHandBook_11_TypeDescrtption",
    "Place": "AnimalHandBook_11_Place",
    "Descrtption": "AnimalHandBook_11_Descrtption",
    "DropItemId": {
      "PKa": [],
      "length": 0
    }
  },
  {
    "Id": 12,
    "MeshId": 390055,
    "Name": "AnimalHandBook_12_Name",
    "Scale": [
      2.5,
      2.5,
      2.5
    ],
    "Position": [
      40,
      0,
      0
    ],
    "Rotator": [
      0,
      0,
      20
    ],
    "StandAnim": "/Game/Aki/Character/NPC/Animal/NA006/CommonAnim/Stand_01.Stand_01",
    "Icon": "/Game/Aki/UI/UIResources/Common/Image/IconMonHeadA/T_IconMonHeadA_004_UI.T_IconMonHeadA_004_UI",
    "TypeDescrtption": "AnimalHandBook_12_TypeDescrtption",
    "Place": "AnimalHandBook_12_Place",
    "Descrtption": "AnimalHandBook_12_Descrtption",
    "DropItemId": [
      42400030
    ]
  },
  {
    "Id": 13,
    "MeshId": 390062,
    "Name": "AnimalHandBook_13_Name",
    "Scale": [
      1.5,
      1.5,
      1.5
    ],
    "Position": [
      40,
      0,
      0
    ],
    "Rotator": [
      0,
      0,
      20
    ],
    "StandAnim": "/Game/Aki/Character/NPC/Animal/NA017/CommonAnim/Stand_01.Stand_01",
    "Icon": "/Game/Aki/UI/UIResources/Common/Image/IconMonHeadA/T_IconMonHeadA_016_UI.T_IconMonHeadA_016_UI",
    "TypeDescrtption": "AnimalHandBook_13_TypeDescrtption",
    "Place": "AnimalHandBook_13_Place",
    "Descrtption": "AnimalHandBook_13_Descrtption",
    "DropItemId": [
      42400030
    ]
  },
  {
    "Id": 14,
    "MeshId": 390058,
    "Name": "AnimalHandBook_14_Name",
    "Scale": [
      1.2999999523162842,
      1.2999999523162842,
      1.2999999523162842
    ],
    "Position": [
      50,
      0,
      0
    ],
    "Rotator": [
      0,
      0,
      20
    ],
    "StandAnim": "/Game/Aki/Character/NPC/Animal/NA018/CommonAnim/Stand_01.Stand_01",
    "Icon": "/Game/Aki/UI/UIResources/Common/Image/IconMonHeadA/T_IconMonHeadA_017_UI.T_IconMonHeadA_017_UI",
    "TypeDescrtption": "AnimalHandBook_14_TypeDescrtption",
    "Place": "AnimalHandBook_14_Place",
    "Descrtption": "AnimalHandBook_14_Descrtption",
    "DropItemId": [
      42400030
    ]
  },
  {
    "Id": 15,
    "MeshId": 390214,
    "Name": "AnimalHandBook_15_Name",
    "Scale": [
      1.2999999523162842,
      1.2999999523162842,
      1.2999999523162842
    ],
    "Position": [
      50,
      0,
      0
    ],
    "Rotator": [
      0,
      0,
      20
    ],
    "StandAnim": "/Game/Aki/Character/NPC/Animal/NA018/CommonAnim/Stand_01.Stand_01",
    "Icon": "/Game/Aki/UI/UIResources/Common/Image/IconMonHeadA/T_IconMonHeadA_018_UI.T_IconMonHeadA_018_UI",
    "TypeDescrtption": "AnimalHandBook_15_TypeDescrtption",
    "Place": "AnimalHandBook_15_Place",
    "Descrtption": "AnimalHandBook_15_Descrtption",
    "DropItemId": [
      42400030
    ]
  },
  {
    "Id": 16,
    "MeshId": 390053,
    "Name": "AnimalHandBook_16_Name",
    "Scale": [
      3,
      3,
      3
    ],
    "Position": [
      40,
      0,
      0
    ],
    "Rotator": [
      0,
      0,
      30
    ],
    "StandAnim": "/Game/Aki/Character/NPC/Animal/NA004/CommonAnim/Walk_01.Walk_01",
    "Icon": "/Game/Aki/UI/UIResources/Common/Image/IconMonHeadA/T_IconMonHeadA_001_UI.T_IconMonHeadA_001_UI",
    "TypeDescrtption": "AnimalHandBook_16_TypeDescrtption",
    "Place": "AnimalHandBook_16_Place",
    "Descrtption": "AnimalHandBook_16_Descrtption",
    "DropItemId": [
      42400120
    ]
  },
  {
    "Id": 21,
    "MeshId": 390063,
    "Name": "AnimalHandBook_21_Name",
    "Scale": [
      2,
      2,
      2
    ],
    "Position": [
      40,
      0,
      0
    ],
    "Rotator": [
      0,
      0,
      30
    ],
    "StandAnim": "/Game/Aki/Character/NPC/Animal/NA023/CommonAnim/Stand_01.Stand_01",
    "Icon": "/Game/Aki/UI/UIResources/Common/Image/IconMonHeadA/T_IconMonHeadA_020_UI.T_IconMonHeadA_020_UI",
    "TypeDescrtption": "AnimalHandBook_21_TypeDescrtption",
    "Place": "AnimalHandBook_21_Place",
    "Descrtption": "AnimalHandBook_21_Descrtption",
    "DropItemId": [
      42400130
    ]
  },
  {
    "Id": 22,
    "MeshId": 390064,
    "Name": "AnimalHandBook_22_Name",
    "Scale": [
      2,
      2,
      2
    ],
    "Position": [
      40,
      0,
      0
    ],
    "Rotator": [
      0,
      0,
      30
    ],
    "StandAnim": "/Game/Aki/Character/NPC/Animal/NA023/CommonAnim/Stand_01.Stand_01",
    "Icon": "/Game/Aki/UI/UIResources/Common/Image/IconMonHeadA/T_IconMonHeadA_021_UI.T_IconMonHeadA_021_UI",
    "TypeDescrtption": "AnimalHandBook_22_TypeDescrtption",
    "Place": "AnimalHandBook_22_Place",
    "Descrtption": "AnimalHandBook_22_Descrtption",
    "DropItemId": [
      42400140
    ]
  },
  {
    "Id": 23,
    "MeshId": 390065,
    "Name": "AnimalHandBook_23_Name",
    "Scale": [
      2,
      2,
      2
    ],
    "Position": [
      40,
      0,
      0
    ],
    "Rotator": [
      0,
      0,
      30
    ],
    "StandAnim": "/Game/Aki/Character/NPC/Animal/NA023/CommonAnim/Stand_01.Stand_01",
    "Icon": "/Game/Aki/UI/UIResources/Common/Image/IconMonHeadA/T_IconMonHeadA_022_UI.T_IconMonHeadA_022_UI",
    "TypeDescrtption": "AnimalHandBook_23_TypeDescrtption",
    "Place": "AnimalHandBook_23_Place",
    "Descrtption": "AnimalHandBook_23_Descrtption",
    "DropItemId": [
      42400150
    ]
  },
  {
    "Id": 24,
    "MeshId": 390066,
    "Name": "AnimalHandBook_24_Name",
    "Scale": [
      2.5,
      2.5,
      2.5
    ],
    "Position": [
      40,
      0,
      0
    ],
    "Rotator": [
      0,
      0,
      30
    ],
    "StandAnim": "/Game/Aki/Character/NPC/Animal/NA026/CommonAnim/Stand_01.Stand_01",
    "Icon": "/Game/Aki/UI/UIResources/Common/Image/IconMonHeadA/T_IconMonHeadA_023_UI.T_IconMonHeadA_023_UI",
    "TypeDescrtption": "AnimalHandBook_24_TypeDescrtption",
    "Place": "AnimalHandBook_24_Place",
    "Descrtption": "AnimalHandBook_24_Descrtption",
    "DropItemId": [
      42400160
    ]
  },
  {
    "Id": 25,
    "MeshId": 390210,
    "Name": "AnimalHandBook_25_Name",
    "Scale": [
      2.5,
      2.5,
      2.5
    ],
    "Position": [
      40,
      0,
      0
    ],
    "Rotator": [
      0,
      0,
      30
    ],
    "StandAnim": "/Game/Aki/Character/NPC/Animal/NA026/CommonAnim/Stand_01.Stand_01",
    "Icon": "/Game/Aki/UI/UIResources/Common/Image/IconMonHeadA/T_IconMonHeadA_024_UI.T_IconMonHeadA_024_UI",
    "TypeDescrtption": "AnimalHandBook_25_TypeDescrtption",
    "Place": "AnimalHandBook_25_Place",
    "Descrtption": "AnimalHandBook_25_Descrtption",
    "DropItemId": [
      42400170
    ]
  }
]