[
  {
    "Id": 1,
    "TypeDescription": "ChipType_1_TypeDescription",
    "Icon": "/Game/Aki/UI/UIResources/Common/Image/IconTask/T_IconTask_Level_003_1_UI.T_IconTask_Level_003_1_UI"
  },
  {
    "Id": 3,
    "TypeDescription": "ChipType_3_TypeDescription",
    "Icon": "/Game/Aki/UI/UIResources/Common/Image/IconTask/T_IconTask_Level_003_1_UI.T_IconTask_Level_003_1_UI"
  },
  {
    "Id": 4,
    "TypeDescription": "ChipType_4_TypeDescription",
    "Icon": "/Game/Aki/UI/UIResources/Common/Image/IconTask/T_IconTask_Level_003_1_UI.T_IconTask_Level_003_1_UI"
  },
  {
    "Id": 5,
    "TypeDescription": "InfoDisplay_102801008_Title",
    "Icon": "/Game/Aki/UI/UIResources/Common/Image/IconA/T_IconA_pad_UI.T_IconA_pad_UI"
  },
  {
    "Id": 6,
    "TypeDescription": "InfoDisplay_102801009_Title",
    "Icon": "/Game/Aki/UI/UIResources/Common/Image/IconTask/T_IconTask_Level_003_1_UI.T_IconTask_Level_003_1_UI"
  },
  {
    "Id": 7,
    "TypeDescription": "InfoDisplay_102801010_Title",
    "Icon": "/Game/Aki/UI/UIResources/Common/Image/IconTask/T_IconTask_Level_003_1_UI.T_IconTask_Level_003_1_UI"
  },
  {
    "Id": 8,
    "TypeDescription": "InfoDisplay_102801011_Title",
    "Icon": "/Game/Aki/UI/UIResources/Common/Image/IconTask/T_IconTask_Level_003_1_UI.T_IconTask_Level_003_1_UI"
  },
  {
    "Id": 9,
    "TypeDescription": "InfoDisplay_102801012_Title",
    "Icon": "/Game/Aki/UI/UIResources/Common/Image/IconA/T_IconA_pad_UI.T_IconA_pad_UI"
  },
  {
    "Id": 10,
    "TypeDescription": "InfoDisplay_102801013_Title",
    "Icon": "/Game/Aki/UI/UIResources/Common/Image/IconTask/T_IconTask_Level_003_1_UI.T_IconTask_Level_003_1_UI"
  },
  {
    "Id": 11,
    "TypeDescription": "InfoDisplay_102801014_Title",
    "Icon": "/Game/Aki/UI/UIResources/Common/Image/IconA/T_IconA_pad_UI.T_IconA_pad_UI"
  },
  {
    "Id": 12,
    "TypeDescription": "InfoDisplay_102801015_Title",
    "Icon": "/Game/Aki/UI/UIResources/Common/Image/IconA/T_IconA_pad_UI.T_IconA_pad_UI"
  },
  {
    "Id": 2002,
    "TypeDescription": "InfoDisplay_11040116_Title",
    "Icon": "/Game/Aki/UI/UIResources/Common/Image/IconA/T_IconA_pad_UI.T_IconA_pad_UI"
  },
  {
    "Id": 2003,
    "TypeDescription": "InfoDisplay_310000001_Title",
    "Icon": "/Game/Aki/UI/UIResources/Common/Image/IconA/T_IconA_pad_UI.T_IconA_pad_UI"
  },
  {
    "Id": 2004,
    "TypeDescription": "InfoDisplay_11020101_Title",
    "Icon": "/Game/Aki/UI/UIResources/Common/Image/IconA/T_IconA_pad_UI.T_IconA_pad_UI"
  },
  {
    "Id": 2005,
    "TypeDescription": "InfoDisplay_102801001_Title",
    "Icon": "/Game/Aki/UI/UIResources/Common/Image/IconA/T_IconA_pad_UI.T_IconA_pad_UI"
  },
  {
    "Id": 2010,
    "TypeDescription": "InfoDisplay_102011901_Title",
    "Icon": "/Game/Aki/UI/UIResources/Common/Image/IconA/T_IconA_pad_UI.T_IconA_pad_UI"
  },
  {
    "Id": 2011,
    "TypeDescription": "InfoDisplay_11100001_Title",
    "Icon": "/Game/Aki/UI/UIResources/Common/Image/IconA/T_IconA_pad_UI.T_IconA_pad_UI"
  },
  {
    "Id": 2012,
    "TypeDescription": "InfoDisplay_31000010_Title",
    "Icon": "/Game/Aki/UI/UIResources/Common/Image/IconA/T_IconA_pad_UI.T_IconA_pad_UI"
  },
  {
    "Id": 2017,
    "TypeDescription": "InfoDisplay_102142001_Title",
    "Icon": "/Game/Aki/UI/UIResources/Common/Image/IconA/T_IconA_pad_UI.T_IconA_pad_UI"
  },
  {
    "Id": 2018,
    "TypeDescription": "InfoDisplay_310000281_Title",
    "Icon": "/Game/Aki/UI/UIResources/Common/Image/IconA/T_IconA_pad_UI.T_IconA_pad_UI"
  },
  {
    "Id": 2019,
    "TypeDescription": "InfoDisplay_310000291_Title",
    "Icon": "/Game/Aki/UI/UIResources/Common/Image/IconA/T_IconA_pad_UI.T_IconA_pad_UI"
  },
  {
    "Id": 2020,
    "TypeDescription": "InfoDisplay_310000301_Title",
    "Icon": "/Game/Aki/UI/UIResources/Common/Image/IconA/T_IconA_pad_UI.T_IconA_pad_UI"
  },
  {
    "Id": 2021,
    "TypeDescription": "InfoDisplay_310000311_Title",
    "Icon": "/Game/Aki/UI/UIResources/Common/Image/IconA/T_IconA_pad_UI.T_IconA_pad_UI"
  },
  {
    "Id": 2023,
    "TypeDescription": "InfoDisplay_31000032_Title",
    "Icon": "/Game/Aki/UI/UIResources/Common/Image/IconA/T_IconA_pad_UI.T_IconA_pad_UI"
  },
  {
    "Id": 2024,
    "TypeDescription": "InfoDisplay_31000033_Title",
    "Icon": "/Game/Aki/UI/UIResources/Common/Image/IconA/T_IconA_pad_UI.T_IconA_pad_UI"
  },
  {
    "Id": 2025,
    "TypeDescription": "InfoDisplay_31000034_Title",
    "Icon": "/Game/Aki/UI/UIResources/Common/Image/IconA/T_IconA_pad_UI.T_IconA_pad_UI"
  },
  {
    "Id": 5018,
    "TypeDescription": "InfoDisplay_11040103_Title",
    "Icon": "/Game/Aki/UI/UIResources/Common/Image/IconA/T_IconA_pad_UI.T_IconA_pad_UI"
  },
  {
    "Id": 5021,
    "TypeDescription": "InfoDisplay_11040106_Title",
    "Icon": "/Game/Aki/UI/UIResources/Common/Image/IconA/T_IconA_pad_UI.T_IconA_pad_UI"
  },
  {
    "Id": 5022,
    "TypeDescription": "InfoDisplay_11040107_Title",
    "Icon": "/Game/Aki/UI/UIResources/Common/Image/IconA/T_IconA_pad_UI.T_IconA_pad_UI"
  },
  {
    "Id": 5024,
    "TypeDescription": "InfoDisplay_11040110_Title",
    "Icon": "/Game/Aki/UI/UIResources/Common/Image/IconA/T_IconA_pad_UI.T_IconA_pad_UI"
  },
  {
    "Id": 5025,
    "TypeDescription": "InfoDisplay_11040111_Title",
    "Icon": "/Game/Aki/UI/UIResources/Common/Image/IconA/T_IconA_pad_UI.T_IconA_pad_UI"
  },
  {
    "Id": 5030,
    "TypeDescription": "InfoDisplay_11040120_Title",
    "Icon": "/Game/Aki/UI/UIResources/Common/Image/IconA/T_IconA_pad_UI.T_IconA_pad_UI"
  },
  {
    "Id": 5031,
    "TypeDescription": "InfoDisplay_11040121_Title",
    "Icon": "/Game/Aki/UI/UIResources/Common/Image/IconA/T_IconA_pad_UI.T_IconA_pad_UI"
  },
  {
    "Id": 5036,
    "TypeDescription": "InfoDisplay_11040126_Title",
    "Icon": "/Game/Aki/UI/UIResources/Common/Image/IconA/T_IconA_pad_UI.T_IconA_pad_UI"
  },
  {
    "Id": 5037,
    "TypeDescription": "InfoDisplay_11040127_Title",
    "Icon": "/Game/Aki/UI/UIResources/Common/Image/IconA/T_IconA_pad_UI.T_IconA_pad_UI"
  },
  {
    "Id": 5038,
    "TypeDescription": "InfoDisplay_11040128_Title",
    "Icon": "/Game/Aki/UI/UIResources/Common/Image/IconA/T_IconA_pad_UI.T_IconA_pad_UI"
  },
  {
    "Id": 5040,
    "TypeDescription": "InfoDisplay_11040129_Title",
    "Icon": "/Game/Aki/UI/UIResources/Common/Image/IconA/T_IconA_pad_UI.T_IconA_pad_UI"
  },
  {
    "Id": 5041,
    "TypeDescription": "InfoDisplay_11040130_Title",
    "Icon": "/Game/Aki/UI/UIResources/Common/Image/IconA/T_IconA_pad_UI.T_IconA_pad_UI"
  },
  {
    "Id": 5042,
    "TypeDescription": "InfoDisplay_11040131_Title",
    "Icon": "/Game/Aki/UI/UIResources/Common/Image/IconA/T_IconA_pad_UI.T_IconA_pad_UI"
  },
  {
    "Id": 5043,
    "TypeDescription": "InfoDisplay_11040132_Title",
    "Icon": "/Game/Aki/UI/UIResources/Common/Image/IconA/T_IconA_pad_UI.T_IconA_pad_UI"
  },
  {
    "Id": 5044,
    "TypeDescription": "InfoDisplay_11040133_Title",
    "Icon": "/Game/Aki/UI/UIResources/Common/Image/IconA/T_IconA_pad_UI.T_IconA_pad_UI"
  },
  {
    "Id": 5045,
    "TypeDescription": "InfoDisplay_11040134_Title",
    "Icon": "/Game/Aki/UI/UIResources/Common/Image/IconA/T_IconA_pad_UI.T_IconA_pad_UI"
  },
  {
    "Id": 5046,
    "TypeDescription": "InfoDisplay_11040135_Title",
    "Icon": "/Game/Aki/UI/UIResources/Common/Image/IconA/T_IconA_pad_UI.T_IconA_pad_UI"
  },
  {
    "Id": 5047,
    "TypeDescription": "InfoDisplay_11040136_Title",
    "Icon": "/Game/Aki/UI/UIResources/Common/Image/IconA/T_IconA_pad_UI.T_IconA_pad_UI"
  },
  {
    "Id": 5048,
    "TypeDescription": "InfoDisplay_11040137_Title",
    "Icon": "/Game/Aki/UI/UIResources/Common/Image/IconA/T_IconA_pad_UI.T_IconA_pad_UI"
  },
  {
    "Id": 5049,
    "TypeDescription": "InfoDisplay_11040138_Title",
    "Icon": "/Game/Aki/UI/UIResources/Common/Image/IconA/T_IconA_pad_UI.T_IconA_pad_UI"
  },
  {
    "Id": 5050,
    "TypeDescription": "InfoDisplay_11040139_Title",
    "Icon": "/Game/Aki/UI/UIResources/Common/Image/IconA/T_IconA_pad_UI.T_IconA_pad_UI"
  },
  {
    "Id": 5051,
    "TypeDescription": "InfoDisplay_11040140_Title",
    "Icon": "/Game/Aki/UI/UIResources/Common/Image/IconA/T_IconA_pad_UI.T_IconA_pad_UI"
  },
  {
    "Id": 5052,
    "TypeDescription": "InfoDisplay_11040141_Title",
    "Icon": "/Game/Aki/UI/UIResources/Common/Image/IconA/T_IconA_pad_UI.T_IconA_pad_UI"
  },
  {
    "Id": 5053,
    "TypeDescription": "InfoDisplay_11040142_Title",
    "Icon": "/Game/Aki/UI/UIResources/Common/Image/IconA/T_IconA_pad_UI.T_IconA_pad_UI"
  },
  {
    "Id": 5054,
    "TypeDescription": "InfoDisplay_11040143_Title",
    "Icon": "/Game/Aki/UI/UIResources/Common/Image/IconA/T_IconA_pad_UI.T_IconA_pad_UI"
  },
  {
    "Id": 5055,
    "TypeDescription": "InfoDisplay_11040144_Title",
    "Icon": "/Game/Aki/UI/UIResources/Common/Image/IconA/T_IconA_pad_UI.T_IconA_pad_UI"
  },
  {
    "Id": 5056,
    "TypeDescription": "InfoDisplay_11040145_Title",
    "Icon": "/Game/Aki/UI/UIResources/Common/Image/IconA/T_IconA_pad_UI.T_IconA_pad_UI"
  },
  {
    "Id": 5057,
    "TypeDescription": "InfoDisplay_11040146_Title",
    "Icon": "/Game/Aki/UI/UIResources/Common/Image/IconA/T_IconA_pad_UI.T_IconA_pad_UI"
  },
  {
    "Id": 5059,
    "TypeDescription": "InfoDisplay_11040148_Title",
    "Icon": "/Game/Aki/UI/UIResources/Common/Image/IconA/T_IconA_pad_UI.T_IconA_pad_UI"
  },
  {
    "Id": 5060,
    "TypeDescription": "InfoDisplay_11040149_Title",
    "Icon": "/Game/Aki/UI/UIResources/Common/Image/IconA/T_IconA_pad_UI.T_IconA_pad_UI"
  },
  {
    "Id": 5061,
    "TypeDescription": "InfoDisplay_11040150_Title",
    "Icon": "/Game/Aki/UI/UIResources/Common/Image/IconA/T_IconA_pad_UI.T_IconA_pad_UI"
  },
  {
    "Id": 5062,
    "TypeDescription": "InfoDisplay_11040151_Title",
    "Icon": "/Game/Aki/UI/UIResources/Common/Image/IconA/T_IconA_pad_UI.T_IconA_pad_UI"
  },
  {
    "Id": 5063,
    "TypeDescription": "InfoDisplay_11040152_Title",
    "Icon": "/Game/Aki/UI/UIResources/Common/Image/IconA/T_IconA_pad_UI.T_IconA_pad_UI"
  },
  {
    "Id": 5064,
    "TypeDescription": "InfoDisplay_11040153_Title",
    "Icon": "/Game/Aki/UI/UIResources/Common/Image/IconA/T_IconA_pad_UI.T_IconA_pad_UI"
  },
  {
    "Id": 5065,
    "TypeDescription": "InfoDisplay_11040154_Title",
    "Icon": "/Game/Aki/UI/UIResources/Common/Image/IconA/T_IconA_pad_UI.T_IconA_pad_UI"
  },
  {
    "Id": 5066,
    "TypeDescription": "InfoDisplay_11040155_Title",
    "Icon": "/Game/Aki/UI/UIResources/Common/Image/IconA/T_IconA_pad_UI.T_IconA_pad_UI"
  },
  {
    "Id": 5067,
    "TypeDescription": "InfoDisplay_11040156_Title",
    "Icon": "/Game/Aki/UI/UIResources/Common/Image/IconA/T_IconA_pad_UI.T_IconA_pad_UI"
  },
  {
    "Id": 5068,
    "TypeDescription": "InfoDisplay_11040157_Title",
    "Icon": "/Game/Aki/UI/UIResources/Common/Image/IconA/T_IconA_pad_UI.T_IconA_pad_UI"
  },
  {
    "Id": 5069,
    "TypeDescription": "InfoDisplay_11040158_Title",
    "Icon": "/Game/Aki/UI/UIResources/Common/Image/IconA/T_IconA_pad_UI.T_IconA_pad_UI"
  },
  {
    "Id": 5070,
    "TypeDescription": "InfoDisplay_11040159_Title",
    "Icon": "/Game/Aki/UI/UIResources/Common/Image/IconA/T_IconA_pad_UI.T_IconA_pad_UI"
  },
  {
    "Id": 5071,
    "TypeDescription": "InfoDisplay_11040160_Title",
    "Icon": "/Game/Aki/UI/UIResources/Common/Image/IconA/T_IconA_pad_UI.T_IconA_pad_UI"
  },
  {
    "Id": 5072,
    "TypeDescription": "InfoDisplay_11040161_Title",
    "Icon": "/Game/Aki/UI/UIResources/Common/Image/IconA/T_IconA_pad_UI.T_IconA_pad_UI"
  },
  {
    "Id": 5073,
    "TypeDescription": "InfoDisplay_11040162_Title",
    "Icon": "/Game/Aki/UI/UIResources/Common/Image/IconA/T_IconA_pad_UI.T_IconA_pad_UI"
  },
  {
    "Id": 5074,
    "TypeDescription": "InfoDisplay_11040163_Title",
    "Icon": "/Game/Aki/UI/UIResources/Common/Image/IconA/T_IconA_pad_UI.T_IconA_pad_UI"
  },
  {
    "Id": 5075,
    "TypeDescription": "InfoDisplay_11040164_Title",
    "Icon": "/Game/Aki/UI/UIResources/Common/Image/IconA/T_IconA_pad_UI.T_IconA_pad_UI"
  },
  {
    "Id": 5076,
    "TypeDescription": "InfoDisplay_11040165_Title",
    "Icon": "/Game/Aki/UI/UIResources/Common/Image/IconA/T_IconA_pad_UI.T_IconA_pad_UI"
  },
  {
    "Id": 5077,
    "TypeDescription": "InfoDisplay_11040166_Title",
    "Icon": "/Game/Aki/UI/UIResources/Common/Image/IconA/T_IconA_pad_UI.T_IconA_pad_UI"
  },
  {
    "Id": 5078,
    "TypeDescription": "InfoDisplay_11040167_Title",
    "Icon": "/Game/Aki/UI/UIResources/Common/Image/IconA/T_IconA_pad_UI.T_IconA_pad_UI"
  },
  {
    "Id": 5079,
    "TypeDescription": "InfoDisplay_11040168_Title",
    "Icon": "/Game/Aki/UI/UIResources/Common/Image/IconA/T_IconA_pad_UI.T_IconA_pad_UI"
  },
  {
    "Id": 5080,
    "TypeDescription": "InfoDisplay_11040169_Title",
    "Icon": "/Game/Aki/UI/UIResources/Common/Image/IconA/T_IconA_pad_UI.T_IconA_pad_UI"
  },
  {
    "Id": 5081,
    "TypeDescription": "InfoDisplay_11040170_Title",
    "Icon": "/Game/Aki/UI/UIResources/Common/Image/IconA/T_IconA_pad_UI.T_IconA_pad_UI"
  },
  {
    "Id": 5082,
    "TypeDescription": "InfoDisplay_11040171_Title",
    "Icon": "/Game/Aki/UI/UIResources/Common/Image/IconA/T_IconA_pad_UI.T_IconA_pad_UI"
  },
  {
    "Id": 5084,
    "TypeDescription": "InfoDisplay_11040173_Title",
    "Icon": "/Game/Aki/UI/UIResources/Common/Image/IconA/T_IconA_pad_UI.T_IconA_pad_UI"
  },
  {
    "Id": 5085,
    "TypeDescription": "InfoDisplay_11040174_Title",
    "Icon": "/Game/Aki/UI/UIResources/Common/Image/IconA/T_IconA_pad_UI.T_IconA_pad_UI"
  },
  {
    "Id": 5086,
    "TypeDescription": "InfoDisplay_11040175_Title",
    "Icon": "/Game/Aki/UI/UIResources/Common/Image/IconA/T_IconA_pad_UI.T_IconA_pad_UI"
  },
  {
    "Id": 5087,
    "TypeDescription": "InfoDisplay_11040176_Title",
    "Icon": "/Game/Aki/UI/UIResources/Common/Image/IconA/T_IconA_pad_UI.T_IconA_pad_UI"
  },
  {
    "Id": 5089,
    "TypeDescription": "InfoDisplay_11040178_Title",
    "Icon": "/Game/Aki/UI/UIResources/Common/Image/IconA/T_IconA_pad_UI.T_IconA_pad_UI"
  },
  {
    "Id": 5090,
    "TypeDescription": "InfoDisplay_11040179_Title",
    "Icon": "/Game/Aki/UI/UIResources/Common/Image/IconA/T_IconA_pad_UI.T_IconA_pad_UI"
  },
  {
    "Id": 5094,
    "TypeDescription": "InfoDisplay_11040183_Title",
    "Icon": "/Game/Aki/UI/UIResources/Common/Image/IconA/T_IconA_pad_UI.T_IconA_pad_UI"
  },
  {
    "Id": 5095,
    "TypeDescription": "InfoDisplay_11040184_Title",
    "Icon": "/Game/Aki/UI/UIResources/Common/Image/IconA/T_IconA_pad_UI.T_IconA_pad_UI"
  },
  {
    "Id": 5096,
    "TypeDescription": "InfoDisplay_11040185_Title",
    "Icon": "/Game/Aki/UI/UIResources/Common/Image/IconA/T_IconA_pad_UI.T_IconA_pad_UI"
  },
  {
    "Id": 5102,
    "TypeDescription": "InfoDisplay_31000035_Title",
    "Icon": "/Game/Aki/UI/UIResources/Common/Image/IconA/T_IconA_pad_UI.T_IconA_pad_UI"
  },
  {
    "Id": 5103,
    "TypeDescription": "InfoDisplay_31000036_Title",
    "Icon": "/Game/Aki/UI/UIResources/Common/Image/IconA/T_IconA_pad_UI.T_IconA_pad_UI"
  },
  {
    "Id": 5104,
    "TypeDescription": "InfoDisplay_31000037_Title",
    "Icon": "/Game/Aki/UI/UIResources/Common/Image/IconA/T_IconA_pad_UI.T_IconA_pad_UI"
  },
  {
    "Id": 5105,
    "TypeDescription": "InfoDisplay_31000038_Title",
    "Icon": "/Game/Aki/UI/UIResources/Common/Image/IconA/T_IconA_pad_UI.T_IconA_pad_UI"
  },
  {
    "Id": 5106,
    "TypeDescription": "InfoDisplay_31000039_Title",
    "Icon": "/Game/Aki/UI/UIResources/Common/Image/IconA/T_IconA_pad_UI.T_IconA_pad_UI"
  },
  {
    "Id": 5107,
    "TypeDescription": "InfoDisplay_31000040_Title",
    "Icon": "/Game/Aki/UI/UIResources/Common/Image/IconA/T_IconA_pad_UI.T_IconA_pad_UI"
  },
  {
    "Id": 5108,
    "TypeDescription": "InfoDisplay_31000041_Title",
    "Icon": "/Game/Aki/UI/UIResources/Common/Image/IconA/T_IconA_pad_UI.T_IconA_pad_UI"
  },
  {
    "Id": 5150,
    "TypeDescription": "InfoDisplay_11060306_Title",
    "Icon": "/Game/Aki/UI/UIResources/Common/Image/IconA/T_IconA_pad_UI.T_IconA_pad_UI"
  },
  {
    "Id": 5151,
    "TypeDescription": "InfoDisplay_11060307_Title",
    "Icon": "/Game/Aki/UI/UIResources/Common/Image/IconA/T_IconA_pad_UI.T_IconA_pad_UI"
  },
  {
    "Id": 5159,
    "TypeDescription": "InfoDisplay_11050105_Title",
    "Icon": "/Game/Aki/UI/UIResources/Common/Image/IconA/T_IconA_pad_UI.T_IconA_pad_UI"
  },
  {
    "Id": 5191,
    "TypeDescription": "InfoDisplay_102801006_Title",
    "Icon": "/Game/Aki/UI/UIResources/Common/Image/IconA/T_IconA_pad_UI.T_IconA_pad_UI"
  },
  {
    "Id": 5213,
    "TypeDescription": "InfoDisplay_104122501_Title",
    "Icon": "/Game/Aki/UI/UIResources/Common/Image/IconA/T_IconA_pad_UI.T_IconA_pad_UI"
  },
  {
    "Id": 5217,
    "TypeDescription": "InfoDisplay_11090101_Title",
    "Icon": "/Game/Aki/UI/UIResources/Common/Image/IconA/T_IconA_pad_UI.T_IconA_pad_UI"
  },
  {
    "Id": 5220,
    "TypeDescription": "InfoDisplay_11090104_Title",
    "Icon": "/Game/Aki/UI/UIResources/Common/Image/IconA/T_IconA_pad_UI.T_IconA_pad_UI"
  },
  {
    "Id": 5239,
    "TypeDescription": "InfoDisplay_11040119_Title",
    "Icon": "/Game/Aki/UI/UIResources/Common/Image/IconA/T_IconA_pad_UI.T_IconA_pad_UI"
  },
  {
    "Id": 5246,
    "TypeDescription": "InfoDisplay_31000022_Title",
    "Icon": "/Game/Aki/UI/UIResources/Common/Image/IconA/T_IconA_pad_UI.T_IconA_pad_UI"
  },
  {
    "Id": 5259,
    "TypeDescription": "InfoDisplay_101400001_Title",
    "Icon": "/Game/Aki/UI/UIResources/Common/Image/IconA/T_IconA_pad_UI.T_IconA_pad_UI"
  },
  {
    "Id": 5260,
    "TypeDescription": "InfoDisplay_101400002_Title",
    "Icon": "/Game/Aki/UI/UIResources/Common/Image/IconA/T_IconA_pad_UI.T_IconA_pad_UI"
  },
  {
    "Id": 5261,
    "TypeDescription": "InfoDisplay_101400003_Title",
    "Icon": "/Game/Aki/UI/UIResources/Common/Image/IconA/T_IconA_pad_UI.T_IconA_pad_UI"
  },
  {
    "Id": 5262,
    "TypeDescription": "InfoDisplay_101400004_Title",
    "Icon": "/Game/Aki/UI/UIResources/Common/Image/IconA/T_IconA_pad_UI.T_IconA_pad_UI"
  },
  {
    "Id": 5263,
    "TypeDescription": "InfoDisplay_101400005_Title",
    "Icon": "/Game/Aki/UI/UIResources/Common/Image/IconA/T_IconA_pad_UI.T_IconA_pad_UI"
  },
  {
    "Id": 5272,
    "TypeDescription": "InfoDisplay_31000031_Title",
    "Icon": "/Game/Aki/UI/UIResources/Common/Image/IconA/T_IconA_pad_UI.T_IconA_pad_UI"
  },
  {
    "Id": 5276,
    "TypeDescription": "InfoDisplay_10900003_Title",
    "Icon": "/Game/Aki/UI/UIResources/Common/Image/IconA/T_IconA_pad_UI.T_IconA_pad_UI"
  },
  {
    "Id": 5277,
    "TypeDescription": "InfoDisplay_10900004_Title",
    "Icon": "/Game/Aki/UI/UIResources/Common/Image/IconA/T_IconA_pad_UI.T_IconA_pad_UI"
  },
  {
    "Id": 5278,
    "TypeDescription": "InfoDisplay_10900005_Title",
    "Icon": "/Game/Aki/UI/UIResources/Common/Image/IconA/T_IconA_pad_UI.T_IconA_pad_UI"
  },
  {
    "Id": 5279,
    "TypeDescription": "InfoDisplay_10900006_Title",
    "Icon": "/Game/Aki/UI/UIResources/Common/Image/IconA/T_IconA_pad_UI.T_IconA_pad_UI"
  }
]