[
  {
    "Id": 2,
    "Type": 1,
    "Name": "GeographyHandBook_2_Name",
    "Texture": "/Game/Aki/UI/UIResources/Common/Image/Archive/T_ArchiveGeography_02_UI.T_ArchiveGeography_02_UI",
    "TypeDescrtption": "GeographyHandBook2_TypeDescrtption",
    "Descrtption": "GeographyHandBook2_Descrtption"
  },
  {
    "Id": 3,
    "Type": 1,
    "Name": "GeographyHandBook_3_Name",
    "Texture": "/Game/Aki/UI/UIResources/Common/Image/Archive/T_ArchiveGeography_03_UI.T_ArchiveGeography_03_UI",
    "TypeDescrtption": "GeographyHandBook3_TypeDescrtption",
    "Descrtption": "GeographyHandBook3_Descrtption"
  },
  {
    "Id": 4,
    "Type": 1,
    "Name": "GeographyHandBook_4_Name",
    "Texture": "/Game/Aki/UI/UIResources/Common/Image/Archive/T_ArchiveGeography_04_UI.T_ArchiveGeography_04_UI",
    "TypeDescrtption": "GeographyHandBook4_TypeDescrtption",
    "Descrtption": "GeographyHandBook4_Descrtption"
  },
  {
    "Id": 5,
    "Type": 1,
    "Name": "GeographyHandBook_5_Name",
    "Texture": "/Game/Aki/UI/UIResources/Common/Image/Archive/T_ArchiveGeography_05_UI.T_ArchiveGeography_05_UI",
    "TypeDescrtption": "GeographyHandBook5_TypeDescrtption",
    "Descrtption": "GeographyHandBook5_Descrtption"
  },
  {
    "Id": 6,
    "Type": 1,
    "Name": "GeographyHandBook_6_Name",
    "Texture": "/Game/Aki/UI/UIResources/Common/Image/Archive/T_ArchiveGeography_06_UI.T_ArchiveGeography_06_UI",
    "TypeDescrtption": "GeographyHandBook6_TypeDescrtption",
    "Descrtption": "GeographyHandBook6_Descrtption"
  },
  {
    "Id": 7,
    "Type": 1,
    "Name": "GeographyHandBook_7_Name",
    "Texture": "/Game/Aki/UI/UIResources/Common/Image/Archive/T_ArchiveGeography_07_UI.T_ArchiveGeography_07_UI",
    "TypeDescrtption": "GeographyHandBook7_TypeDescrtption",
    "Descrtption": "GeographyHandBook7_Descrtption"
  },
  {
    "Id": 8,
    "Type": 1,
    "Name": "GeographyHandBook_8_Name",
    "Texture": "/Game/Aki/UI/UIResources/Common/Image/Archive/T_ArchiveGeography_08_UI.T_ArchiveGeography_08_UI",
    "TypeDescrtption": "GeographyHandBook8_TypeDescrtption",
    "Descrtption": "GeographyHandBook8_Descrtption"
  },
  {
    "Id": 9,
    "Type": 1,
    "Name": "GeographyHandBook_9_Name",
    "Texture": "/Game/Aki/UI/UIResources/Common/Image/Archive/T_ArchiveGeography_09_UI.T_ArchiveGeography_09_UI",
    "TypeDescrtption": "GeographyHandBook9_TypeDescrtption",
    "Descrtption": "GeographyHandBook9_Descrtption"
  },
  {
    "Id": 10,
    "Type": 1,
    "Name": "GeographyHandBook_10_Name",
    "Texture": "/Game/Aki/UI/UIResources/Common/Image/Archive/T_ArchiveGeography_10_UI.T_ArchiveGeography_10_UI",
    "TypeDescrtption": "GeographyHandBook10_TypeDescrtption",
    "Descrtption": "GeographyHandBook10_Descrtption"
  },
  {
    "Id": 11,
    "Type": 1,
    "Name": "GeographyHandBook_11_Name",
    "Texture": "/Game/Aki/UI/UIResources/Common/Image/Archive/T_ArchiveGeography_11_UI.T_ArchiveGeography_11_UI",
    "TypeDescrtption": "GeographyHandBook11_TypeDescrtption",
    "Descrtption": "GeographyHandBook11_Descrtption"
  },
  {
    "Id": 12,
    "Type": 1,
    "Name": "GeographyHandBook_12_Name",
    "Texture": "/Game/Aki/UI/UIResources/Common/Image/Archive/T_ArchiveGeography_12_UI.T_ArchiveGeography_12_UI",
    "TypeDescrtption": "GeographyHandBook12_TypeDescrtption",
    "Descrtption": "GeographyHandBook12_Descrtption"
  },
  {
    "Id": 14,
    "Type": 1,
    "Name": "GeographyHandBook_14_Name",
    "Texture": "/Game/Aki/UI/UIResources/Common/Image/Archive/T_ArchiveGeography_14_UI.T_ArchiveGeography_14_UI",
    "TypeDescrtption": "GeographyHandBook14_TypeDescrtption",
    "Descrtption": "GeographyHandBook14_Descrtption"
  },
  {
    "Id": 1,
    "Type": 1,
    "Name": "GeographyHandBook_1_Name",
    "Texture": "/Game/Aki/UI/UIResources/Common/Image/Archive/T_ArchiveGeography_24_UI.T_ArchiveGeography_24_UI",
    "TypeDescrtption": "GeographyHandBook1_TypeDescrtption",
    "Descrtption": "GeographyHandBook1_Descrtption"
  },
  {
    "Id": 13,
    "Type": 1,
    "Name": "GeographyHandBook_13_Name",
    "Texture": "/Game/Aki/UI/UIResources/Common/Image/Archive/T_ArchiveGeography_13_UI.T_ArchiveGeography_13_UI",
    "TypeDescrtption": "GeographyHandBook13_TypeDescrtption",
    "Descrtption": "GeographyHandBook13_Descrtption"
  }
]