[
  {
    "Id": 1,
    "Name": "HandBookQuestTab_1_Title",
    "Icon": "/Game/Aki/UI/UIResources/Common/Atlas/TabIcon/SP_IconArchiveQuest.SP_IconArchiveQuest",
    "Type": 9
  },
  {
    "Id": 2,
    "Name": "HandBookQuestTab_2_Title",
    "Icon": "/Game/Aki/UI/UIResources/Common/Atlas/TabIcon/SP_IconArchiveRole.SP_IconArchiveRole",
    "Type": 8
  },
  {
    "Id": 3,
    "Name": "HandBookQuestTab_3_Title",
    "Icon": "/Game/Aki/UI/UIResources/Common/Atlas/TabIcon/SP_IconArchivePhoto.SP_IconArchivePhoto",
    "Type": 7
  }
]