[
  {
    "Id": 42300010,
    "Type": 1,
    "Title": "ItemHandBook_42300010_Title"
  },
  {
    "Id": 42300020,
    "Type": 1,
    "Title": "ItemHandBook_42300020_Title"
  },
  {
    "Id": 42300030,
    "Type": 1,
    "Title": "ItemHandBook_42300030_Title"
  },
  {
    "Id": 42300040,
    "Type": 1,
    "Title": "ItemHandBook_42300040_Title"
  },
  {
    "Id": 42300050,
    "Type": 1,
    "Title": "ItemHandBook_42300050_Title"
  },
  {
    "Id": 42300060,
    "Type": 1,
    "Title": "ItemHandBook_42300060_Title"
  },
  {
    "Id": 42300070,
    "Type": 1,
    "Title": "ItemHandBook_42300070_Title"
  },
  {
    "Id": 42300080,
    "Type": 1,
    "Title": "ItemHandBook_42300080_Title"
  },
  {
    "Id": 42300090,
    "Type": 1,
    "Title": "ItemHandBook_42300090_Title"
  },
  {
    "Id": 42300100,
    "Type": 1,
    "Title": "ItemHandBook_42300100_Title"
  },
  {
    "Id": 42300110,
    "Type": 1,
    "Title": "ItemHandBook_42300110_Title"
  },
  {
    "Id": 42300120,
    "Type": 1,
    "Title": "ItemHandBook_42300120_Title"
  },
  {
    "Id": 42310010,
    "Type": 1,
    "Title": "ItemHandBook_42310010_Title"
  },
  {
    "Id": 42310020,
    "Type": 1,
    "Title": "ItemHandBook_42310020_Title"
  },
  {
    "Id": 42310030,
    "Type": 1,
    "Title": "ItemHandBook_42310030_Title"
  },
  {
    "Id": 42310040,
    "Type": 1,
    "Title": "ItemHandBook_42310040_Title"
  },
  {
    "Id": 42310050,
    "Type": 1,
    "Title": "ItemHandBook_42310050_Title"
  },
  {
    "Id": 42310060,
    "Type": 1,
    "Title": "ItemHandBook_42310060_Title"
  },
  {
    "Id": 42310070,
    "Type": 1,
    "Title": "ItemHandBook_42310070_Title"
  },
  {
    "Id": 42310080,
    "Type": 1,
    "Title": "ItemHandBook_42310080_Title"
  },
  {
    "Id": 42310090,
    "Type": 1,
    "Title": "ItemHandBook_42310090_Title"
  },
  {
    "Id": 42310100,
    "Type": 1,
    "Title": "ItemHandBook_42310100_Title"
  },
  {
    "Id": 42310110,
    "Type": 1,
    "Title": "ItemHandBook_42310110_Title"
  },
  {
    "Id": 42310120,
    "Type": 1,
    "Title": "ItemHandBook_42310120_Title"
  },
  {
    "Id": 42310130,
    "Type": 1,
    "Title": "ItemHandBook_42310130_Title"
  },
  {
    "Id": 42310140,
    "Type": 1,
    "Title": "ItemHandBook_42310140_Title"
  },
  {
    "Id": 42310150,
    "Type": 1,
    "Title": "ItemHandBook_42310150_Title"
  },
  {
    "Id": 42310160,
    "Type": 1,
    "Title": "ItemHandBook_42310160_Title"
  },
  {
    "Id": 42310170,
    "Type": 1,
    "Title": "ItemHandBook_42310170_Title"
  },
  {
    "Id": 42310180,
    "Type": 1,
    "Title": "ItemHandBook_42310180_Title"
  },
  {
    "Id": 42310190,
    "Type": 1,
    "Title": "ItemHandBook_42310190_Title"
  },
  {
    "Id": 42400010,
    "Type": 1,
    "Title": "ItemHandBook_42400010_Title"
  },
  {
    "Id": 42400020,
    "Type": 1,
    "Title": "ItemHandBook_42400020_Title"
  },
  {
    "Id": 42400030,
    "Type": 1,
    "Title": "ItemHandBook_42400030_Title"
  },
  {
    "Id": 42400070,
    "Type": 1,
    "Title": "ItemHandBook_42400070_Title"
  },
  {
    "Id": 42400080,
    "Type": 1,
    "Title": "ItemHandBook_42400080_Title"
  },
  {
    "Id": 42400090,
    "Type": 1,
    "Title": "ItemHandBook_42400090_Title"
  },
  {
    "Id": 42400100,
    "Type": 1,
    "Title": "ItemHandBook_42400100_Title"
  },
  {
    "Id": 42400110,
    "Type": 1,
    "Title": "ItemHandBook_42400110_Title"
  },
  {
    "Id": 42400120,
    "Type": 1,
    "Title": "ItemHandBook_42400120_Title"
  },
  {
    "Id": 42400130,
    "Type": 1,
    "Title": "ItemHandBook_42400130_Title"
  },
  {
    "Id": 42400140,
    "Type": 1,
    "Title": "ItemHandBook_42400140_Title"
  },
  {
    "Id": 42400150,
    "Type": 1,
    "Title": "ItemHandBook_42400150_Title"
  },
  {
    "Id": 42400160,
    "Type": 1,
    "Title": "ItemHandBook_42400160_Title"
  },
  {
    "Id": 42400170,
    "Type": 1,
    "Title": "ItemHandBook_42400170_Title"
  },
  {
    "Id": 42500010,
    "Type": 1,
    "Title": "ItemHandBook_42500010_Title"
  },
  {
    "Id": 42500020,
    "Type": 1,
    "Title": "ItemHandBook_42500020_Title"
  },
  {
    "Id": 42500030,
    "Type": 1,
    "Title": "ItemHandBook_42500030_Title"
  },
  {
    "Id": 42500040,
    "Type": 1,
    "Title": "ItemHandBook_42500040_Title"
  },
  {
    "Id": 42600010,
    "Type": 1,
    "Title": "ItemHandBook_42600010_Title"
  },
  {
    "Id": 80000000,
    "Type": 2,
    "Title": "ItemHandBook_80000000_Title"
  },
  {
    "Id": 80000001,
    "Type": 2,
    "Title": "ItemHandBook_80000001_Title"
  },
  {
    "Id": 80000002,
    "Type": 2,
    "Title": "ItemHandBook_80000002_Title"
  },
  {
    "Id": 80000003,
    "Type": 2,
    "Title": "ItemHandBook_80000003_Title"
  },
  {
    "Id": 80000004,
    "Type": 2,
    "Title": "ItemHandBook_80000004_Title"
  },
  {
    "Id": 80000005,
    "Type": 2,
    "Title": "ItemHandBook_80000005_Title"
  },
  {
    "Id": 80000006,
    "Type": 2,
    "Title": "ItemHandBook_80000006_Title"
  },
  {
    "Id": 80000007,
    "Type": 2,
    "Title": "ItemHandBook_80000007_Title"
  },
  {
    "Id": 80000008,
    "Type": 2,
    "Title": "ItemHandBook_80000008_Title"
  },
  {
    "Id": 80000009,
    "Type": 2,
    "Title": "ItemHandBook_80000009_Title"
  },
  {
    "Id": 80000010,
    "Type": 2,
    "Title": "ItemHandBook_80000010_Title"
  },
  {
    "Id": 80000011,
    "Type": 2,
    "Title": "ItemHandBook_80000011_Title"
  },
  {
    "Id": 80000012,
    "Type": 2,
    "Title": "ItemHandBook_80000012_Title"
  },
  {
    "Id": 80000013,
    "Type": 2,
    "Title": "ItemHandBook_80000013_Title"
  },
  {
    "Id": 80000014,
    "Type": 2,
    "Title": "ItemHandBook_80000014_Title"
  },
  {
    "Id": 80000015,
    "Type": 2,
    "Title": "ItemHandBook_80000015_Title"
  },
  {
    "Id": 80000016,
    "Type": 2,
    "Title": "ItemHandBook_80000016_Title"
  },
  {
    "Id": 80000017,
    "Type": 2,
    "Title": "ItemHandBook_80000017_Title"
  },
  {
    "Id": 80000018,
    "Type": 2,
    "Title": "ItemHandBook_80000018_Title"
  },
  {
    "Id": 80000019,
    "Type": 2,
    "Title": "ItemHandBook_80000019_Title"
  },
  {
    "Id": 80000020,
    "Type": 2,
    "Title": "ItemHandBook_80000020_Title"
  },
  {
    "Id": 80000021,
    "Type": 2,
    "Title": "ItemHandBook_80000021_Title"
  },
  {
    "Id": 80000022,
    "Type": 2,
    "Title": "ItemHandBook_80000022_Title"
  },
  {
    "Id": 80000023,
    "Type": 2,
    "Title": "ItemHandBook_80000023_Title"
  },
  {
    "Id": 80000024,
    "Type": 2,
    "Title": "ItemHandBook_80000024_Title"
  },
  {
    "Id": 80000025,
    "Type": 2,
    "Title": "ItemHandBook_80000025_Title"
  },
  {
    "Id": 80000026,
    "Type": 2,
    "Title": "ItemHandBook_80000026_Title"
  },
  {
    "Id": 80000027,
    "Type": 2,
    "Title": "ItemHandBook_80000027_Title"
  },
  {
    "Id": 80000028,
    "Type": 2,
    "Title": "ItemHandBook_80000028_Title"
  },
  {
    "Id": 80000029,
    "Type": 2,
    "Title": "ItemHandBook_80000029_Title"
  },
  {
    "Id": 80000030,
    "Type": 2,
    "Title": "ItemHandBook_80000030_Title"
  },
  {
    "Id": 42100020,
    "Type": 3,
    "Title": "ItemHandBook_42100020_Title"
  },
  {
    "Id": 42100030,
    "Type": 3,
    "Title": "ItemHandBook_42100030_Title"
  },
  {
    "Id": 41300005,
    "Type": 4,
    "Title": "ItemHandBook_41300005_Title"
  },
  {
    "Id": 41400014,
    "Type": 4,
    "Title": "ItemHandBook_41400014_Title"
  },
  {
    "Id": 41400024,
    "Type": 4,
    "Title": "ItemHandBook_41400024_Title"
  },
  {
    "Id": 41400034,
    "Type": 4,
    "Title": "ItemHandBook_41400034_Title"
  },
  {
    "Id": 41400044,
    "Type": 4,
    "Title": "ItemHandBook_41400044_Title"
  },
  {
    "Id": 41400054,
    "Type": 4,
    "Title": "ItemHandBook_41400054_Title"
  },
  {
    "Id": 41400064,
    "Type": 4,
    "Title": "ItemHandBook_41400064_Title"
  },
  {
    "Id": 41400074,
    "Type": 4,
    "Title": "ItemHandBook_41400074_Title"
  },
  {
    "Id": 41400084,
    "Type": 4,
    "Title": "ItemHandBook_41400084_Title"
  },
  {
    "Id": 41100011,
    "Type": 4,
    "Title": "ItemHandBook_41100011_Title"
  },
  {
    "Id": 41100012,
    "Type": 4,
    "Title": "ItemHandBook_41100012_Title"
  },
  {
    "Id": 41100013,
    "Type": 4,
    "Title": "ItemHandBook_41100013_Title"
  },
  {
    "Id": 41100014,
    "Type": 4,
    "Title": "ItemHandBook_41100014_Title"
  },
  {
    "Id": 41100021,
    "Type": 4,
    "Title": "ItemHandBook_41100021_Title"
  },
  {
    "Id": 41100022,
    "Type": 4,
    "Title": "ItemHandBook_41100022_Title"
  },
  {
    "Id": 41100023,
    "Type": 4,
    "Title": "ItemHandBook_41100023_Title"
  },
  {
    "Id": 41100024,
    "Type": 4,
    "Title": "ItemHandBook_41100024_Title"
  },
  {
    "Id": 41100031,
    "Type": 4,
    "Title": "ItemHandBook_41100031_Title"
  },
  {
    "Id": 41100032,
    "Type": 4,
    "Title": "ItemHandBook_41100032_Title"
  },
  {
    "Id": 41100033,
    "Type": 4,
    "Title": "ItemHandBook_41100033_Title"
  },
  {
    "Id": 41100034,
    "Type": 4,
    "Title": "ItemHandBook_41100034_Title"
  },
  {
    "Id": 41200031,
    "Type": 4,
    "Title": "ItemHandBook_41200031_Title"
  },
  {
    "Id": 41200032,
    "Type": 4,
    "Title": "ItemHandBook_41200032_Title"
  },
  {
    "Id": 41200033,
    "Type": 4,
    "Title": "ItemHandBook_41200033_Title"
  },
  {
    "Id": 41200034,
    "Type": 4,
    "Title": "ItemHandBook_41200034_Title"
  },
  {
    "Id": 41400094,
    "Type": 4,
    "Title": "ItemHandBook_41400094_Title"
  },
  {
    "Id": 41400104,
    "Type": 4,
    "Title": "ItemHandBook_41400104_Title"
  },
  {
    "Id": 41400114,
    "Type": 4,
    "Title": "ItemHandBook_41400114_Title"
  },
  {
    "Id": 43010001,
    "Type": 4,
    "Title": "ItemHandBook_43010001_Title"
  },
  {
    "Id": 43010002,
    "Type": 4,
    "Title": "ItemHandBook_43010002_Title"
  },
  {
    "Id": 43010003,
    "Type": 4,
    "Title": "ItemHandBook_43010003_Title"
  },
  {
    "Id": 43010004,
    "Type": 4,
    "Title": "ItemHandBook_43010004_Title"
  },
  {
    "Id": 43020001,
    "Type": 4,
    "Title": "ItemHandBook_43020001_Title"
  },
  {
    "Id": 43020002,
    "Type": 4,
    "Title": "ItemHandBook_43020002_Title"
  },
  {
    "Id": 43020003,
    "Type": 4,
    "Title": "ItemHandBook_43020003_Title"
  },
  {
    "Id": 43020004,
    "Type": 4,
    "Title": "ItemHandBook_43020004_Title"
  },
  {
    "Id": 43020011,
    "Type": 4,
    "Title": "ItemHandBook_43020011_Title"
  },
  {
    "Id": 43020012,
    "Type": 4,
    "Title": "ItemHandBook_43020012_Title"
  },
  {
    "Id": 43020013,
    "Type": 4,
    "Title": "ItemHandBook_43020013_Title"
  },
  {
    "Id": 43020014,
    "Type": 4,
    "Title": "ItemHandBook_43020014_Title"
  },
  {
    "Id": 43020021,
    "Type": 4,
    "Title": "ItemHandBook_43020021_Title"
  },
  {
    "Id": 43020022,
    "Type": 4,
    "Title": "ItemHandBook_43020022_Title"
  },
  {
    "Id": 43020023,
    "Type": 4,
    "Title": "ItemHandBook_43020023_Title"
  },
  {
    "Id": 43020024,
    "Type": 4,
    "Title": "ItemHandBook_43020024_Title"
  },
  {
    "Id": 43020031,
    "Type": 4,
    "Title": "ItemHandBook_43020031_Title"
  },
  {
    "Id": 43020032,
    "Type": 4,
    "Title": "ItemHandBook_43020032_Title"
  },
  {
    "Id": 43020033,
    "Type": 4,
    "Title": "ItemHandBook_43020033_Title"
  },
  {
    "Id": 43020034,
    "Type": 4,
    "Title": "ItemHandBook_43020034_Title"
  },
  {
    "Id": 43020041,
    "Type": 4,
    "Title": "ItemHandBook_43020041_Title"
  },
  {
    "Id": 43020042,
    "Type": 4,
    "Title": "ItemHandBook_43020042_Title"
  },
  {
    "Id": 43020043,
    "Type": 4,
    "Title": "ItemHandBook_43020043_Title"
  },
  {
    "Id": 43020044,
    "Type": 4,
    "Title": "ItemHandBook_43020044_Title"
  },
  {
    "Id": 43020051,
    "Type": 4,
    "Title": "ItemHandBook_43020051_Title"
  },
  {
    "Id": 43020052,
    "Type": 4,
    "Title": "ItemHandBook_43020052_Title"
  },
  {
    "Id": 43020053,
    "Type": 4,
    "Title": "ItemHandBook_43020053_Title"
  },
  {
    "Id": 43020054,
    "Type": 4,
    "Title": "ItemHandBook_43020054_Title"
  }
]