[
  {
    "Id": 1,
    "Descrtption": "ItemHandBookType_1_Descrtption",
    "Icon": "/Game/Aki/UI/UIResources/UiArchive/Atlas/SP_ArchiveWuchan.SP_ArchiveWuchan"
  },
  {
    "Id": 2,
    "Descrtption": "ItemHandBookType_2_Descrtption",
    "Icon": "/Game/Aki/UI/UIResources/UiArchive/Atlas/SP_ArchivePengren.SP_ArchivePengren"
  },
  {
    "Id": 3,
    "Descrtption": "ItemHandBookType_3_Descrtption",
    "Icon": "/Game/Aki/UI/UIResources/UiArchive/Atlas/SP_ArchiveYaoji.SP_ArchiveYaoji"
  },
  {
    "Id": 4,
    "Descrtption": "ItemHandBookType_4_Descrtption",
    "Icon": "/Game/Aki/UI/UIResources/UiArchive/Atlas/SP_ArchiveCailiao.SP_ArchiveCailiao"
  }
]