[
  {
    "Id": 1,
    "Descrtption": "MonsterHandBookType_1_Descrtption"
  },
  {
    "Id": 2,
    "Descrtption": "MonsterHandBookType_2_Descrtption"
  },
  {
    "Id": 3,
    "Descrtption": "MonsterHandBookType_3_Descrtption"
  },
  {
    "Id": 4,
    "Descrtption": "MonsterHandBookType_4_Descrtption"
  },
  {
    "Id": 5,
    "Descrtption": "MonsterHandBookType_5_Descrtption"
  },
  {
    "Id": 6,
    "Descrtption": "MonsterHandBookType_6_Descrtption"
  },
  {
    "Id": 7,
    "Descrtption": "MonsterHandBookType_7_Descrtption"
  }
]