[
  {
    "Id": 310000010,
    "Type": 2,
    "Name": "MonsterHandBook_310000010_Name",
    "MeshId": 300012,
    "Scale": [
      1.25,
      1.25,
      1.25
    ],
    "Position": [
      30,
      0,
      0
    ],
    "Rotator": [
      0,
      0,
      0
    ],
    "StandAnim": "/Game/Aki/Character/Monster/Ordinary/MO1QunJing1Md00001/CommonAnim/Stand2.Stand2",
    "TypeDescrtption": "MonsterHandBook_310000010_TypeDescrtption",
    "Descrtption": "MonsterHandBook_310000010_Descrtption",
    "FightSkillDescrtption": "MonsterHandBook_310000010_FightSkillDescrtption",
    "PhantomItem": [
      60000012,
      60000013,
      60000014,
      60000015
    ]
  },
  {
    "Id": 310000020,
    "Type": 2,
    "Name": "MonsterHandBook_310000020_Name",
    "MeshId": 300013,
    "Scale": [
      1.25,
      1.25,
      1.25
    ],
    "Position": [
      30,
      0,
      0
    ],
    "Rotator": [
      0,
      0,
      0
    ],
    "StandAnim": "/Game/Aki/Character/Monster/Ordinary/MO1QunJing2Md00001/CommonAnim/Stand2.Stand2",
    "TypeDescrtption": "MonsterHandBook_310000020_TypeDescrtption",
    "Descrtption": "MonsterHandBook_310000020_Descrtption",
    "FightSkillDescrtption": "MonsterHandBook_310000020_FightSkillDescrtption",
    "PhantomItem": [
      60000022,
      60000023,
      60000024,
      60000025
    ]
  },
  {
    "Id": 310000030,
    "Type": 2,
    "Name": "MonsterHandBook_310000030_Name",
    "MeshId": 390009,
    "Scale": [
      1,
      1,
      1
    ],
    "Position": [
      30,
      0,
      0
    ],
    "Rotator": [
      0,
      0,
      0
    ],
    "StandAnim": "/Game/Aki/Character/Monster/Ordinary/MO1LeilieMd00301/CommonAnim/Stand2.Stand2",
    "TypeDescrtption": "MonsterHandBook_310000030_TypeDescrtption",
    "Descrtption": "MonsterHandBook_310000030_Descrtption",
    "FightSkillDescrtption": "MonsterHandBook_310000030_FightSkillDescrtption",
    "PhantomItem": [
      60000032,
      60000033,
      60000034,
      60000035
    ]
  },
  {
    "Id": 310000040,
    "Type": 2,
    "Name": "MonsterHandBook_310000040_Name",
    "MeshId": 390038,
    "Scale": [
      1,
      1,
      1
    ],
    "Position": [
      30,
      0,
      0
    ],
    "Rotator": [
      0,
      0,
      0
    ],
    "StandAnim": "/Game/Aki/Character/Monster/Ordinary/MO1BinglieMd00201/CommonAnim/Stand2.Stand2",
    "TypeDescrtption": "MonsterHandBook_310000040_TypeDescrtption",
    "Descrtption": "MonsterHandBook_310000040_Descrtption",
    "FightSkillDescrtption": "MonsterHandBook_310000040_FightSkillDescrtption",
    "PhantomItem": [
      60000102,
      60000103,
      60000104,
      60000105
    ]
  },
  {
    "Id": 310000050,
    "Type": 2,
    "Name": "MonsterHandBook_310000050_Name",
    "MeshId": 390047,
    "Scale": [
      1,
      1,
      1
    ],
    "Position": [
      30,
      0,
      0
    ],
    "Rotator": [
      0,
      0,
      0
    ],
    "StandAnim": "/Game/Aki/Character/Monster/Ordinary/MO1FenglieMd00401/CommonAnim/Stand2.Stand2",
    "TypeDescrtption": "MonsterHandBook_310000050_TypeDescrtption",
    "Descrtption": "MonsterHandBook_310000050_Descrtption",
    "FightSkillDescrtption": "MonsterHandBook_310000050_FightSkillDescrtption",
    "PhantomItem": [
      60000232,
      60000233,
      60000234,
      60000235
    ]
  },
  {
    "Id": 310000060,
    "Type": 2,
    "Name": "MonsterHandBook_310000060_Name",
    "MeshId": 390026,
    "Scale": [
      1,
      1,
      1
    ],
    "Position": [
      30,
      0,
      0
    ],
    "Rotator": [
      0,
      0,
      0
    ],
    "StandAnim": "/Game/Aki/Character/Monster/Ordinary/MO1HuojinMd00101/CommonAnim/Stand2.Stand2",
    "TypeDescrtption": "MonsterHandBook_310000060_TypeDescrtption",
    "Descrtption": "MonsterHandBook_310000060_Descrtption",
    "FightSkillDescrtption": "MonsterHandBook_310000060_FightSkillDescrtption",
    "PhantomItem": [
      60000042,
      60000043,
      60000044,
      60000045
    ]
  },
  {
    "Id": 310000070,
    "Type": 2,
    "Name": "MonsterHandBook_310000070_Name",
    "MeshId": 390024,
    "Scale": [
      1,
      1,
      1
    ],
    "Position": [
      30,
      0,
      0
    ],
    "Rotator": [
      0,
      0,
      0
    ],
    "StandAnim": "/Game/Aki/Character/Monster/Ordinary/MO1AnjinMd00601/CommonAnim/Stand2.Stand2",
    "TypeDescrtption": "MonsterHandBook_310000070_TypeDescrtption",
    "Descrtption": "MonsterHandBook_310000070_Descrtption",
    "FightSkillDescrtption": "MonsterHandBook_310000070_FightSkillDescrtption",
    "PhantomItem": [
      60000052,
      60000053,
      60000054,
      60000055
    ]
  },
  {
    "Id": 310000080,
    "Type": 4,
    "Name": "MonsterHandBook_310000080_Name",
    "MeshId": 390029,
    "Scale": [
      1.25,
      1.25,
      1.25
    ],
    "Position": [
      30,
      0,
      0
    ],
    "Rotator": [
      0,
      0,
      0
    ],
    "StandAnim": "/Game/Aki/Character/Monster/Ordinary/MO1HKacacaMd00101/CommonAnim/Stand2.Stand2",
    "TypeDescrtption": "MonsterHandBook_310000080_TypeDescrtption",
    "Descrtption": "MonsterHandBook_310000080_Descrtption",
    "FightSkillDescrtption": "MonsterHandBook_310000080_FightSkillDescrtption",
    "PhantomItem": [
      60000062,
      60000063,
      60000064,
      60000065
    ]
  },
  {
    "Id": 310000090,
    "Type": 4,
    "Name": "MonsterHandBook_310000090_Name",
    "MeshId": 390048,
    "Scale": [
      1,
      1,
      1
    ],
    "Position": [
      30,
      0,
      0
    ],
    "Rotator": [
      0,
      0,
      0
    ],
    "StandAnim": "/Game/Aki/Character/Monster/Ordinary/MO1GAziziMd00501/CommonAnim/Stand2.Stand2",
    "TypeDescrtption": "MonsterHandBook_310000090_TypeDescrtption",
    "Descrtption": "MonsterHandBook_310000090_Descrtption",
    "FightSkillDescrtption": "MonsterHandBook_310000090_FightSkillDescrtption",
    "PhantomItem": [
      60000072,
      60000073,
      60000074,
      60000075
    ]
  },
  {
    "Id": 310000100,
    "Type": 4,
    "Name": "MonsterHandBook_310000100_Name",
    "MeshId": 390028,
    "Scale": [
      1.25,
      1.25,
      1.25
    ],
    "Position": [
      30,
      0,
      0
    ],
    "Rotator": [
      0,
      0,
      0
    ],
    "StandAnim": "/Game/Aki/Character/Monster/Ordinary/MO1FHuxiuxiuMd00401/CommonAnim/Stand2.Stand2",
    "TypeDescrtption": "MonsterHandBook_310000100_TypeDescrtption",
    "Descrtption": "MonsterHandBook_310000100_Descrtption",
    "FightSkillDescrtption": "MonsterHandBook_310000100_FightSkillDescrtption",
    "PhantomItem": [
      60000082,
      60000083,
      60000084,
      60000085
    ]
  },
  {
    "Id": 310000110,
    "Type": 4,
    "Name": "MonsterHandBook_310000110_Name",
    "MeshId": 390039,
    "Scale": [
      1,
      1,
      1
    ],
    "Position": [
      30,
      0,
      0
    ],
    "Rotator": [
      0,
      0,
      0
    ],
    "StandAnim": "/Game/Aki/Character/Monster/Ordinary/MO1AWukakaMd00601/CommonAnim/Stand2.Stand2",
    "TypeDescrtption": "MonsterHandBook_310000110_TypeDescrtption",
    "Descrtption": "MonsterHandBook_310000110_Descrtption",
    "FightSkillDescrtption": "MonsterHandBook_310000110_FightSkillDescrtption",
    "PhantomItem": [
      60000092,
      60000093,
      60000094,
      60000095
    ]
  },
  {
    "Id": 310000120,
    "Type": 6,
    "Name": "MonsterHandBook_310000120_Name",
    "MeshId": 390049,
    "Scale": [
      1,
      1,
      1
    ],
    "Position": [
      30,
      0,
      0
    ],
    "Rotator": [
      0,
      0,
      20
    ],
    "StandAnim": "/Game/Aki/Character/Monster/Ordinary/MO1GuguhetunMd00201/CommonAnim/Stand2.Stand2",
    "TypeDescrtption": "MonsterHandBook_310000120_TypeDescrtption",
    "Descrtption": "MonsterHandBook_310000120_Descrtption",
    "FightSkillDescrtption": "MonsterHandBook_310000120_FightSkillDescrtption",
    "PhantomItem": [
      60000112,
      60000113,
      60000114,
      60000115
    ]
  },
  {
    "Id": 310000130,
    "Type": 6,
    "Name": "MonsterHandBook_310000130_Name",
    "MeshId": 390074,
    "Scale": [
      1,
      1,
      1
    ],
    "Position": [
      30,
      0,
      0
    ],
    "Rotator": [
      0,
      0,
      20
    ],
    "StandAnim": "/Game/Aki/Character/Monster/Ordinary/MO1JiujiuhetunMd00401/CommonAnim/Stand2.Stand2",
    "TypeDescrtption": "MonsterHandBook_310000130_TypeDescrtption",
    "Descrtption": "MonsterHandBook_310000130_Descrtption",
    "FightSkillDescrtption": "MonsterHandBook_310000130_FightSkillDescrtption",
    "PhantomItem": [
      60000472,
      60000473,
      60000474,
      60000475
    ]
  },
  {
    "Id": 310000140,
    "Type": 3,
    "Name": "MonsterHandBook_310000140_Name",
    "MeshId": 390004,
    "Scale": [
      0.5,
      0.5,
      0.5
    ],
    "Position": [
      30,
      0,
      0
    ],
    "Rotator": [
      0,
      0,
      0
    ],
    "StandAnim": "/Game/Aki/Character/Monster/Elite/ME1SiXiaoMd00201/CommonAnim/Stand2.Stand2",
    "TypeDescrtption": "MonsterHandBook_310000140_TypeDescrtption",
    "Descrtption": "MonsterHandBook_310000140_Descrtption",
    "FightSkillDescrtption": "MonsterHandBook_310000140_FightSkillDescrtption",
    "PhantomItem": [
      60000142,
      60000143,
      60000144,
      60000145
    ]
  },
  {
    "Id": 310000150,
    "Type": 3,
    "Name": "MonsterHandBook_310000150_Name",
    "MeshId": 390003,
    "Scale": [
      0.5,
      0.5,
      0.5
    ],
    "Position": [
      30,
      0,
      0
    ],
    "Rotator": [
      0,
      0,
      0
    ],
    "StandAnim": "/Game/Aki/Character/Monster/Elite/ME1SiXiaoMd00101/CommonAnim/Stand2.Stand2",
    "TypeDescrtption": "MonsterHandBook_310000150_TypeDescrtption",
    "Descrtption": "MonsterHandBook_310000150_Descrtption",
    "FightSkillDescrtption": "MonsterHandBook_310000150_FightSkillDescrtption",
    "PhantomItem": [
      60000152,
      60000153,
      60000154,
      60000155
    ]
  },
  {
    "Id": 310000160,
    "Type": 3,
    "Name": "MonsterHandBook_310000160_Name",
    "MeshId": 390005,
    "Scale": [
      0.5,
      0.5,
      0.5
    ],
    "Position": [
      30,
      0,
      0
    ],
    "Rotator": [
      0,
      0,
      0
    ],
    "StandAnim": "/Game/Aki/Character/Monster/Elite/ME1SiXiaoMd00501/CommonAnim/Stand2.Stand2",
    "TypeDescrtption": "MonsterHandBook_310000160_TypeDescrtption",
    "Descrtption": "MonsterHandBook_310000160_Descrtption",
    "FightSkillDescrtption": "MonsterHandBook_310000160_FightSkillDescrtption",
    "PhantomItem": [
      60000162,
      60000163,
      60000164,
      60000165
    ]
  },
  {
    "Id": 310000170,
    "Type": 3,
    "Name": "MonsterHandBook_310000170_Name",
    "MeshId": 390006,
    "Scale": [
      0.5,
      0.5,
      0.5
    ],
    "Position": [
      30,
      0,
      0
    ],
    "Rotator": [
      0,
      0,
      0
    ],
    "StandAnim": "/Game/Aki/Character/Monster/Elite/ME1SiXiaoMd00601/CommonAnim/Stand2.Stand2",
    "TypeDescrtption": "MonsterHandBook_310000170_TypeDescrtption",
    "Descrtption": "MonsterHandBook_310000170_Descrtption",
    "FightSkillDescrtption": "MonsterHandBook_310000170_FightSkillDescrtption",
    "PhantomItem": [
      60000172,
      60000173,
      60000174,
      60000175
    ]
  },
  {
    "Id": 310000180,
    "Type": 6,
    "Name": "MonsterHandBook_310000180_Name",
    "MeshId": 390013,
    "Scale": [
      1.2999999523162842,
      1.2999999523162842,
      1.2999999523162842
    ],
    "Position": [
      40,
      0,
      -50
    ],
    "Rotator": [
      0,
      0,
      0
    ],
    "StandAnim": "/Game/Aki/Character/Monster/Ordinary/MO1YouyidieMd00501/CommonAnim/Stand2.Stand2",
    "TypeDescrtption": "MonsterHandBook_310000180_TypeDescrtption",
    "Descrtption": "MonsterHandBook_310000180_Descrtption",
    "FightSkillDescrtption": "MonsterHandBook_310000180_FightSkillDescrtption",
    "PhantomItem": [
      60000252,
      60000253,
      60000254,
      60000255
    ]
  },
  {
    "Id": 310000190,
    "Type": 6,
    "Name": "MonsterHandBook_310000190_Name",
    "MeshId": 390050,
    "Scale": [
      1,
      1,
      1
    ],
    "Position": [
      60,
      -50,
      0
    ],
    "Rotator": [
      0,
      0,
      20
    ],
    "StandAnim": "/Game/Aki/Character/Monster/Ordinary/MO1DujiaoshouMd00001/CommonAnim/Stand2.Stand2",
    "TypeDescrtption": "MonsterHandBook_310000190_TypeDescrtption",
    "Descrtption": "MonsterHandBook_310000190_Descrtption",
    "FightSkillDescrtption": "MonsterHandBook_310000190_FightSkillDescrtption",
    "PhantomItem": [
      60000262,
      60000263,
      60000264,
      60000265
    ]
  },
  {
    "Id": 310000200,
    "Type": 6,
    "Name": "MonsterHandBook_310000200_Name",
    "MeshId": 390073,
    "Scale": [
      1.75,
      1.75,
      1.75
    ],
    "Position": [
      10,
      0,
      0
    ],
    "Rotator": [
      0,
      0,
      20
    ],
    "StandAnim": "/Game/Aki/Character/Monster/Ordinary/MO1DundishuMd00601/CommonAnim/Stand2.Stand2",
    "TypeDescrtption": "MonsterHandBook_310000200_TypeDescrtption",
    "Descrtption": "MonsterHandBook_310000200_Descrtption",
    "FightSkillDescrtption": "MonsterHandBook_310000200_FightSkillDescrtption",
    "PhantomItem": [
      60000272,
      60000273,
      60000274,
      60000275
    ]
  },
  {
    "Id": 310000210,
    "Type": 6,
    "Name": "MonsterHandBook_310000210_Name",
    "MeshId": 390016,
    "Scale": [
      0.8500000238418579,
      0.8500000238418579,
      0.8500000238418579
    ],
    "Position": [
      35,
      -50,
      0
    ],
    "Rotator": [
      0,
      0,
      20
    ],
    "StandAnim": "/Game/Aki/Character/Monster/Ordinary/MO1ShihuaxiMd00101/CommonAnim/Stand2.Stand2",
    "TypeDescrtption": "MonsterHandBook_310000210_TypeDescrtption",
    "Descrtption": "MonsterHandBook_310000210_Descrtption",
    "FightSkillDescrtption": "MonsterHandBook_310000210_FightSkillDescrtption",
    "PhantomItem": [
      60000282,
      60000283,
      60000284,
      60000285
    ]
  },
  {
    "Id": 310000220,
    "Type": 6,
    "Name": "MonsterHandBook_310000220_Name",
    "MeshId": 390015,
    "Scale": [
      0.75,
      0.75,
      0.75
    ],
    "Position": [
      30,
      0,
      0
    ],
    "Rotator": [
      0,
      0,
      0
    ],
    "StandAnim": "/Game/Aki/Character/Monster/Ordinary/MO1ShuimuguMd00601/CommonAnim/Stand2.Stand2",
    "TypeDescrtption": "MonsterHandBook_310000220_TypeDescrtption",
    "Descrtption": "MonsterHandBook_310000220_Descrtption",
    "FightSkillDescrtption": "MonsterHandBook_310000220_FightSkillDescrtption",
    "PhantomItem": [
      60000302,
      60000303,
      60000304,
      60000305
    ]
  },
  {
    "Id": 310000230,
    "Type": 7,
    "Name": "MonsterHandBook_310000230_Name",
    "MeshId": 390021,
    "Scale": [
      1,
      1,
      1
    ],
    "Position": [
      30,
      0,
      0
    ],
    "Rotator": [
      0,
      0,
      0
    ],
    "StandAnim": "/Game/Aki/Character/Monster/Ordinary/MO1LiufangzhemanMd00001/CommonAnim/Stand2.Stand2",
    "TypeDescrtption": "MonsterHandBook_310000230_TypeDescrtption",
    "Descrtption": "MonsterHandBook_310000230_Descrtption",
    "FightSkillDescrtption": "MonsterHandBook_310000230_FightSkillDescrtption",
    "PhantomItem": {
      "PKa": [],
      "length": 0
    }
  },
  {
    "Id": 310000240,
    "Type": 7,
    "Name": "MonsterHandBook_310000240_Name",
    "MeshId": 390022,
    "Scale": [
      1,
      1,
      1
    ],
    "Position": [
      30,
      0,
      0
    ],
    "Rotator": [
      0,
      0,
      0
    ],
    "StandAnim": "/Game/Aki/Character/Monster/Ordinary/MO1LiufangzhewomanMd00001/CommonAnim/Stand2.Stand2",
    "TypeDescrtption": "MonsterHandBook_310000240_TypeDescrtption",
    "Descrtption": "MonsterHandBook_310000240_Descrtption",
    "FightSkillDescrtption": "MonsterHandBook_310000240_FightSkillDescrtption",
    "PhantomItem": {
      "PKa": [],
      "length": 0
    }
  },
  {
    "Id": 310000250,
    "Type": 6,
    "Name": "MonsterHandBook_310000250_Name",
    "MeshId": 390085,
    "Scale": [
      1,
      1,
      1
    ],
    "Position": [
      30,
      0,
      0
    ],
    "Rotator": [
      0,
      0,
      0
    ],
    "StandAnim": "/Game/Aki/Character/Monster/Ordinary/MO1DaodanyuanMd00401/CommonAnim/Stand2.Stand2",
    "TypeDescrtption": "MonsterHandBook_310000250_TypeDescrtption",
    "Descrtption": "MonsterHandBook_310000250_Descrtption",
    "FightSkillDescrtption": "MonsterHandBook_310000250_FightSkillDescrtption",
    "PhantomItem": [
      60000382,
      60000383,
      60000384,
      60000385
    ]
  },
  {
    "Id": 310000260,
    "Type": 6,
    "Name": "MonsterHandBook_310000260_Name",
    "MeshId": 390075,
    "Scale": [
      0.8999999761581421,
      0.8999999761581421,
      0.8999999761581421
    ],
    "Position": [
      50,
      -50,
      0
    ],
    "Rotator": [
      0,
      0,
      40
    ],
    "StandAnim": "/Game/Aki/Character/Monster/Ordinary/MO1JingaoxieMd00001/CommonAnim/Stand2.Stand2",
    "TypeDescrtption": "MonsterHandBook_310000260_TypeDescrtption",
    "Descrtption": "MonsterHandBook_310000260_Descrtption",
    "FightSkillDescrtption": "MonsterHandBook_310000260_FightSkillDescrtption",
    "PhantomItem": [
      60000412,
      60000413,
      60000414,
      60000415
    ]
  },
  {
    "Id": 310000270,
    "Type": 6,
    "Name": "MonsterHandBook_310000270_Name",
    "MeshId": 390081,
    "Scale": [
      1,
      1,
      1
    ],
    "Position": [
      30,
      0,
      0
    ],
    "Rotator": [
      0,
      0,
      30
    ],
    "StandAnim": "/Game/Aki/Character/Monster/Ordinary/MO1LuguiMd00201/CommonAnim/Stand2.Stand2",
    "TypeDescrtption": "MonsterHandBook_310000270_TypeDescrtption",
    "Descrtption": "MonsterHandBook_310000270_Descrtption",
    "FightSkillDescrtption": "MonsterHandBook_310000270_FightSkillDescrtption",
    "PhantomItem": [
      60000342,
      60000343,
      60000344,
      60000345
    ]
  },
  {
    "Id": 310000280,
    "Type": 6,
    "Name": "MonsterHandBook_310000280_Name",
    "MeshId": 390079,
    "Scale": [
      1,
      1,
      1
    ],
    "Position": [
      40,
      -70,
      0
    ],
    "Rotator": [
      0,
      0,
      20
    ],
    "StandAnim": "/Game/Aki/Character/Monster/Ordinary/MO1BinlangMd00101/CommonAnim/Stand2.Stand2",
    "TypeDescrtption": "MonsterHandBook_310000280_TypeDescrtption",
    "Descrtption": "MonsterHandBook_310000280_Descrtption",
    "FightSkillDescrtption": "MonsterHandBook_310000280_FightSkillDescrtption",
    "PhantomItem": [
      60000362,
      60000363,
      60000364,
      60000365
    ]
  },
  {
    "Id": 320000010,
    "Type": 3,
    "Name": "MonsterHandBook_320000010_Name",
    "MeshId": 301003,
    "Scale": [
      0.75,
      0.75,
      0.75
    ],
    "Position": [
      30,
      0,
      0
    ],
    "Rotator": [
      0,
      0,
      0
    ],
    "StandAnim": "/Game/Aki/Character/Monster/Elite/ME1QunJingMd00001/CommonAnim/Stand2.Stand2",
    "TypeDescrtption": "MonsterHandBook_320000010_TypeDescrtption",
    "Descrtption": "MonsterHandBook_320000010_Descrtption",
    "FightSkillDescrtption": "MonsterHandBook_320000010_FightSkillDescrtption",
    "PhantomItem": [
      60000182,
      60000183,
      60000184,
      60000185
    ]
  },
  {
    "Id": 320000020,
    "Type": 6,
    "Name": "MonsterHandBook_320000020_Name",
    "MeshId": 390020,
    "Scale": [
      0.800000011920929,
      0.800000011920929,
      0.800000011920929
    ],
    "Position": [
      50,
      0,
      0
    ],
    "Rotator": [
      0,
      0,
      20
    ],
    "StandAnim": "/Game/Aki/Character/Monster/Elite/ME1JingNiaoMd00301/CommonAnim/Stand2.Stand2",
    "TypeDescrtption": "MonsterHandBook_320000020_TypeDescrtption",
    "Descrtption": "MonsterHandBook_320000020_Descrtption",
    "FightSkillDescrtption": "MonsterHandBook_320000020_FightSkillDescrtption",
    "PhantomItem": [
      60000122,
      60000123,
      60000124,
      60000125
    ]
  },
  {
    "Id": 320000030,
    "Type": 6,
    "Name": "MonsterHandBook_320000030_Name",
    "MeshId": 390007,
    "Scale": [
      0.800000011920929,
      0.800000011920929,
      0.800000011920929
    ],
    "Position": [
      50,
      0,
      0
    ],
    "Rotator": [
      0,
      0,
      20
    ],
    "StandAnim": "/Game/Aki/Character/Monster/Elite/ME1JingNiaoMd00401/CommonAnim/Stand2.Stand2",
    "TypeDescrtption": "MonsterHandBook_320000030_TypeDescrtption",
    "Descrtption": "MonsterHandBook_320000030_Descrtption",
    "FightSkillDescrtption": "MonsterHandBook_320000030_FightSkillDescrtption",
    "PhantomItem": [
      60000132,
      60000133,
      60000134,
      60000135
    ]
  },
  {
    "Id": 320000040,
    "Type": 2,
    "Name": "MonsterHandBook_320000040_Name",
    "MeshId": 301004,
    "Scale": [
      1,
      1,
      1
    ],
    "Position": [
      30,
      0,
      0
    ],
    "Rotator": [
      0,
      0,
      0
    ],
    "StandAnim": "/Game/Aki/Character/Monster/Elite/ME1LeiFaMd00301/CommonAnim/Stand2.Stand2",
    "TypeDescrtption": "MonsterHandBook_320000040_TypeDescrtption",
    "Descrtption": "MonsterHandBook_320000040_Descrtption",
    "FightSkillDescrtption": "MonsterHandBook_320000040_FightSkillDescrtption",
    "PhantomItem": [
      60000192,
      60000193,
      60000194,
      60000195
    ]
  },
  {
    "Id": 320000050,
    "Type": 2,
    "Name": "MonsterHandBook_320000050_Name",
    "MeshId": 390027,
    "Scale": [
      0.8500000238418579,
      0.8500000238418579,
      0.8500000238418579
    ],
    "Position": [
      30,
      0,
      0
    ],
    "Rotator": [
      0,
      0,
      0
    ],
    "StandAnim": "/Game/Aki/Character/Monster/Elite/ME1AnFaMd00601/CommonAnim/stand2.stand2",
    "TypeDescrtption": "MonsterHandBook_320000050_TypeDescrtption",
    "Descrtption": "MonsterHandBook_320000050_Descrtption",
    "FightSkillDescrtption": "MonsterHandBook_320000050_FightSkillDescrtption",
    "PhantomItem": [
      60000202,
      60000203,
      60000204,
      60000205
    ]
  },
  {
    "Id": 320000060,
    "Type": 2,
    "Name": "MonsterHandBook_320000060_Name",
    "MeshId": 390046,
    "Scale": [
      0.5,
      0.5,
      0.5
    ],
    "Position": [
      30,
      0,
      0
    ],
    "Rotator": [
      0,
      0,
      20
    ],
    "StandAnim": "/Game/Aki/Character/Monster/Elite/ME1GuangtankeMd00501/CommonAnim/Stand2.Stand2",
    "TypeDescrtption": "MonsterHandBook_320000060_TypeDescrtption",
    "Descrtption": "MonsterHandBook_320000060_Descrtption",
    "FightSkillDescrtption": "MonsterHandBook_320000060_FightSkillDescrtption",
    "PhantomItem": [
      60000242,
      60000243,
      60000244,
      60000245
    ]
  },
  {
    "Id": 320000070,
    "Type": 2,
    "Name": "MonsterHandBook_320000070_Name",
    "MeshId": 390025,
    "Scale": [
      0.5,
      0.5,
      0.5
    ],
    "Position": [
      25,
      0,
      0
    ],
    "Rotator": [
      0,
      0,
      20
    ],
    "StandAnim": "/Game/Aki/Character/Monster/Elite/ME1AntankeMd00601/CommonAnim/Stand2.Stand2",
    "TypeDescrtption": "MonsterHandBook_320000070_TypeDescrtption",
    "Descrtption": "MonsterHandBook_320000070_Descrtption",
    "FightSkillDescrtption": "MonsterHandBook_320000070_FightSkillDescrtption",
    "PhantomItem": [
      60000212,
      60000213,
      60000214,
      60000215
    ]
  },
  {
    "Id": 320000080,
    "Type": 6,
    "Name": "MonsterHandBook_320000080_Name",
    "MeshId": 390014,
    "Scale": [
      0.800000011920929,
      0.800000011920929,
      0.800000011920929
    ],
    "Position": [
      50,
      -160,
      0
    ],
    "Rotator": [
      0,
      0,
      20
    ],
    "StandAnim": "/Game/Aki/Character/Monster/Elite/ME1ShihuaxiMd00101/CommonAnim/Stand2.Stand2",
    "TypeDescrtption": "MonsterHandBook_320000080_TypeDescrtption",
    "Descrtption": "MonsterHandBook_320000080_Descrtption",
    "FightSkillDescrtption": "MonsterHandBook_320000080_FightSkillDescrtption",
    "PhantomItem": [
      60000292,
      60000293,
      60000294,
      60000295
    ]
  },
  {
    "Id": 320000090,
    "Type": 6,
    "Name": "MonsterHandBook_320000090_Name",
    "MeshId": 390012,
    "Scale": [
      0.75,
      0.75,
      0.75
    ],
    "Position": [
      30,
      0,
      0
    ],
    "Rotator": [
      0,
      0,
      0
    ],
    "StandAnim": "/Game/Aki/Character/Monster/Elite/ME1ShuimuguMd00601/CommonAnim/Stand2.Stand2",
    "TypeDescrtption": "MonsterHandBook_320000090_TypeDescrtption",
    "Descrtption": "MonsterHandBook_320000090_Descrtption",
    "FightSkillDescrtption": "MonsterHandBook_320000090_FightSkillDescrtption",
    "PhantomItem": [
      60000312,
      60000313,
      60000314,
      60000315
    ]
  },
  {
    "Id": 320000100,
    "Type": 6,
    "Name": "MonsterHandBook_320000100_Name",
    "MeshId": 390017,
    "Scale": [
      0.8500000238418579,
      0.8500000238418579,
      0.8500000238418579
    ],
    "Position": [
      40,
      -70,
      0
    ],
    "Rotator": [
      0,
      0,
      0
    ],
    "StandAnim": "/Game/Aki/Character/Monster/Elite/ME1BinlangMd00601/CommonAnim/Stand2.Stand2",
    "TypeDescrtption": "MonsterHandBook_320000100_TypeDescrtption",
    "Descrtption": "MonsterHandBook_320000100_Descrtption",
    "FightSkillDescrtption": "MonsterHandBook_320000100_FightSkillDescrtption",
    "PhantomItem": [
      60000352,
      60000353,
      60000354,
      60000355
    ]
  },
  {
    "Id": 320000110,
    "Type": 6,
    "Name": "MonsterHandBook_320000110_Name",
    "MeshId": 390083,
    "Scale": [
      0.8999999761581421,
      0.8999999761581421,
      0.8999999761581421
    ],
    "Position": [
      30,
      0,
      0
    ],
    "Rotator": [
      0,
      0,
      0
    ],
    "StandAnim": "/Game/Aki/Character/Monster/Elite/ME1DaodanyuanMd00401/CommonAnim/Stand2.Stand2",
    "TypeDescrtption": "MonsterHandBook_320000110_TypeDescrtption",
    "Descrtption": "MonsterHandBook_320000110_Descrtption",
    "FightSkillDescrtption": "MonsterHandBook_320000110_FightSkillDescrtption",
    "PhantomItem": [
      60000402,
      60000403,
      60000404,
      60000405
    ]
  },
  {
    "Id": 320000120,
    "Type": 6,
    "Name": "MonsterHandBook_320000120_Name",
    "MeshId": 390019,
    "Scale": [
      0.8999999761581421,
      0.8999999761581421,
      0.8999999761581421
    ],
    "Position": [
      60,
      -100,
      0
    ],
    "Rotator": [
      0,
      0,
      20
    ],
    "StandAnim": "/Game/Aki/Character/Monster/Elite/ME1JiancuxiongMd00001/CommonAnim/Stand2.Stand2",
    "TypeDescrtption": "MonsterHandBook_320000120_TypeDescrtption",
    "Descrtption": "MonsterHandBook_320000120_Descrtption",
    "FightSkillDescrtption": "MonsterHandBook_320000120_FightSkillDescrtption",
    "PhantomItem": [
      60000332,
      60000333,
      60000334,
      60000335
    ]
  },
  {
    "Id": 320000130,
    "Type": 5,
    "Name": "MonsterHandBook_320000130_Name",
    "MeshId": 390216,
    "Scale": [
      0.5,
      0.5,
      0.5
    ],
    "Position": [
      50,
      -50,
      0
    ],
    "Rotator": [
      0,
      0,
      20
    ],
    "StandAnim": "/Game/Aki/Character/Monster/Elite/ME1FengrenlianMd00401/CommonAnim/Stand2.Stand2",
    "TypeDescrtption": "MonsterHandBook_320000130_TypeDescrtption",
    "Descrtption": "MonsterHandBook_320000130_Descrtption",
    "FightSkillDescrtption": "MonsterHandBook_320000130_FightSkillDescrtption",
    "PhantomItem": [
      60000462,
      60000463,
      60000464,
      60000465
    ]
  },
  {
    "Id": 320000140,
    "Type": 7,
    "Name": "MonsterHandBook_320000140_Name",
    "MeshId": 390036,
    "Scale": [
      1,
      1,
      1
    ],
    "Position": [
      30,
      0,
      0
    ],
    "Rotator": [
      0,
      0,
      0
    ],
    "StandAnim": "/Game/Aki/Character/Monster/Elite/ME1LiufangzheleaderMd00601/CommonAnim/Stand2.Stand2",
    "TypeDescrtption": "MonsterHandBook_320000140_TypeDescrtption",
    "Descrtption": "MonsterHandBook_320000140_Descrtption",
    "FightSkillDescrtption": "MonsterHandBook_320000140_FightSkillDescrtption",
    "PhantomItem": {
      "PKa": [],
      "length": 0
    }
  },
  {
    "Id": 320000150,
    "Type": 7,
    "Name": "MonsterHandBook_320000150_Name",
    "MeshId": 390037,
    "Scale": [
      1,
      1,
      1
    ],
    "Position": [
      30,
      0,
      0
    ],
    "Rotator": [
      0,
      0,
      0
    ],
    "StandAnim": "/Game/Aki/Character/Monster/Elite/ME1LiufanggongmingMd00501/CommonAnim/Stand2.Stand2",
    "TypeDescrtption": "MonsterHandBook_320000150_TypeDescrtption",
    "Descrtption": "MonsterHandBook_320000150_Descrtption",
    "FightSkillDescrtption": "MonsterHandBook_320000150_FightSkillDescrtption",
    "PhantomItem": {
      "PKa": [],
      "length": 0
    }
  },
  {
    "Id": 320000160,
    "Type": 7,
    "Name": "MonsterHandBook_320000160_Name",
    "MeshId": 390094,
    "Scale": [
      1,
      1,
      1
    ],
    "Position": [
      30,
      0,
      0
    ],
    "Rotator": [
      0,
      0,
      0
    ],
    "StandAnim": "/Game/Aki/Character/Monster/Elite/ME1ChuxingrenMd00601/CommonAnim/Stand2.Stand2",
    "TypeDescrtption": "MonsterHandBook_320000160_TypeDescrtption",
    "Descrtption": "MonsterHandBook_320000160_Descrtption",
    "FightSkillDescrtption": "MonsterHandBook_320000160_FightSkillDescrtption",
    "PhantomItem": {
      "PKa": [],
      "length": 0
    }
  },
  {
    "Id": 330000010,
    "Type": 2,
    "Name": "MonsterHandBook_330000010_Name",
    "MeshId": 302001,
    "Scale": [
      0.699999988079071,
      0.699999988079071,
      0.699999988079071
    ],
    "Position": [
      30,
      -50,
      0
    ],
    "Rotator": [
      0,
      0,
      0
    ],
    "StandAnim": "/Game/Aki/Character/Monster/Lord/ML1LinrenMd00301/CommonAnim/Stand2.Stand2",
    "TypeDescrtption": "MonsterHandBook_330000010_TypeDescrtption",
    "Descrtption": "MonsterHandBook_330000010_Descrtption",
    "FightSkillDescrtption": "MonsterHandBook_330000010_FightSkillDescrtption",
    "PhantomItem": [
      60000392,
      60000393,
      60000394,
      60000395
    ]
  },
  {
    "Id": 330000020,
    "Type": 2,
    "Name": "MonsterHandBook_330000020_Name",
    "MeshId": 390040,
    "Scale": [
      0.699999988079071,
      0.699999988079071,
      0.699999988079071
    ],
    "Position": [
      40,
      -100,
      0
    ],
    "Rotator": [
      0,
      0,
      20
    ],
    "StandAnim": "/Game/Aki/Character/Monster/Lord/ML1QishiMd00001/CommonAnim/Layer2/Stand2.Stand2",
    "TypeDescrtption": "MonsterHandBook_330000020_TypeDescrtption",
    "Descrtption": "MonsterHandBook_330000020_Descrtption",
    "FightSkillDescrtption": "MonsterHandBook_330000020_FightSkillDescrtption",
    "PhantomItem": [
      60000322,
      60000323,
      60000324,
      60000325
    ]
  },
  {
    "Id": 330000030,
    "Type": 6,
    "Name": "MonsterHandBook_330000030_Name",
    "MeshId": 390084,
    "Scale": [
      0.4000000059604645,
      0.4000000059604645,
      0.4000000059604645
    ],
    "Position": [
      60,
      0,
      0
    ],
    "Rotator": [
      0,
      0,
      30
    ],
    "StandAnim": "/Game/Aki/Character/Monster/Lord/ML1WuChangluMd00601/CommonAnim/Stand2.Stand2",
    "TypeDescrtption": "MonsterHandBook_330000030_TypeDescrtption",
    "Descrtption": "MonsterHandBook_330000030_Descrtption",
    "FightSkillDescrtption": "MonsterHandBook_330000030_FightSkillDescrtption",
    "PhantomItem": {
      "PKa": [],
      "length": 0
    }
  },
  {
    "Id": 330000040,
    "Type": 2,
    "Name": "MonsterHandBook_330000040_Name",
    "MeshId": 390088,
    "Scale": [
      0.3499999940395355,
      0.3499999940395355,
      0.3499999940395355
    ],
    "Position": [
      30,
      0,
      10
    ],
    "Rotator": [
      0,
      0,
      20
    ],
    "StandAnim": "/Game/Aki/Character/Monster/Lord/ML1HuiYingMd00101/CommonAnim/Stand2.Stand2",
    "TypeDescrtption": "MonsterHandBook_330000040_TypeDescrtption",
    "Descrtption": "MonsterHandBook_330000040_Descrtption",
    "FightSkillDescrtption": "MonsterHandBook_330000040_FightSkillDescrtption",
    "PhantomItem": [
      60000442,
      60000443,
      60000444,
      60000445
    ]
  },
  {
    "Id": 330000050,
    "Type": 6,
    "Name": "MonsterHandBook_330000050_Name",
    "MeshId": 390082,
    "Scale": [
      0.3499999940395355,
      0.3499999940395355,
      0.3499999940395355
    ],
    "Position": [
      30,
      -50,
      0
    ],
    "Rotator": [
      0,
      0,
      0
    ],
    "StandAnim": "/Game/Aki/Character/Monster/Lord/ML1FerLianMd00201/CommonAnim/Stand2.Stand2",
    "TypeDescrtption": "MonsterHandBook_330000050_TypeDescrtption",
    "Descrtption": "MonsterHandBook_330000050_Descrtption",
    "FightSkillDescrtption": "MonsterHandBook_330000050_FightSkillDescrtption",
    "PhantomItem": [
      60000432,
      60000433,
      60000434,
      60000435
    ]
  },
  {
    "Id": 330000060,
    "Type": 2,
    "Name": "MonsterHandBook_330000060_Name",
    "MeshId": 390095,
    "Scale": [
      0.5,
      0.5,
      0.5
    ],
    "Position": [
      40,
      0,
      40
    ],
    "Rotator": [
      0,
      0,
      30
    ],
    "StandAnim": "/Game/Aki/Character/Monster/Lord/ML1AiShengGuYuanMd00501/CommonAnim/Stand2.Stand2",
    "TypeDescrtption": "MonsterHandBook_330000060_TypeDescrtption",
    "Descrtption": "MonsterHandBook_330000060_Descrtption",
    "FightSkillDescrtption": "MonsterHandBook_330000060_FightSkillDescrtption",
    "PhantomItem": [
      60000452,
      60000453,
      60000454,
      60000455
    ]
  },
  {
    "Id": 340000010,
    "Type": 1,
    "Name": "MonsterHandBook_340000010_Name",
    "MeshId": 390008,
    "Scale": [
      1,
      1,
      1
    ],
    "Position": [
      20,
      0,
      0
    ],
    "Rotator": [
      0,
      0,
      0
    ],
    "StandAnim": "/Game/Aki/Character/Monster/Boss/MB1Wuguanzhe00601/CommonAnim/Layer3/Stand2.Stand2",
    "TypeDescrtption": "MonsterHandBook_340000010_TypeDescrtption",
    "Descrtption": "MonsterHandBook_340000010_Descrtption",
    "FightSkillDescrtption": "MonsterHandBook_340000010_FightSkillDescrtption",
    "PhantomItem": [
      60000422,
      60000423,
      60000424,
      60000425
    ]
  },
  {
    "Id": 340000020,
    "Type": 6,
    "Name": "MonsterHandBook_340000020_Name",
    "MeshId": 390023,
    "Scale": [
      0.20000000298023224,
      0.20000000298023224,
      0.20000000298023224
    ],
    "Position": [
      30,
      -90,
      0
    ],
    "Rotator": [
      0,
      0,
      30
    ],
    "StandAnim": "/Game/Aki/Character/Monster/Boss/MB1MingzhongzhiguiMd00201/CommonAnim/Stand2.Stand2",
    "TypeDescrtption": "MonsterHandBook_340000020_TypeDescrtption",
    "Descrtption": "MonsterHandBook_340000020_Descrtption",
    "FightSkillDescrtption": "MonsterHandBook_340000020_FightSkillDescrtption",
    "PhantomItem": [
      60000372,
      60000373,
      60000374,
      60000375
    ]
  },
  {
    "Id": 320000170,
    "Type": 6,
    "Name": "MonsterInfo_320000170_Name",
    "MeshId": 390232,
    "Scale": [
      1,
      1,
      1
    ],
    "Position": [
      30,
      0,
      0
    ],
    "Rotator": [
      0,
      0,
      0
    ],
    "StandAnim": "/Game/Aki/Character/Monster/Ordinary/MO1QunJing1Md00001/CommonAnim/Stand2.Stand2",
    "TypeDescrtption": "MonsterHandBook_310000010_TypeDescrtption",
    "Descrtption": "MonsterHandBook_310000010_Descrtption",
    "FightSkillDescrtption": "MonsterHandBook_310000010_FightSkillDescrtption",
    "PhantomItem": {
      "PKa": [],
      "length": 0
    }
  },
  {
    "Id": 310000290,
    "Type": 7,
    "Name": "MonsterInfo_320000290_Name",
    "MeshId": 390096,
    "Scale": [
      1,
      1,
      1
    ],
    "Position": [
      30,
      0,
      0
    ],
    "Rotator": [
      0,
      0,
      0
    ],
    "StandAnim": "/Game/Aki/Character/Monster/Ordinary/MO1ZhantuanlizuMd00001/CommonAnim/Stand2.Stand2",
    "TypeDescrtption": "MonsterHandBook_320000170_TypeDescrtption",
    "Descrtption": "MonsterHandBook_320000170_Descrtption",
    "FightSkillDescrtption": "MonsterHandBook_320000170_FightSkillDescrtption",
    "PhantomItem": {
      "PKa": [],
      "length": 0
    }
  },
  {
    "Id": 310000300,
    "Type": 6,
    "Name": "MonsterInfo_310000300_Name",
    "MeshId": 390235,
    "Scale": [
      1,
      1,
      1
    ],
    "Position": [
      30,
      0,
      0
    ],
    "Rotator": [
      0,
      0,
      0
    ],
    "StandAnim": "/Game/Aki/Character/Monster/Ordinary/MO1QunJing1Md00001/CommonAnim/Stand2.Stand2",
    "TypeDescrtption": "MonsterHandBook_310000010_TypeDescrtption",
    "Descrtption": "MonsterHandBook_310000010_Descrtption",
    "FightSkillDescrtption": "MonsterHandBook_310000010_FightSkillDescrtption",
    "PhantomItem": {
      "PKa": [],
      "length": 0
    }
  },
  {
    "Id": 310000310,
    "Type": 6,
    "Name": "MonsterInfo_310000310_Name",
    "MeshId": 390099,
    "Scale": [
      1,
      1,
      1
    ],
    "Position": [
      30,
      0,
      0
    ],
    "Rotator": [
      0,
      0,
      0
    ],
    "StandAnim": "/Game/Aki/Character/Monster/Ordinary/MO1QunJing1Md00001/CommonAnim/Stand2.Stand2",
    "TypeDescrtption": "MonsterHandBook_310000010_TypeDescrtption",
    "Descrtption": "MonsterHandBook_310000010_Descrtption",
    "FightSkillDescrtption": "MonsterHandBook_310000010_FightSkillDescrtption",
    "PhantomItem": {
      "PKa": [],
      "length": 0
    }
  },
  {
    "Id": 310000320,
    "Type": 6,
    "Name": "MonsterInfo_310000320_Name",
    "MeshId": 390100,
    "Scale": [
      1,
      1,
      1
    ],
    "Position": [
      30,
      0,
      0
    ],
    "Rotator": [
      0,
      0,
      0
    ],
    "StandAnim": "/Game/Aki/Character/Monster/Ordinary/MO1QunJing1Md00001/CommonAnim/Stand2.Stand2",
    "TypeDescrtption": "MonsterHandBook_310000010_TypeDescrtption",
    "Descrtption": "MonsterHandBook_310000010_Descrtption",
    "FightSkillDescrtption": "MonsterHandBook_310000010_FightSkillDescrtption",
    "PhantomItem": {
      "PKa": [],
      "length": 0
    }
  },
  {
    "Id": 310000330,
    "Type": 6,
    "Name": "MonsterInfo_310000330_Name",
    "MeshId": 390113,
    "Scale": [
      1,
      1,
      1
    ],
    "Position": [
      30,
      0,
      0
    ],
    "Rotator": [
      0,
      0,
      0
    ],
    "StandAnim": "/Game/Aki/Character/Monster/Ordinary/MO1QunJing1Md00001/CommonAnim/Stand2.Stand2",
    "TypeDescrtption": "MonsterHandBook_310000010_TypeDescrtption",
    "Descrtption": "MonsterHandBook_310000010_Descrtption",
    "FightSkillDescrtption": "MonsterHandBook_310000010_FightSkillDescrtption",
    "PhantomItem": {
      "PKa": [],
      "length": 0
    }
  },
  {
    "Id": 310000340,
    "Type": 6,
    "Name": "MonsterInfo_310000340_Name",
    "MeshId": 390102,
    "Scale": [
      1,
      1,
      1
    ],
    "Position": [
      30,
      0,
      0
    ],
    "Rotator": [
      0,
      0,
      0
    ],
    "StandAnim": "/Game/Aki/Character/Monster/Ordinary/MO1QunJing1Md00001/CommonAnim/Stand2.Stand2",
    "TypeDescrtption": "MonsterHandBook_310000010_TypeDescrtption",
    "Descrtption": "MonsterHandBook_310000010_Descrtption",
    "FightSkillDescrtption": "MonsterHandBook_310000010_FightSkillDescrtption",
    "PhantomItem": {
      "PKa": [],
      "length": 0
    }
  },
  {
    "Id": 320000180,
    "Type": 6,
    "Name": "MonsterInfo_320000180_Name",
    "MeshId": 390114,
    "Scale": [
      1,
      1,
      1
    ],
    "Position": [
      30,
      0,
      0
    ],
    "Rotator": [
      0,
      0,
      0
    ],
    "StandAnim": "/Game/Aki/Character/Monster/Ordinary/MO1QunJing1Md00001/CommonAnim/Stand2.Stand2",
    "TypeDescrtption": "MonsterHandBook_310000010_TypeDescrtption",
    "Descrtption": "MonsterHandBook_310000010_Descrtption",
    "FightSkillDescrtption": "MonsterHandBook_310000010_FightSkillDescrtption",
    "PhantomItem": {
      "PKa": [],
      "length": 0
    }
  },
  {
    "Id": 340000050,
    "Type": 6,
    "Name": "MonsterInfo_340000050_Name",
    "MeshId": 390077,
    "Scale": [
      1,
      1,
      1
    ],
    "Position": [
      30,
      0,
      0
    ],
    "Rotator": [
      0,
      0,
      0
    ],
    "StandAnim": "/Game/Aki/Character/Monster/Ordinary/MO1QunJing1Md00001/CommonAnim/Stand2.Stand2",
    "TypeDescrtption": "MonsterHandBook_310000010_TypeDescrtption",
    "Descrtption": "MonsterHandBook_310000010_Descrtption",
    "FightSkillDescrtption": "MonsterHandBook_310000010_FightSkillDescrtption",
    "PhantomItem": {
      "PKa": [],
      "length": 0
    }
  },
  {
    "Id": 340000060,
    "Type": 6,
    "Name": "MonsterInfo_340000060_Name",
    "MeshId": 390080,
    "Scale": [
      0.5,
      0.5,
      0.5
    ],
    "Position": [
      40,
      0,
      40
    ],
    "Rotator": [
      0,
      0,
      30
    ],
    "StandAnim": "/Game/Aki/Character/Monster/Ordinary/MO1QunJing1Md00001/CommonAnim/Stand2.Stand2",
    "TypeDescrtption": "MonsterHandBook_310000010_TypeDescrtption",
    "Descrtption": "MonsterHandBook_310000010_Descrtption",
    "FightSkillDescrtption": "MonsterHandBook_310000010_FightSkillDescrtption",
    "PhantomItem": {
      "PKa": [],
      "length": 0
    }
  },
  {
    "Id": 340000080,
    "Type": 6,
    "Name": "MonsterInfo_340000080_Name",
    "MeshId": 390000,
    "Scale": [
      0.699999988079071,
      0.699999988079071,
      0.699999988079071
    ],
    "Position": [
      30,
      -50,
      0
    ],
    "Rotator": [
      0,
      0,
      0
    ],
    "StandAnim": "/Game/Aki/Character/Monster/Ordinary/MO1QunJing1Md00001/CommonAnim/Stand2.Stand2",
    "TypeDescrtption": "MonsterHandBook_310000010_TypeDescrtption",
    "Descrtption": "MonsterHandBook_310000010_Descrtption",
    "FightSkillDescrtption": "MonsterHandBook_310000010_FightSkillDescrtption",
    "PhantomItem": {
      "PKa": [],
      "length": 0
    }
  },
  {
    "Id": 350000010,
    "Type": 2,
    "Name": "MonsterHandBook_310000010_Name",
    "MeshId": 281008,
    "Scale": [
      1.25,
      1.25,
      1.25
    ],
    "Position": [
      30,
      0,
      0
    ],
    "Rotator": [
      0,
      0,
      0
    ],
    "StandAnim": "/Game/Aki/Character/Monster/Ordinary/MO1QunJing1Md00001/CommonAnim/Stand2.Stand2",
    "TypeDescrtption": "MonsterHandBook_310000010_TypeDescrtption",
    "Descrtption": "MonsterHandBook_310000010_Descrtption",
    "FightSkillDescrtption": "MonsterHandBook_310000010_FightSkillDescrtption",
    "PhantomItem": [
      60000012,
      60000013,
      60000014,
      60000015
    ]
  },
  {
    "Id": 350000020,
    "Type": 2,
    "Name": "MonsterHandBook_310000010_Name",
    "MeshId": 201022,
    "Scale": [
      1.25,
      1.25,
      1.25
    ],
    "Position": [
      30,
      0,
      0
    ],
    "Rotator": [
      0,
      0,
      0
    ],
    "StandAnim": "/Game/Aki/Character/Monster/Ordinary/MO1QunJing1Md00001/CommonAnim/Stand2.Stand2",
    "TypeDescrtption": "MonsterHandBook_310000010_TypeDescrtption",
    "Descrtption": "MonsterHandBook_310000010_Descrtption",
    "FightSkillDescrtption": "MonsterHandBook_310000010_FightSkillDescrtption",
    "PhantomItem": [
      60000012,
      60000013,
      60000014,
      60000015
    ]
  },
  {
    "Id": 350000030,
    "Type": 2,
    "Name": "MonsterHandBook_310000010_Name",
    "MeshId": 201033,
    "Scale": [
      1.25,
      1.25,
      1.25
    ],
    "Position": [
      30,
      0,
      0
    ],
    "Rotator": [
      0,
      0,
      0
    ],
    "StandAnim": "/Game/Aki/Character/Monster/Ordinary/MO1QunJing1Md00001/CommonAnim/Stand2.Stand2",
    "TypeDescrtption": "MonsterHandBook_310000010_TypeDescrtption",
    "Descrtption": "MonsterHandBook_310000010_Descrtption",
    "FightSkillDescrtption": "MonsterHandBook_310000010_FightSkillDescrtption",
    "PhantomItem": [
      60000012,
      60000013,
      60000014,
      60000015
    ]
  },
  {
    "Id": 350000040,
    "Type": 2,
    "Name": "MonsterHandBook_310000010_Name",
    "MeshId": 281001,
    "Scale": [
      1.25,
      1.25,
      1.25
    ],
    "Position": [
      30,
      0,
      0
    ],
    "Rotator": [
      0,
      0,
      0
    ],
    "StandAnim": "/Game/Aki/Character/Monster/Ordinary/MO1QunJing1Md00001/CommonAnim/Stand2.Stand2",
    "TypeDescrtption": "MonsterHandBook_310000010_TypeDescrtption",
    "Descrtption": "MonsterHandBook_310000010_Descrtption",
    "FightSkillDescrtption": "MonsterHandBook_310000010_FightSkillDescrtption",
    "PhantomItem": [
      60000012,
      60000013,
      60000014,
      60000015
    ]
  },
  {
    "Id": 350000050,
    "Type": 2,
    "Name": "MonsterHandBook_310000010_Name",
    "MeshId": 281006,
    "Scale": [
      1.25,
      1.25,
      1.25
    ],
    "Position": [
      30,
      0,
      0
    ],
    "Rotator": [
      0,
      0,
      0
    ],
    "StandAnim": "/Game/Aki/Character/Monster/Ordinary/MO1QunJing1Md00001/CommonAnim/Stand2.Stand2",
    "TypeDescrtption": "MonsterHandBook_310000010_TypeDescrtption",
    "Descrtption": "MonsterHandBook_310000010_Descrtption",
    "FightSkillDescrtption": "MonsterHandBook_310000010_FightSkillDescrtption",
    "PhantomItem": [
      60000012,
      60000013,
      60000014,
      60000015
    ]
  }
]