[
  {
    "Id": 10,
    "Type": 100,
    "Name": "PhotographHandBook_10_Name",
    "MaleTexture": "/Game/Aki/UI/UIResources/Common/Image/Archive/T_StoryPhotoM0206_a.T_StoryPhotoM0206_a",
    "FemaleTexture": "/Game/Aki/UI/UIResources/Common/Image/Archive/T_StoryPhotoM0206_b.T_StoryPhotoM0206_b",
    "Descrtption": "PhotographHandBook_10_Descrtption",
    "AreaIcon": "",
    "AreaNumber": "",
    "RoleName": "",
    "QuestId": 0
  },
  {
    "Id": 13,
    "Type": 100,
    "Name": "PhotographHandBook_11_Name",
    "MaleTexture": "/Game/Aki/UI/UIResources/Common/Image/Archive/T_StoryPhoto_M209_a.T_StoryPhoto_M209_a",
    "FemaleTexture": "/Game/Aki/UI/UIResources/Common/Image/Archive/T_StoryPhoto_M209_b.T_StoryPhoto_M209_b",
    "Descrtption": "PhotographHandBook_11_Descrtption",
    "AreaIcon": "",
    "AreaNumber": "",
    "RoleName": "",
    "QuestId": 0
  },
  {
    "Id": 14,
    "Type": 100,
    "Name": "PhotographHandBook_12_Name",
    "MaleTexture": "/Game/Aki/UI/UIResources/Common/Image/Archive/T_StoryPhoto_M01008.T_StoryPhoto_M01008",
    "FemaleTexture": "/Game/Aki/UI/UIResources/Common/Image/Archive/T_StoryPhoto_M01008.T_StoryPhoto_M01008",
    "Descrtption": "PhotographHandBook_12_Descrtption",
    "AreaIcon": "",
    "AreaNumber": "",
    "RoleName": "",
    "QuestId": 0
  },
  {
    "Id": 16,
    "Type": 102,
    "Name": "PhotographHandBook_13_Name",
    "MaleTexture": "/Game/Aki/UI/UIResources/Common/Image/Archive/T_StoryPhoto_M0211.T_StoryPhoto_M0211",
    "FemaleTexture": "/Game/Aki/UI/UIResources/Common/Image/Archive/T_StoryPhoto_M0211.T_StoryPhoto_M0211",
    "Descrtption": "PhotographHandBook_13_Descrtption",
    "AreaIcon": "",
    "AreaNumber": "",
    "RoleName": "",
    "QuestId": 0
  },
  {
    "Id": 17,
    "Type": 103,
    "Name": "PhotographHandBook_14_Name",
    "MaleTexture": "/Game/Aki/UI/UIResources/Common/Image/Archive/T_StoryPhoto_M0212.T_StoryPhoto_M0212",
    "FemaleTexture": "/Game/Aki/UI/UIResources/Common/Image/Archive/T_StoryPhoto_M0212.T_StoryPhoto_M0212",
    "Descrtption": "PhotographHandBook_14_Descrtption",
    "AreaIcon": "",
    "AreaNumber": "",
    "RoleName": "",
    "QuestId": 0
  },
  {
    "Id": 21,
    "Type": 104,
    "Name": "PhotographHandBook_15_Name",
    "MaleTexture": "/Game/Aki/UI/UIResources/Common/Image/Archive/T_StoryPhoto_M0215.T_StoryPhoto_M0215",
    "FemaleTexture": "/Game/Aki/UI/UIResources/Common/Image/Archive/T_StoryPhoto_M0215.T_StoryPhoto_M0215",
    "Descrtption": "PhotographHandBook_15_Descrtption",
    "AreaIcon": "",
    "AreaNumber": "",
    "RoleName": "",
    "QuestId": 0
  },
  {
    "Id": 27,
    "Type": 105,
    "Name": "PhotographHandBook_16_Name",
    "MaleTexture": "/Game/Aki/UI/UIResources/Common/Image/Archive/T_StoryPhotoM0218.T_StoryPhotoM0218",
    "FemaleTexture": "/Game/Aki/UI/UIResources/Common/Image/Archive/T_StoryPhotoM0218.T_StoryPhotoM0218",
    "Descrtption": "PhotographHandBook_16_Descrtption",
    "AreaIcon": "",
    "AreaNumber": "",
    "RoleName": "",
    "QuestId": 0
  },
  {
    "Id": 28,
    "Type": 105,
    "Name": "PhotographHandBook_17_Name",
    "MaleTexture": "/Game/Aki/UI/UIResources/Common/Image/Archive/T_StoryPhoto_M0219_a.T_StoryPhoto_M0219_a",
    "FemaleTexture": "/Game/Aki/UI/UIResources/Common/Image/Archive/T_StoryPhoto_M0219_b.T_StoryPhoto_M0219_b",
    "Descrtption": "PhotographHandBook_17_Descrtption",
    "AreaIcon": "",
    "AreaNumber": "",
    "RoleName": "",
    "QuestId": 0
  },
  {
    "Id": 29,
    "Type": 105,
    "Name": "PhotographHandBook_18_Name",
    "MaleTexture": "/Game/Aki/UI/UIResources/Common/Image/Archive/T_StoryPhoto_M0220.T_StoryPhoto_M0220",
    "FemaleTexture": "/Game/Aki/UI/UIResources/Common/Image/Archive/T_StoryPhoto_M0220.T_StoryPhoto_M0220",
    "Descrtption": "PhotographHandBook_18_Descrtption",
    "AreaIcon": "",
    "AreaNumber": "",
    "RoleName": "",
    "QuestId": 0
  },
  {
    "Id": 31,
    "Type": 106,
    "Name": "PhotographHandBook_19_Name",
    "MaleTexture": "/Game/Aki/UI/UIResources/Common/Image/Archive/T_StoryPhoto_M0221.T_StoryPhoto_M0221",
    "FemaleTexture": "/Game/Aki/UI/UIResources/Common/Image/Archive/T_StoryPhoto_M0221.T_StoryPhoto_M0221",
    "Descrtption": "PhotographHandBook_19_Descrtption",
    "AreaIcon": "",
    "AreaNumber": "",
    "RoleName": "",
    "QuestId": 0
  },
  {
    "Id": 36,
    "Type": 106,
    "Name": "PhotographHandBook_20_Name",
    "MaleTexture": "/Game/Aki/UI/UIResources/Common/Image/Archive/T_StoryPhoto_M0222_a.T_StoryPhoto_M0222_a",
    "FemaleTexture": "/Game/Aki/UI/UIResources/Common/Image/Archive/T_StoryPhoto_M0222_b.T_StoryPhoto_M0222_b",
    "Descrtption": "PhotographHandBook_20_Descrtption",
    "AreaIcon": "",
    "AreaNumber": "",
    "RoleName": "",
    "QuestId": 0
  },
  {
    "Id": 37,
    "Type": 106,
    "Name": "PhotographHandBook_21_Name",
    "MaleTexture": "/Game/Aki/UI/UIResources/Common/Image/Archive/T_StoryPhoto_M0223.T_StoryPhoto_M0223",
    "FemaleTexture": "/Game/Aki/UI/UIResources/Common/Image/Archive/T_StoryPhoto_M0223.T_StoryPhoto_M0223",
    "Descrtption": "PhotographHandBook_21_Descrtption",
    "AreaIcon": "",
    "AreaNumber": "",
    "RoleName": "",
    "QuestId": 0
  },
  {
    "Id": 40,
    "Type": 106,
    "Name": "PhotographHandBook_22_Name",
    "MaleTexture": "/Game/Aki/UI/UIResources/Common/Image/Archive/T_StoryPhoto_M0226_a.T_StoryPhoto_M0226_a",
    "FemaleTexture": "/Game/Aki/UI/UIResources/Common/Image/Archive/T_StoryPhoto_M0226_b.T_StoryPhoto_M0226_b",
    "Descrtption": "PhotographHandBook_22_Descrtption",
    "AreaIcon": "",
    "AreaNumber": "",
    "RoleName": "",
    "QuestId": 0
  },
  {
    "Id": 1003,
    "Type": 1001,
    "Name": "PhotographHandBook_1001_Name",
    "MaleTexture": "/Game/Aki/UI/UIResources/Common/Image/Archive/T_StoryPhoto_R0001.T_StoryPhoto_R0001",
    "FemaleTexture": "/Game/Aki/UI/UIResources/Common/Image/Archive/T_StoryPhoto_R0001.T_StoryPhoto_R0001",
    "Descrtption": "PhotographHandBook_1001_Descrtption",
    "AreaIcon": "",
    "AreaNumber": "",
    "RoleName": "",
    "QuestId": 0
  },
  {
    "Id": 1004,
    "Type": 1002,
    "Name": "PhotographHandBook_1002_Name",
    "MaleTexture": "/Game/Aki/UI/UIResources/Common/Image/Archive/T_StoryPhoto_R0004.T_StoryPhoto_R0004",
    "FemaleTexture": "/Game/Aki/UI/UIResources/Common/Image/Archive/T_StoryPhoto_R0004.T_StoryPhoto_R0004",
    "Descrtption": "PhotographHandBook_1002_Descrtption",
    "AreaIcon": "",
    "AreaNumber": "",
    "RoleName": "",
    "QuestId": 0
  },
  {
    "Id": 1005,
    "Type": 1003,
    "Name": "PhotographHandBook_1003_Name",
    "MaleTexture": "/Game/Aki/UI/UIResources/Common/Image/Archive/T_StoryPhoto_R0006_a.T_StoryPhoto_R0006_a",
    "FemaleTexture": "/Game/Aki/UI/UIResources/Common/Image/Archive/T_StoryPhoto_R0006_b.T_StoryPhoto_R0006_b",
    "Descrtption": "PhotographHandBook_1003_Descrtption",
    "AreaIcon": "",
    "AreaNumber": "",
    "RoleName": "",
    "QuestId": 0
  },
  {
    "Id": 100001,
    "Type": 10000,
    "Name": "QuestHandBook_100001_Name",
    "MaleTexture": "/Game/Aki/UI/UIResources/Common/Image/ArchiveView/T_ArchiveView_0a.T_ArchiveView_0a",
    "FemaleTexture": "/Game/Aki/UI/UIResources/Common/Image/ArchiveView/T_ArchiveView_0a.T_ArchiveView_0a",
    "Descrtption": "QuestHandBook_100001_Descrtption",
    "AreaIcon": "/Game/Aki/UI/UIResources/UiArchive/Atlas/SP_ArchiveAreaDragon.SP_ArchiveAreaDragon",
    "AreaNumber": "/Game/Aki/UI/UIResources/Common/Image/ComImg/T_ComRomeText_00.T_ComRomeText_00",
    "RoleName": "",
    "QuestId": 139000025
  },
  {
    "Id": 100002,
    "Type": 10000,
    "Name": "QuestHandBook_100002_Name",
    "MaleTexture": "/Game/Aki/UI/UIResources/Common/Image/ArchiveView/T_ArchiveView_0b.T_ArchiveView_0b",
    "FemaleTexture": "/Game/Aki/UI/UIResources/Common/Image/ArchiveView/T_ArchiveView_0b.T_ArchiveView_0b",
    "Descrtption": "QuestHandBook_100002_Descrtption",
    "AreaIcon": "/Game/Aki/UI/UIResources/UiArchive/Atlas/SP_ArchiveAreaDragon.SP_ArchiveAreaDragon",
    "AreaNumber": "/Game/Aki/UI/UIResources/Common/Image/ComImg/T_ComRomeText_00.T_ComRomeText_00",
    "RoleName": "",
    "QuestId": 139000026
  },
  {
    "Id": 100003,
    "Type": 10100,
    "Name": "QuestHandBook_100003_Name",
    "MaleTexture": "/Game/Aki/UI/UIResources/Common/Image/ArchiveView/T_ArchiveView_1.T_ArchiveView_1",
    "FemaleTexture": "/Game/Aki/UI/UIResources/Common/Image/ArchiveView/T_ArchiveView_1.T_ArchiveView_1",
    "Descrtption": "QuestHandBook_100003_Descrtption",
    "AreaIcon": "/Game/Aki/UI/UIResources/UiArchive/Atlas/SP_ArchiveAreaDragon.SP_ArchiveAreaDragon",
    "AreaNumber": "/Game/Aki/UI/UIResources/Common/Image/ComImg/T_ComRomeText_01.T_ComRomeText_01",
    "RoleName": "",
    "QuestId": 139000027
  },
  {
    "Id": 100004,
    "Type": 10100,
    "Name": "QuestHandBook_100004_Name",
    "MaleTexture": "/Game/Aki/UI/UIResources/Common/Image/ArchiveView/T_ArchiveView_3.T_ArchiveView_3",
    "FemaleTexture": "/Game/Aki/UI/UIResources/Common/Image/ArchiveView/T_ArchiveView_3.T_ArchiveView_3",
    "Descrtption": "QuestHandBook_100004_Descrtption",
    "AreaIcon": "/Game/Aki/UI/UIResources/UiArchive/Atlas/SP_ArchiveAreaDragon.SP_ArchiveAreaDragon",
    "AreaNumber": "/Game/Aki/UI/UIResources/Common/Image/ComImg/T_ComRomeText_02.T_ComRomeText_02",
    "RoleName": "",
    "QuestId": 139000029
  },
  {
    "Id": 100005,
    "Type": 10100,
    "Name": "QuestHandBook_100005_Name",
    "MaleTexture": "/Game/Aki/UI/UIResources/Common/Image/ArchiveView/T_ArchiveView_4.T_ArchiveView_4",
    "FemaleTexture": "/Game/Aki/UI/UIResources/Common/Image/ArchiveView/T_ArchiveView_4.T_ArchiveView_4",
    "Descrtption": "QuestHandBook_100005_Descrtption",
    "AreaIcon": "/Game/Aki/UI/UIResources/UiArchive/Atlas/SP_ArchiveAreaDragon.SP_ArchiveAreaDragon",
    "AreaNumber": "/Game/Aki/UI/UIResources/Common/Image/ComImg/T_ComRomeText_03.T_ComRomeText_03",
    "RoleName": "",
    "QuestId": 139000030
  },
  {
    "Id": 100006,
    "Type": 10100,
    "Name": "QuestHandBook_100006_Name",
    "MaleTexture": "/Game/Aki/UI/UIResources/Common/Image/ArchiveView/T_ArchiveView_5.T_ArchiveView_5",
    "FemaleTexture": "/Game/Aki/UI/UIResources/Common/Image/ArchiveView/T_ArchiveView_5.T_ArchiveView_5",
    "Descrtption": "QuestHandBook_100006_Descrtption",
    "AreaIcon": "/Game/Aki/UI/UIResources/UiArchive/Atlas/SP_ArchiveAreaDragon.SP_ArchiveAreaDragon",
    "AreaNumber": "/Game/Aki/UI/UIResources/Common/Image/ComImg/T_ComRomeText_04.T_ComRomeText_04",
    "RoleName": "",
    "QuestId": 139000031
  },
  {
    "Id": 100007,
    "Type": 10100,
    "Name": "QuestHandBook_100007_Name",
    "MaleTexture": "/Game/Aki/UI/UIResources/Common/Image/ArchiveView/T_ArchiveView_7_1.T_ArchiveView_7_1",
    "FemaleTexture": "/Game/Aki/UI/UIResources/Common/Image/ArchiveView/T_ArchiveView_7_1.T_ArchiveView_7_1",
    "Descrtption": "QuestHandBook_100007_Descrtption",
    "AreaIcon": "/Game/Aki/UI/UIResources/UiArchive/Atlas/SP_ArchiveAreaDragon.SP_ArchiveAreaDragon",
    "AreaNumber": "/Game/Aki/UI/UIResources/Common/Image/ComImg/T_ComRomeText_05.T_ComRomeText_05",
    "RoleName": "",
    "QuestId": 114000020
  },
  {
    "Id": 100008,
    "Type": 10100,
    "Name": "QuestHandBook_100008_Name",
    "MaleTexture": "/Game/Aki/UI/UIResources/Common/Image/ArchiveView/T_ArchiveView_6a.T_ArchiveView_6a",
    "FemaleTexture": "/Game/Aki/UI/UIResources/Common/Image/ArchiveView/T_ArchiveView_6a.T_ArchiveView_6a",
    "Descrtption": "QuestHandBook_100008_Descrtption",
    "AreaIcon": "/Game/Aki/UI/UIResources/UiArchive/Atlas/SP_ArchiveAreaDragon.SP_ArchiveAreaDragon",
    "AreaNumber": "/Game/Aki/UI/UIResources/Common/Image/ComImg/T_ComRomeText_06.T_ComRomeText_06",
    "RoleName": "",
    "QuestId": 140000004
  },
  {
    "Id": 100009,
    "Type": 10100,
    "Name": "QuestHandBook_100009_Name",
    "MaleTexture": "/Game/Aki/UI/UIResources/Common/Image/ArchiveView/T_ArchiveView_6b.T_ArchiveView_6b",
    "FemaleTexture": "/Game/Aki/UI/UIResources/Common/Image/ArchiveView/T_ArchiveView_6b.T_ArchiveView_6b",
    "Descrtption": "QuestHandBook_100009_Descrtption",
    "AreaIcon": "/Game/Aki/UI/UIResources/UiArchive/Atlas/SP_ArchiveAreaDragon.SP_ArchiveAreaDragon",
    "AreaNumber": "/Game/Aki/UI/UIResources/Common/Image/ComImg/T_ComRomeText_06.T_ComRomeText_06",
    "RoleName": "",
    "QuestId": 102000000
  },
  {
    "Id": 101001,
    "Type": 10200,
    "Name": "QuestHandBook_101001_Name",
    "MaleTexture": "/Game/Aki/UI/UIResources/Common/Image/ArchiveRole/T_ArchiveRole_2.T_ArchiveRole_2",
    "FemaleTexture": "/Game/Aki/UI/UIResources/Common/Image/ArchiveRole/T_ArchiveRole_2.T_ArchiveRole_2",
    "Descrtption": "QuestHandBook_101001_Descrtption",
    "AreaIcon": "",
    "AreaNumber": "",
    "RoleName": "",
    "QuestId": 125000082
  },
  {
    "Id": 101002,
    "Type": 10200,
    "Name": "QuestHandBook_101002_Name",
    "MaleTexture": "/Game/Aki/UI/UIResources/Common/Image/ArchiveRole/T_ArchiveRole_9.T_ArchiveRole_9",
    "FemaleTexture": "/Game/Aki/UI/UIResources/Common/Image/ArchiveRole/T_ArchiveRole_9.T_ArchiveRole_9",
    "Descrtption": "QuestHandBook_101002_Descrtption",
    "AreaIcon": "",
    "AreaNumber": "",
    "RoleName": "",
    "QuestId": 121000031
  },
  {
    "Id": 101003,
    "Type": 10200,
    "Name": "QuestHandBook_101003_Name",
    "MaleTexture": "/Game/Aki/UI/UIResources/Common/Image/ArchiveRole/T_ArchiveRole_15.T_ArchiveRole_15",
    "FemaleTexture": "/Game/Aki/UI/UIResources/Common/Image/ArchiveRole/T_ArchiveRole_15.T_ArchiveRole_15",
    "Descrtption": "QuestHandBook_101003_Descrtption",
    "AreaIcon": "",
    "AreaNumber": "",
    "RoleName": "",
    "QuestId": 114000018
  },
  {
    "Id": 101004,
    "Type": 10200,
    "Name": "QuestHandBook_101004_Name",
    "MaleTexture": "/Game/Aki/UI/UIResources/Common/Image/ArchiveRole/T_ArchiveRole_17.T_ArchiveRole_17",
    "FemaleTexture": "/Game/Aki/UI/UIResources/Common/Image/ArchiveRole/T_ArchiveRole_17.T_ArchiveRole_17",
    "Descrtption": "QuestHandBook_101004_Descrtption",
    "AreaIcon": "",
    "AreaNumber": "",
    "RoleName": "",
    "QuestId": 121000035
  },
  {
    "Id": 100011,
    "Type": 10100,
    "Name": "QuestHandBook_100011_Name",
    "MaleTexture": "/Game/Aki/UI/UIResources/Common/Image/ArchiveView/T_ArchiveView_7.T_ArchiveView_7",
    "FemaleTexture": "/Game/Aki/UI/UIResources/Common/Image/ArchiveView/T_ArchiveView_7.T_ArchiveView_7",
    "Descrtption": "QuestHandBook_100011_Descrtption",
    "AreaIcon": "/Game/Aki/UI/UIResources/UiArchive/Atlas/SP_ArchiveAreaDragon.SP_ArchiveAreaDragon",
    "AreaNumber": "/Game/Aki/UI/UIResources/Common/Image/ComImg/T_ComRomeText_07.T_ComRomeText_07",
    "RoleName": "",
    "QuestId": 125900000
  },
  {
    "Id": 42,
    "Type": 108,
    "Name": "PhotographHandBook_42_Name",
    "MaleTexture": "/Game/Aki/UI/UIResources/Common/Image/Archive/T_StoryPhoto_M0244.T_StoryPhoto_M0244",
    "FemaleTexture": "/Game/Aki/UI/UIResources/Common/Image/Archive/T_StoryPhoto_M0244.T_StoryPhoto_M0244",
    "Descrtption": "PhotographHandBook_42_Descrtption",
    "AreaIcon": "",
    "AreaNumber": "",
    "RoleName": "",
    "QuestId": 0
  },
  {
    "Id": 43,
    "Type": 108,
    "Name": "PhotographHandBook_43_Name",
    "MaleTexture": "/Game/Aki/UI/UIResources/Common/Image/Archive/T_StoryPhoto_M0238_a.T_StoryPhoto_M0238_a",
    "FemaleTexture": "/Game/Aki/UI/UIResources/Common/Image/Archive/T_StoryPhoto_M0238_b.T_StoryPhoto_M0238_b",
    "Descrtption": "PhotographHandBook_43_Descrtption",
    "AreaIcon": "",
    "AreaNumber": "",
    "RoleName": "",
    "QuestId": 0
  },
  {
    "Id": 44,
    "Type": 108,
    "Name": "PhotographHandBook_44_Name",
    "MaleTexture": "/Game/Aki/UI/UIResources/Common/Image/Archive/T_StoryPhoto_M0236.T_StoryPhoto_M0236",
    "FemaleTexture": "/Game/Aki/UI/UIResources/Common/Image/Archive/T_StoryPhoto_M0236.T_StoryPhoto_M0236",
    "Descrtption": "PhotographHandBook_44_Descrtption",
    "AreaIcon": "",
    "AreaNumber": "",
    "RoleName": "",
    "QuestId": 0
  },
  {
    "Id": 1006,
    "Type": 1004,
    "Name": "PhotographHandBook_1004_Name",
    "MaleTexture": "/Game/Aki/UI/UIResources/Common/Image/Archive/T_StoryPhoto_R0009.T_StoryPhoto_R0009",
    "FemaleTexture": "/Game/Aki/UI/UIResources/Common/Image/Archive/T_StoryPhoto_R0009.T_StoryPhoto_R0009",
    "Descrtption": "PhotographHandBook_1004_Descrtption",
    "AreaIcon": "",
    "AreaNumber": "",
    "RoleName": "",
    "QuestId": 0
  },
  {
    "Id": 41,
    "Type": 107,
    "Name": "PhotographHandBook_41_Name",
    "MaleTexture": "/Game/Aki/UI/UIResources/Common/Image/Archive/T_StoryPhoto_M0233_a.T_StoryPhoto_M0233_a",
    "FemaleTexture": "/Game/Aki/UI/UIResources/Common/Image/Archive/T_StoryPhoto_M0233_b.T_StoryPhoto_M0233_b",
    "Descrtption": "PhotographHandBook_41_Descrtption",
    "AreaIcon": "",
    "AreaNumber": "",
    "RoleName": "",
    "QuestId": 0
  },
  {
    "Id": 100010,
    "Type": 10100,
    "Name": "QuestHandBook_100010_Name",
    "MaleTexture": "/Game/Aki/UI/UIResources/Common/Image/ArchiveView/T_ArchiveView_0c.T_ArchiveView_0c",
    "FemaleTexture": "/Game/Aki/UI/UIResources/Common/Image/ArchiveView/T_ArchiveView_0c.T_ArchiveView_0c",
    "Descrtption": "QuestHandBook_100010_Descrtption",
    "AreaIcon": "/Game/Aki/UI/UIResources/UiArchive/Atlas/SP_ArchiveAreaDragon.SP_ArchiveAreaDragon",
    "AreaNumber": "/Game/Aki/UI/UIResources/Common/Image/ComImg/T_ComRomeText_00.T_ComRomeText_00",
    "RoleName": "",
    "QuestId": 880000013
  },
  {
    "Id": 1007,
    "Type": 1007,
    "Name": "PhotographHandBook_1007_Name",
    "MaleTexture": "/Game/Aki/UI/UIResources/Common/Image/Archive/T_StoryPhoto_R0011.T_StoryPhoto_R0011",
    "FemaleTexture": "/Game/Aki/UI/UIResources/Common/Image/Archive/T_StoryPhoto_R0011.T_StoryPhoto_R0011",
    "Descrtption": "PhotographHandBook_1007_Descrtption",
    "AreaIcon": "",
    "AreaNumber": "",
    "RoleName": "",
    "QuestId": 0
  },
  {
    "Id": 101005,
    "Type": 10200,
    "Name": "QuestHandBook_101005_Name",
    "MaleTexture": "/Game/Aki/UI/UIResources/Common/Image/ArchiveRole/T_ArchiveRole_18.T_ArchiveRole_18",
    "FemaleTexture": "/Game/Aki/UI/UIResources/Common/Image/ArchiveRole/T_ArchiveRole_18.T_ArchiveRole_18",
    "Descrtption": "QuestHandBook_101005_Descrtption",
    "AreaIcon": "",
    "AreaNumber": "",
    "RoleName": "",
    "QuestId": 311000000
  },
  {
    "Id": 45,
    "Type": 109,
    "Name": "PhotographHandBook_45_Name",
    "MaleTexture": "/Game/Aki/UI/UIResources/Common/Image/Archive/T_StoryPhoto_M0242_a.T_StoryPhoto_M0242_a",
    "FemaleTexture": "/Game/Aki/UI/UIResources/Common/Image/Archive/T_StoryPhoto_M0242_b.T_StoryPhoto_M0242_b",
    "Descrtption": "PhotographHandBook_45_Descrtption",
    "AreaIcon": "",
    "AreaNumber": "",
    "RoleName": "",
    "QuestId": 0
  },
  {
    "Id": 46,
    "Type": 109,
    "Name": "PhotographHandBook_46_Name",
    "MaleTexture": "/Game/Aki/UI/UIResources/Common/Image/Archive/T_StoryPhoto_M0245.T_StoryPhoto_M0245",
    "FemaleTexture": "/Game/Aki/UI/UIResources/Common/Image/Archive/T_StoryPhoto_M0245.T_StoryPhoto_M0245",
    "Descrtption": "PhotographHandBook_46_Descrtption",
    "AreaIcon": "",
    "AreaNumber": "",
    "RoleName": "",
    "QuestId": 0
  },
  {
    "Id": 47,
    "Type": 109,
    "Name": "PhotographHandBook_47_Name",
    "MaleTexture": "/Game/Aki/UI/UIResources/Common/Image/Archive/T_StoryPhoto_M0246_a.T_StoryPhoto_M0246_a",
    "FemaleTexture": "/Game/Aki/UI/UIResources/Common/Image/Archive/T_StoryPhoto_M0246_b.T_StoryPhoto_M0246_b",
    "Descrtption": "PhotographHandBook_47_Descrtption",
    "AreaIcon": "",
    "AreaNumber": "",
    "RoleName": "",
    "QuestId": 0
  },
  {
    "Id": 48,
    "Type": 109,
    "Name": "PhotographHandBook_48_Name",
    "MaleTexture": "/Game/Aki/UI/UIResources/Common/Image/Archive/T_StoryPhoto_M0248_a.T_StoryPhoto_M0248_a",
    "FemaleTexture": "/Game/Aki/UI/UIResources/Common/Image/Archive/T_StoryPhoto_M0248_b.T_StoryPhoto_M0248_b",
    "Descrtption": "PhotographHandBook_48_Descrtption",
    "AreaIcon": "",
    "AreaNumber": "",
    "RoleName": "",
    "QuestId": 0
  }
]