[
  {
    "Id": 100,
    "TypeDescription": "PlotType_100_TypeDescription",
    "Type": 7
  },
  {
    "Id": 102,
    "TypeDescription": "PlotType_102_TypeDescription",
    "Type": 7
  },
  {
    "Id": 103,
    "TypeDescription": "PlotType_103_TypeDescription",
    "Type": 7
  },
  {
    "Id": 104,
    "TypeDescription": "PlotType_104_TypeDescription",
    "Type": 7
  },
  {
    "Id": 105,
    "TypeDescription": "PlotType_105_TypeDescription",
    "Type": 7
  },
  {
    "Id": 1001,
    "TypeDescription": "PlotType_1001_TypeDescription",
    "Type": 7
  },
  {
    "Id": 1002,
    "TypeDescription": "PlotType_1002_TypeDescription",
    "Type": 7
  },
  {
    "Id": 1003,
    "TypeDescription": "PlotType_1003_TypeDescription",
    "Type": 7
  },
  {
    "Id": 106,
    "TypeDescription": "PlotType_106_TypeDescription",
    "Type": 7
  },
  {
    "Id": 10000,
    "TypeDescription": "PlotType_10012_TypeDescription",
    "Type": 9
  },
  {
    "Id": 10100,
    "TypeDescription": "PlotType_10001_TypeDescription",
    "Type": 9
  },
  {
    "Id": 10200,
    "TypeDescription": "PlotType_10002_TypeDescription",
    "Type": 8
  },
  {
    "Id": 107,
    "TypeDescription": "PlotType_107_TypeDescription",
    "Type": 7
  },
  {
    "Id": 1004,
    "TypeDescription": "PlotType_1004_TypeDescription",
    "Type": 7
  },
  {
    "Id": 108,
    "TypeDescription": "PlotType_108_TypeDescription",
    "Type": 7
  },
  {
    "Id": 1007,
    "TypeDescription": "PlotType_1007_TypeDescription",
    "Type": 7
  },
  {
    "Id": 109,
    "TypeDescription": "PlotType_109_TypeDescription",
    "Type": 7
  }
]