[
  {
    "Id": 21010015,
    "Level": 1,
    "Breach": 0,
    "Resonance": 1
  },
  {
    "Id": 21020015,
    "Level": 1,
    "Breach": 0,
    "Resonance": 1
  },
  {
    "Id": 21030015,
    "Level": 1,
    "Breach": 0,
    "Resonance": 1
  },
  {
    "Id": 21040015,
    "Level": 1,
    "Breach": 0,
    "Resonance": 1
  },
  {
    "Id": 21050015,
    "Level": 1,
    "Breach": 0,
    "Resonance": 1
  },
  {
    "Id": 21010024,
    "Level": 1,
    "Breach": 0,
    "Resonance": 1
  },
  {
    "Id": 21020024,
    "Level": 1,
    "Breach": 0,
    "Resonance": 1
  },
  {
    "Id": 21030024,
    "Level": 1,
    "Breach": 0,
    "Resonance": 1
  },
  {
    "Id": 21040024,
    "Level": 1,
    "Breach": 0,
    "Resonance": 1
  },
  {
    "Id": 21050024,
    "Level": 1,
    "Breach": 0,
    "Resonance": 1
  },
  {
    "Id": 21010013,
    "Level": 1,
    "Breach": 0,
    "Resonance": 1
  },
  {
    "Id": 21020013,
    "Level": 1,
    "Breach": 0,
    "Resonance": 1
  },
  {
    "Id": 21030013,
    "Level": 1,
    "Breach": 0,
    "Resonance": 1
  },
  {
    "Id": 21040013,
    "Level": 1,
    "Breach": 0,
    "Resonance": 1
  },
  {
    "Id": 21050013,
    "Level": 1,
    "Breach": 0,
    "Resonance": 1
  },
  {
    "Id": 21010012,
    "Level": 1,
    "Breach": 0,
    "Resonance": 1
  },
  {
    "Id": 21020012,
    "Level": 1,
    "Breach": 0,
    "Resonance": 1
  },
  {
    "Id": 21030012,
    "Level": 1,
    "Breach": 0,
    "Resonance": 1
  },
  {
    "Id": 21040012,
    "Level": 1,
    "Breach": 0,
    "Resonance": 1
  },
  {
    "Id": 21050012,
    "Level": 1,
    "Breach": 0,
    "Resonance": 1
  },
  {
    "Id": 21010011,
    "Level": 1,
    "Breach": 0,
    "Resonance": 1
  },
  {
    "Id": 21020011,
    "Level": 1,
    "Breach": 0,
    "Resonance": 1
  },
  {
    "Id": 21030011,
    "Level": 1,
    "Breach": 0,
    "Resonance": 1
  },
  {
    "Id": 21040011,
    "Level": 1,
    "Breach": 0,
    "Resonance": 1
  },
  {
    "Id": 21050011,
    "Level": 1,
    "Breach": 0,
    "Resonance": 1
  },
  {
    "Id": 21010023,
    "Level": 1,
    "Breach": 0,
    "Resonance": 1
  },
  {
    "Id": 21020023,
    "Level": 1,
    "Breach": 0,
    "Resonance": 1
  },
  {
    "Id": 21050023,
    "Level": 1,
    "Breach": 0,
    "Resonance": 1
  },
  {
    "Id": 21010034,
    "Level": 1,
    "Breach": 0,
    "Resonance": 1
  },
  {
    "Id": 21020034,
    "Level": 1,
    "Breach": 0,
    "Resonance": 1
  },
  {
    "Id": 21050034,
    "Level": 1,
    "Breach": 0,
    "Resonance": 1
  },
  {
    "Id": 21010044,
    "Level": 1,
    "Breach": 0,
    "Resonance": 1
  },
  {
    "Id": 21020044,
    "Level": 1,
    "Breach": 0,
    "Resonance": 1
  },
  {
    "Id": 21030044,
    "Level": 1,
    "Breach": 0,
    "Resonance": 1
  },
  {
    "Id": 21040044,
    "Level": 1,
    "Breach": 0,
    "Resonance": 1
  },
  {
    "Id": 21050044,
    "Level": 1,
    "Breach": 0,
    "Resonance": 1
  }
]