[
  {
    "Id": 1,
    "Name": "Talk.JumpWaitTime",
    "Desc": "默认跳过对话的等待时长",
    "Type": "Float",
    "Value": "0.3"
  },
  {
    "Id": 2,
    "Name": "Talk.CharPerSec",
    "Desc": "字幕每分钟显示字数(速度)",
    "Type": "Int",
    "Value": "1400"
  },
  {
    "Id": 3,
    "Name": "BooleanValue",
    "Desc": "Bool值测试",
    "Type": "Boolean",
    "Value": "TRUE"
  },
  {
    "Id": 4,
    "Name": "Talk.EndWaitTime",
    "Desc": "动画结束后的等待时长",
    "Type": "Float",
    "Value": "3"
  },
  {
    "Id": 6,
    "Name": "EInteractIcon.Dialog",
    "Desc": "交互通用图标：对话 路径",
    "Type": "String",
    "Value": "/Game/Aki/UI/UIResources/UiPlot/Image/T_PlotIconDialogue_UI.T_PlotIconDialogue_UI"
  },
  {
    "Id": 43,
    "Name": "EInteractIcon.OS",
    "Desc": "交互通用图标：内心独白 路径",
    "Type": "String",
    "Value": "/Game/Aki/UI/UIResources/UiPlot/Image/T_PlotIconXin_UI.T_PlotIconXin_UI"
  },
  {
    "Id": 7,
    "Name": "EInteractIcon.Shop",
    "Desc": "交互通用图标：商店 路径",
    "Type": "String",
    "Value": "/Game/Aki/UI/UIResources/UiPlot/Image/T_PlotIconShop_UI.T_PlotIconShop_UI"
  },
  {
    "Id": 8,
    "Name": "EInteractIcon.Other",
    "Desc": "交互通用图标：其他 路径",
    "Type": "String",
    "Value": "/Game/Aki/UI/UIResources/UiPlot/Image/T_PlotIconLevelgeneral_UI.T_PlotIconLevelgeneral_UI"
  },
  {
    "Id": 9,
    "Name": "EInteractIcon.Weapon",
    "Desc": "交互通用图标：武器 路径",
    "Type": "String",
    "Value": "/Game/Aki/UI/UIResources/Common/Image/IconWorldMap/T_IconMap_Shop_07_UI.T_IconMap_Shop_07_UI"
  },
  {
    "Id": 10,
    "Name": "EInteractIcon.Cook",
    "Desc": "交互通用图标：烹饪 路径",
    "Type": "String",
    "Value": "/Game/Aki/UI/UIResources/Common/Image/IconWorldMap/T_IconMap_Shop_06_UI.T_IconMap_Shop_06_UI"
  },
  {
    "Id": 11,
    "Name": "EInteractIcon.Souvenir",
    "Desc": "交互通用图标：纪念品 路径",
    "Type": "String",
    "Value": "/Game/Aki/UI/UIResources/Common/Image/IconWorldMap/T_IconMap_Shop_10_UI.T_IconMap_Shop_10_UI"
  },
  {
    "Id": 12,
    "Name": "EInteractIcon.Hospital",
    "Desc": "交互通用图标：医馆 路径",
    "Type": "String",
    "Value": "/Game/Aki/UI/UIResources/Common/Image/IconWorldMap/T_IconMap_Shop_03_UI.T_IconMap_Shop_03_UI"
  },
  {
    "Id": 72,
    "Name": "EInteractIcon.Collect",
    "Desc": "交互通用图标：兑换商人 路径",
    "Type": "String",
    "Value": "/Game/Aki/UI/UIResources/Common/Image/IconWorldMap/T_IconMap_Shop_11_UI.T_IconMap_Shop_11_UI"
  },
  {
    "Id": 71,
    "Name": "EInteractIcon.Institute",
    "Desc": "交互通用图标：研究所 路径",
    "Type": "String",
    "Value": "/Game/Aki/UI/UIResources/Common/Image/IconWorldMap/T_IconMap_Shop_02_UI.T_IconMap_Shop_02_UI"
  },
  {
    "Id": 14,
    "Name": "EInteractIcon.SearchingLegacy",
    "Desc": "交互通用图标：寻遗商人 路径",
    "Type": "String",
    "Value": "/Game/Aki/UI/UIResources/Common/Image/IconWorldMap/T_IconMap_Play_06_UI.T_IconMap_Play_06_UI"
  },
  {
    "Id": 15,
    "Name": "EInteractIcon.AntecedentConvention",
    "Desc": "交互通用图标：先行公约商人 路径",
    "Type": "String",
    "Value": "/Game/Aki/UI/UIResources/Common/Image/IconWorldMap/T_IconMap_Play_07_UI.T_IconMap_Play_07_UI"
  },
  {
    "Id": 16,
    "Name": "EInteractIcon.AnechoicRegion",
    "Desc": "交互通用图标：无音区商人（武器商人暂用） 路径",
    "Type": "String",
    "Value": "/Game/Aki/UI/UIResources/Common/Image/IconWorldMap/T_IconMap_Shop_01_UI.T_IconMap_Shop_01_UI"
  },
  {
    "Id": 50,
    "Name": "EInteractIcon.Grocery",
    "Desc": "交互通用图标：杂货店 路径",
    "Type": "String",
    "Value": "/Game/Aki/UI/UIResources/Common/Image/IconWorldMap/T_IconMap_Shop_08_UI.T_IconMap_Shop_08_UI"
  },
  {
    "Id": 46,
    "Name": "EInteractIcon.Leave",
    "Desc": "交互通用图标：离开 路径",
    "Type": "String",
    "Value": "/Game/Aki/UI/UIResources/UiPlot/Image/T_PlotIconLeave_UI.T_PlotIconLeave_UI"
  },
  {
    "Id": 17,
    "Name": "EInteractDefaultIcon.BigTeleporter",
    "Desc": "交互系统默认图标： 大传送表",
    "Type": "String",
    "Value": "/Game/Aki/UI/UIResources/Common/Image/IconWorldMap/T_IconMap_CS_01_UI.T_IconMap_CS_01_UI"
  },
  {
    "Id": 18,
    "Name": "EInteractDefaultIcon.SmallTeleporter",
    "Desc": "交互系统默认图标：小传送表",
    "Type": "String",
    "Value": "/Game/Aki/UI/UIResources/Common/Image/IconWorldMap/T_IconMap_CS_02_UI.T_IconMap_CS_02_UI"
  },
  {
    "Id": 19,
    "Name": "EInteractDefaultIcon.TreasureBox",
    "Desc": "交互系统默认图标：宝箱",
    "Type": "String",
    "Value": "/Game/Aki/UI/UIResources/Common/Image/IconWorldMap/T_IconMap_SJ_01_UI.T_IconMap_SJ_01_UI"
  },
  {
    "Id": 52,
    "Name": "EInteractDefaultIcon.UnknownCollect",
    "Desc": "交互系统默认图标：未知采集物",
    "Type": "String",
    "Value": "/Game/Aki/UI/UIResources/Common/Image/IconWorldMap/T_IconMap_Pickup_UI.T_IconMap_Pickup_UI"
  },
  {
    "Id": 20,
    "Name": "ETrackEffect.LongLightBeam",
    "Desc": "追踪目标特效：大光柱 路径",
    "Type": "String",
    "Value": "/Game/Aki/Effect/EffectGroup/Common/DA_Fx_Group_Lightbeam_Long.DA_Fx_Group_Lightbeam_Long"
  },
  {
    "Id": 21,
    "Name": "ETrackEffect.ShortLightBeam",
    "Desc": "追踪目标特效：小光柱 路径",
    "Type": "String",
    "Value": "/Game/Aki/Effect/EffectGroup/Common/DA_Fx_Group_Lightbeam_Short.DA_Fx_Group_Lightbeam_Short"
  },
  {
    "Id": 22,
    "Name": "ENearbyTrackingTexture.BigTeleporter",
    "Desc": "附近追踪图标：大华表 路径",
    "Type": "String",
    "Value": "/Game/Aki/UI/UIResources/Common/Atlas/WorldMapIcon/SP_IconMap_CS_01_0_UI.SP_IconMap_CS_01_0_UI"
  },
  {
    "Id": 23,
    "Name": "ENearbyTrackingTexture.SmallTeleporter",
    "Desc": "附近追踪图标：小华表 路径",
    "Type": "String",
    "Value": "/Game/Aki/UI/UIResources/Common/Atlas/WorldMapIcon/SP_IconMap_CS_02_0_UI.SP_IconMap_CS_02_0_UI"
  },
  {
    "Id": 24,
    "Name": "ENearbyTrackingTexture.TreasureBox",
    "Desc": "附近追踪图标：宝箱 路径",
    "Type": "String",
    "Value": "/Game/Aki/UI/UIResources/Common/Atlas/WorldMapIcon/SP_IconTrack03.SP_IconTrack03"
  },
  {
    "Id": 63,
    "Name": "ENearbyTrackingTexture.TeleControl",
    "Desc": "附近追踪图标：控物 路径",
    "Type": "String",
    "Value": "/Game/Aki/UI/UIResources/Common/Atlas/WorldMapIcon/SP_IconTrack00.SP_IconTrack00"
  },
  {
    "Id": 64,
    "Name": "ENearbyTrackingTexture.PhantomBox",
    "Desc": "附近追踪图标：幻象宝箱 路径",
    "Type": "String",
    "Value": "/Game/Aki/UI/UIResources/Common/Atlas/WorldMapIcon/SP_IconTrack02.SP_IconTrack02"
  },
  {
    "Id": 65,
    "Name": "ENearbyTrackingTexture.DungeonKey",
    "Desc": "附近追踪图标：副本钥匙 路径",
    "Type": "String",
    "Value": "/Game/Aki/UI/UIResources/Common/Atlas/WorldMapIcon/SP_IconTrack01.SP_IconTrack01"
  },
  {
    "Id": 25,
    "Name": "TrackMarkHideDis",
    "Desc": "追踪标记隐藏距离",
    "Type": "Int",
    "Value": "0"
  },
  {
    "Id": 26,
    "Name": "CenterText.EndWaitTime",
    "Desc": "黑幕字结束后的等待时长",
    "Type": "Float",
    "Value": "5"
  },
  {
    "Id": 27,
    "Name": "Talk.GuardTime",
    "Desc": "字幕保护时间(秒)",
    "Type": "Float",
    "Value": "0.3"
  },
  {
    "Id": 28,
    "Name": "Talk.AudioDelay",
    "Desc": "字幕语音延迟播放时间(秒)",
    "Type": "Float",
    "Value": "0"
  },
  {
    "Id": 29,
    "Name": "Talk.AudioTransitionDuration",
    "Desc": "字幕语音淡出时间(秒)",
    "Type": "Float",
    "Value": "0.5"
  },
  {
    "Id": 30,
    "Name": "Interaction.EndWaitTime",
    "Desc": "交互前文本动画结束后的等待时长",
    "Type": "Float",
    "Value": "3"
  },
  {
    "Id": 31,
    "Name": "LevelD.EndWaitTime",
    "Desc": "D级字幕动画结束后的等待时长",
    "Type": "Float",
    "Value": "3"
  },
  {
    "Id": 32,
    "Name": "LevelC.EndWaitTime",
    "Desc": "C级字幕动画结束后的等待时长",
    "Type": "Float",
    "Value": "4"
  },
  {
    "Id": 33,
    "Name": "CenterText.CharPerSec",
    "Desc": "黑幕字每分钟显示字数(速度)",
    "Type": "Int",
    "Value": "480"
  },
  {
    "Id": 34,
    "Name": "Interaction.CharPerSec",
    "Desc": "交互前文本每分钟显示字数(速度)",
    "Type": "Int",
    "Value": "2400"
  },
  {
    "Id": 35,
    "Name": "LevelD.CharPerSec",
    "Desc": "D级字幕每分钟显示字数(速度)",
    "Type": "Int",
    "Value": "2400"
  },
  {
    "Id": 36,
    "Name": "LevelC.CharPerSec",
    "Desc": "C级字幕每分钟显示字数(速度)",
    "Type": "Int",
    "Value": "2400"
  },
  {
    "Id": 37,
    "Name": "Seq.CharPerSec",
    "Desc": "Seq字幕每分钟显示字数(速度)",
    "Type": "Int",
    "Value": "2400"
  },
  {
    "Id": 38,
    "Name": "GuideLineShowTime",
    "Desc": "引导线显示时间",
    "Type": "Int",
    "Value": "30"
  },
  {
    "Id": 39,
    "Name": "CenterText.FontSizeBig",
    "Desc": "黑幕字体大号",
    "Type": "Int",
    "Value": "80"
  },
  {
    "Id": 40,
    "Name": "CenterText.FontSizeMiddle",
    "Desc": "黑幕字体中号",
    "Type": "Int",
    "Value": "50"
  },
  {
    "Id": 41,
    "Name": "CenterText.FontSizeSmall",
    "Desc": "黑幕字体小号",
    "Type": "Int",
    "Value": "30"
  },
  {
    "Id": 42,
    "Name": "PlotTemplate.CameraShake",
    "Desc": "模板手持效果",
    "Type": "String",
    "Value": "/Game/Aki/Sequence/Task_Seq/Common/Shake_Seq/Template_LongHand.Template_LongHand"
  },
  {
    "Id": 44,
    "Name": "Plot.GoBattleMaterialPath",
    "Desc": "剧情切人上场材质",
    "Type": "String",
    "Value": "/Game/Aki/Effect/MaterialController/Sequence/Common/DA_Fx_Seq_ShowPlayer.DA_Fx_Seq_ShowPlayer"
  },
  {
    "Id": 45,
    "Name": "PlotTemplate.CameraExitRotation",
    "Desc": "模板退出后还原相机的角度(pitch,yaw,roll)——请勿改格式",
    "Type": "String",
    "Value": "-5,-10,0"
  },
  {
    "Id": 47,
    "Name": "PlotTemplate.LookAtDelay",
    "Desc": "模板看向说话人的随机延迟区间(秒,秒)",
    "Type": "String",
    "Value": "0.3,1"
  },
  {
    "Id": 48,
    "Name": "PhoneCall.CallShowAudioEvent",
    "Desc": "通讯UI打开音频",
    "Type": "String",
    "Value": "/Game/Aki/WwiseAudio/Events/play_ae_ui_fb_call.play_ae_ui_fb_call"
  },
  {
    "Id": 49,
    "Name": "PhoneCall.CallHideAudioEvent",
    "Desc": "通讯UI关闭音频",
    "Type": "String",
    "Value": "/Game/Aki/WwiseAudio/Events/play_ae_ui_fb_call_end.play_ae_ui_fb_call_end"
  },
  {
    "Id": 51,
    "Name": "Photo.TargetFinderFrameSize",
    "Desc": "拍照玩法取景框大小",
    "Type": "Float",
    "Value": "1"
  },
  {
    "Id": 55,
    "Name": "Sequence.SequenceEndLeastTime",
    "Desc": "Sequence字幕最后一句跳过的淡出时间（秒）",
    "Type": "Float",
    "Value": "1.5"
  },
  {
    "Id": 56,
    "Name": "Plot.DoubleClickInterval",
    "Desc": "唤醒跳过剧情按钮的双击间隔（秒）",
    "Type": "Float",
    "Value": "0.8"
  },
  {
    "Id": 57,
    "Name": "Plot.SkipPressingTime",
    "Desc": "长按跳过需要的时间（秒）",
    "Type": "Float",
    "Value": "0.8"
  },
  {
    "Id": 58,
    "Name": "Plot.TipsDuration",
    "Desc": "隐藏跳过按钮的时间（秒）",
    "Type": "Float",
    "Value": "3"
  },
  {
    "Id": 59,
    "Name": "Plot.ClickBufferTime",
    "Desc": "跳过进度条最短响应时间（秒）",
    "Type": "Float",
    "Value": "0.6"
  },
  {
    "Id": 60,
    "Name": "Plot.DisableFlow",
    "Desc": "强制跳过全部剧情",
    "Type": "Int",
    "Value": "0"
  },
  {
    "Id": 61,
    "Name": "Plot.WaitCalmTime",
    "Desc": "剧情开始时等待当前角色技能完成的保底时间（秒）",
    "Type": "Float",
    "Value": "4"
  },
  {
    "Id": 62,
    "Name": "Plot.DragDist",
    "Desc": "剧情中拖拽相机超过多少时放开跳过",
    "Type": "Float",
    "Value": "10"
  },
  {
    "Id": 67,
    "Name": "SundialGamePlay.AngularSpeed1",
    "Desc": "日晷玩法的角速度，外圈单位时间转动的角度",
    "Type": "Int",
    "Value": "40"
  },
  {
    "Id": 68,
    "Name": "SundialGamePlay.AngularSpeed2",
    "Desc": "日晷玩法的角速度，内圈单位时间转动的角度",
    "Type": "Int",
    "Value": "80"
  },
  {
    "Id": 69,
    "Name": "Photo.EntityCameraFovRangeMin",
    "Desc": "拍照道具fov范围最小值",
    "Type": "Float",
    "Value": "30"
  },
  {
    "Id": 70,
    "Name": "Photo.EntityCameraFovRangeMax",
    "Desc": "拍照道具fov范围最大值",
    "Type": "Float",
    "Value": "70"
  },
  {
    "Id": 800001,
    "Name": "EInteractIcon.Dungeon",
    "Desc": "交互通用图标：副本 路径",
    "Type": "String",
    "Value": "/Game/Aki/UI/UIResources/Common/Image/IconWorldMap/T_IconMap_Play_01_UI.T_IconMap_Play_01_UI"
  },
  {
    "Id": 900001,
    "Name": "EInteractIcon.ChengXiaoShanShop",
    "Desc": "交互通用图标：乘霄山收集物商店 路径",
    "Type": "String",
    "Value": "/Game/Aki/UI/UIResources/Common/Image/IconWorldMap/T_IconMap_Play_13_UI.T_IconMap_Play_13_UI"
  },
  {
    "Id": 900002,
    "Name": "Plot.AudioEndWaitTimePrompt",
    "Desc": "吉祥物对话：语音结束到下一句话的间隔（秒）",
    "Type": "String",
    "Value": "1"
  },
  {
    "Id": 900003,
    "Name": "Plot.DefaultDurationPrompt",
    "Desc": "吉祥物对话：没有音频时一句话的显示时长（秒）",
    "Type": "String",
    "Value": "3"
  },
  {
    "Id": 700001,
    "Name": "Plot.ProtectOptionTime",
    "Desc": "选项防误触保护时间（秒）",
    "Type": "Float",
    "Value": "0.84"
  },
  {
    "Id": 750001,
    "Name": "EInteractIcon.GroceryKuroRobot",
    "Desc": "交互通用图标：库默尼商行 路径",
    "Type": "String",
    "Value": "/Game/Aki/UI/UIResources/Common/Atlas/WorldMapIcon/SP_IconMap_Shop_12_UI.SP_IconMap_Shop_12_UI"
  }
]