[
  {
    "Id": "subtitle_normal",
    "AudioEventPath": "/Game/Aki/WwiseAudio/Events/play_external_vo_subtitle_normal.play_external_vo_subtitle_normal",
    "ExternalSrcName": "external_plot_voice"
  },
  {
    "Id": "bubble_hard_ducking",
    "AudioEventPath": "/Game/Aki/WwiseAudio/Events/play_external_vo_bubble_hard_ducking.play_external_vo_bubble_hard_ducking",
    "ExternalSrcName": "external_plot_voice_bubble_hard_ducking"
  },
  {
    "Id": "bubble_soft_ducking",
    "AudioEventPath": "/Game/Aki/WwiseAudio/Events/play_external_vo_bubble_soft_ducking.play_external_vo_bubble_soft_ducking",
    "ExternalSrcName": "external_plot_voice_bubble_soft_ducking"
  }
]