[
  {
    "Id": "play_ui_fb_concerto_energy",
    "Path": "/Game/Aki/WwiseAudio/Events/play_ui_fb_concerto_energy.play_ui_fb_concerto_energy"
  },
  {
    "Id": "SignalDecodeGame_count_down",
    "Path": "/Game/Aki/WwiseAudio/Events/play_ui_fx_com_count_number.play_ui_fx_com_count_number"
  },
  {
    "Id": "SignalDecodeGame_count_down_End",
    "Path": "/Game/Aki/WwiseAudio/Events/play_ui_fx_com_count_start.play_ui_fx_com_count_start"
  },
  {
    "Id": "SignalDecodeGame_play_base_noise",
    "Path": "/Game/Aki/WwiseAudio/Events/play_amb_interact_capture_signal_noise.play_amb_interact_capture_signal_noise"
  },
  {
    "Id": "SignalDecodeGame_stop_base_noise",
    "Path": "/Game/Aki/WwiseAudio/Events/stop_amb_interact_capture_signal_noise.stop_amb_interact_capture_signal_noise"
  },
  {
    "Id": "SignalDecodeGame_play_press_loop",
    "Path": "/Game/Aki/WwiseAudio/Events/play_amb_interact_capture_signal_press_loop.play_amb_interact_capture_signal_press_loop"
  },
  {
    "Id": "SignalDecodeGame_stop_press_loop",
    "Path": "/Game/Aki/WwiseAudio/Events/stop_amb_interact_capture_signal_press_loop.stop_amb_interact_capture_signal_press_loop"
  },
  {
    "Id": "SignalDecodeGame_release_correct",
    "Path": "/Game/Aki/WwiseAudio/Events/play_amb_interact_capture_signal_release_correct.play_amb_interact_capture_signal_release_correct"
  },
  {
    "Id": "SignalDecodeGame_release_error",
    "Path": "/Game/Aki/WwiseAudio/Events/play_amb_interact_capture_signal_release_error.play_amb_interact_capture_signal_release_error"
  },
  {
    "Id": "SceneItemDrop_play_item_pickup",
    "Path": "/Game/Aki/WwiseAudio/Events/play_ui_fb_pickup.play_ui_fb_pickup"
  },
  {
    "Id": "play_amb_interact_sundial_inner_circle_loop",
    "Path": "/Game/Aki/WwiseAudio/Events/play_amb_interact_sundial_inner_circle_loop.play_amb_interact_sundial_inner_circle_loop"
  },
  {
    "Id": "play_amb_interact_sundial_inner_circle_stuck",
    "Path": "/Game/Aki/WwiseAudio/Events/play_amb_interact_sundial_inner_circle_stuck.play_amb_interact_sundial_inner_circle_stuck"
  },
  {
    "Id": "play_amb_interact_sundial_outer_circle_loop",
    "Path": "/Game/Aki/WwiseAudio/Events/play_amb_interact_sundial_outer_circle_loop.play_amb_interact_sundial_outer_circle_loop"
  },
  {
    "Id": "play_amb_interact_sundial_outer_circle_stuck",
    "Path": "/Game/Aki/WwiseAudio/Events/play_amb_interact_sundial_outer_circle_stuck.play_amb_interact_sundial_outer_circle_stuck"
  },
  {
    "Id": "play_amb_interact_sundial_activate",
    "Path": "/Game/Aki/WwiseAudio/Events/play_amb_interact_sundial_activate.play_amb_interact_sundial_activate"
  },
  {
    "Id": "play_amb_interact_sundial_deactivate",
    "Path": "/Game/Aki/WwiseAudio/Events/play_amb_interact_sundial_deactivate.play_amb_interact_sundial_deactivate"
  },
  {
    "Id": "play_amb_interact_sundial_finish",
    "Path": "/Game/Aki/WwiseAudio/Events/play_amb_interact_sundial_finish.play_amb_interact_sundial_finish"
  },
  {
    "Id": "play_ui_fx_spl_gen_page_open",
    "Path": "/Game/Aki/WwiseAudio/Events/play_ui_fx_spl_gen_page_open.play_ui_fx_spl_gen_page_open"
  },
  {
    "Id": "play_ui_fx_spl_gen_page_close",
    "Path": "/Game/Aki/WwiseAudio/Events/play_ui_fx_spl_gen_page_close.play_ui_fx_spl_gen_page_close"
  },
  {
    "Id": "play_ui_fx_spl_gen_robot_success_vo",
    "Path": "/Game/Aki/WwiseAudio/Events/play_ui_fx_spl_gen_robot_success_vo.play_ui_fx_spl_gen_robot_success_vo"
  },
  {
    "Id": "play_ui_fb_warn",
    "Path": "/Game/Aki/WwiseAudio/Events/play_ui_fb_warn.play_ui_fb_warn"
  },
  {
    "Id": "SignalDecodeGame_music_play_BGM",
    "Path": "/Game/Aki/WwiseAudio/Events/play_function_music_worldgame_sevenday.play_function_music_worldgame_sevenday"
  },
  {
    "Id": "SignalDecodeGame_music_stop_BGM",
    "Path": "/Game/Aki/WwiseAudio/Events/stop_function_music_worldgame_sevenday.stop_function_music_worldgame_sevenday"
  },
  {
    "Id": "SignalDecodeGame_music_play_presserror",
    "Path": "/Game/Aki/WwiseAudio/Events/play_amb_interact_capture_signal_release_error.play_amb_interact_capture_signal_release_error"
  },
  {
    "Id": "SignalDecodeGame_music_stop_presserror",
    "Path": "/Game/Aki/WwiseAudio/Events/stop_amb_interact_capture_signal_press_loop.stop_amb_interact_capture_signal_press_loop"
  },
  {
    "Id": "SignalDecodeGame_music_pause_BGM",
    "Path": "/Game/Aki/WwiseAudio/Events/pause_function_music_worldgame_sevenday.pause_function_music_worldgame_sevenday"
  },
  {
    "Id": "SignalDecodeGame_music_resume_BGM",
    "Path": "/Game/Aki/WwiseAudio/Events/resume_function_music_worldgame_sevenday.resume_function_music_worldgame_sevenday"
  },
  {
    "Id": "play_ui_fb_concerto_energy_rogue",
    "Path": "/Game/Aki/WwiseAudio/Events/play_ui_fb_concerto_energy_rogue.play_ui_fb_concerto_energy_rogue"
  }
]