[
  {
    "Id": 0,
    "TeamColdTime": 0,
    "CharacterColdTime": 1500,
    "PostProbability": 100
  },
  {
    "Id": 1001,
    "TeamColdTime": 1000,
    "CharacterColdTime": 5000,
    "PostProbability": 50
  },
  {
    "Id": 1002,
    "TeamColdTime": 1000,
    "CharacterColdTime": 5000,
    "PostProbability": 75
  },
  {
    "Id": 1003,
    "TeamColdTime": 1000,
    "CharacterColdTime": 5000,
    "PostProbability": 50
  },
  {
    "Id": 1004,
    "TeamColdTime": 4000,
    "CharacterColdTime": 8000,
    "PostProbability": 100
  },
  {
    "Id": 1005,
    "TeamColdTime": 4000,
    "CharacterColdTime": 8000,
    "PostProbability": 100
  },
  {
    "Id": 1006,
    "TeamColdTime": 4000,
    "CharacterColdTime": 8000,
    "PostProbability": 100
  },
  {
    "Id": 1007,
    "TeamColdTime": 4000,
    "CharacterColdTime": 8000,
    "PostProbability": 100
  },
  {
    "Id": 2001,
    "TeamColdTime": 500,
    "CharacterColdTime": 6000,
    "PostProbability": 100
  },
  {
    "Id": 2002,
    "TeamColdTime": 500,
    "CharacterColdTime": 6000,
    "PostProbability": 100
  },
  {
    "Id": 2004,
    "TeamColdTime": 6000,
    "CharacterColdTime": 6000,
    "PostProbability": 75
  },
  {
    "Id": 2005,
    "TeamColdTime": 6000,
    "CharacterColdTime": 6000,
    "PostProbability": 75
  },
  {
    "Id": 2006,
    "TeamColdTime": 30000,
    "CharacterColdTime": 45000,
    "PostProbability": 100
  },
  {
    "Id": 2007,
    "TeamColdTime": 1000,
    "CharacterColdTime": 3000,
    "PostProbability": 50
  },
  {
    "Id": 2008,
    "TeamColdTime": 4000,
    "CharacterColdTime": 5000,
    "PostProbability": 100
  }
]