[
  {
    "Id": 3,
    "Montage": "/Game/Aki/Character/NPC/FemaleS/Montage/Montage_Common_Nod_01_FemaleS.Montage_Common_Nod_01_FemaleS",
    "MaleVariant": ""
  },
  {
    "Id": 4,
    "Montage": "/Game/Aki/Character/NPC/FemaleS/Montage/Montage_Common_No_01_FemaleS.Montage_Common_No_01_FemaleS",
    "MaleVariant": ""
  },
  {
    "Id": 5,
    "Montage": "/Game/Aki/Character/NPC/FemaleS/Montage/Montage_Common_Rise_01_FemaleS.Montage_Common_Rise_01_FemaleS",
    "MaleVariant": ""
  },
  {
    "Id": 6,
    "Montage": "/Game/Aki/Character/NPC/FemaleS/Montage/Montage_Common_Submit_01_FemaleS.Montage_Common_Submit_01_FemaleS",
    "MaleVariant": ""
  },
  {
    "Id": 7,
    "Montage": "/Game/Aki/Character/NPC/FemaleS/Montage/Girl/Montage_Common_Nod_01_Girl.Montage_Common_Nod_01_Girl",
    "MaleVariant": ""
  },
  {
    "Id": 8,
    "Montage": "/Game/Aki/Character/NPC/FemaleS/Montage/Girl/Montage_Common_No_01_Girl.Montage_Common_No_01_Girl",
    "MaleVariant": ""
  },
  {
    "Id": 9,
    "Montage": "/Game/Aki/Character/NPC/FemaleS/Montage/Girl/Montage_Common_Rise_01_Girl.Montage_Common_Rise_01_Girl",
    "MaleVariant": ""
  },
  {
    "Id": 10,
    "Montage": "/Game/Aki/Character/NPC/FemaleS/Montage/Girl/Montage_Common_Submit_01_Girl.Montage_Common_Submit_01_Girl",
    "MaleVariant": ""
  },
  {
    "Id": 11,
    "Montage": "/Game/Aki/Character/NPC/MaleM/Montage/Montage_Common_Nod_01_MaleM.Montage_Common_Nod_01_MaleM",
    "MaleVariant": ""
  },
  {
    "Id": 12,
    "Montage": "/Game/Aki/Character/NPC/MaleM/Montage/Montage_Common_No_01_MaleM.Montage_Common_No_01_MaleM",
    "MaleVariant": ""
  },
  {
    "Id": 13,
    "Montage": "/Game/Aki/Character/NPC/MaleM/Montage/Montage_Common_Rise_01_MaleM.Montage_Common_Rise_01_MaleM",
    "MaleVariant": ""
  },
  {
    "Id": 14,
    "Montage": "/Game/Aki/Character/NPC/MaleM/Montage/Montage_Common_Submit_01_MaleM.Montage_Common_Submit_01_MaleM",
    "MaleVariant": ""
  },
  {
    "Id": 15,
    "Montage": "/Game/Aki/Character/NPC/MaleM/Montage/OLDMaleM/Montage_Common_Nod_01_OldMaleM.Montage_Common_Nod_01_OldMaleM",
    "MaleVariant": ""
  },
  {
    "Id": 16,
    "Montage": "/Game/Aki/Character/NPC/MaleM/Montage/OLDMaleM/Montage_Common_No_01_OldMaleM.Montage_Common_No_01_OldMaleM",
    "MaleVariant": ""
  },
  {
    "Id": 17,
    "Montage": "/Game/Aki/Character/NPC/MaleM/Montage/OLDMaleM/Montage_Common_Rise_01_OldMaleM.Montage_Common_Rise_01_OldMaleM",
    "MaleVariant": ""
  },
  {
    "Id": 18,
    "Montage": "/Game/Aki/Character/NPC/MaleM/Montage/OLDMaleM/Montage_Common_Submit_01_OldMaleM.Montage_Common_Submit_01_OldMaleM",
    "MaleVariant": ""
  },
  {
    "Id": 19,
    "Montage": "/Game/Aki/Character/NPC/MaleM/Montage/Montage_Common_Nod_01_MaleM.Montage_Common_Nod_01_MaleM",
    "MaleVariant": ""
  },
  {
    "Id": 20,
    "Montage": "/Game/Aki/Character/NPC/MaleM/Montage/Montage_Common_No_01_MaleM.Montage_Common_No_01_MaleM",
    "MaleVariant": ""
  },
  {
    "Id": 21,
    "Montage": "/Game/Aki/Character/NPC/MaleM/Montage/Montage_Common_Rise_01_MaleM.Montage_Common_Rise_01_MaleM",
    "MaleVariant": ""
  },
  {
    "Id": 22,
    "Montage": "/Game/Aki/Character/NPC/MaleM/Montage/Montage_Common_Submit_01_MaleM.Montage_Common_Submit_01_MaleM",
    "MaleVariant": ""
  },
  {
    "Id": 23,
    "Montage": "/Game/Aki/Character/NPC/MaleM/Montage/Montage_Common_Nod_01_MaleM.Montage_Common_Nod_01_MaleM",
    "MaleVariant": ""
  },
  {
    "Id": 24,
    "Montage": "/Game/Aki/Character/NPC/MaleM/Montage/Montage_Common_No_01_MaleM.Montage_Common_No_01_MaleM",
    "MaleVariant": ""
  },
  {
    "Id": 25,
    "Montage": "/Game/Aki/Character/NPC/MaleM/Montage/Montage_Common_Rise_01_MaleM.Montage_Common_Rise_01_MaleM",
    "MaleVariant": ""
  },
  {
    "Id": 26,
    "Montage": "/Game/Aki/Character/NPC/MaleM/Montage/Montage_Common_Submit_01_MaleM.Montage_Common_Submit_01_MaleM",
    "MaleVariant": ""
  },
  {
    "Id": 27,
    "Montage": "/Game/Aki/Character/NPC/MaleM/Montage/Montage_Common_Nod_01_MaleM.Montage_Common_Nod_01_MaleM",
    "MaleVariant": ""
  },
  {
    "Id": 28,
    "Montage": "/Game/Aki/Character/NPC/MaleM/Montage/Montage_Common_No_01_MaleM.Montage_Common_No_01_MaleM",
    "MaleVariant": ""
  },
  {
    "Id": 29,
    "Montage": "/Game/Aki/Character/NPC/MaleM/Montage/Montage_Common_Rise_01_MaleM.Montage_Common_Rise_01_MaleM",
    "MaleVariant": ""
  },
  {
    "Id": 30,
    "Montage": "/Game/Aki/Character/NPC/MaleM/Montage/Montage_Common_Submit_01_MaleM.Montage_Common_Submit_01_MaleM",
    "MaleVariant": ""
  },
  {
    "Id": 31,
    "Montage": "/Game/Aki/Character/NPC/MaleM/Montage/Montage_Common_Nod_01_MaleM.Montage_Common_Nod_01_MaleM",
    "MaleVariant": ""
  },
  {
    "Id": 32,
    "Montage": "/Game/Aki/Character/NPC/MaleM/Montage/Montage_Common_No_01_MaleM.Montage_Common_No_01_MaleM",
    "MaleVariant": ""
  },
  {
    "Id": 34,
    "Montage": "/Game/Aki/Character/NPC/MaleM/Montage/Montage_Common_Rise_01_MaleM.Montage_Common_Rise_01_MaleM",
    "MaleVariant": ""
  },
  {
    "Id": 33,
    "Montage": "/Game/Aki/Character/NPC/MaleM/Montage/Montage_Common_Submit_01_MaleM.Montage_Common_Submit_01_MaleM",
    "MaleVariant": ""
  },
  {
    "Id": 35,
    "Montage": "/Game/Aki/Character/NPC/MaleM/Montage/NH_MaleM_002/Montage_Common_Nod_01_MaleM_002.Montage_Common_Nod_01_MaleM_002",
    "MaleVariant": ""
  },
  {
    "Id": 36,
    "Montage": "/Game/Aki/Character/NPC/MaleM/Montage/NH_MaleM_002/Montage_Common_No_01_MaleM_002.Montage_Common_No_01_MaleM_002",
    "MaleVariant": ""
  },
  {
    "Id": 37,
    "Montage": "/Game/Aki/Character/NPC/MaleM/Montage/NH_MaleM_002/Montage_Common_Rise_01_MaleM_002.Montage_Common_Rise_01_MaleM_002",
    "MaleVariant": ""
  },
  {
    "Id": 38,
    "Montage": "/Game/Aki/Character/NPC/MaleM/Montage/NH_MaleM_002/Montage_Common_Submit_01_MaleM_002.Montage_Common_Submit_01_MaleM_002",
    "MaleVariant": ""
  },
  {
    "Id": 39,
    "Montage": "/Game/Aki/Character/NPC/MaleM/Montage/NH_MaleM_003/Montage_Common_Nod_01_MaleM_003.Montage_Common_Nod_01_MaleM_003",
    "MaleVariant": ""
  },
  {
    "Id": 40,
    "Montage": "/Game/Aki/Character/NPC/MaleM/Montage/NH_MaleM_003/Montage_Common_No_01_MaleM_003.Montage_Common_No_01_MaleM_003",
    "MaleVariant": ""
  },
  {
    "Id": 41,
    "Montage": "/Game/Aki/Character/NPC/MaleM/Montage/NH_MaleM_003/Montage_Common_Rise_01_MaleM_003.Montage_Common_Rise_01_MaleM_003",
    "MaleVariant": ""
  },
  {
    "Id": 42,
    "Montage": "/Game/Aki/Character/NPC/MaleM/Montage/NH_MaleM_003/Montage_Common_Submit_01_MaleM_003.Montage_Common_Submit_01_MaleM_003",
    "MaleVariant": ""
  },
  {
    "Id": 43,
    "Montage": "/Game/Aki/Character/NPC/MaleM/Montage/NH_MaleM_006/Montage_Common_Nod_01_MaleM_006.Montage_Common_Nod_01_MaleM_006",
    "MaleVariant": ""
  },
  {
    "Id": 44,
    "Montage": "/Game/Aki/Character/NPC/MaleM/Montage/NH_MaleM_006/Montage_Common_No_01_MaleM_006.Montage_Common_No_01_MaleM_006",
    "MaleVariant": ""
  },
  {
    "Id": 45,
    "Montage": "/Game/Aki/Character/NPC/MaleM/Montage/NH_MaleM_006/Montage_Common_Rise_01_MaleM_006.Montage_Common_Rise_01_MaleM_006",
    "MaleVariant": ""
  },
  {
    "Id": 46,
    "Montage": "/Game/Aki/Character/NPC/MaleM/Montage/NH_MaleM_006/Montage_Common_Submit_01_MaleM_006.Montage_Common_Submit_01_MaleM_006",
    "MaleVariant": ""
  },
  {
    "Id": 47,
    "Montage": "/Game/Aki/Character/NPC/FemaleM/Montage/Montage_Common_Nod_01_FemaleM.Montage_Common_Nod_01_FemaleM",
    "MaleVariant": ""
  },
  {
    "Id": 48,
    "Montage": "/Game/Aki/Character/NPC/FemaleM/Montage/Montage_Common_No_01_FemaleM.Montage_Common_No_01_FemaleM",
    "MaleVariant": ""
  },
  {
    "Id": 49,
    "Montage": "/Game/Aki/Character/NPC/FemaleM/Montage/Montage_Common_Rise_01_FemaleM.Montage_Common_Rise_01_FemaleM",
    "MaleVariant": ""
  },
  {
    "Id": 50,
    "Montage": "/Game/Aki/Character/NPC/FemaleM/Montage/Montage_Common_Submit_01_FemaleM.Montage_Common_Submit_01_FemaleM",
    "MaleVariant": ""
  },
  {
    "Id": 51,
    "Montage": "/Game/Aki/Character/NPC/FemaleM/Montage/Montage_Common_Nod_01_FemaleM.Montage_Common_Nod_01_FemaleM",
    "MaleVariant": ""
  },
  {
    "Id": 52,
    "Montage": "/Game/Aki/Character/NPC/FemaleM/Montage/Montage_Common_No_01_FemaleM.Montage_Common_No_01_FemaleM",
    "MaleVariant": ""
  },
  {
    "Id": 53,
    "Montage": "/Game/Aki/Character/NPC/FemaleM/Montage/Montage_Common_Rise_01_FemaleM.Montage_Common_Rise_01_FemaleM",
    "MaleVariant": ""
  },
  {
    "Id": 54,
    "Montage": "/Game/Aki/Character/NPC/FemaleM/Montage/Montage_Common_Submit_01_FemaleM.Montage_Common_Submit_01_FemaleM",
    "MaleVariant": ""
  },
  {
    "Id": 55,
    "Montage": "/Game/Aki/Character/NPC/FemaleM/Montage/Montage_Common_Nod_01_FemaleM.Montage_Common_Nod_01_FemaleM",
    "MaleVariant": ""
  },
  {
    "Id": 56,
    "Montage": "/Game/Aki/Character/NPC/FemaleM/Montage/Montage_Common_No_01_FemaleM.Montage_Common_No_01_FemaleM",
    "MaleVariant": ""
  },
  {
    "Id": 57,
    "Montage": "/Game/Aki/Character/NPC/FemaleM/Montage/Montage_Common_Rise_01_FemaleM.Montage_Common_Rise_01_FemaleM",
    "MaleVariant": ""
  },
  {
    "Id": 58,
    "Montage": "/Game/Aki/Character/NPC/FemaleM/Montage/Montage_Common_Submit_01_FemaleM.Montage_Common_Submit_01_FemaleM",
    "MaleVariant": ""
  },
  {
    "Id": 59,
    "Montage": "/Game/Aki/Character/NPC/FemaleM/Montage/Montage_Common_Nod_01_FemaleM.Montage_Common_Nod_01_FemaleM",
    "MaleVariant": ""
  },
  {
    "Id": 60,
    "Montage": "/Game/Aki/Character/NPC/FemaleM/Montage/Montage_Common_No_01_FemaleM.Montage_Common_No_01_FemaleM",
    "MaleVariant": ""
  },
  {
    "Id": 61,
    "Montage": "/Game/Aki/Character/NPC/FemaleM/Montage/Montage_Common_Rise_01_FemaleM.Montage_Common_Rise_01_FemaleM",
    "MaleVariant": ""
  },
  {
    "Id": 62,
    "Montage": "/Game/Aki/Character/NPC/FemaleM/Montage/Montage_Common_Submit_01_FemaleM.Montage_Common_Submit_01_FemaleM",
    "MaleVariant": ""
  },
  {
    "Id": 63,
    "Montage": "/Game/Aki/Character/NPC/FemaleM/Montage/Montage_Common_Nod_01_FemaleM.Montage_Common_Nod_01_FemaleM",
    "MaleVariant": ""
  },
  {
    "Id": 64,
    "Montage": "/Game/Aki/Character/NPC/FemaleM/Montage/Montage_Common_No_01_FemaleM.Montage_Common_No_01_FemaleM",
    "MaleVariant": ""
  },
  {
    "Id": 65,
    "Montage": "/Game/Aki/Character/NPC/FemaleM/Montage/Montage_Common_Rise_01_FemaleM.Montage_Common_Rise_01_FemaleM",
    "MaleVariant": ""
  },
  {
    "Id": 66,
    "Montage": "/Game/Aki/Character/NPC/FemaleM/Montage/Montage_Common_Submit_01_FemaleM.Montage_Common_Submit_01_FemaleM",
    "MaleVariant": ""
  },
  {
    "Id": 67,
    "Montage": "/Game/Aki/Character/NPC/FemaleM/Montage/NH_FemaleM_013/Montage_Common_Nod_01_FemaleM_013.Montage_Common_Nod_01_FemaleM_013",
    "MaleVariant": ""
  },
  {
    "Id": 68,
    "Montage": "/Game/Aki/Character/NPC/FemaleM/Montage/NH_FemaleM_013/Montage_Common_No_01_FemaleM_013.Montage_Common_No_01_FemaleM_013",
    "MaleVariant": ""
  },
  {
    "Id": 69,
    "Montage": "/Game/Aki/Character/NPC/FemaleM/Montage/NH_FemaleM_013/Montage_Common_Rise_01_FemaleM_013.Montage_Common_Rise_01_FemaleM_013",
    "MaleVariant": ""
  },
  {
    "Id": 70,
    "Montage": "/Game/Aki/Character/NPC/FemaleM/Montage/NH_FemaleM_013/Montage_Common_Submit_01_FemaleM_013.Montage_Common_Submit_01_FemaleM_013",
    "MaleVariant": ""
  },
  {
    "Id": 71,
    "Montage": "/Game/Aki/Character/NPC/FemaleM/Montage/N_H_C_E001/Montage_Common_Nod_01_FemaleM_001.Montage_Common_Nod_01_FemaleM_001",
    "MaleVariant": ""
  },
  {
    "Id": 72,
    "Montage": "/Game/Aki/Character/NPC/FemaleM/Montage/N_H_C_E001/Montage_Common_No_01_FemaleM_001.Montage_Common_No_01_FemaleM_001",
    "MaleVariant": ""
  },
  {
    "Id": 73,
    "Montage": "/Game/Aki/Character/NPC/FemaleM/Montage/N_H_C_E001/Montage_Common_Rise_01_FemaleM_001.Montage_Common_Rise_01_FemaleM_001",
    "MaleVariant": ""
  },
  {
    "Id": 74,
    "Montage": "/Game/Aki/Character/NPC/FemaleM/Montage/N_H_C_E001/Montage_Common_Submit_01_FemaleM_001.Montage_Common_Submit_01_FemaleM_001",
    "MaleVariant": ""
  },
  {
    "Id": 75,
    "Montage": "/Game/Aki/Character/NPC/FemaleM/Montage/NH_FemaleM_002/Montage_Common_Nod_01_FemaleM_002.Montage_Common_Nod_01_FemaleM_002",
    "MaleVariant": ""
  },
  {
    "Id": 76,
    "Montage": "/Game/Aki/Character/NPC/FemaleM/Montage/NH_FemaleM_002/Montage_Common_No_01_FemaleM_002.Montage_Common_No_01_FemaleM_002",
    "MaleVariant": ""
  },
  {
    "Id": 77,
    "Montage": "/Game/Aki/Character/NPC/FemaleM/Montage/NH_FemaleM_002/Montage_Common_Rise_01_FemaleM_002.Montage_Common_Rise_01_FemaleM_002",
    "MaleVariant": ""
  },
  {
    "Id": 78,
    "Montage": "/Game/Aki/Character/NPC/FemaleM/Montage/NH_FemaleM_002/Montage_Common_Submit_01_FemaleM_002.Montage_Common_Submit_01_FemaleM_002",
    "MaleVariant": ""
  },
  {
    "Id": 79,
    "Montage": "/Game/Aki/Character/NPC/FemaleM/Montage/NH_FemaleM_005/Montage_Common_Nod_01_FemaleM_005.Montage_Common_Nod_01_FemaleM_005",
    "MaleVariant": ""
  },
  {
    "Id": 80,
    "Montage": "/Game/Aki/Character/NPC/FemaleM/Montage/NH_FemaleM_005/Montage_Common_No_01_FemaleM_005.Montage_Common_No_01_FemaleM_005",
    "MaleVariant": ""
  },
  {
    "Id": 81,
    "Montage": "/Game/Aki/Character/NPC/FemaleM/Montage/NH_FemaleM_005/Montage_Common_Rise_01_FemaleM_005.Montage_Common_Rise_01_FemaleM_005",
    "MaleVariant": ""
  },
  {
    "Id": 82,
    "Montage": "/Game/Aki/Character/NPC/FemaleM/Montage/NH_FemaleM_005/Montage_Common_Submit_01_FemaleM_005.Montage_Common_Submit_01_FemaleM_005",
    "MaleVariant": ""
  },
  {
    "Id": 84,
    "Montage": "/Game/Aki/Character/NPC/FemaleM/Montage/NH_FemaleM_009/Montage_Common_Nod_01_FemaleM_009.Montage_Common_Nod_01_FemaleM_009",
    "MaleVariant": ""
  },
  {
    "Id": 83,
    "Montage": "/Game/Aki/Character/NPC/FemaleM/Montage/NH_FemaleM_009/Montage_Common_No_01_FemaleM_009.Montage_Common_No_01_FemaleM_009",
    "MaleVariant": ""
  },
  {
    "Id": 85,
    "Montage": "/Game/Aki/Character/NPC/FemaleM/Montage/NH_FemaleM_009/Montage_Common_Rise_01_FemaleM_009.Montage_Common_Rise_01_FemaleM_009",
    "MaleVariant": ""
  },
  {
    "Id": 86,
    "Montage": "/Game/Aki/Character/NPC/FemaleM/Montage/NH_FemaleM_009/Montage_Common_Submit_01_FemaleM_009.Montage_Common_Submit_01_FemaleM_009",
    "MaleVariant": ""
  },
  {
    "Id": 87,
    "Montage": "/Game/Aki/Character/NPC/MaleXL/Montage/NH_MaleXL_009/Montage_Common_Nod_01_MaleXL_009.Montage_Common_Nod_01_MaleXL_009",
    "MaleVariant": ""
  },
  {
    "Id": 88,
    "Montage": "/Game/Aki/Character/NPC/MaleXL/Montage/NH_MaleXL_009/Montage_Common_No_01_MaleXL_009.Montage_Common_No_01_MaleXL_009",
    "MaleVariant": ""
  },
  {
    "Id": 89,
    "Montage": "/Game/Aki/Character/NPC/MaleXL/Montage/NH_MaleXL_009/Montage_Common_Rise_01_MaleXL_009.Montage_Common_Rise_01_MaleXL_009",
    "MaleVariant": ""
  },
  {
    "Id": 90,
    "Montage": "/Game/Aki/Character/NPC/MaleXL/Montage/NH_MaleXL_009/Montage_Common_Submit_01_MaleXL_009.Montage_Common_Submit_01_MaleXL_009",
    "MaleVariant": ""
  }
]