[
  {
    "Id": 1,
    "Pic": "/Game/Aki/UI/UIResources/Common/Image/ImgHelp/T_ImgHelp_Shenghai_01_UI.T_ImgHelp_Shenghai_01_UI",
    "Title": "Tutorial_01_Title",
    "SubTitle": "",
    "Content": "GuideTutorialPage_1000001_Content",
    "Button": {
      "PKa": [],
      "length": 0
    }
  },
  {
    "Id": 2,
    "Pic": "/Game/Aki/UI/UIResources/Common/Image/ImgHelp/T_ImgHelp_Gongmingjiefang_01_UI.T_ImgHelp_Gongmingjiefang_01_UI",
    "Title": "Tutorial_02_Title",
    "SubTitle": "",
    "Content": "GuideTutorialPage_1000002_Content",
    "Button": {
      "PKa": [],
      "length": 0
    }
  },
  {
    "Id": 3,
    "Pic": "/Game/Aki/UI/UIResources/Common/Image/ImgHelp/T_ImgHelp_Mingyuxinbiao_01_UI.T_ImgHelp_Mingyuxinbiao_01_UI",
    "Title": "Tutorial_03_Title",
    "SubTitle": "",
    "Content": "GuideTutorialPage_1000003_Content",
    "Button": {
      "PKa": [],
      "length": 0
    }
  },
  {
    "Id": 4,
    "Pic": "/Game/Aki/UI/UIResources/Common/Image/ImgHelp/T_ImgHelp_Default_UI.T_ImgHelp_Default_UI",
    "Title": "Tutorial_04_Title",
    "SubTitle": "",
    "Content": "GuideTutorialPage_5018_Content",
    "Button": {
      "PKa": [],
      "length": 0
    }
  },
  {
    "Id": 5,
    "Pic": "/Game/Aki/UI/UIResources/Common/Image/ImgHelp/T_ImgHelp_Hechengtai_01_UI.T_ImgHelp_Hechengtai_01_UI",
    "Title": "Tutorial_05_Title",
    "SubTitle": "",
    "Content": "GuideTutorialPage_3005_Content",
    "Button": {
      "PKa": [],
      "length": 0
    }
  },
  {
    "Id": 6,
    "Pic": "/Game/Aki/UI/UIResources/Common/Image/ImgHelp/T_ImgHelp_Yansuanzhongshu_01_UI.T_ImgHelp_Yansuanzhongshu_01_UI",
    "Title": "Tutorial_06_Title",
    "SubTitle": "",
    "Content": "GuideTutorialPage_1000004_Content",
    "Button": {
      "PKa": [],
      "length": 0
    }
  },
  {
    "Id": 7,
    "Pic": "/Game/Aki/UI/UIResources/Common/Image/ImgHelp/T_ImgHelp_Tanhuan_01_UI.T_ImgHelp_Tanhuan_01_UI",
    "Title": "Tutorial_07_Title",
    "SubTitle": "",
    "Content": "GuideTutorialPage_3007_Content",
    "Button": {
      "PKa": [],
      "length": 0
    }
  },
  {
    "Id": 8,
    "Pic": "/Game/Aki/UI/UIResources/Common/Image/ImgHelp/T_ImgHelp_Nishihuiji_01_UI.T_ImgHelp_Nishihuiji_01_UI",
    "Title": "Tutorial_08_Title",
    "SubTitle": "",
    "Content": "GuideTutorialPage_1000006_Content",
    "Button": {
      "PKa": [],
      "length": 0
    }
  },
  {
    "Id": 9,
    "Pic": "/Game/Aki/UI/UIResources/Common/Image/ImgHelp/T_ImgHelp_Jixianshanbi_01_UI.T_ImgHelp_Jixianshanbi_01_UI",
    "Title": "Tutorial_09_Title",
    "SubTitle": "",
    "Content": "GuideTutorialPage_1000007_Content",
    "Button": {
      "PKa": [],
      "length": 0
    }
  },
  {
    "Id": 10,
    "Pic": "/Game/Aki/UI/UIResources/Common/Image/ImgHelp/T_ImgHelp_Tanhuan_01_UI.T_ImgHelp_Tanhuan_01_UI",
    "Title": "Tutorial_10_Title",
    "SubTitle": "",
    "Content": "GuideTutorialPage_1000008_Content",
    "Button": {
      "PKa": [],
      "length": 0
    }
  },
  {
    "Id": 11,
    "Pic": "/Game/Aki/UI/UIResources/Common/Image/ImgHelp/T_ImgHelp_Gousuodian_01_UI.T_ImgHelp_Gousuodian_01_UI",
    "Title": "Tutorial_11_Title",
    "SubTitle": "",
    "Content": "GuideTutorialPage_1000010_Content",
    "Button": {
      "PKa": [],
      "length": 0
    }
  },
  {
    "Id": 12,
    "Pic": "/Game/Aki/UI/UIResources/Common/Image/ImgHelp/T_ImgHelp_Default_019_UI.T_ImgHelp_Default_019_UI",
    "Title": "Tutorial_12_Title",
    "SubTitle": "",
    "Content": "GuideTutorialPage_7007_Content",
    "Button": {
      "PKa": [],
      "length": 0
    }
  },
  {
    "Id": 13,
    "Pic": "/Game/Aki/UI/UIResources/Common/Image/ImgHelp/T_ImgHelp_Saomiao_01_UI.T_ImgHelp_Saomiao_01_UI",
    "Title": "Tutorial_13_Title",
    "SubTitle": "",
    "Content": "GuideTutorialPage_1000012_Content",
    "Button": {
      "PKa": [],
      "length": 0
    }
  },
  {
    "Id": 14,
    "Pic": "/Game/Aki/UI/UIResources/Common/Image/ImgHelp/T_ImgHelp_Default_009_UI.T_ImgHelp_Default_009_UI",
    "Title": "Tutorial_14_Title",
    "SubTitle": "T_ImgHelp_Default_072_UI",
    "Content": "GuideTutorialPage_5006_Content",
    "Button": {
      "PKa": [],
      "length": 0
    }
  },
  {
    "Id": 15,
    "Pic": "/Game/Aki/UI/UIResources/Common/Image/ImgHelp/T_ImgHelp_Default_010_UI.T_ImgHelp_Default_010_UI",
    "Title": "Tutorial_15_Title",
    "SubTitle": "",
    "Content": "GuideTutorialPage_5007_Content",
    "Button": {
      "PKa": [],
      "length": 0
    }
  },
  {
    "Id": 16,
    "Pic": "/Game/Aki/UI/UIResources/Common/Image/ImgHelp/T_ImgHelp_Yanzoujineng_01_UI.T_ImgHelp_Yanzoujineng_01_UI",
    "Title": "Tutorial_16_Title",
    "SubTitle": "",
    "Content": "GuideTutorialPage_1000013_Content",
    "Button": {
      "PKa": [],
      "length": 0
    }
  },
  {
    "Id": 17,
    "Pic": "/Game/Aki/UI/UIResources/Common/Image/ImgHelp/T_ImgHelp_Default_UI.T_ImgHelp_Default_UI",
    "Title": "Tutorial_17_Title",
    "SubTitle": "",
    "Content": "GuideFocusNew_81_Content",
    "Button": {
      "PKa": [],
      "length": 0
    }
  },
  {
    "Id": 18,
    "Pic": "/Game/Aki/UI/UIResources/Common/Image/ImgHelp/T_ImgHelp_Default_107_UI.T_ImgHelp_Default_107_UI",
    "Title": "Tutorial_18_Title",
    "SubTitle": "",
    "Content": "GuideTutorialPage_5002_Content",
    "Button": {
      "PKa": [],
      "length": 0
    }
  },
  {
    "Id": 19,
    "Pic": "/Game/Aki/UI/UIResources/Common/Image/ImgHelp/T_ImgHelp_Default_007_UI.T_ImgHelp_Default_007_UI",
    "Title": "Tutorial_19_Title",
    "SubTitle": "",
    "Content": "GuideTutorialPage_5003_Content",
    "Button": {
      "PKa": [],
      "length": 0
    }
  },
  {
    "Id": 20,
    "Pic": "/Game/Aki/UI/UIResources/Common/Image/ImgHelp/T_ImgHelp_Default_008_UI.T_ImgHelp_Default_008_UI",
    "Title": "Tutorial_20_Title",
    "SubTitle": "",
    "Content": "GuideTutorialPage_5004_Content",
    "Button": {
      "PKa": [],
      "length": 0
    }
  },
  {
    "Id": 21,
    "Pic": "/Game/Aki/UI/UIResources/Common/Image/ImgHelp/T_ImgHelp_Default_103_UI.T_ImgHelp_Default_103_UI",
    "Title": "Tutorial_21_Title",
    "SubTitle": "",
    "Content": "GuideTutorialPage_5005_Content",
    "Button": {
      "PKa": [],
      "length": 0
    }
  },
  {
    "Id": 22,
    "Pic": "/Game/Aki/UI/UIResources/Common/Image/ImgHelp/T_ImgHelp_Default_009_UI.T_ImgHelp_Default_009_UI",
    "Title": "Tutorial_22_Title",
    "SubTitle": "",
    "Content": "GuideTutorialPage_5006_Content",
    "Button": {
      "PKa": [],
      "length": 0
    }
  },
  {
    "Id": 23,
    "Pic": "/Game/Aki/UI/UIResources/Common/Image/ImgHelp/T_ImgHelp_Default_010_UI.T_ImgHelp_Default_010_UI",
    "Title": "Tutorial_23_Title",
    "SubTitle": "",
    "Content": "GuideTutorialPage_5007_Content",
    "Button": {
      "PKa": [],
      "length": 0
    }
  },
  {
    "Id": 24,
    "Pic": "/Game/Aki/UI/UIResources/Common/Image/ImgHelp/T_ImgHelp_Default_003_UI.T_ImgHelp_Default_003_UI",
    "Title": "Tutorial_24_Title",
    "SubTitle": "",
    "Content": "GuideTutorialPage_5008_Content",
    "Button": {
      "PKa": [],
      "length": 0
    }
  },
  {
    "Id": 25,
    "Pic": "/Game/Aki/UI/UIResources/Common/Image/ImgHelp/T_ImgHelp_Yansuanzhongshu_01_UI.T_ImgHelp_Yansuanzhongshu_01_UI",
    "Title": "Tutorial_25_Title",
    "SubTitle": "",
    "Content": "GuideTutorialPage_5009_Content",
    "Button": {
      "PKa": [],
      "length": 0
    }
  },
  {
    "Id": 26,
    "Pic": "/Game/Aki/UI/UIResources/Common/Image/ImgHelp/T_ImgHelp_Yansuanzhongshu_02_UI.T_ImgHelp_Yansuanzhongshu_02_UI",
    "Title": "Tutorial_26_Title",
    "SubTitle": "",
    "Content": "GuideTutorialPage_5010_Content",
    "Button": {
      "PKa": [],
      "length": 0
    }
  },
  {
    "Id": 27,
    "Pic": "/Game/Aki/UI/UIResources/Common/Image/ImgHelp/T_ImgHelp_Default_013_UI.T_ImgHelp_Default_013_UI",
    "Title": "Tutorial_27_Title",
    "SubTitle": "",
    "Content": "GuideTutorialPage_5011_Content",
    "Button": {
      "PKa": [],
      "length": 0
    }
  },
  {
    "Id": 28,
    "Pic": "/Game/Aki/UI/UIResources/Common/Image/ImgHelp/T_ImgHelp_Default_004_UI.T_ImgHelp_Default_004_UI",
    "Title": "Tutorial_28_Title",
    "SubTitle": "",
    "Content": "GuideTutorialPage_5012_Content",
    "Button": {
      "PKa": [],
      "length": 0
    }
  },
  {
    "Id": 29,
    "Pic": "/Game/Aki/UI/UIResources/Common/Image/ImgHelp/T_ImgHelp_Mingyudengji_01_UI.T_ImgHelp_Mingyudengji_01_UI",
    "Title": "Tutorial_29_Title",
    "SubTitle": "",
    "Content": "GuideTutorialPage_1000014_Content",
    "Button": {
      "PKa": [],
      "length": 0
    }
  },
  {
    "Id": 30,
    "Pic": "/Game/Aki/UI/UIResources/Common/Image/ImgHelp/T_ImgHelp_Default_110_UI.T_ImgHelp_Default_110_UI",
    "Title": "Tutorial_30_Title",
    "SubTitle": "",
    "Content": "GuideTutorialPage_5014_Content",
    "Button": {
      "PKa": [],
      "length": 0
    }
  },
  {
    "Id": 31,
    "Pic": "/Game/Aki/UI/UIResources/Common/Image/ImgHelp/T_ImgHelp_Wuyinqu_01_UI.T_ImgHelp_Wuyinqu_01_UI",
    "Title": "Tutorial_31_Title",
    "SubTitle": "",
    "Content": "GuideTutorialPage_1000015_Content",
    "Button": {
      "PKa": [],
      "length": 0
    }
  },
  {
    "Id": 32,
    "Pic": "/Game/Aki/UI/UIResources/Common/Image/ImgHelp/T_ImgHelp_Heishihua_01_UI.T_ImgHelp_Heishihua_01_UI",
    "Title": "Tutorial_32_Title",
    "SubTitle": "",
    "Content": "GuideTutorialPage_1000016_Content",
    "Button": {
      "PKa": [],
      "length": 0
    }
  },
  {
    "Id": 33,
    "Pic": "/Game/Aki/UI/UIResources/Common/Image/ImgHelp/T_ImgHelp_Default_108_UI.T_ImgHelp_Default_108_UI",
    "Title": "Tutorial_33_Title",
    "SubTitle": "",
    "Content": "GuideTutorialPage_5017_Content",
    "Button": {
      "PKa": [],
      "length": 0
    }
  },
  {
    "Id": 34,
    "Pic": "/Game/Aki/UI/UIResources/Common/Image/ImgHelp/T_ImgHelp_Default_UI.T_ImgHelp_Default_UI",
    "Title": "Tutorial_34_Title",
    "SubTitle": "",
    "Content": "GuideTutorialPage_5018_Content",
    "Button": {
      "PKa": [],
      "length": 0
    }
  },
  {
    "Id": 35,
    "Pic": "/Game/Aki/UI/UIResources/Common/Image/ImgHelp/T_ImgHelp_Jingyanfuben_01_UI.T_ImgHelp_Jingyanfuben_01_UI",
    "Title": "Tutorial_35_Title",
    "SubTitle": "",
    "Content": "GuideTutorialPage_1000017_Content",
    "Button": {
      "PKa": [],
      "length": 0
    }
  },
  {
    "Id": 36,
    "Pic": "/Game/Aki/UI/UIResources/Common/Image/ImgHelp/T_ImgHelp_Default_102_UI.T_ImgHelp_Default_102_UI",
    "Title": "Tutorial_36_Title",
    "SubTitle": "",
    "Content": "GuideTutorialPage_36_Content",
    "Button": {
      "PKa": [],
      "length": 0
    }
  },
  {
    "Id": 38,
    "Pic": "/Game/Aki/UI/UIResources/Common/Image/ImgHelp/T_ImgHelp_LevelGraphic_001_UI.T_ImgHelp_LevelGraphic_001_UI",
    "Title": "Tutorial_38_Title",
    "SubTitle": "",
    "Content": "GuideTutorialPage_1000018_Content",
    "Button": {
      "PKa": [],
      "length": 0
    }
  },
  {
    "Id": 39,
    "Pic": "/Game/Aki/UI/UIResources/Common/Image/ImgHelp/T_ImgHelp_LevelGraphic_002_UI.T_ImgHelp_LevelGraphic_002_UI",
    "Title": "Tutorial_39_Title",
    "SubTitle": "",
    "Content": "GuideTutorialPage_1000019_Content",
    "Button": {
      "PKa": [],
      "length": 0
    }
  },
  {
    "Id": 40,
    "Pic": "/Game/Aki/UI/UIResources/Common/Image/ImgHelp/T_ImgHelp_LevelGraphic_004_UI.T_ImgHelp_LevelGraphic_004_UI",
    "Title": "Tutorial_40_Title",
    "SubTitle": "",
    "Content": "GuideTutorialPage_1000021_Content",
    "Button": {
      "PKa": [],
      "length": 0
    }
  },
  {
    "Id": 41,
    "Pic": "/Game/Aki/UI/UIResources/Common/Image/ImgHelp/T_ImgHelp_LevelGraphic_005_UI.T_ImgHelp_LevelGraphic_005_UI",
    "Title": "Tutorial_41_Title",
    "SubTitle": "",
    "Content": "GuideTutorialPage_1000022_Content",
    "Button": {
      "PKa": [],
      "length": 0
    }
  },
  {
    "Id": 42,
    "Pic": "/Game/Aki/UI/UIResources/Common/Image/ImgHelp/T_ImgHelp_LevelGraphic_006_UI.T_ImgHelp_LevelGraphic_006_UI",
    "Title": "Tutorial_42_Title",
    "SubTitle": "",
    "Content": "GuideTutorialPage_1000023_Content",
    "Button": {
      "PKa": [],
      "length": 0
    }
  },
  {
    "Id": 43,
    "Pic": "/Game/Aki/UI/UIResources/Common/Image/ImgHelp/T_ImgHelp_Tuwenyindao_30030_UI.T_ImgHelp_Tuwenyindao_30030_UI",
    "Title": "Tutorial_43_Title",
    "SubTitle": "",
    "Content": "GuideTutorialPage_1000024_Content",
    "Button": {
      "PKa": [],
      "length": 0
    }
  },
  {
    "Id": 44,
    "Pic": "/Game/Aki/UI/UIResources/Common/Image/ImgHelp/T_ImgHelp_Mingyuzhongduan_01_UI.T_ImgHelp_Mingyuzhongduan_01_UI",
    "Title": "Tutorial_44_Title",
    "SubTitle": "",
    "Content": "GuideTutorialPage_1000025_Content",
    "Button": {
      "PKa": [],
      "length": 0
    }
  },
  {
    "Id": 45,
    "Pic": "/Game/Aki/UI/UIResources/Common/Image/ImgHelp/T_ImgHelp_Phantom_hetun01_UI.T_ImgHelp_Phantom_hetun01_UI",
    "Title": "Tutorial_4501_Title",
    "SubTitle": "",
    "Content": "GuideTutorialPage_1000026_Content",
    "Button": {
      "PKa": [],
      "length": 0
    }
  },
  {
    "Id": 46,
    "Pic": "/Game/Aki/UI/UIResources/Common/Image/ImgHelp/T_ImgHelp_MorseCode_01_UI.T_ImgHelp_MorseCode_01_UI",
    "Title": "Tutorial_46_Title",
    "SubTitle": "",
    "Content": "GuideTutorialPage_1000027_Content",
    "Button": {
      "PKa": [],
      "length": 0
    }
  },
  {
    "Id": 47,
    "Pic": "/Game/Aki/UI/UIResources/Common/Image/ImgHelp/T_ImgHelp_MorseCode_02_UI.T_ImgHelp_MorseCode_02_UI",
    "Title": "Tutorial_47_Title",
    "SubTitle": "",
    "Content": "GuideTutorialPage_1000028_Content",
    "Button": {
      "PKa": [],
      "length": 0
    }
  },
  {
    "Id": 48,
    "Pic": "/Game/Aki/UI/UIResources/Common/Image/ImgHelp/T_ImgHelp_VoiceChasing_01_UI.T_ImgHelp_VoiceChasing_01_UI",
    "Title": "Tutorial_48_Title",
    "SubTitle": "",
    "Content": "GuideTutorialPage_1000029_Content",
    "Button": {
      "PKa": [],
      "length": 0
    }
  },
  {
    "Id": 49,
    "Pic": "/Game/Aki/UI/UIResources/Common/Image/ImgHelp/T_ImgHelp_TakePhoto_01_UI.T_ImgHelp_TakePhoto_01_UI",
    "Title": "Tutorial_49_Title",
    "SubTitle": "",
    "Content": "GuideTutorialPage_1000030_Content",
    "Button": {
      "PKa": [],
      "length": 0
    }
  },
  {
    "Id": 50,
    "Pic": "/Game/Aki/UI/UIResources/Common/Image/ImgHelp/T_ImgHelp_TakePhoto_02_UI.T_ImgHelp_TakePhoto_02_UI",
    "Title": "Tutorial_49_Title",
    "SubTitle": "",
    "Content": "GuideTutorialPage_50_Content",
    "Button": {
      "PKa": [],
      "length": 0
    }
  },
  {
    "Id": 51,
    "Pic": "/Game/Aki/UI/UIResources/Common/Image/ImgHelp/T_ImgHelp_TakePhoto_03_UI.T_ImgHelp_TakePhoto_03_UI",
    "Title": "Tutorial_51_Title",
    "SubTitle": "",
    "Content": "GuideTutorialPage_1000031_Content",
    "Button": {
      "PKa": [],
      "length": 0
    }
  },
  {
    "Id": 52,
    "Pic": "/Game/Aki/UI/UIResources/Common/Image/ImgHelp/T_ImgHelp_TakePhoto_04_UI.T_ImgHelp_TakePhoto_04_UI",
    "Title": "Tutorial_52_Title",
    "SubTitle": "",
    "Content": "GuideTutorialPage_1000032_Content",
    "Button": {
      "PKa": [],
      "length": 0
    }
  },
  {
    "Id": 53,
    "Pic": "/Game/Aki/UI/UIResources/Common/Image/ImgHelp/T_ImgHelp_LevelGraphic_009_UI.T_ImgHelp_LevelGraphic_009_UI",
    "Title": "Tutorial_45_Title",
    "SubTitle": "",
    "Content": "GuideTutorialPage_1000033_Content",
    "Button": {
      "PKa": [],
      "length": 0
    }
  },
  {
    "Id": 50001,
    "Pic": "/Game/Aki/UI/UIResources/Common/Image/ImgHelp/T_ImgHelp_Fenyanhua_01_UI.T_ImgHelp_Fenyanhua_01_UI",
    "Title": "Tutorial_50001_Title",
    "SubTitle": "",
    "Content": "GuideTutorialPage_50001_Content",
    "Button": {
      "PKa": [],
      "length": 0
    }
  },
  {
    "Id": 50002,
    "Pic": "/Game/Aki/UI/UIResources/Common/Image/ImgHelp/T_ImgHelp_Qiangtou_01_UI.T_ImgHelp_Qiangtou_01_UI",
    "Title": "Tutorial_50002_Title",
    "SubTitle": "",
    "Content": "GuideTutorialPage_50002_Content",
    "Button": {
      "PKa": [],
      "length": 0
    }
  },
  {
    "Id": 50003,
    "Pic": "/Game/Aki/UI/UIResources/Common/Image/ImgHelp/T_ImgHelp_Qiangwei_01_UI.T_ImgHelp_Qiangwei_01_UI",
    "Title": "Tutorial_50003_Title",
    "SubTitle": "",
    "Content": "GuideTutorialPage_50003_Content",
    "Button": {
      "PKa": [],
      "length": 0
    }
  },
  {
    "Id": 50004,
    "Pic": "/Game/Aki/UI/UIResources/Common/Image/ImgHelp/T_ImgHelp_Qiangshen_01_UI.T_ImgHelp_Qiangshen_01_UI",
    "Title": "Tutorial_50004_Title",
    "SubTitle": "",
    "Content": "GuideTutorialPage_50004_Content",
    "Button": {
      "PKa": [],
      "length": 0
    }
  },
  {
    "Id": 50005,
    "Pic": "/Game/Aki/UI/UIResources/Common/Image/ImgHelp/T_ImgHelp_ExplosiveLance_01_UI.T_ImgHelp_ExplosiveLance_01_UI",
    "Title": "Tutorial_50005_Title",
    "SubTitle": "",
    "Content": "GuideTutorialPage_50005_Content",
    "Button": {
      "PKa": [],
      "length": 0
    }
  },
  {
    "Id": 50006,
    "Pic": "/Game/Aki/UI/UIResources/Common/Image/ImgHelp/T_ImgHelp_Qimotuo_01_UI.T_ImgHelp_Qimotuo_01_UI",
    "Title": "Tutorial_50006_Title",
    "SubTitle": "",
    "Content": "GuideTutorialPage_50006_Content",
    "Button": {
      "PKa": [],
      "length": 0
    }
  },
  {
    "Id": 50007,
    "Pic": "/Game/Aki/UI/UIResources/Common/Image/ImgHelp/T_ImgHelp_Tuwenyindao_50007_UI.T_ImgHelp_Tuwenyindao_50007_UI",
    "Title": "Tutorial_50007_Title",
    "SubTitle": "",
    "Content": "GuideTutorialPage_50007_Content",
    "Button": {
      "PKa": [],
      "length": 0
    }
  },
  {
    "Id": 50008,
    "Pic": "/Game/Aki/UI/UIResources/Common/Image/ImgHelp/T_ImgHelp_Tuwenyindao_50008_UI.T_ImgHelp_Tuwenyindao_50008_UI",
    "Title": "Tutorial_50008_Title",
    "SubTitle": "",
    "Content": "GuideTutorialPage_50008_Content",
    "Button": {
      "PKa": [],
      "length": 0
    }
  },
  {
    "Id": 50009,
    "Pic": "/Game/Aki/UI/UIResources/Common/Image/ImgHelp/T_ImgHelp_Tuwenyindao_50009_UI.T_ImgHelp_Tuwenyindao_50009_UI",
    "Title": "Tutorial_50009_Title",
    "SubTitle": "",
    "Content": "GuideTutorialPage_50009_Content",
    "Button": {
      "PKa": [],
      "length": 0
    }
  },
  {
    "Id": 50010,
    "Pic": "/Game/Aki/UI/UIResources/Common/Image/ImgHelp/T_ImgHelp_Tuwenyindao_50010_UI.T_ImgHelp_Tuwenyindao_50010_UI",
    "Title": "Tutorial_50010_Title",
    "SubTitle": "",
    "Content": "GuideTutorialPage_50010_Content",
    "Button": {
      "PKa": [],
      "length": 0
    }
  },
  {
    "Id": 50011,
    "Pic": "/Game/Aki/UI/UIResources/Common/Image/ImgHelp/T_ImgHelp_Tuwenyindao_50011_UI.T_ImgHelp_Tuwenyindao_50011_UI",
    "Title": "Tutorial_50011_Title",
    "SubTitle": "",
    "Content": "GuideTutorialPage_50011_Content",
    "Button": {
      "PKa": [],
      "length": 0
    }
  },
  {
    "Id": 1601,
    "Pic": "/Game/Aki/UI/UIResources/Common/Image/ImgHelp/T_ImgHelp_Default_001601_UI.T_ImgHelp_Default_001601_UI",
    "Title": "Tutorial_1601_Title",
    "SubTitle": "",
    "Content": "GuideTutorialPage_301401_Content",
    "Button": {
      "PKa": [],
      "length": 0
    }
  },
  {
    "Id": 33001,
    "Pic": "/Game/Aki/UI/UIResources/Common/Image/ImgHelp/T_ImgHelp_Tuwenyindao_33001_UI.T_ImgHelp_Tuwenyindao_33001_UI",
    "Title": "Tutorial_33001_Title",
    "SubTitle": "",
    "Content": "GuideTutorialPage_33001_Content",
    "Button": {
      "PKa": [],
      "length": 0
    }
  },
  {
    "Id": 34017,
    "Pic": "/Game/Aki/UI/UIResources/Common/Image/ImgHelp/T_ImgHelp_Tuwenyindao_340017_UI.T_ImgHelp_Tuwenyindao_340017_UI",
    "Title": "Tutorial_34017_Title",
    "SubTitle": "",
    "Content": "GuideTutorialPage_34017_Content",
    "Button": {
      "PKa": [],
      "length": 0
    }
  },
  {
    "Id": 1101,
    "Pic": "/Game/Aki/UI/UIResources/Common/Image/ImgHelp/T_ImgHelp_Gousuodian_02_UI.T_ImgHelp_Gousuodian_02_UI",
    "Title": "Tutorial_1101_Title",
    "SubTitle": "",
    "Content": "GuideTutorialPage_1000011_Content",
    "Button": {
      "PKa": [],
      "length": 0
    }
  },
  {
    "Id": 3901,
    "Pic": "/Game/Aki/UI/UIResources/Common/Image/ImgHelp/T_ImgHelp_LevelGraphic_003_UI.T_ImgHelp_LevelGraphic_003_UI",
    "Title": "Tutorial_39_Title",
    "SubTitle": "",
    "Content": "GuideTutorialPage_1000020_Content",
    "Button": {
      "PKa": [],
      "length": 0
    }
  },
  {
    "Id": 34018,
    "Pic": "/Game/Aki/UI/UIResources/Common/Image/ImgHelp/T_ImgHelp_Tuwenyindao_340018_UI.T_ImgHelp_Tuwenyindao_340018_UI",
    "Title": "Tutorial_34018_Title",
    "SubTitle": "",
    "Content": "GuideTutorialPage_34018_Content",
    "Button": {
      "PKa": [],
      "length": 0
    }
  },
  {
    "Id": 601,
    "Pic": "/Game/Aki/UI/UIResources/Common/Image/ImgHelp/T_ImgHelp_Yansuanzhongshu_02_UI.T_ImgHelp_Yansuanzhongshu_02_UI",
    "Title": "Tutorial_0601_Title",
    "SubTitle": "",
    "Content": "GuideTutorialPage_1000005_Content",
    "Button": {
      "PKa": [],
      "length": 0
    }
  },
  {
    "Id": 1001,
    "Pic": "/Game/Aki/UI/UIResources/Common/Image/ImgHelp/T_ImgHelp_Chujueji_01_UI.T_ImgHelp_Chujueji_01_UI",
    "Title": "Tutorial_1001_Title",
    "SubTitle": "",
    "Content": "GuideTutorialPage_1000009_Content",
    "Button": {
      "PKa": [],
      "length": 0
    }
  },
  {
    "Id": 5301,
    "Pic": "/Game/Aki/UI/UIResources/Common/Image/ImgHelp/T_ImgHelp_LevelGraphic_010_UI.T_ImgHelp_LevelGraphic_010_UI",
    "Title": "Tutorial_5301_Title",
    "SubTitle": "",
    "Content": "GuideTutorialPage_1000034_Content",
    "Button": {
      "PKa": [],
      "length": 0
    }
  },
  {
    "Id": 500301,
    "Pic": "/Game/Aki/UI/UIResources/Common/Image/ImgHelp/T_ImgHelp_Qiangwei_02_UI.T_ImgHelp_Qiangwei_02_UI",
    "Title": "Tutorial_5000301_Title",
    "SubTitle": "",
    "Content": "GuideTutorialPage_5000301_Content",
    "Button": {
      "PKa": [],
      "length": 0
    }
  },
  {
    "Id": 500401,
    "Pic": "/Game/Aki/UI/UIResources/Common/Image/ImgHelp/T_ImgHelp_Qiangshen_02_UI.T_ImgHelp_Qiangshen_02_UI",
    "Title": "Tutorial_5000401_Title",
    "SubTitle": "",
    "Content": "GuideTutorialPage_5000401_Content",
    "Button": {
      "PKa": [],
      "length": 0
    }
  },
  {
    "Id": 500601,
    "Pic": "/Game/Aki/UI/UIResources/Common/Image/ImgHelp/T_ImgHelp_Qimotuo_02_UI.T_ImgHelp_Qimotuo_02_UI",
    "Title": "Tutorial_5000601_Title",
    "SubTitle": "",
    "Content": "GuideTutorialPage_5000601_Content",
    "Button": {
      "PKa": [],
      "length": 0
    }
  },
  {
    "Id": 32001,
    "Pic": "/Game/Aki/UI/UIResources/Common/Image/ImgHelp/T_ImgHelp_Tuwenyindao_32001_UI.T_ImgHelp_Tuwenyindao_32001_UI",
    "Title": "Tutorial_32001_Title",
    "SubTitle": "",
    "Content": "GuideTutorialPage_32001_Content",
    "Button": {
      "PKa": [],
      "length": 0
    }
  },
  {
    "Id": 32002,
    "Pic": "/Game/Aki/UI/UIResources/Common/Image/ImgHelp/T_ImgHelp_Tuwenyindao_32002_UI.T_ImgHelp_Tuwenyindao_32002_UI",
    "Title": "Tutorial_32002_Title",
    "SubTitle": "",
    "Content": "GuideTutorialPage_32002_Content",
    "Button": {
      "PKa": [],
      "length": 0
    }
  },
  {
    "Id": 32003,
    "Pic": "/Game/Aki/UI/UIResources/Common/Image/ImgHelp/T_ImgHelp_Tuwenyindao_32003_UI.T_ImgHelp_Tuwenyindao_32003_UI",
    "Title": "Tutorial_32003_Title",
    "SubTitle": "",
    "Content": "GuideTutorialPage_32003_Content",
    "Button": {
      "PKa": [],
      "length": 0
    }
  },
  {
    "Id": 32004,
    "Pic": "/Game/Aki/UI/UIResources/Common/Image/ImgHelp/T_ImgHelp_Tuwenyindao_32004_UI.T_ImgHelp_Tuwenyindao_32004_UI",
    "Title": "Tutorial_32004_Title",
    "SubTitle": "",
    "Content": "GuideTutorialPage_32004_Content",
    "Button": {
      "PKa": [],
      "length": 0
    }
  },
  {
    "Id": 32005,
    "Pic": "/Game/Aki/UI/UIResources/Common/Image/ImgHelp/T_ImgHelp_Tuwenyindao_32005_UI.T_ImgHelp_Tuwenyindao_32005_UI",
    "Title": "Tutorial_32005_Title",
    "SubTitle": "",
    "Content": "GuideTutorialPage_32005_Content",
    "Button": {
      "PKa": [],
      "length": 0
    }
  },
  {
    "Id": 32006,
    "Pic": "/Game/Aki/UI/UIResources/Common/Image/ImgHelp/T_ImgHelp_Tuwenyindao_32006_UI.T_ImgHelp_Tuwenyindao_32006_UI",
    "Title": "Tutorial_32006_Title",
    "SubTitle": "",
    "Content": "GuideTutorialPage_32006_Content",
    "Button": {
      "PKa": [],
      "length": 0
    }
  },
  {
    "Id": 32007,
    "Pic": "/Game/Aki/UI/UIResources/Common/Image/ImgHelp/T_ImgHelp_Tuwenyindao_32007_UI.T_ImgHelp_Tuwenyindao_32007_UI",
    "Title": "Tutorial_32007_Title",
    "SubTitle": "",
    "Content": "GuideTutorialPage_32007_Content",
    "Button": {
      "PKa": [],
      "length": 0
    }
  },
  {
    "Id": 32008,
    "Pic": "/Game/Aki/UI/UIResources/Common/Image/ImgHelp/T_ImgHelp_Tuwenyindao_32008_UI.T_ImgHelp_Tuwenyindao_32008_UI",
    "Title": "Tutorial_32008_Title",
    "SubTitle": "",
    "Content": "GuideTutorialPage_32008_Content",
    "Button": {
      "PKa": [],
      "length": 0
    }
  },
  {
    "Id": 32009,
    "Pic": "/Game/Aki/UI/UIResources/Common/Image/ImgHelp/T_ImgHelp_Tuwenyindao_32009_UI.T_ImgHelp_Tuwenyindao_32009_UI",
    "Title": "Tutorial_32009_Title",
    "SubTitle": "",
    "Content": "GuideTutorialPage_32009_Content",
    "Button": {
      "PKa": [],
      "length": 0
    }
  },
  {
    "Id": 32010,
    "Pic": "/Game/Aki/UI/UIResources/Common/Image/ImgHelp/T_ImgHelp_Tuwenyindao_32010_UI.T_ImgHelp_Tuwenyindao_32010_UI",
    "Title": "Tutorial_32010_Title",
    "SubTitle": "",
    "Content": "GuideTutorialPage_32010_Content",
    "Button": {
      "PKa": [],
      "length": 0
    }
  },
  {
    "Id": 32011,
    "Pic": "/Game/Aki/UI/UIResources/Common/Image/ImgHelp/T_ImgHelp_Tuwenyindao_32011_UI.T_ImgHelp_Tuwenyindao_32011_UI",
    "Title": "Tutorial_32011_Title",
    "SubTitle": "",
    "Content": "GuideTutorialPage_32011_Content",
    "Button": {
      "PKa": [],
      "length": 0
    }
  },
  {
    "Id": 32012,
    "Pic": "/Game/Aki/UI/UIResources/Common/Image/ImgHelp/T_ImgHelp_Tuwenyindao_32012_UI.T_ImgHelp_Tuwenyindao_32012_UI",
    "Title": "Tutorial_32012_Title",
    "SubTitle": "",
    "Content": "GuideTutorialPage_32012_Content",
    "Button": {
      "PKa": [],
      "length": 0
    }
  },
  {
    "Id": 32013,
    "Pic": "/Game/Aki/UI/UIResources/Common/Image/ImgHelp/T_ImgHelp_Tuwenyindao_32013_UI.T_ImgHelp_Tuwenyindao_32013_UI",
    "Title": "Tutorial_32013_Title",
    "SubTitle": "",
    "Content": "GuideTutorialPage_32013_Content",
    "Button": {
      "PKa": [],
      "length": 0
    }
  },
  {
    "Id": 32014,
    "Pic": "/Game/Aki/UI/UIResources/Common/Image/ImgHelp/T_ImgHelp_Tuwenyindao_32014_UI.T_ImgHelp_Tuwenyindao_32014_UI",
    "Title": "Tutorial_32014_Title",
    "SubTitle": "",
    "Content": "GuideTutorialPage_32014_Content",
    "Button": {
      "PKa": [],
      "length": 0
    }
  },
  {
    "Id": 32015,
    "Pic": "/Game/Aki/UI/UIResources/Common/Image/ImgHelp/T_ImgHelp_Tuwenyindao_32015_UI.T_ImgHelp_Tuwenyindao_32015_UI",
    "Title": "Tutorial_32015_Title",
    "SubTitle": "",
    "Content": "GuideTutorialPage_32015_Content",
    "Button": {
      "PKa": [],
      "length": 0
    }
  },
  {
    "Id": 32016,
    "Pic": "/Game/Aki/UI/UIResources/Common/Image/ImgHelp/T_ImgHelp_Tuwenyindao_32016_UI.T_ImgHelp_Tuwenyindao_32016_UI",
    "Title": "Tutorial_32016_Title",
    "SubTitle": "",
    "Content": "GuideTutorialPage_32016_Content",
    "Button": {
      "PKa": [],
      "length": 0
    }
  },
  {
    "Id": 32017,
    "Pic": "/Game/Aki/UI/UIResources/Common/Image/ImgHelp/T_ImgHelp_Tuwenyindao_32017_UI.T_ImgHelp_Tuwenyindao_32017_UI",
    "Title": "Tutorial_32017_Title",
    "SubTitle": "",
    "Content": "GuideTutorialPage_32017_Content",
    "Button": {
      "PKa": [],
      "length": 0
    }
  },
  {
    "Id": 32018,
    "Pic": "/Game/Aki/UI/UIResources/Common/Image/ImgHelp/T_ImgHelp_Tuwenyindao_32018_UI.T_ImgHelp_Tuwenyindao_32018_UI",
    "Title": "Tutorial_32018_Title",
    "SubTitle": "",
    "Content": "GuideTutorialPage_32018_Content",
    "Button": {
      "PKa": [],
      "length": 0
    }
  },
  {
    "Id": 32019,
    "Pic": "/Game/Aki/UI/UIResources/Common/Image/ImgHelp/T_ImgHelp_Tuwenyindao_32019_UI.T_ImgHelp_Tuwenyindao_32019_UI",
    "Title": "Tutorial_32019_Title",
    "SubTitle": "",
    "Content": "GuideTutorialPage_32019_Content",
    "Button": {
      "PKa": [],
      "length": 0
    }
  },
  {
    "Id": 32020,
    "Pic": "/Game/Aki/UI/UIResources/Common/Image/ImgHelp/T_ImgHelp_Tuwenyindao_32020_UI.T_ImgHelp_Tuwenyindao_32020_UI",
    "Title": "Tutorial_32020_Title",
    "SubTitle": "",
    "Content": "GuideTutorialPage_32020_Content",
    "Button": {
      "PKa": [],
      "length": 0
    }
  },
  {
    "Id": 32021,
    "Pic": "/Game/Aki/UI/UIResources/Common/Image/ImgHelp/T_ImgHelp_Tuwenyindao_32021_UI.T_ImgHelp_Tuwenyindao_32021_UI",
    "Title": "Tutorial_32021_Title",
    "SubTitle": "",
    "Content": "GuideTutorialPage_32021_Content",
    "Button": {
      "PKa": [],
      "length": 0
    }
  },
  {
    "Id": 33002,
    "Pic": "/Game/Aki/UI/UIResources/Common/Image/ImgHelp/T_ImgHelp_Tuwenyindao_33002_UI.T_ImgHelp_Tuwenyindao_33002_UI",
    "Title": "Tutorial_33002_Title",
    "SubTitle": "",
    "Content": "GuideTutorialPage_33002_Content",
    "Button": {
      "PKa": [],
      "length": 0
    }
  },
  {
    "Id": 33003,
    "Pic": "/Game/Aki/UI/UIResources/Common/Image/ImgHelp/T_ImgHelp_Tuwenyindao_33003_UI.T_ImgHelp_Tuwenyindao_33003_UI",
    "Title": "Tutorial_33003_Title",
    "SubTitle": "",
    "Content": "GuideTutorialPage_33003_Content",
    "Button": {
      "PKa": [],
      "length": 0
    }
  },
  {
    "Id": 33004,
    "Pic": "/Game/Aki/UI/UIResources/Common/Image/ImgHelp/T_ImgHelp_Tuwenyindao_33004_UI.T_ImgHelp_Tuwenyindao_33004_UI",
    "Title": "Tutorial_33004_Title",
    "SubTitle": "",
    "Content": "GuideTutorialPage_33004_Content",
    "Button": {
      "PKa": [],
      "length": 0
    }
  },
  {
    "Id": 33005,
    "Pic": "/Game/Aki/UI/UIResources/Common/Image/ImgHelp/T_ImgHelp_Tuwenyindao_33005_UI.T_ImgHelp_Tuwenyindao_33005_UI",
    "Title": "Tutorial_33005_Title",
    "SubTitle": "",
    "Content": "GuideTutorialPage_33005_Content",
    "Button": {
      "PKa": [],
      "length": 0
    }
  },
  {
    "Id": 34001,
    "Pic": "/Game/Aki/UI/UIResources/Common/Image/ImgHelp/T_ImgHelp_Tuwenyindao_34001_01_UI.T_ImgHelp_Tuwenyindao_34001_01_UI",
    "Title": "Tutorial_34001_Title",
    "SubTitle": "",
    "Content": "GuideTutorialPage_34001_Content",
    "Button": {
      "PKa": [],
      "length": 0
    }
  },
  {
    "Id": 3400101,
    "Pic": "/Game/Aki/UI/UIResources/Common/Image/ImgHelp/T_ImgHelp_Tuwenyindao_34001_02_UI.T_ImgHelp_Tuwenyindao_34001_02_UI",
    "Title": "Tutorial_3400101_Title",
    "SubTitle": "",
    "Content": "GuideTutorialPage_3400101_Content",
    "Button": {
      "PKa": [],
      "length": 0
    }
  },
  {
    "Id": 34002,
    "Pic": "/Game/Aki/UI/UIResources/Common/Image/ImgHelp/T_ImgHelp_LevelGraphic_011_UI.T_ImgHelp_LevelGraphic_011_UI",
    "Title": "Tutorial_34002_Title",
    "SubTitle": "",
    "Content": "GuideTutorialPage_34002_Content",
    "Button": {
      "PKa": [],
      "length": 0
    }
  },
  {
    "Id": 3400201,
    "Pic": "/Game/Aki/UI/UIResources/Common/Image/ImgHelp/T_ImgHelp_LevelGraphic_012_UI.T_ImgHelp_LevelGraphic_012_UI",
    "Title": "Tutorial_3400201_Title",
    "SubTitle": "",
    "Content": "GuideTutorialPage_3400201_Content",
    "Button": {
      "PKa": [],
      "length": 0
    }
  },
  {
    "Id": 34003,
    "Pic": "/Game/Aki/UI/UIResources/Common/Image/ImgHelp/T_ImgHelp_LevelGraphic_013_UI.T_ImgHelp_LevelGraphic_013_UI",
    "Title": "Tutorial_34003_Title",
    "SubTitle": "",
    "Content": "GuideTutorialPage_34003_Content",
    "Button": {
      "PKa": [],
      "length": 0
    }
  },
  {
    "Id": 34004,
    "Pic": "/Game/Aki/UI/UIResources/Common/Image/ImgHelp/T_ImgHelp_Tuwenyindao_34004_UI.T_ImgHelp_Tuwenyindao_34004_UI",
    "Title": "Tutorial_34004_Title",
    "SubTitle": "",
    "Content": "GuideTutorialPage_34004_Content",
    "Button": {
      "PKa": [],
      "length": 0
    }
  },
  {
    "Id": 34005,
    "Pic": "/Game/Aki/UI/UIResources/Common/Image/ImgHelp/T_ImgHelp_Tuwenyindao_34005_UI.T_ImgHelp_Tuwenyindao_34005_UI",
    "Title": "Tutorial_34005_Title",
    "SubTitle": "",
    "Content": "GuideTutorialPage_34005_Content",
    "Button": {
      "PKa": [],
      "length": 0
    }
  },
  {
    "Id": 34006,
    "Pic": "/Game/Aki/UI/UIResources/Common/Image/ImgHelp/T_ImgHelp_Tuwenyindao_34006_UI.T_ImgHelp_Tuwenyindao_34006_UI",
    "Title": "Tutorial_34006_Title",
    "SubTitle": "",
    "Content": "GuideTutorialPage_34006_Content",
    "Button": {
      "PKa": [],
      "length": 0
    }
  },
  {
    "Id": 34007,
    "Pic": "/Game/Aki/UI/UIResources/Common/Image/ImgHelp/T_ImgHelp_Tuwenyindao_34007_UI.T_ImgHelp_Tuwenyindao_34007_UI",
    "Title": "Tutorial_34007_Title",
    "SubTitle": "",
    "Content": "GuideTutorialPage_34007_Content",
    "Button": {
      "PKa": [],
      "length": 0
    }
  },
  {
    "Id": 34008,
    "Pic": "/Game/Aki/UI/UIResources/Common/Image/ImgHelp/T_ImgHelp_Tuwenyindao_34008_UI.T_ImgHelp_Tuwenyindao_34008_UI",
    "Title": "Tutorial_34008_Title",
    "SubTitle": "",
    "Content": "GuideTutorialPage_34008_Content",
    "Button": {
      "PKa": [],
      "length": 0
    }
  },
  {
    "Id": 34009,
    "Pic": "/Game/Aki/UI/UIResources/Common/Image/ImgHelp/T_ImgHelp_Tuwenyindao_34009_01_UI.T_ImgHelp_Tuwenyindao_34009_01_UI",
    "Title": "Tutorial_34009_Title",
    "SubTitle": "",
    "Content": "GuideTutorialPage_34009_Content",
    "Button": {
      "PKa": [],
      "length": 0
    }
  },
  {
    "Id": 3400901,
    "Pic": "/Game/Aki/UI/UIResources/Common/Image/ImgHelp/T_ImgHelp_Tuwenyindao_34009_02_UI.T_ImgHelp_Tuwenyindao_34009_02_UI",
    "Title": "Tutorial_3400901_Title",
    "SubTitle": "",
    "Content": "GuideTutorialPage_3400901_Content",
    "Button": {
      "PKa": [],
      "length": 0
    }
  },
  {
    "Id": 3400902,
    "Pic": "/Game/Aki/UI/UIResources/Common/Image/ImgHelp/T_ImgHelp_Tuwenyindao_34009_03_UI.T_ImgHelp_Tuwenyindao_34009_03_UI",
    "Title": "Tutorial_3400902_Title",
    "SubTitle": "",
    "Content": "GuideTutorialPage_340090102_Content",
    "Button": {
      "PKa": [],
      "length": 0
    }
  },
  {
    "Id": 34010,
    "Pic": "/Game/Aki/UI/UIResources/Common/Image/ImgHelp/T_ImgHelp_Tuwenyindao_340010_01_UI.T_ImgHelp_Tuwenyindao_340010_01_UI",
    "Title": "Tutorial_34010_Title",
    "SubTitle": "",
    "Content": "GuideTutorialPage_34010_Content",
    "Button": {
      "PKa": [],
      "length": 0
    }
  },
  {
    "Id": 3401001,
    "Pic": "/Game/Aki/UI/UIResources/Common/Image/ImgHelp/T_ImgHelp_Tuwenyindao_340010_02_UI.T_ImgHelp_Tuwenyindao_340010_02_UI",
    "Title": "Tutorial_3401001_Title",
    "SubTitle": "",
    "Content": "GuideTutorialPage_3401001_Content",
    "Button": {
      "PKa": [],
      "length": 0
    }
  },
  {
    "Id": 3401002,
    "Pic": "/Game/Aki/UI/UIResources/Common/Image/ImgHelp/T_ImgHelp_Tuwenyindao_340010_03_UI.T_ImgHelp_Tuwenyindao_340010_03_UI",
    "Title": "Tutorial_3401002_Title",
    "SubTitle": "",
    "Content": "GuideTutorialPage_34010012Content",
    "Button": {
      "PKa": [],
      "length": 0
    }
  },
  {
    "Id": 34011,
    "Pic": "/Game/Aki/UI/UIResources/Common/Image/ImgHelp/T_ImgHelp_Tuwenyindao_340011_01_UI.T_ImgHelp_Tuwenyindao_340011_01_UI",
    "Title": "Tutorial_34011_Title",
    "SubTitle": "",
    "Content": "GuideTutorialPage_34011_Content",
    "Button": {
      "PKa": [],
      "length": 0
    }
  },
  {
    "Id": 3401101,
    "Pic": "/Game/Aki/UI/UIResources/Common/Image/ImgHelp/T_ImgHelp_Tuwenyindao_340011_02_UI.T_ImgHelp_Tuwenyindao_340011_02_UI",
    "Title": "Tutorial_3401101_Title",
    "SubTitle": "",
    "Content": "GuideTutorialPage_3401101_Content",
    "Button": {
      "PKa": [],
      "length": 0
    }
  },
  {
    "Id": 3401102,
    "Pic": "/Game/Aki/UI/UIResources/Common/Image/ImgHelp/T_ImgHelp_Tuwenyindao_340011_03_UI.T_ImgHelp_Tuwenyindao_340011_03_UI",
    "Title": "Tutorial_3401102_Title",
    "SubTitle": "",
    "Content": "GuideTutorialPage_3401102_Content",
    "Button": {
      "PKa": [],
      "length": 0
    }
  },
  {
    "Id": 34012,
    "Pic": "/Game/Aki/UI/UIResources/Common/Image/ImgHelp/T_ImgHelp_Tuwenyindao_340012_UI.T_ImgHelp_Tuwenyindao_340012_UI",
    "Title": "Tutorial_34012_Title",
    "SubTitle": "",
    "Content": "GuideTutorialPage_34012_Content",
    "Button": {
      "PKa": [],
      "length": 0
    }
  },
  {
    "Id": 34013,
    "Pic": "/Game/Aki/UI/UIResources/Common/Image/ImgHelp/T_ImgHelp_Tuwenyindao_340013_UI.T_ImgHelp_Tuwenyindao_340013_UI",
    "Title": "Tutorial_34013_Title",
    "SubTitle": "",
    "Content": "GuideTutorialPage_34013_Content",
    "Button": {
      "PKa": [],
      "length": 0
    }
  },
  {
    "Id": 34014,
    "Pic": "/Game/Aki/UI/UIResources/Common/Image/ImgHelp/T_ImgHelp_Tuwenyindao_340014_01_UI.T_ImgHelp_Tuwenyindao_340014_01_UI",
    "Title": "Tutorial_34014_Title",
    "SubTitle": "",
    "Content": "GuideTutorialPage_34014_Content",
    "Button": {
      "PKa": [],
      "length": 0
    }
  },
  {
    "Id": 3401401,
    "Pic": "/Game/Aki/UI/UIResources/Common/Image/ImgHelp/T_ImgHelp_Tuwenyindao_340014_02_UI.T_ImgHelp_Tuwenyindao_340014_02_UI",
    "Title": "Tutorial_3401401_Title",
    "SubTitle": "",
    "Content": "GuideTutorialPage_3401401_Content",
    "Button": {
      "PKa": [],
      "length": 0
    }
  },
  {
    "Id": 34015,
    "Pic": "/Game/Aki/UI/UIResources/Common/Image/ImgHelp/T_ImgHelp_Tuwenyindao_340015_UI.T_ImgHelp_Tuwenyindao_340015_UI",
    "Title": "Tutorial_34015_Title",
    "SubTitle": "",
    "Content": "GuideTutorialPage_34015_Content",
    "Button": {
      "PKa": [],
      "length": 0
    }
  },
  {
    "Id": 34016,
    "Pic": "/Game/Aki/UI/UIResources/Common/Image/ImgHelp/T_ImgHelp_Tuwenyindao_340016_UI.T_ImgHelp_Tuwenyindao_340016_UI",
    "Title": "Tutorial_34016_Title",
    "SubTitle": "",
    "Content": "GuideTutorialPage_34016_Content",
    "Button": {
      "PKa": [],
      "length": 0
    }
  },
  {
    "Id": 34019,
    "Pic": "/Game/Aki/UI/UIResources/Common/Image/ImgHelp/T_ImgHelp_Tuwenyindao_340019_UI.T_ImgHelp_Tuwenyindao_340019_UI",
    "Title": "Tutorial_34019_Title",
    "SubTitle": "",
    "Content": "GuideTutorialPage_34019_Content",
    "Button": {
      "PKa": [],
      "length": 0
    }
  },
  {
    "Id": 34020,
    "Pic": "/Game/Aki/UI/UIResources/Common/Image/ImgHelp/T_ImgHelp_Tuwenyindao_340020_UI.T_ImgHelp_Tuwenyindao_340020_UI",
    "Title": "Tutorial_34020_Title",
    "SubTitle": "",
    "Content": "GuideTutorialPage_34020_Content",
    "Button": {
      "PKa": [],
      "length": 0
    }
  },
  {
    "Id": 34021,
    "Pic": "/Game/Aki/UI/UIResources/Common/Image/ImgHelp/T_ImgHelp_Tuwenyindao_340021_UI.T_ImgHelp_Tuwenyindao_340021_UI",
    "Title": "Tutorial_34021_Title",
    "SubTitle": "",
    "Content": "GuideTutorialPage_34021_Content",
    "Button": {
      "PKa": [],
      "length": 0
    }
  },
  {
    "Id": 34022,
    "Pic": "/Game/Aki/UI/UIResources/Common/Image/ImgHelp/T_ImgHelp_Tuwenyindao_340022_UI.T_ImgHelp_Tuwenyindao_340022_UI",
    "Title": "Tutorial_34022_Title",
    "SubTitle": "",
    "Content": "GuideTutorialPage_34022_Content",
    "Button": {
      "PKa": [],
      "length": 0
    }
  },
  {
    "Id": 34023,
    "Pic": "/Game/Aki/UI/UIResources/Common/Image/ImgHelp/T_ImgHelp_Tuwenyindao_340023_UI.T_ImgHelp_Tuwenyindao_340023_UI",
    "Title": "Tutorial_34023_Title",
    "SubTitle": "",
    "Content": "GuideTutorialPage_34023_Content",
    "Button": {
      "PKa": [],
      "length": 0
    }
  },
  {
    "Id": 34024,
    "Pic": "/Game/Aki/UI/UIResources/Common/Image/ImgHelp/T_ImgHelp_MorseCode_03_UI.T_ImgHelp_MorseCode_03_UI",
    "Title": "Tutorial_34024_Title",
    "SubTitle": "",
    "Content": "GuideTutorialPage_34024_Content",
    "Button": {
      "PKa": [],
      "length": 0
    }
  },
  {
    "Id": 3402401,
    "Pic": "/Game/Aki/UI/UIResources/Common/Image/ImgHelp/T_ImgHelp_MorseCode_04_UI.T_ImgHelp_MorseCode_04_UI",
    "Title": "Tutorial_3402401_Title",
    "SubTitle": "",
    "Content": "GuideTutorialPage_3402401_Content",
    "Button": {
      "PKa": [],
      "length": 0
    }
  },
  {
    "Id": 34025,
    "Pic": "/Game/Aki/UI/UIResources/Common/Image/ImgHelp/T_ImgHelp_Tuwenyindao_340025_UI.T_ImgHelp_Tuwenyindao_340025_UI",
    "Title": "Tutorial_34025_Title",
    "SubTitle": "",
    "Content": "GuideTutorialPage_34025_Content",
    "Button": {
      "PKa": [],
      "length": 0
    }
  },
  {
    "Id": 34026,
    "Pic": "/Game/Aki/UI/UIResources/Common/Image/ImgHelp/T_ImgHelp_Tuwenyindao_340026_UI.T_ImgHelp_Tuwenyindao_340026_UI",
    "Title": "Tutorial_34026_Title",
    "SubTitle": "",
    "Content": "GuideTutorialPage_34026_Content",
    "Button": {
      "PKa": [],
      "length": 0
    }
  },
  {
    "Id": 34027,
    "Pic": "/Game/Aki/UI/UIResources/Common/Image/ImgHelp/T_ImgHelp_Tuwenyindao_340027_UI.T_ImgHelp_Tuwenyindao_340027_UI",
    "Title": "Tutorial_34027_Title",
    "SubTitle": "",
    "Content": "GuideTutorialPage_34027_Content",
    "Button": {
      "PKa": [],
      "length": 0
    }
  },
  {
    "Id": 34028,
    "Pic": "/Game/Aki/UI/UIResources/Common/Image/ImgHelp/T_ImgHelp_Tuwenyindao_340028_UI.T_ImgHelp_Tuwenyindao_340028_UI",
    "Title": "Tutorial_34028_Title",
    "SubTitle": "",
    "Content": "GuideTutorialPage_34028_Content",
    "Button": {
      "PKa": [],
      "length": 0
    }
  },
  {
    "Id": 34029,
    "Pic": "/Game/Aki/UI/UIResources/Common/Image/ImgHelp/T_ImgHelp_Tuwenyindao_340029_UI.T_ImgHelp_Tuwenyindao_340029_UI",
    "Title": "Tutorial_34029_Title",
    "SubTitle": "",
    "Content": "GuideTutorialPage_34029_Content",
    "Button": {
      "PKa": [],
      "length": 0
    }
  },
  {
    "Id": 34030,
    "Pic": "/Game/Aki/UI/UIResources/Common/Image/ImgHelp/T_ImgHelp_Tuwenyindao_340030_UI.T_ImgHelp_Tuwenyindao_340030_UI",
    "Title": "Tutorial_34030_Title",
    "SubTitle": "",
    "Content": "GuideTutorialPage_34030_Content",
    "Button": {
      "PKa": [],
      "length": 0
    }
  },
  {
    "Id": 34031,
    "Pic": "/Game/Aki/UI/UIResources/Common/Image/ImgHelp/T_ImgHelp_Tuwenyindao_340031_UI.T_ImgHelp_Tuwenyindao_340031_UI",
    "Title": "Tutorial_34031_Title",
    "SubTitle": "",
    "Content": "GuideTutorialPage_34031_Content",
    "Button": {
      "PKa": [],
      "length": 0
    }
  },
  {
    "Id": 34032,
    "Pic": "/Game/Aki/UI/UIResources/Common/Image/ImgHelp/T_ImgHelp_Tuwenyindao_340032_1_UI.T_ImgHelp_Tuwenyindao_340032_1_UI",
    "Title": "Tutorial_34032_Title",
    "SubTitle": "",
    "Content": "GuideTutorialPage_34032_Content",
    "Button": {
      "PKa": [],
      "length": 0
    }
  },
  {
    "Id": 3403201,
    "Pic": "/Game/Aki/UI/UIResources/Common/Image/ImgHelp/T_ImgHelp_Tuwenyindao_340032_2_UI.T_ImgHelp_Tuwenyindao_340032_2_UI",
    "Title": "Tutorial_3403201_Title",
    "SubTitle": "",
    "Content": "GuideTutorialPage_3403201_Content",
    "Button": {
      "PKa": [],
      "length": 0
    }
  },
  {
    "Id": 3403202,
    "Pic": "/Game/Aki/UI/UIResources/Common/Image/ImgHelp/T_ImgHelp_Tuwenyindao_340032_3_UI.T_ImgHelp_Tuwenyindao_340032_3_UI",
    "Title": "Tutorial_3403202_Title",
    "SubTitle": "",
    "Content": "GuideTutorialPage_3403202_Content",
    "Button": {
      "PKa": [],
      "length": 0
    }
  },
  {
    "Id": 34033,
    "Pic": "/Game/Aki/UI/UIResources/Common/Image/ImgHelp/T_ImgHelp_Tuwenyindao_340010_04_UI.T_ImgHelp_Tuwenyindao_340010_04_UI",
    "Title": "Tutorial_34033_Title",
    "SubTitle": "",
    "Content": "GuideTutorialPage_34033_Content",
    "Button": {
      "PKa": [],
      "length": 0
    }
  },
  {
    "Id": 3403301,
    "Pic": "/Game/Aki/UI/UIResources/Common/Image/ImgHelp/T_ImgHelp_Tuwenyindao_340010_05_UI.T_ImgHelp_Tuwenyindao_340010_05_UI",
    "Title": "Tutorial_3403301_Title",
    "SubTitle": "",
    "Content": "GuideTutorialPage_340301_Content",
    "Button": {
      "PKa": [],
      "length": 0
    }
  },
  {
    "Id": 32022,
    "Pic": "/Game/Aki/UI/UIResources/Common/Image/ImgHelp/T_ImgHelp_Tuwenyindao_32022_UI.T_ImgHelp_Tuwenyindao_32022_UI",
    "Title": "Tutorial_32022_Title",
    "SubTitle": "",
    "Content": "GuideTutorialPage_32022_Content",
    "Button": {
      "PKa": [],
      "length": 0
    }
  },
  {
    "Id": 3000102,
    "Pic": "/Game/Aki/UI/UIResources/Common/Image/ImgHelp/T_ImgHelp_Shenghai_02_UI.T_ImgHelp_Shenghai_02_UI",
    "Title": "Tutorial_3000102_Title",
    "SubTitle": "",
    "Content": "GuideTutorialPage_3000102_Content",
    "Button": {
      "PKa": [],
      "length": 0
    }
  },
  {
    "Id": 3000103,
    "Pic": "/Game/Aki/UI/UIResources/Common/Image/ImgHelp/T_ImgHelp_Shenghai_03_UI.T_ImgHelp_Shenghai_03_UI",
    "Title": "Tutorial_3000103_Title",
    "SubTitle": "",
    "Content": "GuideTutorialPage_3000103_Content",
    "Button": {
      "PKa": [],
      "length": 0
    }
  },
  {
    "Id": 3001401,
    "Pic": "/Game/Aki/UI/UIResources/Common/Image/ImgHelp/T_ImgHelp_Yanzoujineng_02_UI.T_ImgHelp_Yanzoujineng_02_UI",
    "Title": "Tutorial_3001401_Title",
    "SubTitle": "",
    "Content": "GuideTutorialPage_3001401_Content",
    "Button": {
      "PKa": [],
      "length": 0
    }
  },
  {
    "Id": 3003603,
    "Pic": "/Game/Aki/UI/UIResources/Common/Image/ImgHelp/T_ImgHelp_LevelGraphic_010_02_UI.T_ImgHelp_LevelGraphic_010_02_UI",
    "Title": "Tutorial_3003603_Title",
    "SubTitle": "",
    "Content": "GuideTutorialPage_3003603_Content",
    "Button": {
      "PKa": [],
      "length": 0
    }
  },
  {
    "Id": 31002,
    "Pic": "/Game/Aki/UI/UIResources/Common/Image/ImgHelp/T_ImgHelp_Tuwenyindao_31002_01_UI.T_ImgHelp_Tuwenyindao_31002_01_UI",
    "Title": "Tutorial_31002_Title",
    "SubTitle": "",
    "Content": "GuideTutorialPage_31002_Content",
    "Button": {
      "PKa": [],
      "length": 0
    }
  },
  {
    "Id": 3100202,
    "Pic": "/Game/Aki/UI/UIResources/Common/Image/ImgHelp/T_ImgHelp_Tuwenyindao_31002_02_UI.T_ImgHelp_Tuwenyindao_31002_02_UI",
    "Title": "Tutorial_3100202_Title",
    "SubTitle": "",
    "Content": "GuideTutorialPage_3100202_Content",
    "Button": {
      "PKa": [],
      "length": 0
    }
  },
  {
    "Id": 31003,
    "Pic": "/Game/Aki/UI/UIResources/Common/Image/ImgHelp/T_ImgHelp_Tuwenyindao_31003_01_UI.T_ImgHelp_Tuwenyindao_31003_01_UI",
    "Title": "Tutorial_31003_Title",
    "SubTitle": "",
    "Content": "GuideTutorialPage_31003_Content",
    "Button": {
      "PKa": [],
      "length": 0
    }
  },
  {
    "Id": 3100302,
    "Pic": "/Game/Aki/UI/UIResources/Common/Image/ImgHelp/T_ImgHelp_Tuwenyindao_31003_02_UI.T_ImgHelp_Tuwenyindao_31003_02_UI",
    "Title": "Tutorial_3100302_Title",
    "SubTitle": "",
    "Content": "GuideTutorialPage_3100302_Content",
    "Button": {
      "PKa": [],
      "length": 0
    }
  },
  {
    "Id": 31004,
    "Pic": "/Game/Aki/UI/UIResources/Common/Image/ImgHelp/T_ImgHelp_Tuwenyindao_31004_01_UI.T_ImgHelp_Tuwenyindao_31004_01_UI",
    "Title": "Tutorial_31004_Title",
    "SubTitle": "",
    "Content": "GuideTutorialPage_31004_Content",
    "Button": {
      "PKa": [],
      "length": 0
    }
  },
  {
    "Id": 3100402,
    "Pic": "/Game/Aki/UI/UIResources/Common/Image/ImgHelp/T_ImgHelp_Tuwenyindao_31004_02_UI.T_ImgHelp_Tuwenyindao_31004_02_UI",
    "Title": "Tutorial_3100402_Title",
    "SubTitle": "",
    "Content": "GuideTutorialPage_3100402_Content",
    "Button": {
      "PKa": [],
      "length": 0
    }
  },
  {
    "Id": 31005,
    "Pic": "/Game/Aki/UI/UIResources/Common/Image/ImgHelp/T_ImgHelp_Tuwenyindao_31005_01_UI.T_ImgHelp_Tuwenyindao_31005_01_UI",
    "Title": "Tutorial_31005_Title",
    "SubTitle": "",
    "Content": "GuideTutorialPage_31005_Content",
    "Button": {
      "PKa": [],
      "length": 0
    }
  },
  {
    "Id": 3100502,
    "Pic": "/Game/Aki/UI/UIResources/Common/Image/ImgHelp/T_ImgHelp_Tuwenyindao_31005_02_UI.T_ImgHelp_Tuwenyindao_31005_02_UI",
    "Title": "Tutorial_3100502_Title",
    "SubTitle": "",
    "Content": "GuideTutorialPage_3100502_Content",
    "Button": {
      "PKa": [],
      "length": 0
    }
  },
  {
    "Id": 31006,
    "Pic": "/Game/Aki/UI/UIResources/Common/Image/ImgHelp/T_ImgHelp_Tuwenyindao_31006_01_UI.T_ImgHelp_Tuwenyindao_31006_01_UI",
    "Title": "Tutorial_31006_Title",
    "SubTitle": "",
    "Content": "GuideTutorialPage_31006_Content",
    "Button": {
      "PKa": [],
      "length": 0
    }
  },
  {
    "Id": 31007,
    "Pic": "/Game/Aki/UI/UIResources/Common/Image/ImgHelp/T_ImgHelp_Tuwenyindao_31007_01_UI.T_ImgHelp_Tuwenyindao_31007_01_UI",
    "Title": "Tutorial_31007_Title",
    "SubTitle": "",
    "Content": "GuideTutorialPage_31007_Content",
    "Button": {
      "PKa": [],
      "length": 0
    }
  },
  {
    "Id": 3100702,
    "Pic": "/Game/Aki/UI/UIResources/Common/Image/ImgHelp/T_ImgHelp_Tuwenyindao_31007_02_UI.T_ImgHelp_Tuwenyindao_31007_02_UI",
    "Title": "Tutorial_3100702_Title",
    "SubTitle": "",
    "Content": "GuideTutorialPage_3100702_Content",
    "Button": {
      "PKa": [],
      "length": 0
    }
  },
  {
    "Id": 3401103,
    "Pic": "/Game/Aki/UI/UIResources/Common/Image/ImgHelp/T_ImgHelp_Tuwenyindao_340011_04_UI.T_ImgHelp_Tuwenyindao_340011_04_UI",
    "Title": "Tutorial_3401103_Title",
    "SubTitle": "",
    "Content": "GuideTutorialPage_3401103_Content",
    "Button": {
      "PKa": [],
      "length": 0
    }
  },
  {
    "Id": 3401202,
    "Pic": "/Game/Aki/UI/UIResources/Common/Image/ImgHelp/T_ImgHelp_Tuwenyindao_340012_02_UI.T_ImgHelp_Tuwenyindao_340012_02_UI",
    "Title": "Tutorial_3401202_Title",
    "SubTitle": "",
    "Content": "GuideTutorialPage_3401202_Content",
    "Button": {
      "PKa": [],
      "length": 0
    }
  },
  {
    "Id": 3401302,
    "Pic": "/Game/Aki/UI/UIResources/Common/Image/ImgHelp/T_ImgHelp_Tuwenyindao_340013_02_UI.T_ImgHelp_Tuwenyindao_340013_02_UI",
    "Title": "Tutorial_3401302_Title",
    "SubTitle": "",
    "Content": "GuideTutorialPage_3401302_Content",
    "Button": {
      "PKa": [],
      "length": 0
    }
  },
  {
    "Id": 3401703,
    "Pic": "/Game/Aki/UI/UIResources/Common/Image/ImgHelp/T_ImgHelp_Tuwenyindao_340017_03_UI.T_ImgHelp_Tuwenyindao_340017_03_UI",
    "Title": "Tutorial_3401703_Title",
    "SubTitle": "",
    "Content": "GuideTutorialPage_3401703_Content",
    "Button": {
      "PKa": [],
      "length": 0
    }
  },
  {
    "Id": 3401704,
    "Pic": "/Game/Aki/UI/UIResources/Common/Image/ImgHelp/T_ImgHelp_Tuwenyindao_340017_04_UI.T_ImgHelp_Tuwenyindao_340017_04_UI",
    "Title": "Tutorial_3401704_Title",
    "SubTitle": "",
    "Content": "GuideTutorialPage_3401704_Content",
    "Button": {
      "PKa": [],
      "length": 0
    }
  },
  {
    "Id": 34034,
    "Pic": "/Game/Aki/UI/UIResources/Common/Image/ImgHelp/T_ImgHelp_Tuwenyindao_340034_UI.T_ImgHelp_Tuwenyindao_340034_UI",
    "Title": "Tutorial_34034_Title",
    "SubTitle": "",
    "Content": "GuideTutorialPage_34034_Content",
    "Button": {
      "PKa": [],
      "length": 0
    }
  },
  {
    "Id": 34035,
    "Pic": "/Game/Aki/UI/UIResources/Common/Image/ImgHelp/T_ImgHelp_Tuwenyindao_340035_01_UI.T_ImgHelp_Tuwenyindao_340035_01_UI",
    "Title": "Tutorial_34035_Title",
    "SubTitle": "",
    "Content": "GuideTutorialPage_34035_Content",
    "Button": {
      "PKa": [],
      "length": 0
    }
  },
  {
    "Id": 3403502,
    "Pic": "/Game/Aki/UI/UIResources/Common/Image/ImgHelp/T_ImgHelp_Tuwenyindao_340035_02_UI.T_ImgHelp_Tuwenyindao_340035_02_UI",
    "Title": "Tutorial_3403502_Title",
    "SubTitle": "",
    "Content": "GuideTutorialPage_3403502_Content",
    "Button": {
      "PKa": [],
      "length": 0
    }
  },
  {
    "Id": 3403503,
    "Pic": "/Game/Aki/UI/UIResources/Common/Image/ImgHelp/T_ImgHelp_Tuwenyindao_340035_03_UI.T_ImgHelp_Tuwenyindao_340035_03_UI",
    "Title": "Tutorial_3403503_Title",
    "SubTitle": "",
    "Content": "GuideTutorialPage_3403503_Content",
    "Button": {
      "PKa": [],
      "length": 0
    }
  },
  {
    "Id": 31008,
    "Pic": "/Game/Aki/UI/UIResources/Common/Image/ImgHelp/T_ImgHelp_Tuwenyindao_31008_UI.T_ImgHelp_Tuwenyindao_31008_UI",
    "Title": "Tutorial_31008_Title",
    "SubTitle": "",
    "Content": "GuideTutorialPage_31008_Content",
    "Button": {
      "PKa": [],
      "length": 0
    }
  },
  {
    "Id": 34036,
    "Pic": "/Game/Aki/UI/UIResources/Common/Image/ImgHelp/T_ImgHelp_Tuwenyindao_340036_UI.T_ImgHelp_Tuwenyindao_340036_UI",
    "Title": "Tutorial_34036_Title",
    "SubTitle": "",
    "Content": "GuideTutorialPage_34036_Content",
    "Button": {
      "PKa": [],
      "length": 0
    }
  },
  {
    "Id": 33006,
    "Pic": "/Game/Aki/UI/UIResources/Common/Image/ImgHelp/T_ImgHelp_Tuwenyindao_33006_UI.T_ImgHelp_Tuwenyindao_33006_UI",
    "Title": "Tutorial_33006_Title",
    "SubTitle": "",
    "Content": "GuideTutorialPage_33006_Content",
    "Button": {
      "PKa": [],
      "length": 0
    }
  },
  {
    "Id": 33007,
    "Pic": "/Game/Aki/UI/UIResources/Common/Image/ImgHelp/T_ImgHelp_Tuwenyindao_33007_UI.T_ImgHelp_Tuwenyindao_33007_UI",
    "Title": "Tutorial_33007_Title",
    "SubTitle": "",
    "Content": "GuideTutorialPage_33007_Content",
    "Button": {
      "PKa": [],
      "length": 0
    }
  },
  {
    "Id": 3401902,
    "Pic": "/Game/Aki/UI/UIResources/Common/Image/ImgHelp/T_ImgHelp_Tuwenyindao_340019_02_UI.T_ImgHelp_Tuwenyindao_340019_02_UI",
    "Title": "Tutorial_3401902_Title",
    "SubTitle": "",
    "Content": "GuideTutorialPage_3401902_Content",
    "Button": {
      "PKa": [],
      "length": 0
    }
  },
  {
    "Id": 3401903,
    "Pic": "/Game/Aki/UI/UIResources/Common/Image/ImgHelp/T_ImgHelp_Tuwenyindao_340019_03_UI.T_ImgHelp_Tuwenyindao_340019_03_UI",
    "Title": "Tutorial_3401903_Title",
    "SubTitle": "",
    "Content": "GuideTutorialPage_3401903_Content",
    "Button": {
      "PKa": [],
      "length": 0
    }
  },
  {
    "Id": 31009,
    "Pic": "/Game/Aki/UI/UIResources/Common/Image/ImgHelp/T_ImgHelp_Tuwenyindao_31009_UI.T_ImgHelp_Tuwenyindao_31009_UI",
    "Title": "Tutorial_31009_Title",
    "SubTitle": "",
    "Content": "GuideTutorialPage_31009_Content",
    "Button": {
      "PKa": [],
      "length": 0
    }
  },
  {
    "Id": 3100602,
    "Pic": "/Game/Aki/UI/UIResources/Common/Image/ImgHelp/T_ImgHelp_Tuwenyindao_31006_02_UI.T_ImgHelp_Tuwenyindao_31006_02_UI",
    "Title": "Tutorial_3100602_Title",
    "SubTitle": "",
    "Content": "GuideTutorialPage_3100602_Content",
    "Button": {
      "PKa": [],
      "length": 0
    }
  },
  {
    "Id": 32023,
    "Pic": "/Game/Aki/UI/UIResources/Common/Image/ImgHelp/T_ImgHelp_Tuwenyindao_32023_UI.T_ImgHelp_Tuwenyindao_32023_UI",
    "Title": "Tutorial_32023_Title",
    "SubTitle": "",
    "Content": "GuideTutorialPage_32023_Content",
    "Button": {
      "PKa": [],
      "length": 0
    }
  },
  {
    "Id": 32024,
    "Pic": "/Game/Aki/UI/UIResources/Common/Image/ImgHelp/T_ImgHelp_Tuwenyindao_32024_UI.T_ImgHelp_Tuwenyindao_32024_UI",
    "Title": "Tutorial_32024_Title",
    "SubTitle": "",
    "Content": "GuideTutorialPage_32024_Content",
    "Button": {
      "PKa": [],
      "length": 0
    }
  },
  {
    "Id": 32025,
    "Pic": "/Game/Aki/UI/UIResources/Common/Image/ImgHelp/T_ImgHelp_Tuwenyindao_32025_UI.T_ImgHelp_Tuwenyindao_32025_UI",
    "Title": "Tutorial_32025_Title",
    "SubTitle": "",
    "Content": "GuideTutorialPage_32025_Content",
    "Button": {
      "PKa": [],
      "length": 0
    }
  },
  {
    "Id": 33008,
    "Pic": "/Game/Aki/UI/UIResources/Common/Image/ImgHelp/T_ImgHelp_Tuwenyindao_33008_UI.T_ImgHelp_Tuwenyindao_33008_UI",
    "Title": "Tutorial_33008_Title",
    "SubTitle": "",
    "Content": "GuideTutorialPage_33008_Content",
    "Button": {
      "PKa": [],
      "length": 0
    }
  },
  {
    "Id": 34037,
    "Pic": "/Game/Aki/UI/UIResources/Common/Image/ImgHelp/T_ImgHelp_Tuwenyindao_34037_UI.T_ImgHelp_Tuwenyindao_34037_UI",
    "Title": "Tutorial_34037_Title",
    "SubTitle": "",
    "Content": "GuideTutorialPage_34037_Content",
    "Button": {
      "PKa": [],
      "length": 0
    }
  },
  {
    "Id": 34038,
    "Pic": "/Game/Aki/UI/UIResources/Common/Image/ImgHelp/T_ImgHelp_Tuwenyindao_34038_UI.T_ImgHelp_Tuwenyindao_34038_UI",
    "Title": "Tutorial_34038_Title",
    "SubTitle": "",
    "Content": "GuideTutorialPage_34038_Content",
    "Button": {
      "PKa": [],
      "length": 0
    }
  },
  {
    "Id": 34039,
    "Pic": "/Game/Aki/UI/UIResources/Common/Image/ImgHelp/T_ImgHelp_Tuwenyindao_34039_UI.T_ImgHelp_Tuwenyindao_34039_UI",
    "Title": "Tutorial_34039_Title",
    "SubTitle": "",
    "Content": "GuideTutorialPage_34039_Content",
    "Button": {
      "PKa": [],
      "length": 0
    }
  },
  {
    "Id": 34040,
    "Pic": "/Game/Aki/UI/UIResources/Common/Image/ImgHelp/T_ImgHelp_Tuwenyindao_34040_UI.T_ImgHelp_Tuwenyindao_34040_UI",
    "Title": "Tutorial_34040_Title",
    "SubTitle": "",
    "Content": "GuideTutorialPage_34040_Content",
    "Button": {
      "PKa": [],
      "length": 0
    }
  },
  {
    "Id": 34041,
    "Pic": "/Game/Aki/UI/UIResources/Common/Image/ImgHelp/T_ImgHelp_Tuwenyindao_34041_UI.T_ImgHelp_Tuwenyindao_34041_UI",
    "Title": "Tutorial_34041_Title",
    "SubTitle": "",
    "Content": "GuideTutorialPage_34041_Content",
    "Button": {
      "PKa": [],
      "length": 0
    }
  },
  {
    "Id": 34042,
    "Pic": "/Game/Aki/UI/UIResources/Common/Image/ImgHelp/T_ImgHelp_Tuwenyindao_34042_UI.T_ImgHelp_Tuwenyindao_34042_UI",
    "Title": "Tutorial_34042_Title",
    "SubTitle": "",
    "Content": "GuideTutorialPage_34042_Content",
    "Button": {
      "PKa": [],
      "length": 0
    }
  },
  {
    "Id": 34043,
    "Pic": "/Game/Aki/UI/UIResources/Common/Image/ImgHelp/T_ImgHelp_Tuwenyindao_34043_UI.T_ImgHelp_Tuwenyindao_34043_UI",
    "Title": "Tutorial_34043_Title",
    "SubTitle": "",
    "Content": "GuideTutorialPage_34043_Content",
    "Button": {
      "PKa": [],
      "length": 0
    }
  },
  {
    "Id": 34044,
    "Pic": "/Game/Aki/UI/UIResources/Common/Image/ImgHelp/T_ImgHelp_Tuwenyindao_34044_UI.T_ImgHelp_Tuwenyindao_34044_UI",
    "Title": "Tutorial_34044_Title",
    "SubTitle": "",
    "Content": "GuideTutorialPage_34044_Content",
    "Button": {
      "PKa": [],
      "length": 0
    }
  },
  {
    "Id": 34045,
    "Pic": "/Game/Aki/UI/UIResources/Common/Image/ImgHelp/T_ImgHelp_Tuwenyindao_34045_UI.T_ImgHelp_Tuwenyindao_34045_UI",
    "Title": "Tutorial_34045_Title",
    "SubTitle": "",
    "Content": "GuideTutorialPage_34045_Content",
    "Button": {
      "PKa": [],
      "length": 0
    }
  },
  {
    "Id": 34046,
    "Pic": "/Game/Aki/UI/UIResources/Common/Image/ImgHelp/T_ImgHelp_Tuwenyindao_34046_UI.T_ImgHelp_Tuwenyindao_34046_UI",
    "Title": "Tutorial_34046_Title",
    "SubTitle": "",
    "Content": "GuideTutorialPage_34046_Content",
    "Button": {
      "PKa": [],
      "length": 0
    }
  },
  {
    "Id": 34047,
    "Pic": "/Game/Aki/UI/UIResources/Common/Image/ImgHelp/T_ImgHelp_Tuwenyindao_34047_UI.T_ImgHelp_Tuwenyindao_34047_UI",
    "Title": "Tutorial_34047_Title",
    "SubTitle": "",
    "Content": "GuideTutorialPage_34047_Content",
    "Button": {
      "PKa": [],
      "length": 0
    }
  },
  {
    "Id": 34048,
    "Pic": "/Game/Aki/UI/UIResources/Common/Image/ImgHelp/T_ImgHelp_Tuwenyindao_34048_UI.T_ImgHelp_Tuwenyindao_34048_UI",
    "Title": "Tutorial_34048_Title",
    "SubTitle": "",
    "Content": "GuideTutorialPage_34048_Content",
    "Button": {
      "PKa": [],
      "length": 0
    }
  },
  {
    "Id": 34049,
    "Pic": "/Game/Aki/UI/UIResources/Common/Image/ImgHelp/T_ImgHelp_Tuwenyindao_34049_UI.T_ImgHelp_Tuwenyindao_34049_UI",
    "Title": "Tutorial_34049_Title",
    "SubTitle": "",
    "Content": "GuideTutorialPage_34049_Content",
    "Button": {
      "PKa": [],
      "length": 0
    }
  },
  {
    "Id": 34050,
    "Pic": "/Game/Aki/UI/UIResources/Common/Image/ImgHelp/T_ImgHelp_Tuwenyindao_34050_UI.T_ImgHelp_Tuwenyindao_34050_UI",
    "Title": "Tutorial_34050_Title",
    "SubTitle": "",
    "Content": "GuideTutorialPage_34050_Content",
    "Button": {
      "PKa": [],
      "length": 0
    }
  },
  {
    "Id": 34051,
    "Pic": "/Game/Aki/UI/UIResources/Common/Image/ImgHelp/T_ImgHelp_Tuwenyindao_34051_UI.T_ImgHelp_Tuwenyindao_34051_UI",
    "Title": "Tutorial_34051_Title",
    "SubTitle": "",
    "Content": "GuideTutorialPage_34051_Content",
    "Button": {
      "PKa": [],
      "length": 0
    }
  },
  {
    "Id": 34052,
    "Pic": "/Game/Aki/UI/UIResources/Common/Image/ImgHelp/T_ImgHelp_Tuwenyindao_34052_UI.T_ImgHelp_Tuwenyindao_34052_UI",
    "Title": "Tutorial_34052_Title",
    "SubTitle": "",
    "Content": "GuideTutorialPage_34052_Content",
    "Button": {
      "PKa": [],
      "length": 0
    }
  },
  {
    "Id": 3403702,
    "Pic": "/Game/Aki/UI/UIResources/Common/Image/ImgHelp/T_ImgHelp_Tuwenyindao_34037_02_UI.T_ImgHelp_Tuwenyindao_34037_02_UI",
    "Title": "Tutorial_3403702_Title",
    "SubTitle": "",
    "Content": "GuideTutorialPage_3403702_Content",
    "Button": {
      "PKa": [],
      "length": 0
    }
  },
  {
    "Id": 3404102,
    "Pic": "/Game/Aki/UI/UIResources/Common/Image/ImgHelp/T_ImgHelp_Tuwenyindao_34041_02_UI.T_ImgHelp_Tuwenyindao_34041_02_UI",
    "Title": "Tutorial_3404102_Title",
    "SubTitle": "",
    "Content": "GuideTutorialPage_3404102_Content",
    "Button": {
      "PKa": [],
      "length": 0
    }
  },
  {
    "Id": 3404602,
    "Pic": "/Game/Aki/UI/UIResources/Common/Image/ImgHelp/T_ImgHelp_Tuwenyindao_34046_02_UI.T_ImgHelp_Tuwenyindao_34046_02_UI",
    "Title": "Tutorial_3404602_Title",
    "SubTitle": "",
    "Content": "GuideTutorialPage_3404602_Content",
    "Button": {
      "PKa": [],
      "length": 0
    }
  },
  {
    "Id": 3404802,
    "Pic": "/Game/Aki/UI/UIResources/Common/Image/ImgHelp/T_ImgHelp_Tuwenyindao_34048_02_UI.T_ImgHelp_Tuwenyindao_34048_02_UI",
    "Title": "Tutorial_3404802_Title",
    "SubTitle": "",
    "Content": "GuideTutorialPage_3404802_Content",
    "Button": {
      "PKa": [],
      "length": 0
    }
  },
  {
    "Id": 3404803,
    "Pic": "/Game/Aki/UI/UIResources/Common/Image/ImgHelp/T_ImgHelp_Tuwenyindao_34048_03_UI.T_ImgHelp_Tuwenyindao_34048_03_UI",
    "Title": "Tutorial_3404803_Title",
    "SubTitle": "",
    "Content": "GuideTutorialPage_3404803_Content",
    "Button": {
      "PKa": [],
      "length": 0
    }
  },
  {
    "Id": 3404804,
    "Pic": "/Game/Aki/UI/UIResources/Common/Image/ImgHelp/T_ImgHelp_Tuwenyindao_34048_04_UI.T_ImgHelp_Tuwenyindao_34048_04_UI",
    "Title": "Tutorial_3404804_Title",
    "SubTitle": "",
    "Content": "GuideTutorialPage_3404804_Content",
    "Button": {
      "PKa": [],
      "length": 0
    }
  },
  {
    "Id": 3404101,
    "Pic": "/Game/Aki/UI/UIResources/Common/Image/ImgHelp/T_ImgHelp_Tuwenyindao_34041_01_UI.T_ImgHelp_Tuwenyindao_34041_01_UI",
    "Title": "Tutorial_3404101_Title",
    "SubTitle": "",
    "Content": "GuideTutorialPage_3404101_Content",
    "Button": {
      "PKa": [],
      "length": 0
    }
  },
  {
    "Id": 3404002,
    "Pic": "/Game/Aki/UI/UIResources/Common/Image/ImgHelp/T_ImgHelp_Tuwenyindao_34040_02_UI.T_ImgHelp_Tuwenyindao_34040_02_UI",
    "Title": "Tutorial_3404002_Title",
    "SubTitle": "",
    "Content": "GuideTutorialPage_3404002_Content",
    "Button": {
      "PKa": [],
      "length": 0
    }
  },
  {
    "Id": 34053,
    "Pic": "/Game/Aki/UI/UIResources/Common/Image/ImgHelp/T_ImgHelp_Tuwenyindao_34053_UI.T_ImgHelp_Tuwenyindao_34053_UI",
    "Title": "Tutorial_34053_Title",
    "SubTitle": "",
    "Content": "GuideTutorialPage_34053_Content",
    "Button": {
      "PKa": [],
      "length": 0
    }
  },
  {
    "Id": 34054,
    "Pic": "/Game/Aki/UI/UIResources/Common/Image/ImgHelp/T_ImgHelp_Tuwenyindao_34054_UI.T_ImgHelp_Tuwenyindao_34054_UI",
    "Title": "Tutorial_34054_Title",
    "SubTitle": "",
    "Content": "GuideTutorialPage_34054_Content",
    "Button": {
      "PKa": [],
      "length": 0
    }
  },
  {
    "Id": 34055,
    "Pic": "/Game/Aki/UI/UIResources/Common/Image/ImgHelp/T_ImgHelp_Tuwenyindao_34055_UI.T_ImgHelp_Tuwenyindao_34055_UI",
    "Title": "Tutorial_34055_Title",
    "SubTitle": "",
    "Content": "GuideTutorialPage_34055_Content",
    "Button": {
      "PKa": [],
      "length": 0
    }
  },
  {
    "Id": 32026,
    "Pic": "/Game/Aki/UI/UIResources/Common/Image/ImgHelp/T_ImgHelp_Tuwenyindao_32026_UI.T_ImgHelp_Tuwenyindao_32026_UI",
    "Title": "Tutorial_32026_Title",
    "SubTitle": "",
    "Content": "GuideTutorialPage_32026_Content",
    "Button": {
      "PKa": [],
      "length": 0
    }
  },
  {
    "Id": 34056,
    "Pic": "/Game/Aki/UI/UIResources/Common/Image/ImgHelp/T_ImgHelp_Tuwenyindao_34056_UI.T_ImgHelp_Tuwenyindao_34056_UI",
    "Title": "Tutorial_34056_Title",
    "SubTitle": "",
    "Content": "GuideTutorialPage_34056_Content",
    "Button": {
      "PKa": [],
      "length": 0
    }
  },
  {
    "Id": 34057,
    "Pic": "/Game/Aki/UI/UIResources/Common/Image/ImgHelp/T_ImgHelp_Tuwenyindao_34057_UI.T_ImgHelp_Tuwenyindao_34057_UI",
    "Title": "Tutorial_34057_Title",
    "SubTitle": "",
    "Content": "GuideTutorialPage_34057_Content",
    "Button": {
      "PKa": [],
      "length": 0
    }
  },
  {
    "Id": 34059,
    "Pic": "/Game/Aki/UI/UIResources/Common/Image/ImgHelp/T_ImgHelp_Tuwenyindao_34059_UI.T_ImgHelp_Tuwenyindao_34059_UI",
    "Title": "Tutorial_34059_Title",
    "SubTitle": "",
    "Content": "GuideTutorialPage_34059_Content",
    "Button": {
      "PKa": [],
      "length": 0
    }
  },
  {
    "Id": 34060,
    "Pic": "/Game/Aki/UI/UIResources/Common/Image/ImgHelp/T_ImgHelp_Tuwenyindao_34060_UI.T_ImgHelp_Tuwenyindao_34060_UI",
    "Title": "Tutorial_34060_Title",
    "SubTitle": "",
    "Content": "GuideTutorialPage_34060_Content",
    "Button": {
      "PKa": [],
      "length": 0
    }
  },
  {
    "Id": 34061,
    "Pic": "/Game/Aki/UI/UIResources/Common/Image/ImgHelp/T_ImgHelp_Tuwenyindao_34061_UI.T_ImgHelp_Tuwenyindao_34061_UI",
    "Title": "Tutorial_34061_Title",
    "SubTitle": "",
    "Content": "GuideTutorialPage_34061_Content",
    "Button": {
      "PKa": [],
      "length": 0
    }
  },
  {
    "Id": 3406102,
    "Pic": "/Game/Aki/UI/UIResources/Common/Image/ImgHelp/T_ImgHelp_Tuwenyindao_34061_02_UI.T_ImgHelp_Tuwenyindao_34061_02_UI",
    "Title": "Tutorial_3406102_Title",
    "SubTitle": "",
    "Content": "GuideTutorialPage_3406102_Content",
    "Button": {
      "PKa": [],
      "length": 0
    }
  },
  {
    "Id": 3406103,
    "Pic": "/Game/Aki/UI/UIResources/Common/Image/ImgHelp/T_ImgHelp_Tuwenyindao_34061_03_UI.T_ImgHelp_Tuwenyindao_34061_03_UI",
    "Title": "Tutorial_3406103_Title",
    "SubTitle": "",
    "Content": "GuideTutorialPage_3406103_Content",
    "Button": {
      "PKa": [],
      "length": 0
    }
  },
  {
    "Id": 34062,
    "Pic": "/Game/Aki/UI/UIResources/Common/Image/ImgHelp/T_ImgHelp_Tuwenyindao_34062_UI.T_ImgHelp_Tuwenyindao_34062_UI",
    "Title": "Tutorial_34062_Title",
    "SubTitle": "",
    "Content": "GuideTutorialPage_34062_Content",
    "Button": {
      "PKa": [],
      "length": 0
    }
  },
  {
    "Id": 34063,
    "Pic": "/Game/Aki/UI/UIResources/Common/Image/ImgHelp/T_ImgHelp_Tuwenyindao_34063_UI.T_ImgHelp_Tuwenyindao_34063_UI",
    "Title": "Tutorial_34063_Title",
    "SubTitle": "",
    "Content": "GuideTutorialPage_34063_Content",
    "Button": {
      "PKa": [],
      "length": 0
    }
  },
  {
    "Id": 3406302,
    "Pic": "/Game/Aki/UI/UIResources/Common/Image/ImgHelp/T_ImgHelp_Tuwenyindao_34063_02_UI.T_ImgHelp_Tuwenyindao_34063_02_UI",
    "Title": "Tutorial_3406302_Title",
    "SubTitle": "",
    "Content": "GuideTutorialPage_3406302_Content",
    "Button": {
      "PKa": [],
      "length": 0
    }
  },
  {
    "Id": 34064,
    "Pic": "/Game/Aki/UI/UIResources/Common/Image/ImgHelp/T_ImgHelp_Tuwenyindao_34064_UI.T_ImgHelp_Tuwenyindao_34064_UI",
    "Title": "Tutorial_34064_Title",
    "SubTitle": "",
    "Content": "GuideTutorialPage_34064_Content",
    "Button": {
      "PKa": [],
      "length": 0
    }
  },
  {
    "Id": 34065,
    "Pic": "/Game/Aki/UI/UIResources/Common/Image/ImgHelp/T_ImgHelp_Tuwenyindao_34065_UI.T_ImgHelp_Tuwenyindao_34065_UI",
    "Title": "Tutorial_34065_Title",
    "SubTitle": "",
    "Content": "GuideTutorialPage_34065_Content",
    "Button": {
      "PKa": [],
      "length": 0
    }
  },
  {
    "Id": 34066,
    "Pic": "/Game/Aki/UI/UIResources/Common/Image/ImgHelp/T_ImgHelp_Tuwenyindao_34066_UI.T_ImgHelp_Tuwenyindao_34066_UI",
    "Title": "Tutorial_34066_Title",
    "SubTitle": "",
    "Content": "GuideTutorialPage_34066_Content",
    "Button": {
      "PKa": [],
      "length": 0
    }
  },
  {
    "Id": 34067,
    "Pic": "/Game/Aki/UI/UIResources/Common/Image/ImgHelp/T_ImgHelp_Tuwenyindao_34067_UI.T_ImgHelp_Tuwenyindao_34067_UI",
    "Title": "Tutorial_34067_Title",
    "SubTitle": "",
    "Content": "GuideTutorialPage_34067_Content",
    "Button": {
      "PKa": [],
      "length": 0
    }
  },
  {
    "Id": 34068,
    "Pic": "/Game/Aki/UI/UIResources/Common/Image/ImgHelp/T_ImgHelp_Tuwenyindao_34068_UI.T_ImgHelp_Tuwenyindao_34068_UI",
    "Title": "Tutorial_34068_Title",
    "SubTitle": "",
    "Content": "GuideTutorialPage_34068_Content",
    "Button": {
      "PKa": [],
      "length": 0
    }
  },
  {
    "Id": 34069,
    "Pic": "/Game/Aki/UI/UIResources/Common/Image/ImgHelp/T_ImgHelp_Tuwenyindao_34069_UI.T_ImgHelp_Tuwenyindao_34069_UI",
    "Title": "Tutorial_34069_Title",
    "SubTitle": "",
    "Content": "GuideTutorialPage_34069_Content",
    "Button": {
      "PKa": [],
      "length": 0
    }
  },
  {
    "Id": 34070,
    "Pic": "/Game/Aki/UI/UIResources/Common/Image/ImgHelp/T_ImgHelp_Tuwenyindao_34070_UI.T_ImgHelp_Tuwenyindao_34070_UI",
    "Title": "Tutorial_34070_Title",
    "SubTitle": "",
    "Content": "GuideTutorialPage_34070_Content",
    "Button": {
      "PKa": [],
      "length": 0
    }
  }
]