[
  {
    "Id": 30001,
    "TutorialType": 3,
    "TutorialOrder": 0,
    "PageId": [
      1,
      3000102
    ],
    "PageReplaceConditionGroupId": 0,
    "ReplacePageId": {
      "PKa": [],
      "length": 0
    },
    "GroupName": "GuideTutorial_30001_GroupName",
    "TutorialTip": true,
    "DropId": 100001,
    "RequireReadAll": true
  },
  {
    "Id": 30002,
    "TutorialType": 1,
    "TutorialOrder": 0,
    "PageId": [
      2
    ],
    "PageReplaceConditionGroupId": 0,
    "ReplacePageId": {
      "PKa": [],
      "length": 0
    },
    "GroupName": "GuideTutorial_30002_GroupName",
    "TutorialTip": true,
    "DropId": 100001,
    "RequireReadAll": false
  },
  {
    "Id": 30003,
    "TutorialType": 4,
    "TutorialOrder": 0,
    "PageId": [
      3
    ],
    "PageReplaceConditionGroupId": 0,
    "ReplacePageId": {
      "PKa": [],
      "length": 0
    },
    "GroupName": "GuideTutorial_30003_GroupName",
    "TutorialTip": true,
    "DropId": 100001,
    "RequireReadAll": false
  },
  {
    "Id": 30006,
    "TutorialType": 4,
    "TutorialOrder": 0,
    "PageId": [
      6,
      601
    ],
    "PageReplaceConditionGroupId": 0,
    "ReplacePageId": {
      "PKa": [],
      "length": 0
    },
    "GroupName": "GuideTutorial_30006_GroupName",
    "TutorialTip": false,
    "DropId": 100001,
    "RequireReadAll": true
  },
  {
    "Id": 30011,
    "TutorialType": 4,
    "TutorialOrder": 0,
    "PageId": [
      11,
      1101
    ],
    "PageReplaceConditionGroupId": 0,
    "ReplacePageId": {
      "PKa": [],
      "length": 0
    },
    "GroupName": "GuideTutorial_30011_GroupName",
    "TutorialTip": true,
    "DropId": 100001,
    "RequireReadAll": true
  },
  {
    "Id": 30008,
    "TutorialType": 1,
    "TutorialOrder": 0,
    "PageId": [
      8
    ],
    "PageReplaceConditionGroupId": 0,
    "ReplacePageId": {
      "PKa": [],
      "length": 0
    },
    "GroupName": "GuideTutorial_30008_GroupName",
    "TutorialTip": true,
    "DropId": 100001,
    "RequireReadAll": false
  },
  {
    "Id": 30009,
    "TutorialType": 1,
    "TutorialOrder": 0,
    "PageId": [
      9
    ],
    "PageReplaceConditionGroupId": 0,
    "ReplacePageId": {
      "PKa": [],
      "length": 0
    },
    "GroupName": "GuideTutorial_30009_GroupName",
    "TutorialTip": true,
    "DropId": 100001,
    "RequireReadAll": false
  },
  {
    "Id": 30010,
    "TutorialType": 1,
    "TutorialOrder": 0,
    "PageId": [
      10
    ],
    "PageReplaceConditionGroupId": 0,
    "ReplacePageId": {
      "PKa": [],
      "length": 0
    },
    "GroupName": "GuideTutorial_30010_GroupName",
    "TutorialTip": true,
    "DropId": 100001,
    "RequireReadAll": false
  },
  {
    "Id": 30013,
    "TutorialType": 4,
    "TutorialOrder": 0,
    "PageId": [
      13
    ],
    "PageReplaceConditionGroupId": 0,
    "ReplacePageId": {
      "PKa": [],
      "length": 0
    },
    "GroupName": "GuideTutorial_30013_GroupName",
    "TutorialTip": true,
    "DropId": 100001,
    "RequireReadAll": false
  },
  {
    "Id": 30014,
    "TutorialType": 1,
    "TutorialOrder": 0,
    "PageId": [
      16,
      3001401
    ],
    "PageReplaceConditionGroupId": 0,
    "ReplacePageId": {
      "PKa": [],
      "length": 0
    },
    "GroupName": "GuideTutorial_30014_GroupName",
    "TutorialTip": true,
    "DropId": 100001,
    "RequireReadAll": true
  },
  {
    "Id": 30021,
    "TutorialType": 3,
    "TutorialOrder": 0,
    "PageId": [
      29
    ],
    "PageReplaceConditionGroupId": 0,
    "ReplacePageId": {
      "PKa": [],
      "length": 0
    },
    "GroupName": "GuideTutorial_30021_GroupName",
    "TutorialTip": false,
    "DropId": 100001,
    "RequireReadAll": false
  },
  {
    "Id": 30022,
    "TutorialType": 3,
    "TutorialOrder": 0,
    "PageId": [
      31,
      32
    ],
    "PageReplaceConditionGroupId": 0,
    "ReplacePageId": {
      "PKa": [],
      "length": 0
    },
    "GroupName": "GuideTutorial_30022_GroupName",
    "TutorialTip": false,
    "DropId": 100001,
    "RequireReadAll": true
  },
  {
    "Id": 30024,
    "TutorialType": 3,
    "TutorialOrder": 0,
    "PageId": [
      35
    ],
    "PageReplaceConditionGroupId": 0,
    "ReplacePageId": {
      "PKa": [],
      "length": 0
    },
    "GroupName": "GuideTutorial_30024_GroupName",
    "TutorialTip": true,
    "DropId": 100001,
    "RequireReadAll": false
  },
  {
    "Id": 30025,
    "TutorialType": 4,
    "TutorialOrder": 0,
    "PageId": [
      38
    ],
    "PageReplaceConditionGroupId": 0,
    "ReplacePageId": {
      "PKa": [],
      "length": 0
    },
    "GroupName": "GuideTutorial_30025_GroupName",
    "TutorialTip": true,
    "DropId": 100001,
    "RequireReadAll": false
  },
  {
    "Id": 30026,
    "TutorialType": 4,
    "TutorialOrder": 0,
    "PageId": [
      39
    ],
    "PageReplaceConditionGroupId": 0,
    "ReplacePageId": {
      "PKa": [],
      "length": 0
    },
    "GroupName": "GuideTutorial_30026_GroupName",
    "TutorialTip": true,
    "DropId": 100001,
    "RequireReadAll": false
  },
  {
    "Id": 30027,
    "TutorialType": 4,
    "TutorialOrder": 0,
    "PageId": [
      40
    ],
    "PageReplaceConditionGroupId": 0,
    "ReplacePageId": {
      "PKa": [],
      "length": 0
    },
    "GroupName": "GuideTutorial_30027_GroupName",
    "TutorialTip": true,
    "DropId": 100001,
    "RequireReadAll": false
  },
  {
    "Id": 30028,
    "TutorialType": 4,
    "TutorialOrder": 0,
    "PageId": [
      41
    ],
    "PageReplaceConditionGroupId": 0,
    "ReplacePageId": {
      "PKa": [],
      "length": 0
    },
    "GroupName": "GuideTutorial_30028_GroupName",
    "TutorialTip": true,
    "DropId": 100001,
    "RequireReadAll": false
  },
  {
    "Id": 30029,
    "TutorialType": 4,
    "TutorialOrder": 0,
    "PageId": [
      42
    ],
    "PageReplaceConditionGroupId": 0,
    "ReplacePageId": {
      "PKa": [],
      "length": 0
    },
    "GroupName": "GuideTutorial_30029_GroupName",
    "TutorialTip": true,
    "DropId": 100001,
    "RequireReadAll": false
  },
  {
    "Id": 30030,
    "TutorialType": 3,
    "TutorialOrder": 0,
    "PageId": [
      43
    ],
    "PageReplaceConditionGroupId": 0,
    "ReplacePageId": {
      "PKa": [],
      "length": 0
    },
    "GroupName": "GuideTutorial_30030_GroupName",
    "TutorialTip": false,
    "DropId": 100001,
    "RequireReadAll": false
  },
  {
    "Id": 30031,
    "TutorialType": 3,
    "TutorialOrder": 0,
    "PageId": [
      44,
      3000103
    ],
    "PageReplaceConditionGroupId": 0,
    "ReplacePageId": {
      "PKa": [],
      "length": 0
    },
    "GroupName": "GuideTutorial_30031_GroupName",
    "TutorialTip": true,
    "DropId": 100001,
    "RequireReadAll": true
  },
  {
    "Id": 30032,
    "TutorialType": 4,
    "TutorialOrder": 0,
    "PageId": [
      45
    ],
    "PageReplaceConditionGroupId": 0,
    "ReplacePageId": {
      "PKa": [],
      "length": 0
    },
    "GroupName": "GuideTutorial_30032_GroupName",
    "TutorialTip": true,
    "DropId": 100001,
    "RequireReadAll": false
  },
  {
    "Id": 30033,
    "TutorialType": 4,
    "TutorialOrder": 0,
    "PageId": [
      46,
      47
    ],
    "PageReplaceConditionGroupId": 0,
    "ReplacePageId": {
      "PKa": [],
      "length": 0
    },
    "GroupName": "GuideTutorial_30033_GroupName",
    "TutorialTip": false,
    "DropId": 100001,
    "RequireReadAll": true
  },
  {
    "Id": 30034,
    "TutorialType": 4,
    "TutorialOrder": 0,
    "PageId": [
      48
    ],
    "PageReplaceConditionGroupId": 0,
    "ReplacePageId": {
      "PKa": [],
      "length": 0
    },
    "GroupName": "GuideTutorial_30034_GroupName",
    "TutorialTip": true,
    "DropId": 100001,
    "RequireReadAll": false
  },
  {
    "Id": 30035,
    "TutorialType": 4,
    "TutorialOrder": 0,
    "PageId": [
      49,
      51,
      52
    ],
    "PageReplaceConditionGroupId": 0,
    "ReplacePageId": {
      "PKa": [],
      "length": 0
    },
    "GroupName": "GuideTutorial_30035_GroupName",
    "TutorialTip": false,
    "DropId": 100001,
    "RequireReadAll": true
  },
  {
    "Id": 30036,
    "TutorialType": 4,
    "TutorialOrder": 0,
    "PageId": [
      53,
      5301,
      3003603
    ],
    "PageReplaceConditionGroupId": 0,
    "ReplacePageId": {
      "PKa": [],
      "length": 0
    },
    "GroupName": "GuideTutorial_30036_GroupName",
    "TutorialTip": true,
    "DropId": 100001,
    "RequireReadAll": true
  },
  {
    "Id": 50001,
    "TutorialType": 4,
    "TutorialOrder": 0,
    "PageId": [
      50001
    ],
    "PageReplaceConditionGroupId": 0,
    "ReplacePageId": {
      "PKa": [],
      "length": 0
    },
    "GroupName": "GuideTutorial_50001_GroupName",
    "TutorialTip": true,
    "DropId": 100001,
    "RequireReadAll": false
  },
  {
    "Id": 50002,
    "TutorialType": 4,
    "TutorialOrder": 0,
    "PageId": [
      50002
    ],
    "PageReplaceConditionGroupId": 0,
    "ReplacePageId": {
      "PKa": [],
      "length": 0
    },
    "GroupName": "GuideTutorial_50002_GroupName",
    "TutorialTip": false,
    "DropId": 100001,
    "RequireReadAll": false
  },
  {
    "Id": 50003,
    "TutorialType": 4,
    "TutorialOrder": 0,
    "PageId": [
      50003,
      500301
    ],
    "PageReplaceConditionGroupId": 0,
    "ReplacePageId": {
      "PKa": [],
      "length": 0
    },
    "GroupName": "GuideTutorial_50003_GroupName",
    "TutorialTip": false,
    "DropId": 100001,
    "RequireReadAll": true
  },
  {
    "Id": 50004,
    "TutorialType": 4,
    "TutorialOrder": 0,
    "PageId": [
      50004,
      500401
    ],
    "PageReplaceConditionGroupId": 0,
    "ReplacePageId": {
      "PKa": [],
      "length": 0
    },
    "GroupName": "GuideTutorial_50004_GroupName",
    "TutorialTip": false,
    "DropId": 100001,
    "RequireReadAll": true
  },
  {
    "Id": 50005,
    "TutorialType": 4,
    "TutorialOrder": 0,
    "PageId": [
      50005
    ],
    "PageReplaceConditionGroupId": 0,
    "ReplacePageId": {
      "PKa": [],
      "length": 0
    },
    "GroupName": "GuideTutorial_50005_GroupName",
    "TutorialTip": false,
    "DropId": 100001,
    "RequireReadAll": false
  },
  {
    "Id": 50006,
    "TutorialType": 4,
    "TutorialOrder": 0,
    "PageId": [
      50006,
      500601
    ],
    "PageReplaceConditionGroupId": 0,
    "ReplacePageId": {
      "PKa": [],
      "length": 0
    },
    "GroupName": "GuideTutorial_50006_GroupName",
    "TutorialTip": false,
    "DropId": 100001,
    "RequireReadAll": true
  },
  {
    "Id": 50007,
    "TutorialType": 4,
    "TutorialOrder": 0,
    "PageId": [
      50007
    ],
    "PageReplaceConditionGroupId": 0,
    "ReplacePageId": {
      "PKa": [],
      "length": 0
    },
    "GroupName": "GuideTutorial_50007_GroupName",
    "TutorialTip": false,
    "DropId": 100001,
    "RequireReadAll": false
  },
  {
    "Id": 50008,
    "TutorialType": 4,
    "TutorialOrder": 0,
    "PageId": [
      50008
    ],
    "PageReplaceConditionGroupId": 0,
    "ReplacePageId": {
      "PKa": [],
      "length": 0
    },
    "GroupName": "GuideTutorial_50008_GroupName",
    "TutorialTip": true,
    "DropId": 100001,
    "RequireReadAll": false
  },
  {
    "Id": 50009,
    "TutorialType": 4,
    "TutorialOrder": 0,
    "PageId": [
      50009
    ],
    "PageReplaceConditionGroupId": 0,
    "ReplacePageId": {
      "PKa": [],
      "length": 0
    },
    "GroupName": "GuideTutorial_50009_GroupName",
    "TutorialTip": true,
    "DropId": 100001,
    "RequireReadAll": false
  },
  {
    "Id": 50010,
    "TutorialType": 4,
    "TutorialOrder": 0,
    "PageId": [
      50010
    ],
    "PageReplaceConditionGroupId": 0,
    "ReplacePageId": {
      "PKa": [],
      "length": 0
    },
    "GroupName": "GuideTutorial_50010_GroupName",
    "TutorialTip": true,
    "DropId": 100001,
    "RequireReadAll": false
  },
  {
    "Id": 50011,
    "TutorialType": 4,
    "TutorialOrder": 0,
    "PageId": [
      50011
    ],
    "PageReplaceConditionGroupId": 0,
    "ReplacePageId": {
      "PKa": [],
      "length": 0
    },
    "GroupName": "GuideTutorial_50011_GroupName",
    "TutorialTip": true,
    "DropId": 100001,
    "RequireReadAll": false
  },
  {
    "Id": 33001,
    "TutorialType": 3,
    "TutorialOrder": 0,
    "PageId": [
      33001
    ],
    "PageReplaceConditionGroupId": 0,
    "ReplacePageId": {
      "PKa": [],
      "length": 0
    },
    "GroupName": "GuideTutorial_33001_GroupName",
    "TutorialTip": false,
    "DropId": 100001,
    "RequireReadAll": false
  },
  {
    "Id": 34017,
    "TutorialType": 4,
    "TutorialOrder": 0,
    "PageId": [
      34017,
      34018,
      3401703,
      3401704
    ],
    "PageReplaceConditionGroupId": 0,
    "ReplacePageId": {
      "PKa": [],
      "length": 0
    },
    "GroupName": "GuideTutorial_34017_GroupName",
    "TutorialTip": true,
    "DropId": 100001,
    "RequireReadAll": true
  },
  {
    "Id": 32001,
    "TutorialType": 2,
    "TutorialOrder": 0,
    "PageId": [
      32001
    ],
    "PageReplaceConditionGroupId": 0,
    "ReplacePageId": {
      "PKa": [],
      "length": 0
    },
    "GroupName": "GuideTutorial_32001_GroupName",
    "TutorialTip": true,
    "DropId": 100001,
    "RequireReadAll": false
  },
  {
    "Id": 32002,
    "TutorialType": 2,
    "TutorialOrder": 0,
    "PageId": [
      32002
    ],
    "PageReplaceConditionGroupId": 0,
    "ReplacePageId": {
      "PKa": [],
      "length": 0
    },
    "GroupName": "GuideTutorial_32002_GroupName",
    "TutorialTip": true,
    "DropId": 100001,
    "RequireReadAll": false
  },
  {
    "Id": 32003,
    "TutorialType": 2,
    "TutorialOrder": 0,
    "PageId": [
      32003
    ],
    "PageReplaceConditionGroupId": 0,
    "ReplacePageId": {
      "PKa": [],
      "length": 0
    },
    "GroupName": "GuideTutorial_32003_GroupName",
    "TutorialTip": true,
    "DropId": 100001,
    "RequireReadAll": false
  },
  {
    "Id": 32004,
    "TutorialType": 2,
    "TutorialOrder": 0,
    "PageId": [
      32004
    ],
    "PageReplaceConditionGroupId": 0,
    "ReplacePageId": {
      "PKa": [],
      "length": 0
    },
    "GroupName": "GuideTutorial_32004_GroupName",
    "TutorialTip": true,
    "DropId": 100001,
    "RequireReadAll": false
  },
  {
    "Id": 32005,
    "TutorialType": 2,
    "TutorialOrder": 0,
    "PageId": [
      32005
    ],
    "PageReplaceConditionGroupId": 0,
    "ReplacePageId": {
      "PKa": [],
      "length": 0
    },
    "GroupName": "GuideTutorial_32005_GroupName",
    "TutorialTip": true,
    "DropId": 100001,
    "RequireReadAll": false
  },
  {
    "Id": 32006,
    "TutorialType": 2,
    "TutorialOrder": 0,
    "PageId": [
      32006
    ],
    "PageReplaceConditionGroupId": 0,
    "ReplacePageId": {
      "PKa": [],
      "length": 0
    },
    "GroupName": "GuideTutorial_32006_GroupName",
    "TutorialTip": true,
    "DropId": 100001,
    "RequireReadAll": false
  },
  {
    "Id": 32007,
    "TutorialType": 2,
    "TutorialOrder": 0,
    "PageId": [
      32007
    ],
    "PageReplaceConditionGroupId": 0,
    "ReplacePageId": {
      "PKa": [],
      "length": 0
    },
    "GroupName": "GuideTutorial_32007_GroupName",
    "TutorialTip": true,
    "DropId": 100001,
    "RequireReadAll": false
  },
  {
    "Id": 32008,
    "TutorialType": 2,
    "TutorialOrder": 0,
    "PageId": [
      32008
    ],
    "PageReplaceConditionGroupId": 0,
    "ReplacePageId": {
      "PKa": [],
      "length": 0
    },
    "GroupName": "GuideTutorial_32008_GroupName",
    "TutorialTip": true,
    "DropId": 100001,
    "RequireReadAll": false
  },
  {
    "Id": 32009,
    "TutorialType": 2,
    "TutorialOrder": 0,
    "PageId": [
      32009
    ],
    "PageReplaceConditionGroupId": 0,
    "ReplacePageId": {
      "PKa": [],
      "length": 0
    },
    "GroupName": "GuideTutorial_32009_GroupName",
    "TutorialTip": true,
    "DropId": 100001,
    "RequireReadAll": false
  },
  {
    "Id": 32010,
    "TutorialType": 2,
    "TutorialOrder": 0,
    "PageId": [
      32010
    ],
    "PageReplaceConditionGroupId": 0,
    "ReplacePageId": {
      "PKa": [],
      "length": 0
    },
    "GroupName": "GuideTutorial_32010_GroupName",
    "TutorialTip": true,
    "DropId": 100001,
    "RequireReadAll": false
  },
  {
    "Id": 32011,
    "TutorialType": 2,
    "TutorialOrder": 0,
    "PageId": [
      32011
    ],
    "PageReplaceConditionGroupId": 0,
    "ReplacePageId": {
      "PKa": [],
      "length": 0
    },
    "GroupName": "GuideTutorial_32011_GroupName",
    "TutorialTip": true,
    "DropId": 100001,
    "RequireReadAll": false
  },
  {
    "Id": 32012,
    "TutorialType": 2,
    "TutorialOrder": 0,
    "PageId": [
      32012
    ],
    "PageReplaceConditionGroupId": 0,
    "ReplacePageId": {
      "PKa": [],
      "length": 0
    },
    "GroupName": "GuideTutorial_32012_GroupName",
    "TutorialTip": true,
    "DropId": 100001,
    "RequireReadAll": false
  },
  {
    "Id": 32013,
    "TutorialType": 2,
    "TutorialOrder": 0,
    "PageId": [
      32013
    ],
    "PageReplaceConditionGroupId": 0,
    "ReplacePageId": {
      "PKa": [],
      "length": 0
    },
    "GroupName": "GuideTutorial_32013_GroupName",
    "TutorialTip": true,
    "DropId": 100001,
    "RequireReadAll": false
  },
  {
    "Id": 32014,
    "TutorialType": 2,
    "TutorialOrder": 0,
    "PageId": [
      32014
    ],
    "PageReplaceConditionGroupId": 0,
    "ReplacePageId": {
      "PKa": [],
      "length": 0
    },
    "GroupName": "GuideTutorial_32014_GroupName",
    "TutorialTip": true,
    "DropId": 100001,
    "RequireReadAll": false
  },
  {
    "Id": 32015,
    "TutorialType": 2,
    "TutorialOrder": 0,
    "PageId": [
      32015
    ],
    "PageReplaceConditionGroupId": 0,
    "ReplacePageId": {
      "PKa": [],
      "length": 0
    },
    "GroupName": "GuideTutorial_32015_GroupName",
    "TutorialTip": true,
    "DropId": 100001,
    "RequireReadAll": false
  },
  {
    "Id": 32016,
    "TutorialType": 2,
    "TutorialOrder": 0,
    "PageId": [
      32016
    ],
    "PageReplaceConditionGroupId": 0,
    "ReplacePageId": {
      "PKa": [],
      "length": 0
    },
    "GroupName": "GuideTutorial_32016_GroupName",
    "TutorialTip": true,
    "DropId": 100001,
    "RequireReadAll": false
  },
  {
    "Id": 32017,
    "TutorialType": 2,
    "TutorialOrder": 0,
    "PageId": [
      32017
    ],
    "PageReplaceConditionGroupId": 0,
    "ReplacePageId": {
      "PKa": [],
      "length": 0
    },
    "GroupName": "GuideTutorial_32017_GroupName",
    "TutorialTip": true,
    "DropId": 100001,
    "RequireReadAll": false
  },
  {
    "Id": 32018,
    "TutorialType": 2,
    "TutorialOrder": 0,
    "PageId": [
      32018
    ],
    "PageReplaceConditionGroupId": 0,
    "ReplacePageId": {
      "PKa": [],
      "length": 0
    },
    "GroupName": "GuideTutorial_32018_GroupName",
    "TutorialTip": true,
    "DropId": 100001,
    "RequireReadAll": false
  },
  {
    "Id": 32019,
    "TutorialType": 2,
    "TutorialOrder": 0,
    "PageId": [
      32019
    ],
    "PageReplaceConditionGroupId": 0,
    "ReplacePageId": {
      "PKa": [],
      "length": 0
    },
    "GroupName": "GuideTutorial_32019_GroupName",
    "TutorialTip": true,
    "DropId": 100001,
    "RequireReadAll": false
  },
  {
    "Id": 32020,
    "TutorialType": 2,
    "TutorialOrder": 0,
    "PageId": [
      32020
    ],
    "PageReplaceConditionGroupId": 0,
    "ReplacePageId": {
      "PKa": [],
      "length": 0
    },
    "GroupName": "GuideTutorial_32020_GroupName",
    "TutorialTip": true,
    "DropId": 100001,
    "RequireReadAll": false
  },
  {
    "Id": 32021,
    "TutorialType": 2,
    "TutorialOrder": 0,
    "PageId": [
      32021
    ],
    "PageReplaceConditionGroupId": 0,
    "ReplacePageId": {
      "PKa": [],
      "length": 0
    },
    "GroupName": "GuideTutorial_32021_GroupName",
    "TutorialTip": true,
    "DropId": 100001,
    "RequireReadAll": false
  },
  {
    "Id": 34001,
    "TutorialType": 4,
    "TutorialOrder": 0,
    "PageId": [
      34001,
      3400101
    ],
    "PageReplaceConditionGroupId": 0,
    "ReplacePageId": {
      "PKa": [],
      "length": 0
    },
    "GroupName": "GuideTutorial_34001_GroupName",
    "TutorialTip": true,
    "DropId": 100001,
    "RequireReadAll": true
  },
  {
    "Id": 34002,
    "TutorialType": 4,
    "TutorialOrder": 0,
    "PageId": [
      34002
    ],
    "PageReplaceConditionGroupId": 0,
    "ReplacePageId": {
      "PKa": [],
      "length": 0
    },
    "GroupName": "GuideTutorial_34002_GroupName",
    "TutorialTip": true,
    "DropId": 100001,
    "RequireReadAll": false
  },
  {
    "Id": 34003,
    "TutorialType": 4,
    "TutorialOrder": 0,
    "PageId": [
      34003
    ],
    "PageReplaceConditionGroupId": 0,
    "ReplacePageId": {
      "PKa": [],
      "length": 0
    },
    "GroupName": "GuideTutorial_34003_GroupName",
    "TutorialTip": true,
    "DropId": 100001,
    "RequireReadAll": false
  },
  {
    "Id": 34004,
    "TutorialType": 4,
    "TutorialOrder": 0,
    "PageId": [
      34004
    ],
    "PageReplaceConditionGroupId": 0,
    "ReplacePageId": {
      "PKa": [],
      "length": 0
    },
    "GroupName": "GuideTutorial_34004_GroupName",
    "TutorialTip": true,
    "DropId": 100001,
    "RequireReadAll": false
  },
  {
    "Id": 34005,
    "TutorialType": 4,
    "TutorialOrder": 0,
    "PageId": [
      34005
    ],
    "PageReplaceConditionGroupId": 0,
    "ReplacePageId": {
      "PKa": [],
      "length": 0
    },
    "GroupName": "GuideTutorial_34005_GroupName",
    "TutorialTip": true,
    "DropId": 100001,
    "RequireReadAll": false
  },
  {
    "Id": 34006,
    "TutorialType": 4,
    "TutorialOrder": 0,
    "PageId": [
      34006
    ],
    "PageReplaceConditionGroupId": 0,
    "ReplacePageId": {
      "PKa": [],
      "length": 0
    },
    "GroupName": "GuideTutorial_34006_GroupName",
    "TutorialTip": true,
    "DropId": 100001,
    "RequireReadAll": false
  },
  {
    "Id": 34007,
    "TutorialType": 4,
    "TutorialOrder": 0,
    "PageId": [
      34007
    ],
    "PageReplaceConditionGroupId": 0,
    "ReplacePageId": {
      "PKa": [],
      "length": 0
    },
    "GroupName": "GuideTutorial_34007_GroupName",
    "TutorialTip": true,
    "DropId": 100001,
    "RequireReadAll": false
  },
  {
    "Id": 34008,
    "TutorialType": 4,
    "TutorialOrder": 0,
    "PageId": [
      34008
    ],
    "PageReplaceConditionGroupId": 0,
    "ReplacePageId": {
      "PKa": [],
      "length": 0
    },
    "GroupName": "GuideTutorial_34008_GroupName",
    "TutorialTip": true,
    "DropId": 100001,
    "RequireReadAll": false
  },
  {
    "Id": 34009,
    "TutorialType": 4,
    "TutorialOrder": 0,
    "PageId": [
      34009,
      3400901,
      3400902
    ],
    "PageReplaceConditionGroupId": 0,
    "ReplacePageId": {
      "PKa": [],
      "length": 0
    },
    "GroupName": "GuideTutorial_34009_GroupName",
    "TutorialTip": true,
    "DropId": 100001,
    "RequireReadAll": true
  },
  {
    "Id": 34010,
    "TutorialType": 4,
    "TutorialOrder": 0,
    "PageId": [
      34010,
      3401001
    ],
    "PageReplaceConditionGroupId": 0,
    "ReplacePageId": {
      "PKa": [],
      "length": 0
    },
    "GroupName": "GuideTutorial_34010_GroupName",
    "TutorialTip": true,
    "DropId": 100001,
    "RequireReadAll": true
  },
  {
    "Id": 34011,
    "TutorialType": 4,
    "TutorialOrder": 0,
    "PageId": [
      3401101,
      3401102,
      3401103
    ],
    "PageReplaceConditionGroupId": 0,
    "ReplacePageId": {
      "PKa": [],
      "length": 0
    },
    "GroupName": "GuideTutorial_34011_GroupName",
    "TutorialTip": true,
    "DropId": 100001,
    "RequireReadAll": true
  },
  {
    "Id": 34012,
    "TutorialType": 4,
    "TutorialOrder": 0,
    "PageId": [
      34012,
      3401202
    ],
    "PageReplaceConditionGroupId": 0,
    "ReplacePageId": {
      "PKa": [],
      "length": 0
    },
    "GroupName": "GuideTutorial_34012_GroupName",
    "TutorialTip": true,
    "DropId": 100001,
    "RequireReadAll": true
  },
  {
    "Id": 34013,
    "TutorialType": 4,
    "TutorialOrder": 0,
    "PageId": [
      34013,
      3401302
    ],
    "PageReplaceConditionGroupId": 0,
    "ReplacePageId": {
      "PKa": [],
      "length": 0
    },
    "GroupName": "GuideTutorial_34013_GroupName",
    "TutorialTip": true,
    "DropId": 100001,
    "RequireReadAll": true
  },
  {
    "Id": 34015,
    "TutorialType": 4,
    "TutorialOrder": 0,
    "PageId": [
      34015
    ],
    "PageReplaceConditionGroupId": 0,
    "ReplacePageId": {
      "PKa": [],
      "length": 0
    },
    "GroupName": "GuideTutorial_34015_GroupName",
    "TutorialTip": true,
    "DropId": 100001,
    "RequireReadAll": false
  },
  {
    "Id": 34016,
    "TutorialType": 4,
    "TutorialOrder": 0,
    "PageId": [
      34016
    ],
    "PageReplaceConditionGroupId": 0,
    "ReplacePageId": {
      "PKa": [],
      "length": 0
    },
    "GroupName": "GuideTutorial_34016_GroupName",
    "TutorialTip": true,
    "DropId": 100001,
    "RequireReadAll": false
  },
  {
    "Id": 34019,
    "TutorialType": 4,
    "TutorialOrder": 0,
    "PageId": [
      34019,
      3401902,
      3401903
    ],
    "PageReplaceConditionGroupId": 0,
    "ReplacePageId": {
      "PKa": [],
      "length": 0
    },
    "GroupName": "GuideTutorial_34019_GroupName",
    "TutorialTip": true,
    "DropId": 100001,
    "RequireReadAll": true
  },
  {
    "Id": 34020,
    "TutorialType": 4,
    "TutorialOrder": 0,
    "PageId": [
      34020
    ],
    "PageReplaceConditionGroupId": 0,
    "ReplacePageId": {
      "PKa": [],
      "length": 0
    },
    "GroupName": "GuideTutorial_34020_GroupName",
    "TutorialTip": false,
    "DropId": 100001,
    "RequireReadAll": false
  },
  {
    "Id": 34021,
    "TutorialType": 4,
    "TutorialOrder": 0,
    "PageId": [
      34021
    ],
    "PageReplaceConditionGroupId": 0,
    "ReplacePageId": {
      "PKa": [],
      "length": 0
    },
    "GroupName": "GuideTutorial_34021_GroupName",
    "TutorialTip": true,
    "DropId": 100001,
    "RequireReadAll": false
  },
  {
    "Id": 34022,
    "TutorialType": 4,
    "TutorialOrder": 0,
    "PageId": [
      34022
    ],
    "PageReplaceConditionGroupId": 0,
    "ReplacePageId": {
      "PKa": [],
      "length": 0
    },
    "GroupName": "GuideTutorial_34022_GroupName",
    "TutorialTip": true,
    "DropId": 100001,
    "RequireReadAll": false
  },
  {
    "Id": 34024,
    "TutorialType": 4,
    "TutorialOrder": 0,
    "PageId": [
      34024,
      3402401
    ],
    "PageReplaceConditionGroupId": 0,
    "ReplacePageId": {
      "PKa": [],
      "length": 0
    },
    "GroupName": "GuideTutorial_34024_GroupName",
    "TutorialTip": false,
    "DropId": 100001,
    "RequireReadAll": true
  },
  {
    "Id": 34025,
    "TutorialType": 4,
    "TutorialOrder": 0,
    "PageId": [
      34025
    ],
    "PageReplaceConditionGroupId": 0,
    "ReplacePageId": {
      "PKa": [],
      "length": 0
    },
    "GroupName": "GuideTutorial_34025_GroupName",
    "TutorialTip": false,
    "DropId": 100001,
    "RequireReadAll": false
  },
  {
    "Id": 34026,
    "TutorialType": 4,
    "TutorialOrder": 0,
    "PageId": [
      34026
    ],
    "PageReplaceConditionGroupId": 0,
    "ReplacePageId": {
      "PKa": [],
      "length": 0
    },
    "GroupName": "GuideTutorial_34026_GroupName",
    "TutorialTip": false,
    "DropId": 100001,
    "RequireReadAll": false
  },
  {
    "Id": 34027,
    "TutorialType": 4,
    "TutorialOrder": 0,
    "PageId": [
      34027
    ],
    "PageReplaceConditionGroupId": 0,
    "ReplacePageId": {
      "PKa": [],
      "length": 0
    },
    "GroupName": "GuideTutorial_34027_GroupName",
    "TutorialTip": false,
    "DropId": 100001,
    "RequireReadAll": false
  },
  {
    "Id": 34028,
    "TutorialType": 4,
    "TutorialOrder": 0,
    "PageId": [
      34028
    ],
    "PageReplaceConditionGroupId": 0,
    "ReplacePageId": {
      "PKa": [],
      "length": 0
    },
    "GroupName": "GuideTutorial_34028_GroupName",
    "TutorialTip": false,
    "DropId": 100001,
    "RequireReadAll": false
  },
  {
    "Id": 34029,
    "TutorialType": 4,
    "TutorialOrder": 0,
    "PageId": [
      34029
    ],
    "PageReplaceConditionGroupId": 0,
    "ReplacePageId": {
      "PKa": [],
      "length": 0
    },
    "GroupName": "GuideTutorial_34029_GroupName",
    "TutorialTip": false,
    "DropId": 100001,
    "RequireReadAll": false
  },
  {
    "Id": 34030,
    "TutorialType": 4,
    "TutorialOrder": 0,
    "PageId": [
      34030
    ],
    "PageReplaceConditionGroupId": 0,
    "ReplacePageId": {
      "PKa": [],
      "length": 0
    },
    "GroupName": "GuideTutorial_34030_GroupName",
    "TutorialTip": false,
    "DropId": 100001,
    "RequireReadAll": false
  },
  {
    "Id": 34031,
    "TutorialType": 4,
    "TutorialOrder": 0,
    "PageId": [
      34031
    ],
    "PageReplaceConditionGroupId": 0,
    "ReplacePageId": {
      "PKa": [],
      "length": 0
    },
    "GroupName": "GuideTutorial_34031_GroupName",
    "TutorialTip": true,
    "DropId": 100001,
    "RequireReadAll": false
  },
  {
    "Id": 34032,
    "TutorialType": 4,
    "TutorialOrder": 0,
    "PageId": [
      34032,
      3403201,
      3403202
    ],
    "PageReplaceConditionGroupId": 0,
    "ReplacePageId": {
      "PKa": [],
      "length": 0
    },
    "GroupName": "GuideTutorial_34032_GroupName",
    "TutorialTip": true,
    "DropId": 100001,
    "RequireReadAll": true
  },
  {
    "Id": 34033,
    "TutorialType": 4,
    "TutorialOrder": 0,
    "PageId": [
      34033,
      3403301
    ],
    "PageReplaceConditionGroupId": 0,
    "ReplacePageId": {
      "PKa": [],
      "length": 0
    },
    "GroupName": "GuideTutorial_34033_GroupName",
    "TutorialTip": true,
    "DropId": 100001,
    "RequireReadAll": true
  },
  {
    "Id": 32022,
    "TutorialType": 2,
    "TutorialOrder": 0,
    "PageId": [
      32022
    ],
    "PageReplaceConditionGroupId": 0,
    "ReplacePageId": {
      "PKa": [],
      "length": 0
    },
    "GroupName": "GuideTutorial_32022_GroupName",
    "TutorialTip": true,
    "DropId": 100001,
    "RequireReadAll": false
  },
  {
    "Id": 31002,
    "TutorialType": 1,
    "TutorialOrder": 0,
    "PageId": [
      31002,
      3100202
    ],
    "PageReplaceConditionGroupId": 0,
    "ReplacePageId": {
      "PKa": [],
      "length": 0
    },
    "GroupName": "GuideTutorial_31002_GroupName",
    "TutorialTip": true,
    "DropId": 100001,
    "RequireReadAll": true
  },
  {
    "Id": 31003,
    "TutorialType": 1,
    "TutorialOrder": 0,
    "PageId": [
      31003,
      3100302
    ],
    "PageReplaceConditionGroupId": 0,
    "ReplacePageId": {
      "PKa": [],
      "length": 0
    },
    "GroupName": "GuideTutorial_31003_GroupName",
    "TutorialTip": true,
    "DropId": 100001,
    "RequireReadAll": true
  },
  {
    "Id": 31004,
    "TutorialType": 1,
    "TutorialOrder": 0,
    "PageId": [
      31004,
      3100402
    ],
    "PageReplaceConditionGroupId": 0,
    "ReplacePageId": {
      "PKa": [],
      "length": 0
    },
    "GroupName": "GuideTutorial_31004_GroupName",
    "TutorialTip": true,
    "DropId": 100001,
    "RequireReadAll": true
  },
  {
    "Id": 31005,
    "TutorialType": 1,
    "TutorialOrder": 0,
    "PageId": [
      31005,
      3100502
    ],
    "PageReplaceConditionGroupId": 0,
    "ReplacePageId": {
      "PKa": [],
      "length": 0
    },
    "GroupName": "GuideTutorial_31005_GroupName",
    "TutorialTip": true,
    "DropId": 100001,
    "RequireReadAll": true
  },
  {
    "Id": 31006,
    "TutorialType": 1,
    "TutorialOrder": 0,
    "PageId": [
      31006,
      3100602
    ],
    "PageReplaceConditionGroupId": 0,
    "ReplacePageId": {
      "PKa": [],
      "length": 0
    },
    "GroupName": "GuideTutorial_31006_GroupName",
    "TutorialTip": true,
    "DropId": 100001,
    "RequireReadAll": true
  },
  {
    "Id": 31007,
    "TutorialType": 1,
    "TutorialOrder": 0,
    "PageId": [
      31007,
      3100702
    ],
    "PageReplaceConditionGroupId": 0,
    "ReplacePageId": {
      "PKa": [],
      "length": 0
    },
    "GroupName": "GuideTutorial_31007_GroupName",
    "TutorialTip": true,
    "DropId": 100001,
    "RequireReadAll": true
  },
  {
    "Id": 34034,
    "TutorialType": 4,
    "TutorialOrder": 0,
    "PageId": [
      34034
    ],
    "PageReplaceConditionGroupId": 0,
    "ReplacePageId": {
      "PKa": [],
      "length": 0
    },
    "GroupName": "GuideTutorial_34034_GroupName",
    "TutorialTip": true,
    "DropId": 100001,
    "RequireReadAll": false
  },
  {
    "Id": 34035,
    "TutorialType": 4,
    "TutorialOrder": 0,
    "PageId": [
      34035,
      3403502
    ],
    "PageReplaceConditionGroupId": 0,
    "ReplacePageId": {
      "PKa": [],
      "length": 0
    },
    "GroupName": "GuideTutorial_34035_GroupName",
    "TutorialTip": false,
    "DropId": 100001,
    "RequireReadAll": true
  },
  {
    "Id": 31008,
    "TutorialType": 1,
    "TutorialOrder": 0,
    "PageId": [
      31008
    ],
    "PageReplaceConditionGroupId": 0,
    "ReplacePageId": {
      "PKa": [],
      "length": 0
    },
    "GroupName": "GuideTutorial_31008_GroupName",
    "TutorialTip": false,
    "DropId": 100001,
    "RequireReadAll": false
  },
  {
    "Id": 34036,
    "TutorialType": 4,
    "TutorialOrder": 0,
    "PageId": [
      34036
    ],
    "PageReplaceConditionGroupId": 0,
    "ReplacePageId": {
      "PKa": [],
      "length": 0
    },
    "GroupName": "GuideTutorial_34036_GroupName",
    "TutorialTip": false,
    "DropId": 100001,
    "RequireReadAll": false
  },
  {
    "Id": 33006,
    "TutorialType": 3,
    "TutorialOrder": 0,
    "PageId": [
      33006
    ],
    "PageReplaceConditionGroupId": 0,
    "ReplacePageId": {
      "PKa": [],
      "length": 0
    },
    "GroupName": "GuideTutorial_33006_GroupName",
    "TutorialTip": false,
    "DropId": 100001,
    "RequireReadAll": false
  },
  {
    "Id": 33007,
    "TutorialType": 3,
    "TutorialOrder": 0,
    "PageId": [
      33007
    ],
    "PageReplaceConditionGroupId": 0,
    "ReplacePageId": {
      "PKa": [],
      "length": 0
    },
    "GroupName": "GuideTutorial_33007_GroupName",
    "TutorialTip": true,
    "DropId": 100001,
    "RequireReadAll": false
  },
  {
    "Id": 31009,
    "TutorialType": 1,
    "TutorialOrder": 0,
    "PageId": [
      31009
    ],
    "PageReplaceConditionGroupId": 0,
    "ReplacePageId": {
      "PKa": [],
      "length": 0
    },
    "GroupName": "GuideTutorial_31009_GroupName",
    "TutorialTip": true,
    "DropId": 100001,
    "RequireReadAll": false
  },
  {
    "Id": 32024,
    "TutorialType": 2,
    "TutorialOrder": 0,
    "PageId": [
      32024
    ],
    "PageReplaceConditionGroupId": 0,
    "ReplacePageId": {
      "PKa": [],
      "length": 0
    },
    "GroupName": "GuideTutorial_32024_GroupName",
    "TutorialTip": true,
    "DropId": 100001,
    "RequireReadAll": false
  },
  {
    "Id": 32025,
    "TutorialType": 2,
    "TutorialOrder": 0,
    "PageId": [
      32025
    ],
    "PageReplaceConditionGroupId": 0,
    "ReplacePageId": {
      "PKa": [],
      "length": 0
    },
    "GroupName": "GuideTutorial_32025_GroupName",
    "TutorialTip": true,
    "DropId": 100001,
    "RequireReadAll": false
  },
  {
    "Id": 33008,
    "TutorialType": 3,
    "TutorialOrder": 0,
    "PageId": [
      33008
    ],
    "PageReplaceConditionGroupId": 0,
    "ReplacePageId": {
      "PKa": [],
      "length": 0
    },
    "GroupName": "GuideTutorial_33008_GroupName",
    "TutorialTip": true,
    "DropId": 100001,
    "RequireReadAll": false
  },
  {
    "Id": 34037,
    "TutorialType": 4,
    "TutorialOrder": 0,
    "PageId": [
      34037,
      3403702
    ],
    "PageReplaceConditionGroupId": 0,
    "ReplacePageId": {
      "PKa": [],
      "length": 0
    },
    "GroupName": "GuideTutorial_34037_GroupName",
    "TutorialTip": false,
    "DropId": 100001,
    "RequireReadAll": true
  },
  {
    "Id": 34038,
    "TutorialType": 4,
    "TutorialOrder": 0,
    "PageId": [
      34038
    ],
    "PageReplaceConditionGroupId": 0,
    "ReplacePageId": {
      "PKa": [],
      "length": 0
    },
    "GroupName": "GuideTutorial_34038_GroupName",
    "TutorialTip": false,
    "DropId": 100001,
    "RequireReadAll": false
  },
  {
    "Id": 34039,
    "TutorialType": 4,
    "TutorialOrder": 0,
    "PageId": [
      34039
    ],
    "PageReplaceConditionGroupId": 0,
    "ReplacePageId": {
      "PKa": [],
      "length": 0
    },
    "GroupName": "GuideTutorial_34039_GroupName",
    "TutorialTip": true,
    "DropId": 100001,
    "RequireReadAll": false
  },
  {
    "Id": 34040,
    "TutorialType": 4,
    "TutorialOrder": 0,
    "PageId": [
      34040,
      3404002
    ],
    "PageReplaceConditionGroupId": 0,
    "ReplacePageId": {
      "PKa": [],
      "length": 0
    },
    "GroupName": "GuideTutorial_34040_GroupName",
    "TutorialTip": false,
    "DropId": 100001,
    "RequireReadAll": true
  },
  {
    "Id": 34041,
    "TutorialType": 4,
    "TutorialOrder": 0,
    "PageId": [
      34041,
      3404101,
      3404102
    ],
    "PageReplaceConditionGroupId": 0,
    "ReplacePageId": {
      "PKa": [],
      "length": 0
    },
    "GroupName": "GuideTutorial_34041_GroupName",
    "TutorialTip": false,
    "DropId": 100001,
    "RequireReadAll": true
  },
  {
    "Id": 34042,
    "TutorialType": 4,
    "TutorialOrder": 0,
    "PageId": [
      34042
    ],
    "PageReplaceConditionGroupId": 0,
    "ReplacePageId": {
      "PKa": [],
      "length": 0
    },
    "GroupName": "GuideTutorial_34042_GroupName",
    "TutorialTip": true,
    "DropId": 100001,
    "RequireReadAll": false
  },
  {
    "Id": 34043,
    "TutorialType": 4,
    "TutorialOrder": 0,
    "PageId": [
      34043
    ],
    "PageReplaceConditionGroupId": 0,
    "ReplacePageId": {
      "PKa": [],
      "length": 0
    },
    "GroupName": "GuideTutorial_34043_GroupName",
    "TutorialTip": true,
    "DropId": 100001,
    "RequireReadAll": false
  },
  {
    "Id": 34044,
    "TutorialType": 4,
    "TutorialOrder": 0,
    "PageId": [
      34044
    ],
    "PageReplaceConditionGroupId": 0,
    "ReplacePageId": {
      "PKa": [],
      "length": 0
    },
    "GroupName": "GuideTutorial_34044_GroupName",
    "TutorialTip": true,
    "DropId": 100001,
    "RequireReadAll": false
  },
  {
    "Id": 34046,
    "TutorialType": 4,
    "TutorialOrder": 0,
    "PageId": [
      34046,
      3404602
    ],
    "PageReplaceConditionGroupId": 0,
    "ReplacePageId": {
      "PKa": [],
      "length": 0
    },
    "GroupName": "GuideTutorial_34046_GroupName",
    "TutorialTip": true,
    "DropId": 100001,
    "RequireReadAll": true
  },
  {
    "Id": 34047,
    "TutorialType": 4,
    "TutorialOrder": 0,
    "PageId": [
      34047
    ],
    "PageReplaceConditionGroupId": 0,
    "ReplacePageId": {
      "PKa": [],
      "length": 0
    },
    "GroupName": "GuideTutorial_34047_GroupName",
    "TutorialTip": true,
    "DropId": 100001,
    "RequireReadAll": false
  },
  {
    "Id": 34048,
    "TutorialType": 4,
    "TutorialOrder": 0,
    "PageId": [
      34048,
      3404802,
      3404803,
      3404804
    ],
    "PageReplaceConditionGroupId": 0,
    "ReplacePageId": {
      "PKa": [],
      "length": 0
    },
    "GroupName": "GuideTutorial_34048_GroupName",
    "TutorialTip": false,
    "DropId": 100001,
    "RequireReadAll": true
  },
  {
    "Id": 34049,
    "TutorialType": 4,
    "TutorialOrder": 0,
    "PageId": [
      34049
    ],
    "PageReplaceConditionGroupId": 0,
    "ReplacePageId": {
      "PKa": [],
      "length": 0
    },
    "GroupName": "GuideTutorial_34049_GroupName",
    "TutorialTip": false,
    "DropId": 100001,
    "RequireReadAll": false
  },
  {
    "Id": 34050,
    "TutorialType": 4,
    "TutorialOrder": 0,
    "PageId": [
      34050
    ],
    "PageReplaceConditionGroupId": 0,
    "ReplacePageId": {
      "PKa": [],
      "length": 0
    },
    "GroupName": "GuideTutorial_34050_GroupName",
    "TutorialTip": false,
    "DropId": 100001,
    "RequireReadAll": false
  },
  {
    "Id": 34051,
    "TutorialType": 4,
    "TutorialOrder": 0,
    "PageId": [
      34051
    ],
    "PageReplaceConditionGroupId": 0,
    "ReplacePageId": {
      "PKa": [],
      "length": 0
    },
    "GroupName": "GuideTutorial_34051_GroupName",
    "TutorialTip": true,
    "DropId": 100001,
    "RequireReadAll": false
  },
  {
    "Id": 34052,
    "TutorialType": 4,
    "TutorialOrder": 0,
    "PageId": [
      34052
    ],
    "PageReplaceConditionGroupId": 0,
    "ReplacePageId": {
      "PKa": [],
      "length": 0
    },
    "GroupName": "GuideTutorial_34052_GroupName",
    "TutorialTip": true,
    "DropId": 100001,
    "RequireReadAll": false
  },
  {
    "Id": 34053,
    "TutorialType": 4,
    "TutorialOrder": 0,
    "PageId": [
      34053
    ],
    "PageReplaceConditionGroupId": 0,
    "ReplacePageId": {
      "PKa": [],
      "length": 0
    },
    "GroupName": "GuideTutorial_34053_GroupName",
    "TutorialTip": false,
    "DropId": 100001,
    "RequireReadAll": false
  },
  {
    "Id": 34054,
    "TutorialType": 4,
    "TutorialOrder": 0,
    "PageId": [
      34054
    ],
    "PageReplaceConditionGroupId": 0,
    "ReplacePageId": {
      "PKa": [],
      "length": 0
    },
    "GroupName": "GuideTutorial_34054_GroupName",
    "TutorialTip": true,
    "DropId": 100001,
    "RequireReadAll": false
  },
  {
    "Id": 34055,
    "TutorialType": 4,
    "TutorialOrder": 0,
    "PageId": [
      34055
    ],
    "PageReplaceConditionGroupId": 0,
    "ReplacePageId": {
      "PKa": [],
      "length": 0
    },
    "GroupName": "GuideTutorial_34055_GroupName",
    "TutorialTip": true,
    "DropId": 100001,
    "RequireReadAll": false
  },
  {
    "Id": 32026,
    "TutorialType": 1,
    "TutorialOrder": 0,
    "PageId": [
      32026
    ],
    "PageReplaceConditionGroupId": 0,
    "ReplacePageId": {
      "PKa": [],
      "length": 0
    },
    "GroupName": "GuideTutorial_32026_GroupName",
    "TutorialTip": true,
    "DropId": 100001,
    "RequireReadAll": false
  },
  {
    "Id": 34056,
    "TutorialType": 4,
    "TutorialOrder": 0,
    "PageId": [
      34056
    ],
    "PageReplaceConditionGroupId": 0,
    "ReplacePageId": {
      "PKa": [],
      "length": 0
    },
    "GroupName": "GuideTutorial_34056_GroupName",
    "TutorialTip": false,
    "DropId": 100001,
    "RequireReadAll": false
  },
  {
    "Id": 34057,
    "TutorialType": 4,
    "TutorialOrder": 0,
    "PageId": [
      34057
    ],
    "PageReplaceConditionGroupId": 0,
    "ReplacePageId": {
      "PKa": [],
      "length": 0
    },
    "GroupName": "GuideTutorial_34057_GroupName",
    "TutorialTip": false,
    "DropId": 100001,
    "RequireReadAll": false
  },
  {
    "Id": 34059,
    "TutorialType": 4,
    "TutorialOrder": 0,
    "PageId": [
      34059
    ],
    "PageReplaceConditionGroupId": 0,
    "ReplacePageId": {
      "PKa": [],
      "length": 0
    },
    "GroupName": "GuideTutorial_34059_GroupName",
    "TutorialTip": true,
    "DropId": 100001,
    "RequireReadAll": false
  },
  {
    "Id": 34060,
    "TutorialType": 4,
    "TutorialOrder": 0,
    "PageId": [
      34060
    ],
    "PageReplaceConditionGroupId": 0,
    "ReplacePageId": {
      "PKa": [],
      "length": 0
    },
    "GroupName": "GuideTutorial_34060_GroupName",
    "TutorialTip": false,
    "DropId": 100001,
    "RequireReadAll": false
  },
  {
    "Id": 34061,
    "TutorialType": 4,
    "TutorialOrder": 0,
    "PageId": [
      34061,
      3406102,
      3406103
    ],
    "PageReplaceConditionGroupId": 0,
    "ReplacePageId": {
      "PKa": [],
      "length": 0
    },
    "GroupName": "GuideTutorial_34061_GroupName",
    "TutorialTip": false,
    "DropId": 100001,
    "RequireReadAll": true
  },
  {
    "Id": 34062,
    "TutorialType": 4,
    "TutorialOrder": 0,
    "PageId": [
      34062
    ],
    "PageReplaceConditionGroupId": 0,
    "ReplacePageId": {
      "PKa": [],
      "length": 0
    },
    "GroupName": "GuideTutorial_34062_GroupName",
    "TutorialTip": false,
    "DropId": 100001,
    "RequireReadAll": false
  },
  {
    "Id": 34063,
    "TutorialType": 4,
    "TutorialOrder": 0,
    "PageId": [
      34063,
      3406302
    ],
    "PageReplaceConditionGroupId": 0,
    "ReplacePageId": {
      "PKa": [],
      "length": 0
    },
    "GroupName": "GuideTutorial_34063_GroupName",
    "TutorialTip": true,
    "DropId": 100001,
    "RequireReadAll": true
  },
  {
    "Id": 34064,
    "TutorialType": 4,
    "TutorialOrder": 0,
    "PageId": [
      34064
    ],
    "PageReplaceConditionGroupId": 0,
    "ReplacePageId": {
      "PKa": [],
      "length": 0
    },
    "GroupName": "GuideTutorial_34064_GroupName",
    "TutorialTip": true,
    "DropId": 100001,
    "RequireReadAll": false
  },
  {
    "Id": 34065,
    "TutorialType": 4,
    "TutorialOrder": 0,
    "PageId": [
      34065
    ],
    "PageReplaceConditionGroupId": 0,
    "ReplacePageId": {
      "PKa": [],
      "length": 0
    },
    "GroupName": "GuideTutorial_34065_GroupName",
    "TutorialTip": false,
    "DropId": 100001,
    "RequireReadAll": false
  },
  {
    "Id": 34066,
    "TutorialType": 4,
    "TutorialOrder": 0,
    "PageId": [
      34066
    ],
    "PageReplaceConditionGroupId": 0,
    "ReplacePageId": {
      "PKa": [],
      "length": 0
    },
    "GroupName": "GuideTutorial_34066_GroupName",
    "TutorialTip": false,
    "DropId": 100001,
    "RequireReadAll": false
  },
  {
    "Id": 34069,
    "TutorialType": 4,
    "TutorialOrder": 0,
    "PageId": [
      34069
    ],
    "PageReplaceConditionGroupId": 0,
    "ReplacePageId": {
      "PKa": [],
      "length": 0
    },
    "GroupName": "GuideTutorial_34069_GroupName",
    "TutorialTip": false,
    "DropId": 100001,
    "RequireReadAll": false
  },
  {
    "Id": 34070,
    "TutorialType": 4,
    "TutorialOrder": 0,
    "PageId": [
      34070
    ],
    "PageReplaceConditionGroupId": 0,
    "ReplacePageId": {
      "PKa": [],
      "length": 0
    },
    "GroupName": "GuideTutorial_34070_GroupName",
    "TutorialTip": false,
    "DropId": 100001,
    "RequireReadAll": false
  }
]