[
  {
    "Id": 0,
    "TitleText": null,
    "NoteText": null,
    "BgTexture": null
  },
  {
    "Id": 0,
    "TitleText": null,
    "NoteText": null,
    "BgTexture": null
  },
  {
    "Id": 0,
    "TitleText": null,
    "NoteText": null,
    "BgTexture": null
  },
  {
    "Id": 0,
    "TitleText": null,
    "NoteText": null,
    "BgTexture": null
  },
  {
    "Id": 0,
    "TitleText": null,
    "NoteText": null,
    "BgTexture": null
  },
  {
    "Id": 0,
    "TitleText": null,
    "NoteText": null,
    "BgTexture": null
  }
]