[
  {
    "Id": 1503,
    "Type": 1,
    "Desc": "Role_1503_ShareDesc",
    "SharePic": "/Game/Aki/UI/UIResources/Common/Image/BgCg/T_RoleShare_06.T_RoleShare_06"
  },
  {
    "Id": 1203,
    "Type": 1,
    "Desc": "Role_1203_ShareDesc",
    "SharePic": "/Game/Aki/UI/UIResources/Common/Image/BgCg/T_RoleShare_04.T_RoleShare_04"
  },
  {
    "Id": 1301,
    "Type": 1,
    "Desc": "Role_1301_ShareDesc",
    "SharePic": "/Game/Aki/UI/UIResources/Common/Image/BgCg/T_RoleShare_07.T_RoleShare_07"
  },
  {
    "Id": 1405,
    "Type": 1,
    "Desc": "Role_1405_ShareDesc",
    "SharePic": "/Game/Aki/UI/UIResources/Common/Image/BgCg/T_RoleShare_05.T_RoleShare_05"
  },
  {
    "Id": 1104,
    "Type": 1,
    "Desc": "Role_1104_ShareDesc",
    "SharePic": "/Game/Aki/UI/UIResources/Common/Image/BgCg/T_RoleShare_03.T_RoleShare_03"
  },
  {
    "Id": 1404,
    "Type": 1,
    "Desc": "Role_1404_ShareDesc",
    "SharePic": "/Game/Aki/UI/UIResources/Common/Image/BgCg/T_RoleShare_01.T_RoleShare_01"
  },
  {
    "Id": 1302,
    "Type": 1,
    "Desc": "Role_1302_ShareDesc",
    "SharePic": "/Game/Aki/UI/UIResources/Common/Image/BgCg/T_RoleShare_02.T_RoleShare_02"
  },
  {
    "Id": 21010015,
    "Type": 2,
    "Desc": "WeaponConf_21010015_BgDescription",
    "SharePic": "/Game/Aki/UI/UIResources/Common/Image/BgCg/T_WeaponShare_03.T_WeaponShare_03"
  },
  {
    "Id": 21020015,
    "Type": 2,
    "Desc": "WeaponConf_21020015_BgDescription",
    "SharePic": "/Game/Aki/UI/UIResources/Common/Image/BgCg/T_WeaponShare_02.T_WeaponShare_02"
  },
  {
    "Id": 21030015,
    "Type": 2,
    "Desc": "WeaponConf_21030015_BgDescription",
    "SharePic": "/Game/Aki/UI/UIResources/Common/Image/BgCg/T_WeaponShare_01.T_WeaponShare_01"
  },
  {
    "Id": 21040015,
    "Type": 2,
    "Desc": "WeaponConf_21040015_BgDescription",
    "SharePic": "/Game/Aki/UI/UIResources/Common/Image/BgCg/T_WeaponShare_05.T_WeaponShare_05"
  },
  {
    "Id": 21050015,
    "Type": 2,
    "Desc": "WeaponConf_21050015_BgDescription",
    "SharePic": "/Game/Aki/UI/UIResources/Common/Image/BgCg/T_WeaponShare_04.T_WeaponShare_04"
  },
  {
    "Id": 21010016,
    "Type": 2,
    "Desc": "WeaponConf_21010016_BgDescription",
    "SharePic": "/Game/Aki/UI/UIResources/Common/Image/BgCg/T_WeaponShare_06.T_WeaponShare_06"
  },
  {
    "Id": 21050016,
    "Type": 2,
    "Desc": "WeaponConf_21050016_BgDescription",
    "SharePic": "/Game/Aki/UI/UIResources/Common/Image/BgCg/T_WeaponShare_07.T_WeaponShare_07"
  },
  {
    "Id": 1304,
    "Type": 1,
    "Desc": "Role_1304_ShareDesc",
    "SharePic": "/Game/Aki/UI/UIResources/Common/Image/BgCg/T_RoleShare_08.T_RoleShare_08"
  },
  {
    "Id": 1205,
    "Type": 1,
    "Desc": "Role_1205_ShareDesc",
    "SharePic": "/Game/Aki/UI/UIResources/Common/Image/BgCg/T_RoleShare_09.T_RoleShare_09"
  },
  {
    "Id": 21010026,
    "Type": 2,
    "Desc": "WeaponConf_21010026_BgDescription",
    "SharePic": "/Game/Aki/UI/UIResources/Common/Image/BgCg/T_WeaponShare_08.T_WeaponShare_08"
  },
  {
    "Id": 21020016,
    "Type": 2,
    "Desc": "WeaponConf_21020016_BgDescription",
    "SharePic": "/Game/Aki/UI/UIResources/Common/Image/BgCg/T_WeaponShare_09.T_WeaponShare_09"
  },
  {
    "Id": 1105,
    "Type": 1,
    "Desc": "Role_1105_ShareDesc",
    "SharePic": "/Game/Aki/UI/UIResources/Common/Image/BgCg/T_RoleShare_11.T_RoleShare_11"
  },
  {
    "Id": 1305,
    "Type": 1,
    "Desc": "Role_1305_ShareDesc",
    "SharePic": "/Game/Aki/UI/UIResources/Common/Image/BgCg/T_RoleShare_10.T_RoleShare_10"
  },
  {
    "Id": 21050026,
    "Type": 2,
    "Desc": "WeaponConf_21050026_BgDescription",
    "SharePic": "/Game/Aki/UI/UIResources/Common/Image/BgCg/T_WeaponShare_10.T_WeaponShare_10"
  },
  {
    "Id": 21040016,
    "Type": 2,
    "Desc": "WeaponConf_21040016_BgDescription",
    "SharePic": "/Game/Aki/UI/UIResources/Common/Image/BgCg/T_WeaponShare_11.T_WeaponShare_11"
  },
  {
    "Id": 1505,
    "Type": 1,
    "Desc": "Role_1505_ShareDesc",
    "SharePic": "/Game/Aki/UI/UIResources/Common/Image/BgCg/T_RoleShare_12.T_RoleShare_12"
  },
  {
    "Id": 21050036,
    "Type": 2,
    "Desc": "WeaponConf_21050036_BgDescription",
    "SharePic": "/Game/Aki/UI/UIResources/Common/Image/BgCg/T_WeaponShare_12.T_WeaponShare_12"
  }
]