[
  {
    "Id": 1,
    "RevertType": 1,
    "AxisName": "LookUp",
    "RevertInfo": {
      "size": 2
    }
  },
  {
    "Id": 2,
    "RevertType": 0,
    "AxisName": "Turn",
    "RevertInfo": {
      "size": 2
    }
  },
  {
    "Id": 3,
    "RevertType": 1,
    "AxisName": "RoleLookUp",
    "RevertInfo": {
      "size": 1
    }
  },
  {
    "Id": 4,
    "RevertType": 0,
    "AxisName": "RoleTurn",
    "RevertInfo": {
      "size": 1
    }
  },
  {
    "Id": 5,
    "RevertType": 1,
    "AxisName": "UiLookUp",
    "RevertInfo": {
      "size": 2
    }
  },
  {
    "Id": 6,
    "RevertType": 0,
    "AxisName": "UiTurn",
    "RevertInfo": {
      "size": 2
    }
  }
]