[
  {
    "Id": 1,
    "TypeId": 1,
    "InputControllerType": 1,
    "Name": "KeySetting_1_Name",
    "OpenViewType": 0,
    "ButtonTextId": "",
    "ActionOrAxis": 2,
    "ActionOrAxisName": "MoveForward",
    "CanCombination": false,
    "PcKeyIndex": 0,
    "XBoxKeyIndex": 0,
    "ConnectedKeySettingId": 0,
    "PcAxisValue": 1,
    "XBoxAxisValue": 0,
    "IsLock": false,
    "BothActionName": {
      "PKa": [],
      "length": 0
    },
    "IsCheckSameKey": true,
    "CanDisable": false,
    "AllowKeys": [
      "Q",
      "W",
      "E",
      "R",
      "T",
      "Y",
      "U",
      "I",
      "O",
      "P",
      "A",
      "S",
      "D",
      "F",
      "G",
      "H",
      "J",
      "K",
      "L",
      "Z",
      "X",
      "C",
      "V",
      "B",
      "N",
      "M",
      "Zero",
      "One",
      "Two",
      "Three",
      "Four",
      "Five",
      "Six",
      "Seven",
      "Eight",
      "Nine",
      "F1",
      "F2",
      "F3",
      "F4",
      "F5",
      "F6",
      "F7",
      "F8",
      "F9",
      "Tilde",
      "Hyphen",
      "Equals",
      "Tab",
      "CapsLock",
      "LeftShift",
      "LeftControl",
      "LeftBracket",
      "RightBracket",
      "Backslash",
      "Semicolon",
      "Apostrophe",
      "Comma",
      "Period",
      "Slash",
      "Backslash",
      "Enter",
      "RightShift",
      "RightControl",
      "NumPadZero",
      "NumPadOne",
      "NumPadTwo",
      "NumPadThree",
      "NumPadFour",
      "NumPadFive",
      "NumPadSix",
      "NumPadSeven",
      "NumPadEight",
      "NumPadNine",
      "Divide",
      "Multiply",
      "Subtract",
      "Add"
    ],
    "AllowMainKeys": {
      "PKa": [],
      "length": 0
    },
    "AllowSecondKeys": {
      "PKa": [],
      "length": 0
    },
    "DetailTextId": ""
  },
  {
    "Id": 2,
    "TypeId": 1,
    "InputControllerType": 1,
    "Name": "KeySetting_2_Name",
    "OpenViewType": 0,
    "ButtonTextId": "",
    "ActionOrAxis": 2,
    "ActionOrAxisName": "MoveForward",
    "CanCombination": false,
    "PcKeyIndex": 0,
    "XBoxKeyIndex": 0,
    "ConnectedKeySettingId": 0,
    "PcAxisValue": -1,
    "XBoxAxisValue": 0,
    "IsLock": false,
    "BothActionName": {
      "PKa": [],
      "length": 0
    },
    "IsCheckSameKey": true,
    "CanDisable": false,
    "AllowKeys": [
      "Q",
      "W",
      "E",
      "R",
      "T",
      "Y",
      "U",
      "I",
      "O",
      "P",
      "A",
      "S",
      "D",
      "F",
      "G",
      "H",
      "J",
      "K",
      "L",
      "Z",
      "X",
      "C",
      "V",
      "B",
      "N",
      "M",
      "Zero",
      "One",
      "Two",
      "Three",
      "Four",
      "Five",
      "Six",
      "Seven",
      "Eight",
      "Nine",
      "F1",
      "F2",
      "F3",
      "F4",
      "F5",
      "F6",
      "F7",
      "F8",
      "F9",
      "Tilde",
      "Hyphen",
      "Equals",
      "Tab",
      "CapsLock",
      "LeftShift",
      "LeftControl",
      "LeftBracket",
      "RightBracket",
      "Backslash",
      "Semicolon",
      "Apostrophe",
      "Comma",
      "Period",
      "Slash",
      "Backslash",
      "Enter",
      "RightShift",
      "RightControl",
      "NumPadZero",
      "NumPadOne",
      "NumPadTwo",
      "NumPadThree",
      "NumPadFour",
      "NumPadFive",
      "NumPadSix",
      "NumPadSeven",
      "NumPadEight",
      "NumPadNine",
      "Divide",
      "Multiply",
      "Subtract",
      "Add"
    ],
    "AllowMainKeys": {
      "PKa": [],
      "length": 0
    },
    "AllowSecondKeys": {
      "PKa": [],
      "length": 0
    },
    "DetailTextId": ""
  },
  {
    "Id": 3,
    "TypeId": 1,
    "InputControllerType": 1,
    "Name": "KeySetting_3_Name",
    "OpenViewType": 0,
    "ButtonTextId": "",
    "ActionOrAxis": 2,
    "ActionOrAxisName": "MoveRight",
    "CanCombination": false,
    "PcKeyIndex": 0,
    "XBoxKeyIndex": 0,
    "ConnectedKeySettingId": 0,
    "PcAxisValue": -1,
    "XBoxAxisValue": 0,
    "IsLock": false,
    "BothActionName": {
      "PKa": [],
      "length": 0
    },
    "IsCheckSameKey": true,
    "CanDisable": false,
    "AllowKeys": [
      "Q",
      "W",
      "E",
      "R",
      "T",
      "Y",
      "U",
      "I",
      "O",
      "P",
      "A",
      "S",
      "D",
      "F",
      "G",
      "H",
      "J",
      "K",
      "L",
      "Z",
      "X",
      "C",
      "V",
      "B",
      "N",
      "M",
      "Zero",
      "One",
      "Two",
      "Three",
      "Four",
      "Five",
      "Six",
      "Seven",
      "Eight",
      "Nine",
      "F1",
      "F2",
      "F3",
      "F4",
      "F5",
      "F6",
      "F7",
      "F8",
      "F9",
      "Tilde",
      "Hyphen",
      "Equals",
      "Tab",
      "CapsLock",
      "LeftShift",
      "LeftControl",
      "LeftBracket",
      "RightBracket",
      "Backslash",
      "Semicolon",
      "Apostrophe",
      "Comma",
      "Period",
      "Slash",
      "Backslash",
      "Enter",
      "RightShift",
      "RightControl",
      "NumPadZero",
      "NumPadOne",
      "NumPadTwo",
      "NumPadThree",
      "NumPadFour",
      "NumPadFive",
      "NumPadSix",
      "NumPadSeven",
      "NumPadEight",
      "NumPadNine",
      "Divide",
      "Multiply",
      "Subtract",
      "Add"
    ],
    "AllowMainKeys": {
      "PKa": [],
      "length": 0
    },
    "AllowSecondKeys": {
      "PKa": [],
      "length": 0
    },
    "DetailTextId": ""
  },
  {
    "Id": 4,
    "TypeId": 1,
    "InputControllerType": 1,
    "Name": "KeySetting_4_Name",
    "OpenViewType": 0,
    "ButtonTextId": "",
    "ActionOrAxis": 2,
    "ActionOrAxisName": "MoveRight",
    "CanCombination": false,
    "PcKeyIndex": 0,
    "XBoxKeyIndex": 0,
    "ConnectedKeySettingId": 0,
    "PcAxisValue": 1,
    "XBoxAxisValue": 0,
    "IsLock": false,
    "BothActionName": {
      "PKa": [],
      "length": 0
    },
    "IsCheckSameKey": true,
    "CanDisable": false,
    "AllowKeys": [
      "Q",
      "W",
      "E",
      "R",
      "T",
      "Y",
      "U",
      "I",
      "O",
      "P",
      "A",
      "S",
      "D",
      "F",
      "G",
      "H",
      "J",
      "K",
      "L",
      "Z",
      "X",
      "C",
      "V",
      "B",
      "N",
      "M",
      "Zero",
      "One",
      "Two",
      "Three",
      "Four",
      "Five",
      "Six",
      "Seven",
      "Eight",
      "Nine",
      "F1",
      "F2",
      "F3",
      "F4",
      "F5",
      "F6",
      "F7",
      "F8",
      "F9",
      "Tilde",
      "Hyphen",
      "Equals",
      "Tab",
      "CapsLock",
      "LeftShift",
      "LeftControl",
      "LeftBracket",
      "RightBracket",
      "Backslash",
      "Semicolon",
      "Apostrophe",
      "Comma",
      "Period",
      "Slash",
      "Backslash",
      "Enter",
      "RightShift",
      "RightControl",
      "NumPadZero",
      "NumPadOne",
      "NumPadTwo",
      "NumPadThree",
      "NumPadFour",
      "NumPadFive",
      "NumPadSix",
      "NumPadSeven",
      "NumPadEight",
      "NumPadNine",
      "Divide",
      "Multiply",
      "Subtract",
      "Add"
    ],
    "AllowMainKeys": {
      "PKa": [],
      "length": 0
    },
    "AllowSecondKeys": {
      "PKa": [],
      "length": 0
    },
    "DetailTextId": ""
  },
  {
    "Id": 5,
    "TypeId": 1,
    "InputControllerType": 1,
    "Name": "KeySetting_5_Name",
    "OpenViewType": 0,
    "ButtonTextId": "",
    "ActionOrAxis": 1,
    "ActionOrAxisName": "走跑切换",
    "CanCombination": false,
    "PcKeyIndex": 0,
    "XBoxKeyIndex": 0,
    "ConnectedKeySettingId": 0,
    "PcAxisValue": 0,
    "XBoxAxisValue": 0,
    "IsLock": false,
    "BothActionName": {
      "PKa": [],
      "length": 0
    },
    "IsCheckSameKey": true,
    "CanDisable": false,
    "AllowKeys": [
      "Q",
      "W",
      "E",
      "R",
      "T",
      "Y",
      "U",
      "I",
      "O",
      "P",
      "A",
      "S",
      "D",
      "F",
      "G",
      "H",
      "J",
      "K",
      "L",
      "Z",
      "X",
      "C",
      "V",
      "B",
      "N",
      "M",
      "Zero",
      "One",
      "Two",
      "Three",
      "Four",
      "Five",
      "Six",
      "Seven",
      "Eight",
      "Nine",
      "F1",
      "F2",
      "F3",
      "F4",
      "F5",
      "F6",
      "F7",
      "F8",
      "F9",
      "Tilde",
      "Hyphen",
      "Equals",
      "Tab",
      "CapsLock",
      "LeftShift",
      "LeftControl",
      "LeftBracket",
      "RightBracket",
      "Backslash",
      "Semicolon",
      "Apostrophe",
      "Comma",
      "Period",
      "Slash",
      "Backslash",
      "Enter",
      "RightShift",
      "RightControl",
      "NumPadZero",
      "NumPadOne",
      "NumPadTwo",
      "NumPadThree",
      "NumPadFour",
      "NumPadFive",
      "NumPadSix",
      "NumPadSeven",
      "NumPadEight",
      "NumPadNine",
      "Divide",
      "Multiply",
      "Subtract",
      "Add"
    ],
    "AllowMainKeys": {
      "PKa": [],
      "length": 0
    },
    "AllowSecondKeys": {
      "PKa": [],
      "length": 0
    },
    "DetailTextId": ""
  },
  {
    "Id": 6,
    "TypeId": 1,
    "InputControllerType": 1,
    "Name": "KeySetting_6_Name",
    "OpenViewType": 0,
    "ButtonTextId": "",
    "ActionOrAxis": 1,
    "ActionOrAxisName": "攻击",
    "CanCombination": false,
    "PcKeyIndex": 0,
    "XBoxKeyIndex": 0,
    "ConnectedKeySettingId": 0,
    "PcAxisValue": 0,
    "XBoxAxisValue": 0,
    "IsLock": true,
    "BothActionName": {
      "PKa": [],
      "length": 0
    },
    "IsCheckSameKey": true,
    "CanDisable": false,
    "AllowKeys": {
      "PKa": [],
      "length": 0
    },
    "AllowMainKeys": {
      "PKa": [],
      "length": 0
    },
    "AllowSecondKeys": {
      "PKa": [],
      "length": 0
    },
    "DetailTextId": ""
  },
  {
    "Id": 9,
    "TypeId": 1,
    "InputControllerType": 1,
    "Name": "KeySetting_9_Name",
    "OpenViewType": 0,
    "ButtonTextId": "",
    "ActionOrAxis": 1,
    "ActionOrAxisName": "闪避",
    "CanCombination": false,
    "PcKeyIndex": 0,
    "XBoxKeyIndex": 0,
    "ConnectedKeySettingId": 0,
    "PcAxisValue": 0,
    "XBoxAxisValue": 0,
    "IsLock": true,
    "BothActionName": {
      "PKa": [],
      "length": 0
    },
    "IsCheckSameKey": false,
    "CanDisable": false,
    "AllowKeys": {
      "PKa": [],
      "length": 0
    },
    "AllowMainKeys": {
      "PKa": [],
      "length": 0
    },
    "AllowSecondKeys": {
      "PKa": [],
      "length": 0
    },
    "DetailTextId": "KeySetting_9_DetailTextId"
  },
  {
    "Id": 11,
    "TypeId": 1,
    "InputControllerType": 1,
    "Name": "KeySetting_11_Name",
    "OpenViewType": 0,
    "ButtonTextId": "",
    "ActionOrAxis": 1,
    "ActionOrAxisName": "技能1",
    "CanCombination": false,
    "PcKeyIndex": 0,
    "XBoxKeyIndex": 0,
    "ConnectedKeySettingId": 0,
    "PcAxisValue": 0,
    "XBoxAxisValue": 0,
    "IsLock": false,
    "BothActionName": {
      "PKa": [],
      "length": 0
    },
    "IsCheckSameKey": true,
    "CanDisable": false,
    "AllowKeys": [
      "Q",
      "W",
      "E",
      "R",
      "T",
      "Y",
      "U",
      "I",
      "O",
      "P",
      "A",
      "S",
      "D",
      "F",
      "G",
      "H",
      "J",
      "K",
      "L",
      "Z",
      "X",
      "C",
      "V",
      "B",
      "N",
      "M",
      "Zero",
      "One",
      "Two",
      "Three",
      "Four",
      "Five",
      "Six",
      "Seven",
      "Eight",
      "Nine",
      "F1",
      "F2",
      "F3",
      "F4",
      "F5",
      "F6",
      "F7",
      "F8",
      "F9",
      "Tilde",
      "Hyphen",
      "Equals",
      "Tab",
      "CapsLock",
      "LeftShift",
      "LeftControl",
      "LeftBracket",
      "RightBracket",
      "Backslash",
      "Semicolon",
      "Apostrophe",
      "Comma",
      "Period",
      "Slash",
      "Backslash",
      "Enter",
      "RightShift",
      "RightControl",
      "NumPadZero",
      "NumPadOne",
      "NumPadTwo",
      "NumPadThree",
      "NumPadFour",
      "NumPadFive",
      "NumPadSix",
      "NumPadSeven",
      "NumPadEight",
      "NumPadNine",
      "Divide",
      "Multiply",
      "Subtract",
      "Add",
      "ThumbMouseButton",
      "ThumbMouseButton2"
    ],
    "AllowMainKeys": {
      "PKa": [],
      "length": 0
    },
    "AllowSecondKeys": {
      "PKa": [],
      "length": 0
    },
    "DetailTextId": ""
  },
  {
    "Id": 10,
    "TypeId": 1,
    "InputControllerType": 1,
    "Name": "KeySetting_10_Name",
    "OpenViewType": 0,
    "ButtonTextId": "",
    "ActionOrAxis": 1,
    "ActionOrAxisName": "闪避",
    "CanCombination": false,
    "PcKeyIndex": 1,
    "XBoxKeyIndex": 0,
    "ConnectedKeySettingId": 0,
    "PcAxisValue": 0,
    "XBoxAxisValue": 0,
    "IsLock": false,
    "BothActionName": {
      "PKa": [],
      "length": 0
    },
    "IsCheckSameKey": true,
    "CanDisable": false,
    "AllowKeys": [
      "Q",
      "W",
      "E",
      "R",
      "T",
      "Y",
      "U",
      "I",
      "O",
      "P",
      "A",
      "S",
      "D",
      "F",
      "G",
      "H",
      "J",
      "K",
      "L",
      "Z",
      "X",
      "C",
      "V",
      "B",
      "N",
      "M",
      "Zero",
      "One",
      "Two",
      "Three",
      "Four",
      "Five",
      "Six",
      "Seven",
      "Eight",
      "Nine",
      "F1",
      "F2",
      "F3",
      "F4",
      "F5",
      "F6",
      "F7",
      "F8",
      "F9",
      "Tilde",
      "Hyphen",
      "Equals",
      "Tab",
      "CapsLock",
      "LeftShift",
      "LeftControl",
      "LeftBracket",
      "RightBracket",
      "Backslash",
      "Semicolon",
      "Apostrophe",
      "Comma",
      "Period",
      "Slash",
      "Backslash",
      "Enter",
      "RightShift",
      "RightControl",
      "NumPadZero",
      "NumPadOne",
      "NumPadTwo",
      "NumPadThree",
      "NumPadFour",
      "NumPadFive",
      "NumPadSix",
      "NumPadSeven",
      "NumPadEight",
      "NumPadNine",
      "Divide",
      "Multiply",
      "Subtract",
      "Add",
      "ThumbMouseButton",
      "ThumbMouseButton2"
    ],
    "AllowMainKeys": {
      "PKa": [],
      "length": 0
    },
    "AllowSecondKeys": {
      "PKa": [],
      "length": 0
    },
    "DetailTextId": "KeySetting_10_DetailTextId"
  },
  {
    "Id": 12,
    "TypeId": 1,
    "InputControllerType": 1,
    "Name": "KeySetting_12_Name",
    "OpenViewType": 0,
    "ButtonTextId": "",
    "ActionOrAxis": 1,
    "ActionOrAxisName": "大招",
    "CanCombination": false,
    "PcKeyIndex": 0,
    "XBoxKeyIndex": 0,
    "ConnectedKeySettingId": 0,
    "PcAxisValue": 0,
    "XBoxAxisValue": 0,
    "IsLock": false,
    "BothActionName": {
      "PKa": [],
      "length": 0
    },
    "IsCheckSameKey": true,
    "CanDisable": false,
    "AllowKeys": [
      "Q",
      "W",
      "E",
      "R",
      "T",
      "Y",
      "U",
      "I",
      "O",
      "P",
      "A",
      "S",
      "D",
      "F",
      "G",
      "H",
      "J",
      "K",
      "L",
      "Z",
      "X",
      "C",
      "V",
      "B",
      "N",
      "M",
      "Zero",
      "One",
      "Two",
      "Three",
      "Four",
      "Five",
      "Six",
      "Seven",
      "Eight",
      "Nine",
      "F1",
      "F2",
      "F3",
      "F4",
      "F5",
      "F6",
      "F7",
      "F8",
      "F9",
      "Tilde",
      "Hyphen",
      "Equals",
      "Tab",
      "CapsLock",
      "LeftShift",
      "LeftControl",
      "LeftBracket",
      "RightBracket",
      "Backslash",
      "Semicolon",
      "Apostrophe",
      "Comma",
      "Period",
      "Slash",
      "Backslash",
      "Enter",
      "RightShift",
      "RightControl",
      "NumPadZero",
      "NumPadOne",
      "NumPadTwo",
      "NumPadThree",
      "NumPadFour",
      "NumPadFive",
      "NumPadSix",
      "NumPadSeven",
      "NumPadEight",
      "NumPadNine",
      "Divide",
      "Multiply",
      "Subtract",
      "Add",
      "ThumbMouseButton",
      "ThumbMouseButton2"
    ],
    "AllowMainKeys": {
      "PKa": [],
      "length": 0
    },
    "AllowSecondKeys": {
      "PKa": [],
      "length": 0
    },
    "DetailTextId": ""
  },
  {
    "Id": 13,
    "TypeId": 1,
    "InputControllerType": 1,
    "Name": "KeySetting_13_Name",
    "OpenViewType": 0,
    "ButtonTextId": "",
    "ActionOrAxis": 1,
    "ActionOrAxisName": "幻象1",
    "CanCombination": false,
    "PcKeyIndex": 0,
    "XBoxKeyIndex": 0,
    "ConnectedKeySettingId": 0,
    "PcAxisValue": 0,
    "XBoxAxisValue": 0,
    "IsLock": false,
    "BothActionName": {
      "PKa": [],
      "length": 0
    },
    "IsCheckSameKey": true,
    "CanDisable": false,
    "AllowKeys": [
      "Q",
      "W",
      "E",
      "R",
      "T",
      "Y",
      "U",
      "I",
      "O",
      "P",
      "A",
      "S",
      "D",
      "F",
      "G",
      "H",
      "J",
      "K",
      "L",
      "Z",
      "X",
      "C",
      "V",
      "B",
      "N",
      "M",
      "Zero",
      "One",
      "Two",
      "Three",
      "Four",
      "Five",
      "Six",
      "Seven",
      "Eight",
      "Nine",
      "F1",
      "F2",
      "F3",
      "F4",
      "F5",
      "F6",
      "F7",
      "F8",
      "F9",
      "Tilde",
      "Hyphen",
      "Equals",
      "Tab",
      "CapsLock",
      "LeftShift",
      "LeftControl",
      "LeftBracket",
      "RightBracket",
      "Backslash",
      "Semicolon",
      "Apostrophe",
      "Comma",
      "Period",
      "Slash",
      "Backslash",
      "Enter",
      "RightShift",
      "RightControl",
      "NumPadZero",
      "NumPadOne",
      "NumPadTwo",
      "NumPadThree",
      "NumPadFour",
      "NumPadFive",
      "NumPadSix",
      "NumPadSeven",
      "NumPadEight",
      "NumPadNine",
      "Divide",
      "Multiply",
      "Subtract",
      "Add",
      "ThumbMouseButton",
      "ThumbMouseButton2"
    ],
    "AllowMainKeys": {
      "PKa": [],
      "length": 0
    },
    "AllowSecondKeys": {
      "PKa": [],
      "length": 0
    },
    "DetailTextId": ""
  },
  {
    "Id": 14,
    "TypeId": 1,
    "InputControllerType": 1,
    "Name": "KeySetting_14_Name",
    "OpenViewType": 0,
    "ButtonTextId": "",
    "ActionOrAxis": 1,
    "ActionOrAxisName": "幻象探索选择界面",
    "CanCombination": false,
    "PcKeyIndex": 0,
    "XBoxKeyIndex": 0,
    "ConnectedKeySettingId": 0,
    "PcAxisValue": 0,
    "XBoxAxisValue": 0,
    "IsLock": false,
    "BothActionName": {
      "PKa": [],
      "length": 0
    },
    "IsCheckSameKey": true,
    "CanDisable": false,
    "AllowKeys": [
      "Q",
      "W",
      "E",
      "R",
      "T",
      "Y",
      "U",
      "I",
      "O",
      "P",
      "A",
      "S",
      "D",
      "F",
      "G",
      "H",
      "J",
      "K",
      "L",
      "Z",
      "X",
      "C",
      "V",
      "B",
      "N",
      "M",
      "Zero",
      "One",
      "Two",
      "Three",
      "Four",
      "Five",
      "Six",
      "Seven",
      "Eight",
      "Nine",
      "F1",
      "F2",
      "F3",
      "F4",
      "F5",
      "F6",
      "F7",
      "F8",
      "F9",
      "Tilde",
      "Hyphen",
      "Equals",
      "Tab",
      "CapsLock",
      "LeftShift",
      "LeftControl",
      "LeftBracket",
      "RightBracket",
      "Backslash",
      "Semicolon",
      "Apostrophe",
      "Comma",
      "Period",
      "Slash",
      "Backslash",
      "Enter",
      "RightShift",
      "RightControl",
      "NumPadZero",
      "NumPadOne",
      "NumPadTwo",
      "NumPadThree",
      "NumPadFour",
      "NumPadFive",
      "NumPadSix",
      "NumPadSeven",
      "NumPadEight",
      "NumPadNine",
      "Divide",
      "Multiply",
      "Subtract",
      "Add",
      "ThumbMouseButton",
      "ThumbMouseButton2"
    ],
    "AllowMainKeys": {
      "PKa": [],
      "length": 0
    },
    "AllowSecondKeys": {
      "PKa": [],
      "length": 0
    },
    "DetailTextId": ""
  },
  {
    "Id": 15,
    "TypeId": 1,
    "InputControllerType": 1,
    "Name": "KeySetting_15_Name",
    "OpenViewType": 0,
    "ButtonTextId": "",
    "ActionOrAxis": 1,
    "ActionOrAxisName": "幻象2",
    "CanCombination": false,
    "PcKeyIndex": 0,
    "XBoxKeyIndex": 0,
    "ConnectedKeySettingId": 0,
    "PcAxisValue": 0,
    "XBoxAxisValue": 0,
    "IsLock": false,
    "BothActionName": {
      "PKa": [],
      "length": 0
    },
    "IsCheckSameKey": true,
    "CanDisable": false,
    "AllowKeys": [
      "Q",
      "W",
      "E",
      "R",
      "T",
      "Y",
      "U",
      "I",
      "O",
      "P",
      "A",
      "S",
      "D",
      "F",
      "G",
      "H",
      "J",
      "K",
      "L",
      "Z",
      "X",
      "C",
      "V",
      "B",
      "N",
      "M",
      "Zero",
      "One",
      "Two",
      "Three",
      "Four",
      "Five",
      "Six",
      "Seven",
      "Eight",
      "Nine",
      "F1",
      "F2",
      "F3",
      "F4",
      "F5",
      "F6",
      "F7",
      "F8",
      "F9",
      "Tilde",
      "Hyphen",
      "Equals",
      "Tab",
      "CapsLock",
      "LeftShift",
      "LeftControl",
      "LeftBracket",
      "RightBracket",
      "Backslash",
      "Semicolon",
      "Apostrophe",
      "Comma",
      "Period",
      "Slash",
      "Backslash",
      "Enter",
      "RightShift",
      "RightControl",
      "NumPadZero",
      "NumPadOne",
      "NumPadTwo",
      "NumPadThree",
      "NumPadFour",
      "NumPadFive",
      "NumPadSix",
      "NumPadSeven",
      "NumPadEight",
      "NumPadNine",
      "Divide",
      "Multiply",
      "Subtract",
      "Add",
      "ThumbMouseButton",
      "ThumbMouseButton2"
    ],
    "AllowMainKeys": {
      "PKa": [],
      "length": 0
    },
    "AllowSecondKeys": {
      "PKa": [],
      "length": 0
    },
    "DetailTextId": ""
  },
  {
    "Id": 16,
    "TypeId": 1,
    "InputControllerType": 1,
    "Name": "KeySetting_16_Name",
    "OpenViewType": 0,
    "ButtonTextId": "",
    "ActionOrAxis": 1,
    "ActionOrAxisName": "瞄准",
    "CanCombination": false,
    "PcKeyIndex": 0,
    "XBoxKeyIndex": 0,
    "ConnectedKeySettingId": 0,
    "PcAxisValue": 0,
    "XBoxAxisValue": 0,
    "IsLock": false,
    "BothActionName": {
      "PKa": [],
      "length": 0
    },
    "IsCheckSameKey": true,
    "CanDisable": false,
    "AllowKeys": [
      "Q",
      "W",
      "E",
      "R",
      "T",
      "Y",
      "U",
      "I",
      "O",
      "P",
      "A",
      "S",
      "D",
      "F",
      "G",
      "H",
      "J",
      "K",
      "L",
      "Z",
      "X",
      "C",
      "V",
      "B",
      "N",
      "M",
      "Zero",
      "One",
      "Two",
      "Three",
      "Four",
      "Five",
      "Six",
      "Seven",
      "Eight",
      "Nine",
      "F1",
      "F2",
      "F3",
      "F4",
      "F5",
      "F6",
      "F7",
      "F8",
      "F9",
      "Tilde",
      "Hyphen",
      "Equals",
      "Tab",
      "CapsLock",
      "LeftShift",
      "LeftControl",
      "LeftBracket",
      "RightBracket",
      "Backslash",
      "Semicolon",
      "Apostrophe",
      "Comma",
      "Period",
      "Slash",
      "Backslash",
      "Enter",
      "RightShift",
      "RightControl",
      "NumPadZero",
      "NumPadOne",
      "NumPadTwo",
      "NumPadThree",
      "NumPadFour",
      "NumPadFive",
      "NumPadSix",
      "NumPadSeven",
      "NumPadEight",
      "NumPadNine",
      "Divide",
      "Multiply",
      "Subtract",
      "Add",
      "ThumbMouseButton",
      "ThumbMouseButton2"
    ],
    "AllowMainKeys": {
      "PKa": [],
      "length": 0
    },
    "AllowSecondKeys": {
      "PKa": [],
      "length": 0
    },
    "DetailTextId": "KeySetting_16_DetailTextId"
  },
  {
    "Id": 17,
    "TypeId": 1,
    "InputControllerType": 1,
    "Name": "KeySetting_17_Name",
    "OpenViewType": 0,
    "ButtonTextId": "",
    "ActionOrAxis": 1,
    "ActionOrAxisName": "跳跃",
    "CanCombination": false,
    "PcKeyIndex": 0,
    "XBoxKeyIndex": 0,
    "ConnectedKeySettingId": 0,
    "PcAxisValue": 0,
    "XBoxAxisValue": 0,
    "IsLock": false,
    "BothActionName": {
      "PKa": [],
      "length": 0
    },
    "IsCheckSameKey": true,
    "CanDisable": false,
    "AllowKeys": [
      "Q",
      "W",
      "E",
      "R",
      "T",
      "Y",
      "U",
      "I",
      "O",
      "P",
      "A",
      "S",
      "D",
      "F",
      "G",
      "H",
      "J",
      "K",
      "L",
      "Z",
      "X",
      "C",
      "V",
      "B",
      "N",
      "M",
      "Zero",
      "One",
      "Two",
      "Three",
      "Four",
      "Five",
      "Six",
      "Seven",
      "Eight",
      "Nine",
      "F1",
      "F2",
      "F3",
      "F4",
      "F5",
      "F6",
      "F7",
      "F8",
      "F9",
      "Tilde",
      "Hyphen",
      "Equals",
      "Tab",
      "CapsLock",
      "LeftShift",
      "LeftControl",
      "LeftBracket",
      "RightBracket",
      "Backslash",
      "Semicolon",
      "Apostrophe",
      "Comma",
      "Period",
      "Slash",
      "Backslash",
      "Enter",
      "RightShift",
      "RightControl",
      "NumPadZero",
      "NumPadOne",
      "NumPadTwo",
      "NumPadThree",
      "NumPadFour",
      "NumPadFive",
      "NumPadSix",
      "NumPadSeven",
      "NumPadEight",
      "NumPadNine",
      "Divide",
      "Multiply",
      "Subtract",
      "Add",
      "ThumbMouseButton",
      "ThumbMouseButton2"
    ],
    "AllowMainKeys": {
      "PKa": [],
      "length": 0
    },
    "AllowSecondKeys": {
      "PKa": [],
      "length": 0
    },
    "DetailTextId": "KeySetting_17_DetailTextId"
  },
  {
    "Id": 18,
    "TypeId": 1,
    "InputControllerType": 1,
    "Name": "KeySetting_18_Name",
    "OpenViewType": 0,
    "ButtonTextId": "",
    "ActionOrAxis": 1,
    "ActionOrAxisName": "攀爬",
    "CanCombination": false,
    "PcKeyIndex": 0,
    "XBoxKeyIndex": 0,
    "ConnectedKeySettingId": 0,
    "PcAxisValue": 0,
    "XBoxAxisValue": 0,
    "IsLock": false,
    "BothActionName": {
      "PKa": [],
      "length": 0
    },
    "IsCheckSameKey": true,
    "CanDisable": false,
    "AllowKeys": [
      "Q",
      "W",
      "E",
      "R",
      "T",
      "Y",
      "U",
      "I",
      "O",
      "P",
      "A",
      "S",
      "D",
      "F",
      "G",
      "H",
      "J",
      "K",
      "L",
      "Z",
      "X",
      "C",
      "V",
      "B",
      "N",
      "M",
      "Zero",
      "One",
      "Two",
      "Three",
      "Four",
      "Five",
      "Six",
      "Seven",
      "Eight",
      "Nine",
      "F1",
      "F2",
      "F3",
      "F4",
      "F5",
      "F6",
      "F7",
      "F8",
      "F9",
      "Tilde",
      "Hyphen",
      "Equals",
      "Tab",
      "CapsLock",
      "LeftShift",
      "LeftControl",
      "LeftBracket",
      "RightBracket",
      "Backslash",
      "Semicolon",
      "Apostrophe",
      "Comma",
      "Period",
      "Slash",
      "Backslash",
      "Enter",
      "RightShift",
      "RightControl",
      "NumPadZero",
      "NumPadOne",
      "NumPadTwo",
      "NumPadThree",
      "NumPadFour",
      "NumPadFive",
      "NumPadSix",
      "NumPadSeven",
      "NumPadEight",
      "NumPadNine",
      "Divide",
      "Multiply",
      "Subtract",
      "Add",
      "ThumbMouseButton",
      "ThumbMouseButton2"
    ],
    "AllowMainKeys": {
      "PKa": [],
      "length": 0
    },
    "AllowSecondKeys": {
      "PKa": [],
      "length": 0
    },
    "DetailTextId": ""
  },
  {
    "Id": 19,
    "TypeId": 1,
    "InputControllerType": 1,
    "Name": "KeySetting_19_Name",
    "OpenViewType": 0,
    "ButtonTextId": "",
    "ActionOrAxis": 1,
    "ActionOrAxisName": "通用交互",
    "CanCombination": false,
    "PcKeyIndex": 0,
    "XBoxKeyIndex": 0,
    "ConnectedKeySettingId": 0,
    "PcAxisValue": 0,
    "XBoxAxisValue": 0,
    "IsLock": false,
    "BothActionName": {
      "PKa": [],
      "length": 0
    },
    "IsCheckSameKey": true,
    "CanDisable": false,
    "AllowKeys": [
      "Q",
      "W",
      "E",
      "R",
      "T",
      "Y",
      "U",
      "I",
      "O",
      "P",
      "A",
      "S",
      "D",
      "F",
      "G",
      "H",
      "J",
      "K",
      "L",
      "Z",
      "X",
      "C",
      "V",
      "B",
      "N",
      "M",
      "Zero",
      "One",
      "Two",
      "Three",
      "Four",
      "Five",
      "Six",
      "Seven",
      "Eight",
      "Nine",
      "F1",
      "F2",
      "F3",
      "F4",
      "F5",
      "F6",
      "F7",
      "F8",
      "F9",
      "Tilde",
      "Hyphen",
      "Equals",
      "Tab",
      "CapsLock",
      "LeftShift",
      "LeftControl",
      "LeftBracket",
      "RightBracket",
      "Backslash",
      "Semicolon",
      "Apostrophe",
      "Comma",
      "Period",
      "Slash",
      "Backslash",
      "Enter",
      "RightShift",
      "RightControl",
      "NumPadZero",
      "NumPadOne",
      "NumPadTwo",
      "NumPadThree",
      "NumPadFour",
      "NumPadFive",
      "NumPadSix",
      "NumPadSeven",
      "NumPadEight",
      "NumPadNine",
      "Divide",
      "Multiply",
      "Subtract",
      "Add",
      "ThumbMouseButton",
      "ThumbMouseButton2"
    ],
    "AllowMainKeys": {
      "PKa": [],
      "length": 0
    },
    "AllowSecondKeys": {
      "PKa": [],
      "length": 0
    },
    "DetailTextId": ""
  },
  {
    "Id": 21,
    "TypeId": 1,
    "InputControllerType": 1,
    "Name": "KeySetting_21_Name",
    "OpenViewType": 0,
    "ButtonTextId": "",
    "ActionOrAxis": 1,
    "ActionOrAxisName": "切换角色1",
    "CanCombination": false,
    "PcKeyIndex": 0,
    "XBoxKeyIndex": 0,
    "ConnectedKeySettingId": 0,
    "PcAxisValue": 0,
    "XBoxAxisValue": 0,
    "IsLock": false,
    "BothActionName": {
      "PKa": [],
      "length": 0
    },
    "IsCheckSameKey": true,
    "CanDisable": false,
    "AllowKeys": [
      "Q",
      "W",
      "E",
      "R",
      "T",
      "Y",
      "U",
      "I",
      "O",
      "P",
      "A",
      "S",
      "D",
      "F",
      "G",
      "H",
      "J",
      "K",
      "L",
      "Z",
      "X",
      "C",
      "V",
      "B",
      "N",
      "M",
      "Zero",
      "One",
      "Two",
      "Three",
      "Four",
      "Five",
      "Six",
      "Seven",
      "Eight",
      "Nine",
      "F1",
      "F2",
      "F3",
      "F4",
      "F5",
      "F6",
      "F7",
      "F8",
      "F9",
      "Tilde",
      "Hyphen",
      "Equals",
      "Tab",
      "CapsLock",
      "LeftShift",
      "LeftControl",
      "LeftBracket",
      "RightBracket",
      "Backslash",
      "Semicolon",
      "Apostrophe",
      "Comma",
      "Period",
      "Slash",
      "Backslash",
      "Enter",
      "RightShift",
      "RightControl",
      "NumPadZero",
      "NumPadOne",
      "NumPadTwo",
      "NumPadThree",
      "NumPadFour",
      "NumPadFive",
      "NumPadSix",
      "NumPadSeven",
      "NumPadEight",
      "NumPadNine",
      "Divide",
      "Multiply",
      "Subtract",
      "Add",
      "ThumbMouseButton",
      "ThumbMouseButton2"
    ],
    "AllowMainKeys": {
      "PKa": [],
      "length": 0
    },
    "AllowSecondKeys": {
      "PKa": [],
      "length": 0
    },
    "DetailTextId": ""
  },
  {
    "Id": 22,
    "TypeId": 1,
    "InputControllerType": 1,
    "Name": "KeySetting_22_Name",
    "OpenViewType": 0,
    "ButtonTextId": "",
    "ActionOrAxis": 1,
    "ActionOrAxisName": "切换角色2",
    "CanCombination": false,
    "PcKeyIndex": 0,
    "XBoxKeyIndex": 0,
    "ConnectedKeySettingId": 0,
    "PcAxisValue": 0,
    "XBoxAxisValue": 0,
    "IsLock": false,
    "BothActionName": {
      "PKa": [],
      "length": 0
    },
    "IsCheckSameKey": true,
    "CanDisable": false,
    "AllowKeys": [
      "Q",
      "W",
      "E",
      "R",
      "T",
      "Y",
      "U",
      "I",
      "O",
      "P",
      "A",
      "S",
      "D",
      "F",
      "G",
      "H",
      "J",
      "K",
      "L",
      "Z",
      "X",
      "C",
      "V",
      "B",
      "N",
      "M",
      "Zero",
      "One",
      "Two",
      "Three",
      "Four",
      "Five",
      "Six",
      "Seven",
      "Eight",
      "Nine",
      "F1",
      "F2",
      "F3",
      "F4",
      "F5",
      "F6",
      "F7",
      "F8",
      "F9",
      "Tilde",
      "Hyphen",
      "Equals",
      "Tab",
      "CapsLock",
      "LeftShift",
      "LeftControl",
      "LeftBracket",
      "RightBracket",
      "Backslash",
      "Semicolon",
      "Apostrophe",
      "Comma",
      "Period",
      "Slash",
      "Backslash",
      "Enter",
      "RightShift",
      "RightControl",
      "NumPadZero",
      "NumPadOne",
      "NumPadTwo",
      "NumPadThree",
      "NumPadFour",
      "NumPadFive",
      "NumPadSix",
      "NumPadSeven",
      "NumPadEight",
      "NumPadNine",
      "Divide",
      "Multiply",
      "Subtract",
      "Add",
      "ThumbMouseButton",
      "ThumbMouseButton2"
    ],
    "AllowMainKeys": {
      "PKa": [],
      "length": 0
    },
    "AllowSecondKeys": {
      "PKa": [],
      "length": 0
    },
    "DetailTextId": ""
  },
  {
    "Id": 23,
    "TypeId": 1,
    "InputControllerType": 1,
    "Name": "KeySetting_23_Name",
    "OpenViewType": 0,
    "ButtonTextId": "",
    "ActionOrAxis": 1,
    "ActionOrAxisName": "切换角色3",
    "CanCombination": false,
    "PcKeyIndex": 0,
    "XBoxKeyIndex": 0,
    "ConnectedKeySettingId": 0,
    "PcAxisValue": 0,
    "XBoxAxisValue": 0,
    "IsLock": false,
    "BothActionName": {
      "PKa": [],
      "length": 0
    },
    "IsCheckSameKey": true,
    "CanDisable": false,
    "AllowKeys": [
      "Q",
      "W",
      "E",
      "R",
      "T",
      "Y",
      "U",
      "I",
      "O",
      "P",
      "A",
      "S",
      "D",
      "F",
      "G",
      "H",
      "J",
      "K",
      "L",
      "Z",
      "X",
      "C",
      "V",
      "B",
      "N",
      "M",
      "Zero",
      "One",
      "Two",
      "Three",
      "Four",
      "Five",
      "Six",
      "Seven",
      "Eight",
      "Nine",
      "F1",
      "F2",
      "F3",
      "F4",
      "F5",
      "F6",
      "F7",
      "F8",
      "F9",
      "Tilde",
      "Hyphen",
      "Equals",
      "Tab",
      "CapsLock",
      "LeftShift",
      "LeftControl",
      "LeftBracket",
      "RightBracket",
      "Backslash",
      "Semicolon",
      "Apostrophe",
      "Comma",
      "Period",
      "Slash",
      "Backslash",
      "Enter",
      "RightShift",
      "RightControl",
      "NumPadZero",
      "NumPadOne",
      "NumPadTwo",
      "NumPadThree",
      "NumPadFour",
      "NumPadFive",
      "NumPadSix",
      "NumPadSeven",
      "NumPadEight",
      "NumPadNine",
      "Divide",
      "Multiply",
      "Subtract",
      "Add",
      "ThumbMouseButton",
      "ThumbMouseButton2"
    ],
    "AllowMainKeys": {
      "PKa": [],
      "length": 0
    },
    "AllowSecondKeys": {
      "PKa": [],
      "length": 0
    },
    "DetailTextId": ""
  },
  {
    "Id": 24,
    "TypeId": 1,
    "InputControllerType": 1,
    "Name": "KeySetting_24_Name",
    "OpenViewType": 0,
    "ButtonTextId": "",
    "ActionOrAxis": 1,
    "ActionOrAxisName": "切换角色4",
    "CanCombination": false,
    "PcKeyIndex": 0,
    "XBoxKeyIndex": 0,
    "ConnectedKeySettingId": 0,
    "PcAxisValue": 0,
    "XBoxAxisValue": 0,
    "IsLock": false,
    "BothActionName": {
      "PKa": [],
      "length": 0
    },
    "IsCheckSameKey": true,
    "CanDisable": false,
    "AllowKeys": [
      "Q",
      "W",
      "E",
      "R",
      "T",
      "Y",
      "U",
      "I",
      "O",
      "P",
      "A",
      "S",
      "D",
      "F",
      "G",
      "H",
      "J",
      "K",
      "L",
      "Z",
      "X",
      "C",
      "V",
      "B",
      "N",
      "M",
      "Zero",
      "One",
      "Two",
      "Three",
      "Four",
      "Five",
      "Six",
      "Seven",
      "Eight",
      "Nine",
      "F1",
      "F2",
      "F3",
      "F4",
      "F5",
      "F6",
      "F7",
      "F8",
      "F9",
      "Tilde",
      "Hyphen",
      "Equals",
      "Tab",
      "CapsLock",
      "LeftShift",
      "LeftControl",
      "LeftBracket",
      "RightBracket",
      "Backslash",
      "Semicolon",
      "Apostrophe",
      "Comma",
      "Period",
      "Slash",
      "Backslash",
      "Enter",
      "RightShift",
      "RightControl",
      "NumPadZero",
      "NumPadOne",
      "NumPadTwo",
      "NumPadThree",
      "NumPadFour",
      "NumPadFive",
      "NumPadSix",
      "NumPadSeven",
      "NumPadEight",
      "NumPadNine",
      "Divide",
      "Multiply",
      "Subtract",
      "Add",
      "ThumbMouseButton",
      "ThumbMouseButton2"
    ],
    "AllowMainKeys": {
      "PKa": [],
      "length": 0
    },
    "AllowSecondKeys": {
      "PKa": [],
      "length": 0
    },
    "DetailTextId": "KeySetting_24_DetailTextId"
  },
  {
    "Id": 25,
    "TypeId": 1,
    "InputControllerType": 1,
    "Name": "KeySetting_25_Name",
    "OpenViewType": 0,
    "ButtonTextId": "",
    "ActionOrAxis": 1,
    "ActionOrAxisName": "任务追踪",
    "CanCombination": false,
    "PcKeyIndex": 0,
    "XBoxKeyIndex": 0,
    "ConnectedKeySettingId": 0,
    "PcAxisValue": 0,
    "XBoxAxisValue": 0,
    "IsLock": false,
    "BothActionName": {
      "PKa": [],
      "length": 0
    },
    "IsCheckSameKey": true,
    "CanDisable": false,
    "AllowKeys": [
      "Q",
      "W",
      "E",
      "R",
      "T",
      "Y",
      "U",
      "I",
      "O",
      "P",
      "A",
      "S",
      "D",
      "F",
      "G",
      "H",
      "J",
      "K",
      "L",
      "Z",
      "X",
      "C",
      "V",
      "B",
      "N",
      "M",
      "Zero",
      "One",
      "Two",
      "Three",
      "Four",
      "Five",
      "Six",
      "Seven",
      "Eight",
      "Nine",
      "F1",
      "F2",
      "F3",
      "F4",
      "F5",
      "F6",
      "F7",
      "F8",
      "F9",
      "Tilde",
      "Hyphen",
      "Equals",
      "Tab",
      "CapsLock",
      "LeftShift",
      "LeftControl",
      "LeftBracket",
      "RightBracket",
      "Backslash",
      "Semicolon",
      "Apostrophe",
      "Comma",
      "Period",
      "Slash",
      "Backslash",
      "Enter",
      "RightShift",
      "RightControl",
      "NumPadZero",
      "NumPadOne",
      "NumPadTwo",
      "NumPadThree",
      "NumPadFour",
      "NumPadFive",
      "NumPadSix",
      "NumPadSeven",
      "NumPadEight",
      "NumPadNine",
      "Divide",
      "Multiply",
      "Subtract",
      "Add",
      "ThumbMouseButton",
      "ThumbMouseButton2"
    ],
    "AllowMainKeys": {
      "PKa": [],
      "length": 0
    },
    "AllowSecondKeys": {
      "PKa": [],
      "length": 0
    },
    "DetailTextId": ""
  },
  {
    "Id": 26,
    "TypeId": 1,
    "InputControllerType": 1,
    "Name": "KeySetting_26_Name",
    "OpenViewType": 0,
    "ButtonTextId": "",
    "ActionOrAxis": 1,
    "ActionOrAxisName": "玩法放弃",
    "CanCombination": false,
    "PcKeyIndex": 0,
    "XBoxKeyIndex": 0,
    "ConnectedKeySettingId": 0,
    "PcAxisValue": 0,
    "XBoxAxisValue": 0,
    "IsLock": false,
    "BothActionName": {
      "PKa": [],
      "length": 0
    },
    "IsCheckSameKey": true,
    "CanDisable": false,
    "AllowKeys": [
      "Q",
      "W",
      "E",
      "R",
      "T",
      "Y",
      "U",
      "I",
      "O",
      "P",
      "A",
      "S",
      "D",
      "F",
      "G",
      "H",
      "J",
      "K",
      "L",
      "Z",
      "X",
      "C",
      "V",
      "B",
      "N",
      "M",
      "Zero",
      "One",
      "Two",
      "Three",
      "Four",
      "Five",
      "Six",
      "Seven",
      "Eight",
      "Nine",
      "F1",
      "F2",
      "F3",
      "F4",
      "F5",
      "F6",
      "F7",
      "F8",
      "F9",
      "Tilde",
      "Hyphen",
      "Equals",
      "Tab",
      "CapsLock",
      "LeftShift",
      "LeftControl",
      "LeftBracket",
      "RightBracket",
      "Backslash",
      "Semicolon",
      "Apostrophe",
      "Comma",
      "Period",
      "Slash",
      "Backslash",
      "Enter",
      "RightShift",
      "RightControl",
      "NumPadZero",
      "NumPadOne",
      "NumPadTwo",
      "NumPadThree",
      "NumPadFour",
      "NumPadFive",
      "NumPadSix",
      "NumPadSeven",
      "NumPadEight",
      "NumPadNine",
      "Divide",
      "Multiply",
      "Subtract",
      "Add",
      "ThumbMouseButton",
      "ThumbMouseButton2"
    ],
    "AllowMainKeys": {
      "PKa": [],
      "length": 0
    },
    "AllowSecondKeys": {
      "PKa": [],
      "length": 0
    },
    "DetailTextId": ""
  },
  {
    "Id": 110,
    "TypeId": 3,
    "InputControllerType": 2,
    "Name": "KeySetting_110_Name",
    "OpenViewType": 0,
    "ButtonTextId": "",
    "ActionOrAxis": 2,
    "ActionOrAxisName": "Ui左摇杆",
    "CanCombination": false,
    "PcKeyIndex": 0,
    "XBoxKeyIndex": 0,
    "ConnectedKeySettingId": 0,
    "PcAxisValue": 0,
    "XBoxAxisValue": 1,
    "IsLock": true,
    "BothActionName": {
      "PKa": [],
      "length": 0
    },
    "IsCheckSameKey": true,
    "CanDisable": false,
    "AllowKeys": {
      "PKa": [],
      "length": 0
    },
    "AllowMainKeys": {
      "PKa": [],
      "length": 0
    },
    "AllowSecondKeys": {
      "PKa": [],
      "length": 0
    },
    "DetailTextId": ""
  },
  {
    "Id": 118,
    "TypeId": 3,
    "InputControllerType": 2,
    "Name": "KeySetting_120_Name",
    "OpenViewType": 0,
    "ButtonTextId": "",
    "ActionOrAxis": 1,
    "ActionOrAxisName": "锁定目标",
    "CanCombination": false,
    "PcKeyIndex": 0,
    "XBoxKeyIndex": 1,
    "ConnectedKeySettingId": 0,
    "PcAxisValue": 0,
    "XBoxAxisValue": 0,
    "IsLock": true,
    "BothActionName": {
      "PKa": [],
      "length": 0
    },
    "IsCheckSameKey": true,
    "CanDisable": false,
    "AllowKeys": {
      "PKa": [],
      "length": 0
    },
    "AllowMainKeys": {
      "PKa": [],
      "length": 0
    },
    "AllowSecondKeys": {
      "PKa": [],
      "length": 0
    },
    "DetailTextId": "KeySetting_120_DetailTextId"
  },
  {
    "Id": 120,
    "TypeId": 3,
    "InputControllerType": 2,
    "Name": "KeySetting_114_Name",
    "OpenViewType": 0,
    "ButtonTextId": "",
    "ActionOrAxis": 1,
    "ActionOrAxisName": "攻击",
    "CanCombination": true,
    "PcKeyIndex": 0,
    "XBoxKeyIndex": 1,
    "ConnectedKeySettingId": 152,
    "PcAxisValue": 0,
    "XBoxAxisValue": 0,
    "IsLock": false,
    "BothActionName": {
      "PKa": [],
      "length": 0
    },
    "IsCheckSameKey": true,
    "CanDisable": false,
    "AllowKeys": [
      "Gamepad_FaceButton_Left",
      "Gamepad_FaceButton_Top",
      "Gamepad_FaceButton_Right",
      "Gamepad_FaceButton_Bottom",
      "Gamepad_RightShoulder",
      "Gamepad_RightTrigger",
      "Gamepad_LeftTrigger",
      "Gamepad_DPad_Up",
      "Gamepad_DPad_Down",
      "Gamepad_DPad_Left",
      "Gamepad_DPad_Right"
    ],
    "AllowMainKeys": [
      "Gamepad_LeftShoulder"
    ],
    "AllowSecondKeys": [
      "Gamepad_FaceButton_Left",
      "Gamepad_FaceButton_Top",
      "Gamepad_FaceButton_Right",
      "Gamepad_FaceButton_Bottom",
      "Gamepad_DPad_Up",
      "Gamepad_DPad_Down",
      "Gamepad_DPad_Left",
      "Gamepad_DPad_Right",
      "Gamepad_RightShoulder"
    ],
    "DetailTextId": ""
  },
  {
    "Id": 122,
    "TypeId": 3,
    "InputControllerType": 2,
    "Name": "KeySetting_122_Name",
    "OpenViewType": 0,
    "ButtonTextId": "",
    "ActionOrAxis": 1,
    "ActionOrAxisName": "闪避",
    "CanCombination": true,
    "PcKeyIndex": 0,
    "XBoxKeyIndex": 2,
    "ConnectedKeySettingId": 0,
    "PcAxisValue": 0,
    "XBoxAxisValue": 0,
    "IsLock": false,
    "BothActionName": {
      "PKa": [],
      "length": 0
    },
    "IsCheckSameKey": true,
    "CanDisable": false,
    "AllowKeys": [
      "Gamepad_FaceButton_Left",
      "Gamepad_FaceButton_Top",
      "Gamepad_FaceButton_Right",
      "Gamepad_FaceButton_Bottom",
      "Gamepad_RightShoulder",
      "Gamepad_RightTrigger",
      "Gamepad_LeftTrigger",
      "Gamepad_DPad_Up",
      "Gamepad_DPad_Down",
      "Gamepad_DPad_Left",
      "Gamepad_DPad_Right"
    ],
    "AllowMainKeys": [
      "Gamepad_LeftShoulder"
    ],
    "AllowSecondKeys": [
      "Gamepad_FaceButton_Left",
      "Gamepad_FaceButton_Top",
      "Gamepad_FaceButton_Right",
      "Gamepad_FaceButton_Bottom",
      "Gamepad_DPad_Up",
      "Gamepad_DPad_Down",
      "Gamepad_DPad_Left",
      "Gamepad_DPad_Right",
      "Gamepad_RightShoulder"
    ],
    "DetailTextId": "KeySetting_122_DetailTextId"
  },
  {
    "Id": 124,
    "TypeId": 3,
    "InputControllerType": 2,
    "Name": "KeySetting_124_Name",
    "OpenViewType": 0,
    "ButtonTextId": "",
    "ActionOrAxis": 1,
    "ActionOrAxisName": "技能1",
    "CanCombination": true,
    "PcKeyIndex": 0,
    "XBoxKeyIndex": 1,
    "ConnectedKeySettingId": 0,
    "PcAxisValue": 0,
    "XBoxAxisValue": 0,
    "IsLock": false,
    "BothActionName": {
      "PKa": [],
      "length": 0
    },
    "IsCheckSameKey": true,
    "CanDisable": false,
    "AllowKeys": [
      "Gamepad_FaceButton_Left",
      "Gamepad_FaceButton_Top",
      "Gamepad_FaceButton_Right",
      "Gamepad_FaceButton_Bottom",
      "Gamepad_RightShoulder",
      "Gamepad_RightTrigger",
      "Gamepad_LeftTrigger",
      "Gamepad_DPad_Up",
      "Gamepad_DPad_Down",
      "Gamepad_DPad_Left",
      "Gamepad_DPad_Right"
    ],
    "AllowMainKeys": [
      "Gamepad_LeftShoulder"
    ],
    "AllowSecondKeys": [
      "Gamepad_FaceButton_Left",
      "Gamepad_FaceButton_Top",
      "Gamepad_FaceButton_Right",
      "Gamepad_FaceButton_Bottom",
      "Gamepad_DPad_Up",
      "Gamepad_DPad_Down",
      "Gamepad_DPad_Left",
      "Gamepad_DPad_Right",
      "Gamepad_RightShoulder"
    ],
    "DetailTextId": ""
  },
  {
    "Id": 126,
    "TypeId": 3,
    "InputControllerType": 2,
    "Name": "KeySetting_126_Name",
    "OpenViewType": 0,
    "ButtonTextId": "",
    "ActionOrAxis": 1,
    "ActionOrAxisName": "大招",
    "CanCombination": true,
    "PcKeyIndex": 0,
    "XBoxKeyIndex": 1,
    "ConnectedKeySettingId": 0,
    "PcAxisValue": 0,
    "XBoxAxisValue": 0,
    "IsLock": false,
    "BothActionName": {
      "PKa": [],
      "length": 0
    },
    "IsCheckSameKey": true,
    "CanDisable": false,
    "AllowKeys": [
      "Gamepad_FaceButton_Left",
      "Gamepad_FaceButton_Top",
      "Gamepad_FaceButton_Right",
      "Gamepad_FaceButton_Bottom",
      "Gamepad_RightShoulder",
      "Gamepad_RightTrigger",
      "Gamepad_LeftTrigger",
      "Gamepad_DPad_Up",
      "Gamepad_DPad_Down",
      "Gamepad_DPad_Left",
      "Gamepad_DPad_Right"
    ],
    "AllowMainKeys": [
      "Gamepad_LeftShoulder"
    ],
    "AllowSecondKeys": [
      "Gamepad_FaceButton_Left",
      "Gamepad_FaceButton_Top",
      "Gamepad_FaceButton_Right",
      "Gamepad_FaceButton_Bottom",
      "Gamepad_DPad_Up",
      "Gamepad_DPad_Down",
      "Gamepad_DPad_Left",
      "Gamepad_DPad_Right",
      "Gamepad_RightShoulder"
    ],
    "DetailTextId": ""
  },
  {
    "Id": 128,
    "TypeId": 3,
    "InputControllerType": 2,
    "Name": "KeySetting_128_Name",
    "OpenViewType": 0,
    "ButtonTextId": "",
    "ActionOrAxis": 1,
    "ActionOrAxisName": "组合主键",
    "CanCombination": false,
    "PcKeyIndex": 0,
    "XBoxKeyIndex": 0,
    "ConnectedKeySettingId": 0,
    "PcAxisValue": 0,
    "XBoxAxisValue": 0,
    "IsLock": true,
    "BothActionName": {
      "PKa": [],
      "length": 0
    },
    "IsCheckSameKey": false,
    "CanDisable": false,
    "AllowKeys": {
      "PKa": [],
      "length": 0
    },
    "AllowMainKeys": {
      "PKa": [],
      "length": 0
    },
    "AllowSecondKeys": {
      "PKa": [],
      "length": 0
    },
    "DetailTextId": "KeySetting_128_DetailTextId"
  },
  {
    "Id": 130,
    "TypeId": 3,
    "InputControllerType": 2,
    "Name": "KeySetting_130_Name",
    "OpenViewType": 0,
    "ButtonTextId": "",
    "ActionOrAxis": 1,
    "ActionOrAxisName": "幻象1",
    "CanCombination": true,
    "PcKeyIndex": 0,
    "XBoxKeyIndex": 1,
    "ConnectedKeySettingId": 0,
    "PcAxisValue": 0,
    "XBoxAxisValue": 0,
    "IsLock": false,
    "BothActionName": {
      "PKa": [],
      "length": 0
    },
    "IsCheckSameKey": true,
    "CanDisable": false,
    "AllowKeys": [
      "Gamepad_FaceButton_Left",
      "Gamepad_FaceButton_Top",
      "Gamepad_FaceButton_Right",
      "Gamepad_FaceButton_Bottom",
      "Gamepad_RightShoulder",
      "Gamepad_RightTrigger",
      "Gamepad_LeftTrigger",
      "Gamepad_DPad_Up",
      "Gamepad_DPad_Down",
      "Gamepad_DPad_Left",
      "Gamepad_DPad_Right"
    ],
    "AllowMainKeys": [
      "Gamepad_LeftShoulder"
    ],
    "AllowSecondKeys": [
      "Gamepad_FaceButton_Left",
      "Gamepad_FaceButton_Top",
      "Gamepad_FaceButton_Right",
      "Gamepad_FaceButton_Bottom",
      "Gamepad_DPad_Up",
      "Gamepad_DPad_Down",
      "Gamepad_DPad_Left",
      "Gamepad_DPad_Right",
      "Gamepad_RightShoulder"
    ],
    "DetailTextId": ""
  },
  {
    "Id": 132,
    "TypeId": 3,
    "InputControllerType": 2,
    "Name": "KeySetting_132_Name",
    "OpenViewType": 0,
    "ButtonTextId": "",
    "ActionOrAxis": 1,
    "ActionOrAxisName": "幻象2",
    "CanCombination": true,
    "PcKeyIndex": 0,
    "XBoxKeyIndex": 1,
    "ConnectedKeySettingId": 0,
    "PcAxisValue": 0,
    "XBoxAxisValue": 0,
    "IsLock": false,
    "BothActionName": {
      "PKa": [],
      "length": 0
    },
    "IsCheckSameKey": true,
    "CanDisable": false,
    "AllowKeys": [
      "Gamepad_FaceButton_Left",
      "Gamepad_FaceButton_Top",
      "Gamepad_FaceButton_Right",
      "Gamepad_FaceButton_Bottom",
      "Gamepad_RightShoulder",
      "Gamepad_RightTrigger",
      "Gamepad_LeftTrigger",
      "Gamepad_DPad_Up",
      "Gamepad_DPad_Down",
      "Gamepad_DPad_Left",
      "Gamepad_DPad_Right"
    ],
    "AllowMainKeys": [
      "Gamepad_LeftShoulder"
    ],
    "AllowSecondKeys": [
      "Gamepad_FaceButton_Left",
      "Gamepad_FaceButton_Top",
      "Gamepad_FaceButton_Right",
      "Gamepad_FaceButton_Bottom",
      "Gamepad_DPad_Up",
      "Gamepad_DPad_Down",
      "Gamepad_DPad_Left",
      "Gamepad_DPad_Right",
      "Gamepad_RightShoulder"
    ],
    "DetailTextId": ""
  },
  {
    "Id": 134,
    "TypeId": 3,
    "InputControllerType": 2,
    "Name": "KeySetting_134_Name",
    "OpenViewType": 0,
    "ButtonTextId": "",
    "ActionOrAxis": 1,
    "ActionOrAxisName": "瞄准",
    "CanCombination": true,
    "PcKeyIndex": 0,
    "XBoxKeyIndex": 1,
    "ConnectedKeySettingId": 0,
    "PcAxisValue": 0,
    "XBoxAxisValue": 0,
    "IsLock": false,
    "BothActionName": {
      "PKa": [],
      "length": 0
    },
    "IsCheckSameKey": true,
    "CanDisable": false,
    "AllowKeys": [
      "Gamepad_FaceButton_Left",
      "Gamepad_FaceButton_Top",
      "Gamepad_FaceButton_Right",
      "Gamepad_FaceButton_Bottom",
      "Gamepad_RightShoulder",
      "Gamepad_RightTrigger",
      "Gamepad_LeftTrigger",
      "Gamepad_DPad_Up",
      "Gamepad_DPad_Down",
      "Gamepad_DPad_Left",
      "Gamepad_DPad_Right"
    ],
    "AllowMainKeys": [
      "Gamepad_LeftShoulder"
    ],
    "AllowSecondKeys": [
      "Gamepad_FaceButton_Left",
      "Gamepad_FaceButton_Top",
      "Gamepad_FaceButton_Right",
      "Gamepad_FaceButton_Bottom",
      "Gamepad_DPad_Up",
      "Gamepad_DPad_Down",
      "Gamepad_DPad_Left",
      "Gamepad_DPad_Right",
      "Gamepad_RightShoulder"
    ],
    "DetailTextId": "KeySetting_134_DetailTextId"
  },
  {
    "Id": 146,
    "TypeId": 3,
    "InputControllerType": 2,
    "Name": "KeySetting_146_Name",
    "OpenViewType": 0,
    "ButtonTextId": "",
    "ActionOrAxis": 1,
    "ActionOrAxisName": "幻象探索选择界面",
    "CanCombination": true,
    "PcKeyIndex": 0,
    "XBoxKeyIndex": 1,
    "ConnectedKeySettingId": 0,
    "PcAxisValue": 0,
    "XBoxAxisValue": 0,
    "IsLock": false,
    "BothActionName": {
      "PKa": [],
      "length": 0
    },
    "IsCheckSameKey": true,
    "CanDisable": false,
    "AllowKeys": [
      "Gamepad_FaceButton_Left",
      "Gamepad_FaceButton_Top",
      "Gamepad_FaceButton_Right",
      "Gamepad_FaceButton_Bottom",
      "Gamepad_RightShoulder",
      "Gamepad_RightTrigger",
      "Gamepad_LeftTrigger",
      "Gamepad_DPad_Up",
      "Gamepad_DPad_Down",
      "Gamepad_DPad_Left",
      "Gamepad_DPad_Right",
      "Gamepad_LeftShoulder"
    ],
    "AllowMainKeys": [
      "Gamepad_LeftShoulder"
    ],
    "AllowSecondKeys": [
      "Gamepad_FaceButton_Left",
      "Gamepad_FaceButton_Top",
      "Gamepad_FaceButton_Right",
      "Gamepad_FaceButton_Bottom",
      "Gamepad_DPad_Up",
      "Gamepad_DPad_Down",
      "Gamepad_DPad_Left",
      "Gamepad_DPad_Right",
      "Gamepad_RightShoulder"
    ],
    "DetailTextId": ""
  },
  {
    "Id": 148,
    "TypeId": 3,
    "InputControllerType": 2,
    "Name": "KeySetting_148_Name",
    "OpenViewType": 0,
    "ButtonTextId": "",
    "ActionOrAxis": 1,
    "ActionOrAxisName": "切换角色1",
    "CanCombination": true,
    "PcKeyIndex": 0,
    "XBoxKeyIndex": 1,
    "ConnectedKeySettingId": 0,
    "PcAxisValue": 0,
    "XBoxAxisValue": 0,
    "IsLock": false,
    "BothActionName": {
      "PKa": [],
      "length": 0
    },
    "IsCheckSameKey": true,
    "CanDisable": false,
    "AllowKeys": [
      "Gamepad_FaceButton_Left",
      "Gamepad_FaceButton_Top",
      "Gamepad_FaceButton_Right",
      "Gamepad_FaceButton_Bottom",
      "Gamepad_RightShoulder",
      "Gamepad_RightTrigger",
      "Gamepad_LeftTrigger",
      "Gamepad_DPad_Up",
      "Gamepad_DPad_Down",
      "Gamepad_DPad_Left",
      "Gamepad_DPad_Right"
    ],
    "AllowMainKeys": [
      "Gamepad_LeftShoulder"
    ],
    "AllowSecondKeys": [
      "Gamepad_FaceButton_Left",
      "Gamepad_FaceButton_Top",
      "Gamepad_FaceButton_Right",
      "Gamepad_FaceButton_Bottom",
      "Gamepad_DPad_Up",
      "Gamepad_DPad_Down",
      "Gamepad_DPad_Left",
      "Gamepad_DPad_Right",
      "Gamepad_RightShoulder"
    ],
    "DetailTextId": ""
  },
  {
    "Id": 149,
    "TypeId": 3,
    "InputControllerType": 2,
    "Name": "KeySetting_149_Name",
    "OpenViewType": 0,
    "ButtonTextId": "",
    "ActionOrAxis": 1,
    "ActionOrAxisName": "切换角色2",
    "CanCombination": true,
    "PcKeyIndex": 0,
    "XBoxKeyIndex": 1,
    "ConnectedKeySettingId": 0,
    "PcAxisValue": 0,
    "XBoxAxisValue": 0,
    "IsLock": false,
    "BothActionName": {
      "PKa": [],
      "length": 0
    },
    "IsCheckSameKey": true,
    "CanDisable": false,
    "AllowKeys": [
      "Gamepad_FaceButton_Left",
      "Gamepad_FaceButton_Top",
      "Gamepad_FaceButton_Right",
      "Gamepad_FaceButton_Bottom",
      "Gamepad_RightShoulder",
      "Gamepad_RightTrigger",
      "Gamepad_LeftTrigger",
      "Gamepad_DPad_Up",
      "Gamepad_DPad_Down",
      "Gamepad_DPad_Left",
      "Gamepad_DPad_Right"
    ],
    "AllowMainKeys": [
      "Gamepad_LeftShoulder"
    ],
    "AllowSecondKeys": [
      "Gamepad_FaceButton_Left",
      "Gamepad_FaceButton_Top",
      "Gamepad_FaceButton_Right",
      "Gamepad_FaceButton_Bottom",
      "Gamepad_DPad_Up",
      "Gamepad_DPad_Down",
      "Gamepad_DPad_Left",
      "Gamepad_DPad_Right",
      "Gamepad_RightShoulder"
    ],
    "DetailTextId": ""
  },
  {
    "Id": 150,
    "TypeId": 3,
    "InputControllerType": 2,
    "Name": "KeySetting_150_Name",
    "OpenViewType": 0,
    "ButtonTextId": "",
    "ActionOrAxis": 1,
    "ActionOrAxisName": "切换角色3",
    "CanCombination": true,
    "PcKeyIndex": 0,
    "XBoxKeyIndex": 1,
    "ConnectedKeySettingId": 0,
    "PcAxisValue": 0,
    "XBoxAxisValue": 0,
    "IsLock": false,
    "BothActionName": {
      "PKa": [],
      "length": 0
    },
    "IsCheckSameKey": true,
    "CanDisable": false,
    "AllowKeys": [
      "Gamepad_FaceButton_Left",
      "Gamepad_FaceButton_Top",
      "Gamepad_FaceButton_Right",
      "Gamepad_FaceButton_Bottom",
      "Gamepad_RightShoulder",
      "Gamepad_RightTrigger",
      "Gamepad_LeftTrigger",
      "Gamepad_DPad_Up",
      "Gamepad_DPad_Down",
      "Gamepad_DPad_Left",
      "Gamepad_DPad_Right"
    ],
    "AllowMainKeys": [
      "Gamepad_LeftShoulder"
    ],
    "AllowSecondKeys": [
      "Gamepad_FaceButton_Left",
      "Gamepad_FaceButton_Top",
      "Gamepad_FaceButton_Right",
      "Gamepad_FaceButton_Bottom",
      "Gamepad_DPad_Up",
      "Gamepad_DPad_Down",
      "Gamepad_DPad_Left",
      "Gamepad_DPad_Right",
      "Gamepad_RightShoulder"
    ],
    "DetailTextId": ""
  },
  {
    "Id": 151,
    "TypeId": 3,
    "InputControllerType": 2,
    "Name": "KeySetting_151_Name",
    "OpenViewType": 0,
    "ButtonTextId": "",
    "ActionOrAxis": 1,
    "ActionOrAxisName": "切换角色4",
    "CanCombination": true,
    "PcKeyIndex": 0,
    "XBoxKeyIndex": 0,
    "ConnectedKeySettingId": 0,
    "PcAxisValue": 0,
    "XBoxAxisValue": 0,
    "IsLock": false,
    "BothActionName": {
      "PKa": [],
      "length": 0
    },
    "IsCheckSameKey": true,
    "CanDisable": false,
    "AllowKeys": [
      "Gamepad_FaceButton_Left",
      "Gamepad_FaceButton_Top",
      "Gamepad_FaceButton_Right",
      "Gamepad_FaceButton_Bottom",
      "Gamepad_RightShoulder",
      "Gamepad_RightTrigger",
      "Gamepad_LeftTrigger",
      "Gamepad_DPad_Up",
      "Gamepad_DPad_Down",
      "Gamepad_DPad_Left",
      "Gamepad_DPad_Right"
    ],
    "AllowMainKeys": [
      "Gamepad_LeftShoulder"
    ],
    "AllowSecondKeys": [
      "Gamepad_FaceButton_Left",
      "Gamepad_FaceButton_Top",
      "Gamepad_FaceButton_Right",
      "Gamepad_FaceButton_Bottom",
      "Gamepad_DPad_Up",
      "Gamepad_DPad_Down",
      "Gamepad_DPad_Left",
      "Gamepad_DPad_Right",
      "Gamepad_RightShoulder"
    ],
    "DetailTextId": "KeySetting_151_DetailTextId"
  },
  {
    "Id": 156,
    "TypeId": 3,
    "InputControllerType": 2,
    "Name": "KeySetting_156_Name",
    "OpenViewType": 0,
    "ButtonTextId": "",
    "ActionOrAxis": 1,
    "ActionOrAxisName": "任务追踪",
    "CanCombination": false,
    "PcKeyIndex": 0,
    "XBoxKeyIndex": 0,
    "ConnectedKeySettingId": 0,
    "PcAxisValue": 0,
    "XBoxAxisValue": 0,
    "IsLock": true,
    "BothActionName": {
      "PKa": [],
      "length": 0
    },
    "IsCheckSameKey": true,
    "CanDisable": false,
    "AllowKeys": {
      "PKa": [],
      "length": 0
    },
    "AllowMainKeys": {
      "PKa": [],
      "length": 0
    },
    "AllowSecondKeys": {
      "PKa": [],
      "length": 0
    },
    "DetailTextId": ""
  },
  {
    "Id": 200,
    "TypeId": 4,
    "InputControllerType": 1,
    "Name": "KeySetting_200_Name",
    "OpenViewType": 0,
    "ButtonTextId": "",
    "ActionOrAxis": 1,
    "ActionOrAxisName": "邮件",
    "CanCombination": false,
    "PcKeyIndex": 0,
    "XBoxKeyIndex": 0,
    "ConnectedKeySettingId": 0,
    "PcAxisValue": 0,
    "XBoxAxisValue": 0,
    "IsLock": false,
    "BothActionName": {
      "PKa": [],
      "length": 0
    },
    "IsCheckSameKey": true,
    "CanDisable": false,
    "AllowKeys": [
      "Q",
      "W",
      "E",
      "R",
      "T",
      "Y",
      "U",
      "I",
      "O",
      "P",
      "A",
      "S",
      "D",
      "F",
      "G",
      "H",
      "J",
      "K",
      "L",
      "Z",
      "X",
      "C",
      "V",
      "B",
      "N",
      "M",
      "Zero",
      "One",
      "Two",
      "Three",
      "Four",
      "Five",
      "Six",
      "Seven",
      "Eight",
      "Nine",
      "F1",
      "F2",
      "F3",
      "F4",
      "F5",
      "F6",
      "F7",
      "F8",
      "F9",
      "Tilde",
      "Hyphen",
      "Equals",
      "Tab",
      "CapsLock",
      "LeftShift",
      "LeftControl",
      "LeftBracket",
      "RightBracket",
      "Backslash",
      "Semicolon",
      "Apostrophe",
      "Comma",
      "Period",
      "Slash",
      "Backslash",
      "Enter",
      "RightShift",
      "RightControl",
      "NumPadZero",
      "NumPadOne",
      "NumPadTwo",
      "NumPadThree",
      "NumPadFour",
      "NumPadFive",
      "NumPadSix",
      "NumPadSeven",
      "NumPadEight",
      "NumPadNine",
      "Divide",
      "Multiply",
      "Subtract",
      "Add",
      "ThumbMouseButton",
      "ThumbMouseButton2"
    ],
    "AllowMainKeys": {
      "PKa": [],
      "length": 0
    },
    "AllowSecondKeys": {
      "PKa": [],
      "length": 0
    },
    "DetailTextId": ""
  },
  {
    "Id": 201,
    "TypeId": 4,
    "InputControllerType": 1,
    "Name": "KeySetting_201_Name",
    "OpenViewType": 0,
    "ButtonTextId": "",
    "ActionOrAxis": 1,
    "ActionOrAxisName": "地图",
    "CanCombination": false,
    "PcKeyIndex": 0,
    "XBoxKeyIndex": 0,
    "ConnectedKeySettingId": 0,
    "PcAxisValue": 0,
    "XBoxAxisValue": 0,
    "IsLock": false,
    "BothActionName": {
      "PKa": [],
      "length": 0
    },
    "IsCheckSameKey": true,
    "CanDisable": false,
    "AllowKeys": [
      "Q",
      "W",
      "E",
      "R",
      "T",
      "Y",
      "U",
      "I",
      "O",
      "P",
      "A",
      "S",
      "D",
      "F",
      "G",
      "H",
      "J",
      "K",
      "L",
      "Z",
      "X",
      "C",
      "V",
      "B",
      "N",
      "M",
      "Zero",
      "One",
      "Two",
      "Three",
      "Four",
      "Five",
      "Six",
      "Seven",
      "Eight",
      "Nine",
      "F1",
      "F2",
      "F3",
      "F4",
      "F5",
      "F6",
      "F7",
      "F8",
      "F9",
      "Tilde",
      "Hyphen",
      "Equals",
      "Tab",
      "CapsLock",
      "LeftShift",
      "LeftControl",
      "LeftBracket",
      "RightBracket",
      "Backslash",
      "Semicolon",
      "Apostrophe",
      "Comma",
      "Period",
      "Slash",
      "Backslash",
      "Enter",
      "RightShift",
      "RightControl",
      "NumPadZero",
      "NumPadOne",
      "NumPadTwo",
      "NumPadThree",
      "NumPadFour",
      "NumPadFive",
      "NumPadSix",
      "NumPadSeven",
      "NumPadEight",
      "NumPadNine",
      "Divide",
      "Multiply",
      "Subtract",
      "Add",
      "ThumbMouseButton",
      "ThumbMouseButton2"
    ],
    "AllowMainKeys": {
      "PKa": [],
      "length": 0
    },
    "AllowSecondKeys": {
      "PKa": [],
      "length": 0
    },
    "DetailTextId": ""
  },
  {
    "Id": 203,
    "TypeId": 4,
    "InputControllerType": 1,
    "Name": "KeySetting_202_Name",
    "OpenViewType": 0,
    "ButtonTextId": "",
    "ActionOrAxis": 1,
    "ActionOrAxisName": "任务",
    "CanCombination": false,
    "PcKeyIndex": 0,
    "XBoxKeyIndex": 0,
    "ConnectedKeySettingId": 0,
    "PcAxisValue": 0,
    "XBoxAxisValue": 0,
    "IsLock": false,
    "BothActionName": {
      "PKa": [],
      "length": 0
    },
    "IsCheckSameKey": true,
    "CanDisable": false,
    "AllowKeys": [
      "Q",
      "W",
      "E",
      "R",
      "T",
      "Y",
      "U",
      "I",
      "O",
      "P",
      "A",
      "S",
      "D",
      "F",
      "G",
      "H",
      "J",
      "K",
      "L",
      "Z",
      "X",
      "C",
      "V",
      "B",
      "N",
      "M",
      "Zero",
      "One",
      "Two",
      "Three",
      "Four",
      "Five",
      "Six",
      "Seven",
      "Eight",
      "Nine",
      "F1",
      "F2",
      "F3",
      "F4",
      "F5",
      "F6",
      "F7",
      "F8",
      "F9",
      "Tilde",
      "Hyphen",
      "Equals",
      "Tab",
      "CapsLock",
      "LeftShift",
      "LeftControl",
      "LeftBracket",
      "RightBracket",
      "Backslash",
      "Semicolon",
      "Apostrophe",
      "Comma",
      "Period",
      "Slash",
      "Backslash",
      "Enter",
      "RightShift",
      "RightControl",
      "NumPadZero",
      "NumPadOne",
      "NumPadTwo",
      "NumPadThree",
      "NumPadFour",
      "NumPadFive",
      "NumPadSix",
      "NumPadSeven",
      "NumPadEight",
      "NumPadNine",
      "Divide",
      "Multiply",
      "Subtract",
      "Add",
      "ThumbMouseButton",
      "ThumbMouseButton2"
    ],
    "AllowMainKeys": {
      "PKa": [],
      "length": 0
    },
    "AllowSecondKeys": {
      "PKa": [],
      "length": 0
    },
    "DetailTextId": ""
  },
  {
    "Id": 204,
    "TypeId": 4,
    "InputControllerType": 0,
    "Name": "KeySetting_203_Name",
    "OpenViewType": 0,
    "ButtonTextId": "",
    "ActionOrAxis": 1,
    "ActionOrAxisName": "功能菜单",
    "CanCombination": false,
    "PcKeyIndex": 0,
    "XBoxKeyIndex": 1,
    "ConnectedKeySettingId": 0,
    "PcAxisValue": 0,
    "XBoxAxisValue": 0,
    "IsLock": true,
    "BothActionName": {
      "PKa": [],
      "length": 0
    },
    "IsCheckSameKey": true,
    "CanDisable": false,
    "AllowKeys": {
      "PKa": [],
      "length": 0
    },
    "AllowMainKeys": {
      "PKa": [],
      "length": 0
    },
    "AllowSecondKeys": {
      "PKa": [],
      "length": 0
    },
    "DetailTextId": ""
  },
  {
    "Id": 205,
    "TypeId": 4,
    "InputControllerType": 1,
    "Name": "KeySetting_204_Name",
    "OpenViewType": 0,
    "ButtonTextId": "",
    "ActionOrAxis": 1,
    "ActionOrAxisName": "编队",
    "CanCombination": false,
    "PcKeyIndex": 0,
    "XBoxKeyIndex": 0,
    "ConnectedKeySettingId": 0,
    "PcAxisValue": 0,
    "XBoxAxisValue": 0,
    "IsLock": false,
    "BothActionName": {
      "PKa": [],
      "length": 0
    },
    "IsCheckSameKey": true,
    "CanDisable": false,
    "AllowKeys": [
      "Q",
      "W",
      "E",
      "R",
      "T",
      "Y",
      "U",
      "I",
      "O",
      "P",
      "A",
      "S",
      "D",
      "F",
      "G",
      "H",
      "J",
      "K",
      "L",
      "Z",
      "X",
      "C",
      "V",
      "B",
      "N",
      "M",
      "Zero",
      "One",
      "Two",
      "Three",
      "Four",
      "Five",
      "Six",
      "Seven",
      "Eight",
      "Nine",
      "F1",
      "F2",
      "F3",
      "F4",
      "F5",
      "F6",
      "F7",
      "F8",
      "F9",
      "Tilde",
      "Hyphen",
      "Equals",
      "Tab",
      "CapsLock",
      "LeftShift",
      "LeftControl",
      "LeftBracket",
      "RightBracket",
      "Backslash",
      "Semicolon",
      "Apostrophe",
      "Comma",
      "Period",
      "Slash",
      "Backslash",
      "Enter",
      "RightShift",
      "RightControl",
      "NumPadZero",
      "NumPadOne",
      "NumPadTwo",
      "NumPadThree",
      "NumPadFour",
      "NumPadFive",
      "NumPadSix",
      "NumPadSeven",
      "NumPadEight",
      "NumPadNine",
      "Divide",
      "Multiply",
      "Subtract",
      "Add",
      "ThumbMouseButton",
      "ThumbMouseButton2"
    ],
    "AllowMainKeys": {
      "PKa": [],
      "length": 0
    },
    "AllowSecondKeys": {
      "PKa": [],
      "length": 0
    },
    "DetailTextId": ""
  },
  {
    "Id": 206,
    "TypeId": 4,
    "InputControllerType": 1,
    "Name": "KeySetting_205_Name",
    "OpenViewType": 0,
    "ButtonTextId": "",
    "ActionOrAxis": 1,
    "ActionOrAxisName": "背包",
    "CanCombination": false,
    "PcKeyIndex": 0,
    "XBoxKeyIndex": 0,
    "ConnectedKeySettingId": 0,
    "PcAxisValue": 0,
    "XBoxAxisValue": 0,
    "IsLock": false,
    "BothActionName": {
      "PKa": [],
      "length": 0
    },
    "IsCheckSameKey": true,
    "CanDisable": false,
    "AllowKeys": [
      "Q",
      "W",
      "E",
      "R",
      "T",
      "Y",
      "U",
      "I",
      "O",
      "P",
      "A",
      "S",
      "D",
      "F",
      "G",
      "H",
      "J",
      "K",
      "L",
      "Z",
      "X",
      "C",
      "V",
      "B",
      "N",
      "M",
      "Zero",
      "One",
      "Two",
      "Three",
      "Four",
      "Five",
      "Six",
      "Seven",
      "Eight",
      "Nine",
      "F1",
      "F2",
      "F3",
      "F4",
      "F5",
      "F6",
      "F7",
      "F8",
      "F9",
      "Tilde",
      "Hyphen",
      "Equals",
      "Tab",
      "CapsLock",
      "LeftShift",
      "LeftControl",
      "LeftBracket",
      "RightBracket",
      "Backslash",
      "Semicolon",
      "Apostrophe",
      "Comma",
      "Period",
      "Slash",
      "Backslash",
      "Enter",
      "RightShift",
      "RightControl",
      "NumPadZero",
      "NumPadOne",
      "NumPadTwo",
      "NumPadThree",
      "NumPadFour",
      "NumPadFive",
      "NumPadSix",
      "NumPadSeven",
      "NumPadEight",
      "NumPadNine",
      "Divide",
      "Multiply",
      "Subtract",
      "Add",
      "ThumbMouseButton",
      "ThumbMouseButton2"
    ],
    "AllowMainKeys": {
      "PKa": [],
      "length": 0
    },
    "AllowSecondKeys": {
      "PKa": [],
      "length": 0
    },
    "DetailTextId": ""
  },
  {
    "Id": 208,
    "TypeId": 4,
    "InputControllerType": 1,
    "Name": "KeySetting_208_Name",
    "OpenViewType": 0,
    "ButtonTextId": "",
    "ActionOrAxis": 1,
    "ActionOrAxisName": "幻象列表界面",
    "CanCombination": false,
    "PcKeyIndex": 0,
    "XBoxKeyIndex": 0,
    "ConnectedKeySettingId": 0,
    "PcAxisValue": 0,
    "XBoxAxisValue": 0,
    "IsLock": false,
    "BothActionName": {
      "PKa": [],
      "length": 0
    },
    "IsCheckSameKey": true,
    "CanDisable": false,
    "AllowKeys": [
      "Q",
      "W",
      "E",
      "R",
      "T",
      "Y",
      "U",
      "I",
      "O",
      "P",
      "A",
      "S",
      "D",
      "F",
      "G",
      "H",
      "J",
      "K",
      "L",
      "Z",
      "X",
      "C",
      "V",
      "B",
      "N",
      "M",
      "Zero",
      "One",
      "Two",
      "Three",
      "Four",
      "Five",
      "Six",
      "Seven",
      "Eight",
      "Nine",
      "F1",
      "F2",
      "F3",
      "F4",
      "F5",
      "F6",
      "F7",
      "F8",
      "F9",
      "Tilde",
      "Hyphen",
      "Equals",
      "Tab",
      "CapsLock",
      "LeftShift",
      "LeftControl",
      "LeftBracket",
      "RightBracket",
      "Backslash",
      "Semicolon",
      "Apostrophe",
      "Comma",
      "Period",
      "Slash",
      "Backslash",
      "Enter",
      "RightShift",
      "RightControl",
      "NumPadZero",
      "NumPadOne",
      "NumPadTwo",
      "NumPadThree",
      "NumPadFour",
      "NumPadFive",
      "NumPadSix",
      "NumPadSeven",
      "NumPadEight",
      "NumPadNine",
      "Divide",
      "Multiply",
      "Subtract",
      "Add",
      "ThumbMouseButton",
      "ThumbMouseButton2"
    ],
    "AllowMainKeys": {
      "PKa": [],
      "length": 0
    },
    "AllowSecondKeys": {
      "PKa": [],
      "length": 0
    },
    "DetailTextId": ""
  },
  {
    "Id": 209,
    "TypeId": 4,
    "InputControllerType": 1,
    "Name": "KeySetting_209_Name",
    "OpenViewType": 0,
    "ButtonTextId": "",
    "ActionOrAxis": 1,
    "ActionOrAxisName": "教程",
    "CanCombination": false,
    "PcKeyIndex": 0,
    "XBoxKeyIndex": 0,
    "ConnectedKeySettingId": 0,
    "PcAxisValue": 0,
    "XBoxAxisValue": 0,
    "IsLock": false,
    "BothActionName": {
      "PKa": [],
      "length": 0
    },
    "IsCheckSameKey": true,
    "CanDisable": false,
    "AllowKeys": [
      "Q",
      "W",
      "E",
      "R",
      "T",
      "Y",
      "U",
      "I",
      "O",
      "P",
      "A",
      "S",
      "D",
      "F",
      "G",
      "H",
      "J",
      "K",
      "L",
      "Z",
      "X",
      "C",
      "V",
      "B",
      "N",
      "M",
      "Zero",
      "One",
      "Two",
      "Three",
      "Four",
      "Five",
      "Six",
      "Seven",
      "Eight",
      "Nine",
      "F1",
      "F2",
      "F3",
      "F4",
      "F5",
      "F6",
      "F7",
      "F8",
      "F9",
      "Tilde",
      "Hyphen",
      "Equals",
      "Tab",
      "CapsLock",
      "LeftShift",
      "LeftControl",
      "LeftBracket",
      "RightBracket",
      "Backslash",
      "Semicolon",
      "Apostrophe",
      "Comma",
      "Period",
      "Slash",
      "Backslash",
      "Enter",
      "RightShift",
      "RightControl",
      "NumPadZero",
      "NumPadOne",
      "NumPadTwo",
      "NumPadThree",
      "NumPadFour",
      "NumPadFive",
      "NumPadSix",
      "NumPadSeven",
      "NumPadEight",
      "NumPadNine",
      "Divide",
      "Multiply",
      "Subtract",
      "Add",
      "ThumbMouseButton",
      "ThumbMouseButton2"
    ],
    "AllowMainKeys": {
      "PKa": [],
      "length": 0
    },
    "AllowSecondKeys": {
      "PKa": [],
      "length": 0
    },
    "DetailTextId": ""
  },
  {
    "Id": 210,
    "TypeId": 4,
    "InputControllerType": 1,
    "Name": "KeySetting_210_Name",
    "OpenViewType": 0,
    "ButtonTextId": "",
    "ActionOrAxis": 1,
    "ActionOrAxisName": "显示鼠标",
    "CanCombination": false,
    "PcKeyIndex": 0,
    "XBoxKeyIndex": 0,
    "ConnectedKeySettingId": 0,
    "PcAxisValue": 0,
    "XBoxAxisValue": 0,
    "IsLock": true,
    "BothActionName": {
      "PKa": [],
      "length": 0
    },
    "IsCheckSameKey": true,
    "CanDisable": false,
    "AllowKeys": {
      "PKa": [],
      "length": 0
    },
    "AllowMainKeys": {
      "PKa": [],
      "length": 0
    },
    "AllowSecondKeys": {
      "PKa": [],
      "length": 0
    },
    "DetailTextId": ""
  },
  {
    "Id": 211,
    "TypeId": 4,
    "InputControllerType": 1,
    "Name": "KeySetting_211_Name",
    "OpenViewType": 0,
    "ButtonTextId": "",
    "ActionOrAxis": 1,
    "ActionOrAxisName": "聊天",
    "CanCombination": false,
    "PcKeyIndex": 0,
    "XBoxKeyIndex": 0,
    "ConnectedKeySettingId": 0,
    "PcAxisValue": 0,
    "XBoxAxisValue": 0,
    "IsLock": false,
    "BothActionName": {
      "PKa": [],
      "length": 0
    },
    "IsCheckSameKey": true,
    "CanDisable": false,
    "AllowKeys": [
      "Q",
      "W",
      "E",
      "R",
      "T",
      "Y",
      "U",
      "I",
      "O",
      "P",
      "A",
      "S",
      "D",
      "F",
      "G",
      "H",
      "J",
      "K",
      "L",
      "Z",
      "X",
      "C",
      "V",
      "B",
      "N",
      "M",
      "Zero",
      "One",
      "Two",
      "Three",
      "Four",
      "Five",
      "Six",
      "Seven",
      "Eight",
      "Nine",
      "F1",
      "F2",
      "F3",
      "F4",
      "F5",
      "F6",
      "F7",
      "F8",
      "F9",
      "Tilde",
      "Hyphen",
      "Equals",
      "Tab",
      "CapsLock",
      "LeftShift",
      "LeftControl",
      "LeftBracket",
      "RightBracket",
      "Backslash",
      "Semicolon",
      "Apostrophe",
      "Comma",
      "Period",
      "Slash",
      "Backslash",
      "Enter",
      "RightShift",
      "RightControl",
      "NumPadZero",
      "NumPadOne",
      "NumPadTwo",
      "NumPadThree",
      "NumPadFour",
      "NumPadFive",
      "NumPadSix",
      "NumPadSeven",
      "NumPadEight",
      "NumPadNine",
      "Divide",
      "Multiply",
      "Subtract",
      "Add",
      "ThumbMouseButton",
      "ThumbMouseButton2"
    ],
    "AllowMainKeys": {
      "PKa": [],
      "length": 0
    },
    "AllowSecondKeys": {
      "PKa": [],
      "length": 0
    },
    "DetailTextId": ""
  },
  {
    "Id": 212,
    "TypeId": 4,
    "InputControllerType": 1,
    "Name": "KeySetting_212_Name",
    "OpenViewType": 0,
    "ButtonTextId": "",
    "ActionOrAxis": 1,
    "ActionOrAxisName": "小活动",
    "CanCombination": false,
    "PcKeyIndex": 0,
    "XBoxKeyIndex": 0,
    "ConnectedKeySettingId": 0,
    "PcAxisValue": 0,
    "XBoxAxisValue": 0,
    "IsLock": false,
    "BothActionName": {
      "PKa": [],
      "length": 0
    },
    "IsCheckSameKey": true,
    "CanDisable": false,
    "AllowKeys": [
      "Q",
      "W",
      "E",
      "R",
      "T",
      "Y",
      "U",
      "I",
      "O",
      "P",
      "A",
      "S",
      "D",
      "F",
      "G",
      "H",
      "J",
      "K",
      "L",
      "Z",
      "X",
      "C",
      "V",
      "B",
      "N",
      "M",
      "Zero",
      "One",
      "Two",
      "Three",
      "Four",
      "Five",
      "Six",
      "Seven",
      "Eight",
      "Nine",
      "F1",
      "F2",
      "F3",
      "F4",
      "F5",
      "F6",
      "F7",
      "F8",
      "F9",
      "Tilde",
      "Hyphen",
      "Equals",
      "Tab",
      "CapsLock",
      "LeftShift",
      "LeftControl",
      "LeftBracket",
      "RightBracket",
      "Backslash",
      "Semicolon",
      "Apostrophe",
      "Comma",
      "Period",
      "Slash",
      "Backslash",
      "Enter",
      "RightShift",
      "RightControl",
      "NumPadZero",
      "NumPadOne",
      "NumPadTwo",
      "NumPadThree",
      "NumPadFour",
      "NumPadFive",
      "NumPadSix",
      "NumPadSeven",
      "NumPadEight",
      "NumPadNine",
      "Divide",
      "Multiply",
      "Subtract",
      "Add",
      "ThumbMouseButton",
      "ThumbMouseButton2"
    ],
    "AllowMainKeys": {
      "PKa": [],
      "length": 0
    },
    "AllowSecondKeys": {
      "PKa": [],
      "length": 0
    },
    "DetailTextId": ""
  },
  {
    "Id": 213,
    "TypeId": 4,
    "InputControllerType": 1,
    "Name": "KeySetting_213_Name",
    "OpenViewType": 0,
    "ButtonTextId": "",
    "ActionOrAxis": 1,
    "ActionOrAxisName": "拾音辑录",
    "CanCombination": false,
    "PcKeyIndex": 0,
    "XBoxKeyIndex": 0,
    "ConnectedKeySettingId": 0,
    "PcAxisValue": 0,
    "XBoxAxisValue": 0,
    "IsLock": false,
    "BothActionName": {
      "PKa": [],
      "length": 0
    },
    "IsCheckSameKey": true,
    "CanDisable": false,
    "AllowKeys": [
      "Q",
      "W",
      "E",
      "R",
      "T",
      "Y",
      "U",
      "I",
      "O",
      "P",
      "A",
      "S",
      "D",
      "F",
      "G",
      "H",
      "J",
      "K",
      "L",
      "Z",
      "X",
      "C",
      "V",
      "B",
      "N",
      "M",
      "Zero",
      "One",
      "Two",
      "Three",
      "Four",
      "Five",
      "Six",
      "Seven",
      "Eight",
      "Nine",
      "F1",
      "F2",
      "F3",
      "F4",
      "F5",
      "F6",
      "F7",
      "F8",
      "F9",
      "Tilde",
      "Hyphen",
      "Equals",
      "Tab",
      "CapsLock",
      "LeftShift",
      "LeftControl",
      "LeftBracket",
      "RightBracket",
      "Backslash",
      "Semicolon",
      "Apostrophe",
      "Comma",
      "Period",
      "Slash",
      "Backslash",
      "Enter",
      "RightShift",
      "RightControl",
      "NumPadZero",
      "NumPadOne",
      "NumPadTwo",
      "NumPadThree",
      "NumPadFour",
      "NumPadFive",
      "NumPadSix",
      "NumPadSeven",
      "NumPadEight",
      "NumPadNine",
      "Divide",
      "Multiply",
      "Subtract",
      "Add",
      "ThumbMouseButton",
      "ThumbMouseButton2"
    ],
    "AllowMainKeys": {
      "PKa": [],
      "length": 0
    },
    "AllowSecondKeys": {
      "PKa": [],
      "length": 0
    },
    "DetailTextId": ""
  },
  {
    "Id": 214,
    "TypeId": 4,
    "InputControllerType": 1,
    "Name": "KeySetting_214_Name",
    "OpenViewType": 0,
    "ButtonTextId": "",
    "ActionOrAxis": 1,
    "ActionOrAxisName": "调谐",
    "CanCombination": false,
    "PcKeyIndex": 0,
    "XBoxKeyIndex": 0,
    "ConnectedKeySettingId": 0,
    "PcAxisValue": 0,
    "XBoxAxisValue": 0,
    "IsLock": false,
    "BothActionName": {
      "PKa": [],
      "length": 0
    },
    "IsCheckSameKey": true,
    "CanDisable": false,
    "AllowKeys": [
      "Q",
      "W",
      "E",
      "R",
      "T",
      "Y",
      "U",
      "I",
      "O",
      "P",
      "A",
      "S",
      "D",
      "F",
      "G",
      "H",
      "J",
      "K",
      "L",
      "Z",
      "X",
      "C",
      "V",
      "B",
      "N",
      "M",
      "Zero",
      "One",
      "Two",
      "Three",
      "Four",
      "Five",
      "Six",
      "Seven",
      "Eight",
      "Nine",
      "F1",
      "F2",
      "F3",
      "F4",
      "F5",
      "F6",
      "F7",
      "F8",
      "F9",
      "Tilde",
      "Hyphen",
      "Equals",
      "Tab",
      "CapsLock",
      "LeftShift",
      "LeftControl",
      "LeftBracket",
      "RightBracket",
      "Backslash",
      "Semicolon",
      "Apostrophe",
      "Comma",
      "Period",
      "Slash",
      "Backslash",
      "Enter",
      "RightShift",
      "RightControl",
      "NumPadZero",
      "NumPadOne",
      "NumPadTwo",
      "NumPadThree",
      "NumPadFour",
      "NumPadFive",
      "NumPadSix",
      "NumPadSeven",
      "NumPadEight",
      "NumPadNine",
      "Divide",
      "Multiply",
      "Subtract",
      "Add",
      "ThumbMouseButton",
      "ThumbMouseButton2"
    ],
    "AllowMainKeys": {
      "PKa": [],
      "length": 0
    },
    "AllowSecondKeys": {
      "PKa": [],
      "length": 0
    },
    "DetailTextId": ""
  },
  {
    "Id": 215,
    "TypeId": 4,
    "InputControllerType": 1,
    "Name": "KeySetting_215_Name",
    "OpenViewType": 0,
    "ButtonTextId": "",
    "ActionOrAxis": 1,
    "ActionOrAxisName": "变星",
    "CanCombination": false,
    "PcKeyIndex": 0,
    "XBoxKeyIndex": 0,
    "ConnectedKeySettingId": 0,
    "PcAxisValue": 0,
    "XBoxAxisValue": 0,
    "IsLock": false,
    "BothActionName": {
      "PKa": [],
      "length": 0
    },
    "IsCheckSameKey": true,
    "CanDisable": false,
    "AllowKeys": [
      "Q",
      "W",
      "E",
      "R",
      "T",
      "Y",
      "U",
      "I",
      "O",
      "P",
      "A",
      "S",
      "D",
      "F",
      "G",
      "H",
      "J",
      "K",
      "L",
      "Z",
      "X",
      "C",
      "V",
      "B",
      "N",
      "M",
      "Zero",
      "One",
      "Two",
      "Three",
      "Four",
      "Five",
      "Six",
      "Seven",
      "Eight",
      "Nine",
      "F1",
      "F2",
      "F3",
      "F4",
      "F5",
      "F6",
      "F7",
      "F8",
      "F9",
      "Tilde",
      "Hyphen",
      "Equals",
      "Tab",
      "CapsLock",
      "LeftShift",
      "LeftControl",
      "LeftBracket",
      "RightBracket",
      "Backslash",
      "Semicolon",
      "Apostrophe",
      "Comma",
      "Period",
      "Slash",
      "Backslash",
      "Enter",
      "RightShift",
      "RightControl",
      "NumPadZero",
      "NumPadOne",
      "NumPadTwo",
      "NumPadThree",
      "NumPadFour",
      "NumPadFive",
      "NumPadSix",
      "NumPadSeven",
      "NumPadEight",
      "NumPadNine",
      "Divide",
      "Multiply",
      "Subtract",
      "Add",
      "ThumbMouseButton",
      "ThumbMouseButton2"
    ],
    "AllowMainKeys": {
      "PKa": [],
      "length": 0
    },
    "AllowSecondKeys": {
      "PKa": [],
      "length": 0
    },
    "DetailTextId": ""
  },
  {
    "Id": 216,
    "TypeId": 4,
    "InputControllerType": 1,
    "Name": "KeySetting_216_Name",
    "OpenViewType": 0,
    "ButtonTextId": "",
    "ActionOrAxis": 1,
    "ActionOrAxisName": "联机",
    "CanCombination": false,
    "PcKeyIndex": 0,
    "XBoxKeyIndex": 0,
    "ConnectedKeySettingId": 0,
    "PcAxisValue": 0,
    "XBoxAxisValue": 0,
    "IsLock": false,
    "BothActionName": {
      "PKa": [],
      "length": 0
    },
    "IsCheckSameKey": true,
    "CanDisable": false,
    "AllowKeys": [
      "Q",
      "W",
      "E",
      "R",
      "T",
      "Y",
      "U",
      "I",
      "O",
      "P",
      "A",
      "S",
      "D",
      "F",
      "G",
      "H",
      "J",
      "K",
      "L",
      "Z",
      "X",
      "C",
      "V",
      "B",
      "N",
      "M",
      "Zero",
      "One",
      "Two",
      "Three",
      "Four",
      "Five",
      "Six",
      "Seven",
      "Eight",
      "Nine",
      "F1",
      "F2",
      "F3",
      "F4",
      "F5",
      "F6",
      "F7",
      "F8",
      "F9",
      "Tilde",
      "Hyphen",
      "Equals",
      "Tab",
      "CapsLock",
      "LeftShift",
      "LeftControl",
      "LeftBracket",
      "RightBracket",
      "Backslash",
      "Semicolon",
      "Apostrophe",
      "Comma",
      "Period",
      "Slash",
      "Backslash",
      "Enter",
      "RightShift",
      "RightControl",
      "NumPadZero",
      "NumPadOne",
      "NumPadTwo",
      "NumPadThree",
      "NumPadFour",
      "NumPadFive",
      "NumPadSix",
      "NumPadSeven",
      "NumPadEight",
      "NumPadNine",
      "Divide",
      "Multiply",
      "Subtract",
      "Add",
      "ThumbMouseButton",
      "ThumbMouseButton2"
    ],
    "AllowMainKeys": {
      "PKa": [],
      "length": 0
    },
    "AllowSecondKeys": {
      "PKa": [],
      "length": 0
    },
    "DetailTextId": ""
  },
  {
    "Id": 207,
    "TypeId": 4,
    "InputControllerType": 1,
    "Name": "KeySetting_206_Name",
    "OpenViewType": 0,
    "ButtonTextId": "",
    "ActionOrAxis": 1,
    "ActionOrAxisName": "角色选择界面",
    "CanCombination": false,
    "PcKeyIndex": 0,
    "XBoxKeyIndex": 0,
    "ConnectedKeySettingId": 0,
    "PcAxisValue": 0,
    "XBoxAxisValue": 0,
    "IsLock": false,
    "BothActionName": {
      "PKa": [],
      "length": 0
    },
    "IsCheckSameKey": true,
    "CanDisable": false,
    "AllowKeys": [
      "Q",
      "W",
      "E",
      "R",
      "T",
      "Y",
      "U",
      "I",
      "O",
      "P",
      "A",
      "S",
      "D",
      "F",
      "G",
      "H",
      "J",
      "K",
      "L",
      "Z",
      "X",
      "C",
      "V",
      "B",
      "N",
      "M",
      "Zero",
      "One",
      "Two",
      "Three",
      "Four",
      "Five",
      "Six",
      "Seven",
      "Eight",
      "Nine",
      "F1",
      "F2",
      "F3",
      "F4",
      "F5",
      "F6",
      "F7",
      "F8",
      "F9",
      "Tilde",
      "Hyphen",
      "Equals",
      "Tab",
      "CapsLock",
      "LeftShift",
      "LeftControl",
      "LeftBracket",
      "RightBracket",
      "Backslash",
      "Semicolon",
      "Apostrophe",
      "Comma",
      "Period",
      "Slash",
      "Backslash",
      "Enter",
      "RightShift",
      "RightControl",
      "NumPadZero",
      "NumPadOne",
      "NumPadTwo",
      "NumPadThree",
      "NumPadFour",
      "NumPadFive",
      "NumPadSix",
      "NumPadSeven",
      "NumPadEight",
      "NumPadNine",
      "Divide",
      "Multiply",
      "Subtract",
      "Add",
      "ThumbMouseButton",
      "ThumbMouseButton2"
    ],
    "AllowMainKeys": {
      "PKa": [],
      "length": 0
    },
    "AllowSecondKeys": {
      "PKa": [],
      "length": 0
    },
    "DetailTextId": ""
  },
  {
    "Id": 100,
    "TypeId": 2,
    "InputControllerType": 2,
    "Name": "KeySetting_100_Name",
    "OpenViewType": 0,
    "ButtonTextId": "",
    "ActionOrAxis": 1,
    "ActionOrAxisName": "UI确定UI返回",
    "CanCombination": false,
    "PcKeyIndex": 0,
    "XBoxKeyIndex": 1,
    "ConnectedKeySettingId": 0,
    "PcAxisValue": 0,
    "XBoxAxisValue": 0,
    "IsLock": false,
    "BothActionName": [
      "UI键盘F手柄A",
      "UI返回"
    ],
    "IsCheckSameKey": true,
    "CanDisable": false,
    "AllowKeys": {
      "PKa": [],
      "length": 0
    },
    "AllowMainKeys": {
      "PKa": [],
      "length": 0
    },
    "AllowSecondKeys": {
      "PKa": [],
      "length": 0
    },
    "DetailTextId": ""
  },
  {
    "Id": 102,
    "TypeId": 2,
    "InputControllerType": 2,
    "Name": "KeySetting_199_Name",
    "OpenViewType": 1,
    "ButtonTextId": "KeySetting_102_ButtonTextId",
    "ActionOrAxis": 0,
    "ActionOrAxisName": "",
    "CanCombination": false,
    "PcKeyIndex": 0,
    "XBoxKeyIndex": 0,
    "ConnectedKeySettingId": 0,
    "PcAxisValue": 0,
    "XBoxAxisValue": 0,
    "IsLock": false,
    "BothActionName": {
      "PKa": [],
      "length": 0
    },
    "IsCheckSameKey": true,
    "CanDisable": false,
    "AllowKeys": {
      "PKa": [],
      "length": 0
    },
    "AllowMainKeys": {
      "PKa": [],
      "length": 0
    },
    "AllowSecondKeys": {
      "PKa": [],
      "length": 0
    },
    "DetailTextId": ""
  },
  {
    "Id": 0,
    "TypeId": 1,
    "InputControllerType": 1,
    "Name": "LockEnemyModeTitle",
    "OpenViewType": 2,
    "ButtonTextId": "KeySetting_103_ButtonTextId",
    "ActionOrAxis": 0,
    "ActionOrAxisName": "",
    "CanCombination": false,
    "PcKeyIndex": 0,
    "XBoxKeyIndex": 0,
    "ConnectedKeySettingId": 0,
    "PcAxisValue": 0,
    "XBoxAxisValue": 0,
    "IsLock": false,
    "BothActionName": {
      "PKa": [],
      "length": 0
    },
    "IsCheckSameKey": true,
    "CanDisable": false,
    "AllowKeys": {
      "PKa": [],
      "length": 0
    },
    "AllowMainKeys": {
      "PKa": [],
      "length": 0
    },
    "AllowSecondKeys": {
      "PKa": [],
      "length": 0
    },
    "DetailTextId": ""
  },
  {
    "Id": 109,
    "TypeId": 3,
    "InputControllerType": 2,
    "Name": "LockEnemyModeTitle",
    "OpenViewType": 2,
    "ButtonTextId": "KeySetting_103_ButtonTextId",
    "ActionOrAxis": 0,
    "ActionOrAxisName": "",
    "CanCombination": false,
    "PcKeyIndex": 0,
    "XBoxKeyIndex": 0,
    "ConnectedKeySettingId": 0,
    "PcAxisValue": 0,
    "XBoxAxisValue": 0,
    "IsLock": false,
    "BothActionName": {
      "PKa": [],
      "length": 0
    },
    "IsCheckSameKey": true,
    "CanDisable": false,
    "AllowKeys": {
      "PKa": [],
      "length": 0
    },
    "AllowMainKeys": {
      "PKa": [],
      "length": 0
    },
    "AllowSecondKeys": {
      "PKa": [],
      "length": 0
    },
    "DetailTextId": ""
  },
  {
    "Id": 123,
    "TypeId": 3,
    "InputControllerType": 2,
    "Name": "KeySetting_138_Name",
    "OpenViewType": 0,
    "ButtonTextId": "",
    "ActionOrAxis": 1,
    "ActionOrAxisName": "跳跃",
    "CanCombination": true,
    "PcKeyIndex": 0,
    "XBoxKeyIndex": 1,
    "ConnectedKeySettingId": 0,
    "PcAxisValue": 0,
    "XBoxAxisValue": 0,
    "IsLock": false,
    "BothActionName": {
      "PKa": [],
      "length": 0
    },
    "IsCheckSameKey": true,
    "CanDisable": false,
    "AllowKeys": [
      "Gamepad_FaceButton_Left",
      "Gamepad_FaceButton_Top",
      "Gamepad_FaceButton_Right",
      "Gamepad_FaceButton_Bottom",
      "Gamepad_RightShoulder",
      "Gamepad_RightTrigger",
      "Gamepad_LeftTrigger",
      "Gamepad_DPad_Up",
      "Gamepad_DPad_Down",
      "Gamepad_DPad_Left",
      "Gamepad_DPad_Right"
    ],
    "AllowMainKeys": [
      "Gamepad_LeftShoulder"
    ],
    "AllowSecondKeys": [
      "Gamepad_FaceButton_Left",
      "Gamepad_FaceButton_Top",
      "Gamepad_FaceButton_Right",
      "Gamepad_FaceButton_Bottom",
      "Gamepad_DPad_Up",
      "Gamepad_DPad_Down",
      "Gamepad_DPad_Left",
      "Gamepad_DPad_Right",
      "Gamepad_RightShoulder"
    ],
    "DetailTextId": "KeySetting_138_DetailTextId"
  },
  {
    "Id": 127,
    "TypeId": 3,
    "InputControllerType": 2,
    "Name": "KeySetting_142_Name",
    "OpenViewType": 0,
    "ButtonTextId": "",
    "ActionOrAxis": 1,
    "ActionOrAxisName": "通用交互",
    "CanCombination": true,
    "PcKeyIndex": 0,
    "XBoxKeyIndex": 1,
    "ConnectedKeySettingId": 0,
    "PcAxisValue": 0,
    "XBoxAxisValue": 0,
    "IsLock": false,
    "BothActionName": {
      "PKa": [],
      "length": 0
    },
    "IsCheckSameKey": true,
    "CanDisable": false,
    "AllowKeys": [
      "Gamepad_FaceButton_Left",
      "Gamepad_FaceButton_Top",
      "Gamepad_FaceButton_Right",
      "Gamepad_FaceButton_Bottom",
      "Gamepad_RightShoulder",
      "Gamepad_RightTrigger",
      "Gamepad_LeftTrigger",
      "Gamepad_DPad_Up",
      "Gamepad_DPad_Down",
      "Gamepad_DPad_Left",
      "Gamepad_DPad_Right"
    ],
    "AllowMainKeys": [
      "Gamepad_LeftShoulder"
    ],
    "AllowSecondKeys": [
      "Gamepad_FaceButton_Left",
      "Gamepad_FaceButton_Top",
      "Gamepad_FaceButton_Right",
      "Gamepad_FaceButton_Bottom",
      "Gamepad_DPad_Up",
      "Gamepad_DPad_Down",
      "Gamepad_DPad_Left",
      "Gamepad_DPad_Right",
      "Gamepad_RightShoulder"
    ],
    "DetailTextId": ""
  },
  {
    "Id": 152,
    "TypeId": 3,
    "InputControllerType": 2,
    "Name": "KeySetting_140_Name",
    "OpenViewType": 0,
    "ButtonTextId": "",
    "ActionOrAxis": 1,
    "ActionOrAxisName": "攀爬",
    "CanCombination": false,
    "PcKeyIndex": 0,
    "XBoxKeyIndex": 1,
    "ConnectedKeySettingId": 0,
    "PcAxisValue": 0,
    "XBoxAxisValue": 0,
    "IsLock": true,
    "BothActionName": {
      "PKa": [],
      "length": 0
    },
    "IsCheckSameKey": false,
    "CanDisable": false,
    "AllowKeys": {
      "PKa": [],
      "length": 0
    },
    "AllowMainKeys": {
      "PKa": [],
      "length": 0
    },
    "AllowSecondKeys": {
      "PKa": [],
      "length": 0
    },
    "DetailTextId": "KeySetting_140_DetailTextId"
  },
  {
    "Id": 217,
    "TypeId": 4,
    "InputControllerType": 2,
    "Name": "KeySetting_217_Name",
    "OpenViewType": 0,
    "ButtonTextId": "",
    "ActionOrAxis": 1,
    "ActionOrAxisName": "聊天",
    "CanCombination": false,
    "PcKeyIndex": 0,
    "XBoxKeyIndex": 1,
    "ConnectedKeySettingId": 0,
    "PcAxisValue": 0,
    "XBoxAxisValue": 0,
    "IsLock": true,
    "BothActionName": {
      "PKa": [],
      "length": 0
    },
    "IsCheckSameKey": true,
    "CanDisable": false,
    "AllowKeys": {
      "PKa": [],
      "length": 0
    },
    "AllowMainKeys": {
      "PKa": [],
      "length": 0
    },
    "AllowSecondKeys": {
      "PKa": [],
      "length": 0
    },
    "DetailTextId": ""
  },
  {
    "Id": 198,
    "TypeId": 4,
    "InputControllerType": 1,
    "Name": "KeySetting_102_Name",
    "OpenViewType": 0,
    "ButtonTextId": "",
    "ActionOrAxis": 1,
    "ActionOrAxisName": "轮盘2",
    "CanCombination": false,
    "PcKeyIndex": 0,
    "XBoxKeyIndex": 0,
    "ConnectedKeySettingId": 0,
    "PcAxisValue": 0,
    "XBoxAxisValue": 0,
    "IsLock": false,
    "BothActionName": {
      "PKa": [],
      "length": 0
    },
    "IsCheckSameKey": true,
    "CanDisable": false,
    "AllowKeys": [
      "Q",
      "W",
      "E",
      "R",
      "T",
      "Y",
      "U",
      "I",
      "O",
      "P",
      "A",
      "S",
      "D",
      "F",
      "G",
      "H",
      "J",
      "K",
      "L",
      "Z",
      "X",
      "C",
      "V",
      "B",
      "N",
      "M",
      "Zero",
      "One",
      "Two",
      "Three",
      "Four",
      "Five",
      "Six",
      "Seven",
      "Eight",
      "Nine",
      "F1",
      "F2",
      "F3",
      "F4",
      "F5",
      "F6",
      "F7",
      "F8",
      "F9",
      "Tilde",
      "Hyphen",
      "Equals",
      "Tab",
      "CapsLock",
      "LeftShift",
      "LeftControl",
      "LeftBracket",
      "RightBracket",
      "Backslash",
      "Semicolon",
      "Apostrophe",
      "Comma",
      "Period",
      "Slash",
      "Backslash",
      "Enter",
      "RightShift",
      "RightControl",
      "NumPadZero",
      "NumPadOne",
      "NumPadTwo",
      "NumPadThree",
      "NumPadFour",
      "NumPadFive",
      "NumPadSix",
      "NumPadSeven",
      "NumPadEight",
      "NumPadNine",
      "Divide",
      "Multiply",
      "Subtract",
      "Add",
      "ThumbMouseButton",
      "ThumbMouseButton2"
    ],
    "AllowMainKeys": {
      "PKa": [],
      "length": 0
    },
    "AllowSecondKeys": {
      "PKa": [],
      "length": 0
    },
    "DetailTextId": ""
  },
  {
    "Id": 199,
    "TypeId": 4,
    "InputControllerType": 1,
    "Name": "KeySetting_199_Name",
    "OpenViewType": 1,
    "ButtonTextId": "KeySetting_102_ButtonTextId",
    "ActionOrAxis": 0,
    "ActionOrAxisName": "",
    "CanCombination": false,
    "PcKeyIndex": 0,
    "XBoxKeyIndex": 0,
    "ConnectedKeySettingId": 0,
    "PcAxisValue": 0,
    "XBoxAxisValue": 0,
    "IsLock": false,
    "BothActionName": {
      "PKa": [],
      "length": 0
    },
    "IsCheckSameKey": true,
    "CanDisable": false,
    "AllowKeys": {
      "PKa": [],
      "length": 0
    },
    "AllowMainKeys": {
      "PKa": [],
      "length": 0
    },
    "AllowSecondKeys": {
      "PKa": [],
      "length": 0
    },
    "DetailTextId": ""
  }
]