[
  {
    "TypeId": 1,
    "Name": "KeyType_1_Name",
    "IconSpritePath": "/Game/Aki/UI/UIResources/UiSet/Atlas/SP_SETxitongshezhi11.SP_SETxitongshezhi11"
  },
  {
    "TypeId": 2,
    "Name": "KeyType_2_Name",
    "IconSpritePath": "/Game/Aki/UI/UIResources/UiSet/Atlas/SP_SETxitongshezhi8.SP_SETxitongshezhi8"
  },
  {
    "TypeId": 3,
    "Name": "KeyType_3_Name",
    "IconSpritePath": "/Game/Aki/UI/UIResources/UiSet/Atlas/SP_SETxitongshezhi11.SP_SETxitongshezhi11"
  },
  {
    "TypeId": 4,
    "Name": "KeyType_4_Name",
    "IconSpritePath": "/Game/Aki/UI/UIResources/UiSet/Atlas/SP_SETxitongshezhi7.SP_SETxitongshezhi7"
  }
]