[
  {
    "LanguageType": 0,
    "LanguageCode": "zh-Hans",
    "IsShow": true,
    "QuestionnaireId": 1,
    "AudioCode": "zh",
    "SortId": 1
  },
  {
    "LanguageType": 1,
    "LanguageCode": "en",
    "IsShow": true,
    "QuestionnaireId": 2,
    "AudioCode": "en",
    "SortId": 3
  },
  {
    "LanguageType": 2,
    "LanguageCode": "ja",
    "IsShow": true,
    "QuestionnaireId": 4,
    "AudioCode": "ja",
    "SortId": 4
  },
  {
    "LanguageType": 3,
    "LanguageCode": "ko",
    "IsShow": true,
    "QuestionnaireId": 5,
    "AudioCode": "ko",
    "SortId": 5
  },
  {
    "LanguageType": 4,
    "LanguageCode": "ru",
    "IsShow": false,
    "QuestionnaireId": 12,
    "AudioCode": "ru",
    "SortId": 9
  },
  {
    "LanguageType": 5,
    "LanguageCode": "zh-Hant",
    "IsShow": true,
    "QuestionnaireId": 3,
    "AudioCode": "zh-Hant",
    "SortId": 2
  },
  {
    "LanguageType": 6,
    "LanguageCode": "de",
    "IsShow": true,
    "QuestionnaireId": 8,
    "AudioCode": "de",
    "SortId": 7
  },
  {
    "LanguageType": 7,
    "LanguageCode": "es",
    "IsShow": true,
    "QuestionnaireId": 9,
    "AudioCode": "es",
    "SortId": 8
  },
  {
    "LanguageType": 8,
    "LanguageCode": "pt",
    "IsShow": false,
    "QuestionnaireId": 10,
    "AudioCode": "pt",
    "SortId": 10
  },
  {
    "LanguageType": 9,
    "LanguageCode": "id",
    "IsShow": false,
    "QuestionnaireId": 15,
    "AudioCode": "id",
    "SortId": 11
  },
  {
    "LanguageType": 10,
    "LanguageCode": "fr",
    "IsShow": true,
    "QuestionnaireId": 7,
    "AudioCode": "fr",
    "SortId": 6
  },
  {
    "LanguageType": 11,
    "LanguageCode": "vi",
    "IsShow": false,
    "QuestionnaireId": 16,
    "AudioCode": "vi",
    "SortId": 12
  },
  {
    "LanguageType": 12,
    "LanguageCode": "th",
    "IsShow": false,
    "QuestionnaireId": 13,
    "AudioCode": "th",
    "SortId": 13
  }
]