[
  {
    "Id": 1,
    "MainSort": 1,
    "MainName": "MainType_1_MainName",
    "MainIcon": "/Game/Aki/UI/UIResources/UiSet/Atlas/SP_SETshengyin.SP_SETshengyin",
    "TabPanelType": 1,
    "PcTabPanelType": 1,
    "XboxTabPanelType": 1,
    "PsTabPanelType": 1,
    "MainSmallIcon": "/Game/Aki/UI/UIResources/UiSet/Atlas/SP_SETshengyin.SP_SETshengyin"
  },
  {
    "Id": 2,
    "MainSort": 2,
    "MainName": "MainType_2_MainName",
    "MainIcon": "/Game/Aki/UI/UIResources/UiSet/Atlas/SP_SEThuamian.SP_SEThuamian",
    "TabPanelType": 1,
    "PcTabPanelType": 1,
    "XboxTabPanelType": 1,
    "PsTabPanelType": 1,
    "MainSmallIcon": "/Game/Aki/UI/UIResources/UiSet/Atlas/SP_SEThuamian.SP_SEThuamian"
  },
  {
    "Id": 3,
    "MainSort": 4,
    "MainName": "MainType_3_MainName",
    "MainIcon": "/Game/Aki/UI/UIResources/UiSet/Atlas/SP_SETanjian.SP_SETanjian",
    "TabPanelType": 1,
    "PcTabPanelType": 2,
    "XboxTabPanelType": 2,
    "PsTabPanelType": 2,
    "MainSmallIcon": "/Game/Aki/UI/UIResources/UiSet/Atlas/SP_SETanjian.SP_SETanjian"
  },
  {
    "Id": 4,
    "MainSort": 5,
    "MainName": "MainType_4_MainName",
    "MainIcon": "/Game/Aki/UI/UIResources/UiSet/Atlas/SP_SETwenzi.SP_SETwenzi",
    "TabPanelType": 1,
    "PcTabPanelType": 1,
    "XboxTabPanelType": 1,
    "PsTabPanelType": 1,
    "MainSmallIcon": "/Game/Aki/UI/UIResources/UiSet/Atlas/SP_SETwenzi.SP_SETwenzi"
  },
  {
    "Id": 5,
    "MainSort": 6,
    "MainName": "MainType_5_MainName",
    "MainIcon": "/Game/Aki/UI/UIResources/UiSet/Atlas/SP_SETshengyinzidingyi.SP_SETshengyinzidingyi",
    "TabPanelType": 1,
    "PcTabPanelType": 1,
    "XboxTabPanelType": 1,
    "PsTabPanelType": 1,
    "MainSmallIcon": "/Game/Aki/UI/UIResources/UiSet/Atlas/SP_SETshengyinzidingyi.SP_SETshengyinzidingyi"
  },
  {
    "Id": 6,
    "MainSort": 3,
    "MainName": "MainType_6_MainName",
    "MainIcon": "/Game/Aki/UI/UIResources/UiSet/Atlas/SP_SETyuyanzonglan.SP_SETyuyanzonglan",
    "TabPanelType": 1,
    "PcTabPanelType": 1,
    "XboxTabPanelType": 1,
    "PsTabPanelType": 1,
    "MainSmallIcon": "/Game/Aki/UI/UIResources/UiSet/Atlas/SP_SETyuyanzonglan.SP_SETyuyanzonglan"
  },
  {
    "Id": 7,
    "MainSort": 7,
    "MainName": "MainType_7_MainName",
    "MainIcon": "/Game/Aki/UI/UIResources/UiSet/Atlas/SP_SETyuyanzonglan1.SP_SETyuyanzonglan1",
    "TabPanelType": 1,
    "PcTabPanelType": 1,
    "XboxTabPanelType": 1,
    "PsTabPanelType": 1,
    "MainSmallIcon": "/Game/Aki/UI/UIResources/UiSet/Atlas/SP_SETyuyanzonglan1.SP_SETyuyanzonglan1"
  }
]