[
  {
    "Id": 125000083
  },
  {
    "Id": 125000084
  },
  {
    "Id": 125000085
  },
  {
    "Id": 125000086
  },
  {
    "Id": 125000087
  },
  {
    "Id": 125000088
  },
  {
    "Id": 125000089
  },
  {
    "Id": 125000090
  },
  {
    "Id": 125000091
  },
  {
    "Id": 125000092
  },
  {
    "Id": 125000093
  },
  {
    "Id": 125000094
  },
  {
    "Id": 125000095
  },
  {
    "Id": 125000096
  },
  {
    "Id": 125000097
  },
  {
    "Id": 125000098
  },
  {
    "Id": 125000099
  },
  {
    "Id": 125000100
  },
  {
    "Id": 125000101
  },
  {
    "Id": 125000102
  },
  {
    "Id": 125000103
  },
  {
    "Id": 125000104
  },
  {
    "Id": 125000105
  },
  {
    "Id": 125000106
  },
  {
    "Id": 125000107
  },
  {
    "Id": 125000108
  },
  {
    "Id": 125000109
  },
  {
    "Id": 125000110
  },
  {
    "Id": 125000111
  },
  {
    "Id": 125000112
  },
  {
    "Id": 125000113
  },
  {
    "Id": 125000114
  },
  {
    "Id": 125000115
  },
  {
    "Id": 125000116
  },
  {
    "Id": 125000117
  },
  {
    "Id": 125000118
  },
  {
    "Id": 11900012
  },
  {
    "Id": 11900013
  },
  {
    "Id": 11900014
  },
  {
    "Id": 11900015
  },
  {
    "Id": 11900008
  },
  {
    "Id": 11900009
  },
  {
    "Id": 11900010
  },
  {
    "Id": 11900011
  },
  {
    "Id": 11900006
  },
  {
    "Id": 11900007
  },
  {
    "Id": 11900002
  },
  {
    "Id": 11900003
  },
  {
    "Id": 11900004
  },
  {
    "Id": 11900005
  }
]