[
  {
    "Id": 10101,
    "TaskIds": [
      125000083,
      125000084
    ],
    "TypeId": 101,
    "CountryId": 1
  },
  {
    "Id": 10201,
    "TaskIds": [
      125000085,
      125000086
    ],
    "TypeId": 102,
    "CountryId": 1
  },
  {
    "Id": 10202,
    "TaskIds": [
      125000087
    ],
    "TypeId": 102,
    "CountryId": 1
  },
  {
    "Id": 10203,
    "TaskIds": [
      125000088
    ],
    "TypeId": 102,
    "CountryId": 1
  },
  {
    "Id": 10204,
    "TaskIds": [
      125000089,
      125000090
    ],
    "TypeId": 102,
    "CountryId": 1
  },
  {
    "Id": 10301,
    "TaskIds": [
      125000091,
      125000092
    ],
    "TypeId": 103,
    "CountryId": 1
  },
  {
    "Id": 10401,
    "TaskIds": [
      125000093,
      125000094
    ],
    "TypeId": 104,
    "CountryId": 1
  },
  {
    "Id": 10402,
    "TaskIds": [
      125000095,
      125000096
    ],
    "TypeId": 104,
    "CountryId": 1
  },
  {
    "Id": 10403,
    "TaskIds": [
      125000097
    ],
    "TypeId": 104,
    "CountryId": 1
  },
  {
    "Id": 10404,
    "TaskIds": [
      125000095,
      125000096
    ],
    "TypeId": 104,
    "CountryId": 1
  },
  {
    "Id": 10501,
    "TaskIds": [
      125000098,
      125000099,
      125000100
    ],
    "TypeId": 105,
    "CountryId": 1
  },
  {
    "Id": 10601,
    "TaskIds": [
      125000101,
      125000102,
      125000103
    ],
    "TypeId": 106,
    "CountryId": 1
  },
  {
    "Id": 10701,
    "TaskIds": [
      125000104,
      125000105,
      125000106,
      125000107
    ],
    "TypeId": 107,
    "CountryId": 1
  },
  {
    "Id": 10801,
    "TaskIds": [
      125000108,
      125000109
    ],
    "TypeId": 108,
    "CountryId": 1
  },
  {
    "Id": 10901,
    "TaskIds": [
      125000110
    ],
    "TypeId": 109,
    "CountryId": 1
  },
  {
    "Id": 10902,
    "TaskIds": [
      125000111
    ],
    "TypeId": 109,
    "CountryId": 1
  },
  {
    "Id": 10903,
    "TaskIds": [
      125000112,
      125000113
    ],
    "TypeId": 109,
    "CountryId": 1
  },
  {
    "Id": 11001,
    "TaskIds": [
      125000114
    ],
    "TypeId": 110,
    "CountryId": 1
  },
  {
    "Id": 11002,
    "TaskIds": [
      125000115
    ],
    "TypeId": 110,
    "CountryId": 1
  },
  {
    "Id": 11003,
    "TaskIds": [
      125000116
    ],
    "TypeId": 110,
    "CountryId": 1
  },
  {
    "Id": 11004,
    "TaskIds": [
      125000117
    ],
    "TypeId": 110,
    "CountryId": 1
  },
  {
    "Id": 11005,
    "TaskIds": [
      125000118
    ],
    "TypeId": 110,
    "CountryId": 1
  },
  {
    "Id": 11101,
    "TaskIds": [
      11900012
    ],
    "TypeId": 111,
    "CountryId": 1
  },
  {
    "Id": 11102,
    "TaskIds": [
      11900013,
      11900014
    ],
    "TypeId": 111,
    "CountryId": 1
  },
  {
    "Id": 11103,
    "TaskIds": [
      11900015
    ],
    "TypeId": 111,
    "CountryId": 1
  },
  {
    "Id": 11201,
    "TaskIds": [
      11900008
    ],
    "TypeId": 112,
    "CountryId": 1
  },
  {
    "Id": 11202,
    "TaskIds": [
      11900009,
      11900010
    ],
    "TypeId": 112,
    "CountryId": 1
  },
  {
    "Id": 11203,
    "TaskIds": [
      11900011
    ],
    "TypeId": 112,
    "CountryId": 1
  },
  {
    "Id": 11301,
    "TaskIds": [
      11900006,
      11900007
    ],
    "TypeId": 113,
    "CountryId": 1
  },
  {
    "Id": 11401,
    "TaskIds": [
      11900002,
      11900003,
      11900004,
      11900005
    ],
    "TypeId": 114,
    "CountryId": 1
  }
]