[
  {
    "Id": 2,
    "RoleId": 1402,
    "Region": "1",
    "IsShow": false,
    "QuestId": 119000013,
    "QuestName": "RoleQuest_2_QuestName",
    "Chapter": "",
    "Consume": 0
  },
  {
    "Id": 3,
    "RoleId": 1202,
    "Region": "1",
    "IsShow": false,
    "QuestId": 126000018,
    "QuestName": "RoleQuest_3_QuestName",
    "Chapter": "",
    "Consume": 0
  },
  {
    "Id": 101,
    "RoleId": 1203,
    "Region": "2",
    "IsShow": false,
    "QuestId": 121000002,
    "QuestName": "RoleQuest_101_QuestName",
    "Chapter": "",
    "Consume": 0
  },
  {
    "Id": 102,
    "RoleId": 1404,
    "Region": "1",
    "IsShow": false,
    "QuestId": 125000079,
    "QuestName": "RoleQuest_102_QuestName",
    "Chapter": "",
    "Consume": 0
  },
  {
    "Id": 103,
    "RoleId": 1302,
    "Region": "1",
    "IsShow": false,
    "QuestId": 114000018,
    "QuestName": "RoleQuest_103_QuestName",
    "Chapter": "",
    "Consume": 0
  },
  {
    "Id": 104,
    "RoleId": 1104,
    "Region": "1",
    "IsShow": false,
    "QuestId": 121000031,
    "QuestName": "RoleQuest_104_QuestName",
    "Chapter": "",
    "Consume": 0
  }
]