[
  {
    "UId": 1,
    "ScanInfos": [
      1
    ],
    "ItemMaterialDataPath": "",
    "NearVoiceEffectPath": "",
    "FarVoiceEffectPath": "",
    "ScanConcealEffectPath": "",
    "InteractionEffectInterval": 8,
    "ShowDistance": false,
    "ShowInteractionEffect": false,
    "ScanAudioEvent": "",
    "TriggerRoleAudio": false
  },
  {
    "UId": 2,
    "ScanInfos": [
      2
    ],
    "ItemMaterialDataPath": "",
    "NearVoiceEffectPath": "",
    "FarVoiceEffectPath": "",
    "ScanConcealEffectPath": "",
    "InteractionEffectInterval": 8,
    "ShowDistance": false,
    "ShowInteractionEffect": false,
    "ScanAudioEvent": "",
    "TriggerRoleAudio": false
  },
  {
    "UId": 3,
    "ScanInfos": [
      3
    ],
    "ItemMaterialDataPath": "",
    "NearVoiceEffectPath": "",
    "FarVoiceEffectPath": "",
    "ScanConcealEffectPath": "",
    "InteractionEffectInterval": 8,
    "ShowDistance": false,
    "ShowInteractionEffect": false,
    "ScanAudioEvent": "",
    "TriggerRoleAudio": false
  },
  {
    "UId": 101,
    "ScanInfos": [
      201
    ],
    "ItemMaterialDataPath": "",
    "NearVoiceEffectPath": "",
    "FarVoiceEffectPath": "",
    "ScanConcealEffectPath": "",
    "InteractionEffectInterval": 8,
    "ShowDistance": false,
    "ShowInteractionEffect": false,
    "ScanAudioEvent": "",
    "TriggerRoleAudio": false
  },
  {
    "UId": 102,
    "ScanInfos": [
      2
    ],
    "ItemMaterialDataPath": "/Game/Aki/Effect/MaterialController/ItemMaterial/DA_Fx_ActorItem_Scanning.DA_Fx_ActorItem_Scanning",
    "NearVoiceEffectPath": "/Game/Aki/Effect/EffectGroup/Common/DA_Fx_Group_Scaning_Hide01.DA_Fx_Group_Scaning_Hide01",
    "FarVoiceEffectPath": "/Game/Aki/Effect/EffectGroup/Common/DA_Fx_Group_Scaning_Hide02.DA_Fx_Group_Scaning_Hide02",
    "ScanConcealEffectPath": "/Game/Aki/Effect/EffectGroup/Common/DA_Fx_Group_Scaning_Hide03.DA_Fx_Group_Scaning_Hide03",
    "InteractionEffectInterval": 8,
    "ShowDistance": true,
    "ShowInteractionEffect": true,
    "ScanAudioEvent": "",
    "TriggerRoleAudio": true
  },
  {
    "UId": 103,
    "ScanInfos": [
      2
    ],
    "ItemMaterialDataPath": "/Game/Aki/Effect/MaterialController/ItemMaterial/DA_Fx_ActorItem_Scanning.DA_Fx_ActorItem_Scanning",
    "NearVoiceEffectPath": "/Game/Aki/Effect/EffectGroup/Common/DA_Fx_Group_Scaning_Hide01.DA_Fx_Group_Scaning_Hide01",
    "FarVoiceEffectPath": "/Game/Aki/Effect/EffectGroup/Common/DA_Fx_Group_Scaning_Hide02.DA_Fx_Group_Scaning_Hide02",
    "ScanConcealEffectPath": "/Game/Aki/Effect/EffectGroup/Common/DA_Fx_Group_Scaning_Hide03.DA_Fx_Group_Scaning_Hide03",
    "InteractionEffectInterval": 8,
    "ShowDistance": true,
    "ShowInteractionEffect": true,
    "ScanAudioEvent": "",
    "TriggerRoleAudio": false
  },
  {
    "UId": 104,
    "ScanInfos": [
      212
    ],
    "ItemMaterialDataPath": "/Game/Aki/Effect/MaterialController/ItemMaterial/DA_Fx_ActorItem_Scanning.DA_Fx_ActorItem_Scanning",
    "NearVoiceEffectPath": "/Game/Aki/Effect/EffectGroup/Common/DA_Fx_Group_Scaning_Hide01.DA_Fx_Group_Scaning_Hide01",
    "FarVoiceEffectPath": "/Game/Aki/Effect/EffectGroup/Common/DA_Fx_Group_Scaning_Hide02.DA_Fx_Group_Scaning_Hide02",
    "ScanConcealEffectPath": "/Game/Aki/Effect/EffectGroup/Common/DA_Fx_Group_Scaning_Hide03.DA_Fx_Group_Scaning_Hide03",
    "InteractionEffectInterval": 8,
    "ShowDistance": true,
    "ShowInteractionEffect": true,
    "ScanAudioEvent": "",
    "TriggerRoleAudio": false
  },
  {
    "UId": 105,
    "ScanInfos": [
      300
    ],
    "ItemMaterialDataPath": "/Game/Aki/Effect/MaterialController/ItemMaterial/DA_Fx_ActorItem_Scanning.DA_Fx_ActorItem_Scanning",
    "NearVoiceEffectPath": "/Game/Aki/Effect/EffectGroup/Common/DA_Fx_Group_Scaning_Hide01.DA_Fx_Group_Scaning_Hide01",
    "FarVoiceEffectPath": "/Game/Aki/Effect/EffectGroup/Common/DA_Fx_Group_Scaning_Hide02.DA_Fx_Group_Scaning_Hide02",
    "ScanConcealEffectPath": "/Game/Aki/Effect/EffectGroup/Common/DA_Fx_Group_Scaning_Hide03.DA_Fx_Group_Scaning_Hide03",
    "InteractionEffectInterval": 8,
    "ShowDistance": true,
    "ShowInteractionEffect": true,
    "ScanAudioEvent": "",
    "TriggerRoleAudio": false
  },
  {
    "UId": 106,
    "ScanInfos": [
      2
    ],
    "ItemMaterialDataPath": "/Game/Aki/Effect/MaterialController/ItemMaterial/DA_Fx_ActorItem_Scanning.DA_Fx_ActorItem_Scanning",
    "NearVoiceEffectPath": "/Game/Aki/Effect/EffectGroup/Common/DA_Fx_Group_Scaning_Hide01.DA_Fx_Group_Scaning_Hide01",
    "FarVoiceEffectPath": "/Game/Aki/Effect/EffectGroup/Common/DA_Fx_Group_Scaning_Hide02.DA_Fx_Group_Scaning_Hide02",
    "ScanConcealEffectPath": "/Game/Aki/Effect/EffectGroup/Common/DA_Fx_Group_Scaning_Hide03.DA_Fx_Group_Scaning_Hide03",
    "InteractionEffectInterval": 8,
    "ShowDistance": true,
    "ShowInteractionEffect": true,
    "ScanAudioEvent": "",
    "TriggerRoleAudio": false
  },
  {
    "UId": 107,
    "ScanInfos": [
      2
    ],
    "ItemMaterialDataPath": "/Game/Aki/Effect/MaterialController/ItemMaterial/DA_Fx_ActorItem_Scanning.DA_Fx_ActorItem_Scanning",
    "NearVoiceEffectPath": "",
    "FarVoiceEffectPath": "",
    "ScanConcealEffectPath": "",
    "InteractionEffectInterval": 8,
    "ShowDistance": true,
    "ShowInteractionEffect": true,
    "ScanAudioEvent": "",
    "TriggerRoleAudio": false
  },
  {
    "UId": 301,
    "ScanInfos": [
      201
    ],
    "ItemMaterialDataPath": "",
    "NearVoiceEffectPath": "",
    "FarVoiceEffectPath": "",
    "ScanConcealEffectPath": "",
    "InteractionEffectInterval": 8,
    "ShowDistance": false,
    "ShowInteractionEffect": false,
    "ScanAudioEvent": "",
    "TriggerRoleAudio": false
  },
  {
    "UId": 302,
    "ScanInfos": [
      202
    ],
    "ItemMaterialDataPath": "",
    "NearVoiceEffectPath": "",
    "FarVoiceEffectPath": "",
    "ScanConcealEffectPath": "",
    "InteractionEffectInterval": 8,
    "ShowDistance": false,
    "ShowInteractionEffect": false,
    "ScanAudioEvent": "",
    "TriggerRoleAudio": false
  },
  {
    "UId": 303,
    "ScanInfos": [
      203
    ],
    "ItemMaterialDataPath": "",
    "NearVoiceEffectPath": "",
    "FarVoiceEffectPath": "",
    "ScanConcealEffectPath": "",
    "InteractionEffectInterval": 8,
    "ShowDistance": false,
    "ShowInteractionEffect": false,
    "ScanAudioEvent": "",
    "TriggerRoleAudio": false
  },
  {
    "UId": 304,
    "ScanInfos": [
      204
    ],
    "ItemMaterialDataPath": "",
    "NearVoiceEffectPath": "",
    "FarVoiceEffectPath": "",
    "ScanConcealEffectPath": "",
    "InteractionEffectInterval": 8,
    "ShowDistance": false,
    "ShowInteractionEffect": false,
    "ScanAudioEvent": "",
    "TriggerRoleAudio": false
  },
  {
    "UId": 305,
    "ScanInfos": [
      205
    ],
    "ItemMaterialDataPath": "",
    "NearVoiceEffectPath": "",
    "FarVoiceEffectPath": "",
    "ScanConcealEffectPath": "",
    "InteractionEffectInterval": 8,
    "ShowDistance": false,
    "ShowInteractionEffect": false,
    "ScanAudioEvent": "",
    "TriggerRoleAudio": false
  },
  {
    "UId": 306,
    "ScanInfos": [
      206
    ],
    "ItemMaterialDataPath": "",
    "NearVoiceEffectPath": "",
    "FarVoiceEffectPath": "",
    "ScanConcealEffectPath": "",
    "InteractionEffectInterval": 8,
    "ShowDistance": false,
    "ShowInteractionEffect": false,
    "ScanAudioEvent": "",
    "TriggerRoleAudio": false
  },
  {
    "UId": 108,
    "ScanInfos": [
      2
    ],
    "ItemMaterialDataPath": "/Game/Aki/Effect/MaterialController/ItemMaterial/DA_Fx_ActorItem_Scanning.DA_Fx_ActorItem_Scanning",
    "NearVoiceEffectPath": "/Game/Aki/Effect/EffectGroup/Common/DA_Fx_Group_Scaning_Hide01.DA_Fx_Group_Scaning_Hide01",
    "FarVoiceEffectPath": "/Game/Aki/Effect/EffectGroup/Common/DA_Fx_Group_Scaning_Hide02.DA_Fx_Group_Scaning_Hide02",
    "ScanConcealEffectPath": "/Game/Aki/Effect/EffectGroup/Common/DA_Fx_Group_Scaning_Hide03.DA_Fx_Group_Scaning_Hide03",
    "InteractionEffectInterval": 8,
    "ShowDistance": true,
    "ShowInteractionEffect": true,
    "ScanAudioEvent": "play_amb_interact_scan_shengxia",
    "TriggerRoleAudio": true
  },
  {
    "UId": 109,
    "ScanInfos": [
      262
    ],
    "ItemMaterialDataPath": "/Game/Aki/Effect/MaterialController/ItemMaterial/DA_Fx_ActorItem_Scanning.DA_Fx_ActorItem_Scanning",
    "NearVoiceEffectPath": "",
    "FarVoiceEffectPath": "",
    "ScanConcealEffectPath": "",
    "InteractionEffectInterval": 8,
    "ShowDistance": true,
    "ShowInteractionEffect": true,
    "ScanAudioEvent": "",
    "TriggerRoleAudio": false
  },
  {
    "UId": 307,
    "ScanInfos": [
      301
    ],
    "ItemMaterialDataPath": "/Game/Aki/Effect/EffectGroup/MB1ShanghengMd00501/DA_Fx_Group_L2_MBs018_Pyangtou_Loop_R.DA_Fx_Group_L2_MBs018_Pyangtou_Loop_R",
    "NearVoiceEffectPath": "/Game/Aki/Effect/EffectGroup/MB1ShanghengMd00501/DA_Fx_Group_L2_MBs018_Pyangtou_Loop_R.DA_Fx_Group_L2_MBs018_Pyangtou_Loop_R",
    "FarVoiceEffectPath": "/Game/Aki/Effect/EffectGroup/MB1ShanghengMd00501/DA_Fx_Group_L2_MBs018_Pyangtou_Loop_R.DA_Fx_Group_L2_MBs018_Pyangtou_Loop_R",
    "ScanConcealEffectPath": "",
    "InteractionEffectInterval": 8,
    "ShowDistance": false,
    "ShowInteractionEffect": false,
    "ScanAudioEvent": "",
    "TriggerRoleAudio": false
  },
  {
    "UId": 308,
    "ScanInfos": [
      308
    ],
    "ItemMaterialDataPath": "/Game/Aki/Effect/EffectGroup/UI_Scenes/DA_Fx_Group_UI_Dogmark_01.DA_Fx_Group_UI_Dogmark_01",
    "NearVoiceEffectPath": "",
    "FarVoiceEffectPath": "",
    "ScanConcealEffectPath": "",
    "InteractionEffectInterval": 8,
    "ShowDistance": false,
    "ShowInteractionEffect": false,
    "ScanAudioEvent": "",
    "TriggerRoleAudio": false
  },
  {
    "UId": 309,
    "ScanInfos": [
      309
    ],
    "ItemMaterialDataPath": "/Game/Aki/Effect/EffectGroup/UI_Scenes/DA_Fx_Group_UI_Dogmark_02.DA_Fx_Group_UI_Dogmark_02",
    "NearVoiceEffectPath": "",
    "FarVoiceEffectPath": "",
    "ScanConcealEffectPath": "",
    "InteractionEffectInterval": 8,
    "ShowDistance": false,
    "ShowInteractionEffect": false,
    "ScanAudioEvent": "",
    "TriggerRoleAudio": false
  },
  {
    "UId": 310,
    "ScanInfos": [
      310
    ],
    "ItemMaterialDataPath": "/Game/Aki/TypeScript/Game/NewWorld/Character/SimpleNpc/Blueprint/DA_NPC_Protect.DA_NPC_Protect",
    "NearVoiceEffectPath": "",
    "FarVoiceEffectPath": "",
    "ScanConcealEffectPath": "",
    "InteractionEffectInterval": 8,
    "ShowDistance": false,
    "ShowInteractionEffect": true,
    "ScanAudioEvent": "",
    "TriggerRoleAudio": false
  }
]