[
  {
    "ActionGuid": "2179e5da2de84ec1bb21b06b96770be7",
    "Name": "ClearPlayBubble",
    "Async": false,
    "Params": "{\"EntityIds\":[134000726]}",
    "ActionId": 3000113
  },
  {
    "ActionGuid": "eefec19f5e4a4324a38afff671173058",
    "Name": "AddPlayBubble",
    "Async": false,
    "Params": "{\"EntityIds\":[134000726,134000725],\"EnterRadius\":2000,\"LeaveRadius\":3000,\"Flow\":{\"FlowListName\":\"剧情_支线_SideTask_HKSM_001\",\"FlowId\":13,\"StateId\":9},\"WaitTime\":200}",
    "ActionId": 3000151
  },
  {
    "ActionGuid": "ad51bab527754bbcb61d2f706e7bf537",
    "Name": "AddPlayBubble",
    "Async": false,
    "Params": "{\"EntityIds\":[139000327,139000399],\"EnterRadius\":1500,\"LeaveRadius\":2000,\"Flow\":{\"FlowListName\":\"剧情_新主线_CE版_第一章_第一幕_嘤鸣初相召\",\"FlowId\":2,\"StateId\":3}}",
    "ActionId": 3000199
  },
  {
    "ActionGuid": "6f8e68882d33446dbd50cdc0090129b7",
    "Name": "AddPlayBubble",
    "Async": false,
    "Params": "{\"EntityIds\":[139000000,139000032,310000000],\"EnterRadius\":500,\"LeaveRadius\":1500,\"Flow\":{\"FlowListName\":\"剧情_新主线_CE版_第一章_第二幕_安此亿兆生\",\"FlowId\":2,\"StateId\":7},\"WaitTime\":99999}",
    "ActionId": 3000241
  },
  {
    "ActionGuid": "6a2c845ec58645f98bdbed3e9eba42aa",
    "Name": "AddPlayBubble",
    "Async": false,
    "Params": "{\"EntityIds\":[311000073,311000071,311000072],\"EnterRadius\":500,\"LeaveRadius\":1500,\"Flow\":{\"FlowListName\":\"剧情_任务专用冒泡_刘梦蝶\",\"FlowId\":4,\"StateId\":3}}",
    "ActionId": 3000005
  },
  {
    "ActionGuid": "3d29a3bd43b1423bbe7564d43e86dfe6",
    "Name": "AddPlayBubble",
    "Async": false,
    "Params": "{\"EntityIds\":[114000867,114000868,114000869],\"EnterRadius\":1500,\"LeaveRadius\":3000,\"Flow\":{\"FlowListName\":\"剧情_任务专用冒泡_刘梦蝶\",\"FlowId\":4,\"StateId\":2}}",
    "ActionId": 3000017
  },
  {
    "ActionGuid": "daa387504b964fd98f2601012b1b0b7a",
    "Name": "AddPlayBubble",
    "Async": false,
    "Params": "{\"EntityIds\":[310000514],\"EnterRadius\":2500,\"LeaveRadius\":3000,\"Flow\":{\"FlowListName\":\"剧情_任务专用冒泡_余果\",\"FlowId\":1,\"StateId\":1},\"RedDot\":true}",
    "ActionId": 3000002
  },
  {
    "ActionGuid": "bbe89b766e224308bbead49444536349",
    "Name": "AddPlayBubble",
    "Async": false,
    "Params": "{\"EntityIds\":[310000518],\"EnterRadius\":2500,\"LeaveRadius\":3500,\"Flow\":{\"FlowListName\":\"剧情_任务专用冒泡_余果\",\"FlowId\":4}}",
    "ActionId": 3000017
  },
  {
    "ActionGuid": "e87451f207e8423e8be5b4d88256bf59",
    "Name": "AddPlayBubble",
    "Async": false,
    "Params": "{\"EntityIds\":[310000521],\"EnterRadius\":3500,\"LeaveRadius\":4500,\"Flow\":{\"FlowListName\":\"剧情_任务专用冒泡_余果\",\"FlowId\":7}}",
    "ActionId": 3000028
  },
  {
    "ActionGuid": "2f4bd5ac2dbc407a8858ca0a7a426bbe",
    "Name": "AddPlayBubble",
    "Async": false,
    "Params": "{\"EntityIds\":[121000916,109002834],\"EnterRadius\":1000,\"LeaveRadius\":1500,\"Flow\":{\"FlowListName\":\"剧情_支线_鸣钟之龟BOSS新\",\"FlowId\":2,\"StateId\":2},\"WaitTime\":10}",
    "ActionId": 3000042
  },
  {
    "ActionGuid": "f638cb6847c94277a21319ebc82cb9a3",
    "Name": "ClearPlayBubble",
    "Async": false,
    "Params": "{\"EntityIds\":[121000916,109002834]}",
    "ActionId": 3000002
  },
  {
    "ActionGuid": "d070375ddbeb4ddfa1d264c5b6e27d06",
    "Name": "AddPlayBubble",
    "Async": false,
    "Params": "{\"EntityIds\":[11000447,121000917,121000919],\"EnterRadius\":800,\"LeaveRadius\":1500,\"Flow\":{\"FlowListName\":\"剧情_支线_鸣钟之龟BOSS新\",\"FlowId\":2,\"StateId\":1},\"WaitTime\":8,\"RedDot\":false}",
    "ActionId": 3000048
  },
  {
    "ActionGuid": "73013bae063d403db516978d6fa8ea98",
    "Name": "AddPlayBubble",
    "Async": false,
    "Params": "{\"EntityIds\":[121000921,121000922,121000920],\"EnterRadius\":800,\"LeaveRadius\":1500,\"Flow\":{\"FlowListName\":\"剧情_支线_鸣钟之龟BOSS新\",\"FlowId\":2,\"StateId\":3},\"WaitTime\":8,\"RedDot\":false}",
    "ActionId": 3000049
  },
  {
    "ActionGuid": "24105df2bdba4bf9a121681d0a20bd1d",
    "Name": "AddPlayBubble",
    "Async": false,
    "Params": "{\"EntityIds\":[121000923,121000924,121000925],\"EnterRadius\":800,\"LeaveRadius\":1500,\"Flow\":{\"FlowListName\":\"剧情_支线_鸣钟之龟BOSS新\",\"FlowId\":2,\"StateId\":4},\"WaitTime\":8,\"RedDot\":false}",
    "ActionId": 3000050
  },
  {
    "ActionGuid": "e2bcdf01ebea48b18c6d4a668f5155fd",
    "Name": "ClearPlayBubble",
    "Async": false,
    "Params": "{\"EntityIds\":[121000923,121000924,121000925]}",
    "ActionId": 3000056
  },
  {
    "ActionGuid": "87f3863c14dc4910a670a564d37bb17d",
    "Name": "ClearPlayBubble",
    "Async": false,
    "Params": "{\"EntityIds\":[121000921,121000922,121000920]}",
    "ActionId": 3000057
  },
  {
    "ActionGuid": "7cd1e93d176340348429cadd83b92c8f",
    "Name": "AddPlayBubble",
    "Async": false,
    "Params": "{\"EntityIds\":[121000931,121000932],\"EnterRadius\":1500,\"LeaveRadius\":2500,\"Flow\":{\"FlowListName\":\"剧情_支线_鸣钟之龟BOSS新\",\"FlowId\":2,\"StateId\":5}}",
    "ActionId": 3000062
  },
  {
    "ActionGuid": "45e1a9f07afd4551981ec4d254d73ac7",
    "Name": "AddPlayBubble",
    "Async": false,
    "Params": "{\"EntityIds\":[125001079,125001087,125001085,125001086],\"EnterRadius\":1000,\"LeaveRadius\":1500,\"Flow\":{\"FlowListName\":\"剧情_任务专用冒泡_三流画家\",\"FlowId\":2,\"StateId\":1},\"RedDot\":false}",
    "ActionId": 3000013
  },
  {
    "ActionGuid": "52710117519f47bb99cd7c6c1579283e",
    "Name": "AddPlayBubble",
    "Async": false,
    "Params": "{\"EntityIds\":[121001030,121000862],\"EnterRadius\":1500,\"LeaveRadius\":3000,\"Flow\":{\"FlowListName\":\"剧情_任务专用冒泡_凌阳线1\",\"FlowId\":2,\"StateId\":1},\"WaitTime\":6,\"RedDot\":false}",
    "ActionId": 3000004
  },
  {
    "ActionGuid": "7a7bae9513194af3abefae9c63ebd24b",
    "Name": "AddPlayBubble",
    "Async": false,
    "Params": "{\"EntityIds\":[121000963],\"EnterRadius\":1000,\"LeaveRadius\":3000,\"Flow\":{\"FlowListName\":\"剧情_任务专用冒泡_凌阳线1\",\"FlowId\":10,\"StateId\":1},\"WaitTime\":8,\"RedDot\":false}",
    "ActionId": 3000006
  },
  {
    "ActionGuid": "99381a45f9394abb900df21389a60d5a",
    "Name": "AddPlayBubble",
    "Async": false,
    "Params": "{\"EntityIds\":[121000962],\"EnterRadius\":1000,\"LeaveRadius\":3000,\"Flow\":{\"FlowListName\":\"剧情_任务专用冒泡_凌阳线1\",\"FlowId\":11,\"StateId\":1},\"WaitTime\":8,\"RedDot\":false}",
    "ActionId": 3000007
  },
  {
    "ActionGuid": "77a9b57ad39946b892056af32089c762",
    "Name": "ClearPlayBubble",
    "Async": false,
    "Params": "{\"EntityIds\":[121000886,121000941]}",
    "ActionId": 3000016
  },
  {
    "ActionGuid": "6bf9fbd376e143939bb4c1e5a33b68b1",
    "Name": "AddPlayBubble",
    "Async": false,
    "Params": "{\"EntityIds\":[121000886,121000941],\"EnterRadius\":500,\"LeaveRadius\":1500,\"Flow\":{\"FlowListName\":\"剧情_任务专用冒泡_凌阳线1\",\"FlowId\":6,\"StateId\":1}}",
    "ActionId": 3000018
  },
  {
    "ActionGuid": "cfc99d4e998141e99a512db263f9aa9f",
    "Name": "ClearPlayBubble",
    "Async": false,
    "Params": "{\"EntityIds\":[121000962,121000963]}",
    "ActionId": 3000021
  },
  {
    "ActionGuid": "9b7783d8ecc2448984fdd0835c6c85cc",
    "Name": "AddPlayBubble",
    "Async": false,
    "Params": "{\"EntityIds\":[121000965,121000964],\"EnterRadius\":1000,\"LeaveRadius\":3000,\"Flow\":{\"FlowListName\":\"剧情_任务专用冒泡_凌阳线1\",\"FlowId\":5,\"StateId\":1},\"WaitTime\":8,\"RedDot\":false}",
    "ActionId": 3000023
  },
  {
    "ActionGuid": "3e886b8c650c416d9276e4f92e6f5109",
    "Name": "ClearPlayBubble",
    "Async": false,
    "Params": "{\"EntityIds\":[121000965,121000964]}",
    "ActionId": 3000026
  },
  {
    "ActionGuid": "707e2a2395d942b884db1d12eb9231c7",
    "Name": "AddPlayBubble",
    "Async": false,
    "Params": "{\"EntityIds\":[121000816],\"EnterRadius\":1500,\"LeaveRadius\":2500,\"Flow\":{\"FlowListName\":\"剧情_任务专用冒泡_凌阳线1\",\"FlowId\":1,\"StateId\":1},\"WaitTime\":8,\"RedDot\":false}",
    "ActionId": 3000040
  },
  {
    "ActionGuid": "43b6722b05494df6927ef783b897ed5b",
    "Name": "ClearPlayBubble",
    "Async": false,
    "Params": "{\"EntityIds\":[121000816]}",
    "ActionId": 3000041
  },
  {
    "ActionGuid": "fa6783dae8364051be532fd384ea20af",
    "Name": "AddPlayBubble",
    "Async": false,
    "Params": "{\"EntityIds\":[121000857],\"EnterRadius\":800,\"LeaveRadius\":2000,\"Flow\":{\"FlowListName\":\"剧情_任务专用冒泡_凌阳线1\",\"FlowId\":3,\"StateId\":1},\"WaitTime\":8,\"RedDot\":false}",
    "ActionId": 3000134
  },
  {
    "ActionGuid": "6a7a047976c248ffa6c8d62e0d5a1568",
    "Name": "ClearPlayBubble",
    "Async": false,
    "Params": "{\"EntityIds\":[121000857]}",
    "ActionId": 3000143
  },
  {
    "ActionGuid": "089de0667c78443c80c91bbe627d4617",
    "Name": "AddPlayBubble",
    "Async": false,
    "Params": "{\"EntityIds\":[121000991],\"EnterRadius\":500,\"LeaveRadius\":1500,\"Flow\":{\"FlowListName\":\"剧情_任务专用冒泡_凌阳线1\",\"FlowId\":9,\"StateId\":1},\"RedDot\":false}",
    "ActionId": 3000147
  },
  {
    "ActionGuid": "f9f6c9f42a4f4b118b9cb1b200da90e6",
    "Name": "AddPlayBubble",
    "Async": false,
    "Params": "{\"EntityIds\":[121000968,121000969],\"EnterRadius\":500,\"LeaveRadius\":1500,\"Flow\":{\"FlowListName\":\"剧情_任务专用冒泡_凌阳线1\",\"FlowId\":7,\"StateId\":1},\"RedDot\":false}",
    "ActionId": 3000157
  },
  {
    "ActionGuid": "c00a5764fa26478ca29f7f06b8346f50",
    "Name": "ClearPlayBubble",
    "Async": false,
    "Params": "{\"EntityIds\":[121000969,121000968]}",
    "ActionId": 3000176
  },
  {
    "ActionGuid": "38845d55686c4a8399d968808e1e747a",
    "Name": "AddPlayBubble",
    "Async": false,
    "Params": "{\"EntityIds\":[121000994,121001100,121000993,121000996,121000997],\"EnterRadius\":500,\"LeaveRadius\":1500,\"Flow\":{\"FlowListName\":\"剧情_任务专用冒泡_凌阳线1\",\"FlowId\":12,\"StateId\":1},\"RedDot\":true,\"WaitTime\":10}",
    "ActionId": 3000186
  },
  {
    "ActionGuid": "7a10709842bd43f0806f883a19928358",
    "Name": "AddPlayBubble",
    "Async": false,
    "Params": "{\"EntityIds\":[121000988],\"EnterRadius\":500,\"LeaveRadius\":1500,\"Flow\":{\"FlowListName\":\"剧情_任务专用冒泡_凌阳线1\",\"FlowId\":8,\"StateId\":1},\"RedDot\":false,\"WaitTime\":10}",
    "ActionId": 3000187
  },
  {
    "ActionGuid": "1984685448d6467fac9fd2df45cb066d",
    "Name": "AddPlayBubble",
    "Async": false,
    "Params": "{\"EntityIds\":[114000872,114000873],\"EnterRadius\":500,\"LeaveRadius\":1500,\"Flow\":{\"FlowListName\":\"剧情_剧情_角色_吟霖线新\",\"FlowId\":107,\"StateId\":1}}",
    "ActionId": 3000005
  },
  {
    "ActionGuid": "bff2154485a04d39b48e81fa6382cb2d",
    "Name": "AddPlayBubble",
    "Async": false,
    "Params": "{\"EntityIds\":[114000883,114000884],\"EnterRadius\":500,\"LeaveRadius\":1500,\"Flow\":{\"FlowListName\":\"剧情_剧情_角色_吟霖线新\",\"FlowId\":107,\"StateId\":2}}",
    "ActionId": 3000008
  },
  {
    "ActionGuid": "6d00b28881744083acadf27609ff6ed0",
    "Name": "AddPlayBubble",
    "Async": false,
    "Params": "{\"EntityIds\":[114000938],\"EnterRadius\":500,\"LeaveRadius\":1500,\"Flow\":{\"FlowListName\":\"剧情_剧情_角色_吟霖线新\",\"FlowId\":107,\"StateId\":9}}",
    "ActionId": 3000034
  },
  {
    "ActionGuid": "d786eae2f7fa4e33bfdf73fc0c2ed5f7",
    "Name": "AddPlayBubble",
    "Async": false,
    "Params": "{\"EntityIds\":[114800073,114000945],\"EnterRadius\":500,\"LeaveRadius\":1500,\"Flow\":{\"FlowListName\":\"剧情_剧情_角色_吟霖线新\",\"FlowId\":107,\"StateId\":10}}",
    "ActionId": 3000058
  },
  {
    "ActionGuid": "29fe973731f74202ae33431b29fe6b34",
    "Name": "AddPlayBubble",
    "Async": false,
    "Params": "{\"EntityIds\":[114001161,114001162],\"EnterRadius\":500,\"LeaveRadius\":1500,\"Flow\":{\"FlowListName\":\"剧情_剧情_角色_吟霖线新\",\"FlowId\":107,\"StateId\":12}}",
    "ActionId": 3000070
  },
  {
    "ActionGuid": "dae3e0bf79e043a4bc80fa871edabb90",
    "Name": "AddPlayBubble",
    "Async": false,
    "Params": "{\"EntityIds\":[114800133,114000947],\"EnterRadius\":500,\"LeaveRadius\":1500,\"Flow\":{\"FlowListName\":\"剧情_剧情_角色_吟霖线新\",\"FlowId\":107,\"StateId\":13}}",
    "ActionId": 3000071
  },
  {
    "ActionGuid": "351ff884703044fdab061626f890aef3",
    "Name": "AddPlayBubble",
    "Async": false,
    "Params": "{\"EntityIds\":[27000022,27000023,27000024],\"EnterRadius\":100,\"LeaveRadius\":500,\"Flow\":{\"FlowListName\":\"剧情_QuestText\",\"FlowId\":12},\"WaitTime\":5}",
    "ActionId": 3000043
  },
  {
    "ActionGuid": "7f017d3b976841b8ab1cbb36b0af0f87",
    "Name": "ClearPlayBubble",
    "Async": false,
    "Params": "{\"EntityIds\":[27000022,27000023,27000024]}",
    "ActionId": 3000044
  },
  {
    "ActionGuid": "bf2b2c47b0124df783379bebad86089c",
    "Name": "AddPlayBubble",
    "Async": false,
    "Params": "{\"EntityIds\":[],\"EnterRadius\":500,\"LeaveRadius\":1500,\"Flow\":{\"FlowListName\":\"剧情_任务专用冒泡_余果\",\"FlowId\":1,\"StateId\":1}}",
    "ActionId": 3000044
  },
  {
    "ActionGuid": "bf39de0b528944ab941174e24e9a0f19",
    "Name": "AddPlayBubble",
    "Async": false,
    "Params": "{\"EntityIds\":[29000239],\"EnterRadius\":500,\"LeaveRadius\":1500,\"Flow\":{\"FlowListName\":\"剧情_Default\",\"FlowId\":2,\"StateId\":1}}",
    "ActionId": 3000046
  },
  {
    "ActionGuid": "b7b10eef8d204640ae026fe0f31268cd",
    "Name": "ClearPlayBubble",
    "Async": false,
    "Params": "{\"EntityIds\":[29000239]}",
    "ActionId": 3000047
  },
  {
    "ActionGuid": "fd7192cc57bb48c78fe524b6560212b8",
    "Name": "AddPlayBubble",
    "Async": false,
    "Params": "{\"EntityIds\":[29000240],\"EnterRadius\":500,\"LeaveRadius\":1500,\"Flow\":{\"FlowListName\":\"剧情_Default\",\"FlowId\":2,\"StateId\":1}}",
    "ActionId": 3000048
  },
  {
    "ActionGuid": "54fab11193f44b78a9c4499762101a17",
    "Name": "AddPlayBubble",
    "Async": false,
    "Params": "{\"EntityIds\":[29000241],\"EnterRadius\":500,\"LeaveRadius\":1500,\"Flow\":{\"FlowListName\":\"剧情_任务专用冒泡_余果\",\"FlowId\":1,\"StateId\":1},\"RedDot\":true}",
    "ActionId": 3000049
  },
  {
    "ActionGuid": "67c508d0635946b3b0bd98e8c0a25c64",
    "Name": "ClearPlayBubble",
    "Async": false,
    "Params": "{\"EntityIds\":[29000241],\"OnlyClearRedDot\":true}",
    "ActionId": 3000050
  },
  {
    "ActionGuid": "779371b53fca4f178abe1c1afb2179bc",
    "Name": "AddPlayBubble",
    "Async": false,
    "Params": "{\"EntityIds\":[29000252,29000253],\"EnterRadius\":500,\"LeaveRadius\":1500,\"Flow\":{\"FlowListName\":\"剧情_任务专用冒泡_寸草心\",\"FlowId\":3,\"StateId\":1}}",
    "ActionId": 3000057
  },
  {
    "ActionGuid": "e8b79d968d3f49c280807ffcc5539b0e",
    "Name": "ClearPlayBubble",
    "Async": false,
    "Params": "{\"EntityIds\":[29000252,29000253]}",
    "ActionId": 3000058
  },
  {
    "ActionGuid": "a30bdaa3d3da4e0e8828f6a0e02a2bad",
    "Name": "AddPlayBubble",
    "Async": false,
    "Params": "{\"EntityIds\":[114001190,114001189],\"EnterRadius\":500,\"LeaveRadius\":1500,\"Flow\":{\"FlowListName\":\"剧情_新主线_第四章\",\"FlowId\":81,\"StateId\":1}}",
    "ActionId": 3000028
  },
  {
    "ActionGuid": "1b06dedc5fa4434191678aaffd62bab9",
    "Name": "AddPlayBubble",
    "Async": false,
    "Params": "{\"EntityIds\":[114001056],\"EnterRadius\":500,\"LeaveRadius\":1500,\"Flow\":{\"FlowListName\":\"剧情_新主线_第四章\",\"FlowId\":81,\"StateId\":2}}",
    "ActionId": 3000029
  },
  {
    "ActionGuid": "9ed80103c2de44e8b5ea37b8e169c0f6",
    "Name": "AddPlayBubble",
    "Async": false,
    "Params": "{\"EntityIds\":[114000732,114000737],\"EnterRadius\":500,\"LeaveRadius\":1500,\"Flow\":{\"FlowListName\":\"剧情_新主线_第四章\",\"FlowId\":81,\"StateId\":3}}",
    "ActionId": 3000041
  },
  {
    "ActionGuid": "d94dcdf574534430a19286ae62d40e21",
    "Name": "AddPlayBubble",
    "Async": false,
    "Params": "{\"EntityIds\":[114001105,114001106,114001107],\"EnterRadius\":500,\"LeaveRadius\":1500,\"Flow\":{\"FlowListName\":\"剧情_新主线_第四章\",\"FlowId\":81,\"StateId\":12}}",
    "ActionId": 3000045
  },
  {
    "ActionGuid": "f4363cda0559483f9cdbd704a688fe11",
    "Name": "AddPlayBubble",
    "Async": false,
    "Params": "{\"EntityIds\":[114001109,114001110,114001244],\"EnterRadius\":500,\"LeaveRadius\":1500,\"Flow\":{\"FlowListName\":\"剧情_新主线_第四章\",\"FlowId\":81,\"StateId\":13}}",
    "ActionId": 3000047
  },
  {
    "ActionGuid": "10a6143fb03647ed967b46e5a16d86e4",
    "Name": "AddPlayBubble",
    "Async": false,
    "Params": "{\"EntityIds\":[114001226,114001133],\"EnterRadius\":500,\"LeaveRadius\":1500,\"Flow\":{\"FlowListName\":\"剧情_新主线_第四章\",\"FlowId\":81,\"StateId\":14}}",
    "ActionId": 3000052
  },
  {
    "ActionGuid": "12f4072fe8494e9092c6980a9f96f6cb",
    "Name": "AddPlayBubble",
    "Async": false,
    "Params": "{\"EntityIds\":[121000886,121000941],\"EnterRadius\":500,\"LeaveRadius\":1500,\"Flow\":{\"FlowListName\":\"剧情_任务专用冒泡_凌阳线1\",\"FlowId\":4,\"StateId\":1}}",
    "ActionId": 3000011
  },
  {
    "ActionGuid": "9036e7dfb912458e9994ece3dbe81d5e",
    "Name": "AddPlayBubble",
    "Async": false,
    "Params": "{\"EntityIds\":[114800078,114001176],\"EnterRadius\":500,\"LeaveRadius\":1500,\"Flow\":{\"FlowListName\":\"剧情_剧情_角色_吟霖线新\",\"FlowId\":107,\"StateId\":11}}",
    "ActionId": 3000031
  },
  {
    "ActionGuid": "0fb48e43d4d84f9f8852af19a7efe786",
    "Name": "AddPlayBubble",
    "Async": false,
    "Params": "{\"EntityIds\":[114000660,114000659,114000658,114001029],\"EnterRadius\":500,\"LeaveRadius\":1500,\"Flow\":{\"FlowListName\":\"剧情_任务专用冒泡_刘梦蝶\",\"FlowId\":4,\"StateId\":1}}",
    "ActionId": 3000002
  },
  {
    "ActionGuid": "a48ca0481f6d4f3094aeb4e5ced7742a",
    "Name": "AddPlayBubble",
    "Async": false,
    "Params": "{\"EntityIds\":[140800703,140800704,140800701,140800700,140800699,140800702],\"EnterRadius\":1500,\"LeaveRadius\":1800,\"Flow\":{\"FlowListName\":\"剧情_天城生态_NPC\",\"FlowId\":57},\"WaitTime\":5}",
    "ActionId": 3000256
  },
  {
    "ActionGuid": "f790f4b6a788448185d834b0da1f2dc6",
    "Name": "AddPlayBubble",
    "Async": false,
    "Params": "{\"EntityIds\":[29700008],\"EnterRadius\":500,\"LeaveRadius\":1500,\"Flow\":{\"FlowListName\":\"剧情_NPCFlowTest01\",\"FlowId\":1,\"StateId\":1}}",
    "ActionId": 3000014
  },
  {
    "ActionGuid": "dd9ab5e183264be7a4d943f8acba6871",
    "Name": "AddPlayBubble",
    "Async": false,
    "Params": "{\"EntityIds\":[],\"EnterRadius\":500,\"LeaveRadius\":1500,\"Flow\":{\"FlowListName\":\"剧情_1.2同行插曲支线2\",\"FlowId\":4,\"StateId\":1}}",
    "ActionId": 3000023
  },
  {
    "ActionGuid": "e01b8c3ceecb4aa4a91ccc2c0f61f9ca",
    "Name": "AddPlayBubble",
    "Async": false,
    "Params": "{\"EntityIds\":[139700008],\"EnterRadius\":500,\"LeaveRadius\":1500,\"Flow\":{\"FlowListName\":\"剧情_活动_仿声骸会梦到电子羊么\",\"FlowId\":3,\"StateId\":1}}",
    "ActionId": 3000006
  },
  {
    "ActionGuid": "4826007408df4c68879662ef9f9a739e",
    "Name": "AddPlayBubble",
    "Async": false,
    "Params": "{\"EntityIds\":[139700039,139700038],\"EnterRadius\":500,\"LeaveRadius\":1500,\"Flow\":{\"FlowListName\":\"剧情_1.2同行插曲支线2\",\"FlowId\":3,\"StateId\":1}}",
    "ActionId": 3000025
  },
  {
    "ActionGuid": "579641c454134a588f1b030d6aa05856",
    "Name": "ClearPlayBubble",
    "Async": false,
    "Params": "{\"EntityIds\":[311000394]}",
    "ActionId": 3000051
  },
  {
    "ActionGuid": "6f3927e3af4f4adcbc75330e9a3553ab",
    "Name": "AddPlayBubble",
    "Async": false,
    "Params": "{\"EntityIds\":[311000394],\"EnterRadius\":500,\"LeaveRadius\":1500,\"Flow\":{\"FlowListName\":\"剧情_1_2_角色_折枝线\",\"FlowId\":3,\"StateId\":13}}",
    "ActionId": 3000049
  },
  {
    "ActionGuid": "049a6887ed0e4c35b3595f648e0488b8",
    "Name": "AddPlayBubble",
    "Async": false,
    "Params": "{\"EntityIds\":[311700163,311700162],\"EnterRadius\":500,\"LeaveRadius\":1500,\"Flow\":{\"FlowListName\":\"剧情_1_2_角色_折枝线\",\"FlowId\":6,\"StateId\":11}}",
    "ActionId": 3000121
  },
  {
    "ActionGuid": "9a9c416ddf7846d28decff38476981c7",
    "Name": "AddPlayBubble",
    "Async": false,
    "Params": "{\"EntityIds\":[311700132,311700161],\"EnterRadius\":500,\"LeaveRadius\":1500,\"Flow\":{\"FlowListName\":\"剧情_1_2_角色_折枝线\",\"FlowId\":6,\"StateId\":9}}",
    "ActionId": 3000120
  },
  {
    "ActionGuid": "f9ad276cea5346c1b4329569f7be275b",
    "Name": "AddPlayBubble",
    "Async": false,
    "Params": "{\"EntityIds\":[311700130,311700165,311700164],\"EnterRadius\":500,\"LeaveRadius\":1500,\"Flow\":{\"FlowListName\":\"剧情_1_2_角色_折枝线\",\"FlowId\":6,\"StateId\":13}}",
    "ActionId": 3000123
  },
  {
    "ActionGuid": "e9c2b66329f64f38a25b6d37d5eddc1e",
    "Name": "AddPlayBubble",
    "Async": false,
    "Params": "{\"EntityIds\":[311700118,311700117],\"EnterRadius\":500,\"LeaveRadius\":1500,\"Flow\":{\"FlowListName\":\"剧情_1_2_角色_折枝线\",\"FlowId\":6,\"StateId\":14},\"WaitTime\":50}",
    "ActionId": 3000048
  }
]