[
  {
    "DifficultyLevel": 1,
    "RoleLevel": 5,
    "WeaponLevel": 1,
    "EquipLevel": 0,
    "SkillLevel": 0
  },
  {
    "DifficultyLevel": 2,
    "RoleLevel": 5,
    "WeaponLevel": 1,
    "EquipLevel": 0,
    "SkillLevel": 0
  },
  {
    "DifficultyLevel": 3,
    "RoleLevel": 5,
    "WeaponLevel": 1,
    "EquipLevel": 0,
    "SkillLevel": 0
  },
  {
    "DifficultyLevel": 4,
    "RoleLevel": 5,
    "WeaponLevel": 1,
    "EquipLevel": 0,
    "SkillLevel": 0
  },
  {
    "DifficultyLevel": 5,
    "RoleLevel": 10,
    "WeaponLevel": 10,
    "EquipLevel": 0,
    "SkillLevel": 0
  },
  {
    "DifficultyLevel": 6,
    "RoleLevel": 10,
    "WeaponLevel": 10,
    "EquipLevel": 0,
    "SkillLevel": 0
  },
  {
    "DifficultyLevel": 7,
    "RoleLevel": 10,
    "WeaponLevel": 10,
    "EquipLevel": 0,
    "SkillLevel": 0
  },
  {
    "DifficultyLevel": 8,
    "RoleLevel": 20,
    "WeaponLevel": 20,
    "EquipLevel": 0,
    "SkillLevel": 0
  },
  {
    "DifficultyLevel": 9,
    "RoleLevel": 20,
    "WeaponLevel": 20,
    "EquipLevel": 0,
    "SkillLevel": 0
  },
  {
    "DifficultyLevel": 10,
    "RoleLevel": 30,
    "WeaponLevel": 30,
    "EquipLevel": 0,
    "SkillLevel": 0
  },
  {
    "DifficultyLevel": 11,
    "RoleLevel": 30,
    "WeaponLevel": 30,
    "EquipLevel": 0,
    "SkillLevel": 0
  },
  {
    "DifficultyLevel": 12,
    "RoleLevel": 30,
    "WeaponLevel": 30,
    "EquipLevel": 0,
    "SkillLevel": 0
  },
  {
    "DifficultyLevel": 13,
    "RoleLevel": 30,
    "WeaponLevel": 30,
    "EquipLevel": 0,
    "SkillLevel": 0
  },
  {
    "DifficultyLevel": 14,
    "RoleLevel": 30,
    "WeaponLevel": 30,
    "EquipLevel": 0,
    "SkillLevel": 0
  },
  {
    "DifficultyLevel": 15,
    "RoleLevel": 35,
    "WeaponLevel": 35,
    "EquipLevel": 0,
    "SkillLevel": 0
  },
  {
    "DifficultyLevel": 16,
    "RoleLevel": 35,
    "WeaponLevel": 35,
    "EquipLevel": 0,
    "SkillLevel": 0
  },
  {
    "DifficultyLevel": 17,
    "RoleLevel": 35,
    "WeaponLevel": 35,
    "EquipLevel": 0,
    "SkillLevel": 0
  },
  {
    "DifficultyLevel": 18,
    "RoleLevel": 35,
    "WeaponLevel": 35,
    "EquipLevel": 0,
    "SkillLevel": 0
  },
  {
    "DifficultyLevel": 19,
    "RoleLevel": 35,
    "WeaponLevel": 35,
    "EquipLevel": 0,
    "SkillLevel": 0
  },
  {
    "DifficultyLevel": 20,
    "RoleLevel": 45,
    "WeaponLevel": 45,
    "EquipLevel": 10,
    "SkillLevel": 2
  },
  {
    "DifficultyLevel": 21,
    "RoleLevel": 45,
    "WeaponLevel": 45,
    "EquipLevel": 10,
    "SkillLevel": 2
  },
  {
    "DifficultyLevel": 22,
    "RoleLevel": 45,
    "WeaponLevel": 45,
    "EquipLevel": 10,
    "SkillLevel": 2
  },
  {
    "DifficultyLevel": 23,
    "RoleLevel": 45,
    "WeaponLevel": 45,
    "EquipLevel": 10,
    "SkillLevel": 2
  },
  {
    "DifficultyLevel": 24,
    "RoleLevel": 45,
    "WeaponLevel": 45,
    "EquipLevel": 10,
    "SkillLevel": 2
  },
  {
    "DifficultyLevel": 25,
    "RoleLevel": 50,
    "WeaponLevel": 50,
    "EquipLevel": 10,
    "SkillLevel": 2
  },
  {
    "DifficultyLevel": 26,
    "RoleLevel": 50,
    "WeaponLevel": 50,
    "EquipLevel": 10,
    "SkillLevel": 2
  },
  {
    "DifficultyLevel": 27,
    "RoleLevel": 50,
    "WeaponLevel": 50,
    "EquipLevel": 10,
    "SkillLevel": 2
  },
  {
    "DifficultyLevel": 28,
    "RoleLevel": 50,
    "WeaponLevel": 50,
    "EquipLevel": 10,
    "SkillLevel": 2
  },
  {
    "DifficultyLevel": 29,
    "RoleLevel": 50,
    "WeaponLevel": 50,
    "EquipLevel": 10,
    "SkillLevel": 2
  },
  {
    "DifficultyLevel": 30,
    "RoleLevel": 55,
    "WeaponLevel": 55,
    "EquipLevel": 15,
    "SkillLevel": 3
  },
  {
    "DifficultyLevel": 31,
    "RoleLevel": 55,
    "WeaponLevel": 55,
    "EquipLevel": 15,
    "SkillLevel": 3
  },
  {
    "DifficultyLevel": 32,
    "RoleLevel": 55,
    "WeaponLevel": 55,
    "EquipLevel": 15,
    "SkillLevel": 3
  },
  {
    "DifficultyLevel": 33,
    "RoleLevel": 55,
    "WeaponLevel": 55,
    "EquipLevel": 15,
    "SkillLevel": 3
  },
  {
    "DifficultyLevel": 34,
    "RoleLevel": 55,
    "WeaponLevel": 55,
    "EquipLevel": 15,
    "SkillLevel": 3
  },
  {
    "DifficultyLevel": 35,
    "RoleLevel": 60,
    "WeaponLevel": 60,
    "EquipLevel": 20,
    "SkillLevel": 3
  },
  {
    "DifficultyLevel": 36,
    "RoleLevel": 60,
    "WeaponLevel": 60,
    "EquipLevel": 20,
    "SkillLevel": 3
  },
  {
    "DifficultyLevel": 37,
    "RoleLevel": 60,
    "WeaponLevel": 60,
    "EquipLevel": 20,
    "SkillLevel": 3
  },
  {
    "DifficultyLevel": 38,
    "RoleLevel": 60,
    "WeaponLevel": 60,
    "EquipLevel": 20,
    "SkillLevel": 3
  },
  {
    "DifficultyLevel": 39,
    "RoleLevel": 60,
    "WeaponLevel": 60,
    "EquipLevel": 20,
    "SkillLevel": 3
  },
  {
    "DifficultyLevel": 40,
    "RoleLevel": 65,
    "WeaponLevel": 65,
    "EquipLevel": 20,
    "SkillLevel": 4
  },
  {
    "DifficultyLevel": 41,
    "RoleLevel": 65,
    "WeaponLevel": 65,
    "EquipLevel": 20,
    "SkillLevel": 4
  },
  {
    "DifficultyLevel": 42,
    "RoleLevel": 65,
    "WeaponLevel": 65,
    "EquipLevel": 20,
    "SkillLevel": 4
  },
  {
    "DifficultyLevel": 43,
    "RoleLevel": 65,
    "WeaponLevel": 65,
    "EquipLevel": 20,
    "SkillLevel": 4
  },
  {
    "DifficultyLevel": 44,
    "RoleLevel": 65,
    "WeaponLevel": 65,
    "EquipLevel": 20,
    "SkillLevel": 4
  },
  {
    "DifficultyLevel": 45,
    "RoleLevel": 70,
    "WeaponLevel": 70,
    "EquipLevel": 25,
    "SkillLevel": 4
  },
  {
    "DifficultyLevel": 46,
    "RoleLevel": 70,
    "WeaponLevel": 70,
    "EquipLevel": 25,
    "SkillLevel": 4
  },
  {
    "DifficultyLevel": 47,
    "RoleLevel": 70,
    "WeaponLevel": 70,
    "EquipLevel": 25,
    "SkillLevel": 4
  },
  {
    "DifficultyLevel": 48,
    "RoleLevel": 70,
    "WeaponLevel": 70,
    "EquipLevel": 25,
    "SkillLevel": 4
  },
  {
    "DifficultyLevel": 49,
    "RoleLevel": 70,
    "WeaponLevel": 70,
    "EquipLevel": 25,
    "SkillLevel": 4
  },
  {
    "DifficultyLevel": 50,
    "RoleLevel": 75,
    "WeaponLevel": 75,
    "EquipLevel": 25,
    "SkillLevel": 5
  },
  {
    "DifficultyLevel": 51,
    "RoleLevel": 75,
    "WeaponLevel": 75,
    "EquipLevel": 25,
    "SkillLevel": 5
  },
  {
    "DifficultyLevel": 52,
    "RoleLevel": 75,
    "WeaponLevel": 75,
    "EquipLevel": 25,
    "SkillLevel": 5
  },
  {
    "DifficultyLevel": 53,
    "RoleLevel": 75,
    "WeaponLevel": 75,
    "EquipLevel": 25,
    "SkillLevel": 5
  },
  {
    "DifficultyLevel": 54,
    "RoleLevel": 75,
    "WeaponLevel": 75,
    "EquipLevel": 25,
    "SkillLevel": 5
  },
  {
    "DifficultyLevel": 55,
    "RoleLevel": 80,
    "WeaponLevel": 80,
    "EquipLevel": 25,
    "SkillLevel": 5
  },
  {
    "DifficultyLevel": 56,
    "RoleLevel": 80,
    "WeaponLevel": 80,
    "EquipLevel": 25,
    "SkillLevel": 5
  },
  {
    "DifficultyLevel": 57,
    "RoleLevel": 80,
    "WeaponLevel": 80,
    "EquipLevel": 25,
    "SkillLevel": 5
  },
  {
    "DifficultyLevel": 58,
    "RoleLevel": 80,
    "WeaponLevel": 80,
    "EquipLevel": 25,
    "SkillLevel": 5
  },
  {
    "DifficultyLevel": 59,
    "RoleLevel": 80,
    "WeaponLevel": 80,
    "EquipLevel": 25,
    "SkillLevel": 5
  },
  {
    "DifficultyLevel": 60,
    "RoleLevel": 90,
    "WeaponLevel": 90,
    "EquipLevel": 25,
    "SkillLevel": 6
  },
  {
    "DifficultyLevel": 61,
    "RoleLevel": 90,
    "WeaponLevel": 90,
    "EquipLevel": 25,
    "SkillLevel": 6
  },
  {
    "DifficultyLevel": 62,
    "RoleLevel": 90,
    "WeaponLevel": 90,
    "EquipLevel": 25,
    "SkillLevel": 6
  },
  {
    "DifficultyLevel": 63,
    "RoleLevel": 90,
    "WeaponLevel": 90,
    "EquipLevel": 25,
    "SkillLevel": 6
  },
  {
    "DifficultyLevel": 64,
    "RoleLevel": 90,
    "WeaponLevel": 90,
    "EquipLevel": 25,
    "SkillLevel": 6
  },
  {
    "DifficultyLevel": 65,
    "RoleLevel": 90,
    "WeaponLevel": 90,
    "EquipLevel": 25,
    "SkillLevel": 6
  },
  {
    "DifficultyLevel": 66,
    "RoleLevel": 90,
    "WeaponLevel": 90,
    "EquipLevel": 25,
    "SkillLevel": 6
  },
  {
    "DifficultyLevel": 67,
    "RoleLevel": 90,
    "WeaponLevel": 90,
    "EquipLevel": 25,
    "SkillLevel": 6
  },
  {
    "DifficultyLevel": 68,
    "RoleLevel": 90,
    "WeaponLevel": 90,
    "EquipLevel": 25,
    "SkillLevel": 6
  },
  {
    "DifficultyLevel": 69,
    "RoleLevel": 90,
    "WeaponLevel": 90,
    "EquipLevel": 25,
    "SkillLevel": 6
  },
  {
    "DifficultyLevel": 70,
    "RoleLevel": 90,
    "WeaponLevel": 90,
    "EquipLevel": 25,
    "SkillLevel": 7
  },
  {
    "DifficultyLevel": 71,
    "RoleLevel": 90,
    "WeaponLevel": 90,
    "EquipLevel": 25,
    "SkillLevel": 7
  },
  {
    "DifficultyLevel": 72,
    "RoleLevel": 90,
    "WeaponLevel": 90,
    "EquipLevel": 25,
    "SkillLevel": 7
  },
  {
    "DifficultyLevel": 73,
    "RoleLevel": 90,
    "WeaponLevel": 90,
    "EquipLevel": 25,
    "SkillLevel": 7
  },
  {
    "DifficultyLevel": 74,
    "RoleLevel": 90,
    "WeaponLevel": 90,
    "EquipLevel": 25,
    "SkillLevel": 7
  },
  {
    "DifficultyLevel": 75,
    "RoleLevel": 90,
    "WeaponLevel": 90,
    "EquipLevel": 25,
    "SkillLevel": 7
  },
  {
    "DifficultyLevel": 76,
    "RoleLevel": 90,
    "WeaponLevel": 90,
    "EquipLevel": 25,
    "SkillLevel": 7
  },
  {
    "DifficultyLevel": 77,
    "RoleLevel": 90,
    "WeaponLevel": 90,
    "EquipLevel": 25,
    "SkillLevel": 7
  },
  {
    "DifficultyLevel": 78,
    "RoleLevel": 90,
    "WeaponLevel": 90,
    "EquipLevel": 25,
    "SkillLevel": 7
  },
  {
    "DifficultyLevel": 79,
    "RoleLevel": 90,
    "WeaponLevel": 90,
    "EquipLevel": 25,
    "SkillLevel": 7
  },
  {
    "DifficultyLevel": 80,
    "RoleLevel": 90,
    "WeaponLevel": 90,
    "EquipLevel": 25,
    "SkillLevel": 8
  },
  {
    "DifficultyLevel": 81,
    "RoleLevel": 90,
    "WeaponLevel": 90,
    "EquipLevel": 25,
    "SkillLevel": 8
  },
  {
    "DifficultyLevel": 82,
    "RoleLevel": 90,
    "WeaponLevel": 90,
    "EquipLevel": 25,
    "SkillLevel": 8
  },
  {
    "DifficultyLevel": 83,
    "RoleLevel": 90,
    "WeaponLevel": 90,
    "EquipLevel": 25,
    "SkillLevel": 8
  },
  {
    "DifficultyLevel": 84,
    "RoleLevel": 90,
    "WeaponLevel": 90,
    "EquipLevel": 25,
    "SkillLevel": 8
  },
  {
    "DifficultyLevel": 85,
    "RoleLevel": 90,
    "WeaponLevel": 90,
    "EquipLevel": 25,
    "SkillLevel": 8
  },
  {
    "DifficultyLevel": 86,
    "RoleLevel": 90,
    "WeaponLevel": 90,
    "EquipLevel": 25,
    "SkillLevel": 8
  },
  {
    "DifficultyLevel": 87,
    "RoleLevel": 90,
    "WeaponLevel": 90,
    "EquipLevel": 25,
    "SkillLevel": 8
  },
  {
    "DifficultyLevel": 88,
    "RoleLevel": 90,
    "WeaponLevel": 90,
    "EquipLevel": 25,
    "SkillLevel": 8
  },
  {
    "DifficultyLevel": 89,
    "RoleLevel": 90,
    "WeaponLevel": 90,
    "EquipLevel": 25,
    "SkillLevel": 8
  },
  {
    "DifficultyLevel": 90,
    "RoleLevel": 90,
    "WeaponLevel": 90,
    "EquipLevel": 25,
    "SkillLevel": 8
  },
  {
    "DifficultyLevel": 91,
    "RoleLevel": 90,
    "WeaponLevel": 90,
    "EquipLevel": 25,
    "SkillLevel": 8
  },
  {
    "DifficultyLevel": 92,
    "RoleLevel": 90,
    "WeaponLevel": 90,
    "EquipLevel": 25,
    "SkillLevel": 8
  },
  {
    "DifficultyLevel": 93,
    "RoleLevel": 90,
    "WeaponLevel": 90,
    "EquipLevel": 25,
    "SkillLevel": 8
  },
  {
    "DifficultyLevel": 94,
    "RoleLevel": 90,
    "WeaponLevel": 90,
    "EquipLevel": 25,
    "SkillLevel": 8
  },
  {
    "DifficultyLevel": 95,
    "RoleLevel": 90,
    "WeaponLevel": 90,
    "EquipLevel": 25,
    "SkillLevel": 8
  },
  {
    "DifficultyLevel": 96,
    "RoleLevel": 90,
    "WeaponLevel": 90,
    "EquipLevel": 25,
    "SkillLevel": 8
  },
  {
    "DifficultyLevel": 97,
    "RoleLevel": 90,
    "WeaponLevel": 90,
    "EquipLevel": 25,
    "SkillLevel": 8
  },
  {
    "DifficultyLevel": 98,
    "RoleLevel": 90,
    "WeaponLevel": 90,
    "EquipLevel": 25,
    "SkillLevel": 8
  },
  {
    "DifficultyLevel": 99,
    "RoleLevel": 90,
    "WeaponLevel": 90,
    "EquipLevel": 25,
    "SkillLevel": 8
  },
  {
    "DifficultyLevel": 100,
    "RoleLevel": 90,
    "WeaponLevel": 90,
    "EquipLevel": 25,
    "SkillLevel": 8
  }
]