[
  {
    "Id": 1,
    "Type": 1,
    "SummaryTitle": "Text_SummaryTitle1_Text",
    "SummaryDescribe": "Text_SummaryDescribe1_Text",
    "ThemeColor": "FBFAFFFF",
    "TextTexture": "/Game/Aki/UI/UIResources/Common/Image/Luckdraw/T_LuckdrawTextBeginner.T_LuckdrawTextBeginner",
    "ContentTexturePath": "",
    "ContentTextureBgPath": "/Game/Aki/UI/UIResources/Common/Image/Luckdraw/T_LuckdraRoleBg00.T_LuckdraRoleBg00",
    "UnderBgTexturePath": "/Game/Aki/UI/UIResources/Common/Image/BgCgBig/T_LuckdrawBg04.T_LuckdrawBg04",
    "TagNotSelectedSpritePath": "/Game/Aki/UI/UIResources/UiLuckdraw/Atlas/SP_TabNewNor.SP_TabNewNor",
    "TagSelectedSpritePath": "/Game/Aki/UI/UIResources/UiLuckdraw/Atlas/SP_TabNewSele.SP_TabNewSele",
    "WeaponPrefabPath": "",
    "UpList": {
      "PKa": [],
      "length": 0
    },
    "ShowIdList": [
      1203,
      1405,
      1104
    ],
    "PreviewIdList": [
      1203,
      1405,
      1104,
      1503,
      1301
    ]
  },
  {
    "Id": 2,
    "Type": 4,
    "SummaryTitle": "Text_SummaryTitle2_Text",
    "SummaryDescribe": "Text_SummaryDescribe2_Text",
    "ThemeColor": "68A6BFFF",
    "TextTexture": "/Game/Aki/UI/UIResources/Common/Image/Luckdraw/T_LuckdrawTextPermanent_R.T_LuckdrawTextPermanent_R",
    "ContentTexturePath": "",
    "ContentTextureBgPath": "",
    "UnderBgTexturePath": "/Game/Aki/UI/UIResources/Common/Image/BgCgBig/T_LuckdrawBg02.T_LuckdrawBg02",
    "TagNotSelectedSpritePath": "/Game/Aki/UI/UIResources/UiLuckdraw/Atlas/SP_TabFrontNor.SP_TabFrontNor",
    "TagSelectedSpritePath": "/Game/Aki/UI/UIResources/UiLuckdraw/Atlas/SP_TabFrontSele.SP_TabFrontSele",
    "WeaponPrefabPath": "",
    "UpList": {
      "PKa": [],
      "length": 0
    },
    "ShowIdList": [
      1203,
      1405,
      1104
    ],
    "PreviewIdList": [
      1203,
      1405,
      1104,
      1503,
      1301
    ]
  },
  {
    "Id": 31,
    "Type": 5,
    "SummaryTitle": "Text_SummaryTitle31_Text",
    "SummaryDescribe": "Text_SummaryDescribe3_Text",
    "ThemeColor": "5DABFEFF",
    "TextTexture": "/Game/Aki/UI/UIResources/Common/Image/Luckdraw/T_LuckdrawTextPermanent_W.T_LuckdrawTextPermanent_W",
    "ContentTexturePath": "/Game/Aki/UI/UIResources/Common/Image/Luckdraw/T_LuckdraWeapon02.T_LuckdraWeapon02",
    "ContentTextureBgPath": "",
    "UnderBgTexturePath": "/Game/Aki/UI/UIResources/Common/Image/BgCgBig/T_LuckdrawBg50.T_LuckdrawBg50",
    "TagNotSelectedSpritePath": "/Game/Aki/UI/UIResources/UiLuckdraw/Atlas/SP_TabPermanentWeaponNor01.SP_TabPermanentWeaponNor01",
    "TagSelectedSpritePath": "/Game/Aki/UI/UIResources/UiLuckdraw/Atlas/SP_TabPermanentWeaponSele01.SP_TabPermanentWeaponSele01",
    "WeaponPrefabPath": "/Game/Aki/UI/UIResources/UiLuckdraw/Prefabs/UiItem_LuckdraWeapon02.UiItem_LuckdraWeapon02",
    "UpList": {
      "PKa": [],
      "length": 0
    },
    "ShowIdList": [
      21010015
    ],
    "PreviewIdList": [
      21010015
    ]
  },
  {
    "Id": 32,
    "Type": 5,
    "SummaryTitle": "Text_SummaryTitle32_Text",
    "SummaryDescribe": "Text_SummaryDescribe3_Text",
    "ThemeColor": "5DABFEFF",
    "TextTexture": "/Game/Aki/UI/UIResources/Common/Image/Luckdraw/T_LuckdrawTextPermanent_W.T_LuckdrawTextPermanent_W",
    "ContentTexturePath": "/Game/Aki/UI/UIResources/Common/Image/Luckdraw/T_LuckdraWeapon05.T_LuckdraWeapon05",
    "ContentTextureBgPath": "",
    "UnderBgTexturePath": "/Game/Aki/UI/UIResources/Common/Image/BgCgBig/T_LuckdrawBg50.T_LuckdrawBg50",
    "TagNotSelectedSpritePath": "/Game/Aki/UI/UIResources/UiLuckdraw/Atlas/SP_TabPermanentWeaponNor02.SP_TabPermanentWeaponNor02",
    "TagSelectedSpritePath": "/Game/Aki/UI/UIResources/UiLuckdraw/Atlas/SP_TabPermanentWeaponSele02.SP_TabPermanentWeaponSele02",
    "WeaponPrefabPath": "/Game/Aki/UI/UIResources/UiLuckdraw/Prefabs/UiItem_LuckdraWeapon05.UiItem_LuckdraWeapon05",
    "UpList": {
      "PKa": [],
      "length": 0
    },
    "ShowIdList": [
      21020015
    ],
    "PreviewIdList": [
      21020015
    ]
  },
  {
    "Id": 33,
    "Type": 5,
    "SummaryTitle": "Text_SummaryTitle33_Text",
    "SummaryDescribe": "Text_SummaryDescribe3_Text",
    "ThemeColor": "5DABFEFF",
    "TextTexture": "/Game/Aki/UI/UIResources/Common/Image/Luckdraw/T_LuckdrawTextPermanent_W.T_LuckdrawTextPermanent_W",
    "ContentTexturePath": "/Game/Aki/UI/UIResources/Common/Image/Luckdraw/T_LuckdraWeapon04.T_LuckdraWeapon04",
    "ContentTextureBgPath": "",
    "UnderBgTexturePath": "/Game/Aki/UI/UIResources/Common/Image/BgCgBig/T_LuckdrawBg50.T_LuckdrawBg50",
    "TagNotSelectedSpritePath": "/Game/Aki/UI/UIResources/UiLuckdraw/Atlas/SP_TabPermanentWeaponNor.SP_TabPermanentWeaponNor",
    "TagSelectedSpritePath": "/Game/Aki/UI/UIResources/UiLuckdraw/Atlas/SP_TabPermanentWeaponSele.SP_TabPermanentWeaponSele",
    "WeaponPrefabPath": "/Game/Aki/UI/UIResources/UiLuckdraw/Prefabs/UiItem_LuckdraWeapon04.UiItem_LuckdraWeapon04",
    "UpList": {
      "PKa": [],
      "length": 0
    },
    "ShowIdList": [
      21030015
    ],
    "PreviewIdList": [
      21030015
    ]
  },
  {
    "Id": 34,
    "Type": 5,
    "SummaryTitle": "Text_SummaryTitle34_Text",
    "SummaryDescribe": "Text_SummaryDescribe3_Text",
    "ThemeColor": "5DABFEFF",
    "TextTexture": "/Game/Aki/UI/UIResources/Common/Image/Luckdraw/T_LuckdrawTextPermanent_W.T_LuckdrawTextPermanent_W",
    "ContentTexturePath": "/Game/Aki/UI/UIResources/Common/Image/Luckdraw/T_LuckdraWeapon01.T_LuckdraWeapon01",
    "ContentTextureBgPath": "",
    "UnderBgTexturePath": "/Game/Aki/UI/UIResources/Common/Image/BgCgBig/T_LuckdrawBg50.T_LuckdrawBg50",
    "TagNotSelectedSpritePath": "/Game/Aki/UI/UIResources/UiLuckdraw/Atlas/SP_TabPermanentWeaponNor03.SP_TabPermanentWeaponNor03",
    "TagSelectedSpritePath": "/Game/Aki/UI/UIResources/UiLuckdraw/Atlas/SP_TabPermanentWeaponSele03.SP_TabPermanentWeaponSele03",
    "WeaponPrefabPath": "/Game/Aki/UI/UIResources/UiLuckdraw/Prefabs/UiItem_LuckdraWeapon01.UiItem_LuckdraWeapon01",
    "UpList": {
      "PKa": [],
      "length": 0
    },
    "ShowIdList": [
      21040015
    ],
    "PreviewIdList": [
      21040015
    ]
  },
  {
    "Id": 35,
    "Type": 5,
    "SummaryTitle": "Text_SummaryTitle35_Text",
    "SummaryDescribe": "Text_SummaryDescribe3_Text",
    "ThemeColor": "5DABFEFF",
    "TextTexture": "/Game/Aki/UI/UIResources/Common/Image/Luckdraw/T_LuckdrawTextPermanent_W.T_LuckdrawTextPermanent_W",
    "ContentTexturePath": "/Game/Aki/UI/UIResources/Common/Image/Luckdraw/T_LuckdraWeapon06.T_LuckdraWeapon06",
    "ContentTextureBgPath": "",
    "UnderBgTexturePath": "/Game/Aki/UI/UIResources/Common/Image/BgCgBig/T_LuckdrawBg50.T_LuckdrawBg50",
    "TagNotSelectedSpritePath": "/Game/Aki/UI/UIResources/UiLuckdraw/Atlas/SP_TabPermanentWeaponNor04.SP_TabPermanentWeaponNor04",
    "TagSelectedSpritePath": "/Game/Aki/UI/UIResources/UiLuckdraw/Atlas/SP_TabPermanentWeaponSele04.SP_TabPermanentWeaponSele04",
    "WeaponPrefabPath": "/Game/Aki/UI/UIResources/UiLuckdraw/Prefabs/UiItem_LuckdraWeapon06.UiItem_LuckdraWeapon06",
    "UpList": {
      "PKa": [],
      "length": 0
    },
    "ShowIdList": [
      21050015
    ],
    "PreviewIdList": [
      21050015
    ]
  },
  {
    "Id": 100001,
    "Type": 2,
    "SummaryTitle": "Text_SummaryTitle100001_Text",
    "SummaryDescribe": "Text_SummaryDescribe100001_Text",
    "ThemeColor": "00847FFF",
    "TextTexture": "/Game/Aki/UI/UIResources/Common/Image/Luckdraw/T_LuckdrawTextJiyan_R.T_LuckdrawTextJiyan_R",
    "ContentTexturePath": "/Game/Aki/UI/UIResources/Common/Image/Luckdraw/T_LuckdraUpRole01.T_LuckdraUpRole01",
    "ContentTextureBgPath": "/Game/Aki/UI/UIResources/Common/Image/Luckdraw/T_LuckdraUpRole01Bg.T_LuckdraUpRole01Bg",
    "UnderBgTexturePath": "/Game/Aki/UI/UIResources/Common/Image/BgCgBig/T_LuckdrawBg03.T_LuckdrawBg03",
    "TagNotSelectedSpritePath": "/Game/Aki/UI/UIResources/UiLuckdraw/Atlas/SP_TabJiyanNor.SP_TabJiyanNor",
    "TagSelectedSpritePath": "/Game/Aki/UI/UIResources/UiLuckdraw/Atlas/SP_TabJiyanSele.SP_TabJiyanSele",
    "WeaponPrefabPath": "",
    "UpList": [
      1602,
      1202,
      1204
    ],
    "ShowIdList": [
      1404
    ],
    "PreviewIdList": [
      1404,
      1602,
      1202,
      1204
    ]
  },
  {
    "Id": 100002,
    "Type": 2,
    "SummaryTitle": "Text_SummaryTitle100002_Text",
    "SummaryDescribe": "Text_SummaryDescribe100002_Text",
    "ThemeColor": "F25B62FF",
    "TextTexture": "/Game/Aki/UI/UIResources/Common/Image/Luckdraw/T_LuckdrawTextYinlin_R.T_LuckdrawTextYinlin_R",
    "ContentTexturePath": "/Game/Aki/UI/UIResources/Common/Image/Luckdraw/T_LuckdraUpRole02.T_LuckdraUpRole02",
    "ContentTextureBgPath": "/Game/Aki/UI/UIResources/Common/Image/Luckdraw/T_LuckdraUpRole02Bg.T_LuckdraUpRole02Bg",
    "UnderBgTexturePath": "/Game/Aki/UI/UIResources/Common/Image/BgCgBig/T_LuckdrawBg01.T_LuckdrawBg01",
    "TagNotSelectedSpritePath": "/Game/Aki/UI/UIResources/UiLuckdraw/Atlas/SP_TabYinlinNor.SP_TabYinlinNor",
    "TagSelectedSpritePath": "/Game/Aki/UI/UIResources/UiLuckdraw/Atlas/SP_TabYinlinSele.SP_TabYinlinSele",
    "WeaponPrefabPath": "",
    "UpList": [
      1601,
      1403,
      1303
    ],
    "ShowIdList": [
      1302
    ],
    "PreviewIdList": [
      1302,
      1601,
      1403,
      1303
    ]
  },
  {
    "Id": 200001,
    "Type": 3,
    "SummaryTitle": "Text_SummaryTitle200001_Text",
    "SummaryDescribe": "Text_SummaryDescribe200001_Text",
    "ThemeColor": "00847FFF",
    "TextTexture": "/Game/Aki/UI/UIResources/Common/Image/Luckdraw/T_LuckdrawTextJiyan_W.T_LuckdrawTextJiyan_W",
    "ContentTexturePath": "/Game/Aki/UI/UIResources/Common/Image/Luckdraw/T_LuckdraWeapon03.T_LuckdraWeapon03",
    "ContentTextureBgPath": "",
    "UnderBgTexturePath": "/Game/Aki/UI/UIResources/Common/Image/BgCgBig/T_LuckdrawBg52.T_LuckdrawBg52",
    "TagNotSelectedSpritePath": "/Game/Aki/UI/UIResources/UiLuckdraw/Atlas/SP_TabJiyanWeaponNor.SP_TabJiyanWeaponNor",
    "TagSelectedSpritePath": "/Game/Aki/UI/UIResources/UiLuckdraw/Atlas/SP_TabJiyanWeaponSele.SP_TabJiyanWeaponSele",
    "WeaponPrefabPath": "/Game/Aki/UI/UIResources/UiLuckdraw/Prefabs/UiItem_LuckdraWeapon03.UiItem_LuckdraWeapon03",
    "UpList": [
      21010044,
      21050024,
      21040064
    ],
    "ShowIdList": [
      21010016
    ],
    "PreviewIdList": [
      21010016,
      21010044,
      21050024,
      21040064
    ]
  },
  {
    "Id": 200002,
    "Type": 3,
    "SummaryTitle": "Text_SummaryTitle200002_Text",
    "SummaryDescribe": "Text_SummaryDescribe200002_Text",
    "ThemeColor": "F25B62FF",
    "TextTexture": "/Game/Aki/UI/UIResources/Common/Image/Luckdraw/T_LuckdrawTextYinlin_W.T_LuckdrawTextYinlin_W",
    "ContentTexturePath": "/Game/Aki/UI/UIResources/Common/Image/Luckdraw/T_LuckdraWeapon07.T_LuckdraWeapon07",
    "ContentTextureBgPath": "",
    "UnderBgTexturePath": "/Game/Aki/UI/UIResources/Common/Image/BgCgBig/T_LuckdrawBg54.T_LuckdrawBg54",
    "TagNotSelectedSpritePath": "/Game/Aki/UI/UIResources/UiLuckdraw/Atlas/SP_TabYinlinWeaponNor.SP_TabYinlinWeaponNor",
    "TagSelectedSpritePath": "/Game/Aki/UI/UIResources/UiLuckdraw/Atlas/SP_TabYinlinWeaponSele.SP_TabYinlinWeaponSele",
    "WeaponPrefabPath": "/Game/Aki/UI/UIResources/UiLuckdraw/Prefabs/UiItem_LuckdraWeapon07.UiItem_LuckdraWeapon07",
    "UpList": [
      21050044,
      21030024,
      21020064
    ],
    "ShowIdList": [
      21050016
    ],
    "PreviewIdList": [
      21050016,
      21050044,
      21030024,
      21020064
    ]
  },
  {
    "Id": 41,
    "Type": 6,
    "SummaryTitle": "Text_SummaryTitle41_Text",
    "SummaryDescribe": "Text_SummaryDescribe4_Text",
    "ThemeColor": "FFFFFFFF",
    "TextTexture": "/Game/Aki/UI/UIResources/Common/Image/Luckdraw/T_LuckdrawTextOptional.T_LuckdrawTextOptional",
    "ContentTexturePath": "/Game/Aki/UI/UIResources/Common/Image/Luckdraw/T_LuckdraRoleJianxin.T_LuckdraRoleJianxin",
    "ContentTextureBgPath": "/Game/Aki/UI/UIResources/Common/Image/Luckdraw/T_LuckdraRoleJianxinBg.T_LuckdraRoleJianxinBg",
    "UnderBgTexturePath": "/Game/Aki/UI/UIResources/Common/Image/BgCgBig/T_LuckdrawBg04.T_LuckdrawBg04",
    "TagNotSelectedSpritePath": "/Game/Aki/UI/UIResources/UiLuckdraw/Atlas/SP_TabJianxinNor.SP_TabJianxinNor",
    "TagSelectedSpritePath": "/Game/Aki/UI/UIResources/UiLuckdraw/Atlas/SP_TabJianxinSele.SP_TabJianxinSele",
    "WeaponPrefabPath": "",
    "UpList": {
      "PKa": [],
      "length": 0
    },
    "ShowIdList": [
      1405
    ],
    "PreviewIdList": [
      1405
    ]
  },
  {
    "Id": 42,
    "Type": 6,
    "SummaryTitle": "Text_SummaryTitle42_Text",
    "SummaryDescribe": "Text_SummaryDescribe4_Text",
    "ThemeColor": "FFFFFFFF",
    "TextTexture": "/Game/Aki/UI/UIResources/Common/Image/Luckdraw/T_LuckdrawTextOptional.T_LuckdrawTextOptional",
    "ContentTexturePath": "/Game/Aki/UI/UIResources/Common/Image/Luckdraw/T_LuckdraRoleKakaluo.T_LuckdraRoleKakaluo",
    "ContentTextureBgPath": "/Game/Aki/UI/UIResources/Common/Image/Luckdraw/T_LuckdraRoleKakaluoBg.T_LuckdraRoleKakaluoBg",
    "UnderBgTexturePath": "/Game/Aki/UI/UIResources/Common/Image/BgCgBig/T_LuckdrawBg04.T_LuckdrawBg04",
    "TagNotSelectedSpritePath": "/Game/Aki/UI/UIResources/UiLuckdraw/Atlas/SP_TabKakaluoNor.SP_TabKakaluoNor",
    "TagSelectedSpritePath": "/Game/Aki/UI/UIResources/UiLuckdraw/Atlas/SP_TabKakaluoSele.SP_TabKakaluoSele",
    "WeaponPrefabPath": "",
    "UpList": {
      "PKa": [],
      "length": 0
    },
    "ShowIdList": [
      1301
    ],
    "PreviewIdList": [
      1301
    ]
  },
  {
    "Id": 43,
    "Type": 6,
    "SummaryTitle": "Text_SummaryTitle43_Text",
    "SummaryDescribe": "Text_SummaryDescribe4_Text",
    "ThemeColor": "FFFFFFFF",
    "TextTexture": "/Game/Aki/UI/UIResources/Common/Image/Luckdraw/T_LuckdrawTextOptional.T_LuckdrawTextOptional",
    "ContentTexturePath": "/Game/Aki/UI/UIResources/Common/Image/Luckdraw/T_LuckdraRoleWeilinai.T_LuckdraRoleWeilinai",
    "ContentTextureBgPath": "/Game/Aki/UI/UIResources/Common/Image/Luckdraw/T_LuckdraRoleWeilinaiBg.T_LuckdraRoleWeilinaiBg",
    "UnderBgTexturePath": "/Game/Aki/UI/UIResources/Common/Image/BgCgBig/T_LuckdrawBg04.T_LuckdrawBg04",
    "TagNotSelectedSpritePath": "/Game/Aki/UI/UIResources/UiLuckdraw/Atlas/SP_TabWeilinaiNor.SP_TabWeilinaiNor",
    "TagSelectedSpritePath": "/Game/Aki/UI/UIResources/UiLuckdraw/Atlas/SP_TabWeilinaiSele.SP_TabWeilinaiSele",
    "WeaponPrefabPath": "",
    "UpList": {
      "PKa": [],
      "length": 0
    },
    "ShowIdList": [
      1503
    ],
    "PreviewIdList": [
      1503
    ]
  },
  {
    "Id": 44,
    "Type": 6,
    "SummaryTitle": "Text_SummaryTitle44_Text",
    "SummaryDescribe": "Text_SummaryDescribe4_Text",
    "ThemeColor": "FFFFFFFF",
    "TextTexture": "/Game/Aki/UI/UIResources/Common/Image/Luckdraw/T_LuckdrawTextOptional.T_LuckdrawTextOptional",
    "ContentTexturePath": "/Game/Aki/UI/UIResources/Common/Image/Luckdraw/T_LuckdraRoleLingyang.T_LuckdraRoleLingyang",
    "ContentTextureBgPath": "/Game/Aki/UI/UIResources/Common/Image/Luckdraw/T_LuckdraRoleLingyangBg.T_LuckdraRoleLingyangBg",
    "UnderBgTexturePath": "/Game/Aki/UI/UIResources/Common/Image/BgCgBig/T_LuckdrawBg04.T_LuckdrawBg04",
    "TagNotSelectedSpritePath": "/Game/Aki/UI/UIResources/UiLuckdraw/Atlas/SP_TabLingyangNor.SP_TabLingyangNor",
    "TagSelectedSpritePath": "/Game/Aki/UI/UIResources/UiLuckdraw/Atlas/SP_TabLingyangSele.SP_TabLingyangSele",
    "WeaponPrefabPath": "",
    "UpList": {
      "PKa": [],
      "length": 0
    },
    "ShowIdList": [
      1104
    ],
    "PreviewIdList": [
      1104
    ]
  },
  {
    "Id": 45,
    "Type": 6,
    "SummaryTitle": "Text_SummaryTitle45_Text",
    "SummaryDescribe": "Text_SummaryDescribe4_Text",
    "ThemeColor": "FFFFFFFF",
    "TextTexture": "/Game/Aki/UI/UIResources/Common/Image/Luckdraw/T_LuckdrawTextOptional.T_LuckdrawTextOptional",
    "ContentTexturePath": "/Game/Aki/UI/UIResources/Common/Image/Luckdraw/T_LuckdraRoleAnke.T_LuckdraRoleAnke",
    "ContentTextureBgPath": "/Game/Aki/UI/UIResources/Common/Image/Luckdraw/T_LuckdraRoleAnkeBg.T_LuckdraRoleAnkeBg",
    "UnderBgTexturePath": "/Game/Aki/UI/UIResources/Common/Image/BgCgBig/T_LuckdrawBg04.T_LuckdrawBg04",
    "TagNotSelectedSpritePath": "/Game/Aki/UI/UIResources/UiLuckdraw/Atlas/SP_TabAnkeNor.SP_TabAnkeNor",
    "TagSelectedSpritePath": "/Game/Aki/UI/UIResources/UiLuckdraw/Atlas/SP_TabAnkeSele.SP_TabAnkeSele",
    "WeaponPrefabPath": "",
    "UpList": {
      "PKa": [],
      "length": 0
    },
    "ShowIdList": [
      1203
    ],
    "PreviewIdList": [
      1203
    ]
  },
  {
    "Id": 100003,
    "Type": 2,
    "SummaryTitle": "Text_SummaryTitle100003_Text",
    "SummaryDescribe": "Text_SummaryDescribe100001_Text",
    "ThemeColor": "F3DC9EFF",
    "TextTexture": "/Game/Aki/UI/UIResources/Common/Image/Luckdraw/T_LuckdrawTextJinxi_R.T_LuckdrawTextJinxi_R",
    "ContentTexturePath": "/Game/Aki/UI/UIResources/Common/Image/Luckdraw/T_LuckdraRoleJinxi.T_LuckdraRoleJinxi",
    "ContentTextureBgPath": "/Game/Aki/UI/UIResources/Common/Image/Luckdraw/T_LuckdraRoleJinxiBg.T_LuckdraRoleJinxiBg",
    "UnderBgTexturePath": "/Game/Aki/UI/UIResources/Common/Image/BgCgBig/T_LuckdrawBg06.T_LuckdrawBg06",
    "TagNotSelectedSpritePath": "/Game/Aki/UI/UIResources/UiLuckdraw/Atlas/SP_TabJinxiNor.SP_TabJinxiNor",
    "TagSelectedSpritePath": "/Game/Aki/UI/UIResources/UiLuckdraw/Atlas/SP_TabJinxiSele.SP_TabJinxiSele",
    "WeaponPrefabPath": "",
    "UpList": [
      1102,
      1402,
      1602
    ],
    "ShowIdList": [
      1304
    ],
    "PreviewIdList": [
      1304,
      1102,
      1402,
      1602
    ]
  },
  {
    "Id": 100004,
    "Type": 2,
    "SummaryTitle": "Text_SummaryTitle100004_Text",
    "SummaryDescribe": "Text_SummaryDescribe100002_Text",
    "ThemeColor": "A73E42FF",
    "TextTexture": "/Game/Aki/UI/UIResources/Common/Image/Luckdraw/T_LuckdrawTextChangli_R.T_LuckdrawTextChangli_R",
    "ContentTexturePath": "/Game/Aki/UI/UIResources/Common/Image/Luckdraw/T_LuckdraRoleChangli.T_LuckdraRoleChangli",
    "ContentTextureBgPath": "/Game/Aki/UI/UIResources/Common/Image/Luckdraw/T_LuckdraRoleChangliBg.T_LuckdraRoleChangliBg",
    "UnderBgTexturePath": "/Game/Aki/UI/UIResources/Common/Image/BgCgBig/T_LuckdrawBg05.T_LuckdrawBg05",
    "TagNotSelectedSpritePath": "/Game/Aki/UI/UIResources/UiLuckdraw/Atlas/SP_TabChangliNor.SP_TabChangliNor",
    "TagSelectedSpritePath": "/Game/Aki/UI/UIResources/UiLuckdraw/Atlas/SP_TabChangliSele.SP_TabChangliSele",
    "WeaponPrefabPath": "",
    "UpList": [
      1103,
      1601,
      1204
    ],
    "ShowIdList": [
      1205
    ],
    "PreviewIdList": [
      1205,
      1103,
      1601,
      1204
    ]
  },
  {
    "Id": 200003,
    "Type": 3,
    "SummaryTitle": "Text_SummaryTitle200003_Text",
    "SummaryDescribe": "Text_SummaryDescribe200001_Text",
    "ThemeColor": "42C2F1FF",
    "TextTexture": "/Game/Aki/UI/UIResources/Common/Image/Luckdraw/T_LuckdrawTextJinxi_W.T_LuckdrawTextJinxi_W",
    "ContentTexturePath": "/Game/Aki/UI/UIResources/Common/Image/Luckdraw/T_LuckdraWeapon09.T_LuckdraWeapon09",
    "ContentTextureBgPath": "",
    "UnderBgTexturePath": "/Game/Aki/UI/UIResources/Common/Image/BgCgBig/T_LuckdrawBg56.T_LuckdrawBg56",
    "TagNotSelectedSpritePath": "/Game/Aki/UI/UIResources/UiLuckdraw/Atlas/SP_TabPermanentWeaponNor06.SP_TabPermanentWeaponNor06",
    "TagSelectedSpritePath": "/Game/Aki/UI/UIResources/UiLuckdraw/Atlas/SP_TabPermanentWeaponSele06.SP_TabPermanentWeaponSele06",
    "WeaponPrefabPath": "/Game/Aki/UI/UIResources/UiLuckdraw/Prefabs/UiItem_LuckdraWeapon09.UiItem_LuckdraWeapon09",
    "UpList": [
      21010024,
      21020044,
      21040044
    ],
    "ShowIdList": [
      21010026
    ],
    "PreviewIdList": [
      21010026,
      21010024,
      21020044,
      21040044
    ]
  },
  {
    "Id": 200004,
    "Type": 3,
    "SummaryTitle": "Text_SummaryTitle200004_Text",
    "SummaryDescribe": "Text_SummaryDescribe200002_Text",
    "ThemeColor": "F25B62FF",
    "TextTexture": "/Game/Aki/UI/UIResources/Common/Image/Luckdraw/T_LuckdrawTextChangli_W.T_LuckdrawTextChangli_W",
    "ContentTexturePath": "/Game/Aki/UI/UIResources/Common/Image/Luckdraw/T_LuckdraWeapon08.T_LuckdraWeapon08",
    "ContentTextureBgPath": "",
    "UnderBgTexturePath": "/Game/Aki/UI/UIResources/Common/Image/BgCgBig/T_LuckdrawBg55.T_LuckdrawBg55",
    "TagNotSelectedSpritePath": "/Game/Aki/UI/UIResources/UiLuckdraw/Atlas/SP_TabPermanentWeaponNor05.SP_TabPermanentWeaponNor05",
    "TagSelectedSpritePath": "/Game/Aki/UI/UIResources/UiLuckdraw/Atlas/SP_TabPermanentWeaponSele05.SP_TabPermanentWeaponSele05",
    "WeaponPrefabPath": "/Game/Aki/UI/UIResources/UiLuckdraw/Prefabs/UiItem_LuckdraWeapon08.UiItem_LuckdraWeapon08",
    "UpList": [
      21020024,
      21050064,
      21030044
    ],
    "ShowIdList": [
      21020016
    ],
    "PreviewIdList": [
      21020016,
      21020024,
      21050064,
      21030044
    ]
  },
  {
    "Id": 51,
    "Type": 6,
    "SummaryTitle": "Text_SummaryTitle41_Text",
    "SummaryDescribe": "Text_SummaryDescribe5_Text",
    "ThemeColor": "FFFFFFFF",
    "TextTexture": "/Game/Aki/UI/UIResources/Common/Image/Luckdraw/T_LuckdrawTextOptional.T_LuckdrawTextOptional",
    "ContentTexturePath": "/Game/Aki/UI/UIResources/Common/Image/Luckdraw/T_LuckdraRoleJianxin.T_LuckdraRoleJianxin",
    "ContentTextureBgPath": "/Game/Aki/UI/UIResources/Common/Image/Luckdraw/T_LuckdraRoleJianxinBg.T_LuckdraRoleJianxinBg",
    "UnderBgTexturePath": "/Game/Aki/UI/UIResources/Common/Image/BgCgBig/T_LuckdrawBg07.T_LuckdrawBg07",
    "TagNotSelectedSpritePath": "/Game/Aki/UI/UIResources/UiLuckdraw/Atlas/SP_TabJianxinNor.SP_TabJianxinNor",
    "TagSelectedSpritePath": "/Game/Aki/UI/UIResources/UiLuckdraw/Atlas/SP_TabJianxinSele.SP_TabJianxinSele",
    "WeaponPrefabPath": "",
    "UpList": {
      "PKa": [],
      "length": 0
    },
    "ShowIdList": [
      1405
    ],
    "PreviewIdList": [
      1405
    ]
  },
  {
    "Id": 52,
    "Type": 6,
    "SummaryTitle": "Text_SummaryTitle42_Text",
    "SummaryDescribe": "Text_SummaryDescribe5_Text",
    "ThemeColor": "FFFFFFFF",
    "TextTexture": "/Game/Aki/UI/UIResources/Common/Image/Luckdraw/T_LuckdrawTextOptional.T_LuckdrawTextOptional",
    "ContentTexturePath": "/Game/Aki/UI/UIResources/Common/Image/Luckdraw/T_LuckdraRoleKakaluo.T_LuckdraRoleKakaluo",
    "ContentTextureBgPath": "/Game/Aki/UI/UIResources/Common/Image/Luckdraw/T_LuckdraRoleKakaluoBg.T_LuckdraRoleKakaluoBg",
    "UnderBgTexturePath": "/Game/Aki/UI/UIResources/Common/Image/BgCgBig/T_LuckdrawBg07.T_LuckdrawBg07",
    "TagNotSelectedSpritePath": "/Game/Aki/UI/UIResources/UiLuckdraw/Atlas/SP_TabKakaluoNor.SP_TabKakaluoNor",
    "TagSelectedSpritePath": "/Game/Aki/UI/UIResources/UiLuckdraw/Atlas/SP_TabKakaluoSele.SP_TabKakaluoSele",
    "WeaponPrefabPath": "",
    "UpList": {
      "PKa": [],
      "length": 0
    },
    "ShowIdList": [
      1301
    ],
    "PreviewIdList": [
      1301
    ]
  },
  {
    "Id": 53,
    "Type": 6,
    "SummaryTitle": "Text_SummaryTitle43_Text",
    "SummaryDescribe": "Text_SummaryDescribe5_Text",
    "ThemeColor": "FFFFFFFF",
    "TextTexture": "/Game/Aki/UI/UIResources/Common/Image/Luckdraw/T_LuckdrawTextOptional.T_LuckdrawTextOptional",
    "ContentTexturePath": "/Game/Aki/UI/UIResources/Common/Image/Luckdraw/T_LuckdraRoleWeilinai.T_LuckdraRoleWeilinai",
    "ContentTextureBgPath": "/Game/Aki/UI/UIResources/Common/Image/Luckdraw/T_LuckdraRoleWeilinaiBg.T_LuckdraRoleWeilinaiBg",
    "UnderBgTexturePath": "/Game/Aki/UI/UIResources/Common/Image/BgCgBig/T_LuckdrawBg07.T_LuckdrawBg07",
    "TagNotSelectedSpritePath": "/Game/Aki/UI/UIResources/UiLuckdraw/Atlas/SP_TabWeilinaiNor.SP_TabWeilinaiNor",
    "TagSelectedSpritePath": "/Game/Aki/UI/UIResources/UiLuckdraw/Atlas/SP_TabWeilinaiSele.SP_TabWeilinaiSele",
    "WeaponPrefabPath": "",
    "UpList": {
      "PKa": [],
      "length": 0
    },
    "ShowIdList": [
      1503
    ],
    "PreviewIdList": [
      1503
    ]
  },
  {
    "Id": 54,
    "Type": 6,
    "SummaryTitle": "Text_SummaryTitle44_Text",
    "SummaryDescribe": "Text_SummaryDescribe5_Text",
    "ThemeColor": "FFFFFFFF",
    "TextTexture": "/Game/Aki/UI/UIResources/Common/Image/Luckdraw/T_LuckdrawTextOptional.T_LuckdrawTextOptional",
    "ContentTexturePath": "/Game/Aki/UI/UIResources/Common/Image/Luckdraw/T_LuckdraRoleLingyang.T_LuckdraRoleLingyang",
    "ContentTextureBgPath": "/Game/Aki/UI/UIResources/Common/Image/Luckdraw/T_LuckdraRoleLingyangBg.T_LuckdraRoleLingyangBg",
    "UnderBgTexturePath": "/Game/Aki/UI/UIResources/Common/Image/BgCgBig/T_LuckdrawBg07.T_LuckdrawBg07",
    "TagNotSelectedSpritePath": "/Game/Aki/UI/UIResources/UiLuckdraw/Atlas/SP_TabLingyangNor.SP_TabLingyangNor",
    "TagSelectedSpritePath": "/Game/Aki/UI/UIResources/UiLuckdraw/Atlas/SP_TabLingyangSele.SP_TabLingyangSele",
    "WeaponPrefabPath": "",
    "UpList": {
      "PKa": [],
      "length": 0
    },
    "ShowIdList": [
      1104
    ],
    "PreviewIdList": [
      1104
    ]
  },
  {
    "Id": 55,
    "Type": 6,
    "SummaryTitle": "Text_SummaryTitle45_Text",
    "SummaryDescribe": "Text_SummaryDescribe5_Text",
    "ThemeColor": "FFFFFFFF",
    "TextTexture": "/Game/Aki/UI/UIResources/Common/Image/Luckdraw/T_LuckdrawTextOptional.T_LuckdrawTextOptional",
    "ContentTexturePath": "/Game/Aki/UI/UIResources/Common/Image/Luckdraw/T_LuckdraRoleAnke.T_LuckdraRoleAnke",
    "ContentTextureBgPath": "/Game/Aki/UI/UIResources/Common/Image/Luckdraw/T_LuckdraRoleAnkeBg.T_LuckdraRoleAnkeBg",
    "UnderBgTexturePath": "/Game/Aki/UI/UIResources/Common/Image/BgCgBig/T_LuckdrawBg07.T_LuckdrawBg07",
    "TagNotSelectedSpritePath": "/Game/Aki/UI/UIResources/UiLuckdraw/Atlas/SP_TabAnkeNor.SP_TabAnkeNor",
    "TagSelectedSpritePath": "/Game/Aki/UI/UIResources/UiLuckdraw/Atlas/SP_TabAnkeSele.SP_TabAnkeSele",
    "WeaponPrefabPath": "",
    "UpList": {
      "PKa": [],
      "length": 0
    },
    "ShowIdList": [
      1203
    ],
    "PreviewIdList": [
      1203
    ]
  },
  {
    "Id": 100005,
    "Type": 2,
    "SummaryTitle": "Text_SummaryTitle100003_Text",
    "SummaryDescribe": "Text_SummaryDescribe100001_Text",
    "ThemeColor": "81CAD2FF",
    "TextTexture": "/Game/Aki/UI/UIResources/Common/Image/Luckdraw/T_LuckdrawTextZhezhi_R.T_LuckdrawTextZhezhi_R",
    "ContentTexturePath": "/Game/Aki/UI/UIResources/Common/Image/Luckdraw/T_LuckdraRoleZhezhi.T_LuckdraRoleZhezhi",
    "ContentTextureBgPath": "/Game/Aki/UI/UIResources/Common/Image/Luckdraw/T_LuckdraRoleZhezhiBg.T_LuckdraRoleZhezhiBg",
    "UnderBgTexturePath": "/Game/Aki/UI/UIResources/Common/Image/BgCgBig/T_LuckdrawBgZhezhi_R.T_LuckdrawBgZhezhi_R",
    "TagNotSelectedSpritePath": "/Game/Aki/UI/UIResources/UiLuckdraw/Atlas/SP_TabZhezhiNor.SP_TabZhezhiNor",
    "TagSelectedSpritePath": "/Game/Aki/UI/UIResources/UiLuckdraw/Atlas/SP_TabZhezhiSele.SP_TabZhezhiSele",
    "WeaponPrefabPath": "",
    "UpList": [
      1102,
      1103,
      1202
    ],
    "ShowIdList": [
      1105
    ],
    "PreviewIdList": [
      1105,
      1102,
      1103,
      1202
    ]
  },
  {
    "Id": 100006,
    "Type": 2,
    "SummaryTitle": "Text_SummaryTitle100004_Text",
    "SummaryDescribe": "Text_SummaryDescribe100002_Text",
    "ThemeColor": "312B7FFF",
    "TextTexture": "/Game/Aki/UI/UIResources/Common/Image/Luckdraw/T_LuckdrawTextXiangliyao_R.T_LuckdrawTextXiangliyao_R",
    "ContentTexturePath": "/Game/Aki/UI/UIResources/Common/Image/Luckdraw/T_LuckdraRoleXiangliyao.T_LuckdraRoleXiangliyao",
    "ContentTextureBgPath": "/Game/Aki/UI/UIResources/Common/Image/Luckdraw/T_LuckdraRoleXiangliyaoBg.T_LuckdraRoleXiangliyaoBg",
    "UnderBgTexturePath": "/Game/Aki/UI/UIResources/Common/Image/BgCgBig/T_LuckdrawBgXiangliyao_R.T_LuckdrawBgXiangliyao_R",
    "TagNotSelectedSpritePath": "/Game/Aki/UI/UIResources/UiLuckdraw/Atlas/SP_TabXiangliyaoNor.SP_TabXiangliyaoNor",
    "TagSelectedSpritePath": "/Game/Aki/UI/UIResources/UiLuckdraw/Atlas/SP_TabXiangliyaoSele.SP_TabXiangliyaoSele",
    "WeaponPrefabPath": "",
    "UpList": [
      1602,
      1403,
      1303
    ],
    "ShowIdList": [
      1305
    ],
    "PreviewIdList": [
      1305,
      1602,
      1403,
      1303
    ]
  },
  {
    "Id": 200005,
    "Type": 3,
    "SummaryTitle": "Text_SummaryTitle200003_Text",
    "SummaryDescribe": "Text_SummaryDescribe200001_Text",
    "ThemeColor": "237373FF",
    "TextTexture": "/Game/Aki/UI/UIResources/Common/Image/Luckdraw/T_LuckdrawTextZhezhi_W.T_LuckdrawTextZhezhi_W",
    "ContentTexturePath": "/Game/Aki/UI/UIResources/Common/Image/Luckdraw/T_LuckdraWeapon11.T_LuckdraWeapon11",
    "ContentTextureBgPath": "",
    "UnderBgTexturePath": "/Game/Aki/UI/UIResources/Common/Image/BgCgBig/T_LuckdrawBgZhezhi_W.T_LuckdrawBgZhezhi_W",
    "TagNotSelectedSpritePath": "/Game/Aki/UI/UIResources/UiLuckdraw/Atlas/SP_TabZhezhiWeaponNor.SP_TabZhezhiWeaponNor",
    "TagSelectedSpritePath": "/Game/Aki/UI/UIResources/UiLuckdraw/Atlas/SP_TabZhezhiWeaponSele.SP_TabZhezhiWeaponSele",
    "WeaponPrefabPath": "/Game/Aki/UI/UIResources/UiLuckdraw/Prefabs/UiItem_LuckdraWeapon11.UiItem_LuckdraWeapon11",
    "UpList": [
      21010024,
      21020044,
      21040044
    ],
    "ShowIdList": [
      21050026
    ],
    "PreviewIdList": [
      21010026,
      21010024,
      21020044,
      21040044
    ]
  },
  {
    "Id": 200006,
    "Type": 3,
    "SummaryTitle": "Text_SummaryTitle200004_Text",
    "SummaryDescribe": "Text_SummaryDescribe200002_Text",
    "ThemeColor": "8644B6FF",
    "TextTexture": "/Game/Aki/UI/UIResources/Common/Image/Luckdraw/T_LuckdrawTextXiangliyao_W.T_LuckdrawTextXiangliyao_W",
    "ContentTexturePath": "/Game/Aki/UI/UIResources/Common/Image/Luckdraw/T_LuckdraWeapon10.T_LuckdraWeapon10",
    "ContentTextureBgPath": "",
    "UnderBgTexturePath": "/Game/Aki/UI/UIResources/Common/Image/BgCgBig/T_LuckdrawBgXiangliyao_W.T_LuckdrawBgXiangliyao_W",
    "TagNotSelectedSpritePath": "/Game/Aki/UI/UIResources/UiLuckdraw/Atlas/SP_TabXiangliyaoWeaponNor.SP_TabXiangliyaoWeaponNor",
    "TagSelectedSpritePath": "/Game/Aki/UI/UIResources/UiLuckdraw/Atlas/SP_TabXiangliyaoWeaponSele.SP_TabXiangliyaoWeaponSele",
    "WeaponPrefabPath": "/Game/Aki/UI/UIResources/UiLuckdraw/Prefabs/UiItem_LuckdraWeapon10.UiItem_LuckdraWeapon10",
    "UpList": [
      21020024,
      21050064,
      21030044
    ],
    "ShowIdList": [
      21040016
    ],
    "PreviewIdList": [
      21020016,
      21020024,
      21050064,
      21030044
    ]
  }
]