[
  {
    "Id": 3,
    "SequencePath": "/Game/Aki/Map/Level/Function/ChouKa/Art/Sequence/GachaShowSequence_Weapon.GachaShowSequence_Weapon"
  },
  {
    "Id": 1503,
    "SequencePath": "/Game/Aki/Sequence/LevelA_Seq/DrawCard/01_0/Jueyuan/SC_Jueyuan_DrawCard.SC_Jueyuan_DrawCard"
  },
  {
    "Id": 1302,
    "SequencePath": "/Game/Aki/Sequence/LevelA_Seq/DrawCard/01_0/YinLin/SC_YinLin_DrawCard.SC_YinLin_DrawCard"
  },
  {
    "Id": 1203,
    "SequencePath": "/Game/Aki/Sequence/LevelA_Seq/DrawCard/01_0/AnKe/SC_AnKe_DrawCard.SC_AnKe_DrawCard"
  },
  {
    "Id": 1103,
    "SequencePath": "/Game/Aki/Sequence/LevelA_Seq/DrawCard/01_0/BaiLian/SC_BaiLian_DrawCard.SC_BaiLian_DrawCard"
  },
  {
    "Id": 1404,
    "SequencePath": "/Game/Aki/Sequence/LevelA_Seq/DrawCard/01_0/JiYan/SC_JiYan_DrawCard.SC_JiYan_DrawCard"
  },
  {
    "Id": 1202,
    "SequencePath": "/Game/Aki/Sequence/LevelA_Seq/DrawCard/01_0/MaXiaoFang/SC_MaXiaoFang_DrawCard.SC_MaXiaoFang_DrawCard"
  },
  {
    "Id": 1601,
    "SequencePath": "/Game/Aki/Sequence/LevelA_Seq/DrawCard/01_0/Taoqi/SC_Taoqi_DrawCard.SC_Taoqi_DrawCard"
  },
  {
    "Id": 1102,
    "SequencePath": "/Game/Aki/Sequence/LevelA_Seq/DrawCard/01_0/SanHua/SC_SanHua_DrawCard.SC_SanHua_DrawCard"
  },
  {
    "Id": 1303,
    "SequencePath": "/Game/Aki/Sequence/LevelA_Seq/DrawCard/01_0/Yuanwu/SC_Yuanwu_DrawCard.SC_Yuanwu_DrawCard"
  },
  {
    "Id": 1402,
    "SequencePath": "/Game/Aki/Sequence/LevelA_Seq/DrawCard/01_0/YangYang/SC_YangYang_DrawCard.SC_YangYang_DrawCard"
  },
  {
    "Id": 1602,
    "SequencePath": "/Game/Aki/Sequence/LevelA_Seq/DrawCard/01_0/MiCai/SC_MiCai_DrawCard.SC_MiCai_DrawCard"
  },
  {
    "Id": 1403,
    "SequencePath": "/Game/Aki/Sequence/LevelA_Seq/DrawCard/01_0/QiuShui/SC_QiuShui_DrawCard.SC_QiuShui_DrawCard"
  },
  {
    "Id": 1204,
    "SequencePath": "/Game/Aki/Sequence/LevelA_Seq/DrawCard/01_0/Baer/SC_Baer_DrawCard.SC_Baer_DrawCard"
  },
  {
    "Id": 1301,
    "SequencePath": "/Game/Aki/Sequence/LevelA_Seq/DrawCard/01_0/KaKaLuo/SC_KaKaLuo_DrawCard.SC_KaKaLuo_DrawCard"
  },
  {
    "Id": 1405,
    "SequencePath": "/Game/Aki/Sequence/LevelA_Seq/DrawCard/01_0/JianXin/SC_JianXin_DrawCard.SC_JianXin_DrawCard"
  },
  {
    "Id": 1104,
    "SequencePath": "/Game/Aki/Sequence/LevelA_Seq/DrawCard/01_0/Lingyang/SC_Lingyang_DrawCard.SC_Lingyang_DrawCard"
  },
  {
    "Id": 1304,
    "SequencePath": "/Game/Aki/Sequence/LevelA_Seq/DrawCard/01_1/JinXi/D0002_All.D0002_All"
  },
  {
    "Id": 1205,
    "SequencePath": "/Game/Aki/Sequence/LevelA_Seq/DrawCard/01_1/Changli/D0001_All.D0001_All"
  },
  {
    "Id": 1501,
    "SequencePath": "/Game/Aki/Sequence/LevelA_Seq/DrawCard/01_2/Nanzhu/D0010_All.D0010_All"
  },
  {
    "Id": 1502,
    "SequencePath": "/Game/Aki/Sequence/LevelA_Seq/DrawCard/01_2/NvZhu/D0009_All.D0009_All"
  },
  {
    "Id": 1605,
    "SequencePath": "/Game/Aki/Sequence/LevelA_Seq/DrawCard/01_2/Nanzhu/D0010_All.D0010_All"
  },
  {
    "Id": 1604,
    "SequencePath": "/Game/Aki/Sequence/LevelA_Seq/DrawCard/01_2/NvZhu/D0009_All.D0009_All"
  },
  {
    "Id": 1305,
    "SequencePath": "/Game/Aki/Sequence/LevelA_Seq/DrawCard/01_2/XiangLiYao/D0004_All.D0004_All"
  },
  {
    "Id": 1105,
    "SequencePath": "/Game/Aki/Sequence/LevelA_Seq/DrawCard/01_2/ZheZhi/D0003_All.D0003_All"
  }
]