[
  {
    "Id": 1,
    "Location": {
      "X": 0,
      "Y": 0,
      "Z": -19
    },
    "Rotation": {
      "X": 0,
      "Y": 90,
      "Z": 0
    },
    "Size": 0.4000000059604645,
    "RotateTime": 20000,
    "ScabbardOffset": {
      "X": 0,
      "Y": 0,
      "Z": 0
    },
    "ShowScabbard": false,
    "AxisRotate": {
      "X": -125,
      "Y": 0,
      "Z": 0
    },
    "WeaponTypeTexture": "/Game/Aki/UI/UIResources/Common/Image/SkillIcon/SkillIconNor/T_IconNorSword.T_IconNorSword"
  },
  {
    "Id": 2,
    "Location": {
      "X": 0,
      "Y": 0,
      "Z": -13
    },
    "Rotation": {
      "X": 0,
      "Y": 90,
      "Z": 0
    },
    "Size": 0.4000000059604645,
    "RotateTime": 20000,
    "ScabbardOffset": {
      "X": 0,
      "Y": 0,
      "Z": 0
    },
    "ShowScabbard": false,
    "AxisRotate": {
      "X": -135,
      "Y": 0,
      "Z": 0
    },
    "WeaponTypeTexture": "/Game/Aki/UI/UIResources/Common/Image/SkillIcon/SkillIconNor/T_IconNorKnife.T_IconNorKnife"
  },
  {
    "Id": 3,
    "Location": {
      "X": 5,
      "Y": -6,
      "Z": -8
    },
    "Rotation": {
      "X": 90,
      "Y": 23,
      "Z": 130
    },
    "Size": 1,
    "RotateTime": 20000,
    "ScabbardOffset": {
      "X": 0,
      "Y": 0,
      "Z": 0
    },
    "ShowScabbard": false,
    "AxisRotate": {
      "X": 0,
      "Y": 0,
      "Z": 0
    },
    "WeaponTypeTexture": "/Game/Aki/UI/UIResources/Common/Image/SkillIcon/SkillIconNor/T_IconNorGun.T_IconNorGun"
  },
  {
    "Id": 4,
    "Location": {
      "X": 3,
      "Y": 0,
      "Z": -3
    },
    "Rotation": {
      "X": 60,
      "Y": -15,
      "Z": 120
    },
    "Size": 0.699999988079071,
    "RotateTime": 20000,
    "ScabbardOffset": {
      "X": 0,
      "Y": 3,
      "Z": 0
    },
    "ShowScabbard": false,
    "AxisRotate": {
      "X": 0,
      "Y": 0,
      "Z": 0
    },
    "WeaponTypeTexture": "/Game/Aki/UI/UIResources/Common/Image/SkillIcon/SkillIconNor/T_IconNorFist.T_IconNorFist"
  },
  {
    "Id": 5,
    "Location": {
      "X": 0,
      "Y": 3,
      "Z": 3
    },
    "Rotation": {
      "X": 60,
      "Y": -50,
      "Z": 280
    },
    "Size": 0.699999988079071,
    "RotateTime": 0,
    "ScabbardOffset": {
      "X": 0,
      "Y": 0,
      "Z": 0
    },
    "ShowScabbard": false,
    "AxisRotate": {
      "X": 0,
      "Y": 0,
      "Z": 0
    },
    "WeaponTypeTexture": "/Game/Aki/UI/UIResources/Common/Image/SkillIcon/SkillIconNor/T_IconNorMagic.T_IconNorMagic"
  }
]