[
  {
    "Id": 1203,
    "GachaMainViewTexture": "/Game/Aki/UI/UIResources/Common/Image/T_CommonDefault_UI.T_CommonDefault_UI",
    "GachaResultViewTexture": "/Game/Aki/UI/UIResources/Common/Image/Luckdraw/T_Luckdraw_anke_UI.T_Luckdraw_anke_UI",
    "ShowSequence": 1203,
    "BindPoint": "RoleCase",
    "IdArray": {
      "PKa": [],
      "length": 0
    },
    "TrialId": 100707
  },
  {
    "Id": 1503,
    "GachaMainViewTexture": "/Game/Aki/UI/UIResources/Common/Image/T_CommonDefault_UI.T_CommonDefault_UI",
    "GachaResultViewTexture": "/Game/Aki/UI/UIResources/Common/Image/Luckdraw/T_Luckdraw_jueyuan_UI.T_Luckdraw_jueyuan_UI",
    "ShowSequence": 1503,
    "BindPoint": "RoleCase",
    "IdArray": {
      "PKa": [],
      "length": 0
    },
    "TrialId": 100703
  },
  {
    "Id": 1103,
    "GachaMainViewTexture": "/Game/Aki/UI/UIResources/Common/Image/T_CommonDefault_UI.T_CommonDefault_UI",
    "GachaResultViewTexture": "/Game/Aki/UI/UIResources/Common/Image/Luckdraw/T_Luckdraw_bailian_UI.T_Luckdraw_bailian_UI",
    "ShowSequence": 1103,
    "BindPoint": "RoleCase",
    "IdArray": {
      "PKa": [],
      "length": 0
    },
    "TrialId": 100706
  },
  {
    "Id": 1602,
    "GachaMainViewTexture": "/Game/Aki/UI/UIResources/Common/Image/T_CommonDefault_UI.T_CommonDefault_UI",
    "GachaResultViewTexture": "/Game/Aki/UI/UIResources/Common/Image/Luckdraw/T_Luckdraw_danjin_UI.T_Luckdraw_danjin_UI",
    "ShowSequence": 1602,
    "BindPoint": "RoleCase",
    "IdArray": {
      "PKa": [],
      "length": 0
    },
    "TrialId": 100708
  },
  {
    "Id": 1202,
    "GachaMainViewTexture": "/Game/Aki/UI/UIResources/Common/Image/T_CommonDefault_UI.T_CommonDefault_UI",
    "GachaResultViewTexture": "/Game/Aki/UI/UIResources/Common/Image/Luckdraw/T_Luckdraw_maxiaofang_UI.T_Luckdraw_maxiaofang_UI",
    "ShowSequence": 1202,
    "BindPoint": "RoleCase",
    "IdArray": {
      "PKa": [],
      "length": 0
    },
    "TrialId": 100702
  },
  {
    "Id": 1102,
    "GachaMainViewTexture": "/Game/Aki/UI/UIResources/Common/Image/T_CommonDefault_UI.T_CommonDefault_UI",
    "GachaResultViewTexture": "/Game/Aki/UI/UIResources/Common/Image/Luckdraw/T_Luckdraw_sanhua_UI.T_Luckdraw_sanhua_UI",
    "ShowSequence": 1102,
    "BindPoint": "RoleCase",
    "IdArray": {
      "PKa": [],
      "length": 0
    },
    "TrialId": 100704
  },
  {
    "Id": 1601,
    "GachaMainViewTexture": "/Game/Aki/UI/UIResources/Common/Image/T_CommonDefault_UI.T_CommonDefault_UI",
    "GachaResultViewTexture": "/Game/Aki/UI/UIResources/Common/Image/Luckdraw/T_Luckdraw_taohua_UI.T_Luckdraw_taohua_UI",
    "ShowSequence": 1601,
    "BindPoint": "RoleCase",
    "IdArray": {
      "PKa": [],
      "length": 0
    },
    "TrialId": 100705
  },
  {
    "Id": 1402,
    "GachaMainViewTexture": "/Game/Aki/UI/UIResources/Common/Image/T_CommonDefault_UI.T_CommonDefault_UI",
    "GachaResultViewTexture": "/Game/Aki/UI/UIResources/Common/Image/Luckdraw/T_Luckdraw_yanyan_UI.T_Luckdraw_yanyan_UI",
    "ShowSequence": 1402,
    "BindPoint": "RoleCase",
    "IdArray": {
      "PKa": [],
      "length": 0
    },
    "TrialId": 100701
  },
  {
    "Id": 21010015,
    "GachaMainViewTexture": "/Game/Aki/UI/UIResources/Common/Image/T_CommonDefault_UI.T_CommonDefault_UI",
    "GachaResultViewTexture": "/Game/Aki/UI/UIResources/Common/Image/Luckdraw/T_Luckdraw21010015_UI.T_Luckdraw21010015_UI",
    "ShowSequence": 3,
    "BindPoint": "",
    "IdArray": {
      "PKa": [],
      "length": 0
    },
    "TrialId": 21110501
  },
  {
    "Id": 21020015,
    "GachaMainViewTexture": "/Game/Aki/UI/UIResources/Common/Image/T_CommonDefault_UI.T_CommonDefault_UI",
    "GachaResultViewTexture": "/Game/Aki/UI/UIResources/Common/Image/Luckdraw/T_Luckdraw21020015_UI.T_Luckdraw21020015_UI",
    "ShowSequence": 3,
    "BindPoint": "",
    "IdArray": {
      "PKa": [],
      "length": 0
    },
    "TrialId": 21210501
  },
  {
    "Id": 21030015,
    "GachaMainViewTexture": "/Game/Aki/UI/UIResources/Common/Image/T_CommonDefault_UI.T_CommonDefault_UI",
    "GachaResultViewTexture": "/Game/Aki/UI/UIResources/Common/Image/Luckdraw/T_Luckdraw21030015_UI.T_Luckdraw21030015_UI",
    "ShowSequence": 3,
    "BindPoint": "",
    "IdArray": {
      "PKa": [],
      "length": 0
    },
    "TrialId": 21310501
  },
  {
    "Id": 21050015,
    "GachaMainViewTexture": "/Game/Aki/UI/UIResources/Common/Image/T_CommonDefault_UI.T_CommonDefault_UI",
    "GachaResultViewTexture": "/Game/Aki/UI/UIResources/Common/Image/Luckdraw/T_Luckdraw21050015_UI.T_Luckdraw21050015_UI",
    "ShowSequence": 3,
    "BindPoint": "",
    "IdArray": {
      "PKa": [],
      "length": 0
    },
    "TrialId": 21510501
  },
  {
    "Id": 21010013,
    "GachaMainViewTexture": "/Game/Aki/UI/UIResources/Common/Image/T_CommonDefault_UI.T_CommonDefault_UI",
    "GachaResultViewTexture": "/Game/Aki/UI/UIResources/Common/Image/Luckdraw/T_Luckdraw21010013_UI.T_Luckdraw21010013_UI",
    "ShowSequence": 3,
    "BindPoint": "",
    "IdArray": {
      "PKa": [],
      "length": 0
    },
    "TrialId": 21010301
  },
  {
    "Id": 21020013,
    "GachaMainViewTexture": "/Game/Aki/UI/UIResources/Common/Image/T_CommonDefault_UI.T_CommonDefault_UI",
    "GachaResultViewTexture": "/Game/Aki/UI/UIResources/Common/Image/Luckdraw/T_Luckdraw21020013_UI.T_Luckdraw21020013_UI",
    "ShowSequence": 3,
    "BindPoint": "",
    "IdArray": {
      "PKa": [],
      "length": 0
    },
    "TrialId": 21020301
  },
  {
    "Id": 21030013,
    "GachaMainViewTexture": "/Game/Aki/UI/UIResources/Common/Image/T_CommonDefault_UI.T_CommonDefault_UI",
    "GachaResultViewTexture": "/Game/Aki/UI/UIResources/Common/Image/Luckdraw/T_Luckdraw21030013_UI.T_Luckdraw21030013_UI",
    "ShowSequence": 3,
    "BindPoint": "",
    "IdArray": {
      "PKa": [],
      "length": 0
    },
    "TrialId": 21030301
  },
  {
    "Id": 21050013,
    "GachaMainViewTexture": "/Game/Aki/UI/UIResources/Common/Image/T_CommonDefault_UI.T_CommonDefault_UI",
    "GachaResultViewTexture": "/Game/Aki/UI/UIResources/Common/Image/Luckdraw/T_Luckdraw21050013_UI.T_Luckdraw21050013_UI",
    "ShowSequence": 3,
    "BindPoint": "",
    "IdArray": {
      "PKa": [],
      "length": 0
    },
    "TrialId": 21050301
  },
  {
    "Id": 21010024,
    "GachaMainViewTexture": "/Game/Aki/UI/UIResources/Common/Image/T_CommonDefault_UI.T_CommonDefault_UI",
    "GachaResultViewTexture": "/Game/Aki/UI/UIResources/Common/Image/Luckdraw/T_Luckdraw21010024_UI.T_Luckdraw21010024_UI",
    "ShowSequence": 3,
    "BindPoint": "",
    "IdArray": {
      "PKa": [],
      "length": 0
    },
    "TrialId": 21010401
  },
  {
    "Id": 21020024,
    "GachaMainViewTexture": "/Game/Aki/UI/UIResources/Common/Image/T_CommonDefault_UI.T_CommonDefault_UI",
    "GachaResultViewTexture": "/Game/Aki/UI/UIResources/Common/Image/Luckdraw/T_Luckdraw21020024_UI.T_Luckdraw21020024_UI",
    "ShowSequence": 3,
    "BindPoint": "",
    "IdArray": {
      "PKa": [],
      "length": 0
    },
    "TrialId": 21020401
  },
  {
    "Id": 21030024,
    "GachaMainViewTexture": "/Game/Aki/UI/UIResources/Common/Image/T_CommonDefault_UI.T_CommonDefault_UI",
    "GachaResultViewTexture": "/Game/Aki/UI/UIResources/Common/Image/Luckdraw/T_Luckdraw21030024_UI.T_Luckdraw21030024_UI",
    "ShowSequence": 3,
    "BindPoint": "",
    "IdArray": {
      "PKa": [],
      "length": 0
    },
    "TrialId": 21030401
  },
  {
    "Id": 21050024,
    "GachaMainViewTexture": "/Game/Aki/UI/UIResources/Common/Image/T_CommonDefault_UI.T_CommonDefault_UI",
    "GachaResultViewTexture": "/Game/Aki/UI/UIResources/Common/Image/Luckdraw/T_Luckdraw21050024_UI.T_Luckdraw21050024_UI",
    "ShowSequence": 3,
    "BindPoint": "",
    "IdArray": {
      "PKa": [],
      "length": 0
    },
    "TrialId": 21050401
  },
  {
    "Id": 1403,
    "GachaMainViewTexture": "/Game/Aki/UI/UIResources/Common/Image/T_CommonDefault_UI.T_CommonDefault_UI",
    "GachaResultViewTexture": "/Game/Aki/UI/UIResources/Common/Image/Luckdraw/T_Luckdraw_qiushui_UI.T_Luckdraw_qiushui_UI",
    "ShowSequence": 1403,
    "BindPoint": "RoleCase",
    "IdArray": {
      "PKa": [],
      "length": 0
    },
    "TrialId": 100709
  },
  {
    "Id": 1404,
    "GachaMainViewTexture": "/Game/Aki/UI/UIResources/UiLuckdraw/Image/T_RoleImgjiyan_UI.T_RoleImgjiyan_UI",
    "GachaResultViewTexture": "/Game/Aki/UI/UIResources/Common/Image/Luckdraw/T_Luckdraw_jiyan_UI.T_Luckdraw_jiyan_UI",
    "ShowSequence": 1404,
    "BindPoint": "RoleCase",
    "IdArray": {
      "PKa": [],
      "length": 0
    },
    "TrialId": 100710
  },
  {
    "Id": 1204,
    "GachaMainViewTexture": "/Game/Aki/UI/UIResources/Common/Image/T_CommonDefault_UI.T_CommonDefault_UI",
    "GachaResultViewTexture": "/Game/Aki/UI/UIResources/Common/Image/Luckdraw/T_Luckdraw_baer_UI.T_Luckdraw_baer_UI",
    "ShowSequence": 1204,
    "BindPoint": "RoleCase",
    "IdArray": {
      "PKa": [],
      "length": 0
    },
    "TrialId": 100711
  },
  {
    "Id": 10001404,
    "GachaMainViewTexture": "/Game/Aki/UI/UIResources/Common/Image/IconRoleHead256/T_IconRoleHead256_11_UI.T_IconRoleHead256_11_UI",
    "GachaResultViewTexture": "/Game/Aki/UI/UIResources/Common/Image/IconRup/T_IconRup_Part_1404_UI.T_IconRup_Part_1404_UI",
    "ShowSequence": 3,
    "BindPoint": "",
    "IdArray": {
      "PKa": [],
      "length": 0
    },
    "TrialId": 0
  },
  {
    "Id": 10001603,
    "GachaMainViewTexture": "/Game/Aki/UI/UIResources/Common/Image/IconRoleHead256/T_IconRoleHead256_16_UI.T_IconRoleHead256_16_UI",
    "GachaResultViewTexture": "/Game/Aki/UI/UIResources/Common/Image/IconRup/T_IconRup_Part_1603_UI.T_IconRup_Part_1603_UI",
    "ShowSequence": 3,
    "BindPoint": "",
    "IdArray": {
      "PKa": [],
      "length": 0
    },
    "TrialId": 0
  },
  {
    "Id": 10001402,
    "GachaMainViewTexture": "/Game/Aki/UI/UIResources/Common/Image/IconRoleHead256/T_IconRoleHead256_1_UI.T_IconRoleHead256_1_UI",
    "GachaResultViewTexture": "/Game/Aki/UI/UIResources/Common/Image/IconRup/T_IconRup_Part_1402_UI.T_IconRup_Part_1402_UI",
    "ShowSequence": 3,
    "BindPoint": "",
    "IdArray": {
      "PKa": [],
      "length": 0
    },
    "TrialId": 0
  },
  {
    "Id": 10001202,
    "GachaMainViewTexture": "/Game/Aki/UI/UIResources/Common/Image/IconRoleHead256/T_IconRoleHead256_2_UI.T_IconRoleHead256_2_UI",
    "GachaResultViewTexture": "/Game/Aki/UI/UIResources/Common/Image/IconRup/T_IconRup_Part_1202_UI.T_IconRup_Part_1202_UI",
    "ShowSequence": 3,
    "BindPoint": "",
    "IdArray": {
      "PKa": [],
      "length": 0
    },
    "TrialId": 0
  },
  {
    "Id": 10001102,
    "GachaMainViewTexture": "/Game/Aki/UI/UIResources/Common/Image/IconRoleHead256/T_IconRoleHead256_7_UI.T_IconRoleHead256_7_UI",
    "GachaResultViewTexture": "/Game/Aki/UI/UIResources/Common/Image/IconRup/T_IconRup_Part_1102_UI.T_IconRup_Part_1102_UI",
    "ShowSequence": 3,
    "BindPoint": "",
    "IdArray": {
      "PKa": [],
      "length": 0
    },
    "TrialId": 0
  },
  {
    "Id": 10001601,
    "GachaMainViewTexture": "/Game/Aki/UI/UIResources/Common/Image/IconRoleHead256/T_IconRoleHead256_9_UI.T_IconRoleHead256_9_UI",
    "GachaResultViewTexture": "/Game/Aki/UI/UIResources/Common/Image/IconRup/T_IconRup_Part_1601_UI.T_IconRup_Part_1601_UI",
    "ShowSequence": 3,
    "BindPoint": "",
    "IdArray": {
      "PKa": [],
      "length": 0
    },
    "TrialId": 0
  },
  {
    "Id": 10001103,
    "GachaMainViewTexture": "/Game/Aki/UI/UIResources/Common/Image/IconRoleHead256/T_IconRoleHead256_6_UI.T_IconRoleHead256_6_UI",
    "GachaResultViewTexture": "/Game/Aki/UI/UIResources/Common/Image/IconRup/T_IconRup_Part_1103_UI.T_IconRup_Part_1103_UI",
    "ShowSequence": 3,
    "BindPoint": "",
    "IdArray": {
      "PKa": [],
      "length": 0
    },
    "TrialId": 0
  },
  {
    "Id": 10001403,
    "GachaMainViewTexture": "/Game/Aki/UI/UIResources/Common/Image/IconRoleHead256/T_IconRoleHead256_12_UI.T_IconRoleHead256_12_UI",
    "GachaResultViewTexture": "/Game/Aki/UI/UIResources/Common/Image/IconRup/T_IconRup_Part_1403_UI.T_IconRup_Part_1403_UI",
    "ShowSequence": 3,
    "BindPoint": "",
    "IdArray": {
      "PKa": [],
      "length": 0
    },
    "TrialId": 0
  },
  {
    "Id": 10001204,
    "GachaMainViewTexture": "/Game/Aki/UI/UIResources/Common/Image/IconRoleHead256/T_IconRoleHead256_13_UI.T_IconRoleHead256_13_UI",
    "GachaResultViewTexture": "/Game/Aki/UI/UIResources/Common/Image/IconRup/T_IconRup_Part_1204_UI.T_IconRup_Part_1204_UI",
    "ShowSequence": 3,
    "BindPoint": "",
    "IdArray": {
      "PKa": [],
      "length": 0
    },
    "TrialId": 0
  },
  {
    "Id": 1301,
    "GachaMainViewTexture": "/Game/Aki/UI/UIResources/Common/Image/T_CommonDefault_UI.T_CommonDefault_UI",
    "GachaResultViewTexture": "/Game/Aki/UI/UIResources/Common/Image/Luckdraw/T_Luckdraw_kakaluo_UI.T_Luckdraw_kakaluo_UI",
    "ShowSequence": 1301,
    "BindPoint": "RoleCase",
    "IdArray": {
      "PKa": [],
      "length": 0
    },
    "TrialId": 100713
  },
  {
    "Id": 1302,
    "GachaMainViewTexture": "/Game/Aki/UI/UIResources/UiLuckdraw/Image/T_RoleImgyinlin_UI.T_RoleImgyinlin_UI",
    "GachaResultViewTexture": "/Game/Aki/UI/UIResources/Common/Image/Luckdraw/T_Luckdraw_yinlin_UI.T_Luckdraw_yinlin_UI",
    "ShowSequence": 1302,
    "BindPoint": "RoleCase",
    "IdArray": {
      "PKa": [],
      "length": 0
    },
    "TrialId": 100714
  },
  {
    "Id": 1303,
    "GachaMainViewTexture": "/Game/Aki/UI/UIResources/Common/Image/T_CommonDefault_UI.T_CommonDefault_UI",
    "GachaResultViewTexture": "/Game/Aki/UI/UIResources/Common/Image/Luckdraw/T_Luckdraw_yuanwu_UI.T_Luckdraw_yuanwu_UI",
    "ShowSequence": 1303,
    "BindPoint": "RoleCase",
    "IdArray": {
      "PKa": [],
      "length": 0
    },
    "TrialId": 100716
  },
  {
    "Id": 21040015,
    "GachaMainViewTexture": "/Game/Aki/UI/UIResources/Common/Image/T_CommonDefault_UI.T_CommonDefault_UI",
    "GachaResultViewTexture": "/Game/Aki/UI/UIResources/Common/Image/Luckdraw/T_Luckdraw21040015_UI.T_Luckdraw21040015_UI",
    "ShowSequence": 3,
    "BindPoint": "",
    "IdArray": {
      "PKa": [],
      "length": 0
    },
    "TrialId": 21410501
  },
  {
    "Id": 21040024,
    "GachaMainViewTexture": "/Game/Aki/UI/UIResources/Common/Image/T_CommonDefault_UI.T_CommonDefault_UI",
    "GachaResultViewTexture": "/Game/Aki/UI/UIResources/Common/Image/Luckdraw/T_Luckdraw21040024_UI.T_Luckdraw21040024_UI",
    "ShowSequence": 3,
    "BindPoint": "",
    "IdArray": {
      "PKa": [],
      "length": 0
    },
    "TrialId": 21040401
  },
  {
    "Id": 21040013,
    "GachaMainViewTexture": "/Game/Aki/UI/UIResources/Common/Image/T_CommonDefault_UI.T_CommonDefault_UI",
    "GachaResultViewTexture": "/Game/Aki/UI/UIResources/Common/Image/Luckdraw/T_Luckdraw21040013_UI.T_Luckdraw21040013_UI",
    "ShowSequence": 3,
    "BindPoint": "",
    "IdArray": {
      "PKa": [],
      "length": 0
    },
    "TrialId": 21401301
  },
  {
    "Id": 21010023,
    "GachaMainViewTexture": "/Game/Aki/UI/UIResources/Common/Image/T_CommonDefault_UI.T_CommonDefault_UI",
    "GachaResultViewTexture": "/Game/Aki/UI/UIResources/Common/Image/Luckdraw/T_Luckdraw21010023_UI.T_Luckdraw21010023_UI",
    "ShowSequence": 3,
    "BindPoint": "",
    "IdArray": {
      "PKa": [],
      "length": 0
    },
    "TrialId": 21102301
  },
  {
    "Id": 21020023,
    "GachaMainViewTexture": "/Game/Aki/UI/UIResources/Common/Image/T_CommonDefault_UI.T_CommonDefault_UI",
    "GachaResultViewTexture": "/Game/Aki/UI/UIResources/Common/Image/Luckdraw/T_Luckdraw21020023_UI.T_Luckdraw21020023_UI",
    "ShowSequence": 3,
    "BindPoint": "",
    "IdArray": {
      "PKa": [],
      "length": 0
    },
    "TrialId": 21202301
  },
  {
    "Id": 21050023,
    "GachaMainViewTexture": "/Game/Aki/UI/UIResources/Common/Image/T_CommonDefault_UI.T_CommonDefault_UI",
    "GachaResultViewTexture": "/Game/Aki/UI/UIResources/Common/Image/Luckdraw/T_Luckdraw21050023_UI.T_Luckdraw21050023_UI",
    "ShowSequence": 3,
    "BindPoint": "",
    "IdArray": {
      "PKa": [],
      "length": 0
    },
    "TrialId": 21502301
  },
  {
    "Id": 10001503,
    "GachaMainViewTexture": "/Game/Aki/UI/UIResources/Common/Image/IconRoleHead256/T_IconRoleHead256_3_UI.T_IconRoleHead256_3_UI",
    "GachaResultViewTexture": "/Game/Aki/UI/UIResources/Common/Image/IconRup/T_IconRup_Part_1503_UI.T_IconRup_Part_1503_UI",
    "ShowSequence": 3,
    "BindPoint": "",
    "IdArray": {
      "PKa": [],
      "length": 0
    },
    "TrialId": 0
  },
  {
    "Id": 10001203,
    "GachaMainViewTexture": "/Game/Aki/UI/UIResources/Common/Image/IconRoleHead256/T_IconRoleHead256_8_UI.T_IconRoleHead256_8_UI",
    "GachaResultViewTexture": "/Game/Aki/UI/UIResources/Common/Image/IconRup/T_IconRup_Part_1203_UI.T_IconRup_Part_1203_UI",
    "ShowSequence": 3,
    "BindPoint": "",
    "IdArray": {
      "PKa": [],
      "length": 0
    },
    "TrialId": 0
  },
  {
    "Id": 10001602,
    "GachaMainViewTexture": "/Game/Aki/UI/UIResources/Common/Image/IconRoleHead256/T_IconRoleHead256_10_UI.T_IconRoleHead256_10_UI",
    "GachaResultViewTexture": "/Game/Aki/UI/UIResources/Common/Image/IconRup/T_IconRup_Part_1602_UI.T_IconRup_Part_1602_UI",
    "ShowSequence": 3,
    "BindPoint": "",
    "IdArray": {
      "PKa": [],
      "length": 0
    },
    "TrialId": 0
  },
  {
    "Id": 10001301,
    "GachaMainViewTexture": "/Game/Aki/UI/UIResources/Common/Image/IconRoleHead256/T_IconRoleHead256_18_UI.T_IconRoleHead256_18_UI",
    "GachaResultViewTexture": "/Game/Aki/UI/UIResources/Common/Image/IconRup/T_IconRup_Part_1301_UI.T_IconRup_Part_1301_UI",
    "ShowSequence": 3,
    "BindPoint": "",
    "IdArray": {
      "PKa": [],
      "length": 0
    },
    "TrialId": 0
  },
  {
    "Id": 10001302,
    "GachaMainViewTexture": "/Game/Aki/UI/UIResources/Common/Image/IconRoleHead256/T_IconRoleHead256_17_UI.T_IconRoleHead256_17_UI",
    "GachaResultViewTexture": "/Game/Aki/UI/UIResources/Common/Image/IconRup/T_IconRup_Part_1302_UI.T_IconRup_Part_1302_UI",
    "ShowSequence": 3,
    "BindPoint": "",
    "IdArray": {
      "PKa": [],
      "length": 0
    },
    "TrialId": 0
  },
  {
    "Id": 10001104,
    "GachaMainViewTexture": "/Game/Aki/UI/UIResources/Common/Image/IconRoleHead256/T_IconRoleHead256_14_UI.T_IconRoleHead256_14_UI",
    "GachaResultViewTexture": "/Game/Aki/UI/UIResources/Common/Image/IconRup/T_IconRup_Part_1104_UI.T_IconRup_Part_1104_UI",
    "ShowSequence": 3,
    "BindPoint": "",
    "IdArray": {
      "PKa": [],
      "length": 0
    },
    "TrialId": 0
  },
  {
    "Id": 10001303,
    "GachaMainViewTexture": "/Game/Aki/UI/UIResources/Common/Image/IconRoleHead256/T_IconRoleHead256_15_UI.T_IconRoleHead256_15_UI",
    "GachaResultViewTexture": "/Game/Aki/UI/UIResources/Common/Image/IconRup/T_IconRup_Part_1303_UI.T_IconRup_Part_1303_UI",
    "ShowSequence": 3,
    "BindPoint": "",
    "IdArray": {
      "PKa": [],
      "length": 0
    },
    "TrialId": 0
  },
  {
    "Id": 10000001,
    "GachaMainViewTexture": "/Game/Aki/UI/UIResources/UiLuckdraw/Image/T_RoleImgsixing2_UI.T_RoleImgsixing2_UI",
    "GachaResultViewTexture": "/Game/Aki/UI/UIResources/Common/Image/T_CommonDefault_UI.T_CommonDefault_UI",
    "ShowSequence": 3,
    "BindPoint": "",
    "IdArray": {
      "PKa": [],
      "length": 0
    },
    "TrialId": 0
  },
  {
    "Id": 314159,
    "GachaMainViewTexture": "/Game/Aki/UI/UIResources/UiLuckdraw/Image/T_RoleImgsixing1_UI.T_RoleImgsixing1_UI",
    "GachaResultViewTexture": "/Game/Aki/UI/UIResources/Common/Image/T_CommonDefault_UI.T_CommonDefault_UI",
    "ShowSequence": 3,
    "BindPoint": "",
    "IdArray": {
      "PKa": [],
      "length": 0
    },
    "TrialId": 0
  },
  {
    "Id": 1104,
    "GachaMainViewTexture": "/Game/Aki/UI/UIResources/Common/Image/T_CommonDefault_UI.T_CommonDefault_UI",
    "GachaResultViewTexture": "/Game/Aki/UI/UIResources/Common/Image/Luckdraw/T_Luckdraw_lingyang_UI.T_Luckdraw_lingyang_UI",
    "ShowSequence": 1104,
    "BindPoint": "RoleCase",
    "IdArray": {
      "PKa": [],
      "length": 0
    },
    "TrialId": 100715
  },
  {
    "Id": 1405,
    "GachaMainViewTexture": "/Game/Aki/UI/UIResources/Common/Image/T_CommonDefault_UI.T_CommonDefault_UI",
    "GachaResultViewTexture": "/Game/Aki/UI/UIResources/Common/Image/Luckdraw/T_Luckdraw_jianxin_UI.T_Luckdraw_jianxin_UI",
    "ShowSequence": 1405,
    "BindPoint": "RoleCase",
    "IdArray": {
      "PKa": [],
      "length": 0
    },
    "TrialId": 100717
  },
  {
    "Id": 21030023,
    "GachaMainViewTexture": "/Game/Aki/UI/UIResources/Common/Image/T_CommonDefault_UI.T_CommonDefault_UI",
    "GachaResultViewTexture": "/Game/Aki/UI/UIResources/Common/Image/Luckdraw/T_Luckdraw21030023_UI.T_Luckdraw21030023_UI",
    "ShowSequence": 3,
    "BindPoint": "",
    "IdArray": {
      "PKa": [],
      "length": 0
    },
    "TrialId": 21302301
  },
  {
    "Id": 21040023,
    "GachaMainViewTexture": "/Game/Aki/UI/UIResources/Common/Image/T_CommonDefault_UI.T_CommonDefault_UI",
    "GachaResultViewTexture": "/Game/Aki/UI/UIResources/Common/Image/Luckdraw/T_Luckdraw21040023_UI.T_Luckdraw21040023_UI",
    "ShowSequence": 3,
    "BindPoint": "",
    "IdArray": {
      "PKa": [],
      "length": 0
    },
    "TrialId": 21402301
  },
  {
    "Id": 21010043,
    "GachaMainViewTexture": "/Game/Aki/UI/UIResources/Common/Image/T_CommonDefault_UI.T_CommonDefault_UI",
    "GachaResultViewTexture": "/Game/Aki/UI/UIResources/Common/Image/Luckdraw/T_Luckdraw21010043_UI.T_Luckdraw21010043_UI",
    "ShowSequence": 3,
    "BindPoint": "",
    "IdArray": {
      "PKa": [],
      "length": 0
    },
    "TrialId": 21104301
  },
  {
    "Id": 21020043,
    "GachaMainViewTexture": "/Game/Aki/UI/UIResources/Common/Image/T_CommonDefault_UI.T_CommonDefault_UI",
    "GachaResultViewTexture": "/Game/Aki/UI/UIResources/Common/Image/Luckdraw/T_Luckdraw21020043_UI.T_Luckdraw21020043_UI",
    "ShowSequence": 3,
    "BindPoint": "",
    "IdArray": {
      "PKa": [],
      "length": 0
    },
    "TrialId": 21204301
  },
  {
    "Id": 21050043,
    "GachaMainViewTexture": "/Game/Aki/UI/UIResources/Common/Image/T_CommonDefault_UI.T_CommonDefault_UI",
    "GachaResultViewTexture": "/Game/Aki/UI/UIResources/Common/Image/Luckdraw/T_Luckdraw21050043_UI.T_Luckdraw21050043_UI",
    "ShowSequence": 3,
    "BindPoint": "",
    "IdArray": {
      "PKa": [],
      "length": 0
    },
    "TrialId": 21504301
  },
  {
    "Id": 21010016,
    "GachaMainViewTexture": "/Game/Aki/UI/UIResources/Common/Image/T_CommonDefault_UI.T_CommonDefault_UI",
    "GachaResultViewTexture": "/Game/Aki/UI/UIResources/Common/Image/Luckdraw/T_Luckdraw21010016_UI.T_Luckdraw21010016_UI",
    "ShowSequence": 3,
    "BindPoint": "",
    "IdArray": {
      "PKa": [],
      "length": 0
    },
    "TrialId": 21111501
  },
  {
    "Id": 21010044,
    "GachaMainViewTexture": "/Game/Aki/UI/UIResources/Common/Image/T_CommonDefault_UI.T_CommonDefault_UI",
    "GachaResultViewTexture": "/Game/Aki/UI/UIResources/Common/Image/Luckdraw/T_Luckdraw21010044_UI.T_Luckdraw21010044_UI",
    "ShowSequence": 3,
    "BindPoint": "",
    "IdArray": {
      "PKa": [],
      "length": 0
    },
    "TrialId": 21104401
  },
  {
    "Id": 21020044,
    "GachaMainViewTexture": "/Game/Aki/UI/UIResources/Common/Image/T_CommonDefault_UI.T_CommonDefault_UI",
    "GachaResultViewTexture": "/Game/Aki/UI/UIResources/Common/Image/Luckdraw/T_Luckdraw21020044_UI.T_Luckdraw21020044_UI",
    "ShowSequence": 3,
    "BindPoint": "",
    "IdArray": {
      "PKa": [],
      "length": 0
    },
    "TrialId": 21204401
  },
  {
    "Id": 21030044,
    "GachaMainViewTexture": "/Game/Aki/UI/UIResources/Common/Image/T_CommonDefault_UI.T_CommonDefault_UI",
    "GachaResultViewTexture": "/Game/Aki/UI/UIResources/Common/Image/Luckdraw/T_Luckdraw21030044_UI.T_Luckdraw21030044_UI",
    "ShowSequence": 3,
    "BindPoint": "",
    "IdArray": {
      "PKa": [],
      "length": 0
    },
    "TrialId": 21304401
  },
  {
    "Id": 21040044,
    "GachaMainViewTexture": "/Game/Aki/UI/UIResources/Common/Image/T_CommonDefault_UI.T_CommonDefault_UI",
    "GachaResultViewTexture": "/Game/Aki/UI/UIResources/Common/Image/Luckdraw/T_Luckdraw21040044_UI.T_Luckdraw21040044_UI",
    "ShowSequence": 3,
    "BindPoint": "",
    "IdArray": {
      "PKa": [],
      "length": 0
    },
    "TrialId": 21404401
  },
  {
    "Id": 21050044,
    "GachaMainViewTexture": "/Game/Aki/UI/UIResources/Common/Image/T_CommonDefault_UI.T_CommonDefault_UI",
    "GachaResultViewTexture": "/Game/Aki/UI/UIResources/Common/Image/Luckdraw/T_Luckdraw21050044_UI.T_Luckdraw21050044_UI",
    "ShowSequence": 3,
    "BindPoint": "",
    "IdArray": {
      "PKa": [],
      "length": 0
    },
    "TrialId": 21504401
  },
  {
    "Id": 21010064,
    "GachaMainViewTexture": "/Game/Aki/UI/UIResources/Common/Image/T_CommonDefault_UI.T_CommonDefault_UI",
    "GachaResultViewTexture": "/Game/Aki/UI/UIResources/Common/Image/Luckdraw/T_Luckdraw21010064_UI.T_Luckdraw21010064_UI",
    "ShowSequence": 3,
    "BindPoint": "",
    "IdArray": {
      "PKa": [],
      "length": 0
    },
    "TrialId": 21106401
  },
  {
    "Id": 21020064,
    "GachaMainViewTexture": "/Game/Aki/UI/UIResources/Common/Image/T_CommonDefault_UI.T_CommonDefault_UI",
    "GachaResultViewTexture": "/Game/Aki/UI/UIResources/Common/Image/Luckdraw/T_Luckdraw21020064_UI.T_Luckdraw21020064_UI",
    "ShowSequence": 3,
    "BindPoint": "",
    "IdArray": {
      "PKa": [],
      "length": 0
    },
    "TrialId": 21206401
  },
  {
    "Id": 21030064,
    "GachaMainViewTexture": "/Game/Aki/UI/UIResources/Common/Image/T_CommonDefault_UI.T_CommonDefault_UI",
    "GachaResultViewTexture": "/Game/Aki/UI/UIResources/Common/Image/Luckdraw/T_Luckdraw21030064_UI.T_Luckdraw21030064_UI",
    "ShowSequence": 3,
    "BindPoint": "",
    "IdArray": {
      "PKa": [],
      "length": 0
    },
    "TrialId": 21306401
  },
  {
    "Id": 21040064,
    "GachaMainViewTexture": "/Game/Aki/UI/UIResources/Common/Image/T_CommonDefault_UI.T_CommonDefault_UI",
    "GachaResultViewTexture": "/Game/Aki/UI/UIResources/Common/Image/Luckdraw/T_Luckdraw21040064_UI.T_Luckdraw21040064_UI",
    "ShowSequence": 3,
    "BindPoint": "",
    "IdArray": {
      "PKa": [],
      "length": 0
    },
    "TrialId": 21406401
  },
  {
    "Id": 21050064,
    "GachaMainViewTexture": "/Game/Aki/UI/UIResources/Common/Image/T_CommonDefault_UI.T_CommonDefault_UI",
    "GachaResultViewTexture": "/Game/Aki/UI/UIResources/Common/Image/Luckdraw/T_Luckdraw21050064_UI.T_Luckdraw21050064_UI",
    "ShowSequence": 3,
    "BindPoint": "",
    "IdArray": {
      "PKa": [],
      "length": 0
    },
    "TrialId": 21506401
  },
  {
    "Id": 21030043,
    "GachaMainViewTexture": "/Game/Aki/UI/UIResources/Common/Image/T_CommonDefault_UI.T_CommonDefault_UI",
    "GachaResultViewTexture": "/Game/Aki/UI/UIResources/Common/Image/Luckdraw/T_Luckdraw21030043_UI.T_Luckdraw21030043_UI",
    "ShowSequence": 3,
    "BindPoint": "",
    "IdArray": {
      "PKa": [],
      "length": 0
    },
    "TrialId": 21304301
  },
  {
    "Id": 21040043,
    "GachaMainViewTexture": "/Game/Aki/UI/UIResources/Common/Image/T_CommonDefault_UI.T_CommonDefault_UI",
    "GachaResultViewTexture": "/Game/Aki/UI/UIResources/Common/Image/Luckdraw/T_Luckdraw21040043_UI.T_Luckdraw21040043_UI",
    "ShowSequence": 3,
    "BindPoint": "",
    "IdArray": {
      "PKa": [],
      "length": 0
    },
    "TrialId": 21404301
  },
  {
    "Id": 21050016,
    "GachaMainViewTexture": "/Game/Aki/UI/UIResources/Common/Image/T_CommonDefault_UI.T_CommonDefault_UI",
    "GachaResultViewTexture": "/Game/Aki/UI/UIResources/Common/Image/Luckdraw/T_Luckdraw21050016_UI.T_Luckdraw21050016_UI",
    "ShowSequence": 3,
    "BindPoint": "",
    "IdArray": {
      "PKa": [],
      "length": 0
    },
    "TrialId": 21501601
  },
  {
    "Id": 1304,
    "GachaMainViewTexture": "/Game/Aki/UI/UIResources/Common/Image/T_CommonDefault_UI.T_CommonDefault_UI",
    "GachaResultViewTexture": "/Game/Aki/UI/UIResources/Common/Image/Luckdraw/T_Luckdraw_jinxi_UI.T_Luckdraw_jinxi_UI",
    "ShowSequence": 1304,
    "BindPoint": "RoleCase",
    "IdArray": {
      "PKa": [],
      "length": 0
    },
    "TrialId": 100718
  },
  {
    "Id": 1205,
    "GachaMainViewTexture": "/Game/Aki/UI/UIResources/Common/Image/T_CommonDefault_UI.T_CommonDefault_UI",
    "GachaResultViewTexture": "/Game/Aki/UI/UIResources/Common/Image/Luckdraw/T_Luckdraw_changli_UI.T_Luckdraw_changli_UI",
    "ShowSequence": 1205,
    "BindPoint": "RoleCase",
    "IdArray": {
      "PKa": [],
      "length": 0
    },
    "TrialId": 100719
  },
  {
    "Id": 21010026,
    "GachaMainViewTexture": "/Game/Aki/UI/UIResources/Common/Image/T_CommonDefault_UI.T_CommonDefault_UI",
    "GachaResultViewTexture": "/Game/Aki/UI/UIResources/Common/Image/Luckdraw/T_Luckdraw21010026_UI.T_Luckdraw21010026_UI",
    "ShowSequence": 3,
    "BindPoint": "",
    "IdArray": {
      "PKa": [],
      "length": 0
    },
    "TrialId": 21501101
  },
  {
    "Id": 21020016,
    "GachaMainViewTexture": "/Game/Aki/UI/UIResources/Common/Image/T_CommonDefault_UI.T_CommonDefault_UI",
    "GachaResultViewTexture": "/Game/Aki/UI/UIResources/Common/Image/Luckdraw/T_Luckdraw21020016_UI.T_Luckdraw21020016_UI",
    "ShowSequence": 3,
    "BindPoint": "",
    "IdArray": {
      "PKa": [],
      "length": 0
    },
    "TrialId": 21501201
  },
  {
    "Id": 1501,
    "GachaMainViewTexture": "/Game/Aki/UI/UIResources/Common/Image/T_CommonDefault_UI.T_CommonDefault_UI",
    "GachaResultViewTexture": "/Game/Aki/UI/UIResources/Common/Image/Luckdraw/T_Luckdraw_nanzhu_UI.T_Luckdraw_nanzhu_UI",
    "ShowSequence": 1501,
    "BindPoint": "RoleCase",
    "IdArray": {
      "PKa": [],
      "length": 0
    },
    "TrialId": 100306
  },
  {
    "Id": 1502,
    "GachaMainViewTexture": "/Game/Aki/UI/UIResources/Common/Image/T_CommonDefault_UI.T_CommonDefault_UI",
    "GachaResultViewTexture": "/Game/Aki/UI/UIResources/Common/Image/Luckdraw/T_Luckdraw_nanzhu_UI.T_Luckdraw_nanzhu_UI",
    "ShowSequence": 1502,
    "BindPoint": "RoleCase",
    "IdArray": {
      "PKa": [],
      "length": 0
    },
    "TrialId": 100307
  },
  {
    "Id": 1605,
    "GachaMainViewTexture": "/Game/Aki/UI/UIResources/Common/Image/T_CommonDefault_UI.T_CommonDefault_UI",
    "GachaResultViewTexture": "/Game/Aki/UI/UIResources/Common/Image/Luckdraw/T_Luckdraw_nanzhu_UI.T_Luckdraw_nanzhu_UI",
    "ShowSequence": 1605,
    "BindPoint": "RoleCase",
    "IdArray": {
      "PKa": [],
      "length": 0
    },
    "TrialId": 100326
  },
  {
    "Id": 1604,
    "GachaMainViewTexture": "/Game/Aki/UI/UIResources/Common/Image/T_CommonDefault_UI.T_CommonDefault_UI",
    "GachaResultViewTexture": "/Game/Aki/UI/UIResources/Common/Image/Luckdraw/T_Luckdraw_nanzhu_UI.T_Luckdraw_nanzhu_UI",
    "ShowSequence": 1604,
    "BindPoint": "RoleCase",
    "IdArray": {
      "PKa": [],
      "length": 0
    },
    "TrialId": 100325
  },
  {
    "Id": 1305,
    "GachaMainViewTexture": "/Game/Aki/UI/UIResources/Common/Image/T_CommonDefault_UI.T_CommonDefault_UI",
    "GachaResultViewTexture": "/Game/Aki/UI/UIResources/Common/Image/Luckdraw/T_Luckdraw_xiangliyao_UI.T_Luckdraw_xiangliyao_UI",
    "ShowSequence": 1305,
    "BindPoint": "RoleCase",
    "IdArray": {
      "PKa": [],
      "length": 0
    },
    "TrialId": 100720
  },
  {
    "Id": 1105,
    "GachaMainViewTexture": "/Game/Aki/UI/UIResources/Common/Image/T_CommonDefault_UI.T_CommonDefault_UI",
    "GachaResultViewTexture": "/Game/Aki/UI/UIResources/Common/Image/Luckdraw/T_Luckdraw_zhezhi_UI.T_Luckdraw_zhezhi_UI",
    "ShowSequence": 1105,
    "BindPoint": "RoleCase",
    "IdArray": {
      "PKa": [],
      "length": 0
    },
    "TrialId": 100721
  },
  {
    "Id": 21050026,
    "GachaMainViewTexture": "/Game/Aki/UI/UIResources/Common/Image/T_CommonDefault_UI.T_CommonDefault_UI",
    "GachaResultViewTexture": "/Game/Aki/UI/UIResources/Common/Image/Luckdraw/T_Luckdraw21050026_UI.T_Luckdraw21050026_UI",
    "ShowSequence": 3,
    "BindPoint": "",
    "IdArray": {
      "PKa": [],
      "length": 0
    },
    "TrialId": 5501001
  },
  {
    "Id": 21040016,
    "GachaMainViewTexture": "/Game/Aki/UI/UIResources/Common/Image/T_CommonDefault_UI.T_CommonDefault_UI",
    "GachaResultViewTexture": "/Game/Aki/UI/UIResources/Common/Image/Luckdraw/T_Luckdraw21040016_UI.T_Luckdraw21040016_UI",
    "ShowSequence": 3,
    "BindPoint": "",
    "IdArray": {
      "PKa": [],
      "length": 0
    },
    "TrialId": 5401001
  }
]