[
  {
    "Id": 1,
    "GachaId": 1,
    "Sort": 10,
    "UrlMap": {
      "size": 10
    }
  },
  {
    "Id": 2,
    "GachaId": 2,
    "Sort": 50,
    "UrlMap": {
      "size": 10
    }
  },
  {
    "Id": 32,
    "GachaId": 3,
    "Sort": 60,
    "UrlMap": {
      "size": 10
    }
  },
  {
    "Id": 31,
    "GachaId": 3,
    "Sort": 61,
    "UrlMap": {
      "size": 10
    }
  },
  {
    "Id": 33,
    "GachaId": 3,
    "Sort": 62,
    "UrlMap": {
      "size": 10
    }
  },
  {
    "Id": 34,
    "GachaId": 3,
    "Sort": 63,
    "UrlMap": {
      "size": 10
    }
  },
  {
    "Id": 35,
    "GachaId": 3,
    "Sort": 64,
    "UrlMap": {
      "size": 10
    }
  },
  {
    "Id": 100001,
    "GachaId": 100001,
    "Sort": 20,
    "UrlMap": {
      "size": 10
    }
  },
  {
    "Id": 100002,
    "GachaId": 100002,
    "Sort": 20,
    "UrlMap": {
      "size": 10
    }
  },
  {
    "Id": 200001,
    "GachaId": 200001,
    "Sort": 30,
    "UrlMap": {
      "size": 10
    }
  },
  {
    "Id": 200002,
    "GachaId": 200002,
    "Sort": 30,
    "UrlMap": {
      "size": 10
    }
  },
  {
    "Id": 41,
    "GachaId": 4,
    "Sort": 10,
    "UrlMap": {
      "size": 10
    }
  },
  {
    "Id": 42,
    "GachaId": 4,
    "Sort": 10,
    "UrlMap": {
      "size": 10
    }
  },
  {
    "Id": 43,
    "GachaId": 4,
    "Sort": 10,
    "UrlMap": {
      "size": 10
    }
  },
  {
    "Id": 44,
    "GachaId": 4,
    "Sort": 10,
    "UrlMap": {
      "size": 10
    }
  },
  {
    "Id": 45,
    "GachaId": 4,
    "Sort": 10,
    "UrlMap": {
      "size": 10
    }
  },
  {
    "Id": 100003,
    "GachaId": 100003,
    "Sort": 20,
    "UrlMap": {
      "size": 10
    }
  },
  {
    "Id": 100004,
    "GachaId": 100004,
    "Sort": 20,
    "UrlMap": {
      "size": 10
    }
  },
  {
    "Id": 200003,
    "GachaId": 200003,
    "Sort": 30,
    "UrlMap": {
      "size": 10
    }
  },
  {
    "Id": 200004,
    "GachaId": 200004,
    "Sort": 30,
    "UrlMap": {
      "size": 10
    }
  },
  {
    "Id": 51,
    "GachaId": 5,
    "Sort": 12,
    "UrlMap": {
      "size": 10
    }
  },
  {
    "Id": 52,
    "GachaId": 5,
    "Sort": 12,
    "UrlMap": {
      "size": 10
    }
  },
  {
    "Id": 53,
    "GachaId": 5,
    "Sort": 12,
    "UrlMap": {
      "size": 10
    }
  },
  {
    "Id": 54,
    "GachaId": 5,
    "Sort": 12,
    "UrlMap": {
      "size": 10
    }
  },
  {
    "Id": 55,
    "GachaId": 5,
    "Sort": 12,
    "UrlMap": {
      "size": 10
    }
  },
  {
    "Id": 100005,
    "GachaId": 100005,
    "Sort": 20,
    "UrlMap": {
      "size": 10
    }
  },
  {
    "Id": 100006,
    "GachaId": 100006,
    "Sort": 20,
    "UrlMap": {
      "size": 10
    }
  },
  {
    "Id": 200005,
    "GachaId": 200005,
    "Sort": 30,
    "UrlMap": {
      "size": 10
    }
  },
  {
    "Id": 200006,
    "GachaId": 200006,
    "Sort": 30,
    "UrlMap": {
      "size": 10
    }
  }
]