[
  {
    "Type": 1,
    "TagText": "Text_GachaTagText1_Text",
    "TagColor": "12ab54",
    "TypeText": "Text_GachaTypeText1_Text",
    "OptionalTitle": "",
    "OptionalDesc": "",
    "GachaButtonTip": ""
  },
  {
    "Type": 2,
    "TagText": "Text_GachaTagText2_Text",
    "TagColor": "d99b16",
    "TypeText": "Text_GachaTypeText2_Text",
    "OptionalTitle": "Text_GachaOptionalTitle1_Text",
    "OptionalDesc": "Text_GachaOptionalDesc1_Text",
    "GachaButtonTip": ""
  },
  {
    "Type": 3,
    "TagText": "Text_GachaTagText2_Text",
    "TagColor": "d99b16",
    "TypeText": "Text_GachaTypeText3_Text",
    "OptionalTitle": "Text_GachaOptionalTitle1_Text",
    "OptionalDesc": "Text_GachaOptionalDesc2_Text",
    "GachaButtonTip": ""
  },
  {
    "Type": 4,
    "TagText": "",
    "TagColor": "",
    "TypeText": "Text_GachaTypeText4_Text",
    "OptionalTitle": "",
    "OptionalDesc": "",
    "GachaButtonTip": ""
  },
  {
    "Type": 5,
    "TagText": "",
    "TagColor": "",
    "TypeText": "Text_GachaTypeText5_Text",
    "OptionalTitle": "Text_GachaOptionalTitle1_Text",
    "OptionalDesc": "Text_GachaOptionalDesc2_Text",
    "GachaButtonTip": "Text_GachaButtonTip05_Text"
  },
  {
    "Type": 6,
    "TagText": "Text_GachaTagText6_Text",
    "TagColor": "12ab54",
    "TypeText": "Text_GachaTypeText6_Text",
    "OptionalTitle": "Text_GachaOptionalTitle1_Text",
    "OptionalDesc": "Text_GachaOptionalDesc1_Text",
    "GachaButtonTip": "Text_GachaButtonTip06_Text"
  }
]