[
  {
    "Id": 1,
    "RuleGroupId": 5,
    "Sort": 10
  },
  {
    "Id": 2,
    "RuleGroupId": 3,
    "Sort": 50
  },
  {
    "Id": 3,
    "RuleGroupId": 4,
    "Sort": 60
  },
  {
    "Id": 100001,
    "RuleGroupId": 1,
    "Sort": 20
  },
  {
    "Id": 100002,
    "RuleGroupId": 1,
    "Sort": 20
  },
  {
    "Id": 200001,
    "RuleGroupId": 2,
    "Sort": 30
  },
  {
    "Id": 200002,
    "RuleGroupId": 2,
    "Sort": 30
  },
  {
    "Id": 4,
    "RuleGroupId": 6,
    "Sort": 10
  },
  {
    "Id": 100003,
    "RuleGroupId": 1,
    "Sort": 20
  },
  {
    "Id": 100004,
    "RuleGroupId": 1,
    "Sort": 20
  },
  {
    "Id": 200003,
    "RuleGroupId": 2,
    "Sort": 30
  },
  {
    "Id": 200004,
    "RuleGroupId": 2,
    "Sort": 30
  },
  {
    "Id": 5,
    "RuleGroupId": 7,
    "Sort": 100
  },
  {
    "Id": 100005,
    "RuleGroupId": 1,
    "Sort": 20
  },
  {
    "Id": 100006,
    "RuleGroupId": 1,
    "Sort": 20
  },
  {
    "Id": 200005,
    "RuleGroupId": 2,
    "Sort": 30
  },
  {
    "Id": 200006,
    "RuleGroupId": 2,
    "Sort": 30
  }
]