[
  {
    "Id": 1,
    "RoleId": 1502,
    "ActionName": "Attack01",
    "AudioPath": "/Game/Aki/WwiseAudio/Events/Default_Work_Unit/SFX_Event/SFX_Play_Event/RoleAction/Yangyang/Play_Role_Yangyang_Bat_Atk_06.Play_Role_Yangyang_Bat_Atk_06",
    "CanInterrupt": false
  },
  {
    "Id": 2,
    "RoleId": 1502,
    "ActionName": "Attack02",
    "AudioPath": "/Game/Aki/WwiseAudio/Events/Default_Work_Unit/SFX_Event/SFX_Play_Event/RoleAction/Yangyang/Play_Role_Yangyang_Bat_Atk_Dilie.Play_Role_Yangyang_Bat_Atk_Dilie",
    "CanInterrupt": false
  }
]