[
  {
    "Id": 1,
    "PackageType": 0,
    "Language": [
      "all"
    ],
    "PackageId": [
      "all"
    ],
    "Channel": {
      "PKa": [],
      "length": 0
    },
    "Adress": ""
  },
  {
    "Id": 2,
    "PackageType": 0,
    "Language": [
      "all"
    ],
    "PackageId": [
      "all"
    ],
    "Channel": [
      0
    ],
    "Adress": "https://sdk.kurogames.com/p/agreement_public.html"
  },
  {
    "Id": 3,
    "PackageType": 0,
    "Language": [
      "all"
    ],
    "PackageId": [
      "all"
    ],
    "Channel": [
      0
    ],
    "Adress": "https://sdk.kurogames.com/p/personal_privacy.html"
  },
  {
    "Id": 4,
    "PackageType": 0,
    "Language": [
      "all"
    ],
    "PackageId": [
      "all"
    ],
    "Channel": [
      0
    ],
    "Adress": "https://sdk.kurogames.com/p/child_privacy.html"
  },
  {
    "Id": 5,
    "PackageType": 0,
    "Language": [
      "all"
    ],
    "PackageId": [
      "all"
    ],
    "Channel": [
      0
    ],
    "Adress": "https://sdk.kurogames.com/p/sdk_list.html"
  },
  {
    "Id": 6,
    "PackageType": 1,
    "Language": [
      "all"
    ],
    "PackageId": [
      "all"
    ],
    "Channel": [
      0
    ],
    "Adress": "https://wutheringwaves.kurogame.com/p/language_{0}/terms_of_service.html"
  },
  {
    "Id": 7,
    "PackageType": 1,
    "Language": [
      "all"
    ],
    "PackageId": [
      "all"
    ],
    "Channel": [
      0
    ],
    "Adress": "https://wutheringwaves.kurogame.com/p/language_{0}/privacy_policy.html"
  },
  {
    "Id": 8,
    "PackageType": 0,
    "Language": [
      "all"
    ],
    "PackageId": [
      "all"
    ],
    "Channel": [
      0
    ],
    "Adress": ""
  },
  {
    "Id": 9,
    "PackageType": 1,
    "Language": [
      "all"
    ],
    "PackageId": [
      "all"
    ],
    "Channel": {
      "PKa": [],
      "length": 0
    },
    "Adress": ""
  },
  {
    "Id": 10,
    "PackageType": 0,
    "Language": [
      "all"
    ],
    "PackageId": [
      "all"
    ],
    "Channel": [
      18,
      19,
      56,
      161,
      167
    ],
    "Adress": "https://beian.miit.gov.cn/"
  }
]