[
  {
    "Id": 100000,
    "Type": 1,
    "SkipName": -1,
    "Val1": "0",
    "Val2": "0",
    "Val3": "0",
    "FunctionOpenCheckMap": {},
    "SortIndex": 1,
    "Description": "AccessPath_100000_Description",
    "PathValue": ""
  },
  {
    "Id": 201001,
    "Type": 1,
    "SkipName": -1,
    "Val1": "0",
    "Val2": "0",
    "Val3": "0",
    "FunctionOpenCheckMap": {},
    "SortIndex": 1,
    "Description": "AccessPath_201001_Description",
    "PathValue": ""
  },
  {
    "Id": 202000,
    "Type": 2,
    "SkipName": 1,
    "Val1": "22",
    "Val2": "NewSoundAreaView",
    "Val3": "0",
    "FunctionOpenCheckMap": {
      "size": 6
    },
    "SortIndex": 2,
    "Description": "AccessPath_202000_Description",
    "PathValue": ""
  },
  {
    "Id": 203000,
    "Type": 2,
    "SkipName": 1,
    "Val1": "340000010",
    "Val2": "MonsterDetectView",
    "Val3": "0",
    "FunctionOpenCheckMap": {},
    "SortIndex": 2,
    "Description": "AccessPath_203000_Description",
    "PathValue": ""
  },
  {
    "Id": 204000,
    "Type": 2,
    "SkipName": 1,
    "Val1": "330000010",
    "Val2": "MonsterDetectView",
    "Val3": "0",
    "FunctionOpenCheckMap": {},
    "SortIndex": 2,
    "Description": "AccessPath_204000_Description",
    "PathValue": ""
  },
  {
    "Id": 205000,
    "Type": 2,
    "SkipName": 1,
    "Val1": "330000060",
    "Val2": "MonsterDetectView",
    "Val3": "0",
    "FunctionOpenCheckMap": {},
    "SortIndex": 2,
    "Description": "AccessPath_205000_Description",
    "PathValue": ""
  },
  {
    "Id": 206000,
    "Type": 2,
    "SkipName": 1,
    "Val1": "330000020",
    "Val2": "MonsterDetectView",
    "Val3": "0",
    "FunctionOpenCheckMap": {},
    "SortIndex": 2,
    "Description": "AccessPath_206000_Description",
    "PathValue": ""
  },
  {
    "Id": 207000,
    "Type": 2,
    "SkipName": 1,
    "Val1": "330000050",
    "Val2": "MonsterDetectView",
    "Val3": "0",
    "FunctionOpenCheckMap": {},
    "SortIndex": 2,
    "Description": "AccessPath_207000_Description",
    "PathValue": ""
  },
  {
    "Id": 208000,
    "Type": 2,
    "SkipName": 1,
    "Val1": "330000030",
    "Val2": "MonsterDetectView",
    "Val3": "0",
    "FunctionOpenCheckMap": {},
    "SortIndex": 1,
    "Description": "AccessPath_208000_Description",
    "PathValue": ""
  },
  {
    "Id": 209000,
    "Type": 2,
    "SkipName": 1,
    "Val1": "330000040",
    "Val2": "MonsterDetectView",
    "Val3": "0",
    "FunctionOpenCheckMap": {},
    "SortIndex": 2,
    "Description": "AccessPath_209000_Description",
    "PathValue": ""
  },
  {
    "Id": 210000,
    "Type": 2,
    "SkipName": 1,
    "Val1": "340000060",
    "Val2": "MonsterDetectView",
    "Val3": "0",
    "FunctionOpenCheckMap": {},
    "SortIndex": 1,
    "Description": "AccessPath_210000_Description",
    "PathValue": ""
  },
  {
    "Id": 211000,
    "Type": 2,
    "SkipName": 1,
    "Val1": "340000020",
    "Val2": "MonsterDetectView",
    "Val3": "0",
    "FunctionOpenCheckMap": {},
    "SortIndex": 2,
    "Description": "AccessPath_211000_Description",
    "PathValue": ""
  },
  {
    "Id": 212000,
    "Type": 2,
    "SkipName": 2,
    "Val1": "83",
    "Val2": "6",
    "Val3": "301203",
    "FunctionOpenCheckMap": {},
    "SortIndex": 2,
    "Description": "AccessPath_212000_Description",
    "PathValue": ""
  },
  {
    "Id": 213000,
    "Type": 2,
    "SkipName": 2,
    "Val1": "2021",
    "Val2": "6",
    "Val3": "380015",
    "FunctionOpenCheckMap": {},
    "SortIndex": 1,
    "Description": "AccessPath_213000_Description",
    "PathValue": ""
  },
  {
    "Id": 214000,
    "Type": 2,
    "SkipName": 2,
    "Val1": "2031",
    "Val2": "6",
    "Val3": "380016",
    "FunctionOpenCheckMap": {},
    "SortIndex": 1,
    "Description": "AccessPath_214000_Description",
    "PathValue": ""
  },
  {
    "Id": 301001,
    "Type": 2,
    "SkipName": 0,
    "Val1": "6",
    "Val2": "380003",
    "Val3": "0",
    "FunctionOpenCheckMap": {},
    "SortIndex": 2,
    "Description": "AccessPath_301001_Description",
    "PathValue": ""
  },
  {
    "Id": 301002,
    "Type": 2,
    "SkipName": 0,
    "Val1": "6",
    "Val2": "380003",
    "Val3": "0",
    "FunctionOpenCheckMap": {},
    "SortIndex": 2,
    "Description": "AccessPath_301002_Description",
    "PathValue": ""
  },
  {
    "Id": 302001,
    "Type": 2,
    "SkipName": 0,
    "Val1": "6",
    "Val2": "380004",
    "Val3": "0",
    "FunctionOpenCheckMap": {},
    "SortIndex": 2,
    "Description": "AccessPath_302001_Description",
    "PathValue": ""
  },
  {
    "Id": 302002,
    "Type": 2,
    "SkipName": 0,
    "Val1": "6",
    "Val2": "380004",
    "Val3": "0",
    "FunctionOpenCheckMap": {},
    "SortIndex": 2,
    "Description": "AccessPath_302002_Description",
    "PathValue": ""
  },
  {
    "Id": 401000,
    "Type": 1,
    "SkipName": -1,
    "Val1": "0",
    "Val2": "0",
    "Val3": "0",
    "FunctionOpenCheckMap": {},
    "SortIndex": 1,
    "Description": "AccessPath_401000_Description",
    "PathValue": ""
  },
  {
    "Id": 402001,
    "Type": 1,
    "SkipName": -1,
    "Val1": "0",
    "Val2": "0",
    "Val3": "0",
    "FunctionOpenCheckMap": {},
    "SortIndex": 1,
    "Description": "AccessPath_402001_Description",
    "PathValue": ""
  },
  {
    "Id": 402002,
    "Type": 1,
    "SkipName": -1,
    "Val1": "0",
    "Val2": "0",
    "Val3": "0",
    "FunctionOpenCheckMap": {},
    "SortIndex": 1,
    "Description": "AccessPath_402002_Description",
    "PathValue": ""
  },
  {
    "Id": 402003,
    "Type": 1,
    "SkipName": -1,
    "Val1": "0",
    "Val2": "0",
    "Val3": "0",
    "FunctionOpenCheckMap": {},
    "SortIndex": 1,
    "Description": "AccessPath_402003_Description",
    "PathValue": ""
  },
  {
    "Id": 402004,
    "Type": 1,
    "SkipName": -1,
    "Val1": "0",
    "Val2": "0",
    "Val3": "0",
    "FunctionOpenCheckMap": {},
    "SortIndex": 1,
    "Description": "AccessPath_402004_Description",
    "PathValue": ""
  },
  {
    "Id": 403001,
    "Type": 1,
    "SkipName": -1,
    "Val1": "0",
    "Val2": "0",
    "Val3": "0",
    "FunctionOpenCheckMap": {},
    "SortIndex": 1,
    "Description": "AccessPath_403001_Description",
    "PathValue": ""
  },
  {
    "Id": 403002,
    "Type": 1,
    "SkipName": -1,
    "Val1": "0",
    "Val2": "0",
    "Val3": "0",
    "FunctionOpenCheckMap": {},
    "SortIndex": 1,
    "Description": "AccessPath_403002_Description",
    "PathValue": ""
  },
  {
    "Id": 403003,
    "Type": 1,
    "SkipName": -1,
    "Val1": "0",
    "Val2": "0",
    "Val3": "0",
    "FunctionOpenCheckMap": {},
    "SortIndex": 1,
    "Description": "AccessPath_403003_Description",
    "PathValue": ""
  },
  {
    "Id": 403004,
    "Type": 1,
    "SkipName": -1,
    "Val1": "0",
    "Val2": "0",
    "Val3": "0",
    "FunctionOpenCheckMap": {},
    "SortIndex": 1,
    "Description": "AccessPath_403004_Description",
    "PathValue": ""
  },
  {
    "Id": 403005,
    "Type": 1,
    "SkipName": -1,
    "Val1": "0",
    "Val2": "0",
    "Val3": "0",
    "FunctionOpenCheckMap": {},
    "SortIndex": 1,
    "Description": "AccessPath_403005_Description",
    "PathValue": ""
  },
  {
    "Id": 403006,
    "Type": 1,
    "SkipName": -1,
    "Val1": "0",
    "Val2": "0",
    "Val3": "0",
    "FunctionOpenCheckMap": {},
    "SortIndex": 1,
    "Description": "AccessPath_403006_Description",
    "PathValue": ""
  },
  {
    "Id": 403007,
    "Type": 1,
    "SkipName": -1,
    "Val1": "0",
    "Val2": "0",
    "Val3": "0",
    "FunctionOpenCheckMap": {},
    "SortIndex": 1,
    "Description": "AccessPath_403007_Description",
    "PathValue": ""
  },
  {
    "Id": 403008,
    "Type": 1,
    "SkipName": -1,
    "Val1": "0",
    "Val2": "0",
    "Val3": "0",
    "FunctionOpenCheckMap": {},
    "SortIndex": 1,
    "Description": "AccessPath_403008_Description",
    "PathValue": ""
  },
  {
    "Id": 403009,
    "Type": 1,
    "SkipName": -1,
    "Val1": "0",
    "Val2": "0",
    "Val3": "0",
    "FunctionOpenCheckMap": {},
    "SortIndex": 1,
    "Description": "AccessPath_403009_Description",
    "PathValue": ""
  },
  {
    "Id": 403010,
    "Type": 1,
    "SkipName": -1,
    "Val1": "0",
    "Val2": "0",
    "Val3": "0",
    "FunctionOpenCheckMap": {},
    "SortIndex": 1,
    "Description": "AccessPath_403010_Description",
    "PathValue": ""
  },
  {
    "Id": 403011,
    "Type": 1,
    "SkipName": -1,
    "Val1": "0",
    "Val2": "0",
    "Val3": "0",
    "FunctionOpenCheckMap": {},
    "SortIndex": 1,
    "Description": "AccessPath_403011_Description",
    "PathValue": ""
  },
  {
    "Id": 404000,
    "Type": 1,
    "SkipName": -1,
    "Val1": "0",
    "Val2": "0",
    "Val3": "0",
    "FunctionOpenCheckMap": {},
    "SortIndex": 1,
    "Description": "AccessPath_404000_Description",
    "PathValue": ""
  },
  {
    "Id": 601001,
    "Type": 2,
    "SkipName": 1,
    "Val1": "310000040",
    "Val2": "MonsterDetectView",
    "Val3": "0",
    "FunctionOpenCheckMap": {},
    "SortIndex": 2,
    "Description": "AccessPath_601001_Description",
    "PathValue": ""
  },
  {
    "Id": 601002,
    "Type": 2,
    "SkipName": 1,
    "Val1": "320000130",
    "Val2": "MonsterDetectView",
    "Val3": "0",
    "FunctionOpenCheckMap": {},
    "SortIndex": 2,
    "Description": "AccessPath_601002_Description",
    "PathValue": ""
  },
  {
    "Id": 602001,
    "Type": 2,
    "SkipName": 1,
    "Val1": "310000270",
    "Val2": "MonsterDetectView",
    "Val3": "0",
    "FunctionOpenCheckMap": {},
    "SortIndex": 2,
    "Description": "AccessPath_602001_Description",
    "PathValue": ""
  },
  {
    "Id": 602002,
    "Type": 2,
    "SkipName": 1,
    "Val1": "320000120",
    "Val2": "MonsterDetectView",
    "Val3": "0",
    "FunctionOpenCheckMap": {},
    "SortIndex": 2,
    "Description": "AccessPath_602002_Description",
    "PathValue": ""
  },
  {
    "Id": 603001,
    "Type": 2,
    "SkipName": 1,
    "Val1": "310000230",
    "Val2": "MonsterDetectView",
    "Val3": "0",
    "FunctionOpenCheckMap": {},
    "SortIndex": 2,
    "Description": "AccessPath_603001_Description",
    "PathValue": ""
  },
  {
    "Id": 603002,
    "Type": 2,
    "SkipName": 1,
    "Val1": "320000160",
    "Val2": "MonsterDetectView",
    "Val3": "0",
    "FunctionOpenCheckMap": {},
    "SortIndex": 2,
    "Description": "AccessPath_603002_Description",
    "PathValue": ""
  },
  {
    "Id": 501000,
    "Type": 1,
    "SkipName": -1,
    "Val1": "0",
    "Val2": "0",
    "Val3": "0",
    "FunctionOpenCheckMap": {},
    "SortIndex": 1,
    "Description": "AccessPath_501000_Description",
    "PathValue": ""
  },
  {
    "Id": 502001,
    "Type": 2,
    "SkipName": 3,
    "Val1": "0",
    "Val2": "0",
    "Val3": "0",
    "FunctionOpenCheckMap": {},
    "SortIndex": 1,
    "Description": "AccessPath_502001_Description",
    "PathValue": ""
  },
  {
    "Id": 503001,
    "Type": 2,
    "SkipName": 0,
    "Val1": "8",
    "Val2": "3014",
    "Val3": "0",
    "FunctionOpenCheckMap": {},
    "SortIndex": 2,
    "Description": "AccessPath_503001_Description",
    "PathValue": ""
  },
  {
    "Id": 503002,
    "Type": 2,
    "SkipName": 0,
    "Val1": "8",
    "Val2": "3005",
    "Val3": "0",
    "FunctionOpenCheckMap": {},
    "SortIndex": 1,
    "Description": "AccessPath_503002_Description",
    "PathValue": ""
  },
  {
    "Id": 503003,
    "Type": 2,
    "SkipName": 0,
    "Val1": "8",
    "Val2": "3000",
    "Val3": "0",
    "FunctionOpenCheckMap": {},
    "SortIndex": 2,
    "Description": "AccessPath_503003_Description",
    "PathValue": ""
  },
  {
    "Id": 301003,
    "Type": 2,
    "SkipName": 0,
    "Val1": "6",
    "Val2": "380003",
    "Val3": "0",
    "FunctionOpenCheckMap": {},
    "SortIndex": 2,
    "Description": "AccessPath_301003_Description",
    "PathValue": ""
  },
  {
    "Id": 301004,
    "Type": 2,
    "SkipName": 0,
    "Val1": "6",
    "Val2": "380006",
    "Val3": "0",
    "FunctionOpenCheckMap": {},
    "SortIndex": 2,
    "Description": "AccessPath_301004_Description",
    "PathValue": ""
  },
  {
    "Id": 301005,
    "Type": 2,
    "SkipName": 0,
    "Val1": "6",
    "Val2": "380006",
    "Val3": "0",
    "FunctionOpenCheckMap": {},
    "SortIndex": 2,
    "Description": "AccessPath_301005_Description",
    "PathValue": ""
  },
  {
    "Id": 301006,
    "Type": 2,
    "SkipName": 0,
    "Val1": "6",
    "Val2": "380006",
    "Val3": "0",
    "FunctionOpenCheckMap": {},
    "SortIndex": 2,
    "Description": "AccessPath_301006_Description",
    "PathValue": ""
  },
  {
    "Id": 302003,
    "Type": 2,
    "SkipName": 0,
    "Val1": "6",
    "Val2": "380004",
    "Val3": "0",
    "FunctionOpenCheckMap": {},
    "SortIndex": 2,
    "Description": "AccessPath_302003_Description",
    "PathValue": ""
  },
  {
    "Id": 302004,
    "Type": 2,
    "SkipName": 0,
    "Val1": "6",
    "Val2": "380007",
    "Val3": "0",
    "FunctionOpenCheckMap": {},
    "SortIndex": 2,
    "Description": "AccessPath_302004_Description",
    "PathValue": ""
  },
  {
    "Id": 302005,
    "Type": 2,
    "SkipName": 0,
    "Val1": "6",
    "Val2": "380007",
    "Val3": "0",
    "FunctionOpenCheckMap": {},
    "SortIndex": 2,
    "Description": "AccessPath_302005_Description",
    "PathValue": ""
  },
  {
    "Id": 302006,
    "Type": 2,
    "SkipName": 0,
    "Val1": "6",
    "Val2": "380007",
    "Val3": "0",
    "FunctionOpenCheckMap": {},
    "SortIndex": 2,
    "Description": "AccessPath_302006_Description",
    "PathValue": ""
  },
  {
    "Id": 101000,
    "Type": 1,
    "SkipName": -1,
    "Val1": "0",
    "Val2": "0",
    "Val3": "0",
    "FunctionOpenCheckMap": {},
    "SortIndex": 1,
    "Description": "AccessPath_101000_Description",
    "PathValue": ""
  },
  {
    "Id": 202001,
    "Type": 2,
    "SkipName": 1,
    "Val1": "30010001",
    "Val2": "SilentAreaView",
    "Val3": "0",
    "FunctionOpenCheckMap": {},
    "SortIndex": 2,
    "Description": "AccessPath_202001_Description",
    "PathValue": ""
  },
  {
    "Id": 202002,
    "Type": 2,
    "SkipName": 1,
    "Val1": "30010009",
    "Val2": "SilentAreaView",
    "Val3": "0",
    "FunctionOpenCheckMap": {},
    "SortIndex": 2,
    "Description": "AccessPath_202002_Description",
    "PathValue": ""
  },
  {
    "Id": 202003,
    "Type": 2,
    "SkipName": 1,
    "Val1": "22",
    "Val2": "SilentAreaView",
    "Val3": "0",
    "FunctionOpenCheckMap": {},
    "SortIndex": 2,
    "Description": "AccessPath_202003_Description",
    "PathValue": ""
  },
  {
    "Id": 202004,
    "Type": 2,
    "SkipName": 1,
    "Val1": "30010011",
    "Val2": "SilentAreaView",
    "Val3": "0",
    "FunctionOpenCheckMap": {},
    "SortIndex": 2,
    "Description": "AccessPath_202004_Description",
    "PathValue": ""
  },
  {
    "Id": 405000,
    "Type": 2,
    "SkipName": 0,
    "Val1": "8",
    "Val2": "3003",
    "Val3": "0",
    "FunctionOpenCheckMap": {},
    "SortIndex": 2,
    "Description": "AccessPath_405000_Description",
    "PathValue": ""
  },
  {
    "Id": 503004,
    "Type": 2,
    "SkipName": 0,
    "Val1": "8",
    "Val2": "3012",
    "Val3": "0",
    "FunctionOpenCheckMap": {},
    "SortIndex": 10,
    "Description": "AccessPath_503004_Description",
    "PathValue": ""
  },
  {
    "Id": 504000,
    "Type": 1,
    "SkipName": -1,
    "Val1": "0",
    "Val2": "0",
    "Val3": "0",
    "FunctionOpenCheckMap": {},
    "SortIndex": 1,
    "Description": "AccessPath_504000_Description",
    "PathValue": ""
  },
  {
    "Id": 701000,
    "Type": 1,
    "SkipName": -1,
    "Val1": "0",
    "Val2": "0",
    "Val3": "0",
    "FunctionOpenCheckMap": {},
    "SortIndex": 1,
    "Description": "AccessPath_701000_Description",
    "PathValue": ""
  },
  {
    "Id": 702000,
    "Type": 1,
    "SkipName": -1,
    "Val1": "0",
    "Val2": "0",
    "Val3": "0",
    "FunctionOpenCheckMap": {},
    "SortIndex": 1,
    "Description": "AccessPath_702000_Description",
    "PathValue": ""
  },
  {
    "Id": 303001,
    "Type": 2,
    "SkipName": 2,
    "Val1": "201000",
    "Val2": "6",
    "Val3": "380004",
    "FunctionOpenCheckMap": {},
    "SortIndex": 2,
    "Description": "AccessPath_303001_Description",
    "PathValue": ""
  },
  {
    "Id": 303002,
    "Type": 2,
    "SkipName": 2,
    "Val1": "202000",
    "Val2": "6",
    "Val3": "380007",
    "FunctionOpenCheckMap": {},
    "SortIndex": 2,
    "Description": "AccessPath_303002_Description",
    "PathValue": ""
  },
  {
    "Id": 303003,
    "Type": 2,
    "SkipName": 2,
    "Val1": "203000",
    "Val2": "6",
    "Val3": "380002",
    "FunctionOpenCheckMap": {},
    "SortIndex": 2,
    "Description": "AccessPath_303003_Description",
    "PathValue": ""
  },
  {
    "Id": 303004,
    "Type": 2,
    "SkipName": 2,
    "Val1": "301000",
    "Val2": "6",
    "Val3": "380003",
    "FunctionOpenCheckMap": {},
    "SortIndex": 2,
    "Description": "AccessPath_303004_Description",
    "PathValue": ""
  },
  {
    "Id": 303005,
    "Type": 2,
    "SkipName": 2,
    "Val1": "302000",
    "Val2": "6",
    "Val3": "380006",
    "FunctionOpenCheckMap": {},
    "SortIndex": 2,
    "Description": "AccessPath_303005_Description",
    "PathValue": ""
  },
  {
    "Id": 303006,
    "Type": 2,
    "SkipName": 2,
    "Val1": "4041",
    "Val2": "6",
    "Val3": "380000",
    "FunctionOpenCheckMap": {},
    "SortIndex": 2,
    "Description": "AccessPath_303006_Description",
    "PathValue": ""
  },
  {
    "Id": 801000,
    "Type": 1,
    "SkipName": -1,
    "Val1": "0",
    "Val2": "0",
    "Val3": "0",
    "FunctionOpenCheckMap": {},
    "SortIndex": 3,
    "Description": "AccessPath_801000_Description",
    "PathValue": ""
  },
  {
    "Id": 802000,
    "Type": 2,
    "SkipName": 1,
    "Val1": "0",
    "Val2": "AdventureTargetView",
    "Val3": "0",
    "FunctionOpenCheckMap": {
      "size": 6
    },
    "SortIndex": 3,
    "Description": "AccessPath_802000_Description",
    "PathValue": ""
  },
  {
    "Id": 803000,
    "Type": 1,
    "SkipName": 0,
    "Val1": "8",
    "Val2": "3",
    "Val3": "0",
    "FunctionOpenCheckMap": {},
    "SortIndex": 3,
    "Description": "AccessPath_803000_Description",
    "PathValue": ""
  },
  {
    "Id": 215000,
    "Type": 2,
    "SkipName": 1,
    "Val1": "340000080",
    "Val2": "MonsterDetectView",
    "Val3": "0",
    "FunctionOpenCheckMap": {},
    "SortIndex": 2,
    "Description": "AccessPath_215000_Description",
    "PathValue": ""
  },
  {
    "Id": 406000,
    "Type": 1,
    "SkipName": -1,
    "Val1": "0",
    "Val2": "0",
    "Val3": "0",
    "FunctionOpenCheckMap": {},
    "SortIndex": 1,
    "Description": "AccessPath_406000_Description",
    "PathValue": ""
  },
  {
    "Id": 503005,
    "Type": 2,
    "SkipName": 0,
    "Val1": "8",
    "Val2": "3011",
    "Val3": "0",
    "FunctionOpenCheckMap": {},
    "SortIndex": 10,
    "Description": "AccessPath_503005_Description",
    "PathValue": ""
  },
  {
    "Id": 403012,
    "Type": 1,
    "SkipName": -1,
    "Val1": "0",
    "Val2": "0",
    "Val3": "0",
    "FunctionOpenCheckMap": {},
    "SortIndex": 1,
    "Description": "AccessPath_403012_Description",
    "PathValue": ""
  },
  {
    "Id": 403013,
    "Type": 1,
    "SkipName": -1,
    "Val1": "0",
    "Val2": "0",
    "Val3": "0",
    "FunctionOpenCheckMap": {},
    "SortIndex": 1,
    "Description": "AccessPath_403013_Description",
    "PathValue": ""
  },
  {
    "Id": 403014,
    "Type": 1,
    "SkipName": -1,
    "Val1": "0",
    "Val2": "0",
    "Val3": "0",
    "FunctionOpenCheckMap": {},
    "SortIndex": 1,
    "Description": "AccessPath_403014_Description",
    "PathValue": ""
  },
  {
    "Id": 403015,
    "Type": 1,
    "SkipName": -1,
    "Val1": "0",
    "Val2": "0",
    "Val3": "0",
    "FunctionOpenCheckMap": {},
    "SortIndex": 1,
    "Description": "AccessPath_403015_Description",
    "PathValue": ""
  },
  {
    "Id": 403016,
    "Type": 1,
    "SkipName": -1,
    "Val1": "0",
    "Val2": "0",
    "Val3": "0",
    "FunctionOpenCheckMap": {},
    "SortIndex": 1,
    "Description": "AccessPath_403016_Description",
    "PathValue": ""
  },
  {
    "Id": 403017,
    "Type": 1,
    "SkipName": -1,
    "Val1": "0",
    "Val2": "0",
    "Val3": "0",
    "FunctionOpenCheckMap": {},
    "SortIndex": 1,
    "Description": "AccessPath_403017_Description",
    "PathValue": ""
  },
  {
    "Id": 403018,
    "Type": 1,
    "SkipName": -1,
    "Val1": "0",
    "Val2": "0",
    "Val3": "0",
    "FunctionOpenCheckMap": {},
    "SortIndex": 1,
    "Description": "AccessPath_403018_Description",
    "PathValue": ""
  },
  {
    "Id": 403019,
    "Type": 1,
    "SkipName": -1,
    "Val1": "0",
    "Val2": "0",
    "Val3": "0",
    "FunctionOpenCheckMap": {},
    "SortIndex": 1,
    "Description": "AccessPath_403019_Description",
    "PathValue": ""
  },
  {
    "Id": 403020,
    "Type": 1,
    "SkipName": -1,
    "Val1": "0",
    "Val2": "0",
    "Val3": "0",
    "FunctionOpenCheckMap": {},
    "SortIndex": 1,
    "Description": "AccessPath_403020_Description",
    "PathValue": ""
  },
  {
    "Id": 403021,
    "Type": 1,
    "SkipName": -1,
    "Val1": "0",
    "Val2": "0",
    "Val3": "0",
    "FunctionOpenCheckMap": {},
    "SortIndex": 1,
    "Description": "AccessPath_403021_Description",
    "PathValue": ""
  },
  {
    "Id": 403022,
    "Type": 1,
    "SkipName": -1,
    "Val1": "0",
    "Val2": "0",
    "Val3": "0",
    "FunctionOpenCheckMap": {},
    "SortIndex": 1,
    "Description": "AccessPath_403022_Description",
    "PathValue": ""
  },
  {
    "Id": 216000,
    "Type": 1,
    "SkipName": -1,
    "Val1": "0",
    "Val2": "0",
    "Val3": "0",
    "FunctionOpenCheckMap": {},
    "SortIndex": 1,
    "Description": "AccessPath_216000_Description",
    "PathValue": ""
  },
  {
    "Id": 604001,
    "Type": 1,
    "SkipName": -1,
    "Val1": "0",
    "Val2": "0",
    "Val3": "0",
    "FunctionOpenCheckMap": {},
    "SortIndex": 1,
    "Description": "AccessPath_604001_Description",
    "PathValue": ""
  },
  {
    "Id": 804000,
    "Type": 1,
    "SkipName": -1,
    "Val1": "0",
    "Val2": "0",
    "Val3": "0",
    "FunctionOpenCheckMap": {},
    "SortIndex": 1,
    "Description": "AccessPath_804000_Description",
    "PathValue": ""
  },
  {
    "Id": 805000,
    "Type": 1,
    "SkipName": -1,
    "Val1": "0",
    "Val2": "0",
    "Val3": "0",
    "FunctionOpenCheckMap": {},
    "SortIndex": 1,
    "Description": "AccessPath_805000_Description",
    "PathValue": ""
  },
  {
    "Id": 303007,
    "Type": 1,
    "SkipName": -1,
    "Val1": "0",
    "Val2": "0",
    "Val3": "0",
    "FunctionOpenCheckMap": {},
    "SortIndex": 0,
    "Description": "AccessPath_303007_Description",
    "PathValue": ""
  },
  {
    "Id": 503006,
    "Type": 2,
    "SkipName": 0,
    "Val1": "8",
    "Val2": "3002",
    "Val3": "0",
    "FunctionOpenCheckMap": {},
    "SortIndex": 2,
    "Description": "AccessPath_503006_Description",
    "PathValue": ""
  },
  {
    "Id": 810001,
    "Type": 2,
    "SkipName": 7,
    "Val1": "0",
    "Val2": "0",
    "Val3": "0",
    "FunctionOpenCheckMap": {},
    "SortIndex": 0,
    "Description": "AccessPath_810001_Description",
    "PathValue": ""
  },
  {
    "Id": 810002,
    "Type": 2,
    "SkipName": 8,
    "Val1": "7510",
    "Val2": "133900703",
    "Val3": "0",
    "FunctionOpenCheckMap": {},
    "SortIndex": 0,
    "Description": "AccessPath_810001_Description",
    "PathValue": ""
  },
  {
    "Id": 810003,
    "Type": 2,
    "SkipName": 8,
    "Val1": "7511",
    "Val2": "133900531",
    "Val3": "0",
    "FunctionOpenCheckMap": {},
    "SortIndex": 0,
    "Description": "AccessPath_810001_Description",
    "PathValue": ""
  },
  {
    "Id": 810004,
    "Type": 2,
    "SkipName": 8,
    "Val1": "7512",
    "Val2": "133003491",
    "Val3": "0",
    "FunctionOpenCheckMap": {},
    "SortIndex": 0,
    "Description": "AccessPath_810001_Description",
    "PathValue": ""
  },
  {
    "Id": 810005,
    "Type": 2,
    "SkipName": 7,
    "Val1": "0",
    "Val2": "0",
    "Val3": "0",
    "FunctionOpenCheckMap": {},
    "SortIndex": 0,
    "Description": "AccessPath_810001_Description",
    "PathValue": ""
  },
  {
    "Id": 810006,
    "Type": 2,
    "SkipName": 8,
    "Val1": "7513",
    "Val2": "133900633",
    "Val3": "0",
    "FunctionOpenCheckMap": {},
    "SortIndex": 0,
    "Description": "AccessPath_810001_Description",
    "PathValue": ""
  },
  {
    "Id": 810007,
    "Type": 2,
    "SkipName": 8,
    "Val1": "7514",
    "Val2": "136904300",
    "Val3": "0",
    "FunctionOpenCheckMap": {},
    "SortIndex": 0,
    "Description": "AccessPath_810001_Description",
    "PathValue": ""
  },
  {
    "Id": 810008,
    "Type": 2,
    "SkipName": 8,
    "Val1": "7523",
    "Val2": "146900029",
    "Val3": "0",
    "FunctionOpenCheckMap": {},
    "SortIndex": 0,
    "Description": "AccessPath_810001_Description",
    "PathValue": ""
  },
  {
    "Id": 810009,
    "Type": 2,
    "SkipName": 7,
    "Val1": "146000000",
    "Val2": "0",
    "Val3": "0",
    "FunctionOpenCheckMap": {},
    "SortIndex": 0,
    "Description": "AccessPath_810001_Description",
    "PathValue": ""
  },
  {
    "Id": 810010,
    "Type": 2,
    "SkipName": 8,
    "Val1": "7515",
    "Val2": "141900266",
    "Val3": "0",
    "FunctionOpenCheckMap": {},
    "SortIndex": 0,
    "Description": "AccessPath_810001_Description",
    "PathValue": ""
  },
  {
    "Id": 810011,
    "Type": 2,
    "SkipName": 8,
    "Val1": "7516",
    "Val2": "133003500",
    "Val3": "0",
    "FunctionOpenCheckMap": {},
    "SortIndex": 0,
    "Description": "AccessPath_810001_Description",
    "PathValue": ""
  },
  {
    "Id": 810012,
    "Type": 2,
    "SkipName": 8,
    "Val1": "7517",
    "Val2": "136900631",
    "Val3": "0",
    "FunctionOpenCheckMap": {},
    "SortIndex": 0,
    "Description": "AccessPath_810001_Description",
    "PathValue": ""
  },
  {
    "Id": 810013,
    "Type": 2,
    "SkipName": 8,
    "Val1": "7518",
    "Val2": "143900008",
    "Val3": "0",
    "FunctionOpenCheckMap": {},
    "SortIndex": 0,
    "Description": "AccessPath_810001_Description",
    "PathValue": ""
  },
  {
    "Id": 810014,
    "Type": 2,
    "SkipName": 8,
    "Val1": "7519",
    "Val2": "133900513",
    "Val3": "0",
    "FunctionOpenCheckMap": {},
    "SortIndex": 0,
    "Description": "AccessPath_810001_Description",
    "PathValue": ""
  },
  {
    "Id": 810015,
    "Type": 2,
    "SkipName": 8,
    "Val1": "7520",
    "Val2": "133003510",
    "Val3": "0",
    "FunctionOpenCheckMap": {},
    "SortIndex": 0,
    "Description": "AccessPath_810001_Description",
    "PathValue": ""
  },
  {
    "Id": 810016,
    "Type": 2,
    "SkipName": 8,
    "Val1": "7521",
    "Val2": "133900700",
    "Val3": "0",
    "FunctionOpenCheckMap": {},
    "SortIndex": 0,
    "Description": "AccessPath_810001_Description",
    "PathValue": ""
  },
  {
    "Id": 810017,
    "Type": 2,
    "SkipName": 8,
    "Val1": "7522",
    "Val2": "136903514",
    "Val3": "0",
    "FunctionOpenCheckMap": {},
    "SortIndex": 0,
    "Description": "AccessPath_810001_Description",
    "PathValue": ""
  },
  {
    "Id": 503007,
    "Type": 1,
    "SkipName": -1,
    "Val1": "0",
    "Val2": "0",
    "Val3": "0",
    "FunctionOpenCheckMap": {},
    "SortIndex": 0,
    "Description": "AccessPath_503007_Description",
    "PathValue": ""
  },
  {
    "Id": 503008,
    "Type": 1,
    "SkipName": -1,
    "Val1": "0",
    "Val2": "0",
    "Val3": "0",
    "FunctionOpenCheckMap": {},
    "SortIndex": 0,
    "Description": "AccessPath_503008_Description",
    "PathValue": ""
  },
  {
    "Id": 503009,
    "Type": 1,
    "SkipName": -1,
    "Val1": "0",
    "Val2": "0",
    "Val3": "0",
    "FunctionOpenCheckMap": {},
    "SortIndex": 0,
    "Description": "AccessPath_503009_Description",
    "PathValue": ""
  },
  {
    "Id": 217000,
    "Type": 2,
    "SkipName": 2,
    "Val1": "2041",
    "Val2": "6",
    "Val3": "380021",
    "FunctionOpenCheckMap": {},
    "SortIndex": 1,
    "Description": "AccessPath_217000_Description",
    "PathValue": ""
  },
  {
    "Id": 820000,
    "Type": 2,
    "SkipName": 9,
    "Val1": "101700001",
    "Val2": "0",
    "Val3": "0",
    "FunctionOpenCheckMap": {},
    "SortIndex": 0,
    "Description": "AccessPath_820000_Description",
    "PathValue": ""
  },
  {
    "Id": 820001,
    "Type": 2,
    "SkipName": 10,
    "Val1": "101700001",
    "Val2": "0",
    "Val3": "0",
    "FunctionOpenCheckMap": {},
    "SortIndex": 0,
    "Description": "AccessPath_820001_Description",
    "PathValue": ""
  },
  {
    "Id": 820002,
    "Type": 2,
    "SkipName": 11,
    "Val1": "101700001",
    "Val2": "0",
    "Val3": "0",
    "FunctionOpenCheckMap": {},
    "SortIndex": 0,
    "Description": "AccessPath_820002_Description",
    "PathValue": ""
  },
  {
    "Id": 820003,
    "Type": 2,
    "SkipName": 12,
    "Val1": "101700001",
    "Val2": "0",
    "Val3": "0",
    "FunctionOpenCheckMap": {},
    "SortIndex": 3,
    "Description": "AccessPath_820003_Description",
    "PathValue": ""
  },
  {
    "Id": 403023,
    "Type": 1,
    "SkipName": -1,
    "Val1": "0",
    "Val2": "0",
    "Val3": "0",
    "FunctionOpenCheckMap": {},
    "SortIndex": 1,
    "Description": "AccessPath_403023_Description",
    "PathValue": ""
  },
  {
    "Id": 403024,
    "Type": 1,
    "SkipName": -1,
    "Val1": "0",
    "Val2": "0",
    "Val3": "0",
    "FunctionOpenCheckMap": {},
    "SortIndex": 1,
    "Description": "AccessPath_403024_Description",
    "PathValue": ""
  },
  {
    "Id": 403025,
    "Type": 1,
    "SkipName": -1,
    "Val1": "0",
    "Val2": "0",
    "Val3": "0",
    "FunctionOpenCheckMap": {},
    "SortIndex": 1,
    "Description": "AccessPath_403025_Description",
    "PathValue": ""
  },
  {
    "Id": 503011,
    "Type": 2,
    "SkipName": 0,
    "Val1": "8",
    "Val2": "3020",
    "Val3": "0",
    "FunctionOpenCheckMap": {},
    "SortIndex": 10,
    "Description": "AccessPath_503002_Description",
    "PathValue": ""
  },
  {
    "Id": 810018,
    "Type": 2,
    "SkipName": 8,
    "Val1": "7524",
    "Val2": "123000887",
    "Val3": "0",
    "FunctionOpenCheckMap": {},
    "SortIndex": 0,
    "Description": "AccessPath_810001_Description",
    "PathValue": ""
  },
  {
    "Id": 830000,
    "Type": 2,
    "SkipName": 1,
    "Val1": "19",
    "Val2": "AdventureTargetView",
    "Val3": "0",
    "FunctionOpenCheckMap": {},
    "SortIndex": 0,
    "Description": "AccessPath_810001_Description",
    "PathValue": ""
  },
  {
    "Id": 830001,
    "Type": 2,
    "SkipName": 1,
    "Val1": "4",
    "Val2": "AdventureTargetView",
    "Val3": "0",
    "FunctionOpenCheckMap": {},
    "SortIndex": 0,
    "Description": "AccessPath_810001_Description",
    "PathValue": ""
  },
  {
    "Id": 830002,
    "Type": 2,
    "SkipName": 1,
    "Val1": "21",
    "Val2": "NewSoundAreaView",
    "Val3": "0",
    "FunctionOpenCheckMap": {},
    "SortIndex": 0,
    "Description": "AccessPath_810001_Description",
    "PathValue": ""
  },
  {
    "Id": 830003,
    "Type": 2,
    "SkipName": 1,
    "Val1": "0",
    "Val2": "NewSoundAreaView",
    "Val3": "0",
    "FunctionOpenCheckMap": {},
    "SortIndex": 0,
    "Description": "AccessPath_810001_Description",
    "PathValue": ""
  },
  {
    "Id": 830004,
    "Type": 2,
    "SkipName": 1,
    "Val1": "0",
    "Val2": "DailyActivityTabView",
    "Val3": "0",
    "FunctionOpenCheckMap": {},
    "SortIndex": 0,
    "Description": "AccessPath_810001_Description",
    "PathValue": ""
  },
  {
    "Id": 820004,
    "Type": 1,
    "SkipName": -1,
    "Val1": "0",
    "Val2": "0",
    "Val3": "0",
    "FunctionOpenCheckMap": {},
    "SortIndex": 1,
    "Description": "AccessPath_820004_Description",
    "PathValue": ""
  },
  {
    "Id": 820005,
    "Type": 2,
    "SkipName": 0,
    "Val1": "6",
    "Val2": "400001",
    "Val3": "0",
    "FunctionOpenCheckMap": {},
    "SortIndex": 2,
    "Description": "AccessPath_820005_Description",
    "PathValue": ""
  },
  {
    "Id": 820006,
    "Type": 2,
    "SkipName": 13,
    "Val1": "101700001",
    "Val2": "0",
    "Val3": "0",
    "FunctionOpenCheckMap": {},
    "SortIndex": 4,
    "Description": "AccessPath_820000_Description",
    "PathValue": ""
  },
  {
    "Id": 820007,
    "Type": 2,
    "SkipName": 14,
    "Val1": "101700001",
    "Val2": "0",
    "Val3": "0",
    "FunctionOpenCheckMap": {},
    "SortIndex": 4,
    "Description": "AccessPath_820003_Description",
    "PathValue": ""
  },
  {
    "Id": 820008,
    "Type": 2,
    "SkipName": 0,
    "Val1": "8",
    "Val2": "10007",
    "Val3": "0",
    "FunctionOpenCheckMap": {},
    "SortIndex": 0,
    "Description": "AccessPath_820002_Description",
    "PathValue": ""
  },
  {
    "Id": 820009,
    "Type": 2,
    "SkipName": 0,
    "Val1": "8",
    "Val2": "10011",
    "Val3": "0",
    "FunctionOpenCheckMap": {},
    "SortIndex": 0,
    "Description": "AccessPath_820002_Description",
    "PathValue": ""
  },
  {
    "Id": 820010,
    "Type": 2,
    "SkipName": 0,
    "Val1": "8",
    "Val2": "10013",
    "Val3": "0",
    "FunctionOpenCheckMap": {},
    "SortIndex": 0,
    "Description": "AccessPath_820002_Description",
    "PathValue": ""
  },
  {
    "Id": 820011,
    "Type": 2,
    "SkipName": 0,
    "Val1": "8",
    "Val2": "10015",
    "Val3": "0",
    "FunctionOpenCheckMap": {},
    "SortIndex": 0,
    "Description": "AccessPath_820002_Description",
    "PathValue": ""
  },
  {
    "Id": 820012,
    "Type": 2,
    "SkipName": 0,
    "Val1": "8",
    "Val2": "10016",
    "Val3": "0",
    "FunctionOpenCheckMap": {},
    "SortIndex": 0,
    "Description": "AccessPath_820002_Description",
    "PathValue": ""
  },
  {
    "Id": 820013,
    "Type": 2,
    "SkipName": 0,
    "Val1": "8",
    "Val2": "10009",
    "Val3": "0",
    "FunctionOpenCheckMap": {},
    "SortIndex": 3,
    "Description": "AccessPath_820013_Description",
    "PathValue": ""
  },
  {
    "Id": 820014,
    "Type": 1,
    "SkipName": -1,
    "Val1": "0",
    "Val2": "0",
    "Val3": "0",
    "FunctionOpenCheckMap": {},
    "SortIndex": 0,
    "Description": "AccessPath_820014_Description",
    "PathValue": ""
  },
  {
    "Id": 840001,
    "Type": 2,
    "SkipName": 15,
    "Val1": "0",
    "Val2": "0",
    "Val3": "0",
    "FunctionOpenCheckMap": {},
    "SortIndex": 9,
    "Description": "AccessPath_840001_Description",
    "PathValue": ""
  },
  {
    "Id": 218000,
    "Type": 2,
    "SkipName": 1,
    "Val1": "330000070",
    "Val2": "MonsterDetectView",
    "Val3": "0",
    "FunctionOpenCheckMap": {},
    "SortIndex": 2,
    "Description": "AccessPath_218000_Description",
    "PathValue": ""
  },
  {
    "Id": 850000,
    "Type": 2,
    "SkipName": 7,
    "Val1": "140800000",
    "Val2": "0",
    "Val3": "0",
    "FunctionOpenCheckMap": {},
    "SortIndex": 0,
    "Description": "AccessPath_810001_Description",
    "PathValue": ""
  },
  {
    "Id": 840002,
    "Type": 1,
    "SkipName": -1,
    "Val1": "0",
    "Val2": "0",
    "Val3": "0",
    "FunctionOpenCheckMap": {},
    "SortIndex": 1,
    "Description": "AccessPath_840002_Description",
    "PathValue": ""
  },
  {
    "Id": 840003,
    "Type": 1,
    "SkipName": -1,
    "Val1": "0",
    "Val2": "0",
    "Val3": "0",
    "FunctionOpenCheckMap": {},
    "SortIndex": 0,
    "Description": "AccessPath_840003_Description",
    "PathValue": ""
  },
  {
    "Id": 850001,
    "Type": 2,
    "SkipName": 7,
    "Val1": "125000124",
    "Val2": "0",
    "Val3": "0",
    "FunctionOpenCheckMap": {},
    "SortIndex": 0,
    "Description": "AccessPath_810001_Description",
    "PathValue": ""
  },
  {
    "Id": 811001,
    "Type": 2,
    "SkipName": 7,
    "Val1": "145000004",
    "Val2": "0",
    "Val3": "0",
    "FunctionOpenCheckMap": {},
    "SortIndex": 0,
    "Description": "AccessPath_810001_Description",
    "PathValue": ""
  },
  {
    "Id": 811002,
    "Type": 2,
    "SkipName": 8,
    "Val1": "7540",
    "Val2": "134750471",
    "Val3": "0",
    "FunctionOpenCheckMap": {},
    "SortIndex": 0,
    "Description": "AccessPath_810001_Description",
    "PathValue": ""
  },
  {
    "Id": 811003,
    "Type": 2,
    "SkipName": 8,
    "Val1": "7541",
    "Val2": "134750450",
    "Val3": "0",
    "FunctionOpenCheckMap": {},
    "SortIndex": 0,
    "Description": "AccessPath_810001_Description",
    "PathValue": ""
  },
  {
    "Id": 811004,
    "Type": 2,
    "SkipName": 7,
    "Val1": "145000004",
    "Val2": "0",
    "Val3": "0",
    "FunctionOpenCheckMap": {},
    "SortIndex": 0,
    "Description": "AccessPath_810001_Description",
    "PathValue": ""
  },
  {
    "Id": 811005,
    "Type": 2,
    "SkipName": 8,
    "Val1": "7542",
    "Val2": "151750677",
    "Val3": "0",
    "FunctionOpenCheckMap": {},
    "SortIndex": 0,
    "Description": "AccessPath_810001_Description",
    "PathValue": ""
  },
  {
    "Id": 811006,
    "Type": 2,
    "SkipName": 8,
    "Val1": "7543",
    "Val2": "152750020",
    "Val3": "0",
    "FunctionOpenCheckMap": {},
    "SortIndex": 0,
    "Description": "AccessPath_810001_Description",
    "PathValue": ""
  },
  {
    "Id": 811007,
    "Type": 2,
    "SkipName": 8,
    "Val1": "7544",
    "Val2": "134750005",
    "Val3": "0",
    "FunctionOpenCheckMap": {},
    "SortIndex": 0,
    "Description": "AccessPath_810001_Description",
    "PathValue": ""
  },
  {
    "Id": 811008,
    "Type": 2,
    "SkipName": 7,
    "Val1": "151000000",
    "Val2": "0",
    "Val3": "0",
    "FunctionOpenCheckMap": {},
    "SortIndex": 0,
    "Description": "AccessPath_810001_Description",
    "PathValue": ""
  },
  {
    "Id": 811009,
    "Type": 2,
    "SkipName": 8,
    "Val1": "7547",
    "Val2": "133000000",
    "Val3": "0",
    "FunctionOpenCheckMap": {},
    "SortIndex": 0,
    "Description": "AccessPath_810001_Description",
    "PathValue": ""
  },
  {
    "Id": 811010,
    "Type": 2,
    "SkipName": 8,
    "Val1": "7545",
    "Val2": "151750133",
    "Val3": "0",
    "FunctionOpenCheckMap": {},
    "SortIndex": 0,
    "Description": "AccessPath_810001_Description",
    "PathValue": ""
  },
  {
    "Id": 811011,
    "Type": 2,
    "SkipName": 8,
    "Val1": "7546",
    "Val2": "136003303",
    "Val3": "0",
    "FunctionOpenCheckMap": {},
    "SortIndex": 0,
    "Description": "AccessPath_810001_Description",
    "PathValue": ""
  },
  {
    "Id": 850002,
    "Type": 2,
    "SkipName": 7,
    "Val1": "145000004",
    "Val2": "0",
    "Val3": "0",
    "FunctionOpenCheckMap": {},
    "SortIndex": 0,
    "Description": "AccessPath_810001_Description",
    "PathValue": ""
  },
  {
    "Id": 850003,
    "Type": 2,
    "SkipName": 0,
    "Val1": "8",
    "Val2": "130001",
    "Val3": "0",
    "FunctionOpenCheckMap": {},
    "SortIndex": 0,
    "Description": "AccessPath_810001_Description",
    "PathValue": ""
  },
  {
    "Id": 850004,
    "Type": 2,
    "SkipName": 0,
    "Val1": "8",
    "Val2": "130002",
    "Val3": "0",
    "FunctionOpenCheckMap": {},
    "SortIndex": 0,
    "Description": "AccessPath_810001_Description",
    "PathValue": ""
  },
  {
    "Id": 850005,
    "Type": 2,
    "SkipName": 0,
    "Val1": "8",
    "Val2": "130003",
    "Val3": "0",
    "FunctionOpenCheckMap": {},
    "SortIndex": 0,
    "Description": "AccessPath_810001_Description",
    "PathValue": ""
  },
  {
    "Id": 850006,
    "Type": 2,
    "SkipName": 0,
    "Val1": "8",
    "Val2": "130004",
    "Val3": "0",
    "FunctionOpenCheckMap": {},
    "SortIndex": 0,
    "Description": "AccessPath_810001_Description",
    "PathValue": ""
  },
  {
    "Id": 850007,
    "Type": 2,
    "SkipName": 0,
    "Val1": "8",
    "Val2": "130005",
    "Val3": "0",
    "FunctionOpenCheckMap": {},
    "SortIndex": 0,
    "Description": "AccessPath_810001_Description",
    "PathValue": ""
  },
  {
    "Id": 850008,
    "Type": 2,
    "SkipName": 7,
    "Val1": "145000004",
    "Val2": "RecallActivity_Role_Precondition",
    "Val3": "0",
    "FunctionOpenCheckMap": {},
    "SortIndex": 0,
    "Description": "AccessPath_810001_Description",
    "PathValue": ""
  },
  {
    "Id": 850009,
    "Type": 2,
    "SkipName": 7,
    "Val1": "11900018",
    "Val2": "RecallActivity_Role_Precondition",
    "Val3": "0",
    "FunctionOpenCheckMap": {},
    "SortIndex": 0,
    "Description": "AccessPath_810001_Description",
    "PathValue": ""
  },
  {
    "Id": 850010,
    "Type": 2,
    "SkipName": 16,
    "Val1": "49",
    "Val2": "0",
    "Val3": "0",
    "FunctionOpenCheckMap": {},
    "SortIndex": 0,
    "Description": "AccessPath_810001_Description",
    "PathValue": ""
  },
  {
    "Id": 503012,
    "Type": 2,
    "SkipName": 0,
    "Val1": "8",
    "Val2": "3022",
    "Val3": "0",
    "FunctionOpenCheckMap": {},
    "SortIndex": 2,
    "Description": "AccessPath_503012_Description",
    "PathValue": ""
  },
  {
    "Id": 811012,
    "Type": 2,
    "SkipName": 8,
    "Val1": "7548",
    "Val2": "136751653",
    "Val3": "0",
    "FunctionOpenCheckMap": {},
    "SortIndex": 0,
    "Description": "AccessPath_810001_Description",
    "PathValue": ""
  },
  {
    "Id": 811020,
    "Type": 2,
    "SkipName": 0,
    "Val1": "19",
    "Val2": "5032",
    "Val3": "0",
    "FunctionOpenCheckMap": {},
    "SortIndex": 0,
    "Description": "AccessPath_810001_Description",
    "PathValue": ""
  },
  {
    "Id": 811021,
    "Type": 2,
    "SkipName": 0,
    "Val1": "19",
    "Val2": "4025",
    "Val3": "0",
    "FunctionOpenCheckMap": {},
    "SortIndex": 0,
    "Description": "AccessPath_810001_Description",
    "PathValue": ""
  },
  {
    "Id": 811022,
    "Type": 2,
    "SkipName": 0,
    "Val1": "8",
    "Val2": "130001",
    "Val3": "0",
    "FunctionOpenCheckMap": {},
    "SortIndex": 0,
    "Description": "AccessPath_810001_Description",
    "PathValue": ""
  },
  {
    "Id": 811023,
    "Type": 2,
    "SkipName": 0,
    "Val1": "8",
    "Val2": "130002",
    "Val3": "0",
    "FunctionOpenCheckMap": {},
    "SortIndex": 0,
    "Description": "AccessPath_810001_Description",
    "PathValue": ""
  },
  {
    "Id": 811024,
    "Type": 2,
    "SkipName": 0,
    "Val1": "8",
    "Val2": "130003",
    "Val3": "0",
    "FunctionOpenCheckMap": {},
    "SortIndex": 0,
    "Description": "AccessPath_810001_Description",
    "PathValue": ""
  },
  {
    "Id": 811025,
    "Type": 2,
    "SkipName": 0,
    "Val1": "8",
    "Val2": "130004",
    "Val3": "0",
    "FunctionOpenCheckMap": {},
    "SortIndex": 0,
    "Description": "AccessPath_810001_Description",
    "PathValue": ""
  },
  {
    "Id": 811026,
    "Type": 2,
    "SkipName": 0,
    "Val1": "8",
    "Val2": "130005",
    "Val3": "0",
    "FunctionOpenCheckMap": {},
    "SortIndex": 0,
    "Description": "AccessPath_810001_Description",
    "PathValue": ""
  },
  {
    "Id": 811027,
    "Type": 2,
    "SkipName": 17,
    "Val1": "102400001",
    "Val2": "0",
    "Val3": "0",
    "FunctionOpenCheckMap": {},
    "SortIndex": 0,
    "Description": "AccessPath_810001_Description",
    "PathValue": ""
  },
  {
    "Id": 811028,
    "Type": 2,
    "SkipName": 17,
    "Val1": "101900001",
    "Val2": "0",
    "Val3": "0",
    "FunctionOpenCheckMap": {},
    "SortIndex": 0,
    "Description": "AccessPath_810001_Description",
    "PathValue": ""
  },
  {
    "Id": 811029,
    "Type": 2,
    "SkipName": 7,
    "Val1": "151000000",
    "Val2": "0",
    "Val3": "0",
    "FunctionOpenCheckMap": {},
    "SortIndex": 0,
    "Description": "AccessPath_810001_Description",
    "PathValue": ""
  },
  {
    "Id": 811030,
    "Type": 2,
    "SkipName": 17,
    "Val1": "102300013",
    "Val2": "0",
    "Val3": "0",
    "FunctionOpenCheckMap": {},
    "SortIndex": 0,
    "Description": "AccessPath_810001_Description",
    "PathValue": ""
  },
  {
    "Id": 811031,
    "Type": 2,
    "SkipName": 0,
    "Val1": "6",
    "Val2": "301201",
    "Val3": "0",
    "FunctionOpenCheckMap": {},
    "SortIndex": 0,
    "Description": "AccessPath_810001_Description",
    "PathValue": ""
  },
  {
    "Id": 850011,
    "Type": 2,
    "SkipName": 16,
    "Val1": "49",
    "Val2": "0",
    "Val3": "0",
    "FunctionOpenCheckMap": {},
    "SortIndex": 0,
    "Description": "AccessPath_810001_Description",
    "PathValue": ""
  }
]