[
  {
    "Id": 1,
    "DataLayer": "DataLayerRuntime_DLTask_AkiWorldTest3",
    "CnName": "测试任务1",
    "LevelId": 8,
    "InitLoad": false
  },
  {
    "Id": 2,
    "DataLayer": "DataLayerRuntime_DLTask_Test1",
    "CnName": "测试地图DataLayer1",
    "LevelId": 100,
    "InitLoad": true
  },
  {
    "Id": 3,
    "DataLayer": "DataLayerRuntime_DLTask_Test2",
    "CnName": "测试地图DataLayer2",
    "LevelId": 100,
    "InitLoad": false
  },
  {
    "Id": 4,
    "DataLayer": "DataLayerRuntime_DLTask_WGZS01",
    "CnName": "无光之森DataLayer1",
    "LevelId": 8,
    "InitLoad": true
  },
  {
    "Id": 5,
    "DataLayer": "DataLayerRuntime_DLTask_WGZS02",
    "CnName": "无光之森DataLayer2",
    "LevelId": 8,
    "InitLoad": false
  },
  {
    "Id": 6,
    "DataLayer": "DataLayerRuntime_DLTask_YLYX01",
    "CnName": "遗落原乡DataLayer1",
    "LevelId": 8,
    "InitLoad": true
  },
  {
    "Id": 7,
    "DataLayer": "DataLayerRuntime_DLTask_YLYX02",
    "CnName": "遗落原乡DataLayer2",
    "LevelId": 8,
    "InitLoad": false
  },
  {
    "Id": 8,
    "DataLayer": "DataLayerRuntime_DLTask_HK01",
    "CnName": "虎口山脉DataLayer1",
    "LevelId": 8,
    "InitLoad": false
  },
  {
    "Id": 9,
    "DataLayer": "DataLayerRuntime_DLTask_HK02",
    "CnName": "虎口山脉DataLayer2",
    "LevelId": 8,
    "InitLoad": true
  },
  {
    "Id": 10,
    "DataLayer": "DataLayerRuntime_DLTask_YNZ01",
    "CnName": "怨鸟泽DataLayer1",
    "LevelId": 8,
    "InitLoad": true
  },
  {
    "Id": 11,
    "DataLayer": "DataLayerRuntime_DLTask_YNZ02",
    "CnName": "怨鸟泽DataLayer2",
    "LevelId": 8,
    "InitLoad": false
  },
  {
    "Id": 12,
    "DataLayer": "DataLayerRuntime_DLTask_YNZ03",
    "CnName": "怨鸟泽DataLayer3",
    "LevelId": 8,
    "InitLoad": true
  },
  {
    "Id": 13,
    "DataLayer": "DataLayerRuntime_DLTask_YNZ04",
    "CnName": "怨鸟泽DataLayer4",
    "LevelId": 8,
    "InitLoad": false
  },
  {
    "Id": 800001,
    "DataLayer": "DataLayerRuntime_DLTask_BLY01",
    "CnName": "北落野DL1(罩子特效)",
    "LevelId": 8,
    "InitLoad": false
  },
  {
    "Id": 800002,
    "DataLayer": "DataLayerRuntime_DLTask_BLY02",
    "CnName": "北落野DL2(主线大楼)",
    "LevelId": 8,
    "InitLoad": false
  },
  {
    "Id": 800003,
    "DataLayer": "DataLayerRuntime_DLTask_BLY03",
    "CnName": "北落野DL3(雕像)",
    "LevelId": 8,
    "InitLoad": false
  },
  {
    "Id": 800004,
    "DataLayer": "DataLayerRuntime_DLTask_ZQ01",
    "CnName": "第一章第六幕北门营地场景DL1",
    "LevelId": 8,
    "InitLoad": false
  },
  {
    "Id": 800005,
    "DataLayer": "DataLayerRuntime_DLTask_ZQ02",
    "CnName": "第一章第六幕北门营地场景DL2",
    "LevelId": 8,
    "InitLoad": false
  },
  {
    "Id": 800006,
    "DataLayer": "DataLayerRuntime_DLTask_HS01",
    "CnName": "第一章第六幕远望营地场景DL1",
    "LevelId": 8,
    "InitLoad": false
  },
  {
    "Id": 800007,
    "DataLayer": "DataLayerRuntime_DLTask_BLY04",
    "CnName": "北落野DL4(雕像胸口特效)",
    "LevelId": 8,
    "InitLoad": false
  },
  {
    "Id": 900001,
    "DataLayer": "DataLayerRuntime_DLTask_CXSEP01",
    "CnName": "眠龙庭-岁主脱困前",
    "LevelId": 8,
    "InitLoad": true
  },
  {
    "Id": 900002,
    "DataLayer": "DataLayerRuntime_DLTask_CXSEP02",
    "CnName": "眠龙庭-岁主脱困后",
    "LevelId": 8,
    "InitLoad": false
  },
  {
    "Id": 900003,
    "DataLayer": "DataLayerRuntime_DLTask_CXS03",
    "CnName": "乘宵山植被-主线前",
    "LevelId": 8,
    "InitLoad": true
  },
  {
    "Id": 900004,
    "DataLayer": "DataLayerRuntime_DLTask_CXS04",
    "CnName": "乘宵山植被-主线后",
    "LevelId": 8,
    "InitLoad": false
  },
  {
    "Id": 900005,
    "DataLayer": "DataLayerRuntime_DLTask_CXS05",
    "CnName": "虹镇-主线中",
    "LevelId": 8,
    "InitLoad": false
  },
  {
    "Id": 900006,
    "DataLayer": "DataLayerRuntime_DLTask_CXS06",
    "CnName": "虹镇-正常态",
    "LevelId": 8,
    "InitLoad": true
  },
  {
    "Id": 700001,
    "DataLayer": "DataLayerRuntime_DLTask_ZYJ01",
    "CnName": "追月节摊位",
    "LevelId": 8,
    "InitLoad": false
  },
  {
    "Id": 900007,
    "DataLayer": "DataLayerRuntime_DLTask_CXS01",
    "CnName": "乘宵山龙心树-枯萎",
    "LevelId": 8,
    "InitLoad": true
  },
  {
    "Id": 900008,
    "DataLayer": "DataLayerRuntime_DLTask_CXS02",
    "CnName": "乘宵山龙心树-正常",
    "LevelId": 8,
    "InitLoad": true
  },
  {
    "Id": 700002,
    "DataLayer": "DataLayerRuntime_DLTask_ZZ01a",
    "CnName": "折枝线小屋和密室",
    "LevelId": 8,
    "InitLoad": false
  },
  {
    "Id": 700003,
    "DataLayer": "DataLayerRuntime_DLTask_ZZ01b",
    "CnName": "折枝线隐藏常态",
    "LevelId": 8,
    "InitLoad": false
  },
  {
    "Id": 700004,
    "DataLayer": "",
    "CnName": "追月节摊位测试",
    "LevelId": 100,
    "InitLoad": false
  },
  {
    "Id": 750001,
    "DataLayer": "DataLayerRuntime_DLTask_HHA01a",
    "CnName": "黑海岸上DataLayer1a",
    "LevelId": 8,
    "InitLoad": false
  },
  {
    "Id": 750002,
    "DataLayer": "DataLayerRuntime_DLTask_HHA01b",
    "CnName": "黑海岸上DataLayer1b",
    "LevelId": 8,
    "InitLoad": true
  },
  {
    "Id": 750003,
    "DataLayer": "DataLayerRuntime_DLTask_HHA02a",
    "CnName": "黑海岸上DataLayer2a",
    "LevelId": 8,
    "InitLoad": false
  },
  {
    "Id": 750004,
    "DataLayer": "DataLayerRuntime_DLTask_HHA02b",
    "CnName": "黑海岸上DataLayer2b",
    "LevelId": 8,
    "InitLoad": true
  },
  {
    "Id": 750005,
    "DataLayer": "DataLayerRuntime_DLTask_HHAU01",
    "CnName": "黑海岸下DataLayer01",
    "LevelId": 900,
    "InitLoad": true
  },
  {
    "Id": 750006,
    "DataLayer": "DataLayerRuntime_DLTask_HHAU02",
    "CnName": "黑海岸下DataLayer02",
    "LevelId": 900,
    "InitLoad": false
  },
  {
    "Id": 750007,
    "DataLayer": "DataLayerRuntime_DLTask_ZQAK",
    "CnName": "安可线中曲台地舞台",
    "LevelId": 8,
    "InitLoad": false
  },
  {
    "Id": 750008,
    "DataLayer": "DataLayerRuntime_DLTask_BLYDG",
    "CnName": "北落野领主道馆DataLayer1",
    "LevelId": 8,
    "InitLoad": false
  }
]