[
  {
    "Id": 1,
    "BanType": 1,
    "BanReason": 1,
    "BanDescribe": "BanInfo_1_BanDescribe"
  },
  {
    "Id": 2,
    "BanType": 1,
    "BanReason": 2,
    "BanDescribe": "BanInfo_2_BanDescribe"
  },
  {
    "Id": 3,
    "BanType": 1,
    "BanReason": 3,
    "BanDescribe": "BanInfo_3_BanDescribe"
  },
  {
    "Id": 4,
    "BanType": 1,
    "BanReason": 4,
    "BanDescribe": "BanInfo_4_BanDescribe"
  },
  {
    "Id": 5,
    "BanType": 1,
    "BanReason": 5,
    "BanDescribe": "BanInfo_5_BanDescribe"
  },
  {
    "Id": 6,
    "BanType": 1,
    "BanReason": 6,
    "BanDescribe": "BanInfo_6_BanDescribe"
  },
  {
    "Id": 7,
    "BanType": 1,
    "BanReason": 7,
    "BanDescribe": "BanInfo_7_BanDescribe"
  },
  {
    "Id": 8,
    "BanType": 1,
    "BanReason": 8,
    "BanDescribe": "BanInfo_8_BanDescribe"
  },
  {
    "Id": 9,
    "BanType": 2,
    "BanReason": 1,
    "BanDescribe": "BanInfo_9_BanDescribe"
  },
  {
    "Id": 10,
    "BanType": 2,
    "BanReason": 2,
    "BanDescribe": "BanInfo_10_BanDescribe"
  },
  {
    "Id": 11,
    "BanType": 2,
    "BanReason": 3,
    "BanDescribe": "BanInfo_11_BanDescribe"
  },
  {
    "Id": 12,
    "BanType": 2,
    "BanReason": 4,
    "BanDescribe": "BanInfo_12_BanDescribe"
  },
  {
    "Id": 13,
    "BanType": 2,
    "BanReason": 5,
    "BanDescribe": "BanInfo_13_BanDescribe"
  },
  {
    "Id": 14,
    "BanType": 2,
    "BanReason": 6,
    "BanDescribe": "BanInfo_14_BanDescribe"
  },
  {
    "Id": 15,
    "BanType": 2,
    "BanReason": 7,
    "BanDescribe": "BanInfo_15_BanDescribe"
  }
]