[
  {
    "CaptionId": 98,
    "CgName": "LYSZW",
    "ShowMoment": 595,
    "Duration": 30,
    "CaptionText": "VideoCaption_98_CaptionText",
    "ShowMomentEn": 0,
    "DurationEn": 0,
    "ShowMomentKo": 0,
    "DurationKo": 0,
    "ShowMomentJa": 0,
    "DurationJa": 0
  },
  {
    "CaptionId": 99,
    "CgName": "LYSZW",
    "ShowMoment": 1608,
    "Duration": 33,
    "CaptionText": "VideoCaption_99_CaptionText",
    "ShowMomentEn": 0,
    "DurationEn": 0,
    "ShowMomentKo": 0,
    "DurationKo": 0,
    "ShowMomentJa": 0,
    "DurationJa": 0
  },
  {
    "CaptionId": 100,
    "CgName": "C0002",
    "ShowMoment": 18,
    "Duration": 212,
    "CaptionText": "Huanglong_main_1_4_199_44",
    "ShowMomentEn": 0,
    "DurationEn": 0,
    "ShowMomentKo": 0,
    "DurationKo": 0,
    "ShowMomentJa": 0,
    "DurationJa": 0
  },
  {
    "CaptionId": 101,
    "CgName": "C0002",
    "ShowMoment": 281,
    "Duration": 260,
    "CaptionText": "Huanglong_main_1_4_199_45",
    "ShowMomentEn": 0,
    "DurationEn": 0,
    "ShowMomentKo": 0,
    "DurationKo": 0,
    "ShowMomentJa": 0,
    "DurationJa": 0
  },
  {
    "CaptionId": 102,
    "CgName": "C0002",
    "ShowMoment": 589,
    "Duration": 433,
    "CaptionText": "Huanglong_main_1_4_199_46",
    "ShowMomentEn": 0,
    "DurationEn": 0,
    "ShowMomentKo": 0,
    "DurationKo": 0,
    "ShowMomentJa": 0,
    "DurationJa": 0
  },
  {
    "CaptionId": 103,
    "CgName": "C0002",
    "ShowMoment": 1051,
    "Duration": 562,
    "CaptionText": "Huanglong_main_1_4_199_47",
    "ShowMomentEn": 0,
    "DurationEn": 0,
    "ShowMomentKo": 0,
    "DurationKo": 0,
    "ShowMomentJa": 0,
    "DurationJa": 0
  },
  {
    "CaptionId": 104,
    "CgName": "C0002",
    "ShowMoment": 1653,
    "Duration": 294,
    "CaptionText": "Huanglong_main_1_4_199_48",
    "ShowMomentEn": 0,
    "DurationEn": 0,
    "ShowMomentKo": 0,
    "DurationKo": 0,
    "ShowMomentJa": 0,
    "DurationJa": 0
  },
  {
    "CaptionId": 105,
    "CgName": "C0002",
    "ShowMoment": 1990,
    "Duration": 167,
    "CaptionText": "Huanglong_main_1_4_199_49",
    "ShowMomentEn": 0,
    "DurationEn": 0,
    "ShowMomentKo": 0,
    "DurationKo": 0,
    "ShowMomentJa": 0,
    "DurationJa": 0
  },
  {
    "CaptionId": 106,
    "CgName": "C0002",
    "ShowMoment": 2192,
    "Duration": 407,
    "CaptionText": "Huanglong_main_1_4_199_50",
    "ShowMomentEn": 0,
    "DurationEn": 0,
    "ShowMomentKo": 0,
    "DurationKo": 0,
    "ShowMomentJa": 0,
    "DurationJa": 0
  },
  {
    "CaptionId": 107,
    "CgName": "C0002",
    "ShowMoment": 2670,
    "Duration": 378,
    "CaptionText": "Huanglong_main_1_4_199_51",
    "ShowMomentEn": 0,
    "DurationEn": 0,
    "ShowMomentKo": 0,
    "DurationKo": 0,
    "ShowMomentJa": 0,
    "DurationJa": 0
  },
  {
    "CaptionId": 108,
    "CgName": "C0002",
    "ShowMoment": 3074,
    "Duration": 158,
    "CaptionText": "Huanglong_main_1_4_199_52",
    "ShowMomentEn": 0,
    "DurationEn": 0,
    "ShowMomentKo": 0,
    "DurationKo": 0,
    "ShowMomentJa": 0,
    "DurationJa": 0
  },
  {
    "CaptionId": 109,
    "CgName": "C0002",
    "ShowMoment": 3268,
    "Duration": 225,
    "CaptionText": "Huanglong_main_1_4_199_53",
    "ShowMomentEn": 0,
    "DurationEn": 0,
    "ShowMomentKo": 0,
    "DurationKo": 0,
    "ShowMomentJa": 0,
    "DurationJa": 0
  },
  {
    "CaptionId": 110,
    "CgName": "C0002",
    "ShowMoment": 3516,
    "Duration": 305,
    "CaptionText": "Huanglong_main_1_4_199_54",
    "ShowMomentEn": 0,
    "DurationEn": 0,
    "ShowMomentKo": 0,
    "DurationKo": 0,
    "ShowMomentJa": 0,
    "DurationJa": 0
  },
  {
    "CaptionId": 111,
    "CgName": "C0002",
    "ShowMoment": 3880,
    "Duration": 154,
    "CaptionText": "Huanglong_main_1_4_199_55",
    "ShowMomentEn": 0,
    "DurationEn": 0,
    "ShowMomentKo": 0,
    "DurationKo": 0,
    "ShowMomentJa": 0,
    "DurationJa": 0
  },
  {
    "CaptionId": 112,
    "CgName": "C0002",
    "ShowMoment": 4069,
    "Duration": 282,
    "CaptionText": "Huanglong_main_1_4_199_56",
    "ShowMomentEn": 0,
    "DurationEn": 0,
    "ShowMomentKo": 0,
    "DurationKo": 0,
    "ShowMomentJa": 0,
    "DurationJa": 0
  },
  {
    "CaptionId": 113,
    "CgName": "C0002",
    "ShowMoment": 4376,
    "Duration": 408,
    "CaptionText": "Huanglong_main_1_4_199_57",
    "ShowMomentEn": 0,
    "DurationEn": 0,
    "ShowMomentKo": 0,
    "DurationKo": 0,
    "ShowMomentJa": 0,
    "DurationJa": 0
  },
  {
    "CaptionId": 114,
    "CgName": "C0002",
    "ShowMoment": 4878,
    "Duration": 293,
    "CaptionText": "Huanglong_main_1_4_199_58",
    "ShowMomentEn": 0,
    "DurationEn": 0,
    "ShowMomentKo": 0,
    "DurationKo": 0,
    "ShowMomentJa": 0,
    "DurationJa": 0
  },
  {
    "CaptionId": 115,
    "CgName": "C0002",
    "ShowMoment": 5255,
    "Duration": 296,
    "CaptionText": "Huanglong_main_1_4_199_59",
    "ShowMomentEn": 0,
    "DurationEn": 0,
    "ShowMomentKo": 0,
    "DurationKo": 0,
    "ShowMomentJa": 0,
    "DurationJa": 0
  },
  {
    "CaptionId": 116,
    "CgName": "C0001",
    "ShowMoment": 0,
    "Duration": 354,
    "CaptionText": "Huanglong_main_1_6_5_1",
    "ShowMomentEn": 0,
    "DurationEn": 0,
    "ShowMomentKo": 0,
    "DurationKo": 0,
    "ShowMomentJa": 0,
    "DurationJa": 0
  },
  {
    "CaptionId": 117,
    "CgName": "C0001",
    "ShowMoment": 388,
    "Duration": 231,
    "CaptionText": "Huanglong_main_1_6_5_2",
    "ShowMomentEn": 0,
    "DurationEn": 0,
    "ShowMomentKo": 0,
    "DurationKo": 0,
    "ShowMomentJa": 0,
    "DurationJa": 0
  },
  {
    "CaptionId": 118,
    "CgName": "C0001",
    "ShowMoment": 648,
    "Duration": 162,
    "CaptionText": "Huanglong_main_1_6_5_3",
    "ShowMomentEn": 0,
    "DurationEn": 0,
    "ShowMomentKo": 0,
    "DurationKo": 0,
    "ShowMomentJa": 0,
    "DurationJa": 0
  },
  {
    "CaptionId": 119,
    "CgName": "C0001",
    "ShowMoment": 836,
    "Duration": 188,
    "CaptionText": "Huanglong_main_1_6_5_4",
    "ShowMomentEn": 0,
    "DurationEn": 0,
    "ShowMomentKo": 0,
    "DurationKo": 0,
    "ShowMomentJa": 0,
    "DurationJa": 0
  },
  {
    "CaptionId": 120,
    "CgName": "C0001",
    "ShowMoment": 1024,
    "Duration": 146,
    "CaptionText": "Huanglong_main_1_6_5_5",
    "ShowMomentEn": 0,
    "DurationEn": 0,
    "ShowMomentKo": 0,
    "DurationKo": 0,
    "ShowMomentJa": 0,
    "DurationJa": 0
  },
  {
    "CaptionId": 121,
    "CgName": "C0001",
    "ShowMoment": 1187,
    "Duration": 342,
    "CaptionText": "Huanglong_main_1_6_5_6",
    "ShowMomentEn": 0,
    "DurationEn": 0,
    "ShowMomentKo": 0,
    "DurationKo": 0,
    "ShowMomentJa": 0,
    "DurationJa": 0
  },
  {
    "CaptionId": 122,
    "CgName": "C0001",
    "ShowMoment": 1529,
    "Duration": 204,
    "CaptionText": "Huanglong_main_1_6_5_7",
    "ShowMomentEn": 0,
    "DurationEn": 0,
    "ShowMomentKo": 0,
    "DurationKo": 0,
    "ShowMomentJa": 0,
    "DurationJa": 0
  },
  {
    "CaptionId": 123,
    "CgName": "C0001",
    "ShowMoment": 1751,
    "Duration": 281,
    "CaptionText": "Huanglong_main_1_6_5_9",
    "ShowMomentEn": 0,
    "DurationEn": 0,
    "ShowMomentKo": 0,
    "DurationKo": 0,
    "ShowMomentJa": 0,
    "DurationJa": 0
  },
  {
    "CaptionId": 124,
    "CgName": "C0001",
    "ShowMoment": 2040,
    "Duration": 407,
    "CaptionText": "Huanglong_main_1_6_5_10",
    "ShowMomentEn": 0,
    "DurationEn": 0,
    "ShowMomentKo": 0,
    "DurationKo": 0,
    "ShowMomentJa": 0,
    "DurationJa": 0
  },
  {
    "CaptionId": 125,
    "CgName": "C0001",
    "ShowMoment": 2447,
    "Duration": 192,
    "CaptionText": "Huanglong_main_1_6_5_11",
    "ShowMomentEn": 0,
    "DurationEn": 0,
    "ShowMomentKo": 0,
    "DurationKo": 0,
    "ShowMomentJa": 0,
    "DurationJa": 0
  },
  {
    "CaptionId": 126,
    "CgName": "C0001",
    "ShowMoment": 2654,
    "Duration": 266,
    "CaptionText": "Huanglong_main_1_6_5_12",
    "ShowMomentEn": 0,
    "DurationEn": 0,
    "ShowMomentKo": 0,
    "DurationKo": 0,
    "ShowMomentJa": 0,
    "DurationJa": 0
  },
  {
    "CaptionId": 127,
    "CgName": "C0001",
    "ShowMoment": 2933,
    "Duration": 239,
    "CaptionText": "Huanglong_main_1_6_5_20",
    "ShowMomentEn": 0,
    "DurationEn": 0,
    "ShowMomentKo": 0,
    "DurationKo": 0,
    "ShowMomentJa": 0,
    "DurationJa": 0
  },
  {
    "CaptionId": 128,
    "CgName": "C0001",
    "ShowMoment": 3199,
    "Duration": 325,
    "CaptionText": "Huanglong_main_1_6_5_13",
    "ShowMomentEn": 0,
    "DurationEn": 0,
    "ShowMomentKo": 0,
    "DurationKo": 0,
    "ShowMomentJa": 0,
    "DurationJa": 0
  },
  {
    "CaptionId": 129,
    "CgName": "C0001",
    "ShowMoment": 3554,
    "Duration": 461,
    "CaptionText": "Huanglong_main_1_6_5_15",
    "ShowMomentEn": 0,
    "DurationEn": 0,
    "ShowMomentKo": 0,
    "DurationKo": 0,
    "ShowMomentJa": 0,
    "DurationJa": 0
  },
  {
    "CaptionId": 130,
    "CgName": "C0001",
    "ShowMoment": 4033,
    "Duration": 410,
    "CaptionText": "Huanglong_main_1_6_5_16",
    "ShowMomentEn": 0,
    "DurationEn": 0,
    "ShowMomentKo": 0,
    "DurationKo": 0,
    "ShowMomentJa": 0,
    "DurationJa": 0
  },
  {
    "CaptionId": 131,
    "CgName": "C0001",
    "ShowMoment": 4491,
    "Duration": 421,
    "CaptionText": "Huanglong_main_1_6_5_17",
    "ShowMomentEn": 0,
    "DurationEn": 0,
    "ShowMomentKo": 0,
    "DurationKo": 0,
    "ShowMomentJa": 0,
    "DurationJa": 0
  },
  {
    "CaptionId": 132,
    "CgName": "C0001",
    "ShowMoment": 4958,
    "Duration": 346,
    "CaptionText": "Huanglong_main_1_6_5_18",
    "ShowMomentEn": 0,
    "DurationEn": 0,
    "ShowMomentKo": 0,
    "DurationKo": 0,
    "ShowMomentJa": 0,
    "DurationJa": 0
  },
  {
    "CaptionId": 133,
    "CgName": "C0001",
    "ShowMoment": 5340,
    "Duration": 471,
    "CaptionText": "Huanglong_main_1_6_5_19",
    "ShowMomentEn": 0,
    "DurationEn": 0,
    "ShowMomentKo": 0,
    "DurationKo": 0,
    "ShowMomentJa": 0,
    "DurationJa": 0
  },
  {
    "CaptionId": 134,
    "CgName": "C3jiyanfight",
    "ShowMoment": 0,
    "Duration": 200,
    "CaptionText": "MainSeq_M021_3",
    "ShowMomentEn": 0,
    "DurationEn": 0,
    "ShowMomentKo": 0,
    "DurationKo": 0,
    "ShowMomentJa": 0,
    "DurationJa": 0
  },
  {
    "CaptionId": 135,
    "CgName": "C3jiyanfight",
    "ShowMoment": 1526,
    "Duration": 55,
    "CaptionText": "MainSeq_M021_1",
    "ShowMomentEn": 0,
    "DurationEn": 0,
    "ShowMomentKo": 0,
    "DurationKo": 0,
    "ShowMomentJa": 0,
    "DurationJa": 0
  },
  {
    "CaptionId": 136,
    "CgName": "C3jiyanfight",
    "ShowMoment": 2350,
    "Duration": 120,
    "CaptionText": "MainSeq_M021_2",
    "ShowMomentEn": 0,
    "DurationEn": 0,
    "ShowMomentKo": 0,
    "DurationKo": 0,
    "ShowMomentJa": 0,
    "DurationJa": 0
  },
  {
    "CaptionId": 137,
    "CgName": "M0234",
    "ShowMoment": 0,
    "Duration": 180,
    "CaptionText": "Huanglong_main_1_7_178_1",
    "ShowMomentEn": 0,
    "DurationEn": 0,
    "ShowMomentKo": 0,
    "DurationKo": 0,
    "ShowMomentJa": 0,
    "DurationJa": 0
  },
  {
    "CaptionId": 138,
    "CgName": "M0234",
    "ShowMoment": 186,
    "Duration": 84,
    "CaptionText": "Huanglong_main_1_7_178_2",
    "ShowMomentEn": 0,
    "DurationEn": 0,
    "ShowMomentKo": 0,
    "DurationKo": 0,
    "ShowMomentJa": 0,
    "DurationJa": 0
  },
  {
    "CaptionId": 139,
    "CgName": "M0234",
    "ShowMoment": 292,
    "Duration": 227,
    "CaptionText": "Huanglong_main_1_7_178_3",
    "ShowMomentEn": 0,
    "DurationEn": 0,
    "ShowMomentKo": 0,
    "DurationKo": 0,
    "ShowMomentJa": 0,
    "DurationJa": 0
  },
  {
    "CaptionId": 140,
    "CgName": "M0234",
    "ShowMoment": 586,
    "Duration": 120,
    "CaptionText": "Huanglong_main_1_7_178_4",
    "ShowMomentEn": 0,
    "DurationEn": 0,
    "ShowMomentKo": 0,
    "DurationKo": 0,
    "ShowMomentJa": 0,
    "DurationJa": 0
  },
  {
    "CaptionId": 141,
    "CgName": "M0234",
    "ShowMoment": 717,
    "Duration": 102,
    "CaptionText": "Huanglong_main_1_7_178_5",
    "ShowMomentEn": 0,
    "DurationEn": 0,
    "ShowMomentKo": 0,
    "DurationKo": 0,
    "ShowMomentJa": 0,
    "DurationJa": 0
  },
  {
    "CaptionId": 142,
    "CgName": "M0234",
    "ShowMoment": 840,
    "Duration": 199,
    "CaptionText": "Huanglong_main_1_7_178_6",
    "ShowMomentEn": 0,
    "DurationEn": 0,
    "ShowMomentKo": 0,
    "DurationKo": 0,
    "ShowMomentJa": 0,
    "DurationJa": 0
  },
  {
    "CaptionId": 143,
    "CgName": "M0234",
    "ShowMoment": 1064,
    "Duration": 234,
    "CaptionText": "Huanglong_main_1_7_178_7",
    "ShowMomentEn": 0,
    "DurationEn": 0,
    "ShowMomentKo": 0,
    "DurationKo": 0,
    "ShowMomentJa": 0,
    "DurationJa": 0
  },
  {
    "CaptionId": 144,
    "CgName": "M0234",
    "ShowMoment": 1340,
    "Duration": 211,
    "CaptionText": "Huanglong_main_1_7_178_8",
    "ShowMomentEn": 0,
    "DurationEn": 0,
    "ShowMomentKo": 0,
    "DurationKo": 0,
    "ShowMomentJa": 0,
    "DurationJa": 0
  },
  {
    "CaptionId": 145,
    "CgName": "M0234",
    "ShowMoment": 1654,
    "Duration": 270,
    "CaptionText": "Huanglong_main_1_7_178_9",
    "ShowMomentEn": 0,
    "DurationEn": 0,
    "ShowMomentKo": 0,
    "DurationKo": 0,
    "ShowMomentJa": 0,
    "DurationJa": 0
  },
  {
    "CaptionId": 146,
    "CgName": "M0234",
    "ShowMoment": 1954,
    "Duration": 166,
    "CaptionText": "Huanglong_main_1_7_178_10",
    "ShowMomentEn": 0,
    "DurationEn": 0,
    "ShowMomentKo": 0,
    "DurationKo": 0,
    "ShowMomentJa": 0,
    "DurationJa": 0
  },
  {
    "CaptionId": 147,
    "CgName": "M0234",
    "ShowMoment": 2140,
    "Duration": 172,
    "CaptionText": "Huanglong_main_1_7_178_11",
    "ShowMomentEn": 0,
    "DurationEn": 0,
    "ShowMomentKo": 0,
    "DurationKo": 0,
    "ShowMomentJa": 0,
    "DurationJa": 0
  },
  {
    "CaptionId": 148,
    "CgName": "M0234",
    "ShowMoment": 2432,
    "Duration": 218,
    "CaptionText": "Huanglong_main_1_7_178_12",
    "ShowMomentEn": 0,
    "DurationEn": 0,
    "ShowMomentKo": 0,
    "DurationKo": 0,
    "ShowMomentJa": 0,
    "DurationJa": 0
  },
  {
    "CaptionId": 149,
    "CgName": "C0004",
    "ShowMoment": 44,
    "Duration": 206,
    "CaptionText": "Chengxiaoshan_main_1_1_355_1",
    "ShowMomentEn": 0,
    "DurationEn": 0,
    "ShowMomentKo": 0,
    "DurationKo": 0,
    "ShowMomentJa": 0,
    "DurationJa": 0
  },
  {
    "CaptionId": 150,
    "CgName": "C0004",
    "ShowMoment": 334,
    "Duration": 221,
    "CaptionText": "Chengxiaoshan_main_1_1_355_2",
    "ShowMomentEn": 0,
    "DurationEn": 0,
    "ShowMomentKo": 0,
    "DurationKo": 0,
    "ShowMomentJa": 0,
    "DurationJa": 0
  },
  {
    "CaptionId": 151,
    "CgName": "C0004",
    "ShowMoment": 620,
    "Duration": 415,
    "CaptionText": "Chengxiaoshan_main_1_1_355_3",
    "ShowMomentEn": 0,
    "DurationEn": 0,
    "ShowMomentKo": 0,
    "DurationKo": 0,
    "ShowMomentJa": 0,
    "DurationJa": 0
  },
  {
    "CaptionId": 152,
    "CgName": "C0004",
    "ShowMoment": 1083,
    "Duration": 320,
    "CaptionText": "Chengxiaoshan_main_1_1_355_4",
    "ShowMomentEn": 0,
    "DurationEn": 0,
    "ShowMomentKo": 0,
    "DurationKo": 0,
    "ShowMomentJa": 0,
    "DurationJa": 0
  },
  {
    "CaptionId": 153,
    "CgName": "C0004",
    "ShowMoment": 1460,
    "Duration": 340,
    "CaptionText": "Chengxiaoshan_main_1_1_355_5",
    "ShowMomentEn": 0,
    "DurationEn": 0,
    "ShowMomentKo": 0,
    "DurationKo": 0,
    "ShowMomentJa": 0,
    "DurationJa": 0
  },
  {
    "CaptionId": 154,
    "CgName": "C0004",
    "ShowMoment": 1821,
    "Duration": 162,
    "CaptionText": "Chengxiaoshan_main_1_1_355_6",
    "ShowMomentEn": 0,
    "DurationEn": 0,
    "ShowMomentKo": 0,
    "DurationKo": 0,
    "ShowMomentJa": 0,
    "DurationJa": 0
  },
  {
    "CaptionId": 155,
    "CgName": "C0004",
    "ShowMoment": 1992,
    "Duration": 98,
    "CaptionText": "Chengxiaoshan_main_1_1_355_7",
    "ShowMomentEn": 0,
    "DurationEn": 0,
    "ShowMomentKo": 0,
    "DurationKo": 0,
    "ShowMomentJa": 0,
    "DurationJa": 0
  },
  {
    "CaptionId": 156,
    "CgName": "C0004",
    "ShowMoment": 2140,
    "Duration": 383,
    "CaptionText": "Chengxiaoshan_main_1_1_355_8",
    "ShowMomentEn": 0,
    "DurationEn": 0,
    "ShowMomentKo": 0,
    "DurationKo": 0,
    "ShowMomentJa": 0,
    "DurationJa": 0
  },
  {
    "CaptionId": 157,
    "CgName": "C0004",
    "ShowMoment": 2584,
    "Duration": 466,
    "CaptionText": "Chengxiaoshan_main_1_1_355_9",
    "ShowMomentEn": 0,
    "DurationEn": 0,
    "ShowMomentKo": 0,
    "DurationKo": 0,
    "ShowMomentJa": 0,
    "DurationJa": 0
  },
  {
    "CaptionId": 158,
    "CgName": "C0004",
    "ShowMoment": 3113,
    "Duration": 314,
    "CaptionText": "Chengxiaoshan_main_1_1_355_10",
    "ShowMomentEn": 0,
    "DurationEn": 0,
    "ShowMomentKo": 0,
    "DurationKo": 0,
    "ShowMomentJa": 0,
    "DurationJa": 0
  },
  {
    "CaptionId": 159,
    "CgName": "M0244",
    "ShowMoment": 1228,
    "Duration": 319,
    "CaptionText": "Chengxiaoshan_main_1_1_400_1",
    "ShowMomentEn": 0,
    "DurationEn": 0,
    "ShowMomentKo": 0,
    "DurationKo": 0,
    "ShowMomentJa": 0,
    "DurationJa": 0
  },
  {
    "CaptionId": 160,
    "CgName": "M0244",
    "ShowMoment": 2218,
    "Duration": 105,
    "CaptionText": "Chengxiaoshan_main_1_1_400_2",
    "ShowMomentEn": 0,
    "DurationEn": 0,
    "ShowMomentKo": 0,
    "DurationKo": 0,
    "ShowMomentJa": 0,
    "DurationJa": 0
  },
  {
    "CaptionId": 161,
    "CgName": "M0244",
    "ShowMoment": 4416,
    "Duration": 131,
    "CaptionText": "Chengxiaoshan_main_1_1_400_4",
    "ShowMomentEn": 0,
    "DurationEn": 0,
    "ShowMomentKo": 0,
    "DurationKo": 0,
    "ShowMomentJa": 0,
    "DurationJa": 0
  },
  {
    "CaptionId": 162,
    "CgName": "M0244",
    "ShowMoment": 4570,
    "Duration": 412,
    "CaptionText": "Chengxiaoshan_main_1_1_400_6",
    "ShowMomentEn": 0,
    "DurationEn": 0,
    "ShowMomentKo": 0,
    "DurationKo": 0,
    "ShowMomentJa": 0,
    "DurationJa": 0
  },
  {
    "CaptionId": 163,
    "CgName": "C0003",
    "ShowMoment": 235,
    "Duration": 98,
    "CaptionText": "Character_ChangLi_66_1",
    "ShowMomentEn": 0,
    "DurationEn": 0,
    "ShowMomentKo": 0,
    "DurationKo": 0,
    "ShowMomentJa": 0,
    "DurationJa": 0
  },
  {
    "CaptionId": 164,
    "CgName": "C0003",
    "ShowMoment": 357,
    "Duration": 61,
    "CaptionText": "Character_ChangLi_66_2",
    "ShowMomentEn": 0,
    "DurationEn": 0,
    "ShowMomentKo": 0,
    "DurationKo": 0,
    "ShowMomentJa": 0,
    "DurationJa": 0
  },
  {
    "CaptionId": 165,
    "CgName": "C0003",
    "ShowMoment": 467,
    "Duration": 77,
    "CaptionText": "Character_ChangLi_66_3",
    "ShowMomentEn": 0,
    "DurationEn": 0,
    "ShowMomentKo": 0,
    "DurationKo": 0,
    "ShowMomentJa": 0,
    "DurationJa": 0
  },
  {
    "CaptionId": 166,
    "CgName": "C0003",
    "ShowMoment": 576,
    "Duration": 115,
    "CaptionText": "Character_ChangLi_66_4",
    "ShowMomentEn": 0,
    "DurationEn": 0,
    "ShowMomentKo": 0,
    "DurationKo": 0,
    "ShowMomentJa": 0,
    "DurationJa": 0
  },
  {
    "CaptionId": 167,
    "CgName": "C0003",
    "ShowMoment": 735,
    "Duration": 147,
    "CaptionText": "Character_ChangLi_66_5",
    "ShowMomentEn": 0,
    "DurationEn": 0,
    "ShowMomentKo": 0,
    "DurationKo": 0,
    "ShowMomentJa": 0,
    "DurationJa": 0
  },
  {
    "CaptionId": 168,
    "CgName": "C0003",
    "ShowMoment": 928,
    "Duration": 60,
    "CaptionText": "Character_ChangLi_66_6",
    "ShowMomentEn": 0,
    "DurationEn": 0,
    "ShowMomentKo": 0,
    "DurationKo": 0,
    "ShowMomentJa": 0,
    "DurationJa": 0
  },
  {
    "CaptionId": 169,
    "CgName": "C0003",
    "ShowMoment": 1004,
    "Duration": 115,
    "CaptionText": "Character_ChangLi_66_7",
    "ShowMomentEn": 0,
    "DurationEn": 0,
    "ShowMomentKo": 0,
    "DurationKo": 0,
    "ShowMomentJa": 0,
    "DurationJa": 0
  },
  {
    "CaptionId": 170,
    "CgName": "C0003",
    "ShowMoment": 1154,
    "Duration": 152,
    "CaptionText": "Character_ChangLi_66_8",
    "ShowMomentEn": 0,
    "DurationEn": 0,
    "ShowMomentKo": 0,
    "DurationKo": 0,
    "ShowMomentJa": 0,
    "DurationJa": 0
  },
  {
    "CaptionId": 171,
    "CgName": "C0003",
    "ShowMoment": 1325,
    "Duration": 51,
    "CaptionText": "Character_ChangLi_66_9",
    "ShowMomentEn": 0,
    "DurationEn": 0,
    "ShowMomentKo": 0,
    "DurationKo": 0,
    "ShowMomentJa": 0,
    "DurationJa": 0
  },
  {
    "CaptionId": 172,
    "CgName": "C0003",
    "ShowMoment": 1396,
    "Duration": 123,
    "CaptionText": "Character_ChangLi_66_10",
    "ShowMomentEn": 0,
    "DurationEn": 0,
    "ShowMomentKo": 0,
    "DurationKo": 0,
    "ShowMomentJa": 0,
    "DurationJa": 0
  },
  {
    "CaptionId": 173,
    "CgName": "C0003",
    "ShowMoment": 1619,
    "Duration": 162,
    "CaptionText": "Character_ChangLi_66_11",
    "ShowMomentEn": 0,
    "DurationEn": 0,
    "ShowMomentKo": 0,
    "DurationKo": 0,
    "ShowMomentJa": 0,
    "DurationJa": 0
  },
  {
    "CaptionId": 174,
    "CgName": "C0003",
    "ShowMoment": 1797,
    "Duration": 108,
    "CaptionText": "Character_ChangLi_66_12",
    "ShowMomentEn": 0,
    "DurationEn": 0,
    "ShowMomentKo": 0,
    "DurationKo": 0,
    "ShowMomentJa": 0,
    "DurationJa": 0
  },
  {
    "CaptionId": 175,
    "CgName": "C0003",
    "ShowMoment": 1961,
    "Duration": 116,
    "CaptionText": "Character_ChangLi_66_13",
    "ShowMomentEn": 0,
    "DurationEn": 0,
    "ShowMomentKo": 0,
    "DurationKo": 0,
    "ShowMomentJa": 0,
    "DurationJa": 0
  },
  {
    "CaptionId": 176,
    "CgName": "C0003",
    "ShowMoment": 2128,
    "Duration": 53,
    "CaptionText": "Character_ChangLi_66_14",
    "ShowMomentEn": 0,
    "DurationEn": 0,
    "ShowMomentKo": 0,
    "DurationKo": 0,
    "ShowMomentJa": 0,
    "DurationJa": 0
  },
  {
    "CaptionId": 177,
    "CgName": "C0003",
    "ShowMoment": 2199,
    "Duration": 114,
    "CaptionText": "Character_ChangLi_66_15",
    "ShowMomentEn": 0,
    "DurationEn": 0,
    "ShowMomentKo": 0,
    "DurationKo": 0,
    "ShowMomentJa": 0,
    "DurationJa": 0
  },
  {
    "CaptionId": 178,
    "CgName": "C0003",
    "ShowMoment": 2320,
    "Duration": 139,
    "CaptionText": "Character_ChangLi_66_16",
    "ShowMomentEn": 0,
    "DurationEn": 0,
    "ShowMomentKo": 0,
    "DurationKo": 0,
    "ShowMomentJa": 0,
    "DurationJa": 0
  },
  {
    "CaptionId": 179,
    "CgName": "C0003",
    "ShowMoment": 2523,
    "Duration": 201,
    "CaptionText": "Character_ChangLi_66_17",
    "ShowMomentEn": 0,
    "DurationEn": 0,
    "ShowMomentKo": 0,
    "DurationKo": 0,
    "ShowMomentJa": 0,
    "DurationJa": 0
  },
  {
    "CaptionId": 180,
    "CgName": "C0003",
    "ShowMoment": 2783,
    "Duration": 183,
    "CaptionText": "Character_ChangLi_66_18",
    "ShowMomentEn": 0,
    "DurationEn": 0,
    "ShowMomentKo": 0,
    "DurationKo": 0,
    "ShowMomentJa": 0,
    "DurationJa": 0
  },
  {
    "CaptionId": 181,
    "CgName": "R0010",
    "ShowMoment": 967,
    "Duration": 34,
    "CaptionText": "Character_ZheZhi_64_1",
    "ShowMomentEn": 0,
    "DurationEn": 0,
    "ShowMomentKo": 0,
    "DurationKo": 0,
    "ShowMomentJa": 0,
    "DurationJa": 0
  },
  {
    "CaptionId": 182,
    "CgName": "R0010",
    "ShowMoment": 1001,
    "Duration": 24,
    "CaptionText": "Character_ZheZhi_64_2",
    "ShowMomentEn": 0,
    "DurationEn": 0,
    "ShowMomentKo": 0,
    "DurationKo": 0,
    "ShowMomentJa": 0,
    "DurationJa": 0
  },
  {
    "CaptionId": 183,
    "CgName": "R0010",
    "ShowMoment": 1025,
    "Duration": 31,
    "CaptionText": "Character_ZheZhi_64_3",
    "ShowMomentEn": 0,
    "DurationEn": 0,
    "ShowMomentKo": 0,
    "DurationKo": 0,
    "ShowMomentJa": 0,
    "DurationJa": 0
  },
  {
    "CaptionId": 184,
    "CgName": "R0010",
    "ShowMoment": 1251,
    "Duration": 89,
    "CaptionText": "Character_ZheZhi_64_4",
    "ShowMomentEn": 0,
    "DurationEn": 0,
    "ShowMomentKo": 0,
    "DurationKo": 0,
    "ShowMomentJa": 0,
    "DurationJa": 0
  },
  {
    "CaptionId": 185,
    "CgName": "R0010",
    "ShowMoment": 1362,
    "Duration": 30,
    "CaptionText": "Character_ZheZhi_64_5",
    "ShowMomentEn": 0,
    "DurationEn": 0,
    "ShowMomentKo": 0,
    "DurationKo": 0,
    "ShowMomentJa": 0,
    "DurationJa": 0
  },
  {
    "CaptionId": 186,
    "CgName": "R0010",
    "ShowMoment": 1406,
    "Duration": 151,
    "CaptionText": "Character_ZheZhi_64_15",
    "ShowMomentEn": 0,
    "DurationEn": 0,
    "ShowMomentKo": 0,
    "DurationKo": 0,
    "ShowMomentJa": 0,
    "DurationJa": 0
  },
  {
    "CaptionId": 187,
    "CgName": "R0010",
    "ShowMoment": 1583,
    "Duration": 61,
    "CaptionText": "Character_ZheZhi_64_6",
    "ShowMomentEn": 0,
    "DurationEn": 0,
    "ShowMomentKo": 0,
    "DurationKo": 0,
    "ShowMomentJa": 0,
    "DurationJa": 0
  },
  {
    "CaptionId": 188,
    "CgName": "R0010",
    "ShowMoment": 1677,
    "Duration": 20,
    "CaptionText": "Character_ZheZhi_64_13",
    "ShowMomentEn": 0,
    "DurationEn": 0,
    "ShowMomentKo": 0,
    "DurationKo": 0,
    "ShowMomentJa": 0,
    "DurationJa": 0
  },
  {
    "CaptionId": 189,
    "CgName": "R0010",
    "ShowMoment": 1564,
    "Duration": 17,
    "CaptionText": "Character_ZheZhi_64_7",
    "ShowMomentEn": 0,
    "DurationEn": 0,
    "ShowMomentKo": 0,
    "DurationKo": 0,
    "ShowMomentJa": 0,
    "DurationJa": 0
  },
  {
    "CaptionId": 190,
    "CgName": "R0010",
    "ShowMoment": 1763,
    "Duration": 59,
    "CaptionText": "Character_ZheZhi_64_8",
    "ShowMomentEn": 0,
    "DurationEn": 0,
    "ShowMomentKo": 0,
    "DurationKo": 0,
    "ShowMomentJa": 0,
    "DurationJa": 0
  },
  {
    "CaptionId": 191,
    "CgName": "R0010",
    "ShowMoment": 1831,
    "Duration": 45,
    "CaptionText": "Character_ZheZhi_64_14",
    "ShowMomentEn": 0,
    "DurationEn": 0,
    "ShowMomentKo": 0,
    "DurationKo": 0,
    "ShowMomentJa": 0,
    "DurationJa": 0
  },
  {
    "CaptionId": 192,
    "CgName": "R0010",
    "ShowMoment": 1934,
    "Duration": 266,
    "CaptionText": "Character_ZheZhi_64_11",
    "ShowMomentEn": 0,
    "DurationEn": 0,
    "ShowMomentKo": 0,
    "DurationKo": 0,
    "ShowMomentJa": 0,
    "DurationJa": 0
  },
  {
    "CaptionId": 193,
    "CgName": "R0010",
    "ShowMoment": 2260,
    "Duration": 30,
    "CaptionText": "Character_ZheZhi_64_12",
    "ShowMomentEn": 0,
    "DurationEn": 0,
    "ShowMomentKo": 0,
    "DurationKo": 0,
    "ShowMomentJa": 0,
    "DurationJa": 0
  },
  {
    "CaptionId": 194,
    "CgName": "R0013",
    "ShowMoment": 193,
    "Duration": 30,
    "CaptionText": "zhuiyuejie_second_59_1",
    "ShowMomentEn": 0,
    "DurationEn": 0,
    "ShowMomentKo": 0,
    "DurationKo": 0,
    "ShowMomentJa": 0,
    "DurationJa": 0
  },
  {
    "CaptionId": 195,
    "CgName": "R0013",
    "ShowMoment": 223,
    "Duration": 36,
    "CaptionText": "zhuiyuejie_second_59_2",
    "ShowMomentEn": 0,
    "DurationEn": 0,
    "ShowMomentKo": 0,
    "DurationKo": 0,
    "ShowMomentJa": 0,
    "DurationJa": 0
  },
  {
    "CaptionId": 196,
    "CgName": "R0013",
    "ShowMoment": 563,
    "Duration": 68,
    "CaptionText": "zhuiyuejie_second_59_3",
    "ShowMomentEn": 0,
    "DurationEn": 0,
    "ShowMomentKo": 0,
    "DurationKo": 0,
    "ShowMomentJa": 0,
    "DurationJa": 0
  },
  {
    "CaptionId": 197,
    "CgName": "R0013",
    "ShowMoment": 682,
    "Duration": 35,
    "CaptionText": "zhuiyuejie_second_59_4",
    "ShowMomentEn": 0,
    "DurationEn": 0,
    "ShowMomentKo": 0,
    "DurationKo": 0,
    "ShowMomentJa": 0,
    "DurationJa": 0
  },
  {
    "CaptionId": 198,
    "CgName": "R0013",
    "ShowMoment": 728,
    "Duration": 23,
    "CaptionText": "zhuiyuejie_second_59_5",
    "ShowMomentEn": 0,
    "DurationEn": 0,
    "ShowMomentKo": 0,
    "DurationKo": 0,
    "ShowMomentJa": 0,
    "DurationJa": 0
  },
  {
    "CaptionId": 199,
    "CgName": "R0013",
    "ShowMoment": 788,
    "Duration": 30,
    "CaptionText": "zhuiyuejie_second_59_6",
    "ShowMomentEn": 0,
    "DurationEn": 0,
    "ShowMomentKo": 0,
    "DurationKo": 0,
    "ShowMomentJa": 0,
    "DurationJa": 0
  },
  {
    "CaptionId": 200,
    "CgName": "R0013",
    "ShowMoment": 818,
    "Duration": 37,
    "CaptionText": "zhuiyuejie_second_59_7",
    "ShowMomentEn": 0,
    "DurationEn": 0,
    "ShowMomentKo": 0,
    "DurationKo": 0,
    "ShowMomentJa": 0,
    "DurationJa": 0
  },
  {
    "CaptionId": 201,
    "CgName": "R0013",
    "ShowMoment": 943,
    "Duration": 100,
    "CaptionText": "zhuiyuejie_second_59_8",
    "ShowMomentEn": 0,
    "DurationEn": 0,
    "ShowMomentKo": 0,
    "DurationKo": 0,
    "ShowMomentJa": 0,
    "DurationJa": 0
  },
  {
    "CaptionId": 202,
    "CgName": "R0013",
    "ShowMoment": 1051,
    "Duration": 26,
    "CaptionText": "zhuiyuejie_second_59_9",
    "ShowMomentEn": 0,
    "DurationEn": 0,
    "ShowMomentKo": 0,
    "DurationKo": 0,
    "ShowMomentJa": 0,
    "DurationJa": 0
  },
  {
    "CaptionId": 203,
    "CgName": "R0013",
    "ShowMoment": 1077,
    "Duration": 29,
    "CaptionText": "zhuiyuejie_second_59_10",
    "ShowMomentEn": 0,
    "DurationEn": 0,
    "ShowMomentKo": 0,
    "DurationKo": 0,
    "ShowMomentJa": 0,
    "DurationJa": 0
  },
  {
    "CaptionId": 204,
    "CgName": "R0013",
    "ShowMoment": 1118,
    "Duration": 25,
    "CaptionText": "zhuiyuejie_second_59_11",
    "ShowMomentEn": 0,
    "DurationEn": 0,
    "ShowMomentKo": 0,
    "DurationKo": 0,
    "ShowMomentJa": 0,
    "DurationJa": 0
  },
  {
    "CaptionId": 205,
    "CgName": "R0013",
    "ShowMoment": 1150,
    "Duration": 66,
    "CaptionText": "zhuiyuejie_second_59_12",
    "ShowMomentEn": 0,
    "DurationEn": 0,
    "ShowMomentKo": 0,
    "DurationKo": 0,
    "ShowMomentJa": 0,
    "DurationJa": 0
  },
  {
    "CaptionId": 206,
    "CgName": "R0013",
    "ShowMoment": 1531,
    "Duration": 51,
    "CaptionText": "zhuiyuejie_second_59_13",
    "ShowMomentEn": 0,
    "DurationEn": 0,
    "ShowMomentKo": 0,
    "DurationKo": 0,
    "ShowMomentJa": 0,
    "DurationJa": 0
  },
  {
    "CaptionId": 207,
    "CgName": "R0013",
    "ShowMoment": 1819,
    "Duration": 57,
    "CaptionText": "zhuiyuejie_second_59_14",
    "ShowMomentEn": 0,
    "DurationEn": 0,
    "ShowMomentKo": 0,
    "DurationKo": 0,
    "ShowMomentJa": 0,
    "DurationJa": 0
  },
  {
    "CaptionId": 208,
    "CgName": "R0013",
    "ShowMoment": 1897,
    "Duration": 55,
    "CaptionText": "zhuiyuejie_second_59_15",
    "ShowMomentEn": 0,
    "DurationEn": 0,
    "ShowMomentKo": 0,
    "DurationKo": 0,
    "ShowMomentJa": 0,
    "DurationJa": 0
  },
  {
    "CaptionId": 209,
    "CgName": "R0013",
    "ShowMoment": 2000,
    "Duration": 33,
    "CaptionText": "zhuiyuejie_second_59_16",
    "ShowMomentEn": 0,
    "DurationEn": 0,
    "ShowMomentKo": 0,
    "DurationKo": 0,
    "ShowMomentJa": 0,
    "DurationJa": 0
  },
  {
    "CaptionId": 210,
    "CgName": "R0013",
    "ShowMoment": 2046,
    "Duration": 95,
    "CaptionText": "zhuiyuejie_second_59_17",
    "ShowMomentEn": 0,
    "DurationEn": 0,
    "ShowMomentKo": 0,
    "DurationKo": 0,
    "ShowMomentJa": 0,
    "DurationJa": 0
  },
  {
    "CaptionId": 211,
    "CgName": "R0013",
    "ShowMoment": 2420,
    "Duration": 52,
    "CaptionText": "zhuiyuejie_second_59_18",
    "ShowMomentEn": 0,
    "DurationEn": 0,
    "ShowMomentKo": 0,
    "DurationKo": 0,
    "ShowMomentJa": 0,
    "DurationJa": 0
  },
  {
    "CaptionId": 212,
    "CgName": "R0013",
    "ShowMoment": 4892,
    "Duration": 60,
    "CaptionText": "zhuiyuejie_second_59_20",
    "ShowMomentEn": 0,
    "DurationEn": 0,
    "ShowMomentKo": 0,
    "DurationKo": 0,
    "ShowMomentJa": 0,
    "DurationJa": 0
  },
  {
    "CaptionId": 213,
    "CgName": "R0013",
    "ShowMoment": 4958,
    "Duration": 115,
    "CaptionText": "zhuiyuejie_second_59_21",
    "ShowMomentEn": 0,
    "DurationEn": 0,
    "ShowMomentKo": 0,
    "DurationKo": 0,
    "ShowMomentJa": 0,
    "DurationJa": 0
  },
  {
    "CaptionId": 214,
    "CgName": "R0013",
    "ShowMoment": 5087,
    "Duration": 30,
    "CaptionText": "zhuiyuejie_second_59_22",
    "ShowMomentEn": 0,
    "DurationEn": 0,
    "ShowMomentKo": 0,
    "DurationKo": 0,
    "ShowMomentJa": 0,
    "DurationJa": 0
  },
  {
    "CaptionId": 215,
    "CgName": "R0013",
    "ShowMoment": 5117,
    "Duration": 67,
    "CaptionText": "zhuiyuejie_second_59_23",
    "ShowMomentEn": 0,
    "DurationEn": 0,
    "ShowMomentKo": 0,
    "DurationKo": 0,
    "ShowMomentJa": 0,
    "DurationJa": 0
  },
  {
    "CaptionId": 216,
    "CgName": "R0013",
    "ShowMoment": 5229,
    "Duration": 98,
    "CaptionText": "zhuiyuejie_second_59_24",
    "ShowMomentEn": 0,
    "DurationEn": 0,
    "ShowMomentKo": 0,
    "DurationKo": 0,
    "ShowMomentJa": 0,
    "DurationJa": 0
  },
  {
    "CaptionId": 250,
    "CgName": "C0005",
    "ShowMoment": 13,
    "Duration": 146,
    "CaptionText": "Character_ZheZhi_62_1",
    "ShowMomentEn": 13,
    "DurationEn": 161,
    "ShowMomentKo": 13,
    "DurationKo": 178,
    "ShowMomentJa": 13,
    "DurationJa": 161
  },
  {
    "CaptionId": 251,
    "CgName": "C0005",
    "ShowMoment": 200,
    "Duration": 159,
    "CaptionText": "Character_ZheZhi_62_2",
    "ShowMomentEn": 207,
    "DurationEn": 157,
    "ShowMomentKo": 207,
    "DurationKo": 143,
    "ShowMomentJa": 181,
    "DurationJa": 175
  },
  {
    "CaptionId": 252,
    "CgName": "C0005",
    "ShowMoment": 391,
    "Duration": 74,
    "CaptionText": "Character_ZheZhi_62_3",
    "ShowMomentEn": 396,
    "DurationEn": 84,
    "ShowMomentKo": 391,
    "DurationKo": 84,
    "ShowMomentJa": 391,
    "DurationJa": 84
  },
  {
    "CaptionId": 253,
    "CgName": "C0005",
    "ShowMoment": 491,
    "Duration": 86,
    "CaptionText": "Character_ZheZhi_62_19",
    "ShowMomentEn": 491,
    "DurationEn": 108,
    "ShowMomentKo": 491,
    "DurationKo": 95,
    "ShowMomentJa": 491,
    "DurationJa": 113
  },
  {
    "CaptionId": 254,
    "CgName": "C0005",
    "ShowMoment": 640,
    "Duration": 145,
    "CaptionText": "Character_ZheZhi_62_4",
    "ShowMomentEn": 640,
    "DurationEn": 152,
    "ShowMomentKo": 640,
    "DurationKo": 145,
    "ShowMomentJa": 640,
    "DurationJa": 148
  },
  {
    "CaptionId": 255,
    "CgName": "C0005",
    "ShowMoment": 810,
    "Duration": 105,
    "CaptionText": "Character_ZheZhi_62_20",
    "ShowMomentEn": 815,
    "DurationEn": 118,
    "ShowMomentKo": 815,
    "DurationKo": 84,
    "ShowMomentJa": 810,
    "DurationJa": 114
  },
  {
    "CaptionId": 256,
    "CgName": "C0005",
    "ShowMoment": 953,
    "Duration": 100,
    "CaptionText": "Character_ZheZhi_62_5",
    "ShowMomentEn": 957,
    "DurationEn": 137,
    "ShowMomentKo": 953,
    "DurationKo": 136,
    "ShowMomentJa": 953,
    "DurationJa": 106
  },
  {
    "CaptionId": 257,
    "CgName": "C0005",
    "ShowMoment": 1059,
    "Duration": 242,
    "CaptionText": "Character_ZheZhi_62_21",
    "ShowMomentEn": 1133,
    "DurationEn": 171,
    "ShowMomentKo": 1133,
    "DurationKo": 168,
    "ShowMomentJa": 1059,
    "DurationJa": 242
  },
  {
    "CaptionId": 258,
    "CgName": "C0005",
    "ShowMoment": 1320,
    "Duration": 51,
    "CaptionText": "Character_ZheZhi_62_6",
    "ShowMomentEn": 1324,
    "DurationEn": 69,
    "ShowMomentKo": 1320,
    "DurationKo": 51,
    "ShowMomentJa": 1320,
    "DurationJa": 51
  },
  {
    "CaptionId": 259,
    "CgName": "C0005",
    "ShowMoment": 1421,
    "Duration": 62,
    "CaptionText": "Character_ZheZhi_62_7",
    "ShowMomentEn": 1421,
    "DurationEn": 68,
    "ShowMomentKo": 1416,
    "DurationKo": 59,
    "ShowMomentJa": 1416,
    "DurationJa": 67
  },
  {
    "CaptionId": 260,
    "CgName": "C0005",
    "ShowMoment": 1494,
    "Duration": 89,
    "CaptionText": "Character_ZheZhi_62_22",
    "ShowMomentEn": 1501,
    "DurationEn": 88,
    "ShowMomentKo": 1497,
    "DurationKo": 83,
    "ShowMomentJa": 1494,
    "DurationJa": 86
  },
  {
    "CaptionId": 261,
    "CgName": "C0005",
    "ShowMoment": 1619,
    "Duration": 63,
    "CaptionText": "Character_ZheZhi_62_8",
    "ShowMomentEn": 1624,
    "DurationEn": 67,
    "ShowMomentKo": 1619,
    "DurationKo": 63,
    "ShowMomentJa": 1619,
    "DurationJa": 63
  },
  {
    "CaptionId": 262,
    "CgName": "C0005",
    "ShowMoment": 1687,
    "Duration": 121,
    "CaptionText": "Character_ZheZhi_62_23",
    "ShowMomentEn": 1695,
    "DurationEn": 86,
    "ShowMomentKo": 1707,
    "DurationKo": 68,
    "ShowMomentJa": 1687,
    "DurationJa": 130
  },
  {
    "CaptionId": 263,
    "CgName": "C0005",
    "ShowMoment": 1848,
    "Duration": 107,
    "CaptionText": "Character_ZheZhi_62_9",
    "ShowMomentEn": 1848,
    "DurationEn": 104,
    "ShowMomentKo": 1851,
    "DurationKo": 104,
    "ShowMomentJa": 1839,
    "DurationJa": 104
  },
  {
    "CaptionId": 264,
    "CgName": "C0005",
    "ShowMoment": 1969,
    "Duration": 67,
    "CaptionText": "Character_ZheZhi_62_24",
    "ShowMomentEn": 1973,
    "DurationEn": 117,
    "ShowMomentKo": 1969,
    "DurationKo": 67,
    "ShowMomentJa": 1963,
    "DurationJa": 107
  },
  {
    "CaptionId": 265,
    "CgName": "C0005",
    "ShowMoment": 2116,
    "Duration": 42,
    "CaptionText": "Character_ZheZhi_62_10",
    "ShowMomentEn": 2120,
    "DurationEn": 46,
    "ShowMomentKo": 2113,
    "DurationKo": 53,
    "ShowMomentJa": 2105,
    "DurationJa": 53
  },
  {
    "CaptionId": 266,
    "CgName": "C0005",
    "ShowMoment": 2166,
    "Duration": 103,
    "CaptionText": "Character_ZheZhi_62_25",
    "ShowMomentEn": 2173,
    "DurationEn": 76,
    "ShowMomentKo": 2181,
    "DurationKo": 68,
    "ShowMomentJa": 2166,
    "DurationJa": 103
  },
  {
    "CaptionId": 267,
    "CgName": "C0005",
    "ShowMoment": 2306,
    "Duration": 61,
    "CaptionText": "Character_ZheZhi_62_26",
    "ShowMomentEn": 2310,
    "DurationEn": 98,
    "ShowMomentKo": 2306,
    "DurationKo": 97,
    "ShowMomentJa": 2303,
    "DurationJa": 94
  },
  {
    "CaptionId": 268,
    "CgName": "C0005",
    "ShowMoment": 2416,
    "Duration": 55,
    "CaptionText": "Character_ZheZhi_62_11",
    "ShowMomentEn": 2421,
    "DurationEn": 57,
    "ShowMomentKo": 2416,
    "DurationKo": 62,
    "ShowMomentJa": 2408,
    "DurationJa": 63
  },
  {
    "CaptionId": 269,
    "CgName": "C0005",
    "ShowMoment": 2487,
    "Duration": 106,
    "CaptionText": "Character_ZheZhi_62_27",
    "ShowMomentEn": 2493,
    "DurationEn": 121,
    "ShowMomentKo": 2493,
    "DurationKo": 100,
    "ShowMomentJa": 2478,
    "DurationJa": 115
  },
  {
    "CaptionId": 270,
    "CgName": "C0005",
    "ShowMoment": 2646,
    "Duration": 116,
    "CaptionText": "Character_ZheZhi_62_12",
    "ShowMomentEn": 2636,
    "DurationEn": 151,
    "ShowMomentKo": 2646,
    "DurationKo": 127,
    "ShowMomentJa": 2614,
    "DurationJa": 144
  },
  {
    "CaptionId": 271,
    "CgName": "C0005",
    "ShowMoment": 2795,
    "Duration": 55,
    "CaptionText": "Character_ZheZhi_62_28",
    "ShowMomentEn": 2798,
    "DurationEn": 70,
    "ShowMomentKo": 2795,
    "DurationKo": 60,
    "ShowMomentJa": 2780,
    "DurationJa": 70
  },
  {
    "CaptionId": 272,
    "CgName": "C0005",
    "ShowMoment": 2860,
    "Duration": 65,
    "CaptionText": "Character_ZheZhi_62_29",
    "ShowMomentEn": 2873,
    "DurationEn": 95,
    "ShowMomentKo": 2860,
    "DurationKo": 108,
    "ShowMomentJa": 2855,
    "DurationJa": 113
  },
  {
    "CaptionId": 273,
    "CgName": "C0005",
    "ShowMoment": 3000,
    "Duration": 150,
    "CaptionText": "Character_ZheZhi_62_14",
    "ShowMomentEn": 3009,
    "DurationEn": 154,
    "ShowMomentKo": 3016,
    "DurationKo": 126,
    "ShowMomentJa": 2996,
    "DurationJa": 154
  },
  {
    "CaptionId": 274,
    "CgName": "C0005",
    "ShowMoment": 3195,
    "Duration": 173,
    "CaptionText": "Character_ZheZhi_62_15",
    "ShowMomentEn": 3202,
    "DurationEn": 192,
    "ShowMomentKo": 3202,
    "DurationKo": 181,
    "ShowMomentJa": 3172,
    "DurationJa": 200
  },
  {
    "CaptionId": 275,
    "CgName": "C0005",
    "ShowMoment": 3400,
    "Duration": 184,
    "CaptionText": "Character_ZheZhi_62_30",
    "ShowMomentEn": 3412,
    "DurationEn": 200,
    "ShowMomentKo": 3412,
    "DurationKo": 150,
    "ShowMomentJa": 3372,
    "DurationJa": 240
  },
  {
    "CaptionId": 276,
    "CgName": "C0005",
    "ShowMoment": 3645,
    "Duration": 119,
    "CaptionText": "Character_ZheZhi_62_16",
    "ShowMomentEn": 3649,
    "DurationEn": 122,
    "ShowMomentKo": 3649,
    "DurationKo": 101,
    "ShowMomentJa": 3645,
    "DurationJa": 119
  },
  {
    "CaptionId": 277,
    "CgName": "C0005",
    "ShowMoment": 3782,
    "Duration": 50,
    "CaptionText": "Character_ZheZhi_62_31",
    "ShowMomentEn": 3788,
    "DurationEn": 52,
    "ShowMomentKo": 3777,
    "DurationKo": 72,
    "ShowMomentJa": 3777,
    "DurationJa": 55
  },
  {
    "CaptionId": 278,
    "CgName": "C0005",
    "ShowMoment": 3840,
    "Duration": 83,
    "CaptionText": "Character_ZheZhi_62_32",
    "ShowMomentEn": 3849,
    "DurationEn": 110,
    "ShowMomentKo": 3856,
    "DurationKo": 92,
    "ShowMomentJa": 3840,
    "DurationJa": 99
  },
  {
    "CaptionId": 279,
    "CgName": "C0005",
    "ShowMoment": 3966,
    "Duration": 147,
    "CaptionText": "Character_ZheZhi_62_17",
    "ShowMomentEn": 3972,
    "DurationEn": 157,
    "ShowMomentKo": 3972,
    "DurationKo": 108,
    "ShowMomentJa": 3959,
    "DurationJa": 154
  },
  {
    "CaptionId": 280,
    "CgName": "C0005",
    "ShowMoment": 4154,
    "Duration": 40,
    "CaptionText": "Character_ZheZhi_62_18",
    "ShowMomentEn": 4158,
    "DurationEn": 36,
    "ShowMomentKo": 4154,
    "DurationKo": 40,
    "ShowMomentJa": 4144,
    "DurationJa": 40
  },
  {
    "CaptionId": 281,
    "CgName": "C0005",
    "ShowMoment": 4215,
    "Duration": 116,
    "CaptionText": "Character_ZheZhi_62_33",
    "ShowMomentEn": 4215,
    "DurationEn": 124,
    "ShowMomentKo": 4215,
    "DurationKo": 130,
    "ShowMomentJa": 4215,
    "DurationJa": 124
  },
  {
    "CaptionId": 282,
    "CgName": "C0005",
    "ShowMoment": 4362,
    "Duration": 172,
    "CaptionText": "Character_ZheZhi_62_34",
    "ShowMomentEn": 4366,
    "DurationEn": 182,
    "ShowMomentKo": 4371,
    "DurationKo": 112,
    "ShowMomentJa": 4355,
    "DurationJa": 193
  },
  {
    "CaptionId": 283,
    "CgName": "C0006",
    "ShowMoment": 47,
    "Duration": 106,
    "CaptionText": "Character_Encore_35_1",
    "ShowMomentEn": 47,
    "DurationEn": 109,
    "ShowMomentKo": 47,
    "DurationKo": 94,
    "ShowMomentJa": 71,
    "DurationJa": 75
  },
  {
    "CaptionId": 284,
    "CgName": "C0006",
    "ShowMoment": 171,
    "Duration": 66,
    "CaptionText": "Character_Encore_35_15",
    "ShowMomentEn": 171,
    "DurationEn": 66,
    "ShowMomentKo": 171,
    "DurationKo": 66,
    "ShowMomentJa": 171,
    "DurationJa": 66
  },
  {
    "CaptionId": 285,
    "CgName": "C0006",
    "ShowMoment": 267,
    "Duration": 83,
    "CaptionText": "Character_Encore_35_2",
    "ShowMomentEn": 258,
    "DurationEn": 92,
    "ShowMomentKo": 267,
    "DurationKo": 83,
    "ShowMomentJa": 267,
    "DurationJa": 83
  },
  {
    "CaptionId": 286,
    "CgName": "C0006",
    "ShowMoment": 350,
    "Duration": 71,
    "CaptionText": "Character_Encore_35_16",
    "ShowMomentEn": 350,
    "DurationEn": 92,
    "ShowMomentKo": 350,
    "DurationKo": 61,
    "ShowMomentJa": 350,
    "DurationJa": 67
  },
  {
    "CaptionId": 287,
    "CgName": "C0006",
    "ShowMoment": 472,
    "Duration": 58,
    "CaptionText": "Character_Encore_35_3",
    "ShowMomentEn": 472,
    "DurationEn": 63,
    "ShowMomentKo": 472,
    "DurationKo": 70,
    "ShowMomentJa": 472,
    "DurationJa": 78
  },
  {
    "CaptionId": 288,
    "CgName": "C0006",
    "ShowMoment": 572,
    "Duration": 86,
    "CaptionText": "Character_Encore_35_17",
    "ShowMomentEn": 570,
    "DurationEn": 88,
    "ShowMomentKo": 572,
    "DurationKo": 86,
    "ShowMomentJa": 572,
    "DurationJa": 86
  },
  {
    "CaptionId": 289,
    "CgName": "C0006",
    "ShowMoment": 658,
    "Duration": 83,
    "CaptionText": "Character_Encore_35_18",
    "ShowMomentEn": 658,
    "DurationEn": 52,
    "ShowMomentKo": 658,
    "DurationKo": 62,
    "ShowMomentJa": 658,
    "DurationJa": 67
  },
  {
    "CaptionId": 290,
    "CgName": "C0006",
    "ShowMoment": 780,
    "Duration": 84,
    "CaptionText": "Character_Encore_35_4",
    "ShowMomentEn": 780,
    "DurationEn": 84,
    "ShowMomentKo": 780,
    "DurationKo": 84,
    "ShowMomentJa": 780,
    "DurationJa": 84
  },
  {
    "CaptionId": 291,
    "CgName": "C0006",
    "ShowMoment": 864,
    "Duration": 206,
    "CaptionText": "Character_Encore_35_19",
    "ShowMomentEn": 864,
    "DurationEn": 223,
    "ShowMomentKo": 864,
    "DurationKo": 215,
    "ShowMomentJa": 864,
    "DurationJa": 218
  },
  {
    "CaptionId": 292,
    "CgName": "C0006",
    "ShowMoment": 1159,
    "Duration": 83,
    "CaptionText": "Character_Encore_35_5",
    "ShowMomentEn": 1159,
    "DurationEn": 83,
    "ShowMomentKo": 1159,
    "DurationKo": 83,
    "ShowMomentJa": 1159,
    "DurationJa": 83
  },
  {
    "CaptionId": 293,
    "CgName": "C0006",
    "ShowMoment": 1242,
    "Duration": 133,
    "CaptionText": "Character_Encore_35_20",
    "ShowMomentEn": 1242,
    "DurationEn": 133,
    "ShowMomentKo": 1242,
    "DurationKo": 105,
    "ShowMomentJa": 1242,
    "DurationJa": 83
  },
  {
    "CaptionId": 294,
    "CgName": "C0006",
    "ShowMoment": 1375,
    "Duration": 89,
    "CaptionText": "Character_Encore_35_6",
    "ShowMomentEn": 1375,
    "DurationEn": 89,
    "ShowMomentKo": 1375,
    "DurationKo": 89,
    "ShowMomentJa": 1364,
    "DurationJa": 100
  },
  {
    "CaptionId": 295,
    "CgName": "C0006",
    "ShowMoment": 1464,
    "Duration": 97,
    "CaptionText": "Character_Encore_35_21",
    "ShowMomentEn": 1464,
    "DurationEn": 97,
    "ShowMomentKo": 1464,
    "DurationKo": 107,
    "ShowMomentJa": 1464,
    "DurationJa": 83
  },
  {
    "CaptionId": 296,
    "CgName": "C0006",
    "ShowMoment": 1578,
    "Duration": 122,
    "CaptionText": "Character_Encore_35_22",
    "ShowMomentEn": 1578,
    "DurationEn": 136,
    "ShowMomentKo": 1578,
    "DurationKo": 115,
    "ShowMomentJa": 1561,
    "DurationJa": 147
  },
  {
    "CaptionId": 297,
    "CgName": "C0006",
    "ShowMoment": 1734,
    "Duration": 140,
    "CaptionText": "Character_Encore_35_7",
    "ShowMomentEn": 1734,
    "DurationEn": 134,
    "ShowMomentKo": 1734,
    "DurationKo": 140,
    "ShowMomentJa": 1755,
    "DurationJa": 119
  },
  {
    "CaptionId": 298,
    "CgName": "C0006",
    "ShowMoment": 1874,
    "Duration": 100,
    "CaptionText": "Character_Encore_35_23",
    "ShowMomentEn": 1868,
    "DurationEn": 142,
    "ShowMomentKo": 1874,
    "DurationKo": 87,
    "ShowMomentJa": 1874,
    "DurationJa": 146
  },
  {
    "CaptionId": 299,
    "CgName": "C0006",
    "ShowMoment": 2026,
    "Duration": 126,
    "CaptionText": "Character_Encore_35_8",
    "ShowMomentEn": 2033,
    "DurationEn": 103,
    "ShowMomentKo": 2026,
    "DurationKo": 116,
    "ShowMomentJa": 2075,
    "DurationJa": 76
  },
  {
    "CaptionId": 300,
    "CgName": "C0006",
    "ShowMoment": 2167,
    "Duration": 159,
    "CaptionText": "Character_Encore_35_24",
    "ShowMomentEn": 2167,
    "DurationEn": 160,
    "ShowMomentKo": 2167,
    "DurationKo": 145,
    "ShowMomentJa": 2172,
    "DurationJa": 132
  },
  {
    "CaptionId": 301,
    "CgName": "C0006",
    "ShowMoment": 2361,
    "Duration": 103,
    "CaptionText": "Character_Encore_35_9",
    "ShowMomentEn": 2361,
    "DurationEn": 103,
    "ShowMomentKo": 2361,
    "DurationKo": 105,
    "ShowMomentJa": 2384,
    "DurationJa": 67
  },
  {
    "CaptionId": 302,
    "CgName": "C0006",
    "ShowMoment": 2475,
    "Duration": 106,
    "CaptionText": "Character_Encore_35_25",
    "ShowMomentEn": 2475,
    "DurationEn": 102,
    "ShowMomentKo": 2475,
    "DurationKo": 116,
    "ShowMomentJa": 2475,
    "DurationJa": 106
  },
  {
    "CaptionId": 303,
    "CgName": "C0006",
    "ShowMoment": 2620,
    "Duration": 137,
    "CaptionText": "Character_Encore_35_10",
    "ShowMomentEn": 2624,
    "DurationEn": 131,
    "ShowMomentKo": 2623,
    "DurationKo": 127,
    "ShowMomentJa": 2688,
    "DurationJa": 77
  },
  {
    "CaptionId": 304,
    "CgName": "C0006",
    "ShowMoment": 2778,
    "Duration": 204,
    "CaptionText": "Character_Encore_35_26",
    "ShowMomentEn": 2778,
    "DurationEn": 196,
    "ShowMomentKo": 2778,
    "DurationKo": 190,
    "ShowMomentJa": 2778,
    "DurationJa": 144
  },
  {
    "CaptionId": 305,
    "CgName": "C0006",
    "ShowMoment": 3038,
    "Duration": 132,
    "CaptionText": "Character_Encore_35_27",
    "ShowMomentEn": 3038,
    "DurationEn": 104,
    "ShowMomentKo": 3038,
    "DurationKo": 127,
    "ShowMomentJa": 3038,
    "DurationJa": 92
  },
  {
    "CaptionId": 306,
    "CgName": "C0006",
    "ShowMoment": 3185,
    "Duration": 103,
    "CaptionText": "Character_Encore_35_28",
    "ShowMomentEn": 3185,
    "DurationEn": 108,
    "ShowMomentKo": 3185,
    "DurationKo": 125,
    "ShowMomentJa": 3154,
    "DurationJa": 104
  },
  {
    "CaptionId": 307,
    "CgName": "C0006",
    "ShowMoment": 3338,
    "Duration": 90,
    "CaptionText": "Character_Encore_35_11",
    "ShowMomentEn": 3334,
    "DurationEn": 94,
    "ShowMomentKo": 3338,
    "DurationKo": 95,
    "ShowMomentJa": 3310,
    "DurationJa": 118
  },
  {
    "CaptionId": 308,
    "CgName": "C0006",
    "ShowMoment": 3437,
    "Duration": 91,
    "CaptionText": "Character_Encore_35_29",
    "ShowMomentEn": 3437,
    "DurationEn": 91,
    "ShowMomentKo": 3439,
    "DurationKo": 89,
    "ShowMomentJa": 3457,
    "DurationJa": 74
  },
  {
    "CaptionId": 309,
    "CgName": "C0006",
    "ShowMoment": 3541,
    "Duration": 96,
    "CaptionText": "Character_Encore_35_12",
    "ShowMomentEn": 3541,
    "DurationEn": 96,
    "ShowMomentKo": 3541,
    "DurationKo": 96,
    "ShowMomentJa": 3546,
    "DurationJa": 87
  },
  {
    "CaptionId": 310,
    "CgName": "C0006",
    "ShowMoment": 3677,
    "Duration": 91,
    "CaptionText": "Character_Encore_35_13",
    "ShowMomentEn": 3674,
    "DurationEn": 100,
    "ShowMomentKo": 3677,
    "DurationKo": 91,
    "ShowMomentJa": 3677,
    "DurationJa": 97
  },
  {
    "CaptionId": 311,
    "CgName": "C0006",
    "ShowMoment": 3785,
    "Duration": 87,
    "CaptionText": "Character_Encore_35_30",
    "ShowMomentEn": 3818,
    "DurationEn": 72,
    "ShowMomentKo": 3785,
    "DurationKo": 90,
    "ShowMomentJa": 3785,
    "DurationJa": 81
  },
  {
    "CaptionId": 312,
    "CgName": "C0006",
    "ShowMoment": 3907,
    "Duration": 64,
    "CaptionText": "Character_Encore_35_31",
    "ShowMomentEn": 3931,
    "DurationEn": 40,
    "ShowMomentKo": 3907,
    "DurationKo": 60,
    "ShowMomentJa": 3910,
    "DurationJa": 75
  },
  {
    "CaptionId": 313,
    "CgName": "C0006",
    "ShowMoment": 3998,
    "Duration": 112,
    "CaptionText": "Character_Encore_35_32",
    "ShowMomentEn": 3993,
    "DurationEn": 112,
    "ShowMomentKo": 3998,
    "DurationKo": 116,
    "ShowMomentJa": 4000,
    "DurationJa": 124
  },
  {
    "CaptionId": 314,
    "CgName": "C0006",
    "ShowMoment": 4167,
    "Duration": 62,
    "CaptionText": "Character_Encore_35_14",
    "ShowMomentEn": 4167,
    "DurationEn": 43,
    "ShowMomentKo": 4167,
    "DurationKo": 62,
    "ShowMomentJa": 4180,
    "DurationJa": 35
  },
  {
    "CaptionId": 315,
    "CgName": "C0006",
    "ShowMoment": 4261,
    "Duration": 71,
    "CaptionText": "Character_Encore_35_33",
    "ShowMomentEn": 4241,
    "DurationEn": 64,
    "ShowMomentKo": 4261,
    "DurationKo": 79,
    "ShowMomentJa": 4254,
    "DurationJa": 99
  }
]