[
  {
    "CaptionId": 1,
    "CgName": "Start",
    "GirlOrBoy": 2,
    "EventPath": "/Game/Aki/WwiseAudio/Events/play_sequence_music_m0206.play_sequence_music_m0206"
  },
  {
    "CaptionId": 2,
    "CgName": "Start",
    "GirlOrBoy": 2,
    "EventPath": "/Game/Aki/WwiseAudio/Events/play_sfx_lva_m0206.play_sfx_lva_m0206"
  },
  {
    "CaptionId": 3,
    "CgName": "LYSZW",
    "GirlOrBoy": 2,
    "EventPath": "/Game/Aki/WwiseAudio/Events/play_sequence_music_r0004.play_sequence_music_r0004"
  },
  {
    "CaptionId": 4,
    "CgName": "LYSZW",
    "GirlOrBoy": 2,
    "EventPath": "/Game/Aki/WwiseAudio/Events/play_sfx_lva_r0004.play_sfx_lva_r0004"
  },
  {
    "CaptionId": 5,
    "CgName": "LYSZW",
    "GirlOrBoy": 2,
    "EventPath": "/Game/Aki/WwiseAudio/Events/play_vo_story_r0004.play_vo_story_r0004"
  },
  {
    "CaptionId": 6,
    "CgName": "C0002",
    "GirlOrBoy": 2,
    "EventPath": "/Game/Aki/WwiseAudio/Events/play_sequence_music_c0002.play_sequence_music_c0002"
  },
  {
    "CaptionId": 7,
    "CgName": "C0002",
    "GirlOrBoy": 2,
    "EventPath": "/Game/Aki/WwiseAudio/Events/play_sfx_lva_c0002.play_sfx_lva_c0002"
  },
  {
    "CaptionId": 8,
    "CgName": "C0002",
    "GirlOrBoy": 2,
    "EventPath": "/Game/Aki/WwiseAudio/Events/play_vo_story_dtm_c0002.play_vo_story_dtm_c0002"
  },
  {
    "CaptionId": 9,
    "CgName": "C3jiyanfight",
    "GirlOrBoy": 2,
    "EventPath": "/Game/Aki/WwiseAudio/Events/play_sfx_lva_m0211.play_sfx_lva_m0211"
  },
  {
    "CaptionId": 10,
    "CgName": "C3jiyanfight",
    "GirlOrBoy": 2,
    "EventPath": "/Game/Aki/WwiseAudio/Events/play_sequence_music_m0211.play_sequence_music_m0211"
  },
  {
    "CaptionId": 11,
    "CgName": "C3jiyanfight",
    "GirlOrBoy": 2,
    "EventPath": "/Game/Aki/WwiseAudio/Events/play_vo_story_m0211.play_vo_story_m0211"
  },
  {
    "CaptionId": 12,
    "CgName": "C3jinzhoutexie",
    "GirlOrBoy": 2,
    "EventPath": "/Game/Aki/WwiseAudio/Events/play_sfx_lvb_jinzhoutexie.play_sfx_lvb_jinzhoutexie"
  },
  {
    "CaptionId": 13,
    "CgName": "M0221",
    "GirlOrBoy": 2,
    "EventPath": "/Game/Aki/WwiseAudio/Events/play_sequence_music_m0221.play_sequence_music_m0221"
  },
  {
    "CaptionId": 14,
    "CgName": "M0221",
    "GirlOrBoy": 2,
    "EventPath": "/Game/Aki/WwiseAudio/Events/play_sfx_lva_m0221.play_sfx_lva_m0221"
  },
  {
    "CaptionId": 15,
    "CgName": "C0001",
    "GirlOrBoy": 2,
    "EventPath": "/Game/Aki/WwiseAudio/Events/play_sfx_lva_c0001.play_sfx_lva_c0001"
  },
  {
    "CaptionId": 16,
    "CgName": "C0001",
    "GirlOrBoy": 2,
    "EventPath": "/Game/Aki/WwiseAudio/Events/play_vo_story_dtm_c0001.play_vo_story_dtm_c0001"
  },
  {
    "CaptionId": 17,
    "CgName": "C0001",
    "GirlOrBoy": 2,
    "EventPath": "/Game/Aki/WwiseAudio/Events/play_sequence_music_c0001.play_sequence_music_c0001"
  },
  {
    "CaptionId": 18,
    "CgName": "BLY01",
    "GirlOrBoy": 2,
    "EventPath": "/Game/Aki/WwiseAudio/Events/play_dapaopojiejie.play_dapaopojiejie"
  },
  {
    "CaptionId": 19,
    "CgName": "BLY01",
    "GirlOrBoy": 2,
    "EventPath": "/Game/Aki/WwiseAudio/Events/play_sequence_music_dapaopojiejie.play_sequence_music_dapaopojiejie"
  },
  {
    "CaptionId": 20,
    "CgName": "BLY02",
    "GirlOrBoy": 2,
    "EventPath": "/Game/Aki/WwiseAudio/Events/play_sfx_lva_m0222.play_sfx_lva_m0222"
  },
  {
    "CaptionId": 21,
    "CgName": "BLY02",
    "GirlOrBoy": 2,
    "EventPath": "/Game/Aki/WwiseAudio/Events/play_sequence_music_m0222.play_sequence_music_m0222"
  },
  {
    "CaptionId": 22,
    "CgName": "BLY02",
    "GirlOrBoy": 2,
    "EventPath": "/Game/Aki/WwiseAudio/Events/play_vo_story_m0222.play_vo_story_m0222"
  },
  {
    "CaptionId": 23,
    "CgName": "BeiLuoYe01",
    "GirlOrBoy": 2,
    "EventPath": "/Game/Aki/WwiseAudio/Events/play_sequence_music_diaoxiangshengqi.play_sequence_music_diaoxiangshengqi"
  },
  {
    "CaptionId": 24,
    "CgName": "BeiLuoYe01",
    "GirlOrBoy": 2,
    "EventPath": "/Game/Aki/WwiseAudio/Events/play_beiluoye01.play_beiluoye01"
  },
  {
    "CaptionId": 25,
    "CgName": "ZhongZhiCC",
    "GirlOrBoy": 2,
    "EventPath": "/Game/Aki/WwiseAudio/Events/play_sfx_lva_m0233.play_sfx_lva_m0233"
  },
  {
    "CaptionId": 26,
    "CgName": "ZhongZhiCC",
    "GirlOrBoy": 2,
    "EventPath": "/Game/Aki/WwiseAudio/Events/play_sequence_music_m0233.play_sequence_music_m0233"
  },
  {
    "CaptionId": 27,
    "CgName": "ZhongZhiCC",
    "GirlOrBoy": 2,
    "EventPath": "/Game/Aki/WwiseAudio/Events/play_vo_story_m0233.play_vo_story_m0233"
  },
  {
    "CaptionId": 28,
    "CgName": "M0234",
    "GirlOrBoy": 2,
    "EventPath": "/Game/Aki/WwiseAudio/Events/play_sequence_music_m0234_houritan.play_sequence_music_m0234_houritan"
  },
  {
    "CaptionId": 29,
    "CgName": "M0234",
    "GirlOrBoy": 2,
    "EventPath": "/Game/Aki/WwiseAudio/Events/play_sfx_lva_m0234_houritan.play_sfx_lva_m0234_houritan"
  },
  {
    "CaptionId": 30,
    "CgName": "M0234",
    "GirlOrBoy": 2,
    "EventPath": "/Game/Aki/WwiseAudio/Events/play_vo_story_m0234_houritan.play_vo_story_m0234_houritan"
  },
  {
    "CaptionId": 31,
    "CgName": "C0003",
    "GirlOrBoy": 2,
    "EventPath": "/Game/Aki/WwiseAudio/Events/play_sequence_music_c0003.play_sequence_music_c0003"
  },
  {
    "CaptionId": 32,
    "CgName": "C0003",
    "GirlOrBoy": 2,
    "EventPath": "/Game/Aki/WwiseAudio/Events/play_sfx_lva_c0003_01.play_sfx_lva_c0003_01"
  },
  {
    "CaptionId": 33,
    "CgName": "C0003",
    "GirlOrBoy": 2,
    "EventPath": "/Game/Aki/WwiseAudio/Events/play_vo_story_dtm_c0003.play_vo_story_dtm_c0003"
  },
  {
    "CaptionId": 34,
    "CgName": "R1016",
    "GirlOrBoy": 2,
    "EventPath": "/Game/Aki/WwiseAudio/Events/play_sfx_lva_c0003_02.play_sfx_lva_c0003_02"
  },
  {
    "CaptionId": 35,
    "CgName": "M0238",
    "GirlOrBoy": 2,
    "EventPath": "/Game/Aki/WwiseAudio/Events/play_sequence_music_m0238.play_sequence_music_m0238"
  },
  {
    "CaptionId": 36,
    "CgName": "M0238",
    "GirlOrBoy": 2,
    "EventPath": "/Game/Aki/WwiseAudio/Events/play_sfx_lva_m0238.play_sfx_lva_m0238"
  },
  {
    "CaptionId": 37,
    "CgName": "M0238",
    "GirlOrBoy": 2,
    "EventPath": "/Game/Aki/WwiseAudio/Events/play_vo_story_m0238.play_vo_story_m0238"
  },
  {
    "CaptionId": 38,
    "CgName": "M0244",
    "GirlOrBoy": 2,
    "EventPath": "/Game/Aki/WwiseAudio/Events/play_sequence_music_m0244.play_sequence_music_m0244"
  },
  {
    "CaptionId": 39,
    "CgName": "M0244",
    "GirlOrBoy": 2,
    "EventPath": "/Game/Aki/WwiseAudio/Events/play_sfx_lva_m0244.play_sfx_lva_m0244"
  },
  {
    "CaptionId": 40,
    "CgName": "M0244",
    "GirlOrBoy": 2,
    "EventPath": "/Game/Aki/WwiseAudio/Events/play_vo_story_m0244.play_vo_story_m0244"
  },
  {
    "CaptionId": 41,
    "CgName": "C0004",
    "GirlOrBoy": 2,
    "EventPath": "/Game/Aki/WwiseAudio/Events/play_sequence_music_c0004.play_sequence_music_c0004"
  },
  {
    "CaptionId": 42,
    "CgName": "C0004",
    "GirlOrBoy": 2,
    "EventPath": "/Game/Aki/WwiseAudio/Events/play_sfx_lva_c0004.play_sfx_lva_c0004"
  },
  {
    "CaptionId": 43,
    "CgName": "C0004",
    "GirlOrBoy": 2,
    "EventPath": "/Game/Aki/WwiseAudio/Events/play_vo_story_dtm_c0004.play_vo_story_dtm_c0004"
  },
  {
    "CaptionId": 44,
    "CgName": "C0005",
    "GirlOrBoy": 2,
    "EventPath": "/Game/Aki/WwiseAudio/Events/play_sfx_lva_c0005.play_sfx_lva_c0005"
  },
  {
    "CaptionId": 45,
    "CgName": "R0010",
    "GirlOrBoy": 2,
    "EventPath": "/Game/Aki/WwiseAudio/Events/play_sfx_lva_r0010.play_sfx_lva_r0010"
  },
  {
    "CaptionId": 46,
    "CgName": "R0013",
    "GirlOrBoy": 2,
    "EventPath": "/Game/Aki/WwiseAudio/Events/play_sfx_lva_r0013.play_sfx_lva_r0013"
  },
  {
    "CaptionId": 47,
    "CgName": "C0005",
    "GirlOrBoy": 2,
    "EventPath": "/Game/Aki/WwiseAudio/Events/play_sequence_music_c0005.play_sequence_music_c0005"
  },
  {
    "CaptionId": 48,
    "CgName": "R0010",
    "GirlOrBoy": 2,
    "EventPath": "/Game/Aki/WwiseAudio/Events/play_sequence_music_r0010.play_sequence_music_r0010"
  },
  {
    "CaptionId": 49,
    "CgName": "R0013",
    "GirlOrBoy": 2,
    "EventPath": "/Game/Aki/WwiseAudio/Events/play_sequence_music_r0013.play_sequence_music_r0013"
  },
  {
    "CaptionId": 50,
    "CgName": "C0006",
    "GirlOrBoy": 2,
    "EventPath": "/Game/Aki/WwiseAudio/Events/play_sequence_music_sfx_vo_c0006.play_sequence_music_sfx_vo_c0006"
  },
  {
    "CaptionId": 51,
    "CgName": "M0242",
    "GirlOrBoy": 2,
    "EventPath": "/Game/Aki/WwiseAudio/Events/play_sequence_music_sfx_vo_m0242.play_sequence_music_sfx_vo_m0242"
  },
  {
    "CaptionId": 52,
    "CgName": "M0248",
    "GirlOrBoy": 2,
    "EventPath": "/Game/Aki/WwiseAudio/Events/play_sequence_music_sfx_vo_m0248.play_sequence_music_sfx_vo_m0248"
  }
]