[
  {
    "CgId": 101,
    "CgName": "Start",
    "GirlOrBoy": 1,
    "CgFile": "/Game/Aki/Sequence/LevelA_Seq/Main/01/M0206/M0206_Mp4.M0206_Mp4",
    "CanSkip": true
  },
  {
    "CgId": 102,
    "CgName": "Start",
    "GirlOrBoy": 0,
    "CgFile": "/Game/Aki/Sequence/LevelA_Seq/Main/01/M0206/M0206_nvzhu_Mp4.M0206_nvzhu_Mp4",
    "CanSkip": true
  },
  {
    "CgId": 103,
    "CgName": "C3jinzhoutexie",
    "GirlOrBoy": 1,
    "CgFile": "/Game/Aki/Sequence/LevelB_Seq/Main/Section1/M01012/M01012_Nanzhu.M01012_Nanzhu",
    "CanSkip": false
  },
  {
    "CgId": 104,
    "CgName": "C3jinzhoutexie",
    "GirlOrBoy": 0,
    "CgFile": "/Game/Aki/Sequence/LevelB_Seq/Main/Section1/M01012/M01012_Nvzhu.M01012_Nvzhu",
    "CanSkip": false
  },
  {
    "CgId": 105,
    "CgName": "C3jiyanfight",
    "GirlOrBoy": 1,
    "CgFile": "/Game/Aki/Sequence/LevelA_Seq/Main/01/M0211/M0211_Nanzhu.M0211_Nanzhu",
    "CanSkip": true
  },
  {
    "CgId": 106,
    "CgName": "C3jiyanfight",
    "GirlOrBoy": 0,
    "CgFile": "/Game/Aki/Sequence/LevelA_Seq/Main/01/M0211/M0211_Nvzhu.M0211_Nvzhu",
    "CanSkip": true
  },
  {
    "CgId": 107,
    "CgName": "LYSZW",
    "GirlOrBoy": 1,
    "CgFile": "/Game/Aki/Sequence/LevelA_Seq/Roles/01/Lingyang01/R0004/R0004_Nanzhu.R0004_Nanzhu",
    "CanSkip": false
  },
  {
    "CgId": 108,
    "CgName": "LYSZW",
    "GirlOrBoy": 0,
    "CgFile": "/Game/Aki/Sequence/LevelA_Seq/Roles/01/Lingyang01/R0004/R0004_Nvzhu.R0004_Nvzhu",
    "CanSkip": false
  },
  {
    "CgId": 109,
    "CgName": "C0002",
    "GirlOrBoy": 0,
    "CgFile": "/Game/Aki/Sequence/LevelA_Seq/Main/01/C0002/C0002.C0002",
    "CanSkip": false
  },
  {
    "CgId": 110,
    "CgName": "C0001",
    "GirlOrBoy": 0,
    "CgFile": "/Game/Aki/Sequence/LevelA_Seq/Main/01/C0001/C0001.C0001",
    "CanSkip": false
  },
  {
    "CgId": 111,
    "CgName": "M0221",
    "GirlOrBoy": 0,
    "CgFile": "/Game/Aki/Sequence/LevelA_Seq/Main/01/M0221/M0221.M0221",
    "CanSkip": false
  },
  {
    "CgId": 112,
    "CgName": "M0221",
    "GirlOrBoy": 1,
    "CgFile": "/Game/Aki/Sequence/LevelA_Seq/Main/01/M0221/M0221.M0221",
    "CanSkip": false
  },
  {
    "CgId": 113,
    "CgName": "C0002",
    "GirlOrBoy": 1,
    "CgFile": "/Game/Aki/Sequence/LevelA_Seq/Main/01/C0002/C0002.C0002",
    "CanSkip": false
  },
  {
    "CgId": 114,
    "CgName": "C0001",
    "GirlOrBoy": 1,
    "CgFile": "/Game/Aki/Sequence/LevelA_Seq/Main/01/C0001/C0001.C0001",
    "CanSkip": false
  },
  {
    "CgId": 115,
    "CgName": "BLY01",
    "GirlOrBoy": 0,
    "CgFile": "/Game/Aki/Sequence/LevelA_Seq/Function/01/DaPaoPoJieJie/DaPaoPoJieJIe_Mp4.DaPaoPoJieJIe_Mp4",
    "CanSkip": false
  },
  {
    "CgId": 116,
    "CgName": "BLY01",
    "GirlOrBoy": 1,
    "CgFile": "/Game/Aki/Sequence/LevelA_Seq/Function/01/DaPaoPoJieJie/DaPaoPoJieJIe_Mp4.DaPaoPoJieJIe_Mp4",
    "CanSkip": false
  },
  {
    "CgId": 117,
    "CgName": "BLY02",
    "GirlOrBoy": 0,
    "CgFile": "/Game/Aki/Sequence/LevelA_Seq/Main/01/M0222/M0222_Nvzhu.M0222_Nvzhu",
    "CanSkip": false
  },
  {
    "CgId": 118,
    "CgName": "BLY02",
    "GirlOrBoy": 1,
    "CgFile": "/Game/Aki/Sequence/LevelA_Seq/Main/01/M0222/M0222_Nanzhu.M0222_Nanzhu",
    "CanSkip": false
  },
  {
    "CgId": 119,
    "CgName": "ZhongZhiCC",
    "GirlOrBoy": 0,
    "CgFile": "/Game/Aki/Sequence/LevelA_Seq/Function/01/ZhongZhiCC/ZhongZhiCC_Nvzhu.ZhongZhiCC_Nvzhu",
    "CanSkip": false
  },
  {
    "CgId": 120,
    "CgName": "ZhongZhiCC",
    "GirlOrBoy": 1,
    "CgFile": "/Game/Aki/Sequence/LevelA_Seq/Function/01/ZhongZhiCC/ZhongZhiCC_Nanzhu.ZhongZhiCC_Nanzhu",
    "CanSkip": false
  },
  {
    "CgId": 121,
    "CgName": "BeiLuoYe01",
    "GirlOrBoy": 0,
    "CgFile": "/Game/Aki/Sequence/LevelA_Seq/POI/01/BeiLuoYe01/BeiLuoYe01_Nvzhu.BeiLuoYe01_Nvzhu",
    "CanSkip": false
  },
  {
    "CgId": 122,
    "CgName": "BeiLuoYe01",
    "GirlOrBoy": 1,
    "CgFile": "/Game/Aki/Sequence/LevelA_Seq/POI/01/BeiLuoYe01/BeiLuoYe01_Nanzhu.BeiLuoYe01_Nanzhu",
    "CanSkip": false
  },
  {
    "CgId": 123,
    "CgName": "M0234",
    "GirlOrBoy": 0,
    "CgFile": "/Game/Aki/Sequence/LevelA_Seq/Main/01/M0234/M0234_Nvzhu.M0234_Nvzhu",
    "CanSkip": false
  },
  {
    "CgId": 124,
    "CgName": "M0234",
    "GirlOrBoy": 1,
    "CgFile": "/Game/Aki/Sequence/LevelA_Seq/Main/01/M0234/M0234_Nanzhu.M0234_Nanzhu",
    "CanSkip": false
  },
  {
    "CgId": 131,
    "CgName": "M0238",
    "GirlOrBoy": 0,
    "CgFile": "/Game/Aki/Sequence/LevelA_Seq/Main/01_1/M0238/M0238_Nvzhu.M0238_Nvzhu",
    "CanSkip": false
  },
  {
    "CgId": 132,
    "CgName": "M0238",
    "GirlOrBoy": 1,
    "CgFile": "/Game/Aki/Sequence/LevelA_Seq/Main/01_1/M0238/M0238_Nanzhu.M0238_Nanzhu",
    "CanSkip": false
  },
  {
    "CgId": 137,
    "CgName": "M0244",
    "GirlOrBoy": 0,
    "CgFile": "/Game/Aki/Sequence/LevelA_Seq/Main/01_1/M0244/M0244_Nvzhu.M0244_Nvzhu",
    "CanSkip": false
  },
  {
    "CgId": 138,
    "CgName": "M0244",
    "GirlOrBoy": 1,
    "CgFile": "/Game/Aki/Sequence/LevelA_Seq/Main/01_1/M0244/M0244_Nanzhu.M0244_Nanzhu",
    "CanSkip": false
  },
  {
    "CgId": 141,
    "CgName": "C0004",
    "GirlOrBoy": 0,
    "CgFile": "/Game/Aki/Sequence/LevelA_Seq/Main/01_1/C0004/C0004.C0004",
    "CanSkip": false
  },
  {
    "CgId": 142,
    "CgName": "C0004",
    "GirlOrBoy": 1,
    "CgFile": "/Game/Aki/Sequence/LevelA_Seq/Main/01_1/C0004/C0004.C0004",
    "CanSkip": false
  },
  {
    "CgId": 143,
    "CgName": "M0233",
    "GirlOrBoy": 0,
    "CgFile": "/Game/Aki/Sequence/LevelA_Seq/Storyboard/M0233.M0233",
    "CanSkip": false
  },
  {
    "CgId": 144,
    "CgName": "M0233",
    "GirlOrBoy": 1,
    "CgFile": "/Game/Aki/Sequence/LevelA_Seq/Storyboard/M0233.M0233",
    "CanSkip": false
  },
  {
    "CgId": 147,
    "CgName": "R0013",
    "GirlOrBoy": 0,
    "CgFile": "/Game/Aki/Sequence/LevelA_Seq/Roles/01_2/XiangLiYaoDaHuoDong01/R0013/R0013_Nvzhu.R0013_Nvzhu",
    "CanSkip": true
  },
  {
    "CgId": 148,
    "CgName": "R0013",
    "GirlOrBoy": 1,
    "CgFile": "/Game/Aki/Sequence/LevelA_Seq/Roles/01_2/XiangLiYaoDaHuoDong01/R0013/R0013_Nanzhu.R0013_Nanzhu",
    "CanSkip": true
  },
  {
    "CgId": 149,
    "CgName": "R0012",
    "GirlOrBoy": 0,
    "CgFile": "/Game/Aki/Movies/Storyboard/R0012.mp4",
    "CanSkip": true
  },
  {
    "CgId": 150,
    "CgName": "R0012",
    "GirlOrBoy": 1,
    "CgFile": "/Game/Aki/Movies/Storyboard/R0012.mp4",
    "CanSkip": true
  },
  {
    "CgId": 151,
    "CgName": "R0014",
    "GirlOrBoy": 0,
    "CgFile": "/Game/Aki/Movies/Storyboard/R0014.mp4",
    "CanSkip": true
  },
  {
    "CgId": 152,
    "CgName": "R0014",
    "GirlOrBoy": 1,
    "CgFile": "/Game/Aki/Movies/Storyboard/R0014.mp4",
    "CanSkip": true
  },
  {
    "CgId": 153,
    "CgName": "C0003",
    "GirlOrBoy": 0,
    "CgFile": "/Game/Aki/Sequence/LevelA_Seq/Roles/01_1/ChangLi01/C0003/C0003.C0003",
    "CanSkip": false
  },
  {
    "CgId": 154,
    "CgName": "C0003",
    "GirlOrBoy": 1,
    "CgFile": "/Game/Aki/Sequence/LevelA_Seq/Roles/01_1/ChangLi01/C0003/C0003.C0003",
    "CanSkip": false
  },
  {
    "CgId": 155,
    "CgName": "R1016",
    "GirlOrBoy": 0,
    "CgFile": "/Game/Aki/Sequence/LevelB_Seq/Roles/Changli01/Changli_R01016/Changli_R01016_NvZhu.Changli_R01016_NvZhu",
    "CanSkip": false
  },
  {
    "CgId": 156,
    "CgName": "R1016",
    "GirlOrBoy": 1,
    "CgFile": "/Game/Aki/Sequence/LevelB_Seq/Roles/Changli01/Changli_R01016/Changli_R01016_NanZhu.Changli_R01016_NanZhu",
    "CanSkip": false
  },
  {
    "CgId": 157,
    "CgName": "M0241",
    "GirlOrBoy": 1,
    "CgFile": "/Game/Aki/Sequence/LevelA_Seq/Storyboard/M0241.M0241",
    "CanSkip": false
  },
  {
    "CgId": 158,
    "CgName": "M0241",
    "GirlOrBoy": 0,
    "CgFile": "/Game/Aki/Sequence/LevelA_Seq/Storyboard/M0241.M0241",
    "CanSkip": false
  },
  {
    "CgId": 159,
    "CgName": "M0242",
    "GirlOrBoy": 1,
    "CgFile": "/Game/Aki/Sequence/LevelA_Seq/Main/01_3/M0242/M0242_Nanzhu.M0242_Nanzhu",
    "CanSkip": false
  },
  {
    "CgId": 160,
    "CgName": "M0242",
    "GirlOrBoy": 0,
    "CgFile": "/Game/Aki/Sequence/LevelA_Seq/Main/01_3/M0242/M0242_Nvzhu.M0242_Nvzhu",
    "CanSkip": false
  },
  {
    "CgId": 161,
    "CgName": "M0245",
    "GirlOrBoy": 1,
    "CgFile": "/Game/Aki/Sequence/LevelA_Seq/Storyboard/M0245.M0245",
    "CanSkip": false
  },
  {
    "CgId": 162,
    "CgName": "M0245",
    "GirlOrBoy": 0,
    "CgFile": "/Game/Aki/Sequence/LevelA_Seq/Storyboard/M0245.M0245",
    "CanSkip": false
  },
  {
    "CgId": 163,
    "CgName": "M0246",
    "GirlOrBoy": 1,
    "CgFile": "/Game/Aki/Sequence/LevelA_Seq/Storyboard/M0246.M0246",
    "CanSkip": false
  },
  {
    "CgId": 164,
    "CgName": "M0246",
    "GirlOrBoy": 0,
    "CgFile": "/Game/Aki/Sequence/LevelA_Seq/Storyboard/M0246.M0246",
    "CanSkip": false
  },
  {
    "CgId": 165,
    "CgName": "M0247",
    "GirlOrBoy": 1,
    "CgFile": "/Game/Aki/Sequence/LevelA_Seq/Storyboard/M0247.M0247",
    "CanSkip": false
  },
  {
    "CgId": 166,
    "CgName": "M0247",
    "GirlOrBoy": 0,
    "CgFile": "/Game/Aki/Sequence/LevelA_Seq/Storyboard/M0247.M0247",
    "CanSkip": false
  },
  {
    "CgId": 167,
    "CgName": "M0248",
    "GirlOrBoy": 1,
    "CgFile": "/Game/Aki/Sequence/LevelA_Seq/Main/01_3/M0248/M0248_Nanzhu.M0248_Nanzhu",
    "CanSkip": false
  },
  {
    "CgId": 168,
    "CgName": "M0248",
    "GirlOrBoy": 0,
    "CgFile": "/Game/Aki/Sequence/LevelA_Seq/Main/01_3/M0248/M0248_Nvzhu.M0248_Nvzhu",
    "CanSkip": false
  },
  {
    "CgId": 173,
    "CgName": "R0010",
    "GirlOrBoy": 1,
    "CgFile": "/Game/Aki/Sequence/LevelA_Seq/Roles/01_2/ZheZhi01/R0010/R0010_Nanzhu.R0010_Nanzhu",
    "CanSkip": false
  },
  {
    "CgId": 174,
    "CgName": "R0010",
    "GirlOrBoy": 0,
    "CgFile": "/Game/Aki/Sequence/LevelA_Seq/Roles/01_2/ZheZhi01/R0010/R0010_Nvzhu.R0010_Nvzhu",
    "CanSkip": false
  },
  {
    "CgId": 175,
    "CgName": "C0005",
    "GirlOrBoy": 0,
    "CgFile": "/Game/Aki/Sequence/LevelA_Seq/Roles/01_2/ZheZhi01/C0005/C0005.C0005",
    "CanSkip": false
  },
  {
    "CgId": 176,
    "CgName": "C0005",
    "GirlOrBoy": 1,
    "CgFile": "/Game/Aki/Sequence/LevelA_Seq/Roles/01_2/ZheZhi01/C0005/C0005.C0005",
    "CanSkip": false
  },
  {
    "CgId": 177,
    "CgName": "C0006",
    "GirlOrBoy": 0,
    "CgFile": "/Game/Aki/Sequence/LevelA_Seq/Roles/01_3/AnKe01/C0006/C0006.C0006",
    "CanSkip": false
  },
  {
    "CgId": 178,
    "CgName": "C0006",
    "GirlOrBoy": 1,
    "CgFile": "/Game/Aki/Sequence/LevelA_Seq/Roles/01_3/AnKe01/C0006/C0006.C0006",
    "CanSkip": false
  }
]