[
  {
    "FunctionId": 10001,
    "Name": "共鸣者",
    "IsOn": true,
    "OpenConditionId": 0,
    "ShowUIType": 0,
    "Delay": 101,
    "Title": "",
    "Desc": "",
    "Icon": "",
    "IconSprite": ""
  },
  {
    "FunctionId": 10002,
    "Name": "背包",
    "IsOn": true,
    "OpenConditionId": 0,
    "ShowUIType": 0,
    "Delay": 101,
    "Title": "",
    "Desc": "",
    "Icon": "",
    "IconSprite": ""
  },
  {
    "FunctionId": 10003,
    "Name": "鸣域终端",
    "IsOn": true,
    "OpenConditionId": 131100025,
    "ShowUIType": 0,
    "Delay": 1000,
    "Title": "FunctionCondition_10003_Title",
    "Desc": "FunctionCondition_10003_Desc",
    "Icon": "/Game/Aki/UI/UIResources/Common/Image/IconFunctionOpen/T_IconFunctionOpen_12_UI.T_IconFunctionOpen_12_UI",
    "IconSprite": ""
  },
  {
    "FunctionId": 10004,
    "Name": "任务",
    "IsOn": true,
    "OpenConditionId": 0,
    "ShowUIType": 0,
    "Delay": 101,
    "Title": "",
    "Desc": "",
    "Icon": "",
    "IconSprite": ""
  },
  {
    "FunctionId": 10005,
    "Name": "常驻玩法",
    "IsOn": false,
    "OpenConditionId": 0,
    "ShowUIType": 0,
    "Delay": 101,
    "Title": "",
    "Desc": "",
    "Icon": "",
    "IconSprite": ""
  },
  {
    "FunctionId": 10006,
    "Name": "限时活动",
    "IsOn": false,
    "OpenConditionId": 0,
    "ShowUIType": 0,
    "Delay": 101,
    "Title": "",
    "Desc": "",
    "Icon": "",
    "IconSprite": ""
  },
  {
    "FunctionId": 10007,
    "Name": "编队",
    "IsOn": true,
    "OpenConditionId": 0,
    "ShowUIType": 0,
    "Delay": 101,
    "Title": "",
    "Desc": "",
    "Icon": "",
    "IconSprite": ""
  },
  {
    "FunctionId": 10008,
    "Name": "组队",
    "IsOn": false,
    "OpenConditionId": 0,
    "ShowUIType": 0,
    "Delay": 101,
    "Title": "",
    "Desc": "",
    "Icon": "",
    "IconSprite": ""
  },
  {
    "FunctionId": 10009,
    "Name": "调谐",
    "IsOn": true,
    "OpenConditionId": 12980024,
    "ShowUIType": 2,
    "Delay": 1000,
    "Title": "FunctionCondition_10009_Title",
    "Desc": "FunctionCondition_10009_Desc",
    "Icon": "/Game/Aki/UI/UIResources/Common/Image/IconFunctionOpen/T_IconFunctionOpen_03_UI.T_IconFunctionOpen_03_UI",
    "IconSprite": ""
  },
  {
    "FunctionId": 10010,
    "Name": "联合交易所",
    "IsOn": true,
    "OpenConditionId": 12980024,
    "ShowUIType": 0,
    "Delay": 101,
    "Title": "",
    "Desc": "",
    "Icon": "",
    "IconSprite": ""
  },
  {
    "FunctionId": 10011,
    "Name": "好友",
    "IsOn": true,
    "OpenConditionId": 0,
    "ShowUIType": 0,
    "Delay": 101,
    "Title": "",
    "Desc": "",
    "Icon": "",
    "IconSprite": ""
  },
  {
    "FunctionId": 10012,
    "Name": "公会",
    "IsOn": false,
    "OpenConditionId": 0,
    "ShowUIType": 0,
    "Delay": 101,
    "Title": "",
    "Desc": "",
    "Icon": "",
    "IconSprite": ""
  },
  {
    "FunctionId": 10013,
    "Name": "成就",
    "IsOn": true,
    "OpenConditionId": 0,
    "ShowUIType": 0,
    "Delay": 101,
    "Title": "",
    "Desc": "",
    "Icon": "",
    "IconSprite": ""
  },
  {
    "FunctionId": 10014,
    "Name": "图鉴",
    "IsOn": false,
    "OpenConditionId": 0,
    "ShowUIType": 0,
    "Delay": 101,
    "Title": "",
    "Desc": "",
    "Icon": "",
    "IconSprite": ""
  },
  {
    "FunctionId": 10015,
    "Name": "地图",
    "IsOn": true,
    "OpenConditionId": 0,
    "ShowUIType": 0,
    "Delay": 101,
    "Title": "",
    "Desc": "",
    "Icon": "",
    "IconSprite": ""
  },
  {
    "FunctionId": 10016,
    "Name": "共鸣者招募处",
    "IsOn": true,
    "OpenConditionId": 0,
    "ShowUIType": 0,
    "Delay": 101,
    "Title": "",
    "Desc": "",
    "Icon": "",
    "IconSprite": ""
  },
  {
    "FunctionId": 10017,
    "Name": "体力",
    "IsOn": true,
    "OpenConditionId": 0,
    "ShowUIType": 0,
    "Delay": 101,
    "Title": "",
    "Desc": "",
    "Icon": "",
    "IconSprite": ""
  },
  {
    "FunctionId": 10018,
    "Name": "时间",
    "IsOn": true,
    "OpenConditionId": 12980114,
    "ShowUIType": 0,
    "Delay": 101,
    "Title": "",
    "Desc": "",
    "Icon": "",
    "IconSprite": ""
  },
  {
    "FunctionId": 10019,
    "Name": "系统设置",
    "IsOn": true,
    "OpenConditionId": 0,
    "ShowUIType": 0,
    "Delay": 101,
    "Title": "",
    "Desc": "",
    "Icon": "",
    "IconSprite": ""
  },
  {
    "FunctionId": 10020,
    "Name": "邮件",
    "IsOn": true,
    "OpenConditionId": 12200001,
    "ShowUIType": 0,
    "Delay": 101,
    "Title": "",
    "Desc": "",
    "Icon": "",
    "IconSprite": ""
  },
  {
    "FunctionId": 10021,
    "Name": "联机",
    "IsOn": true,
    "OpenConditionId": 12005116,
    "ShowUIType": 1,
    "Delay": 1000,
    "Title": "FunctionCondition_10021_Title",
    "Desc": "FunctionCondition_10021_Desc",
    "Icon": "/Game/Aki/UI/UIResources/Common/Image/IconFunctionOpen/T_IconFunctionOpen_04_UI.T_IconFunctionOpen_04_UI",
    "IconSprite": ""
  },
  {
    "FunctionId": 10022,
    "Name": "教程",
    "IsOn": true,
    "OpenConditionId": 0,
    "ShowUIType": 0,
    "Delay": 101,
    "Title": "",
    "Desc": "",
    "Icon": "",
    "IconSprite": ""
  },
  {
    "FunctionId": 10023,
    "Name": "拾音辑录",
    "IsOn": true,
    "OpenConditionId": 12005106,
    "ShowUIType": 0,
    "Delay": 1000,
    "Title": "FunctionCondition_10023_Title",
    "Desc": "FunctionCondition_10023_Desc",
    "Icon": "/Game/Aki/UI/UIResources/Common/Image/IconFunctionOpen/T_IconFunctionOpen_05_UI.T_IconFunctionOpen_05_UI",
    "IconSprite": ""
  },
  {
    "FunctionId": 10024,
    "Name": "先行公约委托",
    "IsOn": true,
    "OpenConditionId": 12005106,
    "ShowUIType": 0,
    "Delay": 101,
    "Title": "",
    "Desc": "",
    "Icon": "",
    "IconSprite": ""
  },
  {
    "FunctionId": 10025,
    "Name": "异闻独奏",
    "IsOn": true,
    "OpenConditionId": 0,
    "ShowUIType": 0,
    "Delay": 1000,
    "Title": "FunctionCondition_10025_Title",
    "Desc": "FunctionCondition_10025_Desc",
    "Icon": "/Game/Aki/UI/UIResources/Common/Image/IconFunctionOpen/T_IconFunctionOpen_06_UI.T_IconFunctionOpen_06_UI",
    "IconSprite": ""
  },
  {
    "FunctionId": 10026,
    "Name": "探索工具",
    "IsOn": true,
    "OpenConditionId": 13000032,
    "ShowUIType": 1,
    "Delay": 1000,
    "Title": "FunctionCondition_10026_Title",
    "Desc": "FunctionCondition_10026_Desc",
    "Icon": "/Game/Aki/UI/UIResources/Common/Image/IconFunctionOpen/T_IconFunctionOpen_12_UI.T_IconFunctionOpen_12_UI",
    "IconSprite": ""
  },
  {
    "FunctionId": 10027,
    "Name": "前进基地",
    "IsOn": false,
    "OpenConditionId": 12980112,
    "ShowUIType": 1,
    "Delay": 1000,
    "Title": "FunctionCondition_10027_Title",
    "Desc": "FunctionCondition_10027_Desc",
    "Icon": "/Game/Aki/UI/UIResources/Common/Image/IconFunctionOpen/T_IconFunctionOpen_07_UI.T_IconFunctionOpen_07_UI",
    "IconSprite": ""
  },
  {
    "FunctionId": 10028,
    "Name": "用户反馈",
    "IsOn": true,
    "OpenConditionId": 0,
    "ShowUIType": 0,
    "Delay": 101,
    "Title": "",
    "Desc": "",
    "Icon": "",
    "IconSprite": ""
  },
  {
    "FunctionId": 10029,
    "Name": "势力",
    "IsOn": false,
    "OpenConditionId": 0,
    "ShowUIType": 0,
    "Delay": 101,
    "Title": "",
    "Desc": "",
    "Icon": "",
    "IconSprite": ""
  },
  {
    "FunctionId": 10030,
    "Name": "原点科考站",
    "IsOn": false,
    "OpenConditionId": 0,
    "ShowUIType": 1,
    "Delay": 1000,
    "Title": "FunctionCondition_10030_Title",
    "Desc": "FunctionCondition_10030_Desc",
    "Icon": "/Game/Aki/UI/UIResources/Common/Image/IconFunctionOpen/T_IconFunctionOpen_08_UI.T_IconFunctionOpen_08_UI",
    "IconSprite": ""
  },
  {
    "FunctionId": 10031,
    "Name": "锁定技能",
    "IsOn": true,
    "OpenConditionId": 0,
    "ShowUIType": 0,
    "Delay": 101,
    "Title": "",
    "Desc": "",
    "Icon": "",
    "IconSprite": ""
  },
  {
    "FunctionId": 10033,
    "Name": "烹饪系统",
    "IsOn": true,
    "OpenConditionId": 0,
    "ShowUIType": 0,
    "Delay": 101,
    "Title": "",
    "Desc": "",
    "Icon": "",
    "IconSprite": ""
  },
  {
    "FunctionId": 10034,
    "Name": "整合印造",
    "IsOn": true,
    "OpenConditionId": 0,
    "ShowUIType": 0,
    "Delay": 1000,
    "Title": "FunctionCondition_10034_Title",
    "Desc": "FunctionCondition_10034_Desc",
    "Icon": "/Game/Aki/UI/UIResources/Common/Image/IconFunctionOpen/T_IconFunctionOpen_03_UI.T_IconFunctionOpen_03_UI",
    "IconSprite": ""
  },
  {
    "FunctionId": 10035,
    "Name": "合成系统",
    "IsOn": true,
    "OpenConditionId": 0,
    "ShowUIType": 0,
    "Delay": 101,
    "Title": "",
    "Desc": "",
    "Icon": "",
    "IconSprite": ""
  },
  {
    "FunctionId": 10036,
    "Name": "协奏作用",
    "IsOn": true,
    "OpenConditionId": 0,
    "ShowUIType": 0,
    "Delay": 1000,
    "Title": "FunctionCondition_10036_Title",
    "Desc": "FunctionCondition_10036_Desc",
    "Icon": "/Game/Aki/UI/UIResources/Common/Image/IconFunctionOpen/T_IconFunctionOpen_15_UI.T_IconFunctionOpen_15_UI",
    "IconSprite": ""
  },
  {
    "FunctionId": 10040,
    "Name": "战令BP",
    "IsOn": true,
    "OpenConditionId": 12980022,
    "ShowUIType": 1,
    "Delay": 1000,
    "Title": "FunctionCondition_10040_Title",
    "Desc": "FunctionCondition_10040_Desc",
    "Icon": "/Game/Aki/UI/UIResources/Common/Image/IconFunctionOpen/T_IconFunctionOpen_16_UI.T_IconFunctionOpen_16_UI",
    "IconSprite": ""
  },
  {
    "FunctionId": 10041,
    "Name": "角色图鉴",
    "IsOn": false,
    "OpenConditionId": 12980102,
    "ShowUIType": 0,
    "Delay": 101,
    "Title": "",
    "Desc": "",
    "Icon": "",
    "IconSprite": ""
  },
  {
    "FunctionId": 10042,
    "Name": "龙池兑换",
    "IsOn": true,
    "OpenConditionId": 0,
    "ShowUIType": 0,
    "Delay": 101,
    "Title": "",
    "Desc": "",
    "Icon": "",
    "IconSprite": ""
  },
  {
    "FunctionId": 10043,
    "Name": "训练仪",
    "IsOn": true,
    "OpenConditionId": 131100025,
    "ShowUIType": 0,
    "Delay": 101,
    "Title": "",
    "Desc": "",
    "Icon": "",
    "IconSprite": ""
  },
  {
    "FunctionId": 10046,
    "Name": "聚焦阵列",
    "IsOn": true,
    "OpenConditionId": 0,
    "ShowUIType": 0,
    "Delay": 101,
    "Title": "",
    "Desc": "",
    "Icon": "",
    "IconSprite": ""
  },
  {
    "FunctionId": 10047,
    "Name": "纷乱音流",
    "IsOn": true,
    "OpenConditionId": 0,
    "ShowUIType": 0,
    "Delay": 101,
    "Title": "",
    "Desc": "",
    "Icon": "",
    "IconSprite": ""
  },
  {
    "FunctionId": 10048,
    "Name": "溯言显示",
    "IsOn": true,
    "OpenConditionId": 2102999,
    "ShowUIType": 0,
    "Delay": 101,
    "Title": "",
    "Desc": "",
    "Icon": "",
    "IconSprite": ""
  },
  {
    "FunctionId": 10049,
    "Name": "影像采集",
    "IsOn": true,
    "OpenConditionId": 0,
    "ShowUIType": 0,
    "Delay": 101,
    "Title": "",
    "Desc": "",
    "Icon": "",
    "IconSprite": ""
  },
  {
    "FunctionId": 10050,
    "Name": "溯言留言",
    "IsOn": true,
    "OpenConditionId": 2102999,
    "ShowUIType": 0,
    "Delay": 101,
    "Title": "",
    "Desc": "",
    "Icon": "",
    "IconSprite": ""
  },
  {
    "FunctionId": 10052,
    "Name": "声序转换",
    "IsOn": true,
    "OpenConditionId": 12980240,
    "ShowUIType": 0,
    "Delay": 1000,
    "Title": "FunctionCondition_10052_Title",
    "Desc": "FunctionCondition_10052_Desc",
    "Icon": "/Game/Aki/UI/UIResources/Common/Image/IconFunctionOpen/T_IconFunctionOpen_18_UI.T_IconFunctionOpen_18_UI",
    "IconSprite": ""
  },
  {
    "FunctionId": 10023001,
    "Name": "集音回传",
    "IsOn": true,
    "OpenConditionId": 12005122,
    "ShowUIType": 0,
    "Delay": 101,
    "Title": "",
    "Desc": "",
    "Icon": "",
    "IconSprite": ""
  },
  {
    "FunctionId": 10023002,
    "Name": "回音结像",
    "IsOn": true,
    "OpenConditionId": 0,
    "ShowUIType": 0,
    "Delay": 101,
    "Title": "",
    "Desc": "",
    "Icon": "",
    "IconSprite": ""
  },
  {
    "FunctionId": 10023004,
    "Name": "声之领域",
    "IsOn": true,
    "OpenConditionId": 12005124,
    "ShowUIType": 0,
    "Delay": 101,
    "Title": "",
    "Desc": "",
    "Icon": "",
    "IconSprite": ""
  },
  {
    "FunctionId": 10023005,
    "Name": "先行公约",
    "IsOn": true,
    "OpenConditionId": 13000030,
    "ShowUIType": 0,
    "Delay": 101,
    "Title": "",
    "Desc": "",
    "Icon": "",
    "IconSprite": ""
  },
  {
    "FunctionId": 10053,
    "Name": "活动",
    "IsOn": true,
    "OpenConditionId": 12980023,
    "ShowUIType": 1,
    "Delay": 1000,
    "Title": "FunctionCondition_10053_Title",
    "Desc": "FunctionCondition_10053_Desc",
    "Icon": "/Game/Aki/UI/UIResources/Common/Image/IconFunctionOpen/T_IconFunctionOpen_20_UI.T_IconFunctionOpen_20_UI",
    "IconSprite": ""
  },
  {
    "FunctionId": 10054,
    "Name": "活跃度",
    "IsOn": true,
    "OpenConditionId": 13000030,
    "ShowUIType": 0,
    "Delay": 101,
    "Title": "",
    "Desc": "",
    "Icon": "",
    "IconSprite": ""
  },
  {
    "FunctionId": 10001003,
    "Name": "共鸣者-声骸页签",
    "IsOn": true,
    "OpenConditionId": 0,
    "ShowUIType": 0,
    "Delay": 101,
    "Title": "",
    "Desc": "",
    "Icon": "",
    "IconSprite": ""
  },
  {
    "FunctionId": 10055,
    "Name": "新爬塔",
    "IsOn": true,
    "OpenConditionId": 12980063,
    "ShowUIType": 1,
    "Delay": 1000,
    "Title": "FunctionCondition_10055_Title",
    "Desc": "FunctionCondition_10055_Desc",
    "Icon": "/Game/Aki/UI/UIResources/Common/Image/IconFunctionOpen/T_IconFunctionOpen_07_UI.T_IconFunctionOpen_07_UI",
    "IconSprite": ""
  },
  {
    "FunctionId": 10026001,
    "Name": "声域感知",
    "IsOn": true,
    "OpenConditionId": 13000034,
    "ShowUIType": 0,
    "Delay": 101,
    "Title": "",
    "Desc": "",
    "Icon": "",
    "IconSprite": ""
  },
  {
    "FunctionId": 10026002,
    "Name": "钩索",
    "IsOn": true,
    "OpenConditionId": 13000033,
    "ShowUIType": 0,
    "Delay": 101,
    "Title": "",
    "Desc": "",
    "Icon": "",
    "IconSprite": ""
  },
  {
    "FunctionId": 10026003,
    "Name": "悬浮驱动",
    "IsOn": true,
    "OpenConditionId": 13000035,
    "ShowUIType": 0,
    "Delay": 101,
    "Title": "",
    "Desc": "",
    "Icon": "",
    "IconSprite": ""
  },
  {
    "FunctionId": 10026004,
    "Name": "纵跑",
    "IsOn": true,
    "OpenConditionId": 12980230,
    "ShowUIType": 0,
    "Delay": 101,
    "Title": "",
    "Desc": "",
    "Icon": "",
    "IconSprite": ""
  },
  {
    "FunctionId": 10026005,
    "Name": "升力伞翼",
    "IsOn": true,
    "OpenConditionId": 80002,
    "ShowUIType": 0,
    "Delay": 101,
    "Title": "",
    "Desc": "",
    "Icon": "",
    "IconSprite": ""
  },
  {
    "FunctionId": 10026006,
    "Name": "声骸显像",
    "IsOn": true,
    "OpenConditionId": 13000036,
    "ShowUIType": 0,
    "Delay": 101,
    "Title": "",
    "Desc": "",
    "Icon": "",
    "IconSprite": ""
  },
  {
    "FunctionId": 10026008,
    "Name": "影像速采",
    "IsOn": true,
    "OpenConditionId": 13000037,
    "ShowUIType": 0,
    "Delay": 101,
    "Title": "",
    "Desc": "",
    "Icon": "",
    "IconSprite": ""
  },
  {
    "FunctionId": 10056,
    "Name": "功能轮盘",
    "IsOn": true,
    "OpenConditionId": 0,
    "ShowUIType": 0,
    "Delay": 101,
    "Title": "",
    "Desc": "",
    "Icon": "",
    "IconSprite": ""
  },
  {
    "FunctionId": 10026101,
    "Name": "道具装配",
    "IsOn": true,
    "OpenConditionId": 0,
    "ShowUIType": 0,
    "Delay": 101,
    "Title": "",
    "Desc": "",
    "Icon": "",
    "IconSprite": ""
  },
  {
    "FunctionId": 110057,
    "Name": "领主道馆",
    "IsOn": true,
    "OpenConditionId": 12005114,
    "ShowUIType": 1,
    "Delay": 101,
    "Title": "FunctionCondition_110057_Title",
    "Desc": "FunctionCondition_110057_Desc",
    "Icon": "/Game/Aki/UI/UIResources/Common/Image/IconFunctionOpen/T_IconFunctionOpen_19_UI.T_IconFunctionOpen_19_UI",
    "IconSprite": ""
  },
  {
    "FunctionId": 10001004,
    "Name": "声骸-鉴定页签",
    "IsOn": true,
    "OpenConditionId": 0,
    "ShowUIType": 0,
    "Delay": 101,
    "Title": "",
    "Desc": "",
    "Icon": "",
    "IconSprite": ""
  },
  {
    "FunctionId": 10037,
    "Name": "性别切换",
    "IsOn": false,
    "OpenConditionId": 0,
    "ShowUIType": 0,
    "Delay": 101,
    "Title": "",
    "Desc": "",
    "Icon": "",
    "IconSprite": ""
  },
  {
    "FunctionId": 10057,
    "Name": "探索度奖励",
    "IsOn": true,
    "OpenConditionId": 0,
    "ShowUIType": 0,
    "Delay": 101,
    "Title": "",
    "Desc": "",
    "Icon": "",
    "IconSprite": ""
  },
  {
    "FunctionId": 10059,
    "Name": "声之领域",
    "IsOn": true,
    "OpenConditionId": 0,
    "ShowUIType": 0,
    "Delay": 1000,
    "Title": "FunctionCondition_10059_Title",
    "Desc": "FunctionCondition_10059_Desc",
    "Icon": "/Game/Aki/UI/UIResources/Common/Image/IconFunctionOpen/T_IconFunctionOpen_14_UI.T_IconFunctionOpen_14_UI",
    "IconSprite": ""
  },
  {
    "FunctionId": 10058,
    "Name": "库街区",
    "IsOn": true,
    "OpenConditionId": 0,
    "ShowUIType": 0,
    "Delay": 101,
    "Title": "",
    "Desc": "",
    "Icon": "",
    "IconSprite": ""
  },
  {
    "FunctionId": 10023003,
    "Name": "一次性副本",
    "IsOn": true,
    "OpenConditionId": 0,
    "ShowUIType": 1,
    "Delay": 1000,
    "Title": "FunctionCondition_10032_Title",
    "Desc": "FunctionCondition_10032_Desc",
    "Icon": "/Game/Aki/UI/UIResources/Common/Image/IconFunctionOpen/T_IconFunctionOpen_13_UI.T_IconFunctionOpen_13_UI",
    "IconSprite": ""
  },
  {
    "FunctionId": 10032,
    "Name": "无音区",
    "IsOn": true,
    "OpenConditionId": 12005113,
    "ShowUIType": 1,
    "Delay": 1000,
    "Title": "FunctionCondition_10032_Title",
    "Desc": "FunctionCondition_10032_Desc",
    "Icon": "/Game/Aki/UI/UIResources/Common/Image/IconFunctionOpen/T_IconFunctionOpen_13_UI.T_IconFunctionOpen_13_UI",
    "IconSprite": ""
  },
  {
    "FunctionId": 110056,
    "Name": "肉鸽",
    "IsOn": true,
    "OpenConditionId": 13000029,
    "ShowUIType": 0,
    "Delay": 101,
    "Title": "FunctionCondition_110056_Title",
    "Desc": "FunctionCondition_110058_Title",
    "Icon": "/Game/Aki/UI/UIResources/Common/Image/IconFunctionOpen/T_IconFunctionOpen_18_UI.T_IconFunctionOpen_18_UI",
    "IconSprite": ""
  },
  {
    "FunctionId": 110058,
    "Name": "领主复刷",
    "IsOn": true,
    "OpenConditionId": 12005111,
    "ShowUIType": 1,
    "Delay": 101,
    "Title": "FunctionCondition_110058_Title",
    "Desc": "FunctionCondition_110058_Desc",
    "Icon": "/Game/Aki/UI/UIResources/Common/Image/IconFunctionOpen/T_IconFunctionOpen_19_UI.T_IconFunctionOpen_19_UI",
    "IconSprite": ""
  },
  {
    "FunctionId": 10060,
    "Name": "个性化系统",
    "IsOn": true,
    "OpenConditionId": 0,
    "ShowUIType": 0,
    "Delay": 101,
    "Title": "",
    "Desc": "",
    "Icon": "",
    "IconSprite": ""
  },
  {
    "FunctionId": 10061,
    "Name": "羁旅印章",
    "IsOn": true,
    "OpenConditionId": 0,
    "ShowUIType": 0,
    "Delay": 101,
    "Title": "",
    "Desc": "",
    "Icon": "",
    "IconSprite": ""
  },
  {
    "FunctionId": 10051,
    "Name": "万物图鉴",
    "IsOn": true,
    "OpenConditionId": 0,
    "ShowUIType": 0,
    "Delay": 101,
    "Title": "",
    "Desc": "",
    "Icon": "",
    "IconSprite": ""
  },
  {
    "FunctionId": 10062,
    "Name": "周本-乌龟",
    "IsOn": true,
    "OpenConditionId": 12005117,
    "ShowUIType": 0,
    "Delay": 101,
    "Title": "",
    "Desc": "",
    "Icon": "",
    "IconSprite": ""
  },
  {
    "FunctionId": 10063,
    "Name": "周本-伤痕",
    "IsOn": true,
    "OpenConditionId": 12005103,
    "ShowUIType": 0,
    "Delay": 101,
    "Title": "",
    "Desc": "",
    "Icon": "",
    "IconSprite": ""
  },
  {
    "FunctionId": 10064,
    "Name": "周本-无冠者真身",
    "IsOn": true,
    "OpenConditionId": 2429120,
    "ShowUIType": 0,
    "Delay": 101,
    "Title": "",
    "Desc": "",
    "Icon": "",
    "IconSprite": ""
  },
  {
    "FunctionId": 10024001,
    "Name": "数据融合",
    "IsOn": true,
    "OpenConditionId": 160008,
    "ShowUIType": 0,
    "Delay": 101,
    "Title": "",
    "Desc": "",
    "Icon": "",
    "IconSprite": ""
  },
  {
    "FunctionId": 10065,
    "Name": "",
    "IsOn": true,
    "OpenConditionId": 0,
    "ShowUIType": 0,
    "Delay": 101,
    "Title": "",
    "Desc": "",
    "Icon": "",
    "IconSprite": ""
  },
  {
    "FunctionId": 10066,
    "Name": "体力存储",
    "IsOn": true,
    "OpenConditionId": 0,
    "ShowUIType": 0,
    "Delay": 101,
    "Title": "",
    "Desc": "",
    "Icon": "",
    "IconSprite": ""
  },
  {
    "FunctionId": 10026009,
    "Name": "浮游射击体",
    "IsOn": true,
    "OpenConditionId": 13000070,
    "ShowUIType": 0,
    "Delay": 101,
    "Title": "",
    "Desc": "",
    "Icon": "",
    "IconSprite": ""
  },
  {
    "FunctionId": 10067,
    "Name": "追月节委托",
    "IsOn": true,
    "OpenConditionId": 0,
    "ShowUIType": 0,
    "Delay": 1000,
    "Title": "FunctionCondition_10059_Title",
    "Desc": "FunctionCondition_10059_Desc",
    "Icon": "/Game/Aki/UI/UIResources/Common/Image/IconFunctionOpen/T_IconFunctionOpen_14_UI.T_IconFunctionOpen_14_UI",
    "IconSprite": ""
  },
  {
    "FunctionId": 10068,
    "Name": "追月节建造",
    "IsOn": true,
    "OpenConditionId": 0,
    "ShowUIType": 0,
    "Delay": 1000,
    "Title": "FunctionCondition_10059_Title",
    "Desc": "FunctionCondition_10059_Desc",
    "Icon": "/Game/Aki/UI/UIResources/Common/Image/IconFunctionOpen/T_IconFunctionOpen_14_UI.T_IconFunctionOpen_14_UI",
    "IconSprite": ""
  },
  {
    "FunctionId": 10069,
    "Name": "追月节故事版",
    "IsOn": true,
    "OpenConditionId": 0,
    "ShowUIType": 0,
    "Delay": 1000,
    "Title": "FunctionCondition_10059_Title",
    "Desc": "FunctionCondition_10059_Desc",
    "Icon": "/Game/Aki/UI/UIResources/Common/Image/IconFunctionOpen/T_IconFunctionOpen_14_UI.T_IconFunctionOpen_14_UI",
    "IconSprite": ""
  },
  {
    "FunctionId": 10070,
    "Name": "追月节伙伴",
    "IsOn": true,
    "OpenConditionId": 0,
    "ShowUIType": 0,
    "Delay": 1000,
    "Title": "FunctionCondition_10059_Title",
    "Desc": "FunctionCondition_10059_Desc",
    "Icon": "/Game/Aki/UI/UIResources/Common/Image/IconFunctionOpen/T_IconFunctionOpen_14_UI.T_IconFunctionOpen_14_UI",
    "IconSprite": ""
  }
]