[
  {
    "FunctionId": 10001,
    "SortIndex": 15,
    "FunctionName": "FunctionMenu_10001_FunctionName",
    "FunctionIcon": "/Game/Aki/UI/UIResources/UiFunc/Atlas/SP_FuncIconRole.SP_FuncIconRole",
    "JumpView": "WBP_Role"
  },
  {
    "FunctionId": 10002,
    "SortIndex": 27,
    "FunctionName": "FunctionMenu_10002_FunctionName",
    "FunctionIcon": "/Game/Aki/UI/UIResources/UiFunc/Atlas/SP_FuncIconBag.SP_FuncIconBag",
    "JumpView": "WBP_Inventory"
  },
  {
    "FunctionId": 10003,
    "SortIndex": 17,
    "FunctionName": "FunctionMenu_10041_FunctionName",
    "FunctionIcon": "/Game/Aki/UI/UIResources/UiFunc/Atlas/SP_FuncIconMonster.SP_FuncIconMonster",
    "JumpView": "WBP_Phantom"
  },
  {
    "FunctionId": 10004,
    "SortIndex": 21,
    "FunctionName": "FunctionMenu_10004_FunctionName",
    "FunctionIcon": "/Game/Aki/UI/UIResources/UiFunc/Atlas/SP_FuncIconRenwu.SP_FuncIconRenwu",
    "JumpView": "WBP_QuestView"
  },
  {
    "FunctionId": 10007,
    "SortIndex": 16,
    "FunctionName": "FunctionMenu_10007_FunctionName",
    "FunctionIcon": "/Game/Aki/UI/UIResources/UiFunc/Atlas/SP_FuncIconTeam.SP_FuncIconTeam",
    "JumpView": "UITeam_Main"
  },
  {
    "FunctionId": 10009,
    "SortIndex": 13,
    "FunctionName": "FunctionMenu_10009_FunctionName",
    "FunctionIcon": "/Game/Aki/UI/UIResources/UiFunc/Atlas/SP_FuncIconGacha.SP_FuncIconGacha",
    "JumpView": ""
  },
  {
    "FunctionId": 10010,
    "SortIndex": 11,
    "FunctionName": "FunctionMenu_10010_FunctionName",
    "FunctionIcon": "/Game/Aki/UI/UIResources/UiFunc/Atlas/SP_FuncIconShop.SP_FuncIconShop",
    "JumpView": ""
  },
  {
    "FunctionId": 10011,
    "SortIndex": 22,
    "FunctionName": "FunctionMenu_10011_FunctionName",
    "FunctionIcon": "/Game/Aki/UI/UIResources/UiFunc/Atlas/SP_FuncIconFriends.SP_FuncIconFriends",
    "JumpView": ""
  },
  {
    "FunctionId": 10013,
    "SortIndex": 23,
    "FunctionName": "FunctionMenu_10013_FunctionName",
    "FunctionIcon": "/Game/Aki/UI/UIResources/UiFunc/Atlas/SP_FuncIconAchievement.SP_FuncIconAchievement",
    "JumpView": ""
  },
  {
    "FunctionId": 10015,
    "SortIndex": 26,
    "FunctionName": "FunctionMenu_10015_FunctionName",
    "FunctionIcon": "/Game/Aki/UI/UIResources/UiFunc/Atlas/SP_FuncIconMap.SP_FuncIconMap",
    "JumpView": "WBP_WorldMap"
  },
  {
    "FunctionId": 10023,
    "SortIndex": 20,
    "FunctionName": "FunctionMenu_10023_FunctionName",
    "FunctionIcon": "/Game/Aki/UI/UIResources/UiFunc/Atlas/SP_FuncIconManual.SP_FuncIconManual",
    "JumpView": ""
  },
  {
    "FunctionId": 10026,
    "SortIndex": 28,
    "FunctionName": "FunctionMenu_10026_FunctionName",
    "FunctionIcon": "/Game/Aki/UI/UIResources/UiFunc/Atlas/SP_FuncIconExplore.SP_FuncIconExplore",
    "JumpView": ""
  },
  {
    "FunctionId": 10028,
    "SortIndex": 29,
    "FunctionName": "FunctionMenu_10028_FunctionName",
    "FunctionIcon": "/Game/Aki/UI/UIResources/UiFunc/Atlas/SP_FuncIconQuest.SP_FuncIconQuest",
    "JumpView": ""
  },
  {
    "FunctionId": 10040,
    "SortIndex": 12,
    "FunctionName": "FunctionMenu_10040_FunctionName",
    "FunctionIcon": "/Game/Aki/UI/UIResources/UiFunc/Atlas/SP_FuncIconBp.SP_FuncIconBp",
    "JumpView": ""
  },
  {
    "FunctionId": 10041,
    "SortIndex": 17,
    "FunctionName": "FunctionMenu_10041_FunctionName",
    "FunctionIcon": "/Game/Aki/UI/UIResources/UiFunc/Atlas/SP_FuncIconShuJuWu.SP_FuncIconShuJuWu",
    "JumpView": ""
  },
  {
    "FunctionId": 10022,
    "SortIndex": 18,
    "FunctionName": "FunctionMenu_10022_FunctionName",
    "FunctionIcon": "/Game/Aki/UI/UIResources/UiFunc/Atlas/SP_FuncIconBaike2.SP_FuncIconBaike2",
    "JumpView": ""
  },
  {
    "FunctionId": 10053,
    "SortIndex": 10,
    "FunctionName": "FunctionMenu_10053_FunctionName",
    "FunctionIcon": "/Game/Aki/UI/UIResources/UiFunc/Atlas/SP_FuncIconActivity.SP_FuncIconActivity",
    "JumpView": ""
  },
  {
    "FunctionId": 10058,
    "SortIndex": 99,
    "FunctionName": "FunctionMenu_10054_FunctionName",
    "FunctionIcon": "/Game/Aki/UI/UIResources/UiFunc/Atlas/SP_FunIconKuro.SP_FunIconKuro",
    "JumpView": ""
  },
  {
    "FunctionId": 10051,
    "SortIndex": 25,
    "FunctionName": "FunctionMenu_10051_FunctionName",
    "FunctionIcon": "/Game/Aki/UI/UIResources/UiFunc/Atlas/SP_FuncIconTujian.SP_FuncIconTujian",
    "JumpView": ""
  },
  {
    "FunctionId": 10021,
    "SortIndex": 30,
    "FunctionName": "FunctionMenu_10059_FunctionName",
    "FunctionIcon": "/Game/Aki/UI/UIResources/UiFunc/Atlas/SP_FightIconOnline.SP_FightIconOnline",
    "JumpView": ""
  }
]