[
  {
    "Id": 1001,
    "Title": "CommonRewardViewDisplay_1001_Title",
    "ContinueText": "CommonRewardViewDisplay_1001_ContinueText",
    "IsItemVisible": true,
    "IsSuccess": true,
    "AudioId": ""
  },
  {
    "Id": 1003,
    "Title": "CommonRewardViewDisplay_1001_Title",
    "ContinueText": "CommonRewardViewDisplay_1001_ContinueText",
    "IsItemVisible": true,
    "IsSuccess": true,
    "AudioId": ""
  },
  {
    "Id": 1004,
    "Title": "CommonRewardViewDisplay_1001_Title",
    "ContinueText": "CommonRewardViewDisplay_1001_ContinueText",
    "IsItemVisible": true,
    "IsSuccess": true,
    "AudioId": ""
  },
  {
    "Id": 1005,
    "Title": "CommonRewardViewDisplay_1001_Title",
    "ContinueText": "CommonRewardViewDisplay_1001_ContinueText",
    "IsItemVisible": true,
    "IsSuccess": true,
    "AudioId": ""
  },
  {
    "Id": 1006,
    "Title": "CommonRewardViewDisplay_1001_Title",
    "ContinueText": "CommonRewardViewDisplay_1001_ContinueText",
    "IsItemVisible": true,
    "IsSuccess": true,
    "AudioId": "play_ui_fx_spl_gen_robot_success_vo"
  },
  {
    "Id": 1007,
    "Title": "CommonRewardViewDisplay_1001_Title",
    "ContinueText": "CommonRewardViewDisplay_1001_ContinueText",
    "IsItemVisible": true,
    "IsSuccess": true,
    "AudioId": ""
  },
  {
    "Id": 1008,
    "Title": "CommonRewardViewDisplay_1002_Title",
    "ContinueText": "CommonRewardViewDisplay_1001_ContinueText",
    "IsItemVisible": true,
    "IsSuccess": true,
    "AudioId": ""
  },
  {
    "Id": 1009,
    "Title": "CommonRewardViewDisplay_1001_Title",
    "ContinueText": "CommonRewardViewDisplay_1001_ContinueText",
    "IsItemVisible": true,
    "IsSuccess": true,
    "AudioId": ""
  },
  {
    "Id": 1010,
    "Title": "CommonRewardViewDisplay_1002_Title",
    "ContinueText": "CommonRewardViewDisplay_1001_ContinueText",
    "IsItemVisible": true,
    "IsSuccess": true,
    "AudioId": ""
  },
  {
    "Id": 1011,
    "Title": "CommonRewardViewDisplay_RecallActivity_Title",
    "ContinueText": "CommonRewardViewDisplay_1001_ContinueText",
    "IsItemVisible": true,
    "IsSuccess": true,
    "AudioId": ""
  }
]