[
  {
    "Id": 2001,
    "Title": "CompositeRewardDisplay_2001_Title",
    "ContinueText": "CompositeRewardDisplay_2001_ContinueText",
    "TitleIconPath": "/Game/Aki/UI/UIResources/Common/Image/IconSkill/T_FightPengRen_UI.T_FightPengRen_UI",
    "IsProgressVisible": true,
    "ProgressBarTitle": "CompositeRewardDisplay_2001_ProgressBarTitle",
    "ProgressBarAnimationTime": 500,
    "IsItemVisible": true,
    "IsSuccess": true,
    "AudioId": ""
  },
  {
    "Id": 2002,
    "Title": "CompositeRewardDisplay_2002_Title",
    "ContinueText": "CompositeRewardDisplay_2001_ContinueText",
    "TitleIconPath": "/Game/Aki/UI/UIResources/Common/Image/IconSkill/T_FightPengRen_UI.T_FightPengRen_UI",
    "IsProgressVisible": false,
    "ProgressBarTitle": "",
    "ProgressBarAnimationTime": 500,
    "IsItemVisible": true,
    "IsSuccess": true,
    "AudioId": ""
  },
  {
    "Id": 2003,
    "Title": "CompositeRewardDisplay_2003_Title",
    "ContinueText": "CompositeRewardDisplay_2001_ContinueText",
    "TitleIconPath": "/Game/Aki/UI/UIResources/Common/Image/IconSkill/T_FightHeCheng_UI.T_FightHeCheng_UI",
    "IsProgressVisible": false,
    "ProgressBarTitle": "",
    "ProgressBarAnimationTime": 500,
    "IsItemVisible": true,
    "IsSuccess": true,
    "AudioId": ""
  },
  {
    "Id": 2004,
    "Title": "CompositeRewardDisplay_2004_Title",
    "ContinueText": "CompositeRewardDisplay_2001_ContinueText",
    "TitleIconPath": "/Game/Aki/UI/UIResources/Common/Image/IconSkill/T_FightPengSynthesis_UI.T_FightPengSynthesis_UI",
    "IsProgressVisible": true,
    "ProgressBarTitle": "CompositeRewardDisplay_2004_ProgressBarTitle",
    "ProgressBarAnimationTime": 500,
    "IsItemVisible": true,
    "IsSuccess": true,
    "AudioId": ""
  },
  {
    "Id": 2005,
    "Title": "CompositeRewardDisplay_2005_Title",
    "ContinueText": "CompositeRewardDisplay_2001_ContinueText",
    "TitleIconPath": "/Game/Aki/UI/UIResources/Common/Image/IconSkill/T_FightPengRen_UI.T_FightPengRen_UI",
    "IsProgressVisible": false,
    "ProgressBarTitle": "",
    "ProgressBarAnimationTime": 500,
    "IsItemVisible": true,
    "IsSuccess": false,
    "AudioId": ""
  },
  {
    "Id": 2006,
    "Title": "CompositeRewardDisplay_2006_Title",
    "ContinueText": "CompositeRewardDisplay_2001_ContinueText",
    "TitleIconPath": "/Game/Aki/UI/UIResources/Common/Image/IconSkill/T_FightHeAntique_UI.T_FightHeAntique_UI",
    "IsProgressVisible": false,
    "ProgressBarTitle": "",
    "ProgressBarAnimationTime": 500,
    "IsItemVisible": true,
    "IsSuccess": true,
    "AudioId": ""
  },
  {
    "Id": 2007,
    "Title": "CompositeRewardDisplay_2006_Title",
    "ContinueText": "CompositeRewardDisplay_2001_ContinueText",
    "TitleIconPath": "/Game/Aki/UI/UIResources/Common/Image/IconSkill/T_FightDingfengduo_UI.T_FightDingfengduo_UI",
    "IsProgressVisible": false,
    "ProgressBarTitle": "",
    "ProgressBarAnimationTime": 500,
    "IsItemVisible": true,
    "IsSuccess": true,
    "AudioId": ""
  }
]