[
  {
    "Id": 3001,
    "Title": "ExploreRewardDisplay_test",
    "TitleHexColor": "ABF000FF",
    "TitleIconPath": "/Game/Aki/UI/UIResources/UiTips/Image/T_Tipsxinheng.T_Tipsxinheng",
    "TitleIconHexColor": "B50DA3FF",
    "IsRecordVisible": true,
    "IsItemVisible": true,
    "IsExploreProgressVisible": true,
    "ExploreBarTipsTextId": "Achievement_100410_Desc",
    "IsDescription": true,
    "Description": "ExploreRewardDisplay_test",
    "IsSuccess": true,
    "AudioId": ""
  },
  {
    "Id": 3002,
    "Title": "ExploreRewardDisplay_test",
    "TitleHexColor": "ABF000FF",
    "TitleIconPath": "/Game/Aki/UI/UIResources/UiTips/Image/T_Tipsxinheng.T_Tipsxinheng",
    "TitleIconHexColor": "B50DA3FF",
    "IsRecordVisible": true,
    "IsItemVisible": true,
    "IsExploreProgressVisible": false,
    "ExploreBarTipsTextId": "",
    "IsDescription": false,
    "Description": "",
    "IsSuccess": true,
    "AudioId": ""
  },
  {
    "Id": 3003,
    "Title": "ExploreRewardDisplay_test",
    "TitleHexColor": "ABF000FF",
    "TitleIconPath": "/Game/Aki/UI/UIResources/UiTips/Image/T_Tipsxinheng.T_Tipsxinheng",
    "TitleIconHexColor": "B50DA3FF",
    "IsRecordVisible": true,
    "IsItemVisible": true,
    "IsExploreProgressVisible": true,
    "ExploreBarTipsTextId": "",
    "IsDescription": false,
    "Description": "",
    "IsSuccess": true,
    "AudioId": ""
  },
  {
    "Id": 3004,
    "Title": "GenericPromptTypes_3_GeneralText",
    "TitleHexColor": "",
    "TitleIconPath": "/Game/Aki/UI/UIResources/UiTips/Image/T_Tipsxinheng.T_Tipsxinheng",
    "TitleIconHexColor": "",
    "IsRecordVisible": false,
    "IsItemVisible": true,
    "IsExploreProgressVisible": false,
    "ExploreBarTipsTextId": "",
    "IsDescription": true,
    "Description": "Text_ChallengeGetReward_Text",
    "IsSuccess": true,
    "AudioId": ""
  },
  {
    "Id": 3005,
    "Title": "GenericPromptTypes_4_GeneralText",
    "TitleHexColor": "",
    "TitleIconPath": "/Game/Aki/UI/UIResources/UiTips/Image/T_Tipsxinheng.T_Tipsxinheng",
    "TitleIconHexColor": "",
    "IsRecordVisible": false,
    "IsItemVisible": false,
    "IsExploreProgressVisible": true,
    "ExploreBarTipsTextId": "",
    "IsDescription": false,
    "Description": "",
    "IsSuccess": true,
    "AudioId": ""
  },
  {
    "Id": 3006,
    "Title": "Text_ChallengeSuccess_Text",
    "TitleHexColor": "",
    "TitleIconPath": "/Game/Aki/UI/UIResources/UiTips/Image/T_Tipsxinheng.T_Tipsxinheng",
    "TitleIconHexColor": "",
    "IsRecordVisible": false,
    "IsItemVisible": true,
    "IsExploreProgressVisible": false,
    "ExploreBarTipsTextId": "",
    "IsDescription": false,
    "Description": "",
    "IsSuccess": true,
    "AudioId": ""
  },
  {
    "Id": 3007,
    "Title": "GenericPromptTypes_3_GeneralText",
    "TitleHexColor": "",
    "TitleIconPath": "/Game/Aki/UI/UIResources/UiTips/Image/T_Tipsxinheng.T_Tipsxinheng",
    "TitleIconHexColor": "",
    "IsRecordVisible": false,
    "IsItemVisible": false,
    "IsExploreProgressVisible": false,
    "ExploreBarTipsTextId": "",
    "IsDescription": false,
    "Description": "Text_ChallengeGetReward_Text",
    "IsSuccess": true,
    "AudioId": ""
  },
  {
    "Id": 3008,
    "Title": "Text_TowerSuccess_Text",
    "TitleHexColor": "",
    "TitleIconPath": "/Game/Aki/UI/UIResources/UiTips/Image/T_Tipsxinheng.T_Tipsxinheng",
    "TitleIconHexColor": "",
    "IsRecordVisible": false,
    "IsItemVisible": false,
    "IsExploreProgressVisible": false,
    "ExploreBarTipsTextId": "",
    "IsDescription": false,
    "Description": "",
    "IsSuccess": true,
    "AudioId": ""
  },
  {
    "Id": 3009,
    "Title": "Text_TowerFail_Text",
    "TitleHexColor": "",
    "TitleIconPath": "/Game/Aki/UI/UIResources/UiTips/Image/T_Tipsxinheng.T_Tipsxinheng",
    "TitleIconHexColor": "",
    "IsRecordVisible": false,
    "IsItemVisible": false,
    "IsExploreProgressVisible": true,
    "ExploreBarTipsTextId": "",
    "IsDescription": false,
    "Description": "Text_TowerFailDesc_Text",
    "IsSuccess": true,
    "AudioId": ""
  },
  {
    "Id": 3010,
    "Title": "Text_Rogue_ChallengeSuccess_Text",
    "TitleHexColor": "",
    "TitleIconPath": "/Game/Aki/UI/UIResources/UiTips/Image/T_Tipsxinheng.T_Tipsxinheng",
    "TitleIconHexColor": "",
    "IsRecordVisible": false,
    "IsItemVisible": true,
    "IsExploreProgressVisible": false,
    "ExploreBarTipsTextId": "",
    "IsDescription": false,
    "Description": "",
    "IsSuccess": true,
    "AudioId": ""
  },
  {
    "Id": 3011,
    "Title": "Text_ChallengeSuccess_Text",
    "TitleHexColor": "",
    "TitleIconPath": "/Game/Aki/UI/UIResources/UiTips/Image/T_Tipsxinheng.T_Tipsxinheng",
    "TitleIconHexColor": "",
    "IsRecordVisible": true,
    "IsItemVisible": true,
    "IsExploreProgressVisible": false,
    "ExploreBarTipsTextId": "",
    "IsDescription": false,
    "Description": "",
    "IsSuccess": true,
    "AudioId": ""
  },
  {
    "Id": 3012,
    "Title": "Text_ChallengeFail_Text",
    "TitleHexColor": "",
    "TitleIconPath": "/Game/Aki/UI/UIResources/UiTips/Image/T_Tipsxinheng.T_Tipsxinheng",
    "TitleIconHexColor": "",
    "IsRecordVisible": false,
    "IsItemVisible": false,
    "IsExploreProgressVisible": false,
    "ExploreBarTipsTextId": "",
    "IsDescription": true,
    "Description": "Text_ChallengeFailDesc_Text",
    "IsSuccess": true,
    "AudioId": ""
  },
  {
    "Id": 3013,
    "Title": "Text_ChallengeSuccess_Text",
    "TitleHexColor": "",
    "TitleIconPath": "/Game/Aki/UI/UIResources/UiTips/Image/T_Tipsxinheng.T_Tipsxinheng",
    "TitleIconHexColor": "",
    "IsRecordVisible": true,
    "IsItemVisible": false,
    "IsExploreProgressVisible": false,
    "ExploreBarTipsTextId": "",
    "IsDescription": false,
    "Description": "",
    "IsSuccess": true,
    "AudioId": ""
  },
  {
    "Id": 3014,
    "Title": "Text_RoleChallengeFail_Text",
    "TitleHexColor": "",
    "TitleIconPath": "/Game/Aki/UI/UIResources/UiTips/Image/T_Tipsxinheng.T_Tipsxinheng",
    "TitleIconHexColor": "",
    "IsRecordVisible": false,
    "IsItemVisible": false,
    "IsExploreProgressVisible": false,
    "ExploreBarTipsTextId": "",
    "IsDescription": true,
    "Description": "Text_RoleChallengeFailDesc_Text",
    "IsSuccess": true,
    "AudioId": ""
  },
  {
    "Id": 3015,
    "Title": "Text_ChallengeFail_Text",
    "TitleHexColor": "",
    "TitleIconPath": "/Game/Aki/UI/UIResources/UiTips/Image/T_Tipsxinheng.T_Tipsxinheng",
    "TitleIconHexColor": "",
    "IsRecordVisible": false,
    "IsItemVisible": true,
    "IsExploreProgressVisible": false,
    "ExploreBarTipsTextId": "",
    "IsDescription": false,
    "Description": "",
    "IsSuccess": true,
    "AudioId": ""
  },
  {
    "Id": 3016,
    "Title": "Text_ChallengeSuccess_Text",
    "TitleHexColor": "",
    "TitleIconPath": "/Game/Aki/UI/UIResources/UiTips/Image/T_Tipsxinheng.T_Tipsxinheng",
    "TitleIconHexColor": "",
    "IsRecordVisible": false,
    "IsItemVisible": true,
    "IsExploreProgressVisible": false,
    "ExploreBarTipsTextId": "",
    "IsDescription": false,
    "Description": "",
    "IsSuccess": true,
    "AudioId": ""
  },
  {
    "Id": 3017,
    "Title": "Text_ChallengeFail_Text",
    "TitleHexColor": "",
    "TitleIconPath": "/Game/Aki/UI/UIResources/UiTips/Image/T_Tipsxinheng.T_Tipsxinheng",
    "TitleIconHexColor": "",
    "IsRecordVisible": true,
    "IsItemVisible": false,
    "IsExploreProgressVisible": false,
    "ExploreBarTipsTextId": "",
    "IsDescription": false,
    "Description": "",
    "IsSuccess": true,
    "AudioId": ""
  },
  {
    "Id": 3018,
    "Title": "Text_ChallengeSuccess_Text",
    "TitleHexColor": "",
    "TitleIconPath": "/Game/Aki/UI/UIResources/UiTips/Image/T_Tipsxinheng.T_Tipsxinheng",
    "TitleIconHexColor": "",
    "IsRecordVisible": true,
    "IsItemVisible": false,
    "IsExploreProgressVisible": false,
    "ExploreBarTipsTextId": "",
    "IsDescription": false,
    "Description": "",
    "IsSuccess": true,
    "AudioId": ""
  }
]