[
  {
    "Id": 1,
    "RewardSourceId": 7000,
    "RewardViewId": 1001
  },
  {
    "Id": 2,
    "RewardSourceId": 2002,
    "RewardViewId": 1003
  },
  {
    "Id": 3,
    "RewardSourceId": 8000,
    "RewardViewId": 1004
  },
  {
    "Id": 4,
    "RewardSourceId": 18005,
    "RewardViewId": 1005
  },
  {
    "Id": 5,
    "RewardSourceId": 18702,
    "RewardViewId": 1006
  },
  {
    "Id": 6,
    "RewardSourceId": 8002,
    "RewardViewId": 1009
  },
  {
    "Id": 7,
    "RewardSourceId": 8001,
    "RewardViewId": 1009
  },
  {
    "Id": 8,
    "RewardSourceId": 19500,
    "RewardViewId": 1009
  },
  {
    "Id": 9,
    "RewardSourceId": 18500,
    "RewardViewId": 1009
  },
  {
    "Id": 10,
    "RewardSourceId": 17000,
    "RewardViewId": 1009
  },
  {
    "Id": 11,
    "RewardSourceId": 17001,
    "RewardViewId": 1009
  },
  {
    "Id": 12,
    "RewardSourceId": 19100,
    "RewardViewId": 1009
  },
  {
    "Id": 13,
    "RewardSourceId": 19101,
    "RewardViewId": 1009
  },
  {
    "Id": 14,
    "RewardSourceId": 12002,
    "RewardViewId": 1009
  },
  {
    "Id": 15,
    "RewardSourceId": 18401,
    "RewardViewId": 1009
  },
  {
    "Id": 16,
    "RewardSourceId": 6003,
    "RewardViewId": 1009
  },
  {
    "Id": 17,
    "RewardSourceId": 20500,
    "RewardViewId": 1001
  },
  {
    "Id": 18,
    "RewardSourceId": 13000,
    "RewardViewId": 1009
  },
  {
    "Id": 19,
    "RewardSourceId": 19904,
    "RewardViewId": 1009
  },
  {
    "Id": 20,
    "RewardSourceId": 19905,
    "RewardViewId": 1009
  },
  {
    "Id": 21,
    "RewardSourceId": 19903,
    "RewardViewId": 1009
  },
  {
    "Id": 22,
    "RewardSourceId": 19709,
    "RewardViewId": 1009
  },
  {
    "Id": 23,
    "RewardSourceId": 19906,
    "RewardViewId": 1009
  },
  {
    "Id": 24,
    "RewardSourceId": 20700,
    "RewardViewId": 1009
  },
  {
    "Id": 25,
    "RewardSourceId": 20520,
    "RewardViewId": 1009
  },
  {
    "Id": 26,
    "RewardSourceId": 2000,
    "RewardViewId": 1010
  },
  {
    "Id": 27,
    "RewardSourceId": 20510,
    "RewardViewId": 1009
  },
  {
    "Id": 28,
    "RewardSourceId": 20511,
    "RewardViewId": 1009
  },
  {
    "Id": 29,
    "RewardSourceId": 19909,
    "RewardViewId": 1009
  },
  {
    "Id": 30,
    "RewardSourceId": 19600,
    "RewardViewId": 1009
  },
  {
    "Id": 31,
    "RewardSourceId": 20800,
    "RewardViewId": 1009
  },
  {
    "Id": 32,
    "RewardSourceId": 20801,
    "RewardViewId": 1009
  },
  {
    "Id": 34,
    "RewardSourceId": 19911,
    "RewardViewId": 1009
  },
  {
    "Id": 35,
    "RewardSourceId": 20531,
    "RewardViewId": 1009
  },
  {
    "Id": 36,
    "RewardSourceId": 20900,
    "RewardViewId": 1009
  },
  {
    "Id": 37,
    "RewardSourceId": 199122,
    "RewardViewId": 1009
  },
  {
    "Id": 38,
    "RewardSourceId": 21000,
    "RewardViewId": 1009
  },
  {
    "Id": 39,
    "RewardSourceId": 19714,
    "RewardViewId": 1009
  },
  {
    "Id": 40,
    "RewardSourceId": 19915,
    "RewardViewId": 1009
  },
  {
    "Id": 41,
    "RewardSourceId": 19916,
    "RewardViewId": 1009
  },
  {
    "Id": 42,
    "RewardSourceId": 19917,
    "RewardViewId": 1011
  },
  {
    "Id": 43,
    "RewardSourceId": 19918,
    "RewardViewId": 1009
  },
  {
    "Id": 44,
    "RewardSourceId": 199120,
    "RewardViewId": 1009
  },
  {
    "Id": 45,
    "RewardSourceId": 199124,
    "RewardViewId": 1009
  },
  {
    "Id": 46,
    "RewardSourceId": 23001,
    "RewardViewId": 1009
  },
  {
    "Id": 47,
    "RewardSourceId": 23002,
    "RewardViewId": 1009
  },
  {
    "Id": 48,
    "RewardSourceId": 25001,
    "RewardViewId": 1001
  },
  {
    "Id": 49,
    "RewardSourceId": 24000,
    "RewardViewId": 1009
  },
  {
    "Id": 50,
    "RewardSourceId": 25201,
    "RewardViewId": 1009
  },
  {
    "Id": 51,
    "RewardSourceId": 25202,
    "RewardViewId": 1009
  },
  {
    "Id": 52,
    "RewardSourceId": 10001,
    "RewardViewId": 1009
  },
  {
    "Id": 53,
    "RewardSourceId": 25100,
    "RewardViewId": 1009
  },
  {
    "Id": 54,
    "RewardSourceId": 25101,
    "RewardViewId": 1009
  },
  {
    "Id": 55,
    "RewardSourceId": 25102,
    "RewardViewId": 1009
  },
  {
    "Id": 56,
    "RewardSourceId": 25103,
    "RewardViewId": 1009
  },
  {
    "Id": 57,
    "RewardSourceId": 25104,
    "RewardViewId": 1009
  }
]