[
  {
    "Id": 1,
    "Type": 1,
    "LevelGroupId": 1
  },
  {
    "Id": 1001,
    "Type": 2,
    "LevelGroupId": 0
  },
  {
    "Id": 1002,
    "Type": 2,
    "LevelGroupId": 0
  },
  {
    "Id": 1003,
    "Type": 2,
    "LevelGroupId": 0
  },
  {
    "Id": 1004,
    "Type": 2,
    "LevelGroupId": 0
  },
  {
    "Id": 1005,
    "Type": 2,
    "LevelGroupId": 0
  },
  {
    "Id": 1006,
    "Type": 2,
    "LevelGroupId": 0
  },
  {
    "Id": 1011,
    "Type": 3,
    "LevelGroupId": 0
  },
  {
    "Id": 1012,
    "Type": 3,
    "LevelGroupId": 0
  },
  {
    "Id": 1013,
    "Type": 3,
    "LevelGroupId": 0
  },
  {
    "Id": 1014,
    "Type": 3,
    "LevelGroupId": 0
  },
  {
    "Id": 1015,
    "Type": 3,
    "LevelGroupId": 0
  },
  {
    "Id": 1016,
    "Type": 3,
    "LevelGroupId": 0
  },
  {
    "Id": 10000,
    "Type": 1,
    "LevelGroupId": 0
  },
  {
    "Id": 10001,
    "Type": 1,
    "LevelGroupId": 0
  },
  {
    "Id": 10002,
    "Type": 1,
    "LevelGroupId": 0
  },
  {
    "Id": 10003,
    "Type": 1,
    "LevelGroupId": 0
  },
  {
    "Id": 10004,
    "Type": 1,
    "LevelGroupId": 0
  },
  {
    "Id": 10005,
    "Type": 1,
    "LevelGroupId": 0
  },
  {
    "Id": 10006,
    "Type": 1,
    "LevelGroupId": 0
  },
  {
    "Id": 10007,
    "Type": 1,
    "LevelGroupId": 0
  },
  {
    "Id": 10008,
    "Type": 1,
    "LevelGroupId": 0
  },
  {
    "Id": 1201,
    "Type": 1,
    "LevelGroupId": 1
  },
  {
    "Id": 10009,
    "Type": 1,
    "LevelGroupId": 0
  },
  {
    "Id": 10010,
    "Type": 1,
    "LevelGroupId": 0
  },
  {
    "Id": 10011,
    "Type": 1,
    "LevelGroupId": 0
  },
  {
    "Id": 10012,
    "Type": 1,
    "LevelGroupId": 0
  },
  {
    "Id": 10013,
    "Type": 1,
    "LevelGroupId": 0
  },
  {
    "Id": 10014,
    "Type": 1,
    "LevelGroupId": 0
  },
  {
    "Id": 10015,
    "Type": 1,
    "LevelGroupId": 0
  },
  {
    "Id": 1021,
    "Type": 3,
    "LevelGroupId": 0
  },
  {
    "Id": 1022,
    "Type": 3,
    "LevelGroupId": 0
  },
  {
    "Id": 10016,
    "Type": 1,
    "LevelGroupId": 0
  },
  {
    "Id": 10017,
    "Type": 1,
    "LevelGroupId": 0
  },
  {
    "Id": 1023,
    "Type": 3,
    "LevelGroupId": 0
  },
  {
    "Id": 1024,
    "Type": 3,
    "LevelGroupId": 0
  },
  {
    "Id": 1025,
    "Type": 3,
    "LevelGroupId": 0
  },
  {
    "Id": 1026,
    "Type": 3,
    "LevelGroupId": 0
  },
  {
    "Id": 1027,
    "Type": 3,
    "LevelGroupId": 0
  },
  {
    "Id": 10018,
    "Type": 1,
    "LevelGroupId": 0
  }
]