[
  {
    "Id": 42100030,
    "PublicCdGroup": 0,
    "Buffs": [
      42100030
    ],
    "Cd": 60,
    "Share": false
  },
  {
    "Id": 42100020,
    "PublicCdGroup": 0,
    "Buffs": [
      42100020
    ],
    "Cd": 0,
    "Share": false
  },
  {
    "Id": 42310010,
    "PublicCdGroup": 0,
    "Buffs": [
      42310010
    ],
    "Cd": 0,
    "Share": false
  },
  {
    "Id": 42310020,
    "PublicCdGroup": 0,
    "Buffs": [
      42310020
    ],
    "Cd": 0,
    "Share": false
  },
  {
    "Id": 80000000,
    "PublicCdGroup": 0,
    "Buffs": [
      83010101
    ],
    "Cd": 5,
    "Share": true
  },
  {
    "Id": 80000001,
    "PublicCdGroup": 0,
    "Buffs": [
      83010301
    ],
    "Cd": 5,
    "Share": true
  },
  {
    "Id": 80000002,
    "PublicCdGroup": 0,
    "Buffs": [
      83010406
    ],
    "Cd": 5,
    "Share": true
  },
  {
    "Id": 80000003,
    "PublicCdGroup": 0,
    "Buffs": [
      83010701
    ],
    "Cd": 15,
    "Share": true
  },
  {
    "Id": 80000004,
    "PublicCdGroup": 7,
    "Buffs": [
      83010603
    ],
    "Cd": 0,
    "Share": true
  },
  {
    "Id": 80000005,
    "PublicCdGroup": 0,
    "Buffs": [
      83010802
    ],
    "Cd": 15,
    "Share": false
  },
  {
    "Id": 80000006,
    "PublicCdGroup": 0,
    "Buffs": [
      83010503
    ],
    "Cd": 5,
    "Share": true
  },
  {
    "Id": 80000007,
    "PublicCdGroup": 8,
    "Buffs": [
      83011201
    ],
    "Cd": 0,
    "Share": true
  },
  {
    "Id": 80000008,
    "PublicCdGroup": 0,
    "Buffs": [
      83010504
    ],
    "Cd": 5,
    "Share": true
  },
  {
    "Id": 80000009,
    "PublicCdGroup": 0,
    "Buffs": [
      83010206,
      83010402
    ],
    "Cd": 5,
    "Share": true
  },
  {
    "Id": 80000010,
    "PublicCdGroup": 0,
    "Buffs": [
      83010801
    ],
    "Cd": 15,
    "Share": false
  },
  {
    "Id": 80000011,
    "PublicCdGroup": 0,
    "Buffs": [
      83010102
    ],
    "Cd": 5,
    "Share": true
  },
  {
    "Id": 80000012,
    "PublicCdGroup": 0,
    "Buffs": [
      83010303
    ],
    "Cd": 5,
    "Share": true
  },
  {
    "Id": 80000013,
    "PublicCdGroup": 0,
    "Buffs": [
      83010403
    ],
    "Cd": 5,
    "Share": true
  },
  {
    "Id": 80000014,
    "PublicCdGroup": 0,
    "Buffs": [
      83010205,
      83010401
    ],
    "Cd": 5,
    "Share": true
  },
  {
    "Id": 80000015,
    "PublicCdGroup": 0,
    "Buffs": [
      83010302,
      83010510
    ],
    "Cd": 5,
    "Share": true
  },
  {
    "Id": 80000016,
    "PublicCdGroup": 0,
    "Buffs": [
      83010201
    ],
    "Cd": 5,
    "Share": true
  },
  {
    "Id": 80000017,
    "PublicCdGroup": 0,
    "Buffs": [
      83010704
    ],
    "Cd": 15,
    "Share": true
  },
  {
    "Id": 80000018,
    "PublicCdGroup": 8,
    "Buffs": [
      83010901
    ],
    "Cd": 0,
    "Share": true
  },
  {
    "Id": 80000019,
    "PublicCdGroup": 7,
    "Buffs": [
      83010601
    ],
    "Cd": 0,
    "Share": true
  },
  {
    "Id": 80000020,
    "PublicCdGroup": 0,
    "Buffs": [
      83010404
    ],
    "Cd": 5,
    "Share": true
  },
  {
    "Id": 80000021,
    "PublicCdGroup": 0,
    "Buffs": [
      83010304
    ],
    "Cd": 5,
    "Share": true
  },
  {
    "Id": 80000022,
    "PublicCdGroup": 8,
    "Buffs": [
      83011301
    ],
    "Cd": 0,
    "Share": true
  },
  {
    "Id": 80000023,
    "PublicCdGroup": 0,
    "Buffs": [
      83010505
    ],
    "Cd": 5,
    "Share": true
  },
  {
    "Id": 80000024,
    "PublicCdGroup": 0,
    "Buffs": [
      83010305
    ],
    "Cd": 5,
    "Share": true
  },
  {
    "Id": 80000025,
    "PublicCdGroup": 0,
    "Buffs": [
      83010405
    ],
    "Cd": 5,
    "Share": true
  },
  {
    "Id": 80000026,
    "PublicCdGroup": 0,
    "Buffs": [
      83010506
    ],
    "Cd": 5,
    "Share": true
  },
  {
    "Id": 80000027,
    "PublicCdGroup": 8,
    "Buffs": [
      83010902
    ],
    "Cd": 0,
    "Share": true
  },
  {
    "Id": 80000028,
    "PublicCdGroup": 8,
    "Buffs": [
      83011202
    ],
    "Cd": 0,
    "Share": true
  },
  {
    "Id": 80000029,
    "PublicCdGroup": 0,
    "Buffs": [
      83010202
    ],
    "Cd": 5,
    "Share": true
  },
  {
    "Id": 80000030,
    "PublicCdGroup": 8,
    "Buffs": [
      83011302
    ],
    "Cd": 0,
    "Share": true
  },
  {
    "Id": 80000031,
    "PublicCdGroup": 0,
    "Buffs": [
      81000011
    ],
    "Cd": 0,
    "Share": true
  },
  {
    "Id": 80040000,
    "PublicCdGroup": 0,
    "Buffs": {
      "PKa": [],
      "length": 0
    },
    "Cd": 60,
    "Share": true
  },
  {
    "Id": 80000032,
    "PublicCdGroup": 0,
    "Buffs": [
      83010306,
      83010502
    ],
    "Cd": 5,
    "Share": true
  },
  {
    "Id": 42100001,
    "PublicCdGroup": 6,
    "Buffs": [
      83020401
    ],
    "Cd": 0,
    "Share": true
  },
  {
    "Id": 42100002,
    "PublicCdGroup": 6,
    "Buffs": [
      83020402
    ],
    "Cd": 0,
    "Share": true
  },
  {
    "Id": 42100003,
    "PublicCdGroup": 6,
    "Buffs": [
      83020403
    ],
    "Cd": 0,
    "Share": true
  },
  {
    "Id": 42100004,
    "PublicCdGroup": 6,
    "Buffs": [
      83020404
    ],
    "Cd": 0,
    "Share": true
  },
  {
    "Id": 42100005,
    "PublicCdGroup": 6,
    "Buffs": [
      83020405
    ],
    "Cd": 0,
    "Share": true
  },
  {
    "Id": 42100006,
    "PublicCdGroup": 6,
    "Buffs": [
      83020406
    ],
    "Cd": 0,
    "Share": true
  },
  {
    "Id": 42100007,
    "PublicCdGroup": 3,
    "Buffs": [
      83020501
    ],
    "Cd": 0,
    "Share": true
  },
  {
    "Id": 42100008,
    "PublicCdGroup": 3,
    "Buffs": [
      83020502
    ],
    "Cd": 0,
    "Share": true
  },
  {
    "Id": 42100009,
    "PublicCdGroup": 3,
    "Buffs": [
      83020503
    ],
    "Cd": 0,
    "Share": true
  },
  {
    "Id": 42100010,
    "PublicCdGroup": 3,
    "Buffs": [
      83020504
    ],
    "Cd": 0,
    "Share": true
  },
  {
    "Id": 42100011,
    "PublicCdGroup": 3,
    "Buffs": [
      83020505
    ],
    "Cd": 0,
    "Share": true
  },
  {
    "Id": 42100012,
    "PublicCdGroup": 3,
    "Buffs": [
      83020506
    ],
    "Cd": 0,
    "Share": true
  },
  {
    "Id": 42100013,
    "PublicCdGroup": 2,
    "Buffs": [
      83020101
    ],
    "Cd": 0,
    "Share": false
  },
  {
    "Id": 42100014,
    "PublicCdGroup": 2,
    "Buffs": [
      83020102
    ],
    "Cd": 0,
    "Share": false
  },
  {
    "Id": 42100015,
    "PublicCdGroup": 2,
    "Buffs": [
      83020103
    ],
    "Cd": 0,
    "Share": false
  },
  {
    "Id": 42100016,
    "PublicCdGroup": 2,
    "Buffs": [
      83020104
    ],
    "Cd": 0,
    "Share": false
  },
  {
    "Id": 42100017,
    "PublicCdGroup": 5,
    "Buffs": [
      83020201
    ],
    "Cd": 0,
    "Share": false
  },
  {
    "Id": 42100018,
    "PublicCdGroup": 5,
    "Buffs": [
      83020202
    ],
    "Cd": 0,
    "Share": false
  },
  {
    "Id": 42100019,
    "PublicCdGroup": 5,
    "Buffs": [
      83020203
    ],
    "Cd": 0,
    "Share": false
  },
  {
    "Id": 42100021,
    "PublicCdGroup": 5,
    "Buffs": [
      83020204
    ],
    "Cd": 0,
    "Share": false
  },
  {
    "Id": 42100022,
    "PublicCdGroup": 5,
    "Buffs": [
      83020301
    ],
    "Cd": 0,
    "Share": false
  },
  {
    "Id": 42100023,
    "PublicCdGroup": 5,
    "Buffs": [
      83020302
    ],
    "Cd": 0,
    "Share": false
  },
  {
    "Id": 42100024,
    "PublicCdGroup": 5,
    "Buffs": [
      83020303
    ],
    "Cd": 0,
    "Share": false
  },
  {
    "Id": 42100025,
    "PublicCdGroup": 5,
    "Buffs": [
      83020304
    ],
    "Cd": 0,
    "Share": false
  },
  {
    "Id": 42100026,
    "PublicCdGroup": 3,
    "Buffs": [
      83020601
    ],
    "Cd": 0,
    "Share": false
  },
  {
    "Id": 42100027,
    "PublicCdGroup": 3,
    "Buffs": [
      83020912
    ],
    "Cd": 0,
    "Share": true
  },
  {
    "Id": 42100028,
    "PublicCdGroup": 3,
    "Buffs": [
      83020603
    ],
    "Cd": 0,
    "Share": false
  },
  {
    "Id": 42100029,
    "PublicCdGroup": 3,
    "Buffs": [
      83020610
    ],
    "Cd": 0,
    "Share": true
  },
  {
    "Id": 42100031,
    "PublicCdGroup": 3,
    "Buffs": [
      83020101
    ],
    "Cd": 0,
    "Share": false
  },
  {
    "Id": 42100032,
    "PublicCdGroup": 3,
    "Buffs": [
      83020701
    ],
    "Cd": 0,
    "Share": false
  },
  {
    "Id": 42100033,
    "PublicCdGroup": 3,
    "Buffs": [
      83020901
    ],
    "Cd": 0,
    "Share": false
  },
  {
    "Id": 42100034,
    "PublicCdGroup": 6,
    "Buffs": [
      83020908
    ],
    "Cd": 0,
    "Share": false
  },
  {
    "Id": 42100035,
    "PublicCdGroup": 6,
    "Buffs": [
      83020801
    ],
    "Cd": 0,
    "Share": false
  },
  {
    "Id": 70139314,
    "PublicCdGroup": 0,
    "Buffs": [
      83020205
    ],
    "Cd": 0,
    "Share": false
  },
  {
    "Id": 80001016,
    "PublicCdGroup": 0,
    "Buffs": [
      83010203
    ],
    "Cd": 5,
    "Share": true
  },
  {
    "Id": 80001025,
    "PublicCdGroup": 0,
    "Buffs": [
      83010410
    ],
    "Cd": 5,
    "Share": true
  },
  {
    "Id": 80001002,
    "PublicCdGroup": 0,
    "Buffs": [
      83010407
    ],
    "Cd": 5,
    "Share": true
  },
  {
    "Id": 80001012,
    "PublicCdGroup": 0,
    "Buffs": [
      83010309
    ],
    "Cd": 5,
    "Share": true
  },
  {
    "Id": 80001024,
    "PublicCdGroup": 0,
    "Buffs": [
      83010307
    ],
    "Cd": 5,
    "Share": true
  },
  {
    "Id": 80001004,
    "PublicCdGroup": 0,
    "Buffs": [
      83010604
    ],
    "Cd": 180,
    "Share": true
  },
  {
    "Id": 80001020,
    "PublicCdGroup": 0,
    "Buffs": [
      83010408
    ],
    "Cd": 5,
    "Share": true
  },
  {
    "Id": 80001014,
    "PublicCdGroup": 0,
    "Buffs": [
      83010409,
      83010207
    ],
    "Cd": 5,
    "Share": true
  },
  {
    "Id": 80001017,
    "PublicCdGroup": 0,
    "Buffs": [
      83010705
    ],
    "Cd": 5,
    "Share": true
  },
  {
    "Id": 80001005,
    "PublicCdGroup": 0,
    "Buffs": [
      83010803
    ],
    "Cd": 5,
    "Share": false
  },
  {
    "Id": 80001008,
    "PublicCdGroup": 0,
    "Buffs": [
      83010505
    ],
    "Cd": 5,
    "Share": true
  },
  {
    "Id": 80001000,
    "PublicCdGroup": 0,
    "Buffs": [
      83010106
    ],
    "Cd": 5,
    "Share": true
  },
  {
    "Id": 80001023,
    "PublicCdGroup": 0,
    "Buffs": [
      83010511
    ],
    "Cd": 5,
    "Share": true
  },
  {
    "Id": 80001029,
    "PublicCdGroup": 0,
    "Buffs": [
      83010204
    ],
    "Cd": 5,
    "Share": true
  },
  {
    "Id": 80001021,
    "PublicCdGroup": 0,
    "Buffs": [
      83010310
    ],
    "Cd": 5,
    "Share": true
  },
  {
    "Id": 80001032,
    "PublicCdGroup": 0,
    "Buffs": [
      83010308,
      83010509
    ],
    "Cd": 5,
    "Share": true
  },
  {
    "Id": 80000033,
    "PublicCdGroup": 0,
    "Buffs": [
      83011001
    ],
    "Cd": 5,
    "Share": true
  },
  {
    "Id": 80000034,
    "PublicCdGroup": 0,
    "Buffs": [
      83011101
    ],
    "Cd": 5,
    "Share": true
  },
  {
    "Id": 80001033,
    "PublicCdGroup": 0,
    "Buffs": [
      83011002
    ],
    "Cd": 5,
    "Share": true
  },
  {
    "Id": 80001034,
    "PublicCdGroup": 0,
    "Buffs": [
      83011102
    ],
    "Cd": 5,
    "Share": true
  },
  {
    "Id": 80000035,
    "PublicCdGroup": 0,
    "Buffs": [
      83010208,
      83011103
    ],
    "Cd": 5,
    "Share": true
  },
  {
    "Id": 80000036,
    "PublicCdGroup": 7,
    "Buffs": [
      83010603
    ],
    "Cd": 0,
    "Share": true
  },
  {
    "Id": 80000037,
    "PublicCdGroup": 0,
    "Buffs": [
      83010512
    ],
    "Cd": 5,
    "Share": true
  },
  {
    "Id": 80000038,
    "PublicCdGroup": 0,
    "Buffs": [
      83011105
    ],
    "Cd": 5,
    "Share": true
  },
  {
    "Id": 80001035,
    "PublicCdGroup": 0,
    "Buffs": [
      83010209,
      83011104
    ],
    "Cd": 5,
    "Share": true
  },
  {
    "Id": 80001001,
    "PublicCdGroup": 0,
    "Buffs": [
      83010311
    ],
    "Cd": 5,
    "Share": true
  },
  {
    "Id": 80000039,
    "PublicCdGroup": 0,
    "Buffs": [
      83010312,
      83010508
    ],
    "Cd": 5,
    "Share": true
  },
  {
    "Id": 80000040,
    "PublicCdGroup": 0,
    "Buffs": [
      83010209,
      83011003
    ],
    "Cd": 5,
    "Share": true
  },
  {
    "Id": 80001039,
    "PublicCdGroup": 0,
    "Buffs": [
      83010306,
      83010513
    ],
    "Cd": 5,
    "Share": true
  },
  {
    "Id": 80001040,
    "PublicCdGroup": 0,
    "Buffs": [
      83010210,
      83011004
    ],
    "Cd": 5,
    "Share": true
  }
]