[
  {
    "Id": 1,
    "Text": "DetectionText_1_Text",
    "SubText": "",
    "Icon": "/Game/Aki/UI/UIResources/Common/Atlas/SP_CommonBtnIcon45a.SP_CommonBtnIcon45a",
    "HelpGroupId": 0
  },
  {
    "Id": 2,
    "Text": "DetectionText_2_Text",
    "SubText": "",
    "Icon": "/Game/Aki/UI/UIResources/Common/Atlas/SP_CommonBtnIcon45b.SP_CommonBtnIcon45b",
    "HelpGroupId": 0
  },
  {
    "Id": 3,
    "Text": "DetectionText_3_Text",
    "SubText": "",
    "Icon": "/Game/Aki/UI/UIResources/Common/Atlas/SP_CommonBtnIcon45c.SP_CommonBtnIcon45c",
    "HelpGroupId": 0
  },
  {
    "Id": 4,
    "Text": "DetectionText_4_Text",
    "SubText": "DetectionText_4_SubText",
    "Icon": "/Game/Aki/UI/UIResources/UiDevelopmentGuide/Atlas/SP_DevelopmentIconCL.SP_DevelopmentIconCL",
    "HelpGroupId": 22
  },
  {
    "Id": 5,
    "Text": "DetectionText_5_Text",
    "SubText": "DetectionText_5_SubText",
    "Icon": "/Game/Aki/UI/UIResources/UiDevelopmentGuide/Atlas/SP_DevelopmentIconPT.SP_DevelopmentIconPT",
    "HelpGroupId": 23
  },
  {
    "Id": 6,
    "Text": "DetectionText_6_Text",
    "SubText": "DetectionText_6_SubText",
    "Icon": "/Game/Aki/UI/UIResources/UiDevelopmentGuide/Atlas/SP_DevelopmentIconJX.SP_DevelopmentIconJX",
    "HelpGroupId": 24
  },
  {
    "Id": 7,
    "Text": "DetectionText_7_Text",
    "SubText": "DetectionText_7_SubText",
    "Icon": "/Game/Aki/UI/UIResources/UiDevelopmentGuide/Atlas/SP_DevelopmentIconZB.SP_DevelopmentIconZB",
    "HelpGroupId": 25
  },
  {
    "Id": 0,
    "Text": "DetectionText_0_Text",
    "SubText": "",
    "Icon": "/Game/Aki/UI/UIResources/Common/Atlas/SP_CommonBtnIcon45d.SP_CommonBtnIcon45d",
    "HelpGroupId": 0
  },
  {
    "Id": 8,
    "Text": "DetectionText_8_Text",
    "SubText": "",
    "Icon": "/Game/Aki/UI/UIResources/UiGuide/Atlas/SP_GuideIconXiezou.SP_GuideIconXiezou",
    "HelpGroupId": 0
  },
  {
    "Id": 9,
    "Text": "DetectionText_9_Text",
    "SubText": "",
    "Icon": "/Game/Aki/UI/UIResources/UiGuide/Atlas/SP_GuideIconDiren.SP_GuideIconDiren",
    "HelpGroupId": 0
  },
  {
    "Id": 10,
    "Text": "DetectionText_10_Text",
    "SubText": "",
    "Icon": "",
    "HelpGroupId": 0
  },
  {
    "Id": 11,
    "Text": "DetectionText_11_Text",
    "SubText": "",
    "Icon": "",
    "HelpGroupId": 0
  },
  {
    "Id": 12,
    "Text": "DetectionText_12_Text",
    "SubText": "",
    "Icon": "",
    "HelpGroupId": 0
  },
  {
    "Id": 13,
    "Text": "DetectionText_13_Text",
    "SubText": "",
    "Icon": "",
    "HelpGroupId": 0
  },
  {
    "Id": 14,
    "Text": "DetectionText_14_Text",
    "SubText": "",
    "Icon": "",
    "HelpGroupId": 0
  },
  {
    "Id": 15,
    "Text": "DetectionText_15_Text",
    "SubText": "",
    "Icon": "",
    "HelpGroupId": 0
  },
  {
    "Id": 16,
    "Text": "DetectionText_16_Text",
    "SubText": "",
    "Icon": "",
    "HelpGroupId": 0
  },
  {
    "Id": 17,
    "Text": "DetectionText_17_Text",
    "SubText": "",
    "Icon": "",
    "HelpGroupId": 0
  },
  {
    "Id": 18,
    "Text": "DetectionText_18_Text",
    "SubText": "",
    "Icon": "",
    "HelpGroupId": 0
  },
  {
    "Id": 21,
    "Text": "DetectionText_4_Text",
    "SubText": "DetectionText_4_SubText",
    "Icon": "/Game/Aki/UI/UIResources/UiDevelopmentGuide/Atlas/SP_DevelopmentIconCL.SP_DevelopmentIconCL",
    "HelpGroupId": 0
  },
  {
    "Id": 22,
    "Text": "DetectionText_4_Text",
    "SubText": "DetectionText_4_SubText",
    "Icon": "/Game/Aki/UI/UIResources/UiDevelopmentGuide/Atlas/SP_DevelopmentIconCL.SP_DevelopmentIconCL",
    "HelpGroupId": 0
  },
  {
    "Id": 61,
    "Text": "DetectionText_6_Text",
    "SubText": "DetectionText_6_SubText",
    "Icon": "/Game/Aki/UI/UIResources/UiDevelopmentGuide/Atlas/SP_DevelopmentIconJX.SP_DevelopmentIconJX",
    "HelpGroupId": 0
  },
  {
    "Id": 62,
    "Text": "DetectionText_62_Text",
    "SubText": "DetectionText_62_SubText",
    "Icon": "/Game/Aki/UI/UIResources/UiDevelopmentGuide/Atlas/SP_DevelopmentIconJX.SP_DevelopmentIconJX",
    "HelpGroupId": 24
  }
]