[
  {
    "Id": 0,
    "TitleText": "GuideData_0_TitleText",
    "NoteText": "GuideData_0_NoteText",
    "BgTexture": "/Game/Aki/UI/UIResources/UiDevelopmentGuide/Atlas/SP_TabIconDevelopment02.SP_TabIconDevelopment02"
  },
  {
    "Id": 1,
    "TitleText": "GuideData_1_TitleText",
    "NoteText": "GuideData_1_NoteText",
    "BgTexture": "/Game/Aki/UI/UIResources/UiDevelopmentGuide/Atlas/SP_TabIconDevelopment05.SP_TabIconDevelopment05"
  },
  {
    "Id": 2,
    "TitleText": "GuideData_2_TitleText",
    "NoteText": "GuideData_2_NoteText",
    "BgTexture": "/Game/Aki/UI/UIResources/UiDevelopmentGuide/Atlas/SP_TabIconDevelopment03.SP_TabIconDevelopment03"
  },
  {
    "Id": 3,
    "TitleText": "GuideData_3_TitleText",
    "NoteText": "GuideData_3_NoteText",
    "BgTexture": "/Game/Aki/UI/UIResources/UiDevelopmentGuide/Atlas/SP_TabIconDevelopment04.SP_TabIconDevelopment04"
  },
  {
    "Id": 4,
    "TitleText": "GuideData_4_TitleText",
    "NoteText": "GuideData_4_NoteText",
    "BgTexture": "/Game/Aki/UI/UIResources/UiDevelopmentGuide/Atlas/SP_TabIconDevelopment01.SP_TabIconDevelopment01"
  }
]