[
  {
    "Id": 310000010,
    "BlueprintType": "Monster001",
    "MarkId": 6000,
    "Name": "MonsterInfo_310000010_Name",
    "ShowReward": 6010,
    "EntityConfigId": 0,
    "DangerType": 0,
    "TypeDescription2": 16,
    "AttributesDescriptionLock": "MonsterInfo_310000010_UndiscoveredDes",
    "AttributesDescriptionUnlock": "MonsterInfo_310000010_DiscoveredDes",
    "BigIcon": "/Game/Aki/UI/UIResources/Common/Image/IconMonsterHead/T_IconMonsterHead_015_UI.T_IconMonsterHead_015_UI",
    "Icon": "/Game/Aki/UI/UIResources/Common/Image/IconMonsterHead/T_IconMonsterHead_015_UI.T_IconMonsterHead_015_UI",
    "TemporaryIconUnLock": "/Game/Aki/UI/UIResources/Common/Image/IconMonsterHead/T_IconMonsterHead_015_UI.T_IconMonsterHead_015_UI",
    "TemporaryIconlock": "/Game/Aki/UI/UIResources/Common/Image/IconMonsterHead/T_IconMonsterHead_015_UI.T_IconMonsterHead_015_UI",
    "BeginTimeStamp": 300,
    "LockCon": 12006001,
    "MonsterInfoId": 310000010
  },
  {
    "Id": 310000020,
    "BlueprintType": "Monster002",
    "MarkId": 6001,
    "Name": "MonsterInfo_310000020_Name",
    "ShowReward": 6010,
    "EntityConfigId": 0,
    "DangerType": 0,
    "TypeDescription2": 16,
    "AttributesDescriptionLock": "MonsterInfo_310000020_UndiscoveredDes",
    "AttributesDescriptionUnlock": "MonsterInfo_310000020_DiscoveredDes",
    "BigIcon": "/Game/Aki/UI/UIResources/Common/Image/IconMonsterHead/T_IconMonsterHead_025_UI.T_IconMonsterHead_025_UI",
    "Icon": "/Game/Aki/UI/UIResources/Common/Image/IconMonsterHead/T_IconMonsterHead_025_UI.T_IconMonsterHead_025_UI",
    "TemporaryIconUnLock": "/Game/Aki/UI/UIResources/Common/Image/IconMonsterHead/T_IconMonsterHead_025_UI.T_IconMonsterHead_025_UI",
    "TemporaryIconlock": "/Game/Aki/UI/UIResources/Common/Image/IconMonsterHead/T_IconMonsterHead_025_UI.T_IconMonsterHead_025_UI",
    "BeginTimeStamp": 300,
    "LockCon": 12006002,
    "MonsterInfoId": 310000020
  },
  {
    "Id": 310000030,
    "BlueprintType": "Monster003",
    "MarkId": 6002,
    "Name": "MonsterInfo_310000030_Name",
    "ShowReward": 6010,
    "EntityConfigId": 0,
    "DangerType": 0,
    "TypeDescription2": 16,
    "AttributesDescriptionLock": "MonsterInfo_310000030_UndiscoveredDes",
    "AttributesDescriptionUnlock": "MonsterInfo_310000030_DiscoveredDes",
    "BigIcon": "/Game/Aki/UI/UIResources/Common/Image/IconMonsterHead/T_IconMonsterHead_035_UI.T_IconMonsterHead_035_UI",
    "Icon": "/Game/Aki/UI/UIResources/Common/Image/IconMonsterHead/T_IconMonsterHead_035_UI.T_IconMonsterHead_035_UI",
    "TemporaryIconUnLock": "/Game/Aki/UI/UIResources/Common/Image/IconMonsterHead/T_IconMonsterHead_035_UI.T_IconMonsterHead_035_UI",
    "TemporaryIconlock": "/Game/Aki/UI/UIResources/Common/Image/IconMonsterHead/T_IconMonsterHead_035_UI.T_IconMonsterHead_035_UI",
    "BeginTimeStamp": 300,
    "LockCon": 12006003,
    "MonsterInfoId": 310000030
  },
  {
    "Id": 310000040,
    "BlueprintType": "Monster010",
    "MarkId": 6003,
    "Name": "MonsterInfo_310000040_Name",
    "ShowReward": 6010,
    "EntityConfigId": 0,
    "DangerType": 0,
    "TypeDescription2": 16,
    "AttributesDescriptionLock": "MonsterInfo_310000040_UndiscoveredDes",
    "AttributesDescriptionUnlock": "MonsterInfo_310000040_DiscoveredDes",
    "BigIcon": "/Game/Aki/UI/UIResources/Common/Image/IconMonsterHead/T_IconMonsterHead_105_UI.T_IconMonsterHead_105_UI",
    "Icon": "/Game/Aki/UI/UIResources/Common/Image/IconMonsterHead/T_IconMonsterHead_105_UI.T_IconMonsterHead_105_UI",
    "TemporaryIconUnLock": "/Game/Aki/UI/UIResources/Common/Image/IconMonsterHead/T_IconMonsterHead_105_UI.T_IconMonsterHead_105_UI",
    "TemporaryIconlock": "/Game/Aki/UI/UIResources/Common/Image/IconMonsterHead/T_IconMonsterHead_105_UI.T_IconMonsterHead_105_UI",
    "BeginTimeStamp": 300,
    "LockCon": 12006004,
    "MonsterInfoId": 310000040
  },
  {
    "Id": 310000050,
    "BlueprintType": "Monster011",
    "MarkId": 6004,
    "Name": "MonsterInfo_310000050_Name",
    "ShowReward": 6010,
    "EntityConfigId": 0,
    "DangerType": 0,
    "TypeDescription2": 16,
    "AttributesDescriptionLock": "MonsterInfo_310000050_UndiscoveredDes",
    "AttributesDescriptionUnlock": "MonsterInfo_310000050_DiscoveredDes",
    "BigIcon": "/Game/Aki/UI/UIResources/Common/Image/IconMonsterHead/T_IconMonsterHead_235_UI.T_IconMonsterHead_235_UI",
    "Icon": "/Game/Aki/UI/UIResources/Common/Image/IconMonsterHead/T_IconMonsterHead_235_UI.T_IconMonsterHead_235_UI",
    "TemporaryIconUnLock": "/Game/Aki/UI/UIResources/Common/Image/IconMonsterHead/T_IconMonsterHead_235_UI.T_IconMonsterHead_235_UI",
    "TemporaryIconlock": "/Game/Aki/UI/UIResources/Common/Image/IconMonsterHead/T_IconMonsterHead_235_UI.T_IconMonsterHead_235_UI",
    "BeginTimeStamp": 300,
    "LockCon": 12006005,
    "MonsterInfoId": 310000050
  },
  {
    "Id": 310000060,
    "BlueprintType": "Monster004",
    "MarkId": 6005,
    "Name": "MonsterInfo_310000060_Name",
    "ShowReward": 6010,
    "EntityConfigId": 0,
    "DangerType": 0,
    "TypeDescription2": 16,
    "AttributesDescriptionLock": "MonsterInfo_310000060_UndiscoveredDes",
    "AttributesDescriptionUnlock": "MonsterInfo_310000060_DiscoveredDes",
    "BigIcon": "/Game/Aki/UI/UIResources/Common/Image/IconMonsterHead/T_IconMonsterHead_045_UI.T_IconMonsterHead_045_UI",
    "Icon": "/Game/Aki/UI/UIResources/Common/Image/IconMonsterHead/T_IconMonsterHead_045_UI.T_IconMonsterHead_045_UI",
    "TemporaryIconUnLock": "/Game/Aki/UI/UIResources/Common/Image/IconMonsterHead/T_IconMonsterHead_045_UI.T_IconMonsterHead_045_UI",
    "TemporaryIconlock": "/Game/Aki/UI/UIResources/Common/Image/IconMonsterHead/T_IconMonsterHead_045_UI.T_IconMonsterHead_045_UI",
    "BeginTimeStamp": 300,
    "LockCon": 12006006,
    "MonsterInfoId": 310000060
  },
  {
    "Id": 310000070,
    "BlueprintType": "Monster005",
    "MarkId": 6006,
    "Name": "MonsterInfo_310000070_Name",
    "ShowReward": 6010,
    "EntityConfigId": 0,
    "DangerType": 0,
    "TypeDescription2": 16,
    "AttributesDescriptionLock": "MonsterInfo_310000070_UndiscoveredDes",
    "AttributesDescriptionUnlock": "MonsterInfo_310000070_DiscoveredDes",
    "BigIcon": "/Game/Aki/UI/UIResources/Common/Image/IconMonsterHead/T_IconMonsterHead_055_UI.T_IconMonsterHead_055_UI",
    "Icon": "/Game/Aki/UI/UIResources/Common/Image/IconMonsterHead/T_IconMonsterHead_055_UI.T_IconMonsterHead_055_UI",
    "TemporaryIconUnLock": "/Game/Aki/UI/UIResources/Common/Image/IconMonsterHead/T_IconMonsterHead_055_UI.T_IconMonsterHead_055_UI",
    "TemporaryIconlock": "/Game/Aki/UI/UIResources/Common/Image/IconMonsterHead/T_IconMonsterHead_055_UI.T_IconMonsterHead_055_UI",
    "BeginTimeStamp": 300,
    "LockCon": 12006007,
    "MonsterInfoId": 310000070
  },
  {
    "Id": 310000080,
    "BlueprintType": "Monster006",
    "MarkId": 6007,
    "Name": "MonsterInfo_310000080_Name",
    "ShowReward": 6010,
    "EntityConfigId": 0,
    "DangerType": 0,
    "TypeDescription2": 16,
    "AttributesDescriptionLock": "MonsterInfo_310000080_UndiscoveredDes",
    "AttributesDescriptionUnlock": "MonsterInfo_310000080_DiscoveredDes",
    "BigIcon": "/Game/Aki/UI/UIResources/Common/Image/IconMonsterHead/T_IconMonsterHead_065_UI.T_IconMonsterHead_065_UI",
    "Icon": "/Game/Aki/UI/UIResources/Common/Image/IconMonsterHead/T_IconMonsterHead_065_UI.T_IconMonsterHead_065_UI",
    "TemporaryIconUnLock": "/Game/Aki/UI/UIResources/Common/Image/IconMonsterHead/T_IconMonsterHead_065_UI.T_IconMonsterHead_065_UI",
    "TemporaryIconlock": "/Game/Aki/UI/UIResources/Common/Image/IconMonsterHead/T_IconMonsterHead_065_UI.T_IconMonsterHead_065_UI",
    "BeginTimeStamp": 300,
    "LockCon": 12006008,
    "MonsterInfoId": 310000080
  },
  {
    "Id": 310000090,
    "BlueprintType": "Monster007",
    "MarkId": 6008,
    "Name": "MonsterInfo_310000090_Name",
    "ShowReward": 6010,
    "EntityConfigId": 0,
    "DangerType": 0,
    "TypeDescription2": 16,
    "AttributesDescriptionLock": "MonsterInfo_310000090_UndiscoveredDes",
    "AttributesDescriptionUnlock": "MonsterInfo_310000090_DiscoveredDes",
    "BigIcon": "/Game/Aki/UI/UIResources/Common/Image/IconMonsterHead/T_IconMonsterHead_075_UI.T_IconMonsterHead_075_UI",
    "Icon": "/Game/Aki/UI/UIResources/Common/Image/IconMonsterHead/T_IconMonsterHead_075_UI.T_IconMonsterHead_075_UI",
    "TemporaryIconUnLock": "/Game/Aki/UI/UIResources/Common/Image/IconMonsterHead/T_IconMonsterHead_075_UI.T_IconMonsterHead_075_UI",
    "TemporaryIconlock": "/Game/Aki/UI/UIResources/Common/Image/IconMonsterHead/T_IconMonsterHead_075_UI.T_IconMonsterHead_075_UI",
    "BeginTimeStamp": 300,
    "LockCon": 12006009,
    "MonsterInfoId": 310000090
  },
  {
    "Id": 310000100,
    "BlueprintType": "Monster008",
    "MarkId": 6009,
    "Name": "MonsterInfo_310000100_Name",
    "ShowReward": 6010,
    "EntityConfigId": 0,
    "DangerType": 0,
    "TypeDescription2": 16,
    "AttributesDescriptionLock": "MonsterInfo_310000100_UndiscoveredDes",
    "AttributesDescriptionUnlock": "MonsterInfo_310000100_DiscoveredDes",
    "BigIcon": "/Game/Aki/UI/UIResources/Common/Image/IconMonsterHead/T_IconMonsterHead_085_UI.T_IconMonsterHead_085_UI",
    "Icon": "/Game/Aki/UI/UIResources/Common/Image/IconMonsterHead/T_IconMonsterHead_085_UI.T_IconMonsterHead_085_UI",
    "TemporaryIconUnLock": "/Game/Aki/UI/UIResources/Common/Image/IconMonsterHead/T_IconMonsterHead_085_UI.T_IconMonsterHead_085_UI",
    "TemporaryIconlock": "/Game/Aki/UI/UIResources/Common/Image/IconMonsterHead/T_IconMonsterHead_085_UI.T_IconMonsterHead_085_UI",
    "BeginTimeStamp": 300,
    "LockCon": 12006010,
    "MonsterInfoId": 310000100
  },
  {
    "Id": 310000110,
    "BlueprintType": "Monster009",
    "MarkId": 6010,
    "Name": "MonsterInfo_310000110_Name",
    "ShowReward": 6010,
    "EntityConfigId": 0,
    "DangerType": 0,
    "TypeDescription2": 16,
    "AttributesDescriptionLock": "MonsterInfo_310000110_UndiscoveredDes",
    "AttributesDescriptionUnlock": "MonsterInfo_310000110_DiscoveredDes",
    "BigIcon": "/Game/Aki/UI/UIResources/Common/Image/IconMonsterHead/T_IconMonsterHead_095_UI.T_IconMonsterHead_095_UI",
    "Icon": "/Game/Aki/UI/UIResources/Common/Image/IconMonsterHead/T_IconMonsterHead_095_UI.T_IconMonsterHead_095_UI",
    "TemporaryIconUnLock": "/Game/Aki/UI/UIResources/Common/Image/IconMonsterHead/T_IconMonsterHead_095_UI.T_IconMonsterHead_095_UI",
    "TemporaryIconlock": "/Game/Aki/UI/UIResources/Common/Image/IconMonsterHead/T_IconMonsterHead_095_UI.T_IconMonsterHead_095_UI",
    "BeginTimeStamp": 300,
    "LockCon": 12006011,
    "MonsterInfoId": 310000110
  },
  {
    "Id": 310000120,
    "BlueprintType": "Monster016",
    "MarkId": 6011,
    "Name": "MonsterInfo_310000120_Name",
    "ShowReward": 6020,
    "EntityConfigId": 0,
    "DangerType": 0,
    "TypeDescription2": 14,
    "AttributesDescriptionLock": "MonsterInfo_310000120_UndiscoveredDes",
    "AttributesDescriptionUnlock": "MonsterInfo_310000120_DiscoveredDes",
    "BigIcon": "/Game/Aki/UI/UIResources/Common/Image/IconMonsterHead/T_IconMonsterHead_115_UI.T_IconMonsterHead_115_UI",
    "Icon": "/Game/Aki/UI/UIResources/Common/Image/IconMonsterHead/T_IconMonsterHead_115_UI.T_IconMonsterHead_115_UI",
    "TemporaryIconUnLock": "/Game/Aki/UI/UIResources/Common/Image/IconMonsterHead/T_IconMonsterHead_115_UI.T_IconMonsterHead_115_UI",
    "TemporaryIconlock": "/Game/Aki/UI/UIResources/Common/Image/IconMonsterHead/T_IconMonsterHead_115_UI.T_IconMonsterHead_115_UI",
    "BeginTimeStamp": 300,
    "LockCon": 12006012,
    "MonsterInfoId": 310000120
  },
  {
    "Id": 310000130,
    "BlueprintType": "Monster030",
    "MarkId": 6012,
    "Name": "MonsterInfo_310000130_Name",
    "ShowReward": 6020,
    "EntityConfigId": 0,
    "DangerType": 0,
    "TypeDescription2": 14,
    "AttributesDescriptionLock": "MonsterInfo_310000130_UndiscoveredDes",
    "AttributesDescriptionUnlock": "MonsterInfo_310000130_DiscoveredDes",
    "BigIcon": "/Game/Aki/UI/UIResources/Common/Image/IconMonsterHead/T_IconMonsterHead_971_UI.T_IconMonsterHead_971_UI",
    "Icon": "/Game/Aki/UI/UIResources/Common/Image/IconMonsterHead/T_IconMonsterHead_971_UI.T_IconMonsterHead_971_UI",
    "TemporaryIconUnLock": "/Game/Aki/UI/UIResources/Common/Image/IconMonsterHead/T_IconMonsterHead_971_UI.T_IconMonsterHead_971_UI",
    "TemporaryIconlock": "/Game/Aki/UI/UIResources/Common/Image/IconMonsterHead/T_IconMonsterHead_971_UI.T_IconMonsterHead_971_UI",
    "BeginTimeStamp": 300,
    "LockCon": 12006013,
    "MonsterInfoId": 310000130
  },
  {
    "Id": 310000140,
    "BlueprintType": "Monster034",
    "MarkId": 6013,
    "Name": "MonsterInfo_310000140_Name",
    "ShowReward": 7010,
    "EntityConfigId": 0,
    "DangerType": 0,
    "TypeDescription2": 16,
    "AttributesDescriptionLock": "MonsterInfo_310000140_UndiscoveredDes",
    "AttributesDescriptionUnlock": "MonsterInfo_310000140_DiscoveredDes",
    "BigIcon": "/Game/Aki/UI/UIResources/Common/Image/IconMonsterHead/T_IconMonsterHead_145_UI.T_IconMonsterHead_145_UI",
    "Icon": "/Game/Aki/UI/UIResources/Common/Image/IconMonsterHead/T_IconMonsterHead_145_UI.T_IconMonsterHead_145_UI",
    "TemporaryIconUnLock": "/Game/Aki/UI/UIResources/Common/Image/IconMonsterHead/T_IconMonsterHead_145_UI.T_IconMonsterHead_145_UI",
    "TemporaryIconlock": "/Game/Aki/UI/UIResources/Common/Image/IconMonsterHead/T_IconMonsterHead_145_UI.T_IconMonsterHead_145_UI",
    "BeginTimeStamp": 300,
    "LockCon": 12006014,
    "MonsterInfoId": 310000140
  },
  {
    "Id": 310000150,
    "BlueprintType": "Monster033",
    "MarkId": 6014,
    "Name": "MonsterInfo_310000150_Name",
    "ShowReward": 7010,
    "EntityConfigId": 0,
    "DangerType": 0,
    "TypeDescription2": 16,
    "AttributesDescriptionLock": "MonsterInfo_310000150_UndiscoveredDes",
    "AttributesDescriptionUnlock": "MonsterInfo_310000150_DiscoveredDes",
    "BigIcon": "/Game/Aki/UI/UIResources/Common/Image/IconMonsterHead/T_IconMonsterHead_155_UI.T_IconMonsterHead_155_UI",
    "Icon": "/Game/Aki/UI/UIResources/Common/Image/IconMonsterHead/T_IconMonsterHead_155_UI.T_IconMonsterHead_155_UI",
    "TemporaryIconUnLock": "/Game/Aki/UI/UIResources/Common/Image/IconMonsterHead/T_IconMonsterHead_155_UI.T_IconMonsterHead_155_UI",
    "TemporaryIconlock": "/Game/Aki/UI/UIResources/Common/Image/IconMonsterHead/T_IconMonsterHead_155_UI.T_IconMonsterHead_155_UI",
    "BeginTimeStamp": 300,
    "LockCon": 12006015,
    "MonsterInfoId": 310000150
  },
  {
    "Id": 310000160,
    "BlueprintType": "Monster035",
    "MarkId": 6015,
    "Name": "MonsterInfo_310000160_Name",
    "ShowReward": 7010,
    "EntityConfigId": 0,
    "DangerType": 0,
    "TypeDescription2": 16,
    "AttributesDescriptionLock": "MonsterInfo_310000160_UndiscoveredDes",
    "AttributesDescriptionUnlock": "MonsterInfo_310000160_DiscoveredDes",
    "BigIcon": "/Game/Aki/UI/UIResources/Common/Image/IconMonsterHead/T_IconMonsterHead_165_UI.T_IconMonsterHead_165_UI",
    "Icon": "/Game/Aki/UI/UIResources/Common/Image/IconMonsterHead/T_IconMonsterHead_165_UI.T_IconMonsterHead_165_UI",
    "TemporaryIconUnLock": "/Game/Aki/UI/UIResources/Common/Image/IconMonsterHead/T_IconMonsterHead_165_UI.T_IconMonsterHead_165_UI",
    "TemporaryIconlock": "/Game/Aki/UI/UIResources/Common/Image/IconMonsterHead/T_IconMonsterHead_165_UI.T_IconMonsterHead_165_UI",
    "BeginTimeStamp": 300,
    "LockCon": 12006016,
    "MonsterInfoId": 310000160
  },
  {
    "Id": 310000170,
    "BlueprintType": "Monster036",
    "MarkId": 6016,
    "Name": "MonsterInfo_310000170_Name",
    "ShowReward": 7010,
    "EntityConfigId": 0,
    "DangerType": 0,
    "TypeDescription2": 16,
    "AttributesDescriptionLock": "MonsterInfo_310000170_UndiscoveredDes",
    "AttributesDescriptionUnlock": "MonsterInfo_310000170_DiscoveredDes",
    "BigIcon": "/Game/Aki/UI/UIResources/Common/Image/IconMonsterHead/T_IconMonsterHead_175_UI.T_IconMonsterHead_175_UI",
    "Icon": "/Game/Aki/UI/UIResources/Common/Image/IconMonsterHead/T_IconMonsterHead_175_UI.T_IconMonsterHead_175_UI",
    "TemporaryIconUnLock": "/Game/Aki/UI/UIResources/Common/Image/IconMonsterHead/T_IconMonsterHead_175_UI.T_IconMonsterHead_175_UI",
    "TemporaryIconlock": "/Game/Aki/UI/UIResources/Common/Image/IconMonsterHead/T_IconMonsterHead_175_UI.T_IconMonsterHead_175_UI",
    "BeginTimeStamp": 300,
    "LockCon": 12006017,
    "MonsterInfoId": 310000170
  },
  {
    "Id": 310000180,
    "BlueprintType": "Monster014",
    "MarkId": 6017,
    "Name": "MonsterInfo_310000180_Name",
    "ShowReward": 6020,
    "EntityConfigId": 0,
    "DangerType": 0,
    "TypeDescription2": 14,
    "AttributesDescriptionLock": "MonsterInfo_310000180_UndiscoveredDes",
    "AttributesDescriptionUnlock": "MonsterInfo_310000180_DiscoveredDes",
    "BigIcon": "/Game/Aki/UI/UIResources/Common/Image/IconMonsterHead/T_IconMonsterHead_255_UI.T_IconMonsterHead_255_UI",
    "Icon": "/Game/Aki/UI/UIResources/Common/Image/IconMonsterHead/T_IconMonsterHead_255_UI.T_IconMonsterHead_255_UI",
    "TemporaryIconUnLock": "/Game/Aki/UI/UIResources/Common/Image/IconMonsterHead/T_IconMonsterHead_255_UI.T_IconMonsterHead_255_UI",
    "TemporaryIconlock": "/Game/Aki/UI/UIResources/Common/Image/IconMonsterHead/T_IconMonsterHead_255_UI.T_IconMonsterHead_255_UI",
    "BeginTimeStamp": 300,
    "LockCon": 12006018,
    "MonsterInfoId": 310000180
  },
  {
    "Id": 310000190,
    "BlueprintType": "Monster015",
    "MarkId": 6018,
    "Name": "MonsterInfo_310000190_Name",
    "ShowReward": 6020,
    "EntityConfigId": 0,
    "DangerType": 0,
    "TypeDescription2": 14,
    "AttributesDescriptionLock": "MonsterInfo_310000190_UndiscoveredDes",
    "AttributesDescriptionUnlock": "MonsterInfo_310000190_DiscoveredDes",
    "BigIcon": "/Game/Aki/UI/UIResources/Common/Image/IconMonsterHead/T_IconMonsterHead_265_UI.T_IconMonsterHead_265_UI",
    "Icon": "/Game/Aki/UI/UIResources/Common/Image/IconMonsterHead/T_IconMonsterHead_265_UI.T_IconMonsterHead_265_UI",
    "TemporaryIconUnLock": "/Game/Aki/UI/UIResources/Common/Image/IconMonsterHead/T_IconMonsterHead_265_UI.T_IconMonsterHead_265_UI",
    "TemporaryIconlock": "/Game/Aki/UI/UIResources/Common/Image/IconMonsterHead/T_IconMonsterHead_265_UI.T_IconMonsterHead_265_UI",
    "BeginTimeStamp": 300,
    "LockCon": 12006019,
    "MonsterInfoId": 310000190
  },
  {
    "Id": 310000200,
    "BlueprintType": "Monster017",
    "MarkId": 6019,
    "Name": "MonsterInfo_310000200_Name",
    "ShowReward": 6020,
    "EntityConfigId": 0,
    "DangerType": 0,
    "TypeDescription2": 14,
    "AttributesDescriptionLock": "MonsterInfo_310000200_UndiscoveredDes",
    "AttributesDescriptionUnlock": "MonsterInfo_310000200_DiscoveredDes",
    "BigIcon": "/Game/Aki/UI/UIResources/Common/Image/IconMonsterHead/T_IconMonsterHead_275_UI.T_IconMonsterHead_275_UI",
    "Icon": "/Game/Aki/UI/UIResources/Common/Image/IconMonsterHead/T_IconMonsterHead_275_UI.T_IconMonsterHead_275_UI",
    "TemporaryIconUnLock": "/Game/Aki/UI/UIResources/Common/Image/IconMonsterHead/T_IconMonsterHead_275_UI.T_IconMonsterHead_275_UI",
    "TemporaryIconlock": "/Game/Aki/UI/UIResources/Common/Image/IconMonsterHead/T_IconMonsterHead_275_UI.T_IconMonsterHead_275_UI",
    "BeginTimeStamp": 300,
    "LockCon": 12006020,
    "MonsterInfoId": 310000200
  },
  {
    "Id": 310000210,
    "BlueprintType": "Monster018",
    "MarkId": 6020,
    "Name": "MonsterInfo_310000210_Name",
    "ShowReward": 6020,
    "EntityConfigId": 0,
    "DangerType": 0,
    "TypeDescription2": 14,
    "AttributesDescriptionLock": "MonsterInfo_310000210_UndiscoveredDes",
    "AttributesDescriptionUnlock": "MonsterInfo_310000210_DiscoveredDes",
    "BigIcon": "/Game/Aki/UI/UIResources/Common/Image/IconMonsterHead/T_IconMonsterHead_285_UI.T_IconMonsterHead_285_UI",
    "Icon": "/Game/Aki/UI/UIResources/Common/Image/IconMonsterHead/T_IconMonsterHead_285_UI.T_IconMonsterHead_285_UI",
    "TemporaryIconUnLock": "/Game/Aki/UI/UIResources/Common/Image/IconMonsterHead/T_IconMonsterHead_285_UI.T_IconMonsterHead_285_UI",
    "TemporaryIconlock": "/Game/Aki/UI/UIResources/Common/Image/IconMonsterHead/T_IconMonsterHead_285_UI.T_IconMonsterHead_285_UI",
    "BeginTimeStamp": 300,
    "LockCon": 12006021,
    "MonsterInfoId": 310000210
  },
  {
    "Id": 310000220,
    "BlueprintType": "Monster019",
    "MarkId": 6021,
    "Name": "MonsterInfo_310000220_Name",
    "ShowReward": 6020,
    "EntityConfigId": 0,
    "DangerType": 0,
    "TypeDescription2": 14,
    "AttributesDescriptionLock": "MonsterInfo_310000220_UndiscoveredDes",
    "AttributesDescriptionUnlock": "MonsterInfo_310000220_DiscoveredDes",
    "BigIcon": "/Game/Aki/UI/UIResources/Common/Image/IconMonsterHead/T_IconMonsterHead_305_UI.T_IconMonsterHead_305_UI",
    "Icon": "/Game/Aki/UI/UIResources/Common/Image/IconMonsterHead/T_IconMonsterHead_305_UI.T_IconMonsterHead_305_UI",
    "TemporaryIconUnLock": "/Game/Aki/UI/UIResources/Common/Image/IconMonsterHead/T_IconMonsterHead_305_UI.T_IconMonsterHead_305_UI",
    "TemporaryIconlock": "/Game/Aki/UI/UIResources/Common/Image/IconMonsterHead/T_IconMonsterHead_305_UI.T_IconMonsterHead_305_UI",
    "BeginTimeStamp": 300,
    "LockCon": 12006022,
    "MonsterInfoId": 310000220
  },
  {
    "Id": 310000230,
    "BlueprintType": "Monster012",
    "MarkId": 6022,
    "Name": "MonsterInfo_310000230_Name",
    "ShowReward": 6030,
    "EntityConfigId": 0,
    "DangerType": 0,
    "TypeDescription2": 15,
    "AttributesDescriptionLock": "MonsterInfo_310000230_UndiscoveredDes",
    "AttributesDescriptionUnlock": "MonsterInfo_310000230_DiscoveredDes",
    "BigIcon": "/Game/Aki/UI/UIResources/Common/Image/IconMonsterHead/T_IconMonsterHead_977_UI.T_IconMonsterHead_977_UI",
    "Icon": "/Game/Aki/UI/UIResources/Common/Image/IconMonsterHead/T_IconMonsterHead_977_UI.T_IconMonsterHead_977_UI",
    "TemporaryIconUnLock": "/Game/Aki/UI/UIResources/Common/Image/IconMonsterHead/T_IconMonsterHead_977_UI.T_IconMonsterHead_977_UI",
    "TemporaryIconlock": "/Game/Aki/UI/UIResources/Common/Image/IconMonsterHead/T_IconMonsterHead_977_UI.T_IconMonsterHead_977_UI",
    "BeginTimeStamp": 300,
    "LockCon": 12006023,
    "MonsterInfoId": 310000230
  },
  {
    "Id": 310000240,
    "BlueprintType": "Monster013",
    "MarkId": 6023,
    "Name": "MonsterInfo_310000240_Name",
    "ShowReward": 6030,
    "EntityConfigId": 0,
    "DangerType": 0,
    "TypeDescription2": 15,
    "AttributesDescriptionLock": "MonsterInfo_310000240_UndiscoveredDes",
    "AttributesDescriptionUnlock": "MonsterInfo_310000240_DiscoveredDes",
    "BigIcon": "0",
    "Icon": "0",
    "TemporaryIconUnLock": "0",
    "TemporaryIconlock": "0",
    "BeginTimeStamp": 300,
    "LockCon": 12006024,
    "MonsterInfoId": 310000240
  },
  {
    "Id": 310000250,
    "BlueprintType": "Monster052",
    "MarkId": 6024,
    "Name": "MonsterInfo_310000250_Name",
    "ShowReward": 6020,
    "EntityConfigId": 0,
    "DangerType": 0,
    "TypeDescription2": 14,
    "AttributesDescriptionLock": "MonsterInfo_310000250_UndiscoveredDes",
    "AttributesDescriptionUnlock": "MonsterInfo_310000250_DiscoveredDes",
    "BigIcon": "/Game/Aki/UI/UIResources/Common/Image/IconMonsterHead/T_IconMonsterHead_988_UI.T_IconMonsterHead_988_UI",
    "Icon": "/Game/Aki/UI/UIResources/Common/Image/IconMonsterHead/T_IconMonsterHead_988_UI.T_IconMonsterHead_988_UI",
    "TemporaryIconUnLock": "/Game/Aki/UI/UIResources/Common/Image/IconMonsterHead/T_IconMonsterHead_988_UI.T_IconMonsterHead_988_UI",
    "TemporaryIconlock": "/Game/Aki/UI/UIResources/Common/Image/IconMonsterHead/T_IconMonsterHead_988_UI.T_IconMonsterHead_988_UI",
    "BeginTimeStamp": 300,
    "LockCon": 12006025,
    "MonsterInfoId": 310000250
  },
  {
    "Id": 310000260,
    "BlueprintType": "Monster057",
    "MarkId": 6025,
    "Name": "MonsterInfo_310000260_Name",
    "ShowReward": 6020,
    "EntityConfigId": 0,
    "DangerType": 0,
    "TypeDescription2": 14,
    "AttributesDescriptionLock": "MonsterInfo_310000260_UndiscoveredDes",
    "AttributesDescriptionUnlock": "MonsterInfo_310000260_DiscoveredDes",
    "BigIcon": "/Game/Aki/UI/UIResources/Common/Image/IconMonsterHead/T_IconMonsterHead_987_UI.T_IconMonsterHead_987_UI",
    "Icon": "/Game/Aki/UI/UIResources/Common/Image/IconMonsterHead/T_IconMonsterHead_987_UI.T_IconMonsterHead_987_UI",
    "TemporaryIconUnLock": "/Game/Aki/UI/UIResources/Common/Image/IconMonsterHead/T_IconMonsterHead_987_UI.T_IconMonsterHead_987_UI",
    "TemporaryIconlock": "/Game/Aki/UI/UIResources/Common/Image/IconMonsterHead/T_IconMonsterHead_987_UI.T_IconMonsterHead_987_UI",
    "BeginTimeStamp": 300,
    "LockCon": 12006026,
    "MonsterInfoId": 310000260
  },
  {
    "Id": 310000270,
    "BlueprintType": "Monster058",
    "MarkId": 6026,
    "Name": "MonsterInfo_310000270_Name",
    "ShowReward": 6020,
    "EntityConfigId": 0,
    "DangerType": 0,
    "TypeDescription2": 14,
    "AttributesDescriptionLock": "MonsterInfo_310000270_UndiscoveredDes",
    "AttributesDescriptionUnlock": "MonsterInfo_310000270_DiscoveredDes",
    "BigIcon": "/Game/Aki/UI/UIResources/Common/Image/IconMonsterHead/T_IconMonsterHead_969_UI.T_IconMonsterHead_969_UI",
    "Icon": "/Game/Aki/UI/UIResources/Common/Image/IconMonsterHead/T_IconMonsterHead_969_UI.T_IconMonsterHead_969_UI",
    "TemporaryIconUnLock": "/Game/Aki/UI/UIResources/Common/Image/IconMonsterHead/T_IconMonsterHead_969_UI.T_IconMonsterHead_969_UI",
    "TemporaryIconlock": "/Game/Aki/UI/UIResources/Common/Image/IconMonsterHead/T_IconMonsterHead_969_UI.T_IconMonsterHead_969_UI",
    "BeginTimeStamp": 300,
    "LockCon": 12006027,
    "MonsterInfoId": 310000270
  },
  {
    "Id": 310000280,
    "BlueprintType": "Monster053",
    "MarkId": 6027,
    "Name": "MonsterInfo_310000280_Name",
    "ShowReward": 6020,
    "EntityConfigId": 0,
    "DangerType": 0,
    "TypeDescription2": 14,
    "AttributesDescriptionLock": "MonsterInfo_310000280_UndiscoveredDes",
    "AttributesDescriptionUnlock": "MonsterInfo_310000280_DiscoveredDes",
    "BigIcon": "/Game/Aki/UI/UIResources/Common/Image/IconMonsterHead/T_IconMonsterHead_980_UI.T_IconMonsterHead_980_UI",
    "Icon": "/Game/Aki/UI/UIResources/Common/Image/IconMonsterHead/T_IconMonsterHead_980_UI.T_IconMonsterHead_980_UI",
    "TemporaryIconUnLock": "/Game/Aki/UI/UIResources/Common/Image/IconMonsterHead/T_IconMonsterHead_980_UI.T_IconMonsterHead_980_UI",
    "TemporaryIconlock": "/Game/Aki/UI/UIResources/Common/Image/IconMonsterHead/T_IconMonsterHead_980_UI.T_IconMonsterHead_980_UI",
    "BeginTimeStamp": 300,
    "LockCon": 12006028,
    "MonsterInfoId": 310000280
  },
  {
    "Id": 310000290,
    "BlueprintType": "Monster072",
    "MarkId": 6028,
    "Name": "MonsterInfo_320000290_Name",
    "ShowReward": 7040,
    "EntityConfigId": 0,
    "DangerType": 0,
    "TypeDescription2": 15,
    "AttributesDescriptionLock": "MonsterInfo_310000290_UndiscoveredDes",
    "AttributesDescriptionUnlock": "MonsterInfo_310000290_DiscoveredDes",
    "BigIcon": "0",
    "Icon": "0",
    "TemporaryIconUnLock": "0",
    "TemporaryIconlock": "0",
    "BeginTimeStamp": 300,
    "LockCon": 12006029,
    "MonsterInfoId": 310000290
  },
  {
    "Id": 310000300,
    "BlueprintType": "Monster146",
    "MarkId": 6029,
    "Name": "MonsterInfo_310000300_Name",
    "ShowReward": 6020,
    "EntityConfigId": 0,
    "DangerType": 0,
    "TypeDescription2": 14,
    "AttributesDescriptionLock": "MonsterInfo_310000300_UndiscoveredDes",
    "AttributesDescriptionUnlock": "MonsterInfo_310000300_DiscoveredDes",
    "BigIcon": "0",
    "Icon": "0",
    "TemporaryIconUnLock": "0",
    "TemporaryIconlock": "0",
    "BeginTimeStamp": 300,
    "LockCon": 12006030,
    "MonsterInfoId": 310000300
  },
  {
    "Id": 310000310,
    "BlueprintType": "Monster086",
    "MarkId": 6030,
    "Name": "MonsterInfo_310000310_Name",
    "ShowReward": 7040,
    "EntityConfigId": 0,
    "DangerType": 0,
    "TypeDescription2": 15,
    "AttributesDescriptionLock": "MonsterInfo_310000310_UndiscoveredDes",
    "AttributesDescriptionUnlock": "MonsterInfo_310000310_DiscoveredDes",
    "BigIcon": "0",
    "Icon": "0",
    "TemporaryIconUnLock": "0",
    "TemporaryIconlock": "0",
    "BeginTimeStamp": 300,
    "LockCon": 12006031,
    "MonsterInfoId": 310000310
  },
  {
    "Id": 310000320,
    "BlueprintType": "Monster087",
    "MarkId": 6031,
    "Name": "MonsterInfo_310000320_Name",
    "ShowReward": 7040,
    "EntityConfigId": 0,
    "DangerType": 0,
    "TypeDescription2": 15,
    "AttributesDescriptionLock": "MonsterInfo_310000320_UndiscoveredDes",
    "AttributesDescriptionUnlock": "MonsterInfo_310000320_DiscoveredDes",
    "BigIcon": "0",
    "Icon": "0",
    "TemporaryIconUnLock": "0",
    "TemporaryIconlock": "0",
    "BeginTimeStamp": 300,
    "LockCon": 12006032,
    "MonsterInfoId": 310000320
  },
  {
    "Id": 310000330,
    "BlueprintType": "Monster151",
    "MarkId": 6032,
    "Name": "MonsterInfo_310000330_Name",
    "ShowReward": 6010,
    "EntityConfigId": 0,
    "DangerType": 0,
    "TypeDescription2": 16,
    "AttributesDescriptionLock": "MonsterInfo_310000330_UndiscoveredDes",
    "AttributesDescriptionUnlock": "MonsterInfo_310000330_DiscoveredDes",
    "BigIcon": "0",
    "Icon": "0",
    "TemporaryIconUnLock": "0",
    "TemporaryIconlock": "0",
    "BeginTimeStamp": 300,
    "LockCon": 12006033,
    "MonsterInfoId": 310000330
  },
  {
    "Id": 310000340,
    "BlueprintType": "Monster119",
    "MarkId": 6033,
    "Name": "MonsterInfo_310000340_Name",
    "ShowReward": 6010,
    "EntityConfigId": 0,
    "DangerType": 0,
    "TypeDescription2": 16,
    "AttributesDescriptionLock": "MonsterInfo_310000340_UndiscoveredDes",
    "AttributesDescriptionUnlock": "MonsterInfo_310000340_DiscoveredDes",
    "BigIcon": "0",
    "Icon": "0",
    "TemporaryIconUnLock": "0",
    "TemporaryIconlock": "0",
    "BeginTimeStamp": 300,
    "LockCon": 12006034,
    "MonsterInfoId": 310000340
  },
  {
    "Id": 310000350,
    "BlueprintType": "Monster118",
    "MarkId": 6034,
    "Name": "MonsterInfo_310000350_Name",
    "ShowReward": 6020,
    "EntityConfigId": 0,
    "DangerType": 0,
    "TypeDescription2": 14,
    "AttributesDescriptionLock": "MonsterInfo_310000350_UndiscoveredDes",
    "AttributesDescriptionUnlock": "MonsterInfo_310000350_DiscoveredDes",
    "BigIcon": "/Game/Aki/UI/UIResources/Common/Image/IconMonsterHead/T_IconMonsterHead_980_UI.T_IconMonsterHead_980_UI",
    "Icon": "/Game/Aki/UI/UIResources/Common/Image/IconMonsterHead/T_IconMonsterHead_980_UI.T_IconMonsterHead_980_UI",
    "TemporaryIconUnLock": "/Game/Aki/UI/UIResources/Common/Image/IconMonsterHead/T_IconMonsterHead_980_UI.T_IconMonsterHead_980_UI",
    "TemporaryIconlock": "/Game/Aki/UI/UIResources/Common/Image/IconMonsterHead/T_IconMonsterHead_980_UI.T_IconMonsterHead_980_UI",
    "BeginTimeStamp": 300,
    "LockCon": 12006035,
    "MonsterInfoId": 310000350
  },
  {
    "Id": 310000360,
    "BlueprintType": "Monster127",
    "MarkId": 6035,
    "Name": "MonsterInfo_310000360_Name",
    "ShowReward": 6020,
    "EntityConfigId": 0,
    "DangerType": 0,
    "TypeDescription2": 14,
    "AttributesDescriptionLock": "MonsterInfo_310000360_UndiscoveredDes",
    "AttributesDescriptionUnlock": "MonsterInfo_310000360_DiscoveredDes",
    "BigIcon": "/Game/Aki/UI/UIResources/Common/Image/IconMonsterHead/T_IconMonsterHead_980_UI.T_IconMonsterHead_980_UI",
    "Icon": "/Game/Aki/UI/UIResources/Common/Image/IconMonsterHead/T_IconMonsterHead_980_UI.T_IconMonsterHead_980_UI",
    "TemporaryIconUnLock": "/Game/Aki/UI/UIResources/Common/Image/IconMonsterHead/T_IconMonsterHead_980_UI.T_IconMonsterHead_980_UI",
    "TemporaryIconlock": "/Game/Aki/UI/UIResources/Common/Image/IconMonsterHead/T_IconMonsterHead_980_UI.T_IconMonsterHead_980_UI",
    "BeginTimeStamp": 300,
    "LockCon": 12006036,
    "MonsterInfoId": 310000360
  },
  {
    "Id": 320000010,
    "BlueprintType": "Monster037",
    "MarkId": 6500,
    "Name": "MonsterInfo_320000010_Name",
    "ShowReward": 7010,
    "EntityConfigId": 0,
    "DangerType": 1,
    "TypeDescription2": 16,
    "AttributesDescriptionLock": "MonsterInfo_320000010_UndiscoveredDes",
    "AttributesDescriptionUnlock": "MonsterInfo_320000010_DiscoveredDes",
    "BigIcon": "/Game/Aki/UI/UIResources/Common/Image/IconMonsterHead/T_IconMonsterHead_185_UI.T_IconMonsterHead_185_UI",
    "Icon": "/Game/Aki/UI/UIResources/Common/Image/IconMonsterHead/T_IconMonsterHead_185_UI.T_IconMonsterHead_185_UI",
    "TemporaryIconUnLock": "/Game/Aki/UI/UIResources/Common/Image/IconMonsterHead/T_IconMonsterHead_185_UI.T_IconMonsterHead_185_UI",
    "TemporaryIconlock": "/Game/Aki/UI/UIResources/Common/Image/IconMonsterHead/T_IconMonsterHead_185_UI.T_IconMonsterHead_185_UI",
    "BeginTimeStamp": 300,
    "LockCon": 12006501,
    "MonsterInfoId": 320000010
  },
  {
    "Id": 320000020,
    "BlueprintType": "Monster031",
    "MarkId": 6501,
    "Name": "MonsterInfo_320000020_Name",
    "ShowReward": 7020,
    "EntityConfigId": 0,
    "DangerType": 1,
    "TypeDescription2": 14,
    "AttributesDescriptionLock": "MonsterInfo_320000020_UndiscoveredDes",
    "AttributesDescriptionUnlock": "MonsterInfo_320000020_DiscoveredDes",
    "BigIcon": "/Game/Aki/UI/UIResources/Common/Image/IconMonsterHead/T_IconMonsterHead_125_UI.T_IconMonsterHead_125_UI",
    "Icon": "/Game/Aki/UI/UIResources/Common/Image/IconMonsterHead/T_IconMonsterHead_125_UI.T_IconMonsterHead_125_UI",
    "TemporaryIconUnLock": "/Game/Aki/UI/UIResources/Common/Image/IconMonsterHead/T_IconMonsterHead_125_UI.T_IconMonsterHead_125_UI",
    "TemporaryIconlock": "/Game/Aki/UI/UIResources/Common/Image/IconMonsterHead/T_IconMonsterHead_125_UI.T_IconMonsterHead_125_UI",
    "BeginTimeStamp": 300,
    "LockCon": 12006502,
    "MonsterInfoId": 320000020
  },
  {
    "Id": 320000030,
    "BlueprintType": "Monster032",
    "MarkId": 6502,
    "Name": "MonsterInfo_320000030_Name",
    "ShowReward": 7020,
    "EntityConfigId": 0,
    "DangerType": 1,
    "TypeDescription2": 14,
    "AttributesDescriptionLock": "MonsterInfo_320000030_UndiscoveredDes",
    "AttributesDescriptionUnlock": "MonsterInfo_320000030_DiscoveredDes",
    "BigIcon": "/Game/Aki/UI/UIResources/Common/Image/IconMonsterHead/T_IconMonsterHead_135_UI.T_IconMonsterHead_135_UI",
    "Icon": "/Game/Aki/UI/UIResources/Common/Image/IconMonsterHead/T_IconMonsterHead_135_UI.T_IconMonsterHead_135_UI",
    "TemporaryIconUnLock": "/Game/Aki/UI/UIResources/Common/Image/IconMonsterHead/T_IconMonsterHead_135_UI.T_IconMonsterHead_135_UI",
    "TemporaryIconlock": "/Game/Aki/UI/UIResources/Common/Image/IconMonsterHead/T_IconMonsterHead_135_UI.T_IconMonsterHead_135_UI",
    "BeginTimeStamp": 300,
    "LockCon": 12006503,
    "MonsterInfoId": 320000030
  },
  {
    "Id": 320000040,
    "BlueprintType": "Monster038",
    "MarkId": 6503,
    "Name": "MonsterInfo_320000040_Name",
    "ShowReward": 7010,
    "EntityConfigId": 0,
    "DangerType": 1,
    "TypeDescription2": 16,
    "AttributesDescriptionLock": "MonsterInfo_320000040_UndiscoveredDes",
    "AttributesDescriptionUnlock": "MonsterInfo_320000040_DiscoveredDes",
    "BigIcon": "/Game/Aki/UI/UIResources/Common/Image/IconMonsterHead/T_IconMonsterHead_195_UI.T_IconMonsterHead_195_UI",
    "Icon": "/Game/Aki/UI/UIResources/Common/Image/IconMonsterHead/T_IconMonsterHead_195_UI.T_IconMonsterHead_195_UI",
    "TemporaryIconUnLock": "/Game/Aki/UI/UIResources/Common/Image/IconMonsterHead/T_IconMonsterHead_195_UI.T_IconMonsterHead_195_UI",
    "TemporaryIconlock": "/Game/Aki/UI/UIResources/Common/Image/IconMonsterHead/T_IconMonsterHead_195_UI.T_IconMonsterHead_195_UI",
    "BeginTimeStamp": 300,
    "LockCon": 12006504,
    "MonsterInfoId": 320000040
  },
  {
    "Id": 320000050,
    "BlueprintType": "Monster039",
    "MarkId": 6504,
    "Name": "MonsterInfo_320000050_Name",
    "ShowReward": 7010,
    "EntityConfigId": 0,
    "DangerType": 1,
    "TypeDescription2": 16,
    "AttributesDescriptionLock": "MonsterInfo_320000050_UndiscoveredDes",
    "AttributesDescriptionUnlock": "MonsterInfo_320000050_DiscoveredDes",
    "BigIcon": "/Game/Aki/UI/UIResources/Common/Image/IconMonsterHead/T_IconMonsterHead_205_UI.T_IconMonsterHead_205_UI",
    "Icon": "/Game/Aki/UI/UIResources/Common/Image/IconMonsterHead/T_IconMonsterHead_205_UI.T_IconMonsterHead_205_UI",
    "TemporaryIconUnLock": "/Game/Aki/UI/UIResources/Common/Image/IconMonsterHead/T_IconMonsterHead_205_UI.T_IconMonsterHead_205_UI",
    "TemporaryIconlock": "/Game/Aki/UI/UIResources/Common/Image/IconMonsterHead/T_IconMonsterHead_205_UI.T_IconMonsterHead_205_UI",
    "BeginTimeStamp": 300,
    "LockCon": 12006505,
    "MonsterInfoId": 320000050
  },
  {
    "Id": 320000060,
    "BlueprintType": "Monster040",
    "MarkId": 6505,
    "Name": "MonsterInfo_320000060_Name",
    "ShowReward": 7010,
    "EntityConfigId": 0,
    "DangerType": 1,
    "TypeDescription2": 16,
    "AttributesDescriptionLock": "MonsterInfo_320000060_UndiscoveredDes",
    "AttributesDescriptionUnlock": "MonsterInfo_320000060_DiscoveredDes",
    "BigIcon": "/Game/Aki/UI/UIResources/Common/Image/IconMonsterHead/T_IconMonsterHead_245_UI.T_IconMonsterHead_245_UI",
    "Icon": "/Game/Aki/UI/UIResources/Common/Image/IconMonsterHead/T_IconMonsterHead_245_UI.T_IconMonsterHead_245_UI",
    "TemporaryIconUnLock": "/Game/Aki/UI/UIResources/Common/Image/IconMonsterHead/T_IconMonsterHead_245_UI.T_IconMonsterHead_245_UI",
    "TemporaryIconlock": "/Game/Aki/UI/UIResources/Common/Image/IconMonsterHead/T_IconMonsterHead_245_UI.T_IconMonsterHead_245_UI",
    "BeginTimeStamp": 300,
    "LockCon": 12006506,
    "MonsterInfoId": 320000060
  },
  {
    "Id": 320000070,
    "BlueprintType": "Monster041",
    "MarkId": 6506,
    "Name": "MonsterInfo_320000070_Name",
    "ShowReward": 7010,
    "EntityConfigId": 0,
    "DangerType": 1,
    "TypeDescription2": 16,
    "AttributesDescriptionLock": "MonsterInfo_320000070_UndiscoveredDes",
    "AttributesDescriptionUnlock": "MonsterInfo_320000070_DiscoveredDes",
    "BigIcon": "/Game/Aki/UI/UIResources/Common/Image/IconMonsterHead/T_IconMonsterHead_215_UI.T_IconMonsterHead_215_UI",
    "Icon": "/Game/Aki/UI/UIResources/Common/Image/IconMonsterHead/T_IconMonsterHead_215_UI.T_IconMonsterHead_215_UI",
    "TemporaryIconUnLock": "/Game/Aki/UI/UIResources/Common/Image/IconMonsterHead/T_IconMonsterHead_215_UI.T_IconMonsterHead_215_UI",
    "TemporaryIconlock": "/Game/Aki/UI/UIResources/Common/Image/IconMonsterHead/T_IconMonsterHead_215_UI.T_IconMonsterHead_215_UI",
    "BeginTimeStamp": 300,
    "LockCon": 12006507,
    "MonsterInfoId": 320000070
  },
  {
    "Id": 320000080,
    "BlueprintType": "Monster042",
    "MarkId": 6507,
    "Name": "MonsterInfo_320000080_Name",
    "ShowReward": 7020,
    "EntityConfigId": 0,
    "DangerType": 1,
    "TypeDescription2": 14,
    "AttributesDescriptionLock": "MonsterInfo_320000080_UndiscoveredDes",
    "AttributesDescriptionUnlock": "MonsterInfo_320000080_DiscoveredDes",
    "BigIcon": "/Game/Aki/UI/UIResources/Common/Image/IconMonsterHead/T_IconMonsterHead_295_UI.T_IconMonsterHead_295_UI",
    "Icon": "/Game/Aki/UI/UIResources/Common/Image/IconMonsterHead/T_IconMonsterHead_295_UI.T_IconMonsterHead_295_UI",
    "TemporaryIconUnLock": "/Game/Aki/UI/UIResources/Common/Image/IconMonsterHead/T_IconMonsterHead_295_UI.T_IconMonsterHead_295_UI",
    "TemporaryIconlock": "/Game/Aki/UI/UIResources/Common/Image/IconMonsterHead/T_IconMonsterHead_295_UI.T_IconMonsterHead_295_UI",
    "BeginTimeStamp": 300,
    "LockCon": 12006508,
    "MonsterInfoId": 320000080
  },
  {
    "Id": 320000090,
    "BlueprintType": "Monster043",
    "MarkId": 6508,
    "Name": "MonsterInfo_320000090_Name",
    "ShowReward": 7020,
    "EntityConfigId": 0,
    "DangerType": 1,
    "TypeDescription2": 14,
    "AttributesDescriptionLock": "MonsterInfo_320000090_UndiscoveredDes",
    "AttributesDescriptionUnlock": "MonsterInfo_320000090_DiscoveredDes",
    "BigIcon": "/Game/Aki/UI/UIResources/Common/Image/IconMonsterHead/T_IconMonsterHead_315_UI.T_IconMonsterHead_315_UI",
    "Icon": "/Game/Aki/UI/UIResources/Common/Image/IconMonsterHead/T_IconMonsterHead_315_UI.T_IconMonsterHead_315_UI",
    "TemporaryIconUnLock": "/Game/Aki/UI/UIResources/Common/Image/IconMonsterHead/T_IconMonsterHead_315_UI.T_IconMonsterHead_315_UI",
    "TemporaryIconlock": "/Game/Aki/UI/UIResources/Common/Image/IconMonsterHead/T_IconMonsterHead_315_UI.T_IconMonsterHead_315_UI",
    "BeginTimeStamp": 300,
    "LockCon": 12006509,
    "MonsterInfoId": 320000090
  },
  {
    "Id": 320000100,
    "BlueprintType": "Monster049",
    "MarkId": 6509,
    "Name": "MonsterInfo_320000100_Name",
    "ShowReward": 7020,
    "EntityConfigId": 0,
    "DangerType": 1,
    "TypeDescription2": 14,
    "AttributesDescriptionLock": "MonsterInfo_320000100_UndiscoveredDes",
    "AttributesDescriptionUnlock": "MonsterInfo_320000100_DiscoveredDes",
    "BigIcon": "/Game/Aki/UI/UIResources/Common/Image/IconMonsterHead/T_IconMonsterHead_984_UI.T_IconMonsterHead_984_UI",
    "Icon": "/Game/Aki/UI/UIResources/Common/Image/IconMonsterHead/T_IconMonsterHead_984_UI.T_IconMonsterHead_984_UI",
    "TemporaryIconUnLock": "/Game/Aki/UI/UIResources/Common/Image/IconMonsterHead/T_IconMonsterHead_984_UI.T_IconMonsterHead_984_UI",
    "TemporaryIconlock": "/Game/Aki/UI/UIResources/Common/Image/IconMonsterHead/T_IconMonsterHead_984_UI.T_IconMonsterHead_984_UI",
    "BeginTimeStamp": 300,
    "LockCon": 12006510,
    "MonsterInfoId": 320000100
  },
  {
    "Id": 320000110,
    "BlueprintType": "Monster050",
    "MarkId": 6510,
    "Name": "MonsterInfo_320000110_Name",
    "ShowReward": 7020,
    "EntityConfigId": 0,
    "DangerType": 1,
    "TypeDescription2": 14,
    "AttributesDescriptionLock": "MonsterInfo_320000110_UndiscoveredDes",
    "AttributesDescriptionUnlock": "MonsterInfo_320000110_DiscoveredDes",
    "BigIcon": "/Game/Aki/UI/UIResources/Common/Image/IconMonsterHead/T_IconMonsterHead_989_UI.T_IconMonsterHead_989_UI",
    "Icon": "/Game/Aki/UI/UIResources/Common/Image/IconMonsterHead/T_IconMonsterHead_989_UI.T_IconMonsterHead_989_UI",
    "TemporaryIconUnLock": "/Game/Aki/UI/UIResources/Common/Image/IconMonsterHead/T_IconMonsterHead_989_UI.T_IconMonsterHead_989_UI",
    "TemporaryIconlock": "/Game/Aki/UI/UIResources/Common/Image/IconMonsterHead/T_IconMonsterHead_989_UI.T_IconMonsterHead_989_UI",
    "BeginTimeStamp": 300,
    "LockCon": 12006511,
    "MonsterInfoId": 320000110
  },
  {
    "Id": 320000120,
    "BlueprintType": "Monster051",
    "MarkId": 6511,
    "Name": "MonsterInfo_320000120_Name",
    "ShowReward": 7020,
    "EntityConfigId": 0,
    "DangerType": 1,
    "TypeDescription2": 14,
    "AttributesDescriptionLock": "MonsterInfo_320000120_UndiscoveredDes",
    "AttributesDescriptionUnlock": "MonsterInfo_320000120_DiscoveredDes",
    "BigIcon": "/Game/Aki/UI/UIResources/Common/Image/IconMonsterHead/T_IconMonsterHead_986_UI.T_IconMonsterHead_986_UI",
    "Icon": "/Game/Aki/UI/UIResources/Common/Image/IconMonsterHead/T_IconMonsterHead_986_UI.T_IconMonsterHead_986_UI",
    "TemporaryIconUnLock": "/Game/Aki/UI/UIResources/Common/Image/IconMonsterHead/T_IconMonsterHead_986_UI.T_IconMonsterHead_986_UI",
    "TemporaryIconlock": "/Game/Aki/UI/UIResources/Common/Image/IconMonsterHead/T_IconMonsterHead_986_UI.T_IconMonsterHead_986_UI",
    "BeginTimeStamp": 300,
    "LockCon": 12006512,
    "MonsterInfoId": 320000120
  },
  {
    "Id": 320000130,
    "BlueprintType": "Monster054",
    "MarkId": 6512,
    "Name": "MonsterInfo_320000130_Name",
    "ShowReward": 7010,
    "EntityConfigId": 0,
    "DangerType": 1,
    "TypeDescription2": 16,
    "AttributesDescriptionLock": "MonsterInfo_320000130_UndiscoveredDes",
    "AttributesDescriptionUnlock": "MonsterInfo_320000130_DiscoveredDes",
    "BigIcon": "/Game/Aki/UI/UIResources/Common/Image/IconMonsterHead/T_IconMonsterHead_970_UI.T_IconMonsterHead_970_UI",
    "Icon": "/Game/Aki/UI/UIResources/Common/Image/IconMonsterHead/T_IconMonsterHead_970_UI.T_IconMonsterHead_970_UI",
    "TemporaryIconUnLock": "/Game/Aki/UI/UIResources/Common/Image/IconMonsterHead/T_IconMonsterHead_970_UI.T_IconMonsterHead_970_UI",
    "TemporaryIconlock": "/Game/Aki/UI/UIResources/Common/Image/IconMonsterHead/T_IconMonsterHead_970_UI.T_IconMonsterHead_970_UI",
    "BeginTimeStamp": 300,
    "LockCon": 12006513,
    "MonsterInfoId": 320000130
  },
  {
    "Id": 320000140,
    "BlueprintType": "Monster055",
    "MarkId": 6513,
    "Name": "MonsterInfo_320000140_Name",
    "ShowReward": 7030,
    "EntityConfigId": 0,
    "DangerType": 1,
    "TypeDescription2": 15,
    "AttributesDescriptionLock": "MonsterInfo_320000140_UndiscoveredDes",
    "AttributesDescriptionUnlock": "MonsterInfo_320000140_DiscoveredDes",
    "BigIcon": "/Game/Aki/UI/UIResources/Common/Image/IconMonsterHead/T_IconMonsterHead_979_UI.T_IconMonsterHead_979_UI",
    "Icon": "/Game/Aki/UI/UIResources/Common/Image/IconMonsterHead/T_IconMonsterHead_979_UI.T_IconMonsterHead_979_UI",
    "TemporaryIconUnLock": "/Game/Aki/UI/UIResources/Common/Image/IconMonsterHead/T_IconMonsterHead_979_UI.T_IconMonsterHead_979_UI",
    "TemporaryIconlock": "/Game/Aki/UI/UIResources/Common/Image/IconMonsterHead/T_IconMonsterHead_979_UI.T_IconMonsterHead_979_UI",
    "BeginTimeStamp": 300,
    "LockCon": 12006514,
    "MonsterInfoId": 320000140
  },
  {
    "Id": 320000150,
    "BlueprintType": "Monster056",
    "MarkId": 6514,
    "Name": "MonsterInfo_320000150_Name",
    "ShowReward": 7030,
    "EntityConfigId": 0,
    "DangerType": 1,
    "TypeDescription2": 15,
    "AttributesDescriptionLock": "MonsterInfo_320000150_UndiscoveredDes",
    "AttributesDescriptionUnlock": "MonsterInfo_320000150_DiscoveredDes",
    "BigIcon": "0",
    "Icon": "0",
    "TemporaryIconUnLock": "0",
    "TemporaryIconlock": "0",
    "BeginTimeStamp": 300,
    "LockCon": 12006515,
    "MonsterInfoId": 320000150
  },
  {
    "Id": 320000160,
    "BlueprintType": "Monster069",
    "MarkId": 6515,
    "Name": "MonsterInfo_320000160_Name",
    "ShowReward": 7040,
    "EntityConfigId": 0,
    "DangerType": 1,
    "TypeDescription2": 15,
    "AttributesDescriptionLock": "MonsterInfo_320000160_UndiscoveredDes",
    "AttributesDescriptionUnlock": "MonsterInfo_320000160_DiscoveredDes",
    "BigIcon": "/Game/Aki/UI/UIResources/Common/Image/IconMonsterHead/T_IconMonsterHead_975_UI.T_IconMonsterHead_975_UI",
    "Icon": "/Game/Aki/UI/UIResources/Common/Image/IconMonsterHead/T_IconMonsterHead_975_UI.T_IconMonsterHead_975_UI",
    "TemporaryIconUnLock": "/Game/Aki/UI/UIResources/Common/Image/IconMonsterHead/T_IconMonsterHead_975_UI.T_IconMonsterHead_975_UI",
    "TemporaryIconlock": "/Game/Aki/UI/UIResources/Common/Image/IconMonsterHead/T_IconMonsterHead_975_UI.T_IconMonsterHead_975_UI",
    "BeginTimeStamp": 300,
    "LockCon": 12006516,
    "MonsterInfoId": 320000160
  },
  {
    "Id": 320000170,
    "BlueprintType": "Monster128",
    "MarkId": 6516,
    "Name": "MonsterInfo_320000170_Name",
    "ShowReward": 7020,
    "EntityConfigId": 0,
    "DangerType": 1,
    "TypeDescription2": 14,
    "AttributesDescriptionLock": "MonsterInfo_320000170_UndiscoveredDes",
    "AttributesDescriptionUnlock": "MonsterInfo_320000170_DiscoveredDes",
    "BigIcon": "/Game/Aki/UI/UIResources/Common/Image/IconMonsterHead/T_IconMonsterHead_972_UI.T_IconMonsterHead_972_UI",
    "Icon": "/Game/Aki/UI/UIResources/Common/Image/IconMonsterHead/T_IconMonsterHead_972_UI.T_IconMonsterHead_972_UI",
    "TemporaryIconUnLock": "/Game/Aki/UI/UIResources/Common/Image/IconMonsterHead/T_IconMonsterHead_972_UI.T_IconMonsterHead_972_UI",
    "TemporaryIconlock": "/Game/Aki/UI/UIResources/Common/Image/IconMonsterHead/T_IconMonsterHead_972_UI.T_IconMonsterHead_972_UI",
    "BeginTimeStamp": 300,
    "LockCon": 12006517,
    "MonsterInfoId": 320000170
  },
  {
    "Id": 320000180,
    "BlueprintType": "Monster150",
    "MarkId": 6517,
    "Name": "MonsterInfo_320000180_Name",
    "ShowReward": 6010,
    "EntityConfigId": 0,
    "DangerType": 1,
    "TypeDescription2": 16,
    "AttributesDescriptionLock": "MonsterInfo_320000180_UndiscoveredDes",
    "AttributesDescriptionUnlock": "MonsterInfo_320000180_DiscoveredDes",
    "BigIcon": "0",
    "Icon": "0",
    "TemporaryIconUnLock": "0",
    "TemporaryIconlock": "0",
    "BeginTimeStamp": 300,
    "LockCon": 12006518,
    "MonsterInfoId": 320000180
  },
  {
    "Id": 320000190,
    "BlueprintType": "Monster_branch1.1_001",
    "MarkId": 6518,
    "Name": "MonsterInfo_320000190_Name",
    "ShowReward": 7020,
    "EntityConfigId": 0,
    "DangerType": 1,
    "TypeDescription2": 14,
    "AttributesDescriptionLock": "MonsterInfo_320000190_UndiscoveredDes",
    "AttributesDescriptionUnlock": "MonsterInfo_320000190_DiscoveredDes",
    "BigIcon": "/Game/Aki/UI/UIResources/Common/Image/IconMonsterHead/T_IconMonsterHead_972_UI.T_IconMonsterHead_972_UI",
    "Icon": "/Game/Aki/UI/UIResources/Common/Image/IconMonsterHead/T_IconMonsterHead_972_UI.T_IconMonsterHead_972_UI",
    "TemporaryIconUnLock": "/Game/Aki/UI/UIResources/Common/Image/IconMonsterHead/T_IconMonsterHead_972_UI.T_IconMonsterHead_972_UI",
    "TemporaryIconlock": "/Game/Aki/UI/UIResources/Common/Image/IconMonsterHead/T_IconMonsterHead_972_UI.T_IconMonsterHead_972_UI",
    "BeginTimeStamp": 300,
    "LockCon": 12006519,
    "MonsterInfoId": 320000190
  },
  {
    "Id": 320000200,
    "BlueprintType": "Monster170",
    "MarkId": 6519,
    "Name": "MonsterInfo_320000200_Name",
    "ShowReward": 7010,
    "EntityConfigId": 0,
    "DangerType": 1,
    "TypeDescription2": 14,
    "AttributesDescriptionLock": "MonsterInfo_320000200_UndiscoveredDes",
    "AttributesDescriptionUnlock": "MonsterInfo_320000200_DiscoveredDes",
    "BigIcon": "/Game/Aki/UI/UIResources/Common/Image/IconMonsterHead/T_IconMonsterHead_972_UI.T_IconMonsterHead_972_UI",
    "Icon": "/Game/Aki/UI/UIResources/Common/Image/IconMonsterHead/T_IconMonsterHead_972_UI.T_IconMonsterHead_972_UI",
    "TemporaryIconUnLock": "/Game/Aki/UI/UIResources/Common/Image/IconMonsterHead/T_IconMonsterHead_972_UI.T_IconMonsterHead_972_UI",
    "TemporaryIconlock": "/Game/Aki/UI/UIResources/Common/Image/IconMonsterHead/T_IconMonsterHead_972_UI.T_IconMonsterHead_972_UI",
    "BeginTimeStamp": 300,
    "LockCon": 12006520,
    "MonsterInfoId": 320000200
  },
  {
    "Id": 320000210,
    "BlueprintType": "Monster126",
    "MarkId": 6520,
    "Name": "MonsterInfo_320000210_Name",
    "ShowReward": 7020,
    "EntityConfigId": 0,
    "DangerType": 1,
    "TypeDescription2": 16,
    "AttributesDescriptionLock": "MonsterInfo_320000210_UndiscoveredDes",
    "AttributesDescriptionUnlock": "MonsterInfo_320000210_DiscoveredDes",
    "BigIcon": "/Game/Aki/UI/UIResources/Common/Image/IconMonsterHead/T_IconMonsterHead_972_UI.T_IconMonsterHead_972_UI",
    "Icon": "/Game/Aki/UI/UIResources/Common/Image/IconMonsterHead/T_IconMonsterHead_972_UI.T_IconMonsterHead_972_UI",
    "TemporaryIconUnLock": "/Game/Aki/UI/UIResources/Common/Image/IconMonsterHead/T_IconMonsterHead_972_UI.T_IconMonsterHead_972_UI",
    "TemporaryIconlock": "/Game/Aki/UI/UIResources/Common/Image/IconMonsterHead/T_IconMonsterHead_972_UI.T_IconMonsterHead_972_UI",
    "BeginTimeStamp": 300,
    "LockCon": 12006521,
    "MonsterInfoId": 320000210
  },
  {
    "Id": 330000010,
    "BlueprintType": "Monster044",
    "MarkId": 5030,
    "Name": "MonsterInfo_330000010_Name",
    "ShowReward": 7109,
    "EntityConfigId": 0,
    "DangerType": 2,
    "TypeDescription2": 16,
    "AttributesDescriptionLock": "MonsterInfo_330000010_UndiscoveredDes",
    "AttributesDescriptionUnlock": "MonsterInfo_330000010_DiscoveredDes",
    "BigIcon": "/Game/Aki/UI/UIResources/Common/Image/IconMonsterHead/T_IconMonsterHead_225_UI.T_IconMonsterHead_225_UI",
    "Icon": "/Game/Aki/UI/UIResources/Common/Image/IconMonsterHead/T_IconMonsterHead_225_UI.T_IconMonsterHead_225_UI",
    "TemporaryIconUnLock": "/Game/Aki/UI/UIResources/Common/Image/IconMonsterHead/T_IconMonsterHead_225_UI.T_IconMonsterHead_225_UI",
    "TemporaryIconlock": "/Game/Aki/UI/UIResources/Common/Image/IconMonsterHead/T_IconMonsterHead_225_UI.T_IconMonsterHead_225_UI",
    "BeginTimeStamp": 300,
    "LockCon": 12007001,
    "MonsterInfoId": 330000010
  },
  {
    "Id": 330000020,
    "BlueprintType": "Monster045",
    "MarkId": 5025,
    "Name": "MonsterInfo_330000020_Name",
    "ShowReward": 7104,
    "EntityConfigId": 0,
    "DangerType": 2,
    "TypeDescription2": 16,
    "AttributesDescriptionLock": "MonsterInfo_330000020_UndiscoveredDes",
    "AttributesDescriptionUnlock": "MonsterInfo_330000020_DiscoveredDes",
    "BigIcon": "/Game/Aki/UI/UIResources/Common/Image/IconMonsterHead/T_IconMonsterHead_325_UI.T_IconMonsterHead_325_UI",
    "Icon": "/Game/Aki/UI/UIResources/Common/Image/IconMonsterHead/T_IconMonsterHead_325_UI.T_IconMonsterHead_325_UI",
    "TemporaryIconUnLock": "/Game/Aki/UI/UIResources/Common/Image/IconMonsterHead/T_IconMonsterHead_325_UI.T_IconMonsterHead_325_UI",
    "TemporaryIconlock": "/Game/Aki/UI/UIResources/Common/Image/IconMonsterHead/T_IconMonsterHead_325_UI.T_IconMonsterHead_325_UI",
    "BeginTimeStamp": 300,
    "LockCon": 12007002,
    "MonsterInfoId": 330000020
  },
  {
    "Id": 330000030,
    "BlueprintType": "Monster061",
    "MarkId": 5028,
    "Name": "MonsterInfo_330000030_Name",
    "ShowReward": 7106,
    "EntityConfigId": 0,
    "DangerType": 2,
    "TypeDescription2": 16,
    "AttributesDescriptionLock": "MonsterInfo_330000030_UndiscoveredDes",
    "AttributesDescriptionUnlock": "MonsterInfo_330000030_DiscoveredDes",
    "BigIcon": "0",
    "Icon": "0",
    "TemporaryIconUnLock": "0",
    "TemporaryIconlock": "0",
    "BeginTimeStamp": 300,
    "LockCon": 12007003,
    "MonsterInfoId": 330000030
  },
  {
    "Id": 330000040,
    "BlueprintType": "Monster068",
    "MarkId": 5031,
    "Name": "MonsterInfo_330000040_Name",
    "ShowReward": 7107,
    "EntityConfigId": 0,
    "DangerType": 2,
    "TypeDescription2": 16,
    "AttributesDescriptionLock": "MonsterInfo_330000040_UndiscoveredDes",
    "AttributesDescriptionUnlock": "MonsterInfo_330000040_DiscoveredDes",
    "BigIcon": "/Game/Aki/UI/UIResources/Common/Image/IconMonsterHead/T_IconMonsterHead_994_UI.T_IconMonsterHead_994_UI",
    "Icon": "/Game/Aki/UI/UIResources/Common/Image/IconMonsterHead/T_IconMonsterHead_994_UI.T_IconMonsterHead_994_UI",
    "TemporaryIconUnLock": "/Game/Aki/UI/UIResources/Common/Image/IconMonsterHead/T_IconMonsterHead_994_UI.T_IconMonsterHead_994_UI",
    "TemporaryIconlock": "/Game/Aki/UI/UIResources/Common/Image/IconMonsterHead/T_IconMonsterHead_994_UI.T_IconMonsterHead_994_UI",
    "BeginTimeStamp": 300,
    "LockCon": 12007004,
    "MonsterInfoId": 330000040
  },
  {
    "Id": 330000050,
    "BlueprintType": "Monster063",
    "MarkId": 5026,
    "Name": "MonsterInfo_330000050_Name",
    "ShowReward": 7105,
    "EntityConfigId": 0,
    "DangerType": 2,
    "TypeDescription2": 14,
    "AttributesDescriptionLock": "MonsterInfo_330000050_UndiscoveredDes",
    "AttributesDescriptionUnlock": "MonsterInfo_330000050_DiscoveredDes",
    "BigIcon": "/Game/Aki/UI/UIResources/Common/Image/IconMonsterHead/T_IconMonsterHead_996_UI.T_IconMonsterHead_996_UI",
    "Icon": "/Game/Aki/UI/UIResources/Common/Image/IconMonsterHead/T_IconMonsterHead_996_UI.T_IconMonsterHead_996_UI",
    "TemporaryIconUnLock": "/Game/Aki/UI/UIResources/Common/Image/IconMonsterHead/T_IconMonsterHead_996_UI.T_IconMonsterHead_996_UI",
    "TemporaryIconlock": "/Game/Aki/UI/UIResources/Common/Image/IconMonsterHead/T_IconMonsterHead_996_UI.T_IconMonsterHead_996_UI",
    "BeginTimeStamp": 300,
    "LockCon": 12007005,
    "MonsterInfoId": 330000050
  },
  {
    "Id": 330000060,
    "BlueprintType": "Monster070",
    "MarkId": 5027,
    "Name": "MonsterInfo_330000060_Name",
    "ShowReward": 7103,
    "EntityConfigId": 0,
    "DangerType": 2,
    "TypeDescription2": 14,
    "AttributesDescriptionLock": "MonsterInfo_330000060_UndiscoveredDes",
    "AttributesDescriptionUnlock": "MonsterInfo_330000060_DiscoveredDes",
    "BigIcon": "/Game/Aki/UI/UIResources/Common/Image/IconMonsterHead/T_IconMonsterHead_997_UI.T_IconMonsterHead_997_UI",
    "Icon": "/Game/Aki/UI/UIResources/Common/Image/IconMonsterHead/T_IconMonsterHead_997_UI.T_IconMonsterHead_997_UI",
    "TemporaryIconUnLock": "/Game/Aki/UI/UIResources/Common/Image/IconMonsterHead/T_IconMonsterHead_997_UI.T_IconMonsterHead_997_UI",
    "TemporaryIconlock": "/Game/Aki/UI/UIResources/Common/Image/IconMonsterHead/T_IconMonsterHead_997_UI.T_IconMonsterHead_997_UI",
    "BeginTimeStamp": 300,
    "LockCon": 12007006,
    "MonsterInfoId": 330000060
  },
  {
    "Id": 340000010,
    "BlueprintType": "Monster071",
    "MarkId": 5021,
    "Name": "MonsterInfo_340000010_Name",
    "ShowReward": 7101,
    "EntityConfigId": 0,
    "DangerType": 2,
    "TypeDescription2": 16,
    "AttributesDescriptionLock": "MonsterInfo_340000010_UndiscoveredDes",
    "AttributesDescriptionUnlock": "MonsterInfo_340000010_DiscoveredDes",
    "BigIcon": "/Game/Aki/UI/UIResources/Common/Image/IconMonsterHead/T_IconMonsterHead_999_UI.T_IconMonsterHead_999_UI",
    "Icon": "/Game/Aki/UI/UIResources/Common/Image/IconMonsterHead/T_IconMonsterHead_999_UI.T_IconMonsterHead_999_UI",
    "TemporaryIconUnLock": "/Game/Aki/UI/UIResources/Common/Image/IconMonsterHead/T_IconMonsterHead_999_UI.T_IconMonsterHead_999_UI",
    "TemporaryIconlock": "/Game/Aki/UI/UIResources/Common/Image/IconMonsterHead/T_IconMonsterHead_999_UI.T_IconMonsterHead_999_UI",
    "BeginTimeStamp": 300,
    "LockCon": 12007007,
    "MonsterInfoId": 340000010
  },
  {
    "Id": 340000020,
    "BlueprintType": "Monster047",
    "MarkId": 5022,
    "Name": "MonsterInfo_340000020_Name",
    "ShowReward": 7110,
    "EntityConfigId": 0,
    "DangerType": 3,
    "TypeDescription2": 14,
    "AttributesDescriptionLock": "MonsterInfo_340000020_UndiscoveredDes",
    "AttributesDescriptionUnlock": "MonsterInfo_340000020_DiscoveredDes",
    "BigIcon": "/Game/Aki/UI/UIResources/Common/Image/IconMonsterHead/T_IconMonsterHead_992_UI.T_IconMonsterHead_992_UI",
    "Icon": "/Game/Aki/UI/UIResources/Common/Image/IconMonsterHead/T_IconMonsterHead_992_UI.T_IconMonsterHead_992_UI",
    "TemporaryIconUnLock": "/Game/Aki/UI/UIResources/Common/Image/IconMonsterHead/T_IconMonsterHead_992_UI.T_IconMonsterHead_992_UI",
    "TemporaryIconlock": "/Game/Aki/UI/UIResources/Common/Image/IconMonsterHead/T_IconMonsterHead_992_UI.T_IconMonsterHead_992_UI",
    "BeginTimeStamp": 300,
    "LockCon": 12007008,
    "MonsterInfoId": 340000020
  },
  {
    "Id": 340000050,
    "BlueprintType": "",
    "MarkId": 380015,
    "Name": "MonsterInfo_340000050_Name",
    "ShowReward": 7111,
    "EntityConfigId": 102001787,
    "DangerType": 3,
    "TypeDescription2": 15,
    "AttributesDescriptionLock": "MonsterInfo_340000050_UndiscoveredDes",
    "AttributesDescriptionUnlock": "MonsterInfo_340000050_DiscoveredDes",
    "BigIcon": "0",
    "Icon": "0",
    "TemporaryIconUnLock": "0",
    "TemporaryIconlock": "0",
    "BeginTimeStamp": 300,
    "LockCon": 12007011,
    "MonsterInfoId": 340000050
  },
  {
    "Id": 340000060,
    "BlueprintType": "Monster080",
    "MarkId": 5029,
    "Name": "MonsterInfo_340000060_Name",
    "ShowReward": 7108,
    "EntityConfigId": 0,
    "DangerType": 2,
    "TypeDescription2": 16,
    "AttributesDescriptionLock": "MonsterInfo_340000060_UndiscoveredDes",
    "AttributesDescriptionUnlock": "MonsterInfo_340000060_DiscoveredDes",
    "BigIcon": "0",
    "Icon": "0",
    "TemporaryIconUnLock": "0",
    "TemporaryIconlock": "0",
    "BeginTimeStamp": 300,
    "LockCon": 12007012,
    "MonsterInfoId": 340000060
  },
  {
    "Id": 340000070,
    "BlueprintType": "",
    "MarkId": 380016,
    "Name": "MonsterInfo_340000070_Name",
    "ShowReward": 7112,
    "EntityConfigId": 102001788,
    "DangerType": 3,
    "TypeDescription2": 16,
    "AttributesDescriptionLock": "MonsterInfo_340000070_UndiscoveredDes",
    "AttributesDescriptionUnlock": "MonsterInfo_340000070_DiscoveredDes",
    "BigIcon": "0",
    "Icon": "0",
    "TemporaryIconUnLock": "0",
    "TemporaryIconlock": "0",
    "BeginTimeStamp": 300,
    "LockCon": 12007013,
    "MonsterInfoId": 340000070
  },
  {
    "Id": 340000080,
    "BlueprintType": "Monster066",
    "MarkId": 5023,
    "Name": "MonsterInfo_340000080_Name",
    "ShowReward": 7102,
    "EntityConfigId": 0,
    "DangerType": 2,
    "TypeDescription2": 16,
    "AttributesDescriptionLock": "MonsterInfo_340000080_UndiscoveredDes",
    "AttributesDescriptionUnlock": "MonsterInfo_340000080_DiscoveredDes",
    "BigIcon": "0",
    "Icon": "0",
    "TemporaryIconUnLock": "0",
    "TemporaryIconlock": "0",
    "BeginTimeStamp": 300,
    "LockCon": 12007014,
    "MonsterInfoId": 340000080
  },
  {
    "Id": 340000090,
    "BlueprintType": "",
    "MarkId": 380021,
    "Name": "MonsterInfo_340000090_Name",
    "ShowReward": 7113,
    "EntityConfigId": 133900564,
    "DangerType": 3,
    "TypeDescription2": 16,
    "AttributesDescriptionLock": "MonsterInfo_340000090_UndiscoveredDes",
    "AttributesDescriptionUnlock": "MonsterInfo_340000090_DiscoveredDes",
    "BigIcon": "/Game/Aki/UI/UIResources/Common/Image/IconMonsterHead/T_IconMonsterHead_992_UI.T_IconMonsterHead_992_UI",
    "Icon": "/Game/Aki/UI/UIResources/Common/Image/IconMonsterHead/T_IconMonsterHead_992_UI.T_IconMonsterHead_992_UI",
    "TemporaryIconUnLock": "/Game/Aki/UI/UIResources/Common/Image/IconMonsterHead/T_IconMonsterHead_992_UI.T_IconMonsterHead_992_UI",
    "TemporaryIconlock": "/Game/Aki/UI/UIResources/Common/Image/IconMonsterHead/T_IconMonsterHead_992_UI.T_IconMonsterHead_992_UI",
    "BeginTimeStamp": 300,
    "LockCon": 12007015,
    "MonsterInfoId": 340000090
  },
  {
    "Id": 330000070,
    "BlueprintType": "Monster_branch1.3_001",
    "MarkId": 5032,
    "Name": "MonsterInfo_330000070_Name",
    "ShowReward": 7114,
    "EntityConfigId": 0,
    "DangerType": 2,
    "TypeDescription2": 16,
    "AttributesDescriptionLock": "MonsterInfo_330000070_UndiscoveredDes",
    "AttributesDescriptionUnlock": "MonsterInfo_330000070_DiscoveredDes",
    "BigIcon": "0",
    "Icon": "0",
    "TemporaryIconUnLock": "0",
    "TemporaryIconlock": "0",
    "BeginTimeStamp": 300,
    "LockCon": 12007016,
    "MonsterInfoId": 330000070
  }
]