[
  {
    "Id": 0,
    "SortNumber": 1,
    "ConditionGroupId": 0,
    "Text": "DetectionText_0_Text",
    "SubText": "",
    "Icon": "/Game/Aki/UI/UIResources/Common/Atlas/SP_CommonBtnIcon45d.SP_CommonBtnIcon45d",
    "HelpGroupId": 0,
    "ShowDropDown": false
  },
  {
    "Id": 1,
    "SortNumber": 2,
    "ConditionGroupId": 0,
    "Text": "DetectionText_1_Text",
    "SubText": "",
    "Icon": "/Game/Aki/UI/UIResources/Common/Atlas/SP_CommonBtnIcon45a.SP_CommonBtnIcon45a",
    "HelpGroupId": 0,
    "ShowDropDown": false
  },
  {
    "Id": 2,
    "SortNumber": 3,
    "ConditionGroupId": 0,
    "Text": "DetectionText_2_Text",
    "SubText": "",
    "Icon": "/Game/Aki/UI/UIResources/Common/Atlas/SP_CommonBtnIcon45b.SP_CommonBtnIcon45b",
    "HelpGroupId": 0,
    "ShowDropDown": false
  },
  {
    "Id": 3,
    "SortNumber": 4,
    "ConditionGroupId": 0,
    "Text": "DetectionText_3_Text",
    "SubText": "",
    "Icon": "/Game/Aki/UI/UIResources/Common/Atlas/SP_CommonBtnIcon45c.SP_CommonBtnIcon45c",
    "HelpGroupId": 0,
    "ShowDropDown": false
  },
  {
    "Id": 14,
    "SortNumber": 5,
    "ConditionGroupId": 0,
    "Text": "DetectionText_14_Text",
    "SubText": "",
    "Icon": "",
    "HelpGroupId": 0,
    "ShowDropDown": false
  },
  {
    "Id": 15,
    "SortNumber": 6,
    "ConditionGroupId": 0,
    "Text": "DetectionText_15_Text",
    "SubText": "",
    "Icon": "",
    "HelpGroupId": 0,
    "ShowDropDown": false
  },
  {
    "Id": 16,
    "SortNumber": 7,
    "ConditionGroupId": 0,
    "Text": "DetectionText_16_Text",
    "SubText": "",
    "Icon": "",
    "HelpGroupId": 0,
    "ShowDropDown": false
  },
  {
    "Id": 4,
    "SortNumber": 21,
    "ConditionGroupId": 12005118,
    "Text": "DetectionText_4_Text",
    "SubText": "DetectionText_4_SubText",
    "Icon": "/Game/Aki/UI/UIResources/UiDevelopmentGuide/Atlas/SP_IconDevelopment03.SP_IconDevelopment03",
    "HelpGroupId": 0,
    "ShowDropDown": true
  },
  {
    "Id": 21,
    "SortNumber": 23,
    "ConditionGroupId": 12005111,
    "Text": "DetectionText_21_Text",
    "SubText": "DetectionText_21_SubText",
    "Icon": "/Game/Aki/UI/UIResources/UiDevelopmentGuide/Atlas/SP_IconDevelopment08.SP_IconDevelopment08",
    "HelpGroupId": 0,
    "ShowDropDown": true
  },
  {
    "Id": 22,
    "SortNumber": 24,
    "ConditionGroupId": 12005113,
    "Text": "DetectionText_22_Text",
    "SubText": "DetectionText_22_SubText",
    "Icon": "/Game/Aki/UI/UIResources/UiDevelopmentGuide/Atlas/SP_IconDevelopment06.SP_IconDevelopment06",
    "HelpGroupId": 0,
    "ShowDropDown": true
  },
  {
    "Id": 7,
    "SortNumber": 25,
    "ConditionGroupId": 12005117,
    "Text": "DetectionText_7_Text",
    "SubText": "DetectionText_7_SubText",
    "Icon": "/Game/Aki/UI/UIResources/UiDevelopmentGuide/Atlas/SP_IconDevelopment05.SP_IconDevelopment05",
    "HelpGroupId": 0,
    "ShowDropDown": true
  },
  {
    "Id": 5,
    "SortNumber": 26,
    "ConditionGroupId": 12980063,
    "Text": "DetectionText_5_Text",
    "SubText": "DetectionText_5_SubText",
    "Icon": "/Game/Aki/UI/UIResources/UiDevelopmentGuide/Atlas/SP_IconDevelopment02.SP_IconDevelopment02",
    "HelpGroupId": 0,
    "ShowDropDown": false
  },
  {
    "Id": 18,
    "SortNumber": 27,
    "ConditionGroupId": 0,
    "Text": "DetectionText_18_Text",
    "SubText": "",
    "Icon": "/Game/Aki/UI/UIResources/UiDevelopmentGuide/Atlas/SP_IconDevelopment07.SP_IconDevelopment07",
    "HelpGroupId": 0,
    "ShowDropDown": false
  },
  {
    "Id": 6,
    "SortNumber": 15,
    "ConditionGroupId": 0,
    "Text": "DetectionText_6_Text",
    "SubText": "DetectionText_6_SubText",
    "Icon": "/Game/Aki/UI/UIResources/UiDevelopmentGuide/Atlas/SP_IconDevelopment10.SP_IconDevelopment10",
    "HelpGroupId": 0,
    "ShowDropDown": false
  },
  {
    "Id": 61,
    "SortNumber": 14,
    "ConditionGroupId": 12005114,
    "Text": "DetectionText_61_Text",
    "SubText": "DetectionText_61_SubText",
    "Icon": "/Game/Aki/UI/UIResources/UiDevelopmentGuide/Atlas/SP_IconDevelopment04.SP_IconDevelopment04",
    "HelpGroupId": 0,
    "ShowDropDown": false
  },
  {
    "Id": 8,
    "SortNumber": 0,
    "ConditionGroupId": 0,
    "Text": "DetectionText_8_Text",
    "SubText": "",
    "Icon": "/Game/Aki/UI/UIResources/UiGuide/Atlas/SP_GuideIconXiezou.SP_GuideIconXiezou",
    "HelpGroupId": 0,
    "ShowDropDown": false
  },
  {
    "Id": 9,
    "SortNumber": 0,
    "ConditionGroupId": 0,
    "Text": "DetectionText_9_Text",
    "SubText": "",
    "Icon": "/Game/Aki/UI/UIResources/UiGuide/Atlas/SP_GuideIconDiren.SP_GuideIconDiren",
    "HelpGroupId": 0,
    "ShowDropDown": false
  },
  {
    "Id": 10,
    "SortNumber": 0,
    "ConditionGroupId": 0,
    "Text": "DetectionText_10_Text",
    "SubText": "",
    "Icon": "",
    "HelpGroupId": 0,
    "ShowDropDown": false
  },
  {
    "Id": 11,
    "SortNumber": 0,
    "ConditionGroupId": 0,
    "Text": "DetectionText_11_Text",
    "SubText": "",
    "Icon": "",
    "HelpGroupId": 0,
    "ShowDropDown": false
  },
  {
    "Id": 12,
    "SortNumber": 0,
    "ConditionGroupId": 0,
    "Text": "DetectionText_12_Text",
    "SubText": "",
    "Icon": "",
    "HelpGroupId": 0,
    "ShowDropDown": false
  },
  {
    "Id": 13,
    "SortNumber": 0,
    "ConditionGroupId": 0,
    "Text": "DetectionText_13_Text",
    "SubText": "",
    "Icon": "",
    "HelpGroupId": 0,
    "ShowDropDown": false
  },
  {
    "Id": 17,
    "SortNumber": 0,
    "ConditionGroupId": 0,
    "Text": "DetectionText_17_Text",
    "SubText": "",
    "Icon": "",
    "HelpGroupId": 0,
    "ShowDropDown": false
  },
  {
    "Id": 19,
    "SortNumber": 22,
    "ConditionGroupId": 0,
    "Text": "DetectionText_19_Text",
    "SubText": "DetectionText_19_SubText",
    "Icon": "/Game/Aki/UI/UIResources/UiDevelopmentGuide/Atlas/SP_IconDevelopment09.SP_IconDevelopment09",
    "HelpGroupId": 0,
    "ShowDropDown": true
  },
  {
    "Id": 62,
    "SortNumber": 16,
    "ConditionGroupId": 0,
    "Text": "DetectionText_62_Text",
    "SubText": "DetectionText_62_SubText",
    "Icon": "/Game/Aki/UI/UIResources/UiDevelopmentGuide/Atlas/SP_IconDevelopment01.SP_IconDevelopment01",
    "HelpGroupId": 0,
    "ShowDropDown": false
  }
]