[
  {
    "Id": 30000000,
    "Name": "MonsterInfo_340000010_Name",
    "GuideId": 3,
    "LevelPlayList": [
      110000000
    ],
    "InstanceSubTypeDescription": "InpuBoxText_empty",
    "DangerType": 3,
    "Secondary": 21,
    "TypeDescription2": 21,
    "MatType": 0,
    "AttributesDescriptionLock": "MonsterDetection_10010056_AttributesDescriptionLock",
    "AttributesDescriptionUnlock": "MonsterDetection_10010056_AttributesDescriptionUnlock",
    "BigIcon": "/Game/Aki/UI/UIResources/Common/Image/IconMonsterHead/T_IconMonsterHead_999_UI.T_IconMonsterHead_999_UI",
    "Icon": "/Game/Aki/UI/UIResources/Common/Image/ImgCopy/T_ImgCopy_005_UI.T_ImgCopy_005_UI",
    "LockBigIcon": "/Game/Aki/UI/UIResources/Common/Image/IconMonsterHead/T_IconMonsterHead_999_UI.T_IconMonsterHead_999_UI",
    "TemporaryIconUnLock": "/Game/Aki/UI/UIResources/Common/Image/IconMonsterHead/T_IconMonsterHead_999_UI.T_IconMonsterHead_999_UI",
    "TemporaryIconlock": "/Game/Aki/UI/UIResources/Common/Image/IconMonsterHead/T_IconMonsterHead_999_UI.T_IconMonsterHead_999_UI",
    "ShowReward": 10118,
    "ShowRewardMap": {
      "size": 8
    },
    "BeginTimeStamp": 0,
    "MarkId": 5021,
    "LockCon": 0,
    "PhantomId": {
      "PKa": [],
      "length": 0
    },
    "FirstDropId": 0,
    "AdditionalId": 0
  },
  {
    "Id": 30000001,
    "Name": "MonsterInfo_330000010_Name",
    "GuideId": 3,
    "LevelPlayList": [
      133000002
    ],
    "InstanceSubTypeDescription": "InpuBoxText_empty",
    "DangerType": 3,
    "Secondary": 21,
    "TypeDescription2": 21,
    "MatType": 0,
    "AttributesDescriptionLock": "MonsterDetection_10010051_AttributesDescriptionLock",
    "AttributesDescriptionUnlock": "MonsterDetection_10010051_AttributesDescriptionUnlock",
    "BigIcon": "/Game/Aki/UI/UIResources/Common/Image/IconMonsterHead/T_IconMonsterHead_225_UI.T_IconMonsterHead_225_UI",
    "Icon": "/Game/Aki/UI/UIResources/Common/Image/ImgCopy/T_ImgCopy_005_UI.T_ImgCopy_005_UI",
    "LockBigIcon": "/Game/Aki/UI/UIResources/Common/Image/IconMonsterHead/T_IconMonsterHead_225_UI.T_IconMonsterHead_225_UI",
    "TemporaryIconUnLock": "/Game/Aki/UI/UIResources/Common/Image/IconMonsterHead/T_IconMonsterHead_225_UI.T_IconMonsterHead_225_UI",
    "TemporaryIconlock": "/Game/Aki/UI/UIResources/Common/Image/IconMonsterHead/T_IconMonsterHead_225_UI.T_IconMonsterHead_225_UI",
    "ShowReward": 10198,
    "ShowRewardMap": {
      "size": 8
    },
    "BeginTimeStamp": 0,
    "MarkId": 5030,
    "LockCon": 0,
    "PhantomId": {
      "PKa": [],
      "length": 0
    },
    "FirstDropId": 0,
    "AdditionalId": 0
  },
  {
    "Id": 30000002,
    "Name": "MonsterInfo_340000080_Name",
    "GuideId": 3,
    "LevelPlayList": [
      110000002
    ],
    "InstanceSubTypeDescription": "InpuBoxText_empty",
    "DangerType": 3,
    "Secondary": 21,
    "TypeDescription2": 21,
    "MatType": 0,
    "AttributesDescriptionLock": "MonsterDetection_10010051_AttributesDescriptionLock",
    "AttributesDescriptionUnlock": "MonsterDetection_10010051_AttributesDescriptionUnlock",
    "BigIcon": "/Game/Aki/UI/UIResources/Common/Image/IconMonsterHead/T_IconMonsterHead_226_UI.T_IconMonsterHead_226_UI",
    "Icon": "/Game/Aki/UI/UIResources/Common/Image/ImgCopy/T_ImgCopy_005_UI.T_ImgCopy_005_UI",
    "LockBigIcon": "/Game/Aki/UI/UIResources/Common/Image/IconMonsterHead/T_IconMonsterHead_226_UI.T_IconMonsterHead_226_UI",
    "TemporaryIconUnLock": "/Game/Aki/UI/UIResources/Common/Image/IconMonsterHead/T_IconMonsterHead_226_UI.T_IconMonsterHead_226_UI",
    "TemporaryIconlock": "/Game/Aki/UI/UIResources/Common/Image/IconMonsterHead/T_IconMonsterHead_226_UI.T_IconMonsterHead_226_UI",
    "ShowReward": 10128,
    "ShowRewardMap": {
      "size": 8
    },
    "BeginTimeStamp": 0,
    "MarkId": 5023,
    "LockCon": 0,
    "PhantomId": {
      "PKa": [],
      "length": 0
    },
    "FirstDropId": 0,
    "AdditionalId": 0
  },
  {
    "Id": 30000003,
    "Name": "MonsterInfo_330000020_Name",
    "GuideId": 3,
    "LevelPlayList": [
      110000050
    ],
    "InstanceSubTypeDescription": "InpuBoxText_empty",
    "DangerType": 3,
    "Secondary": 21,
    "TypeDescription2": 21,
    "MatType": 0,
    "AttributesDescriptionLock": "MonsterDetection_10010052_AttributesDescriptionLock",
    "AttributesDescriptionUnlock": "MonsterDetection_10010052_AttributesDescriptionUnlock",
    "BigIcon": "/Game/Aki/UI/UIResources/Common/Image/IconMonsterHead/T_IconMonsterHead_325_UI.T_IconMonsterHead_325_UI",
    "Icon": "/Game/Aki/UI/UIResources/Common/Image/ImgCopy/T_ImgCopy_005_UI.T_ImgCopy_005_UI",
    "LockBigIcon": "/Game/Aki/UI/UIResources/Common/Image/IconMonsterHead/T_IconMonsterHead_325_UI.T_IconMonsterHead_325_UI",
    "TemporaryIconUnLock": "/Game/Aki/UI/UIResources/Common/Image/IconMonsterHead/T_IconMonsterHead_325_UI.T_IconMonsterHead_325_UI",
    "TemporaryIconlock": "/Game/Aki/UI/UIResources/Common/Image/IconMonsterHead/T_IconMonsterHead_325_UI.T_IconMonsterHead_325_UI",
    "ShowReward": 10148,
    "ShowRewardMap": {
      "size": 8
    },
    "BeginTimeStamp": 0,
    "MarkId": 5025,
    "LockCon": 0,
    "PhantomId": {
      "PKa": [],
      "length": 0
    },
    "FirstDropId": 0,
    "AdditionalId": 0
  },
  {
    "Id": 30000004,
    "Name": "MonsterInfo_330000050_Name",
    "GuideId": 3,
    "LevelPlayList": [
      112000066
    ],
    "InstanceSubTypeDescription": "InpuBoxText_empty",
    "DangerType": 3,
    "Secondary": 21,
    "TypeDescription2": 21,
    "MatType": 0,
    "AttributesDescriptionLock": "MonsterDetection_10010054_AttributesDescriptionLock",
    "AttributesDescriptionUnlock": "MonsterDetection_10010054_AttributesDescriptionUnlock",
    "BigIcon": "/Game/Aki/UI/UIResources/Common/Image/IconMonsterHead/T_IconMonsterHead_996_UI.T_IconMonsterHead_996_UI",
    "Icon": "/Game/Aki/UI/UIResources/Common/Image/ImgCopy/T_ImgCopy_005_UI.T_ImgCopy_005_UI",
    "LockBigIcon": "/Game/Aki/UI/UIResources/Common/Image/IconMonsterHead/T_IconMonsterHead_996_UI.T_IconMonsterHead_996_UI",
    "TemporaryIconUnLock": "/Game/Aki/UI/UIResources/Common/Image/IconMonsterHead/T_IconMonsterHead_996_UI.T_IconMonsterHead_996_UI",
    "TemporaryIconlock": "/Game/Aki/UI/UIResources/Common/Image/IconMonsterHead/T_IconMonsterHead_996_UI.T_IconMonsterHead_996_UI",
    "ShowReward": 10158,
    "ShowRewardMap": {
      "size": 8
    },
    "BeginTimeStamp": 0,
    "MarkId": 5026,
    "LockCon": 0,
    "PhantomId": {
      "PKa": [],
      "length": 0
    },
    "FirstDropId": 0,
    "AdditionalId": 0
  },
  {
    "Id": 30000005,
    "Name": "MonsterInfo_330000060_Name",
    "GuideId": 3,
    "LevelPlayList": [
      118700044
    ],
    "InstanceSubTypeDescription": "InpuBoxText_empty",
    "DangerType": 3,
    "Secondary": 21,
    "TypeDescription2": 21,
    "MatType": 0,
    "AttributesDescriptionLock": "MonsterHandBook_330000060_Descrtption",
    "AttributesDescriptionUnlock": "MonsterHandBook_330000060_Descrtption",
    "BigIcon": "/Game/Aki/UI/UIResources/Common/Image/IconMonsterHead/T_IconMonsterHead_997_UI.T_IconMonsterHead_997_UI",
    "Icon": "/Game/Aki/UI/UIResources/Common/Image/ImgCopy/T_ImgCopy_005_UI.T_ImgCopy_005_UI",
    "LockBigIcon": "/Game/Aki/UI/UIResources/Common/Image/IconMonsterHead/T_IconMonsterHead_997_UI.T_IconMonsterHead_997_UI",
    "TemporaryIconUnLock": "/Game/Aki/UI/UIResources/Common/Image/IconMonsterHead/T_IconMonsterHead_997_UI.T_IconMonsterHead_997_UI",
    "TemporaryIconlock": "/Game/Aki/UI/UIResources/Common/Image/IconMonsterHead/T_IconMonsterHead_997_UI.T_IconMonsterHead_997_UI",
    "ShowReward": 10138,
    "ShowRewardMap": {
      "size": 8
    },
    "BeginTimeStamp": 0,
    "MarkId": 5027,
    "LockCon": 0,
    "PhantomId": {
      "PKa": [],
      "length": 0
    },
    "FirstDropId": 0,
    "AdditionalId": 0
  },
  {
    "Id": 30000006,
    "Name": "MonsterInfo_330000030_Name",
    "GuideId": 3,
    "LevelPlayList": [
      122000246
    ],
    "InstanceSubTypeDescription": "InpuBoxText_empty",
    "DangerType": 3,
    "Secondary": 21,
    "TypeDescription2": 21,
    "MatType": 0,
    "AttributesDescriptionLock": "MonsterHandBook_330000030_Descrtption",
    "AttributesDescriptionUnlock": "MonsterHandBook_330000030_Descrtption",
    "BigIcon": "/Game/Aki/UI/UIResources/Common/Image/IconMonsterHead/T_IconMonsterHead_995_UI.T_IconMonsterHead_995_UI",
    "Icon": "/Game/Aki/UI/UIResources/Common/Image/ImgCopy/T_ImgCopy_005_UI.T_ImgCopy_005_UI",
    "LockBigIcon": "/Game/Aki/UI/UIResources/Common/Image/IconMonsterHead/T_IconMonsterHead_995_UI.T_IconMonsterHead_995_UI",
    "TemporaryIconUnLock": "/Game/Aki/UI/UIResources/Common/Image/IconMonsterHead/T_IconMonsterHead_995_UI.T_IconMonsterHead_995_UI",
    "TemporaryIconlock": "/Game/Aki/UI/UIResources/Common/Image/IconMonsterHead/T_IconMonsterHead_995_UI.T_IconMonsterHead_995_UI",
    "ShowReward": 10168,
    "ShowRewardMap": {
      "size": 8
    },
    "BeginTimeStamp": 0,
    "MarkId": 5028,
    "LockCon": 0,
    "PhantomId": {
      "PKa": [],
      "length": 0
    },
    "FirstDropId": 0,
    "AdditionalId": 0
  },
  {
    "Id": 30000007,
    "Name": "MonsterInfo_330000040_Name",
    "GuideId": 3,
    "LevelPlayList": [
      110000046
    ],
    "InstanceSubTypeDescription": "InpuBoxText_empty",
    "DangerType": 3,
    "Secondary": 21,
    "TypeDescription2": 21,
    "MatType": 0,
    "AttributesDescriptionLock": "MonsterDetection_10010053_AttributesDescriptionLock",
    "AttributesDescriptionUnlock": "MonsterDetection_10010053_AttributesDescriptionUnlock",
    "BigIcon": "/Game/Aki/UI/UIResources/Common/Image/IconMonsterHead/T_IconMonsterHead_994_UI.T_IconMonsterHead_994_UI",
    "Icon": "/Game/Aki/UI/UIResources/Common/Image/ImgCopy/T_ImgCopy_005_UI.T_ImgCopy_005_UI",
    "LockBigIcon": "/Game/Aki/UI/UIResources/Common/Image/IconMonsterHead/T_IconMonsterHead_994_UI.T_IconMonsterHead_994_UI",
    "TemporaryIconUnLock": "/Game/Aki/UI/UIResources/Common/Image/IconMonsterHead/T_IconMonsterHead_994_UI.T_IconMonsterHead_994_UI",
    "TemporaryIconlock": "/Game/Aki/UI/UIResources/Common/Image/IconMonsterHead/T_IconMonsterHead_994_UI.T_IconMonsterHead_994_UI",
    "ShowReward": 10178,
    "ShowRewardMap": {
      "size": 8
    },
    "BeginTimeStamp": 0,
    "MarkId": 5031,
    "LockCon": 0,
    "PhantomId": {
      "PKa": [],
      "length": 0
    },
    "FirstDropId": 0,
    "AdditionalId": 0
  },
  {
    "Id": 30000008,
    "Name": "MonsterInfo_340000060_Name",
    "GuideId": 3,
    "LevelPlayList": [
      118000128
    ],
    "InstanceSubTypeDescription": "InpuBoxText_empty",
    "DangerType": 3,
    "Secondary": 21,
    "TypeDescription2": 21,
    "MatType": 0,
    "AttributesDescriptionLock": "ItemInfo_70010042_BgDescription",
    "AttributesDescriptionUnlock": "ItemInfo_70010042_BgDescription",
    "BigIcon": "/Game/Aki/UI/UIResources/Common/Image/IconMonsterHead/T_IconMonsterHead_993_UI.T_IconMonsterHead_993_UI",
    "Icon": "/Game/Aki/UI/UIResources/Common/Image/ImgCopy/T_ImgCopy_005_UI.T_ImgCopy_005_UI",
    "LockBigIcon": "/Game/Aki/UI/UIResources/Common/Image/IconMonsterHead/T_IconMonsterHead_993_UI.T_IconMonsterHead_993_UI",
    "TemporaryIconUnLock": "/Game/Aki/UI/UIResources/Common/Image/IconMonsterHead/T_IconMonsterHead_993_UI.T_IconMonsterHead_993_UI",
    "TemporaryIconlock": "/Game/Aki/UI/UIResources/Common/Image/IconMonsterHead/T_IconMonsterHead_993_UI.T_IconMonsterHead_993_UI",
    "ShowReward": 10188,
    "ShowRewardMap": {
      "size": 8
    },
    "BeginTimeStamp": 0,
    "MarkId": 5029,
    "LockCon": 0,
    "PhantomId": {
      "PKa": [],
      "length": 0
    },
    "FirstDropId": 0,
    "AdditionalId": 0
  },
  {
    "Id": 30000009,
    "Name": "MonsterInfo_340000020_Name",
    "GuideId": 3,
    "LevelPlayList": [
      110000001
    ],
    "InstanceSubTypeDescription": "InpuBoxText_empty",
    "DangerType": 3,
    "Secondary": 7,
    "TypeDescription2": 7,
    "MatType": 0,
    "AttributesDescriptionLock": "MonsterDetection_10010057_AttributesDescriptionLock",
    "AttributesDescriptionUnlock": "MonsterDetection_10010057_AttributesDescriptionUnlock",
    "BigIcon": "/Game/Aki/UI/UIResources/Common/Image/IconMonsterHead/T_IconMonsterHead_992_UI.T_IconMonsterHead_992_UI",
    "Icon": "/Game/Aki/UI/UIResources/Common/Image/ImgCopy/T_ImgCopy_005_UI.T_ImgCopy_005_UI",
    "LockBigIcon": "/Game/Aki/UI/UIResources/Common/Image/IconMonsterHead/T_IconMonsterHead_992_UI.T_IconMonsterHead_992_UI",
    "TemporaryIconUnLock": "/Game/Aki/UI/UIResources/Common/Image/IconMonsterHead/T_IconMonsterHead_992_UI.T_IconMonsterHead_992_UI",
    "TemporaryIconlock": "/Game/Aki/UI/UIResources/Common/Image/IconMonsterHead/T_IconMonsterHead_992_UI.T_IconMonsterHead_992_UI",
    "ShowReward": 10218,
    "ShowRewardMap": {
      "size": 8
    },
    "BeginTimeStamp": 0,
    "MarkId": 5022,
    "LockCon": 12005117,
    "PhantomId": {
      "PKa": [],
      "length": 0
    },
    "FirstDropId": 0,
    "AdditionalId": 0
  },
  {
    "Id": 30010001,
    "Name": "MapMark_5001_MarkTitle",
    "GuideId": 3,
    "LevelPlayList": [
      200000023
    ],
    "InstanceSubTypeDescription": "InpuBoxText_TacetField",
    "DangerType": 3,
    "Secondary": 22,
    "TypeDescription2": 22,
    "MatType": 0,
    "AttributesDescriptionLock": "SilentAreaDetection_30010001_AttributesDescriptionLock",
    "AttributesDescriptionUnlock": "SilentAreaDetection_30010001_AttributesDescriptionUnlock",
    "BigIcon": "/Game/Aki/UI/UIResources/Common/Image/IconA/T_IconA_shlb_01_UI.T_IconA_shlb_01_UI",
    "Icon": "/Game/Aki/UI/UIResources/Common/Image/ImgCopy/T_ImgCopy_004_UI.T_ImgCopy_004_UI",
    "LockBigIcon": "/Game/Aki/UI/UIResources/Common/Image/IconA/T_IconA_shlb_01_UI.T_IconA_shlb_01_UI",
    "TemporaryIconUnLock": "/Game/Aki/UI/UIResources/Common/Image/IconFunctionOpen/T_IconFunctionOpen_13_UI.T_IconFunctionOpen_13_UI",
    "TemporaryIconlock": "/Game/Aki/UI/UIResources/Common/Image/IconFunctionOpen/T_IconFunctionOpen_13_UI.T_IconFunctionOpen_13_UI",
    "ShowReward": 14008,
    "ShowRewardMap": {
      "size": 8
    },
    "BeginTimeStamp": 0,
    "MarkId": 5001,
    "LockCon": 0,
    "PhantomId": {
      "PKa": [],
      "length": 0
    },
    "FirstDropId": 0,
    "AdditionalId": 0
  },
  {
    "Id": 30010009,
    "Name": "MapMark_5002_MarkTitle",
    "GuideId": 3,
    "LevelPlayList": [
      205000000
    ],
    "InstanceSubTypeDescription": "InpuBoxText_TacetField",
    "DangerType": 3,
    "Secondary": 22,
    "TypeDescription2": 22,
    "MatType": 0,
    "AttributesDescriptionLock": "SilentAreaDetection_30010009_AttributesDescriptionLock",
    "AttributesDescriptionUnlock": "SilentAreaDetection_30010009_AttributesDescriptionUnlock",
    "BigIcon": "/Game/Aki/UI/UIResources/Common/Image/IconA/T_IconA_shlb_01_UI.T_IconA_shlb_01_UI",
    "Icon": "/Game/Aki/UI/UIResources/Common/Image/ImgCopy/T_ImgCopy_004_UI.T_ImgCopy_004_UI",
    "LockBigIcon": "/Game/Aki/UI/UIResources/Common/Image/IconA/T_IconA_shlb_01_UI.T_IconA_shlb_01_UI",
    "TemporaryIconUnLock": "/Game/Aki/UI/UIResources/Common/Image/IconFunctionOpen/T_IconFunctionOpen_13_UI.T_IconFunctionOpen_13_UI",
    "TemporaryIconlock": "/Game/Aki/UI/UIResources/Common/Image/IconFunctionOpen/T_IconFunctionOpen_13_UI.T_IconFunctionOpen_13_UI",
    "ShowReward": 14508,
    "ShowRewardMap": {
      "size": 8
    },
    "BeginTimeStamp": 0,
    "MarkId": 5002,
    "LockCon": 0,
    "PhantomId": {
      "PKa": [],
      "length": 0
    },
    "FirstDropId": 0,
    "AdditionalId": 0
  },
  {
    "Id": 30010010,
    "Name": "MapMark_5003_MarkTitle",
    "GuideId": 3,
    "LevelPlayList": [
      200000025
    ],
    "InstanceSubTypeDescription": "InpuBoxText_TacetField",
    "DangerType": 3,
    "Secondary": 22,
    "TypeDescription2": 22,
    "MatType": 0,
    "AttributesDescriptionLock": "SilentAreaDetection_30010010_AttributesDescriptionLock",
    "AttributesDescriptionUnlock": "SilentAreaDetection_30010010_AttributesDescriptionUnlock",
    "BigIcon": "/Game/Aki/UI/UIResources/Common/Image/IconA/T_IconA_shlb_01_UI.T_IconA_shlb_01_UI",
    "Icon": "/Game/Aki/UI/UIResources/Common/Image/ImgCopy/T_ImgCopy_004_UI.T_ImgCopy_004_UI",
    "LockBigIcon": "/Game/Aki/UI/UIResources/Common/Image/IconA/T_IconA_shlb_01_UI.T_IconA_shlb_01_UI",
    "TemporaryIconUnLock": "/Game/Aki/UI/UIResources/Common/Image/IconFunctionOpen/T_IconFunctionOpen_13_UI.T_IconFunctionOpen_13_UI",
    "TemporaryIconlock": "/Game/Aki/UI/UIResources/Common/Image/IconFunctionOpen/T_IconFunctionOpen_13_UI.T_IconFunctionOpen_13_UI",
    "ShowReward": 14408,
    "ShowRewardMap": {
      "size": 8
    },
    "BeginTimeStamp": 0,
    "MarkId": 5003,
    "LockCon": 0,
    "PhantomId": {
      "PKa": [],
      "length": 0
    },
    "FirstDropId": 0,
    "AdditionalId": 0
  },
  {
    "Id": 30010011,
    "Name": "MapMark_5004_MarkTitle",
    "GuideId": 3,
    "LevelPlayList": [
      313000000
    ],
    "InstanceSubTypeDescription": "InpuBoxText_TacetField",
    "DangerType": 3,
    "Secondary": 22,
    "TypeDescription2": 22,
    "MatType": 0,
    "AttributesDescriptionLock": "SilentAreaDetection_30010011_AttributesDescriptionLock",
    "AttributesDescriptionUnlock": "SilentAreaDetection_30010011_AttributesDescriptionUnlock",
    "BigIcon": "/Game/Aki/UI/UIResources/Common/Image/IconA/T_IconA_shlb_01_UI.T_IconA_shlb_01_UI",
    "Icon": "/Game/Aki/UI/UIResources/Common/Image/ImgCopy/T_ImgCopy_004_UI.T_ImgCopy_004_UI",
    "LockBigIcon": "/Game/Aki/UI/UIResources/Common/Image/IconA/T_IconA_shlb_01_UI.T_IconA_shlb_01_UI",
    "TemporaryIconUnLock": "/Game/Aki/UI/UIResources/Common/Image/IconFunctionOpen/T_IconFunctionOpen_13_UI.T_IconFunctionOpen_13_UI",
    "TemporaryIconlock": "/Game/Aki/UI/UIResources/Common/Image/IconFunctionOpen/T_IconFunctionOpen_13_UI.T_IconFunctionOpen_13_UI",
    "ShowReward": 14108,
    "ShowRewardMap": {
      "size": 8
    },
    "BeginTimeStamp": 0,
    "MarkId": 5004,
    "LockCon": 0,
    "PhantomId": {
      "PKa": [],
      "length": 0
    },
    "FirstDropId": 0,
    "AdditionalId": 0
  },
  {
    "Id": 30010012,
    "Name": "MapMark_5005_MarkTitle",
    "GuideId": 3,
    "LevelPlayList": [
      200000024
    ],
    "InstanceSubTypeDescription": "InpuBoxText_TacetField",
    "DangerType": 3,
    "Secondary": 22,
    "TypeDescription2": 22,
    "MatType": 0,
    "AttributesDescriptionLock": "SilentAreaDetection_30010012_AttributesDescriptionLock",
    "AttributesDescriptionUnlock": "SilentAreaDetection_30010012_AttributesDescriptionUnlock",
    "BigIcon": "/Game/Aki/UI/UIResources/Common/Image/IconA/T_IconA_shlb_01_UI.T_IconA_shlb_01_UI",
    "Icon": "/Game/Aki/UI/UIResources/Common/Image/ImgCopy/T_ImgCopy_004_UI.T_ImgCopy_004_UI",
    "LockBigIcon": "/Game/Aki/UI/UIResources/Common/Image/IconA/T_IconA_shlb_01_UI.T_IconA_shlb_01_UI",
    "TemporaryIconUnLock": "/Game/Aki/UI/UIResources/Common/Image/IconFunctionOpen/T_IconFunctionOpen_13_UI.T_IconFunctionOpen_13_UI",
    "TemporaryIconlock": "/Game/Aki/UI/UIResources/Common/Image/IconFunctionOpen/T_IconFunctionOpen_13_UI.T_IconFunctionOpen_13_UI",
    "ShowReward": 14208,
    "ShowRewardMap": {
      "size": 8
    },
    "BeginTimeStamp": 0,
    "MarkId": 5005,
    "LockCon": 0,
    "PhantomId": {
      "PKa": [],
      "length": 0
    },
    "FirstDropId": 0,
    "AdditionalId": 0
  },
  {
    "Id": 30010013,
    "Name": "MapMark_5006_MarkTitle",
    "GuideId": 3,
    "LevelPlayList": [
      312000000
    ],
    "InstanceSubTypeDescription": "InpuBoxText_TacetField",
    "DangerType": 3,
    "Secondary": 22,
    "TypeDescription2": 22,
    "MatType": 0,
    "AttributesDescriptionLock": "SilentAreaDetection_30010013_AttributesDescriptionLock",
    "AttributesDescriptionUnlock": "SilentAreaDetection_30010013_AttributesDescriptionUnlock",
    "BigIcon": "/Game/Aki/UI/UIResources/Common/Image/IconA/T_IconA_shlb_01_UI.T_IconA_shlb_01_UI",
    "Icon": "/Game/Aki/UI/UIResources/Common/Image/ImgCopy/T_ImgCopy_004_UI.T_ImgCopy_004_UI",
    "LockBigIcon": "/Game/Aki/UI/UIResources/Common/Image/IconA/T_IconA_shlb_01_UI.T_IconA_shlb_01_UI",
    "TemporaryIconUnLock": "/Game/Aki/UI/UIResources/Common/Image/IconFunctionOpen/T_IconFunctionOpen_13_UI.T_IconFunctionOpen_13_UI",
    "TemporaryIconlock": "/Game/Aki/UI/UIResources/Common/Image/IconFunctionOpen/T_IconFunctionOpen_13_UI.T_IconFunctionOpen_13_UI",
    "ShowReward": 14608,
    "ShowRewardMap": {
      "size": 8
    },
    "BeginTimeStamp": 0,
    "MarkId": 5006,
    "LockCon": 0,
    "PhantomId": {
      "PKa": [],
      "length": 0
    },
    "FirstDropId": 0,
    "AdditionalId": 0
  },
  {
    "Id": 30010016,
    "Name": "MapMark_5007_MarkTitle",
    "GuideId": 3,
    "LevelPlayList": [
      312000001
    ],
    "InstanceSubTypeDescription": "InpuBoxText_TacetField",
    "DangerType": 3,
    "Secondary": 22,
    "TypeDescription2": 22,
    "MatType": 0,
    "AttributesDescriptionLock": "SilentAreaDetection_30010016_AttributesDescriptionLock",
    "AttributesDescriptionUnlock": "SilentAreaDetection_30010016_AttributesDescriptionUnlock",
    "BigIcon": "/Game/Aki/UI/UIResources/Common/Image/IconA/T_IconA_shlb_01_UI.T_IconA_shlb_01_UI",
    "Icon": "/Game/Aki/UI/UIResources/Common/Image/ImgCopy/T_ImgCopy_004_UI.T_ImgCopy_004_UI",
    "LockBigIcon": "/Game/Aki/UI/UIResources/Common/Image/IconA/T_IconA_shlb_01_UI.T_IconA_shlb_01_UI",
    "TemporaryIconUnLock": "/Game/Aki/UI/UIResources/Common/Image/IconFunctionOpen/T_IconFunctionOpen_13_UI.T_IconFunctionOpen_13_UI",
    "TemporaryIconlock": "/Game/Aki/UI/UIResources/Common/Image/IconFunctionOpen/T_IconFunctionOpen_13_UI.T_IconFunctionOpen_13_UI",
    "ShowReward": 14308,
    "ShowRewardMap": {
      "size": 8
    },
    "BeginTimeStamp": 0,
    "MarkId": 5007,
    "LockCon": 0,
    "PhantomId": {
      "PKa": [],
      "length": 0
    },
    "FirstDropId": 0,
    "AdditionalId": 0
  },
  {
    "Id": 30020001,
    "Name": "MapMark_4020_MarkTitle",
    "GuideId": 2,
    "LevelPlayList": [
      130000008
    ],
    "InstanceSubTypeDescription": "InpuBoxText_empty",
    "DangerType": 3,
    "Secondary": 61,
    "TypeDescription2": 61,
    "MatType": 0,
    "AttributesDescriptionLock": "MapMark_4020_MarkDesc",
    "AttributesDescriptionUnlock": "MapMark_4020_MarkDesc",
    "BigIcon": "/Game/Aki/UI/UIResources/Common/Image/IconMonsterGoods/T_IconMonsterGoods_227_UI.T_IconMonsterGoods_227_UI",
    "Icon": "/Game/Aki/UI/UIResources/Common/Image/ImgCopy/T_ImgCopy_005_UI.T_ImgCopy_005_UI",
    "LockBigIcon": "/Game/Aki/UI/UIResources/Common/Image/IconMonsterGoods/T_IconMonsterGoods_227_UI.T_IconMonsterGoods_227_UI",
    "TemporaryIconUnLock": "/Game/Aki/UI/UIResources/Common/Image/ImgCopy/T_ImgCopy_005_UI.T_ImgCopy_005_UI",
    "TemporaryIconlock": "/Game/Aki/UI/UIResources/Common/Image/ImgCopy/T_ImgCopy_005_UI.T_ImgCopy_005_UI",
    "ShowReward": 48306,
    "ShowRewardMap": {
      "size": 6
    },
    "BeginTimeStamp": 0,
    "MarkId": 4020,
    "LockCon": 0,
    "PhantomId": {
      "PKa": [],
      "length": 0
    },
    "FirstDropId": 0,
    "AdditionalId": 10010
  },
  {
    "Id": 30020002,
    "Name": "MapMark_4021_MarkTitle",
    "GuideId": 2,
    "LevelPlayList": [
      130000007
    ],
    "InstanceSubTypeDescription": "InpuBoxText_empty",
    "DangerType": 3,
    "Secondary": 61,
    "TypeDescription2": 61,
    "MatType": 0,
    "AttributesDescriptionLock": "MapMark_4021_MarkDesc",
    "AttributesDescriptionUnlock": "MapMark_4021_MarkDesc",
    "BigIcon": "/Game/Aki/UI/UIResources/Common/Image/IconMonsterGoods/T_IconMonsterGoods_1013_UI.T_IconMonsterGoods_1013_UI",
    "Icon": "/Game/Aki/UI/UIResources/Common/Image/ImgCopy/T_ImgCopy_005_UI.T_ImgCopy_005_UI",
    "LockBigIcon": "/Game/Aki/UI/UIResources/Common/Image/IconMonsterGoods/T_IconMonsterGoods_1013_UI.T_IconMonsterGoods_1013_UI",
    "TemporaryIconUnLock": "/Game/Aki/UI/UIResources/Common/Image/ImgCopy/T_ImgCopy_005_UI.T_ImgCopy_005_UI",
    "TemporaryIconlock": "/Game/Aki/UI/UIResources/Common/Image/ImgCopy/T_ImgCopy_005_UI.T_ImgCopy_006_UI",
    "ShowReward": 48406,
    "ShowRewardMap": {
      "size": 6
    },
    "BeginTimeStamp": 0,
    "MarkId": 4021,
    "LockCon": 0,
    "PhantomId": {
      "PKa": [],
      "length": 0
    },
    "FirstDropId": 0,
    "AdditionalId": 11010
  },
  {
    "Id": 30020003,
    "Name": "MapMark_4022_MarkTitle",
    "GuideId": 2,
    "LevelPlayList": [
      130000006
    ],
    "InstanceSubTypeDescription": "InpuBoxText_empty",
    "DangerType": 3,
    "Secondary": 61,
    "TypeDescription2": 61,
    "MatType": 0,
    "AttributesDescriptionLock": "MapMark_4022_MarkDesc",
    "AttributesDescriptionUnlock": "MapMark_4022_MarkDesc",
    "BigIcon": "/Game/Aki/UI/UIResources/Common/Image/IconMonsterGoods/T_IconMonsterGoods_1011_UI.T_IconMonsterGoods_1011_UI",
    "Icon": "/Game/Aki/UI/UIResources/Common/Image/ImgCopy/T_ImgCopy_005_UI.T_ImgCopy_005_UI",
    "LockBigIcon": "/Game/Aki/UI/UIResources/Common/Image/IconMonsterGoods/T_IconMonsterGoods_1011_UI.T_IconMonsterGoods_1011_UI",
    "TemporaryIconUnLock": "/Game/Aki/UI/UIResources/Common/Image/ImgCopy/T_ImgCopy_005_UI.T_ImgCopy_005_UI",
    "TemporaryIconlock": "/Game/Aki/UI/UIResources/Common/Image/ImgCopy/T_ImgCopy_005_UI.T_ImgCopy_007_UI",
    "ShowReward": 48106,
    "ShowRewardMap": {
      "size": 6
    },
    "BeginTimeStamp": 0,
    "MarkId": 4022,
    "LockCon": 0,
    "PhantomId": {
      "PKa": [],
      "length": 0
    },
    "FirstDropId": 0,
    "AdditionalId": 12010
  },
  {
    "Id": 30020004,
    "Name": "MapMark_4023_MarkTitle",
    "GuideId": 2,
    "LevelPlayList": [
      130000009
    ],
    "InstanceSubTypeDescription": "InpuBoxText_empty",
    "DangerType": 3,
    "Secondary": 61,
    "TypeDescription2": 61,
    "MatType": 0,
    "AttributesDescriptionLock": "MapMark_4023_MarkDesc",
    "AttributesDescriptionUnlock": "MapMark_4023_MarkDesc",
    "BigIcon": "/Game/Aki/UI/UIResources/Common/Image/IconMonsterGoods/T_IconMonsterGoods_1012_UI.T_IconMonsterGoods_1012_UI",
    "Icon": "/Game/Aki/UI/UIResources/Common/Image/ImgCopy/T_ImgCopy_005_UI.T_ImgCopy_005_UI",
    "LockBigIcon": "/Game/Aki/UI/UIResources/Common/Image/IconMonsterGoods/T_IconMonsterGoods_1012_UI.T_IconMonsterGoods_1012_UI",
    "TemporaryIconUnLock": "/Game/Aki/UI/UIResources/Common/Image/ImgCopy/T_ImgCopy_005_UI.T_ImgCopy_005_UI",
    "TemporaryIconlock": "/Game/Aki/UI/UIResources/Common/Image/ImgCopy/T_ImgCopy_005_UI.T_ImgCopy_008_UI",
    "ShowReward": 48206,
    "ShowRewardMap": {
      "size": 6
    },
    "BeginTimeStamp": 0,
    "MarkId": 4023,
    "LockCon": 0,
    "PhantomId": {
      "PKa": [],
      "length": 0
    },
    "FirstDropId": 0,
    "AdditionalId": 13010
  },
  {
    "Id": 30020005,
    "Name": "MapMark_4024_MarkTitle",
    "GuideId": 2,
    "LevelPlayList": [
      200900001
    ],
    "InstanceSubTypeDescription": "InpuBoxText_empty",
    "DangerType": 3,
    "Secondary": 61,
    "TypeDescription2": 61,
    "MatType": 0,
    "AttributesDescriptionLock": "MapMark_4024_MarkDesc",
    "AttributesDescriptionUnlock": "MapMark_4024_MarkDesc",
    "BigIcon": "/Game/Aki/UI/UIResources/Common/Image/IconMonsterGoods/T_IconMonsterGoods_1014_UI.T_IconMonsterGoods_1014_UI",
    "Icon": "/Game/Aki/UI/UIResources/Common/Image/ImgCopy/T_ImgCopy_005_UI.T_ImgCopy_005_UI",
    "LockBigIcon": "/Game/Aki/UI/UIResources/Common/Image/IconMonsterGoods/T_IconMonsterGoods_1014_UI.T_IconMonsterGoods_1014_UI",
    "TemporaryIconUnLock": "/Game/Aki/UI/UIResources/Common/Image/ImgCopy/T_ImgCopy_005_UI.T_ImgCopy_005_UI",
    "TemporaryIconlock": "/Game/Aki/UI/UIResources/Common/Image/ImgCopy/T_ImgCopy_001_UI.T_ImgCopy_001_UI",
    "ShowReward": 48506,
    "ShowRewardMap": {
      "size": 6
    },
    "BeginTimeStamp": 0,
    "MarkId": 4024,
    "LockCon": 0,
    "PhantomId": {
      "PKa": [],
      "length": 0
    },
    "FirstDropId": 0,
    "AdditionalId": 14010
  },
  {
    "Id": 30020006,
    "Name": "MapMark_4025_MarkTitle",
    "GuideId": 2,
    "LevelPlayList": [
      221750000
    ],
    "InstanceSubTypeDescription": "InpuBoxText_empty",
    "DangerType": 3,
    "Secondary": 61,
    "TypeDescription2": 61,
    "MatType": 0,
    "AttributesDescriptionLock": "MapMark_4025_MarkDesc",
    "AttributesDescriptionUnlock": "MapMark_4025_MarkDesc",
    "BigIcon": "/Game/Aki/UI/UIResources/Common/Image/IconMonsterGoods/T_IconMonsterGoods_321_1_UI.T_IconMonsterGoods_321_1_UI",
    "Icon": "/Game/Aki/UI/UIResources/Common/Image/ImgCopy/T_ImgCopy_005_UI.T_ImgCopy_005_UI",
    "LockBigIcon": "/Game/Aki/UI/UIResources/Common/Image/IconMonsterGoods/T_IconMonsterGoods_321_1_UI.T_IconMonsterGoods_321_1_UI",
    "TemporaryIconUnLock": "/Game/Aki/UI/UIResources/Common/Image/ImgCopy/T_ImgCopy_005_UI.T_ImgCopy_005_UI",
    "TemporaryIconlock": "/Game/Aki/UI/UIResources/Common/Image/ImgCopy/T_ImgCopy_001_UI.T_ImgCopy_001_UI",
    "ShowReward": 48606,
    "ShowRewardMap": {
      "size": 6
    },
    "BeginTimeStamp": 0,
    "MarkId": 4025,
    "LockCon": 12005127,
    "PhantomId": {
      "PKa": [],
      "length": 0
    },
    "FirstDropId": 0,
    "AdditionalId": 15010
  },
  {
    "Id": 30000010,
    "Name": "MonsterInfo_330000070_Name",
    "GuideId": 3,
    "LevelPlayList": [
      136750513
    ],
    "InstanceSubTypeDescription": "InpuBoxText_empty",
    "DangerType": 3,
    "Secondary": 21,
    "TypeDescription2": 21,
    "MatType": 0,
    "AttributesDescriptionLock": "MonsterInfo_330000070_UndiscoveredDes",
    "AttributesDescriptionUnlock": "MonsterInfo_330000070_DiscoveredDes",
    "BigIcon": "/Game/Aki/UI/UIResources/Common/Image/IconMonsterHead/T_IconMonsterHead_350_UI.T_IconMonsterHead_350_UI",
    "Icon": "/Game/Aki/UI/UIResources/Common/Image/ImgCopy/T_ImgCopy_005_UI.T_ImgCopy_005_UI",
    "LockBigIcon": "/Game/Aki/UI/UIResources/Common/Image/IconMonsterHead/T_IconMonsterHead_350_UI.T_IconMonsterHead_350_UI",
    "TemporaryIconUnLock": "/Game/Aki/UI/UIResources/Common/Image/IconMonsterHead/T_IconMonsterHead_350_UI.T_IconMonsterHead_350_UI",
    "TemporaryIconlock": "/Game/Aki/UI/UIResources/Common/Image/IconMonsterHead/T_IconMonsterHead_350_UI.T_IconMonsterHead_350_UI",
    "ShowReward": 10208,
    "ShowRewardMap": {
      "size": 8
    },
    "BeginTimeStamp": 0,
    "MarkId": 5032,
    "LockCon": 12005128,
    "PhantomId": {
      "PKa": [],
      "length": 0
    },
    "FirstDropId": 0,
    "AdditionalId": 0
  }
]