[
  {
    "Id": 1,
    "Text": "AdviceConjunction_1_Text"
  },
  {
    "Id": 2,
    "Text": "AdviceConjunction_2_Text"
  },
  {
    "Id": 3,
    "Text": "AdviceConjunction_3_Text"
  },
  {
    "Id": 4,
    "Text": "AdviceConjunction_4_Text"
  },
  {
    "Id": 5,
    "Text": "AdviceConjunction_5_Text"
  },
  {
    "Id": 6,
    "Text": "AdviceConjunction_6_Text"
  },
  {
    "Id": 7,
    "Text": "AdviceConjunction_7_Text"
  },
  {
    "Id": 8,
    "Text": "AdviceConjunction_8_Text"
  },
  {
    "Id": 9,
    "Text": "AdviceConjunction_9_Text"
  }
]