[
  {
    "Id": 1,
    "Text": "AdviceSentence_1_Text"
  },
  {
    "Id": 2,
    "Text": "AdviceSentence_2_Text"
  },
  {
    "Id": 3,
    "Text": "AdviceSentence_3_Text"
  },
  {
    "Id": 4,
    "Text": "AdviceSentence_4_Text"
  },
  {
    "Id": 5,
    "Text": "AdviceSentence_5_Text"
  },
  {
    "Id": 6,
    "Text": "AdviceSentence_6_Text"
  },
  {
    "Id": 7,
    "Text": "AdviceSentence_7_Text"
  },
  {
    "Id": 8,
    "Text": "AdviceSentence_8_Text"
  },
  {
    "Id": 9,
    "Text": "AdviceSentence_9_Text"
  },
  {
    "Id": 10,
    "Text": "AdviceSentence_10_Text"
  },
  {
    "Id": 11,
    "Text": "AdviceSentence_11_Text"
  },
  {
    "Id": 12,
    "Text": "AdviceSentence_12_Text"
  },
  {
    "Id": 13,
    "Text": "AdviceSentence_13_Text"
  },
  {
    "Id": 14,
    "Text": "AdviceSentence_14_Text"
  },
  {
    "Id": 15,
    "Text": "AdviceSentence_15_Text"
  },
  {
    "Id": 16,
    "Text": "AdviceSentence_16_Text"
  },
  {
    "Id": 17,
    "Text": "AdviceSentence_17_Text"
  },
  {
    "Id": 18,
    "Text": "AdviceSentence_18_Text"
  },
  {
    "Id": 19,
    "Text": "AdviceSentence_19_Text"
  },
  {
    "Id": 20,
    "Text": "AdviceSentence_20_Text"
  },
  {
    "Id": 21,
    "Text": "AdviceSentence_21_Text"
  },
  {
    "Id": 22,
    "Text": "AdviceSentence_22_Text"
  },
  {
    "Id": 23,
    "Text": "AdviceSentence_23_Text"
  },
  {
    "Id": 24,
    "Text": "AdviceSentence_24_Text"
  },
  {
    "Id": 25,
    "Text": "AdviceSentence_25_Text"
  },
  {
    "Id": 26,
    "Text": "AdviceSentence_26_Text"
  },
  {
    "Id": 27,
    "Text": "AdviceSentence_27_Text"
  },
  {
    "Id": 28,
    "Text": "AdviceSentence_28_Text"
  },
  {
    "Id": 29,
    "Text": "AdviceSentence_29_Text"
  },
  {
    "Id": 30,
    "Text": "AdviceSentence_30_Text"
  }
]