[
  {
    "Id": 1,
    "Type": 1,
    "Text": "AdviceWord_1_Text"
  },
  {
    "Id": 2,
    "Type": 1,
    "Text": "AdviceWord_2_Text"
  },
  {
    "Id": 3,
    "Type": 1,
    "Text": "AdviceWord_3_Text"
  },
  {
    "Id": 4,
    "Type": 1,
    "Text": "AdviceWord_4_Text"
  },
  {
    "Id": 5,
    "Type": 1,
    "Text": "AdviceWord_5_Text"
  },
  {
    "Id": 6,
    "Type": 1,
    "Text": "AdviceWord_6_Text"
  },
  {
    "Id": 7,
    "Type": 1,
    "Text": "AdviceWord_7_Text"
  },
  {
    "Id": 8,
    "Type": 1,
    "Text": "AdviceWord_8_Text"
  },
  {
    "Id": 9,
    "Type": 1,
    "Text": "AdviceWord_9_Text"
  },
  {
    "Id": 10,
    "Type": 1,
    "Text": "AdviceWord_10_Text"
  },
  {
    "Id": 11,
    "Type": 1,
    "Text": "AdviceWord_11_Text"
  },
  {
    "Id": 12,
    "Type": 1,
    "Text": "AdviceWord_12_Text"
  },
  {
    "Id": 13,
    "Type": 1,
    "Text": "AdviceWord_13_Text"
  },
  {
    "Id": 14,
    "Type": 1,
    "Text": "AdviceWord_14_Text"
  },
  {
    "Id": 15,
    "Type": 2,
    "Text": "AdviceWord_15_Text"
  },
  {
    "Id": 16,
    "Type": 2,
    "Text": "AdviceWord_16_Text"
  },
  {
    "Id": 17,
    "Type": 2,
    "Text": "AdviceWord_17_Text"
  },
  {
    "Id": 18,
    "Type": 2,
    "Text": "AdviceWord_18_Text"
  },
  {
    "Id": 19,
    "Type": 2,
    "Text": "AdviceWord_19_Text"
  },
  {
    "Id": 20,
    "Type": 2,
    "Text": "AdviceWord_20_Text"
  },
  {
    "Id": 21,
    "Type": 2,
    "Text": "AdviceWord_21_Text"
  },
  {
    "Id": 22,
    "Type": 2,
    "Text": "AdviceWord_22_Text"
  },
  {
    "Id": 23,
    "Type": 2,
    "Text": "AdviceWord_23_Text"
  },
  {
    "Id": 24,
    "Type": 2,
    "Text": "AdviceWord_24_Text"
  },
  {
    "Id": 25,
    "Type": 2,
    "Text": "AdviceWord_25_Text"
  },
  {
    "Id": 26,
    "Type": 2,
    "Text": "AdviceWord_26_Text"
  },
  {
    "Id": 27,
    "Type": 2,
    "Text": "AdviceWord_27_Text"
  },
  {
    "Id": 28,
    "Type": 3,
    "Text": "AdviceWord_28_Text"
  },
  {
    "Id": 29,
    "Type": 3,
    "Text": "AdviceWord_29_Text"
  },
  {
    "Id": 30,
    "Type": 3,
    "Text": "AdviceWord_30_Text"
  },
  {
    "Id": 31,
    "Type": 3,
    "Text": "AdviceWord_31_Text"
  },
  {
    "Id": 32,
    "Type": 3,
    "Text": "AdviceWord_32_Text"
  },
  {
    "Id": 33,
    "Type": 3,
    "Text": "AdviceWord_33_Text"
  },
  {
    "Id": 34,
    "Type": 3,
    "Text": "AdviceWord_34_Text"
  },
  {
    "Id": 35,
    "Type": 3,
    "Text": "AdviceWord_35_Text"
  },
  {
    "Id": 36,
    "Type": 3,
    "Text": "AdviceWord_36_Text"
  },
  {
    "Id": 37,
    "Type": 3,
    "Text": "AdviceWord_37_Text"
  },
  {
    "Id": 38,
    "Type": 3,
    "Text": "AdviceWord_38_Text"
  },
  {
    "Id": 39,
    "Type": 4,
    "Text": "AdviceWord_39_Text"
  },
  {
    "Id": 40,
    "Type": 4,
    "Text": "AdviceWord_40_Text"
  },
  {
    "Id": 41,
    "Type": 4,
    "Text": "AdviceWord_41_Text"
  },
  {
    "Id": 42,
    "Type": 4,
    "Text": "AdviceWord_42_Text"
  },
  {
    "Id": 43,
    "Type": 4,
    "Text": "AdviceWord_43_Text"
  },
  {
    "Id": 44,
    "Type": 4,
    "Text": "AdviceWord_44_Text"
  },
  {
    "Id": 45,
    "Type": 4,
    "Text": "AdviceWord_45_Text"
  },
  {
    "Id": 46,
    "Type": 4,
    "Text": "AdviceWord_46_Text"
  },
  {
    "Id": 47,
    "Type": 4,
    "Text": "AdviceWord_47_Text"
  },
  {
    "Id": 48,
    "Type": 4,
    "Text": "AdviceWord_48_Text"
  },
  {
    "Id": 49,
    "Type": 4,
    "Text": "AdviceWord_49_Text"
  },
  {
    "Id": 50,
    "Type": 4,
    "Text": "AdviceWord_50_Text"
  },
  {
    "Id": 51,
    "Type": 4,
    "Text": "AdviceWord_51_Text"
  },
  {
    "Id": 52,
    "Type": 4,
    "Text": "AdviceWord_52_Text"
  },
  {
    "Id": 53,
    "Type": 4,
    "Text": "AdviceWord_53_Text"
  },
  {
    "Id": 54,
    "Type": 4,
    "Text": "AdviceWord_54_Text"
  },
  {
    "Id": 55,
    "Type": 5,
    "Text": "AdviceWord_55_Text"
  },
  {
    "Id": 56,
    "Type": 5,
    "Text": "AdviceWord_56_Text"
  },
  {
    "Id": 57,
    "Type": 5,
    "Text": "AdviceWord_57_Text"
  },
  {
    "Id": 58,
    "Type": 5,
    "Text": "AdviceWord_58_Text"
  },
  {
    "Id": 59,
    "Type": 5,
    "Text": "AdviceWord_59_Text"
  },
  {
    "Id": 60,
    "Type": 5,
    "Text": "AdviceWord_60_Text"
  },
  {
    "Id": 61,
    "Type": 5,
    "Text": "AdviceWord_61_Text"
  },
  {
    "Id": 62,
    "Type": 5,
    "Text": "AdviceWord_62_Text"
  },
  {
    "Id": 63,
    "Type": 5,
    "Text": "AdviceWord_63_Text"
  },
  {
    "Id": 64,
    "Type": 5,
    "Text": "AdviceWord_64_Text"
  },
  {
    "Id": 65,
    "Type": 6,
    "Text": "AdviceWord_65_Text"
  },
  {
    "Id": 66,
    "Type": 6,
    "Text": "AdviceWord_66_Text"
  },
  {
    "Id": 67,
    "Type": 6,
    "Text": "AdviceWord_67_Text"
  },
  {
    "Id": 68,
    "Type": 7,
    "Text": "AdviceWord_68_Text"
  },
  {
    "Id": 69,
    "Type": 7,
    "Text": "AdviceWord_69_Text"
  },
  {
    "Id": 70,
    "Type": 7,
    "Text": "AdviceWord_70_Text"
  },
  {
    "Id": 71,
    "Type": 7,
    "Text": "AdviceWord_71_Text"
  },
  {
    "Id": 72,
    "Type": 7,
    "Text": "AdviceWord_72_Text"
  },
  {
    "Id": 73,
    "Type": 7,
    "Text": "AdviceWord_73_Text"
  },
  {
    "Id": 74,
    "Type": 7,
    "Text": "AdviceWord_74_Text"
  },
  {
    "Id": 75,
    "Type": 7,
    "Text": "AdviceWord_75_Text"
  },
  {
    "Id": 76,
    "Type": 7,
    "Text": "AdviceWord_76_Text"
  },
  {
    "Id": 77,
    "Type": 7,
    "Text": "AdviceWord_77_Text"
  }
]