[
  {
    "PhantomSkillId": 1004,
    "Name": "ExploreTools_1004_Name",
    "SkillType": 1,
    "CurrentSkillInfo": "ExploreTools_1004_CurrentSkillInfo",
    "HelpId": 0,
    "Icon": "/Game/Aki/UI/UIResources/Common/Atlas/SkillIcon/SkillIconNor/SP_IconT3.SP_IconT3",
    "BackGround": "/Game/Aki/UI/UIResources/Common/Atlas/SkillIcon/SkillIconNor/SP_IconT3.SP_IconT3",
    "BattleViewIcon": "/Game/Aki/UI/UIResources/Common/Atlas/SkillIcon/SkillIconNor/SP_IconT3.SP_IconT3",
    "SortId": 3,
    "AutoFill": true,
    "ShowUnlock": false,
    "SkillGroupId": 1,
    "IsUseInPhantomTeam": false,
    "Cost": {},
    "Authorization": {},
    "SummonConfigId": 0
  },
  {
    "PhantomSkillId": 1001,
    "Name": "ExploreTools_1001_Name",
    "SkillType": 1,
    "CurrentSkillInfo": "ExploreTools_1001_CurrentSkillInfo",
    "HelpId": 0,
    "Icon": "/Game/Aki/UI/UIResources/Common/Atlas/SkillIcon/SkillIconNor/SP_IconT6.SP_IconT6",
    "BackGround": "/Game/Aki/UI/UIResources/Common/Atlas/SkillIcon/SkillIconNor/SP_IconT6.SP_IconT6",
    "BattleViewIcon": "/Game/Aki/UI/UIResources/Common/Atlas/SkillIcon/SkillIconNor/SP_IconT6.SP_IconT6",
    "SortId": 1,
    "AutoFill": true,
    "ShowUnlock": false,
    "SkillGroupId": 1,
    "IsUseInPhantomTeam": false,
    "Cost": {},
    "Authorization": {},
    "SummonConfigId": 0
  },
  {
    "PhantomSkillId": 1003,
    "Name": "ExploreTools_1003_Name",
    "SkillType": 1,
    "CurrentSkillInfo": "ExploreTools_1003_CurrentSkillInfo",
    "HelpId": 0,
    "Icon": "/Game/Aki/UI/UIResources/Common/Atlas/SkillIcon/SkillIconNor/SP_IconT1.SP_IconT1",
    "BackGround": "/Game/Aki/UI/UIResources/Common/Atlas/SkillIcon/SkillIconNor/SP_IconT1.SP_IconT1",
    "BattleViewIcon": "/Game/Aki/UI/UIResources/Common/Atlas/SkillIcon/SkillIconNor/SP_IconT1.SP_IconT1",
    "SortId": 4,
    "AutoFill": true,
    "ShowUnlock": false,
    "SkillGroupId": 1,
    "IsUseInPhantomTeam": false,
    "Cost": {},
    "Authorization": {},
    "SummonConfigId": 0
  },
  {
    "PhantomSkillId": 1005,
    "Name": "ExploreTools_1005_Name",
    "SkillType": 2,
    "CurrentSkillInfo": "ExploreTools_1005_CurrentSkillInfo",
    "HelpId": 0,
    "Icon": "/Game/Aki/UI/UIResources/Common/Atlas/SkillIcon/SkillIconNor/SP_IconT2.SP_IconT2",
    "BackGround": "/Game/Aki/UI/UIResources/Common/Atlas/SkillIcon/SkillIconNor/SP_IconT2.SP_IconT2",
    "BattleViewIcon": "/Game/Aki/UI/UIResources/Common/Atlas/SkillIcon/SkillIconNor/SP_IconT2.SP_IconT2",
    "SortId": 5,
    "AutoFill": false,
    "ShowUnlock": false,
    "SkillGroupId": 1,
    "IsUseInPhantomTeam": false,
    "Cost": {},
    "Authorization": {},
    "SummonConfigId": 0
  },
  {
    "PhantomSkillId": 1006,
    "Name": "ExploreTools_1006_Name",
    "SkillType": 2,
    "CurrentSkillInfo": "ExploreTools_1006_CurrentSkillInfo",
    "HelpId": 0,
    "Icon": "/Game/Aki/UI/UIResources/Common/Atlas/SkillIcon/SkillIconNor/SP_IconT5.SP_IconT5",
    "BackGround": "/Game/Aki/UI/UIResources/Common/Atlas/SkillIcon/SkillIconNor/SP_IconT5.SP_IconT5",
    "BattleViewIcon": "/Game/Aki/UI/UIResources/Common/Atlas/SkillIcon/SkillIconNor/SP_IconT5.SP_IconT5",
    "SortId": 6,
    "AutoFill": false,
    "ShowUnlock": false,
    "SkillGroupId": 1,
    "IsUseInPhantomTeam": false,
    "Cost": {},
    "Authorization": {},
    "SummonConfigId": 0
  },
  {
    "PhantomSkillId": 1007,
    "Name": "ExploreTools_1007_Name",
    "SkillType": 1,
    "CurrentSkillInfo": "ExploreTools_1007_CurrentSkillInfo",
    "HelpId": 0,
    "Icon": "/Game/Aki/UI/UIResources/Common/Atlas/SkillIcon/SkillIconNor/SP_IconT29.SP_IconT29",
    "BackGround": "/Game/Aki/UI/UIResources/Common/Atlas/SkillIcon/SkillIconNor/SP_IconT29.SP_IconT29",
    "BattleViewIcon": "/Game/Aki/UI/UIResources/Common/Atlas/SkillIcon/SkillIconNor/SP_IconT29.SP_IconT29",
    "SortId": 7,
    "AutoFill": false,
    "ShowUnlock": false,
    "SkillGroupId": 1,
    "IsUseInPhantomTeam": false,
    "Cost": {},
    "Authorization": {},
    "SummonConfigId": 0
  },
  {
    "PhantomSkillId": 1009,
    "Name": "ExploreTools_1009_Name",
    "SkillType": 1,
    "CurrentSkillInfo": "ExploreTools_1009_CurrentSkillInfo",
    "HelpId": 0,
    "Icon": "/Game/Aki/UI/UIResources/Common/Atlas/SkillIcon/SkillIconNor/SP_IconT9.SP_IconT9",
    "BackGround": "/Game/Aki/UI/UIResources/Common/Atlas/SkillIcon/SkillIconNor/SP_IconT9.SP_IconT9",
    "BattleViewIcon": "/Game/Aki/UI/UIResources/Common/Atlas/SkillIcon/SkillIconNor/SP_IconT9.SP_IconT9",
    "SortId": 9,
    "AutoFill": false,
    "ShowUnlock": false,
    "SkillGroupId": 1,
    "IsUseInPhantomTeam": true,
    "Cost": {},
    "Authorization": {},
    "SummonConfigId": 0
  },
  {
    "PhantomSkillId": 3001,
    "Name": "ExploreTools_1009_Name",
    "SkillType": 3,
    "CurrentSkillInfo": "ExploreTools_1009_CurrentSkillInfo",
    "HelpId": 0,
    "Icon": "/Game/Aki/UI/UIResources/Common/Atlas/SkillIcon/SkillIconNor/SP_IconT9.SP_IconT9",
    "BackGround": "/Game/Aki/UI/UIResources/Common/Atlas/SkillIcon/SkillIconNor/SP_IconT9.SP_IconT9",
    "BattleViewIcon": "/Game/Aki/UI/UIResources/Common/Atlas/SkillIcon/SkillIconNor/SP_IconT9.SP_IconT9",
    "SortId": 10,
    "AutoFill": false,
    "ShowUnlock": false,
    "SkillGroupId": 1,
    "IsUseInPhantomTeam": false,
    "Cost": {},
    "Authorization": {},
    "SummonConfigId": 0
  },
  {
    "PhantomSkillId": 3002,
    "Name": "ExploreTools_1009_Name",
    "SkillType": 3,
    "CurrentSkillInfo": "ExploreTools_1009_CurrentSkillInfo",
    "HelpId": 0,
    "Icon": "/Game/Aki/UI/UIResources/Common/Atlas/SkillIcon/SkillIconNor/SP_IconT9.SP_IconT9",
    "BackGround": "/Game/Aki/UI/UIResources/Common/Atlas/SkillIcon/SkillIconNor/SP_IconT9.SP_IconT9",
    "BattleViewIcon": "/Game/Aki/UI/UIResources/UiSkillswitching/Atlas/SP_SkillswitchingItemNone.SP_SkillswitchingItemNone",
    "SortId": 10,
    "AutoFill": false,
    "ShowUnlock": false,
    "SkillGroupId": 1,
    "IsUseInPhantomTeam": false,
    "Cost": {},
    "Authorization": {},
    "SummonConfigId": 0
  },
  {
    "PhantomSkillId": 1010,
    "Name": "ExploreTools_1010_Name",
    "SkillType": 1,
    "CurrentSkillInfo": "ExploreTools_1010_CurrentSkillInfo",
    "HelpId": 30,
    "Icon": "/Game/Aki/UI/UIResources/Common/Atlas/SkillIcon/SkillIconNor/SP_IconT30.SP_IconT30",
    "BackGround": "/Game/Aki/UI/UIResources/Common/Atlas/SkillIcon/SkillIconNor/SP_IconT30.SP_IconT30",
    "BattleViewIcon": "/Game/Aki/UI/UIResources/Common/Atlas/SkillIcon/SkillIconNor/SP_IconT30.SP_IconT30",
    "SortId": 11,
    "AutoFill": true,
    "ShowUnlock": false,
    "SkillGroupId": 1,
    "IsUseInPhantomTeam": false,
    "Cost": {
      "size": 1
    },
    "Authorization": {},
    "SummonConfigId": 0
  },
  {
    "PhantomSkillId": 1011,
    "Name": "ExploreTools_1011_Name",
    "SkillType": 1,
    "CurrentSkillInfo": "ExploreTools_1011_CurrentSkillInfo",
    "HelpId": 28,
    "Icon": "/Game/Aki/UI/UIResources/Common/Atlas/SkillIcon/SkillIconNor/SP_IconT32.SP_IconT32",
    "BackGround": "/Game/Aki/UI/UIResources/Common/Atlas/SkillIcon/SkillIconNor/SP_IconT32.SP_IconT32",
    "BattleViewIcon": "/Game/Aki/UI/UIResources/Common/Atlas/SkillIcon/SkillIconNor/SP_IconT32.SP_IconT32",
    "SortId": 12,
    "AutoFill": true,
    "ShowUnlock": false,
    "SkillGroupId": 1,
    "IsUseInPhantomTeam": false,
    "Cost": {
      "size": 1
    },
    "Authorization": {
      "size": 2
    },
    "SummonConfigId": 0
  },
  {
    "PhantomSkillId": 1012,
    "Name": "ExploreTools_1012_Name",
    "SkillType": 1,
    "CurrentSkillInfo": "ExploreTools_1012_CurrentSkillInfo",
    "HelpId": 29,
    "Icon": "/Game/Aki/UI/UIResources/Common/Atlas/SkillIcon/SkillIconNor/SP_IconT31.SP_IconT31",
    "BackGround": "/Game/Aki/UI/UIResources/Common/Atlas/SkillIcon/SkillIconNor/SP_IconT31.SP_IconT31",
    "BattleViewIcon": "/Game/Aki/UI/UIResources/Common/Atlas/SkillIcon/SkillIconNor/SP_IconT31.SP_IconT31",
    "SortId": 13,
    "AutoFill": true,
    "ShowUnlock": false,
    "SkillGroupId": 1,
    "IsUseInPhantomTeam": false,
    "Cost": {},
    "Authorization": {
      "size": 2
    },
    "SummonConfigId": 0
  },
  {
    "PhantomSkillId": 1013,
    "Name": "ExploreTools_1013_Name",
    "SkillType": 1,
    "CurrentSkillInfo": "ExploreTools_1013_CurrentSkillInfo",
    "HelpId": 0,
    "Icon": "/Game/Aki/UI/UIResources/Common/Atlas/SkillIcon/SkillIconNor/SP_IconT34.SP_IconT34",
    "BackGround": "/Game/Aki/UI/UIResources/Common/Atlas/SkillIcon/SkillIconNor/SP_IconT34.SP_IconT34",
    "BattleViewIcon": "/Game/Aki/UI/UIResources/Common/Atlas/SkillIcon/SkillIconNor/SP_IconT34.SP_IconT34",
    "SortId": 14,
    "AutoFill": true,
    "ShowUnlock": false,
    "SkillGroupId": 1,
    "IsUseInPhantomTeam": false,
    "Cost": {},
    "Authorization": {},
    "SummonConfigId": 24000022
  }
]