[
  {
    "Id": 2,
    "Type": 0,
    "MapId": 0,
    "Icon": "/Game/Aki/UI/UIResources/Common/Atlas/WorldMapIcon/SP_IconMap_Play_06_UI.SP_IconMap_Play_06_UI",
    "Desc": "MapNote_2_Desc",
    "Style": 1,
    "Priority": 1,
    "Rank": 1,
    "MarkIdMap": {
      "size": 1
    },
    "MarkId": {
      "PKa": [],
      "length": 0
    },
    "ConditionId": 0,
    "QuestIdList": {
      "PKa": [],
      "length": 0
    }
  },
  {
    "Id": 3,
    "Type": 0,
    "MapId": 0,
    "Icon": "/Game/Aki/UI/UIResources/Common/Atlas/WorldMapIcon/SP_IconMap_Play_06_1_UI.SP_IconMap_Play_06_1_UI",
    "Desc": "MapNote_3_Desc",
    "Style": 0,
    "Priority": 2,
    "Rank": 2,
    "MarkIdMap": {
      "size": 1
    },
    "MarkId": {
      "PKa": [],
      "length": 0
    },
    "ConditionId": 0,
    "QuestIdList": {
      "PKa": [],
      "length": 0
    }
  },
  {
    "Id": 4,
    "Type": 1,
    "MapId": 0,
    "Icon": "/Game/Aki/UI/UIResources/Common/Atlas/WorldMapIcon/SP_IconBreakthrough.SP_IconBreakthrough",
    "Desc": "WorldLevelUpgradeNotice_Mapnote",
    "Style": 0,
    "Priority": 3,
    "Rank": 3,
    "MarkIdMap": {},
    "MarkId": {
      "PKa": [],
      "length": 0
    },
    "ConditionId": 0,
    "QuestIdList": [
      880000001,
      880000002,
      880000003
    ]
  },
  {
    "Id": 5,
    "Type": 1,
    "MapId": 0,
    "Icon": "/Game/Aki/UI/UIResources/Common/Atlas/WorldMapIcon/SP_IconMap_Play_07_UI.SP_IconMap_Play_07_UI",
    "Desc": "HuangLongExploreLevelReward_Text",
    "Style": 1,
    "Priority": 4,
    "Rank": 1,
    "MarkIdMap": {
      "size": 1
    },
    "MarkId": {
      "PKa": [],
      "length": 0
    },
    "ConditionId": 0,
    "QuestIdList": {
      "PKa": [],
      "length": 0
    }
  },
  {
    "Id": 8,
    "Type": 1,
    "MapId": 0,
    "Icon": "/Game/Aki/UI/UIResources/Common/Atlas/WorldMapIcon/SP_IconMap_Play_10_UI.SP_IconMap_Play_10_UI",
    "Desc": "MapNote_LordGym_Desc",
    "Style": 0,
    "Priority": 4,
    "Rank": 4,
    "MarkIdMap": {},
    "MarkId": {
      "PKa": [],
      "length": 0
    },
    "ConditionId": 0,
    "QuestIdList": {
      "PKa": [],
      "length": 0
    }
  },
  {
    "Id": 9,
    "Type": 0,
    "MapId": 0,
    "Icon": "/Game/Aki/UI/UIResources/Common/Atlas/WorldMapIcon/SP_IconMap_Activity_02_UI.SP_IconMap_Activity_02_UI",
    "Desc": "MapNote_9_Desc",
    "Style": 0,
    "Priority": 10,
    "Rank": 4,
    "MarkIdMap": {
      "size": 1
    },
    "MarkId": {
      "PKa": [],
      "length": 0
    },
    "ConditionId": 0,
    "QuestIdList": {
      "PKa": [],
      "length": 0
    }
  },
  {
    "Id": 10,
    "Type": 0,
    "MapId": 0,
    "Icon": "/Game/Aki/UI/UIResources/Common/Atlas/WorldMapIcon/SP_IconMap_Play_14_UI.SP_IconMap_Play_14_UI",
    "Desc": "MapNote_10_Desc",
    "Style": 1,
    "Priority": 10,
    "Rank": 1,
    "MarkIdMap": {
      "size": 1
    },
    "MarkId": {
      "PKa": [],
      "length": 0
    },
    "ConditionId": 0,
    "QuestIdList": {
      "PKa": [],
      "length": 0
    }
  }
]