[
  {
    "Id": 750001,
    "FaceExpression": "{\"Type\":\"Texture\",\"FaceIndex\":1}",
    "MaleVariant": ""
  },
  {
    "Id": 750002,
    "FaceExpression": "{\"Type\":\"Texture\",\"FaceIndex\":2}",
    "MaleVariant": ""
  },
  {
    "Id": 750003,
    "FaceExpression": "{\"Type\":\"Texture\",\"FaceIndex\":3}",
    "MaleVariant": ""
  },
  {
    "Id": 750004,
    "FaceExpression": "{\"Type\":\"Texture\",\"FaceIndex\":4}",
    "MaleVariant": ""
  },
  {
    "Id": 750005,
    "FaceExpression": "{\"Type\":\"Texture\",\"FaceIndex\":1}",
    "MaleVariant": ""
  },
  {
    "Id": 750006,
    "FaceExpression": "{\"Type\":\"Texture\",\"FaceIndex\":2}",
    "MaleVariant": ""
  },
  {
    "Id": 750007,
    "FaceExpression": "{\"Type\":\"Texture\",\"FaceIndex\":3}",
    "MaleVariant": ""
  },
  {
    "Id": 750008,
    "FaceExpression": "{\"Type\":\"Texture\",\"FaceIndex\":4}",
    "MaleVariant": ""
  },
  {
    "Id": 750009,
    "FaceExpression": "{\"Type\":\"Texture\",\"FaceIndex\":1}",
    "MaleVariant": ""
  },
  {
    "Id": 750011,
    "FaceExpression": "{\"Type\":\"Texture\",\"FaceIndex\":2}",
    "MaleVariant": ""
  },
  {
    "Id": 750012,
    "FaceExpression": "{\"Type\":\"Texture\",\"FaceIndex\":3}",
    "MaleVariant": ""
  },
  {
    "Id": 750010,
    "FaceExpression": "{\"Type\":\"Texture\",\"FaceIndex\":4}",
    "MaleVariant": ""
  },
  {
    "Id": 750013,
    "FaceExpression": "{\"Type\":\"Texture\",\"FaceIndex\":1}",
    "MaleVariant": ""
  },
  {
    "Id": 750015,
    "FaceExpression": "{\"Type\":\"Texture\",\"FaceIndex\":2}",
    "MaleVariant": ""
  },
  {
    "Id": 750016,
    "FaceExpression": "{\"Type\":\"Texture\",\"FaceIndex\":3}",
    "MaleVariant": ""
  },
  {
    "Id": 750014,
    "FaceExpression": "{\"Type\":\"Texture\",\"FaceIndex\":4}",
    "MaleVariant": ""
  },
  {
    "Id": 750017,
    "FaceExpression": "{\"Type\":\"Texture\",\"FaceIndex\":1}",
    "MaleVariant": ""
  },
  {
    "Id": 750019,
    "FaceExpression": "{\"Type\":\"Texture\",\"FaceIndex\":2}",
    "MaleVariant": ""
  },
  {
    "Id": 750020,
    "FaceExpression": "{\"Type\":\"Texture\",\"FaceIndex\":3}",
    "MaleVariant": ""
  },
  {
    "Id": 750018,
    "FaceExpression": "{\"Type\":\"Texture\",\"FaceIndex\":4}",
    "MaleVariant": ""
  },
  {
    "Id": 750021,
    "FaceExpression": "{\"Type\":\"Texture\",\"FaceIndex\":1}",
    "MaleVariant": ""
  },
  {
    "Id": 750023,
    "FaceExpression": "{\"Type\":\"Texture\",\"FaceIndex\":2}",
    "MaleVariant": ""
  },
  {
    "Id": 750024,
    "FaceExpression": "{\"Type\":\"Texture\",\"FaceIndex\":3}",
    "MaleVariant": ""
  },
  {
    "Id": 750022,
    "FaceExpression": "{\"Type\":\"Texture\",\"FaceIndex\":4}",
    "MaleVariant": ""
  },
  {
    "Id": 750025,
    "FaceExpression": "{\"Type\":\"Texture\",\"FaceIndex\":4}",
    "MaleVariant": ""
  },
  {
    "Id": 750026,
    "FaceExpression": "{\"Type\":\"Texture\",\"FaceIndex\":1}",
    "MaleVariant": ""
  },
  {
    "Id": 750028,
    "FaceExpression": "{\"Type\":\"Texture\",\"FaceIndex\":2}",
    "MaleVariant": ""
  },
  {
    "Id": 750029,
    "FaceExpression": "{\"Type\":\"Texture\",\"FaceIndex\":3}",
    "MaleVariant": ""
  },
  {
    "Id": 750027,
    "FaceExpression": "{\"Type\":\"Texture\",\"FaceIndex\":4}",
    "MaleVariant": ""
  },
  {
    "Id": 750030,
    "FaceExpression": "{\"Type\":\"Texture\",\"FaceIndex\":1}",
    "MaleVariant": ""
  },
  {
    "Id": 750033,
    "FaceExpression": "{\"Type\":\"Texture\",\"FaceIndex\":2}",
    "MaleVariant": ""
  },
  {
    "Id": 750032,
    "FaceExpression": "{\"Type\":\"Texture\",\"FaceIndex\":3}",
    "MaleVariant": ""
  },
  {
    "Id": 750031,
    "FaceExpression": "{\"Type\":\"Texture\",\"FaceIndex\":4}",
    "MaleVariant": ""
  },
  {
    "Id": 750034,
    "FaceExpression": "{\"Type\":\"Texture\",\"FaceIndex\":1}",
    "MaleVariant": ""
  },
  {
    "Id": 750037,
    "FaceExpression": "{\"Type\":\"Texture\",\"FaceIndex\":2}",
    "MaleVariant": ""
  },
  {
    "Id": 750036,
    "FaceExpression": "{\"Type\":\"Texture\",\"FaceIndex\":3}",
    "MaleVariant": ""
  },
  {
    "Id": 750035,
    "FaceExpression": "{\"Type\":\"Texture\",\"FaceIndex\":4}",
    "MaleVariant": ""
  },
  {
    "Id": 750038,
    "FaceExpression": "{\"Type\":\"Texture\",\"FaceIndex\":1}",
    "MaleVariant": ""
  },
  {
    "Id": 750041,
    "FaceExpression": "{\"Type\":\"Texture\",\"FaceIndex\":2}",
    "MaleVariant": ""
  },
  {
    "Id": 750040,
    "FaceExpression": "{\"Type\":\"Texture\",\"FaceIndex\":3}",
    "MaleVariant": ""
  },
  {
    "Id": 750039,
    "FaceExpression": "{\"Type\":\"Texture\",\"FaceIndex\":4}",
    "MaleVariant": ""
  },
  {
    "Id": 750042,
    "FaceExpression": "{\"Type\":\"Texture\",\"FaceIndex\":1}",
    "MaleVariant": ""
  },
  {
    "Id": 750045,
    "FaceExpression": "{\"Type\":\"Texture\",\"FaceIndex\":2}",
    "MaleVariant": ""
  },
  {
    "Id": 750044,
    "FaceExpression": "{\"Type\":\"Texture\",\"FaceIndex\":3}",
    "MaleVariant": ""
  },
  {
    "Id": 750043,
    "FaceExpression": "{\"Type\":\"Texture\",\"FaceIndex\":4}",
    "MaleVariant": ""
  },
  {
    "Id": 750049,
    "FaceExpression": "{\"Type\":\"Texture\",\"FaceIndex\":1}",
    "MaleVariant": ""
  },
  {
    "Id": 750048,
    "FaceExpression": "{\"Type\":\"Texture\",\"FaceIndex\":2}",
    "MaleVariant": ""
  },
  {
    "Id": 750046,
    "FaceExpression": "{\"Type\":\"Texture\",\"FaceIndex\":3}",
    "MaleVariant": ""
  },
  {
    "Id": 750047,
    "FaceExpression": "{\"Type\":\"Texture\",\"FaceIndex\":4}",
    "MaleVariant": ""
  },
  {
    "Id": 750050,
    "FaceExpression": "{\"Type\":\"Texture\",\"FaceIndex\":1}",
    "MaleVariant": ""
  },
  {
    "Id": 750052,
    "FaceExpression": "{\"Type\":\"Texture\",\"FaceIndex\":2}",
    "MaleVariant": ""
  },
  {
    "Id": 750053,
    "FaceExpression": "{\"Type\":\"Texture\",\"FaceIndex\":3}",
    "MaleVariant": ""
  },
  {
    "Id": 750051,
    "FaceExpression": "{\"Type\":\"Texture\",\"FaceIndex\":4}",
    "MaleVariant": ""
  },
  {
    "Id": 750057,
    "FaceExpression": "{\"Type\":\"Texture\",\"FaceIndex\":1}",
    "MaleVariant": ""
  },
  {
    "Id": 750056,
    "FaceExpression": "{\"Type\":\"Texture\",\"FaceIndex\":2}",
    "MaleVariant": ""
  },
  {
    "Id": 750055,
    "FaceExpression": "{\"Type\":\"Texture\",\"FaceIndex\":3}",
    "MaleVariant": ""
  },
  {
    "Id": 750054,
    "FaceExpression": "{\"Type\":\"Texture\",\"FaceIndex\":4}",
    "MaleVariant": ""
  },
  {
    "Id": 750058,
    "FaceExpression": "{\"Type\":\"Texture\",\"FaceIndex\":1}",
    "MaleVariant": ""
  },
  {
    "Id": 750061,
    "FaceExpression": "{\"Type\":\"Texture\",\"FaceIndex\":2}",
    "MaleVariant": ""
  },
  {
    "Id": 750060,
    "FaceExpression": "{\"Type\":\"Texture\",\"FaceIndex\":3}",
    "MaleVariant": ""
  },
  {
    "Id": 750059,
    "FaceExpression": "{\"Type\":\"Texture\",\"FaceIndex\":4}",
    "MaleVariant": ""
  },
  {
    "Id": 750063,
    "FaceExpression": "{\"Type\":\"Texture\",\"FaceIndex\":1}",
    "MaleVariant": ""
  },
  {
    "Id": 750064,
    "FaceExpression": "{\"Type\":\"Texture\",\"FaceIndex\":2}",
    "MaleVariant": ""
  },
  {
    "Id": 750065,
    "FaceExpression": "{\"Type\":\"Texture\",\"FaceIndex\":3}",
    "MaleVariant": ""
  },
  {
    "Id": 750062,
    "FaceExpression": "{\"Type\":\"Texture\",\"FaceIndex\":4}",
    "MaleVariant": ""
  },
  {
    "Id": 750066,
    "FaceExpression": "{\"Type\":\"Texture\",\"FaceIndex\":4}",
    "MaleVariant": ""
  },
  {
    "Id": 750067,
    "FaceExpression": "{\"Type\":\"Texture\",\"FaceIndex\":3}",
    "MaleVariant": ""
  },
  {
    "Id": 750068,
    "FaceExpression": "{\"Type\":\"Texture\",\"FaceIndex\":2}",
    "MaleVariant": ""
  },
  {
    "Id": 750069,
    "FaceExpression": "{\"Type\":\"Texture\",\"FaceIndex\":1}",
    "MaleVariant": ""
  },
  {
    "Id": 750070,
    "FaceExpression": "{\"Type\":\"Texture\",\"FaceIndex\":1}",
    "MaleVariant": ""
  },
  {
    "Id": 750071,
    "FaceExpression": "{\"Type\":\"Texture\",\"FaceIndex\":2}",
    "MaleVariant": ""
  },
  {
    "Id": 750072,
    "FaceExpression": "{\"Type\":\"Texture\",\"FaceIndex\":3}",
    "MaleVariant": ""
  },
  {
    "Id": 750073,
    "FaceExpression": "{\"Type\":\"Texture\",\"FaceIndex\":4}",
    "MaleVariant": ""
  },
  {
    "Id": 750074,
    "FaceExpression": "{\"Type\":\"Texture\",\"FaceIndex\":4}",
    "MaleVariant": ""
  },
  {
    "Id": 750075,
    "FaceExpression": "{\"Type\":\"Texture\",\"FaceIndex\":3}",
    "MaleVariant": ""
  },
  {
    "Id": 750076,
    "FaceExpression": "{\"Type\":\"Texture\",\"FaceIndex\":2}",
    "MaleVariant": ""
  },
  {
    "Id": 750077,
    "FaceExpression": "{\"Type\":\"Texture\",\"FaceIndex\":1}",
    "MaleVariant": ""
  },
  {
    "Id": 750078,
    "FaceExpression": "{\"Type\":\"Texture\",\"FaceIndex\":1}",
    "MaleVariant": ""
  },
  {
    "Id": 750079,
    "FaceExpression": "{\"Type\":\"Texture\",\"FaceIndex\":2}",
    "MaleVariant": ""
  },
  {
    "Id": 750080,
    "FaceExpression": "{\"Type\":\"Texture\",\"FaceIndex\":3}",
    "MaleVariant": ""
  },
  {
    "Id": 750081,
    "FaceExpression": "{\"Type\":\"Texture\",\"FaceIndex\":4}",
    "MaleVariant": ""
  },
  {
    "Id": 750082,
    "FaceExpression": "{\"Type\":\"Texture\",\"FaceIndex\":4}",
    "MaleVariant": ""
  },
  {
    "Id": 750083,
    "FaceExpression": "{\"Type\":\"Texture\",\"FaceIndex\":3}",
    "MaleVariant": ""
  },
  {
    "Id": 750084,
    "FaceExpression": "{\"Type\":\"Texture\",\"FaceIndex\":2}",
    "MaleVariant": ""
  },
  {
    "Id": 750085,
    "FaceExpression": "{\"Type\":\"Texture\",\"FaceIndex\":1}",
    "MaleVariant": ""
  },
  {
    "Id": 750086,
    "FaceExpression": "{\"Type\":\"Texture\",\"FaceIndex\":1}",
    "MaleVariant": ""
  },
  {
    "Id": 750087,
    "FaceExpression": "{\"Type\":\"Texture\",\"FaceIndex\":2}",
    "MaleVariant": ""
  },
  {
    "Id": 750088,
    "FaceExpression": "{\"Type\":\"Texture\",\"FaceIndex\":3}",
    "MaleVariant": ""
  },
  {
    "Id": 750089,
    "FaceExpression": "{\"Type\":\"Texture\",\"FaceIndex\":4}",
    "MaleVariant": ""
  },
  {
    "Id": 750090,
    "FaceExpression": "{\"Type\":\"Texture\",\"FaceIndex\":4}",
    "MaleVariant": ""
  },
  {
    "Id": 750091,
    "FaceExpression": "{\"Type\":\"Texture\",\"FaceIndex\":3}",
    "MaleVariant": ""
  },
  {
    "Id": 750092,
    "FaceExpression": "{\"Type\":\"Texture\",\"FaceIndex\":2}",
    "MaleVariant": ""
  },
  {
    "Id": 750093,
    "FaceExpression": "{\"Type\":\"Texture\",\"FaceIndex\":1}",
    "MaleVariant": ""
  },
  {
    "Id": 750094,
    "FaceExpression": "{\"Type\":\"Texture\",\"FaceIndex\":1}",
    "MaleVariant": ""
  },
  {
    "Id": 750095,
    "FaceExpression": "{\"Type\":\"Texture\",\"FaceIndex\":2}",
    "MaleVariant": ""
  },
  {
    "Id": 750096,
    "FaceExpression": "{\"Type\":\"Texture\",\"FaceIndex\":3}",
    "MaleVariant": ""
  },
  {
    "Id": 750097,
    "FaceExpression": "{\"Type\":\"Texture\",\"FaceIndex\":4}",
    "MaleVariant": ""
  },
  {
    "Id": 750098,
    "FaceExpression": "{\"Type\":\"Texture\",\"FaceIndex\":4}",
    "MaleVariant": ""
  },
  {
    "Id": 750099,
    "FaceExpression": "{\"Type\":\"Texture\",\"FaceIndex\":3}",
    "MaleVariant": ""
  },
  {
    "Id": 750100,
    "FaceExpression": "{\"Type\":\"Texture\",\"FaceIndex\":2}",
    "MaleVariant": ""
  },
  {
    "Id": 750101,
    "FaceExpression": "{\"Type\":\"Texture\",\"FaceIndex\":1}",
    "MaleVariant": ""
  },
  {
    "Id": 750102,
    "FaceExpression": "{\"Type\":\"Texture\",\"FaceIndex\":1}",
    "MaleVariant": ""
  },
  {
    "Id": 750103,
    "FaceExpression": "{\"Type\":\"Texture\",\"FaceIndex\":2}",
    "MaleVariant": ""
  },
  {
    "Id": 750104,
    "FaceExpression": "{\"Type\":\"Texture\",\"FaceIndex\":3}",
    "MaleVariant": ""
  },
  {
    "Id": 750105,
    "FaceExpression": "{\"Type\":\"Texture\",\"FaceIndex\":4}",
    "MaleVariant": ""
  },
  {
    "Id": 750106,
    "FaceExpression": "{\"Type\":\"Texture\",\"FaceIndex\":4}",
    "MaleVariant": ""
  },
  {
    "Id": 750107,
    "FaceExpression": "{\"Type\":\"Texture\",\"FaceIndex\":3}",
    "MaleVariant": ""
  },
  {
    "Id": 750108,
    "FaceExpression": "{\"Type\":\"Texture\",\"FaceIndex\":2}",
    "MaleVariant": ""
  },
  {
    "Id": 750109,
    "FaceExpression": "{\"Type\":\"Texture\",\"FaceIndex\":1}",
    "MaleVariant": ""
  },
  {
    "Id": 750110,
    "FaceExpression": "{\"Type\":\"Texture\",\"FaceIndex\":1}",
    "MaleVariant": ""
  },
  {
    "Id": 750111,
    "FaceExpression": "{\"Type\":\"Texture\",\"FaceIndex\":2}",
    "MaleVariant": ""
  },
  {
    "Id": 750112,
    "FaceExpression": "{\"Type\":\"Texture\",\"FaceIndex\":3}",
    "MaleVariant": ""
  },
  {
    "Id": 750113,
    "FaceExpression": "{\"Type\":\"Texture\",\"FaceIndex\":4}",
    "MaleVariant": ""
  },
  {
    "Id": 750114,
    "FaceExpression": "{\"Type\":\"Texture\",\"FaceIndex\":4}",
    "MaleVariant": ""
  },
  {
    "Id": 750115,
    "FaceExpression": "{\"Type\":\"Texture\",\"FaceIndex\":3}",
    "MaleVariant": ""
  },
  {
    "Id": 750116,
    "FaceExpression": "{\"Type\":\"Texture\",\"FaceIndex\":2}",
    "MaleVariant": ""
  },
  {
    "Id": 750117,
    "FaceExpression": "{\"Type\":\"Texture\",\"FaceIndex\":1}",
    "MaleVariant": ""
  },
  {
    "Id": 750118,
    "FaceExpression": "{\"Type\":\"Texture\",\"FaceIndex\":1}",
    "MaleVariant": ""
  },
  {
    "Id": 750119,
    "FaceExpression": "{\"Type\":\"Texture\",\"FaceIndex\":2}",
    "MaleVariant": ""
  },
  {
    "Id": 750120,
    "FaceExpression": "{\"Type\":\"Texture\",\"FaceIndex\":3}",
    "MaleVariant": ""
  },
  {
    "Id": 750121,
    "FaceExpression": "{\"Type\":\"Texture\",\"FaceIndex\":4}",
    "MaleVariant": ""
  },
  {
    "Id": 750122,
    "FaceExpression": "{\"Type\":\"Texture\",\"FaceIndex\":4}",
    "MaleVariant": ""
  },
  {
    "Id": 750123,
    "FaceExpression": "{\"Type\":\"Texture\",\"FaceIndex\":3}",
    "MaleVariant": ""
  },
  {
    "Id": 750124,
    "FaceExpression": "{\"Type\":\"Texture\",\"FaceIndex\":2}",
    "MaleVariant": ""
  },
  {
    "Id": 750125,
    "FaceExpression": "{\"Type\":\"Texture\",\"FaceIndex\":1}",
    "MaleVariant": ""
  },
  {
    "Id": 750126,
    "FaceExpression": "{\"Type\":\"Texture\",\"FaceIndex\":1}",
    "MaleVariant": ""
  },
  {
    "Id": 750127,
    "FaceExpression": "{\"Type\":\"Texture\",\"FaceIndex\":2}",
    "MaleVariant": ""
  },
  {
    "Id": 750128,
    "FaceExpression": "{\"Type\":\"Texture\",\"FaceIndex\":3}",
    "MaleVariant": ""
  },
  {
    "Id": 750129,
    "FaceExpression": "{\"Type\":\"Texture\",\"FaceIndex\":4}",
    "MaleVariant": ""
  },
  {
    "Id": 750130,
    "FaceExpression": "{\"Type\":\"Texture\",\"FaceIndex\":4}",
    "MaleVariant": ""
  },
  {
    "Id": 750131,
    "FaceExpression": "{\"Type\":\"Texture\",\"FaceIndex\":3}",
    "MaleVariant": ""
  },
  {
    "Id": 750132,
    "FaceExpression": "{\"Type\":\"Texture\",\"FaceIndex\":2}",
    "MaleVariant": ""
  },
  {
    "Id": 750133,
    "FaceExpression": "{\"Type\":\"Texture\",\"FaceIndex\":1}",
    "MaleVariant": ""
  },
  {
    "Id": 750134,
    "FaceExpression": "{\"Type\":\"Texture\",\"FaceIndex\":1}",
    "MaleVariant": ""
  },
  {
    "Id": 750135,
    "FaceExpression": "{\"Type\":\"Texture\",\"FaceIndex\":2}",
    "MaleVariant": ""
  },
  {
    "Id": 750136,
    "FaceExpression": "{\"Type\":\"Texture\",\"FaceIndex\":3}",
    "MaleVariant": ""
  },
  {
    "Id": 750137,
    "FaceExpression": "{\"Type\":\"Texture\",\"FaceIndex\":4}",
    "MaleVariant": ""
  },
  {
    "Id": 750138,
    "FaceExpression": "{\"Type\":\"Texture\",\"FaceIndex\":4}",
    "MaleVariant": ""
  },
  {
    "Id": 750139,
    "FaceExpression": "{\"Type\":\"Texture\",\"FaceIndex\":3}",
    "MaleVariant": ""
  },
  {
    "Id": 750140,
    "FaceExpression": "{\"Type\":\"Texture\",\"FaceIndex\":2}",
    "MaleVariant": ""
  },
  {
    "Id": 750141,
    "FaceExpression": "{\"Type\":\"Texture\",\"FaceIndex\":1}",
    "MaleVariant": ""
  },
  {
    "Id": 750142,
    "FaceExpression": "{\"Type\":\"Texture\",\"FaceIndex\":1}",
    "MaleVariant": ""
  },
  {
    "Id": 750143,
    "FaceExpression": "{\"Type\":\"Texture\",\"FaceIndex\":2}",
    "MaleVariant": ""
  },
  {
    "Id": 750144,
    "FaceExpression": "{\"Type\":\"Texture\",\"FaceIndex\":3}",
    "MaleVariant": ""
  },
  {
    "Id": 750145,
    "FaceExpression": "{\"Type\":\"Texture\",\"FaceIndex\":4}",
    "MaleVariant": ""
  },
  {
    "Id": 750146,
    "FaceExpression": "{\"Type\":\"Texture\",\"FaceIndex\":5}",
    "MaleVariant": ""
  },
  {
    "Id": 750147,
    "FaceExpression": "{\"Type\":\"Texture\",\"FaceIndex\":6}",
    "MaleVariant": ""
  },
  {
    "Id": 750148,
    "FaceExpression": "{\"Type\":\"Texture\",\"FaceIndex\":7}",
    "MaleVariant": ""
  },
  {
    "Id": 750149,
    "FaceExpression": "{\"Type\":\"Texture\",\"FaceIndex\":8}",
    "MaleVariant": ""
  },
  {
    "Id": 750150,
    "FaceExpression": "{\"Type\":\"Texture\",\"FaceIndex\":1}",
    "MaleVariant": ""
  },
  {
    "Id": 750151,
    "FaceExpression": "{\"Type\":\"Texture\",\"FaceIndex\":2}",
    "MaleVariant": ""
  },
  {
    "Id": 750152,
    "FaceExpression": "{\"Type\":\"Texture\",\"FaceIndex\":3}",
    "MaleVariant": ""
  },
  {
    "Id": 750153,
    "FaceExpression": "{\"Type\":\"Texture\",\"FaceIndex\":4}",
    "MaleVariant": ""
  },
  {
    "Id": 750154,
    "FaceExpression": "{\"Type\":\"Texture\",\"FaceIndex\":9}",
    "MaleVariant": ""
  },
  {
    "Id": 750155,
    "FaceExpression": "{\"Type\":\"AnimSequence\",\"Path\":\"/Game/Aki/Sequence/SequenceAnim/DefaultFace/Angry.Angry\"}",
    "MaleVariant": ""
  },
  {
    "Id": 750156,
    "FaceExpression": "{\"Type\":\"AnimSequence\",\"Path\":\"/Game/Aki/Sequence/SequenceAnim/DefaultFace/Close_Eyes.Close_Eyes\"}",
    "MaleVariant": ""
  },
  {
    "Id": 750157,
    "FaceExpression": "{\"Type\":\"AnimSequence\",\"Path\":\"/Game/Aki/Sequence/SequenceAnim/DefaultFace/Faces_Default.Faces_Default\"}",
    "MaleVariant": ""
  },
  {
    "Id": 750158,
    "FaceExpression": "{\"Type\":\"AnimSequence\",\"Path\":\"/Game/Aki/Sequence/SequenceAnim/DefaultFace/Happy.Happy\"}",
    "MaleVariant": ""
  },
  {
    "Id": 750159,
    "FaceExpression": "{\"Type\":\"AnimSequence\",\"Path\":\"/Game/Aki/Sequence/SequenceAnim/DefaultFace/Sad.Sad\"}",
    "MaleVariant": ""
  },
  {
    "Id": 750160,
    "FaceExpression": "{\"Type\":\"AnimSequence\",\"Path\":\"/Game/Aki/Sequence/SequenceAnim/DefaultFace/Sad.Sad\"}",
    "MaleVariant": ""
  },
  {
    "Id": 750161,
    "FaceExpression": "{\"Type\":\"AnimSequence\",\"Path\":\"/Game/Aki/Sequence/SequenceAnim/DefaultFace/Happy.Happy\"}",
    "MaleVariant": ""
  },
  {
    "Id": 750162,
    "FaceExpression": "{\"Type\":\"AnimSequence\",\"Path\":\"/Game/Aki/Sequence/SequenceAnim/DefaultFace/Faces_Default.Faces_Default\"}",
    "MaleVariant": ""
  },
  {
    "Id": 750163,
    "FaceExpression": "{\"Type\":\"AnimSequence\",\"Path\":\"/Game/Aki/Sequence/SequenceAnim/DefaultFace/Close_Eyes.Close_Eyes\"}",
    "MaleVariant": ""
  },
  {
    "Id": 750164,
    "FaceExpression": "{\"Type\":\"AnimSequence\",\"Path\":\"/Game/Aki/Sequence/SequenceAnim/DefaultFace/Angry.Angry\"}",
    "MaleVariant": ""
  },
  {
    "Id": 750165,
    "FaceExpression": "{\"Type\":\"AnimSequence\",\"Path\":\"/Game/Aki/Sequence/SequenceAnim/DefaultFace/Angry.Angry\"}",
    "MaleVariant": ""
  },
  {
    "Id": 750166,
    "FaceExpression": "{\"Type\":\"AnimSequence\",\"Path\":\"/Game/Aki/Sequence/SequenceAnim/DefaultFace/Close_Eyes.Close_Eyes\"}",
    "MaleVariant": ""
  },
  {
    "Id": 750167,
    "FaceExpression": "{\"Type\":\"AnimSequence\",\"Path\":\"/Game/Aki/Sequence/SequenceAnim/DefaultFace/Faces_Default.Faces_Default\"}",
    "MaleVariant": ""
  },
  {
    "Id": 750168,
    "FaceExpression": "{\"Type\":\"AnimSequence\",\"Path\":\"/Game/Aki/Sequence/SequenceAnim/DefaultFace/Happy.Happy\"}",
    "MaleVariant": ""
  },
  {
    "Id": 750169,
    "FaceExpression": "{\"Type\":\"AnimSequence\",\"Path\":\"/Game/Aki/Sequence/SequenceAnim/DefaultFace/Sad.Sad\"}",
    "MaleVariant": ""
  },
  {
    "Id": 750170,
    "FaceExpression": "{\"Type\":\"Texture\",\"FaceIndex\":2}",
    "MaleVariant": ""
  },
  {
    "Id": 750171,
    "FaceExpression": "{\"Type\":\"Texture\",\"FaceIndex\":3}",
    "MaleVariant": ""
  },
  {
    "Id": 750172,
    "FaceExpression": "{\"Type\":\"Texture\",\"FaceIndex\":4}",
    "MaleVariant": ""
  },
  {
    "Id": 750173,
    "FaceExpression": "{\"Type\":\"Texture\",\"FaceIndex\":5}",
    "MaleVariant": ""
  },
  {
    "Id": 750174,
    "FaceExpression": "{\"Type\":\"Texture\",\"FaceIndex\":6}",
    "MaleVariant": ""
  },
  {
    "Id": 750175,
    "FaceExpression": "{\"Type\":\"Texture\",\"FaceIndex\":7}",
    "MaleVariant": ""
  },
  {
    "Id": 750176,
    "FaceExpression": "{\"Type\":\"Texture\",\"FaceIndex\":8}",
    "MaleVariant": ""
  },
  {
    "Id": 750177,
    "FaceExpression": "{\"Type\":\"Texture\",\"FaceIndex\":1}",
    "MaleVariant": ""
  },
  {
    "Id": 750178,
    "FaceExpression": "{\"Type\":\"Texture\",\"FaceIndex\":1}",
    "MaleVariant": ""
  },
  {
    "Id": 750179,
    "FaceExpression": "{\"Type\":\"Texture\",\"FaceIndex\":2}",
    "MaleVariant": ""
  },
  {
    "Id": 750180,
    "FaceExpression": "{\"Type\":\"Texture\",\"FaceIndex\":3}",
    "MaleVariant": ""
  },
  {
    "Id": 750182,
    "FaceExpression": "{\"Type\":\"Texture\",\"FaceIndex\":4}",
    "MaleVariant": ""
  },
  {
    "Id": 750181,
    "FaceExpression": "{\"Type\":\"Texture\",\"FaceIndex\":5}",
    "MaleVariant": ""
  },
  {
    "Id": 750183,
    "FaceExpression": "{\"Type\":\"Texture\",\"FaceIndex\":6}",
    "MaleVariant": ""
  },
  {
    "Id": 750184,
    "FaceExpression": "{\"Type\":\"Texture\",\"FaceIndex\":7}",
    "MaleVariant": ""
  },
  {
    "Id": 750185,
    "FaceExpression": "{\"Type\":\"Texture\",\"FaceIndex\":8}",
    "MaleVariant": ""
  },
  {
    "Id": 750186,
    "FaceExpression": "{\"Type\":\"Texture\",\"FaceIndex\":2}",
    "MaleVariant": ""
  },
  {
    "Id": 750187,
    "FaceExpression": "{\"Type\":\"Texture\",\"FaceIndex\":3}",
    "MaleVariant": ""
  },
  {
    "Id": 750188,
    "FaceExpression": "{\"Type\":\"Texture\",\"FaceIndex\":4}",
    "MaleVariant": ""
  },
  {
    "Id": 750189,
    "FaceExpression": "{\"Type\":\"Texture\",\"FaceIndex\":5}",
    "MaleVariant": ""
  },
  {
    "Id": 750190,
    "FaceExpression": "{\"Type\":\"Texture\",\"FaceIndex\":6}",
    "MaleVariant": ""
  },
  {
    "Id": 750191,
    "FaceExpression": "{\"Type\":\"Texture\",\"FaceIndex\":7}",
    "MaleVariant": ""
  },
  {
    "Id": 750192,
    "FaceExpression": "{\"Type\":\"Texture\",\"FaceIndex\":8}",
    "MaleVariant": ""
  },
  {
    "Id": 750193,
    "FaceExpression": "{\"Type\":\"Texture\",\"FaceIndex\":1}",
    "MaleVariant": ""
  },
  {
    "Id": 750194,
    "FaceExpression": "{\"Type\":\"Texture\",\"FaceIndex\":2}",
    "MaleVariant": ""
  },
  {
    "Id": 750195,
    "FaceExpression": "{\"Type\":\"Texture\",\"FaceIndex\":3}",
    "MaleVariant": ""
  },
  {
    "Id": 750196,
    "FaceExpression": "{\"Type\":\"Texture\",\"FaceIndex\":4}",
    "MaleVariant": ""
  },
  {
    "Id": 750197,
    "FaceExpression": "{\"Type\":\"Texture\",\"FaceIndex\":5}",
    "MaleVariant": ""
  },
  {
    "Id": 750198,
    "FaceExpression": "{\"Type\":\"Texture\",\"FaceIndex\":6}",
    "MaleVariant": ""
  },
  {
    "Id": 750199,
    "FaceExpression": "{\"Type\":\"Texture\",\"FaceIndex\":7}",
    "MaleVariant": ""
  },
  {
    "Id": 750200,
    "FaceExpression": "{\"Type\":\"Texture\",\"FaceIndex\":8}",
    "MaleVariant": ""
  },
  {
    "Id": 750201,
    "FaceExpression": "{\"Type\":\"Texture\",\"FaceIndex\":1}",
    "MaleVariant": ""
  },
  {
    "Id": 750210,
    "FaceExpression": "{\"Type\":\"Texture\",\"FaceIndex\":2}",
    "MaleVariant": ""
  },
  {
    "Id": 750211,
    "FaceExpression": "{\"Type\":\"Texture\",\"FaceIndex\":3}",
    "MaleVariant": ""
  },
  {
    "Id": 750212,
    "FaceExpression": "{\"Type\":\"Texture\",\"FaceIndex\":4}",
    "MaleVariant": ""
  },
  {
    "Id": 750213,
    "FaceExpression": "{\"Type\":\"Texture\",\"FaceIndex\":5}",
    "MaleVariant": ""
  },
  {
    "Id": 750214,
    "FaceExpression": "{\"Type\":\"Texture\",\"FaceIndex\":6}",
    "MaleVariant": ""
  },
  {
    "Id": 750215,
    "FaceExpression": "{\"Type\":\"Texture\",\"FaceIndex\":7}",
    "MaleVariant": ""
  },
  {
    "Id": 750216,
    "FaceExpression": "{\"Type\":\"Texture\",\"FaceIndex\":8}",
    "MaleVariant": ""
  },
  {
    "Id": 750217,
    "FaceExpression": "{\"Type\":\"Texture\",\"FaceIndex\":1}",
    "MaleVariant": ""
  },
  {
    "Id": 750218,
    "FaceExpression": "{\"Type\":\"Texture\",\"FaceIndex\":2}",
    "MaleVariant": ""
  },
  {
    "Id": 750219,
    "FaceExpression": "{\"Type\":\"Texture\",\"FaceIndex\":3}",
    "MaleVariant": ""
  },
  {
    "Id": 750220,
    "FaceExpression": "{\"Type\":\"Texture\",\"FaceIndex\":4}",
    "MaleVariant": ""
  },
  {
    "Id": 750221,
    "FaceExpression": "{\"Type\":\"Texture\",\"FaceIndex\":5}",
    "MaleVariant": ""
  },
  {
    "Id": 750222,
    "FaceExpression": "{\"Type\":\"Texture\",\"FaceIndex\":6}",
    "MaleVariant": ""
  },
  {
    "Id": 750223,
    "FaceExpression": "{\"Type\":\"Texture\",\"FaceIndex\":7}",
    "MaleVariant": ""
  },
  {
    "Id": 750224,
    "FaceExpression": "{\"Type\":\"Texture\",\"FaceIndex\":8}",
    "MaleVariant": ""
  },
  {
    "Id": 750225,
    "FaceExpression": "{\"Type\":\"Texture\",\"FaceIndex\":1}",
    "MaleVariant": ""
  },
  {
    "Id": 750226,
    "FaceExpression": "{\"Type\":\"Texture\",\"FaceIndex\":2}",
    "MaleVariant": ""
  },
  {
    "Id": 750227,
    "FaceExpression": "{\"Type\":\"Texture\",\"FaceIndex\":3}",
    "MaleVariant": ""
  },
  {
    "Id": 750228,
    "FaceExpression": "{\"Type\":\"Texture\",\"FaceIndex\":4}",
    "MaleVariant": ""
  },
  {
    "Id": 750229,
    "FaceExpression": "{\"Type\":\"Texture\",\"FaceIndex\":5}",
    "MaleVariant": ""
  },
  {
    "Id": 750230,
    "FaceExpression": "{\"Type\":\"Texture\",\"FaceIndex\":6}",
    "MaleVariant": ""
  },
  {
    "Id": 750231,
    "FaceExpression": "{\"Type\":\"Texture\",\"FaceIndex\":7}",
    "MaleVariant": ""
  },
  {
    "Id": 750232,
    "FaceExpression": "{\"Type\":\"Texture\",\"FaceIndex\":8}",
    "MaleVariant": ""
  },
  {
    "Id": 750233,
    "FaceExpression": "{\"Type\":\"Texture\",\"FaceIndex\":1}",
    "MaleVariant": ""
  },
  {
    "Id": 750236,
    "FaceExpression": "{\"Type\":\"Texture\",\"FaceIndex\":6}",
    "MaleVariant": ""
  },
  {
    "Id": 750234,
    "FaceExpression": "{\"Type\":\"Texture\",\"FaceIndex\":6}",
    "MaleVariant": ""
  },
  {
    "Id": 750235,
    "FaceExpression": "{\"Type\":\"Texture\",\"FaceIndex\":6}",
    "MaleVariant": ""
  },
  {
    "Id": 750237,
    "FaceExpression": "{\"Type\":\"AnimSequence\",\"Path\":\"/Game/Aki/Sequence/SequenceAnim/DefaultFace/Happy.Happy\"}",
    "MaleVariant": ""
  },
  {
    "Id": 750238,
    "FaceExpression": "{\"Type\":\"AnimSequence\",\"Path\":\"/Game/Aki/Sequence/SequenceAnim/DefaultFace/Angry.Angry\"}",
    "MaleVariant": ""
  },
  {
    "Id": 750239,
    "FaceExpression": "{\"Type\":\"AnimSequence\",\"Path\":\"/Game/Aki/Sequence/SequenceAnim/DefaultFace/Sad.Sad\"}",
    "MaleVariant": ""
  },
  {
    "Id": 750240,
    "FaceExpression": "{\"Type\":\"AnimSequence\",\"Path\":\"/Game/Aki/Sequence/SequenceAnim/DefaultFace/Close_Eyes.Close_Eyes\"}",
    "MaleVariant": ""
  },
  {
    "Id": 750241,
    "FaceExpression": "{\"Type\":\"AnimSequence\",\"Path\":\"/Game/Aki/Sequence/SequenceAnim/DefaultFace/Faces_Default.Faces_Default\"}",
    "MaleVariant": ""
  },
  {
    "Id": 750242,
    "FaceExpression": "{\"Type\":\"AnimSequence\",\"Path\":\"/Game/Aki/Sequence/SequenceAnim/DefaultFace/Faces_Default.Faces_Default\"}",
    "MaleVariant": ""
  },
  {
    "Id": 750243,
    "FaceExpression": "{\"Type\":\"AnimSequence\",\"Path\":\"/Game/Aki/Sequence/SequenceAnim/DefaultFace/Close_Eyes.Close_Eyes\"}",
    "MaleVariant": ""
  },
  {
    "Id": 750244,
    "FaceExpression": "{\"Type\":\"AnimSequence\",\"Path\":\"/Game/Aki/Sequence/SequenceAnim/DefaultFace/Happy.Happy\"}",
    "MaleVariant": ""
  },
  {
    "Id": 750245,
    "FaceExpression": "{\"Type\":\"AnimSequence\",\"Path\":\"/Game/Aki/Sequence/SequenceAnim/DefaultFace/Angry.Angry\"}",
    "MaleVariant": ""
  },
  {
    "Id": 750246,
    "FaceExpression": "{\"Type\":\"AnimSequence\",\"Path\":\"/Game/Aki/Sequence/SequenceAnim/DefaultFace/Sad.Sad\"}",
    "MaleVariant": ""
  },
  {
    "Id": 750251,
    "FaceExpression": "{\"Type\":\"AnimSequence\",\"Path\":\"/Game/Aki/Sequence/SequenceAnim/DefaultFace/Faces_Default.Faces_Default\"}",
    "MaleVariant": ""
  },
  {
    "Id": 750250,
    "FaceExpression": "{\"Type\":\"AnimSequence\",\"Path\":\"/Game/Aki/Sequence/SequenceAnim/DefaultFace/Close_Eyes.Close_Eyes\"}",
    "MaleVariant": ""
  },
  {
    "Id": 750249,
    "FaceExpression": "{\"Type\":\"AnimSequence\",\"Path\":\"/Game/Aki/Sequence/SequenceAnim/DefaultFace/Happy.Happy\"}",
    "MaleVariant": ""
  },
  {
    "Id": 750248,
    "FaceExpression": "{\"Type\":\"AnimSequence\",\"Path\":\"/Game/Aki/Sequence/SequenceAnim/DefaultFace/Angry.Angry\"}",
    "MaleVariant": ""
  },
  {
    "Id": 750247,
    "FaceExpression": "{\"Type\":\"AnimSequence\",\"Path\":\"/Game/Aki/Sequence/SequenceAnim/DefaultFace/Sad.Sad\"}",
    "MaleVariant": ""
  },
  {
    "Id": 750256,
    "FaceExpression": "{\"Type\":\"AnimSequence\",\"Path\":\"/Game/Aki/Sequence/SequenceAnim/DefaultFace/Faces_Default.Faces_Default\"}",
    "MaleVariant": ""
  },
  {
    "Id": 750255,
    "FaceExpression": "{\"Type\":\"AnimSequence\",\"Path\":\"/Game/Aki/Sequence/SequenceAnim/DefaultFace/Close_Eyes.Close_Eyes\"}",
    "MaleVariant": ""
  },
  {
    "Id": 750254,
    "FaceExpression": "{\"Type\":\"AnimSequence\",\"Path\":\"/Game/Aki/Sequence/SequenceAnim/DefaultFace/Happy.Happy\"}",
    "MaleVariant": ""
  },
  {
    "Id": 750253,
    "FaceExpression": "{\"Type\":\"AnimSequence\",\"Path\":\"/Game/Aki/Sequence/SequenceAnim/DefaultFace/Angry.Angry\"}",
    "MaleVariant": ""
  },
  {
    "Id": 750252,
    "FaceExpression": "{\"Type\":\"AnimSequence\",\"Path\":\"/Game/Aki/Sequence/SequenceAnim/DefaultFace/Sad.Sad\"}",
    "MaleVariant": ""
  }
]