[
  {
    "Id": 100,
    "Type": 0,
    "OpenType": 0,
    "Sort": 40,
    "TimeIsDisplay": 0,
    "ShowTabTime": true,
    "PreConditionGroupId": 13000010,
    "ShowUnlockTip": false,
    "PreShowGuideQuest": [
      139000003
    ],
    "IfShowQuestLeftTime": true,
    "CloseGiveUpGuideQuest": true,
    "TabResource": "/Game/Aki/UI/UIResources/Common/Atlas/TabIcon/SP_IconActivityAll.SP_IconActivityAll",
    "TabResource2": "",
    "TabTexture": [
      "/Game/Aki/UI/UIResources/UiActivity/Image/ActivityTabIcon/T_ActivityTab_16.T_ActivityTab_16"
    ],
    "Name": "Activity_100_Title",
    "Title": "Activity_100_Title",
    "DescTheme": "",
    "Desc": "Activity_100_Desc",
    "BgResource": "/Game/Aki/UI/UIResources/Common/Image/BgCgBig/T_ActivityParkourBg1.T_ActivityParkourBg1",
    "PreviewDrop": 5020201,
    "HelpId": 46
  },
  {
    "Id": 100100001,
    "Type": 2,
    "OpenType": 0,
    "Sort": 10000,
    "TimeIsDisplay": 0,
    "ShowTabTime": false,
    "PreConditionGroupId": 12980023,
    "ShowUnlockTip": false,
    "PreShowGuideQuest": {
      "PKa": [],
      "length": 0
    },
    "IfShowQuestLeftTime": true,
    "CloseGiveUpGuideQuest": true,
    "TabResource": "/Game/Aki/UI/UIResources/Common/Atlas/TabIcon/SP_IconActivityAll.SP_IconActivityAll",
    "TabResource2": "",
    "TabTexture": [
      "/Game/Aki/UI/UIResources/UiActivity/Image/ActivityTabIcon/T_ActivityTab_07.T_ActivityTab_07"
    ],
    "Name": "Mail_Activity_100100001_Title",
    "Title": "Activity_100100001_Title",
    "DescTheme": "",
    "Desc": "Activity_100100001_Desc",
    "BgResource": "/Game/Aki/UI/UIResources/Common/Image/BgCgBig/T_BgBig1.T_BgBig1",
    "PreviewDrop": 0,
    "HelpId": 50
  },
  {
    "Id": 100300001,
    "Type": 3,
    "OpenType": 0,
    "Sort": 30000,
    "TimeIsDisplay": 0,
    "ShowTabTime": false,
    "PreConditionGroupId": 13000016,
    "ShowUnlockTip": false,
    "PreShowGuideQuest": [
      310000041
    ],
    "IfShowQuestLeftTime": true,
    "CloseGiveUpGuideQuest": true,
    "TabResource": "/Game/Aki/UI/UIResources/Common/Atlas/TabIcon/SP_IconActivityAll.SP_IconActivityAll",
    "TabResource2": "",
    "TabTexture": [
      "/Game/Aki/UI/UIResources/UiActivity/Image/ActivityTabIcon/T_ActivityTab_04.T_ActivityTab_04"
    ],
    "Name": "Activity_100300001_Title",
    "Title": "Activity_100300001_Title",
    "DescTheme": "",
    "Desc": "Activity_100300001_Desc",
    "BgResource": "/Game/Aki/UI/UIResources/Common/Image/BgCgBig/T_ActivityTowerGuideBg.T_ActivityTowerGuideBg",
    "PreviewDrop": 5020302,
    "HelpId": 54
  },
  {
    "Id": 100400001,
    "Type": 4,
    "OpenType": 0,
    "Sort": 40000,
    "TimeIsDisplay": 0,
    "ShowTabTime": false,
    "PreConditionGroupId": 12980023,
    "ShowUnlockTip": false,
    "PreShowGuideQuest": {
      "PKa": [],
      "length": 0
    },
    "IfShowQuestLeftTime": true,
    "CloseGiveUpGuideQuest": true,
    "TabResource": "/Game/Aki/UI/UIResources/Common/Atlas/TabIcon/SP_IconActivityAll.SP_IconActivityAll",
    "TabResource2": "",
    "TabTexture": [
      "/Game/Aki/UI/UIResources/UiActivity/Image/ActivityTabIcon/T_ActivityTab_10.T_ActivityTab_10"
    ],
    "Name": "Activity_100400001_Title",
    "Title": "Activity_100400001_Title",
    "DescTheme": "",
    "Desc": "",
    "BgResource": "/Game/Aki/UI/UIResources/Common/Image/BgCgBig/T_ActivityRoleLevelBg.T_ActivityRoleLevelBg",
    "PreviewDrop": 0,
    "HelpId": 52
  },
  {
    "Id": 100500001,
    "Type": 5,
    "OpenType": 0,
    "Sort": 50000,
    "TimeIsDisplay": 0,
    "ShowTabTime": false,
    "PreConditionGroupId": 12980023,
    "ShowUnlockTip": false,
    "PreShowGuideQuest": {
      "PKa": [],
      "length": 0
    },
    "IfShowQuestLeftTime": true,
    "CloseGiveUpGuideQuest": true,
    "TabResource": "/Game/Aki/UI/UIResources/Common/Atlas/TabIcon/SP_IconActivityAll.SP_IconActivityAll",
    "TabResource2": "",
    "TabTexture": [
      "/Game/Aki/UI/UIResources/UiActivity/Image/ActivityTabIcon/T_ActivityTab_06.T_ActivityTab_06",
      "/Game/Aki/UI/UIResources/UiActivity/Image/ActivityTabIcon/T_ActivityTab_05.T_ActivityTab_05"
    ],
    "Name": "Activity_100500001_Title",
    "Title": "Activity_100500001_Title",
    "DescTheme": "",
    "Desc": "",
    "BgResource": "/Game/Aki/UI/UIResources/Common/Image/BgCgBig/T_ActivityComBg.T_ActivityComBg",
    "PreviewDrop": 0,
    "HelpId": 53
  },
  {
    "Id": 101,
    "Type": 1,
    "OpenType": 0,
    "Sort": 35,
    "TimeIsDisplay": 0,
    "ShowTabTime": true,
    "PreConditionGroupId": 13000010,
    "ShowUnlockTip": false,
    "PreShowGuideQuest": [
      880800000
    ],
    "IfShowQuestLeftTime": true,
    "CloseGiveUpGuideQuest": true,
    "TabResource": "/Game/Aki/UI/UIResources/Common/Atlas/TabIcon/SP_IconActivityAll.SP_IconActivityAll",
    "TabResource2": "",
    "TabTexture": [
      "/Game/Aki/UI/UIResources/UiActivity/Image/ActivityTabIcon/T_ActivityTab_09.T_ActivityTab_09"
    ],
    "Name": "Activity_101_Title",
    "Title": "Activity_101_Title",
    "DescTheme": "",
    "Desc": "Activity_101_Desc",
    "BgResource": "/Game/Aki/UI/UIResources/Common/Image/BgCgBig/T_ActivityComBg.T_ActivityComBg",
    "PreviewDrop": 5031010,
    "HelpId": 57
  },
  {
    "Id": 100600001,
    "Type": 6,
    "OpenType": 0,
    "Sort": 15,
    "TimeIsDisplay": 0,
    "ShowTabTime": true,
    "PreConditionGroupId": 13000029,
    "ShowUnlockTip": false,
    "PreShowGuideQuest": [
      310000043
    ],
    "IfShowQuestLeftTime": true,
    "CloseGiveUpGuideQuest": true,
    "TabResource": "/Game/Aki/UI/UIResources/Common/Atlas/TabIcon/SP_IconActivityAll.SP_IconActivityAll",
    "TabResource2": "",
    "TabTexture": [
      "/Game/Aki/UI/UIResources/UiActivity/Image/ActivityTabIcon/T_ActivityTab_08.T_ActivityTab_08"
    ],
    "Name": "Activity_120000001_Title",
    "Title": "Activity_120000001_Title",
    "DescTheme": "",
    "Desc": "Activity_120000001_Desc",
    "BgResource": "/Game/Aki/UI/UIResources/Common/Image/BgCg/T_ActivityBg2_UI.T_ActivityBg2_UI",
    "PreviewDrop": 5010111,
    "HelpId": 51
  },
  {
    "Id": 100700001,
    "Type": 7,
    "OpenType": 0,
    "Sort": 45,
    "TimeIsDisplay": 0,
    "ShowTabTime": true,
    "PreConditionGroupId": 13000022,
    "ShowUnlockTip": false,
    "PreShowGuideQuest": {
      "PKa": [],
      "length": 0
    },
    "IfShowQuestLeftTime": true,
    "CloseGiveUpGuideQuest": true,
    "TabResource": "/Game/Aki/UI/UIResources/Common/Atlas/TabIcon/SP_IconActivityAll.SP_IconActivityAll",
    "TabResource2": "",
    "TabTexture": [
      "/Game/Aki/UI/UIResources/UiActivity/Image/ActivityTabIcon/T_ActivityTab_13.T_ActivityTab_13"
    ],
    "Name": "Activity_100700001_Title",
    "Title": "Activity_100700001_Title",
    "DescTheme": "",
    "Desc": "Activity_100700001_Desc",
    "BgResource": "/Game/Aki/UI/UIResources/Common/Image/BgCgBig/T_ActivityDoubleBg1.T_ActivityDoubleBg1",
    "PreviewDrop": 0,
    "HelpId": 56
  },
  {
    "Id": 100800001,
    "Type": 9,
    "OpenType": 0,
    "Sort": 30,
    "TimeIsDisplay": 0,
    "ShowTabTime": true,
    "PreConditionGroupId": 13000024,
    "ShowUnlockTip": false,
    "PreShowGuideQuest": [
      11800001
    ],
    "IfShowQuestLeftTime": true,
    "CloseGiveUpGuideQuest": true,
    "TabResource": "/Game/Aki/UI/UIResources/Common/Atlas/TabIcon/SP_IconActivityAll.SP_IconActivityAll",
    "TabResource2": "",
    "TabTexture": [
      "/Game/Aki/UI/UIResources/UiActivity/Image/ActivityTabIcon/T_ActivityTab_17.T_ActivityTab_17"
    ],
    "Name": "Activity_100800001_Title",
    "Title": "Activity_100800001_Title",
    "DescTheme": "",
    "Desc": "Activity_100800001_Desc",
    "BgResource": "/Game/Aki/UI/UIResources/Common/Image/BgCgBig/T_BgBig2.T_BgBig2",
    "PreviewDrop": 5033020,
    "HelpId": 60
  },
  {
    "Id": 101000001,
    "Type": 10,
    "OpenType": 0,
    "Sort": 28,
    "TimeIsDisplay": 0,
    "ShowTabTime": true,
    "PreConditionGroupId": 13000025,
    "ShowUnlockTip": false,
    "PreShowGuideQuest": {
      "PKa": [],
      "length": 0
    },
    "IfShowQuestLeftTime": true,
    "CloseGiveUpGuideQuest": true,
    "TabResource": "/Game/Aki/UI/UIResources/Common/Atlas/TabIcon/SP_IconActivityAll.SP_IconActivityAll",
    "TabResource2": "",
    "TabTexture": [
      "/Game/Aki/UI/UIResources/UiActivity/Image/ActivityTabIcon/T_ActivityTab_01.T_ActivityTab_01"
    ],
    "Name": "Activity_101000001_Title",
    "Title": "Activity_101000001_Title",
    "DescTheme": "",
    "Desc": "Activity_101000001_Desc",
    "BgResource": "/Game/Aki/UI/UIResources/Common/Image/BgCgBig/T_ActivityComBg.T_ActivityComBg",
    "PreviewDrop": 70505,
    "HelpId": 69
  },
  {
    "Id": 101000002,
    "Type": 10,
    "OpenType": 0,
    "Sort": 28,
    "TimeIsDisplay": 0,
    "ShowTabTime": true,
    "PreConditionGroupId": 13000026,
    "ShowUnlockTip": false,
    "PreShowGuideQuest": {
      "PKa": [],
      "length": 0
    },
    "IfShowQuestLeftTime": true,
    "CloseGiveUpGuideQuest": true,
    "TabResource": "/Game/Aki/UI/UIResources/Common/Atlas/TabIcon/SP_IconActivityAll.SP_IconActivityAll",
    "TabResource2": "",
    "TabTexture": [
      "/Game/Aki/UI/UIResources/UiActivity/Image/ActivityTabIcon/T_ActivityTab_12.T_ActivityTab_12"
    ],
    "Name": "Activity_101000002_Title",
    "Title": "Activity_101000002_Title",
    "DescTheme": "",
    "Desc": "Activity_101000002_Desc",
    "BgResource": "/Game/Aki/UI/UIResources/Common/Image/BgCgBig/T_ActivityComBg.T_ActivityComBg",
    "PreviewDrop": 70710,
    "HelpId": 69
  },
  {
    "Id": 101100001,
    "Type": 11,
    "OpenType": 0,
    "Sort": 20000,
    "TimeIsDisplay": 1,
    "ShowTabTime": false,
    "PreConditionGroupId": 13000018,
    "ShowUnlockTip": false,
    "PreShowGuideQuest": {
      "PKa": [],
      "length": 0
    },
    "IfShowQuestLeftTime": true,
    "CloseGiveUpGuideQuest": true,
    "TabResource": "/Game/Aki/UI/UIResources/Common/Atlas/TabIcon/SP_IconActivityAll.SP_IconActivityAll",
    "TabResource2": "",
    "TabTexture": [
      "/Game/Aki/UI/UIResources/UiActivity/Image/ActivityTabIcon/T_ActivityTab_11.T_ActivityTab_11"
    ],
    "Name": "Activity_101100001_Title",
    "Title": "Activity_101100001_Title",
    "DescTheme": "",
    "Desc": "",
    "BgResource": "/Game/Aki/UI/UIResources/Common/Image/BgCgBig/T_ActivityVisionCollect.T_ActivityVisionCollect",
    "PreviewDrop": 0,
    "HelpId": 67
  },
  {
    "Id": 101200001,
    "Type": 12,
    "OpenType": 0,
    "Sort": 12,
    "TimeIsDisplay": 0,
    "ShowTabTime": true,
    "PreConditionGroupId": 13000023,
    "ShowUnlockTip": false,
    "PreShowGuideQuest": {
      "PKa": [],
      "length": 0
    },
    "IfShowQuestLeftTime": true,
    "CloseGiveUpGuideQuest": true,
    "TabResource": "/Game/Aki/UI/UIResources/Common/Atlas/TabIcon/SP_IconActivityAll.SP_IconActivityAll",
    "TabResource2": "",
    "TabTexture": [
      "/Game/Aki/UI/UIResources/UiActivity/Image/ActivityTabIcon/T_ActivityTab_18.T_ActivityTab_18"
    ],
    "Name": "Activity_101200001_Title",
    "Title": "Activity_101200001_Title",
    "DescTheme": "",
    "Desc": "",
    "BgResource": "/Game/Aki/UI/UIResources/Common/Image/BgCgBig/T_ActivityAdventureBg.T_ActivityAdventureBg",
    "PreviewDrop": 0,
    "HelpId": 71
  },
  {
    "Id": 100700002,
    "Type": 7,
    "OpenType": 0,
    "Sort": 45,
    "TimeIsDisplay": 0,
    "ShowTabTime": true,
    "PreConditionGroupId": 13000031,
    "ShowUnlockTip": false,
    "PreShowGuideQuest": {
      "PKa": [],
      "length": 0
    },
    "IfShowQuestLeftTime": true,
    "CloseGiveUpGuideQuest": true,
    "TabResource": "/Game/Aki/UI/UIResources/Common/Atlas/TabIcon/SP_IconActivityAll.SP_IconActivityAll",
    "TabResource2": "",
    "TabTexture": [
      "/Game/Aki/UI/UIResources/UiActivity/Image/ActivityTabIcon/T_ActivityTab_14.T_ActivityTab_14"
    ],
    "Name": "Activity_100700003_Title",
    "Title": "Activity_100700003_Title",
    "DescTheme": "",
    "Desc": "Activity_100700003_Desc",
    "BgResource": "/Game/Aki/UI/UIResources/Common/Image/BgCgBig/T_ActivityDoubleBg3.T_ActivityDoubleBg3",
    "PreviewDrop": 0,
    "HelpId": 66
  },
  {
    "Id": 100600002,
    "Type": 6,
    "OpenType": 0,
    "Sort": 23000,
    "TimeIsDisplay": 0,
    "ShowTabTime": true,
    "PreConditionGroupId": 13000029,
    "ShowUnlockTip": false,
    "PreShowGuideQuest": [
      310000043
    ],
    "IfShowQuestLeftTime": true,
    "CloseGiveUpGuideQuest": true,
    "TabResource": "/Game/Aki/UI/UIResources/Common/Atlas/TabIcon/SP_IconActivityAll.SP_IconActivityAll",
    "TabResource2": "",
    "TabTexture": [
      "/Game/Aki/UI/UIResources/UiActivity/Image/ActivityTabIcon/T_ActivityTab_19.T_ActivityTab_19"
    ],
    "Name": "Activity_120000001_Title",
    "Title": "Activity_100600002_Title",
    "DescTheme": "Activity_100600002_Title_0",
    "Desc": "Activity_100600002_Desc",
    "BgResource": "/Game/Aki/UI/UIResources/Common/Image/BgCgBig/T_ActivityRogue2Bg.T_ActivityRogue2Bg",
    "PreviewDrop": 5010207,
    "HelpId": 51
  },
  {
    "Id": 101300001,
    "Type": 13,
    "OpenType": 0,
    "Sort": 32000,
    "TimeIsDisplay": 0,
    "ShowTabTime": true,
    "PreConditionGroupId": 13000038,
    "ShowUnlockTip": false,
    "PreShowGuideQuest": {
      "PKa": [],
      "length": 0
    },
    "IfShowQuestLeftTime": true,
    "CloseGiveUpGuideQuest": true,
    "TabResource": "/Game/Aki/UI/UIResources/Common/Atlas/TabIcon/SP_IconActivityAll.SP_IconActivityAll",
    "TabResource2": "/Game/Aki/UI/UIResources/Common/Atlas/TabIcon/SP_IconActivityLongshan.SP_IconActivityLongshan",
    "TabTexture": [
      "/Game/Aki/UI/UIResources/UiActivity/Image/ActivityTabIcon/T_ActivityTab_23.T_ActivityTab_23"
    ],
    "Name": "Activity_101300001_Title",
    "Title": "Activity_101300001_Title",
    "DescTheme": "",
    "Desc": "Activity_101300001_Desc",
    "BgResource": "/Game/Aki/UI/UIResources/Common/Image/BgCgBig/T_ActivityComBg.T_ActivityComBg",
    "PreviewDrop": 5040140,
    "HelpId": 79
  },
  {
    "Id": 100805001,
    "Type": 14,
    "OpenType": 0,
    "Sort": 22000,
    "TimeIsDisplay": 0,
    "ShowTabTime": true,
    "PreConditionGroupId": 13000020,
    "ShowUnlockTip": false,
    "PreShowGuideQuest": [
      880900008
    ],
    "IfShowQuestLeftTime": true,
    "CloseGiveUpGuideQuest": true,
    "TabResource": "/Game/Aki/UI/UIResources/Common/Atlas/TabIcon/SP_IconActivityAll.SP_IconActivityAll",
    "TabResource2": "",
    "TabTexture": [
      "/Game/Aki/UI/UIResources/UiActivity/Image/ActivityTabIcon/T_ActivityTab_21.T_ActivityTab_21"
    ],
    "Name": "Activity_100805001_Title",
    "Title": "Activity_100805001_Title",
    "DescTheme": "",
    "Desc": "Activity_100805001_Desc",
    "BgResource": "/Game/Aki/UI/UIResources/Common/Image/BgCgBig/T_ActivityBossRush.T_ActivityBossRush",
    "PreviewDrop": 5040112,
    "HelpId": 73
  },
  {
    "Id": 100100002,
    "Type": 2,
    "OpenType": 0,
    "Sort": 31000,
    "TimeIsDisplay": 0,
    "ShowTabTime": true,
    "PreConditionGroupId": 13000018,
    "ShowUnlockTip": false,
    "PreShowGuideQuest": {
      "PKa": [],
      "length": 0
    },
    "IfShowQuestLeftTime": true,
    "CloseGiveUpGuideQuest": true,
    "TabResource": "/Game/Aki/UI/UIResources/Common/Atlas/TabIcon/SP_IconActivityAll.SP_IconActivityAll",
    "TabResource2": "",
    "TabTexture": [
      "/Game/Aki/UI/UIResources/UiActivity/Image/ActivityTabIcon/T_ActivityTab_22.T_ActivityTab_22"
    ],
    "Name": "Activity_100100002_Title",
    "Title": "Activity_100100002_Title",
    "DescTheme": "",
    "Desc": "",
    "BgResource": "/Game/Aki/UI/UIResources/Common/Image/BgCgBig/T_ActivitySigninBg.T_ActivitySigninBg",
    "PreviewDrop": 0,
    "HelpId": 80
  },
  {
    "Id": 101500001,
    "Type": 15,
    "OpenType": 0,
    "Sort": 21000,
    "TimeIsDisplay": 0,
    "ShowTabTime": true,
    "PreConditionGroupId": 13000020,
    "ShowUnlockTip": false,
    "PreShowGuideQuest": [
      880900000
    ],
    "IfShowQuestLeftTime": true,
    "CloseGiveUpGuideQuest": true,
    "TabResource": "/Game/Aki/UI/UIResources/Common/Atlas/TabIcon/SP_IconActivityAll.SP_IconActivityAll",
    "TabResource2": "",
    "TabTexture": [
      "/Game/Aki/UI/UIResources/UiActivity/Image/ActivityTabIcon/T_ActivityTab_24.T_ActivityTab_24"
    ],
    "Name": "Activity_101500001_Title",
    "Title": "Activity_101500001_Title",
    "DescTheme": "",
    "Desc": "Activity_101500001_Desc",
    "BgResource": "/Game/Aki/UI/UIResources/Common/Image/BgCgBig/T_ActivityComBg.T_ActivityComBg",
    "PreviewDrop": 5040012,
    "HelpId": 77
  },
  {
    "Id": 101600001,
    "Type": 16,
    "OpenType": 0,
    "Sort": 33000,
    "TimeIsDisplay": 0,
    "ShowTabTime": true,
    "PreConditionGroupId": 13000067,
    "ShowUnlockTip": false,
    "PreShowGuideQuest": [
      11900018
    ],
    "IfShowQuestLeftTime": false,
    "CloseGiveUpGuideQuest": false,
    "TabResource": "/Game/Aki/UI/UIResources/Common/Atlas/TabIcon/SP_IconActivityAll.SP_IconActivityAll",
    "TabResource2": "",
    "TabTexture": [
      "/Game/Aki/UI/UIResources/UiActivity/Image/ActivityTabIcon/T_ActivityTab_20.T_ActivityTab_20"
    ],
    "Name": "Activity_101600001_Title",
    "Title": "Activity_101600001_Title",
    "DescTheme": "",
    "Desc": "Activity_101600001_Desc",
    "BgResource": "/Game/Aki/UI/UIResources/Common/Image/BgCgBig/T_ActivityProcessMemoryBg.T_ActivityProcessMemoryBg",
    "PreviewDrop": 5040130,
    "HelpId": 74
  },
  {
    "Id": 100700003,
    "Type": 7,
    "OpenType": 0,
    "Sort": 37000,
    "TimeIsDisplay": 0,
    "ShowTabTime": true,
    "PreConditionGroupId": 13000022,
    "ShowUnlockTip": false,
    "PreShowGuideQuest": {
      "PKa": [],
      "length": 0
    },
    "IfShowQuestLeftTime": true,
    "CloseGiveUpGuideQuest": true,
    "TabResource": "/Game/Aki/UI/UIResources/Common/Atlas/TabIcon/SP_IconActivityAll.SP_IconActivityAll",
    "TabResource2": "",
    "TabTexture": [
      "/Game/Aki/UI/UIResources/UiActivity/Image/ActivityTabIcon/T_ActivityTab_15.T_ActivityTab_15"
    ],
    "Name": "Activity_100700002_Title",
    "Title": "Activity_100700002_Title",
    "DescTheme": "",
    "Desc": "Activity_100700002_Desc",
    "BgResource": "/Game/Aki/UI/UIResources/Common/Image/BgCgBig/T_ActivityDoubleBg2.T_ActivityDoubleBg2",
    "PreviewDrop": 0,
    "HelpId": 65
  },
  {
    "Id": 100700004,
    "Type": 7,
    "OpenType": 0,
    "Sort": 37000,
    "TimeIsDisplay": 0,
    "ShowTabTime": true,
    "PreConditionGroupId": 13000031,
    "ShowUnlockTip": false,
    "PreShowGuideQuest": {
      "PKa": [],
      "length": 0
    },
    "IfShowQuestLeftTime": true,
    "CloseGiveUpGuideQuest": true,
    "TabResource": "/Game/Aki/UI/UIResources/Common/Atlas/TabIcon/SP_IconActivityAll.SP_IconActivityAll",
    "TabResource2": "",
    "TabTexture": [
      "/Game/Aki/UI/UIResources/UiActivity/Image/ActivityTabIcon/T_ActivityTab_14.T_ActivityTab_14"
    ],
    "Name": "Activity_100700003_Title",
    "Title": "Activity_100700003_Title",
    "DescTheme": "",
    "Desc": "Activity_100700003_Desc",
    "BgResource": "/Game/Aki/UI/UIResources/Common/Image/BgCgBig/T_ActivityDoubleBg3.T_ActivityDoubleBg3",
    "PreviewDrop": 0,
    "HelpId": 66
  },
  {
    "Id": 101000003,
    "Type": 10,
    "OpenType": 0,
    "Sort": 35000,
    "TimeIsDisplay": 0,
    "ShowTabTime": true,
    "PreConditionGroupId": 13000068,
    "ShowUnlockTip": false,
    "PreShowGuideQuest": {
      "PKa": [],
      "length": 0
    },
    "IfShowQuestLeftTime": true,
    "CloseGiveUpGuideQuest": true,
    "TabResource": "/Game/Aki/UI/UIResources/Common/Atlas/TabIcon/SP_IconActivityAll.SP_IconActivityAll",
    "TabResource2": "",
    "TabTexture": [
      "/Game/Aki/UI/UIResources/UiActivity/Image/ActivityTabIcon/T_ActivityTab_29.T_ActivityTab_29"
    ],
    "Name": "Activity_101000003_Title",
    "Title": "Activity_101000003_Title",
    "DescTheme": "",
    "Desc": "Activity_101000003_Desc",
    "BgResource": "/Game/Aki/UI/UIResources/Common/Image/BgCgBig/T_ActivityComBg.T_ActivityComBg",
    "PreviewDrop": 70810,
    "HelpId": 69
  },
  {
    "Id": 100600003,
    "Type": 6,
    "OpenType": 0,
    "Sort": 16000,
    "TimeIsDisplay": 0,
    "ShowTabTime": true,
    "PreConditionGroupId": 13000029,
    "ShowUnlockTip": false,
    "PreShowGuideQuest": [
      310000043
    ],
    "IfShowQuestLeftTime": true,
    "CloseGiveUpGuideQuest": true,
    "TabResource": "/Game/Aki/UI/UIResources/Common/Atlas/TabIcon/SP_IconActivityAll.SP_IconActivityAll",
    "TabResource2": "",
    "TabTexture": [
      "/Game/Aki/UI/UIResources/UiActivity/Image/ActivityTabIcon/T_ActivityTab_31.T_ActivityTab_31"
    ],
    "Name": "Activity_120000001_Title",
    "Title": "Activity_100600002_Title",
    "DescTheme": "Activity_100600003_Title_0",
    "Desc": "Activity_100600003_Desc",
    "BgResource": "/Game/Aki/UI/UIResources/Common/Image/BgCgBig/T_ActivityComBg.T_ActivityComBg",
    "PreviewDrop": 5010310,
    "HelpId": 51
  },
  {
    "Id": 101700001,
    "Type": 17,
    "OpenType": 0,
    "Sort": 12000,
    "TimeIsDisplay": 0,
    "ShowTabTime": true,
    "PreConditionGroupId": 12100000,
    "ShowUnlockTip": false,
    "PreShowGuideQuest": [
      880000015,
      880000017
    ],
    "IfShowQuestLeftTime": true,
    "CloseGiveUpGuideQuest": true,
    "TabResource": "/Game/Aki/UI/UIResources/Common/Atlas/TabIcon/SP_IconActivityAll.SP_IconActivityAll",
    "TabResource2": "",
    "TabTexture": [
      "/Game/Aki/UI/UIResources/UiActivity/Image/ActivityTabIcon/T_ActivityTab_35.T_ActivityTab_35"
    ],
    "Name": "Activity_101700001_Title",
    "Title": "Activity_101700001_Title",
    "DescTheme": "",
    "Desc": "Activity_101700001_Desc",
    "BgResource": "/Game/Aki/UI/UIResources/Common/Image/BgCgBig/T_ActivityBossRush.T_ActivityBossRush",
    "PreviewDrop": 5050202,
    "HelpId": 107
  },
  {
    "Id": 101700002,
    "Type": 17,
    "OpenType": 0,
    "Sort": 35000,
    "TimeIsDisplay": 0,
    "ShowTabTime": true,
    "PreConditionGroupId": 12100506,
    "ShowUnlockTip": false,
    "PreShowGuideQuest": {
      "PKa": [],
      "length": 0
    },
    "IfShowQuestLeftTime": true,
    "CloseGiveUpGuideQuest": true,
    "TabResource": "/Game/Aki/UI/UIResources/Common/Atlas/TabIcon/SP_IconActivityAll.SP_IconActivityAll",
    "TabResource2": "",
    "TabTexture": [
      "/Game/Aki/UI/UIResources/UiActivity/Image/ActivityTabIcon/T_ActivityTab_35.T_ActivityTab_35"
    ],
    "Name": "Activity_101700002_Title",
    "Title": "Activity_101700002_Title",
    "DescTheme": "",
    "Desc": "Activity_101700002_Desc",
    "BgResource": "/Game/Aki/UI/UIResources/Common/Image/BgCgBig/T_ActivityBossRush.T_ActivityBossRush",
    "PreviewDrop": 0,
    "HelpId": 107
  },
  {
    "Id": 100105523,
    "Type": 19,
    "OpenType": 0,
    "Sort": 15800,
    "TimeIsDisplay": 0,
    "ShowTabTime": true,
    "PreConditionGroupId": 12200000,
    "ShowUnlockTip": false,
    "PreShowGuideQuest": [
      139700004
    ],
    "IfShowQuestLeftTime": true,
    "CloseGiveUpGuideQuest": true,
    "TabResource": "/Game/Aki/UI/UIResources/Common/Atlas/TabIcon/SP_IconActivityAll.SP_IconActivityAll",
    "TabResource2": "",
    "TabTexture": [
      "/Game/Aki/UI/UIResources/UiActivity/Image/ActivityTabIcon/T_ActivityTab_26.T_ActivityTab_26"
    ],
    "Name": "Activity_100105523_Title",
    "Title": "Activity_100105523_Title",
    "DescTheme": "Activity_100105523_Title",
    "Desc": "Activity_100105523_Desc",
    "BgResource": "/Game/Aki/UI/UIResources/Common/Image/BgCgBig/T_ActivityTDBg.T_ActivityTDBg",
    "PreviewDrop": 5050320,
    "HelpId": 91
  },
  {
    "Id": 100300002,
    "Type": 21,
    "OpenType": 0,
    "Sort": 32000,
    "TimeIsDisplay": 0,
    "ShowTabTime": true,
    "PreConditionGroupId": 12005062,
    "ShowUnlockTip": false,
    "PreShowGuideQuest": {
      "PKa": [],
      "length": 0
    },
    "IfShowQuestLeftTime": true,
    "CloseGiveUpGuideQuest": true,
    "TabResource": "/Game/Aki/UI/UIResources/Common/Atlas/TabIcon/SP_IconActivityAll.SP_IconActivityAll",
    "TabResource2": "",
    "TabTexture": [
      "/Game/Aki/UI/UIResources/UiActivity/Image/ActivityTabIcon/T_ActivityTab_33.T_ActivityTab_33"
    ],
    "Name": "Activity_100300002_Title",
    "Title": "Activity_100300002_Title",
    "DescTheme": "",
    "Desc": "Activity_100300002_Desc",
    "BgResource": "/Game/Aki/UI/UIResources/Common/Image/BgCgBig/T_ActivityLoopTowerBg.T_ActivityLoopTowerBg",
    "PreviewDrop": 3330,
    "HelpId": 23
  },
  {
    "Id": 102000001,
    "Type": 20,
    "OpenType": 0,
    "Sort": 12000,
    "TimeIsDisplay": 0,
    "ShowTabTime": true,
    "PreConditionGroupId": 13000018,
    "ShowUnlockTip": false,
    "PreShowGuideQuest": {
      "PKa": [],
      "length": 0
    },
    "IfShowQuestLeftTime": true,
    "CloseGiveUpGuideQuest": true,
    "TabResource": "/Game/Aki/UI/UIResources/Common/Atlas/TabIcon/SP_IconActivityAll.SP_IconActivityAll",
    "TabResource2": "",
    "TabTexture": [
      "/Game/Aki/UI/UIResources/UiActivity/Image/ActivityTabIcon/T_ActivityTab_30.T_ActivityTab_30"
    ],
    "Name": "Activity_102000001_Title",
    "Title": "Activity_102000001_Title",
    "DescTheme": "",
    "Desc": "Activity_102000001_Desc",
    "BgResource": "/Game/Aki/UI/UIResources/Common/Image/BgCgBig/T_ActivityComBg.T_ActivityComBg",
    "PreviewDrop": 0,
    "HelpId": 84
  },
  {
    "Id": 100700005,
    "Type": 7,
    "OpenType": 0,
    "Sort": 33000,
    "TimeIsDisplay": 0,
    "ShowTabTime": true,
    "PreConditionGroupId": 13000022,
    "ShowUnlockTip": false,
    "PreShowGuideQuest": {
      "PKa": [],
      "length": 0
    },
    "IfShowQuestLeftTime": true,
    "CloseGiveUpGuideQuest": true,
    "TabResource": "/Game/Aki/UI/UIResources/Common/Atlas/TabIcon/SP_IconActivityAll.SP_IconActivityAll",
    "TabResource2": "",
    "TabTexture": [
      "/Game/Aki/UI/UIResources/UiActivity/Image/ActivityTabIcon/T_ActivityTab_15.T_ActivityTab_15"
    ],
    "Name": "Activity_100700002_Title",
    "Title": "Activity_100700002_Title",
    "DescTheme": "",
    "Desc": "Activity_100700002_Desc",
    "BgResource": "/Game/Aki/UI/UIResources/Common/Image/BgCgBig/T_ActivityDoubleBg2.T_ActivityDoubleBg2",
    "PreviewDrop": 0,
    "HelpId": 65
  },
  {
    "Id": 100700006,
    "Type": 7,
    "OpenType": 0,
    "Sort": 33000,
    "TimeIsDisplay": 0,
    "ShowTabTime": true,
    "PreConditionGroupId": 13000031,
    "ShowUnlockTip": false,
    "PreShowGuideQuest": {
      "PKa": [],
      "length": 0
    },
    "IfShowQuestLeftTime": true,
    "CloseGiveUpGuideQuest": true,
    "TabResource": "/Game/Aki/UI/UIResources/Common/Atlas/TabIcon/SP_IconActivityAll.SP_IconActivityAll",
    "TabResource2": "",
    "TabTexture": [
      "/Game/Aki/UI/UIResources/UiActivity/Image/ActivityTabIcon/T_ActivityTab_14.T_ActivityTab_14"
    ],
    "Name": "Activity_100700003_Title",
    "Title": "Activity_100700003_Title",
    "DescTheme": "",
    "Desc": "Activity_100700003_Desc",
    "BgResource": "/Game/Aki/UI/UIResources/Common/Image/BgCgBig/T_ActivityDoubleBg3.T_ActivityDoubleBg3",
    "PreviewDrop": 0,
    "HelpId": 66
  },
  {
    "Id": 101800001,
    "Type": 18,
    "OpenType": 0,
    "Sort": 14000,
    "TimeIsDisplay": 0,
    "ShowTabTime": false,
    "PreConditionGroupId": 0,
    "ShowUnlockTip": false,
    "PreShowGuideQuest": {
      "PKa": [],
      "length": 0
    },
    "IfShowQuestLeftTime": true,
    "CloseGiveUpGuideQuest": true,
    "TabResource": "/Game/Aki/UI/UIResources/Common/Atlas/TabIcon/SP_IconActivityAll.SP_IconActivityAll",
    "TabResource2": "",
    "TabTexture": [
      "/Game/Aki/UI/UIResources/UiActivity/Image/ActivityTabIcon/T_ActivityTab_32.T_ActivityTab_32"
    ],
    "Name": "Activity_101800001_Title",
    "Title": "Activity_101800001_Title",
    "DescTheme": "",
    "Desc": "Activity_101800001_Desc",
    "BgResource": "/Game/Aki/UI/UIResources/Common/Image/BgCgBig/T_ActivityComBg.T_ActivityComBg",
    "PreviewDrop": 5040112,
    "HelpId": 86
  },
  {
    "Id": 101200003,
    "Type": 12,
    "OpenType": 0,
    "Sort": 31000,
    "TimeIsDisplay": 0,
    "ShowTabTime": true,
    "PreConditionGroupId": 13000020,
    "ShowUnlockTip": false,
    "PreShowGuideQuest": {
      "PKa": [],
      "length": 0
    },
    "IfShowQuestLeftTime": true,
    "CloseGiveUpGuideQuest": true,
    "TabResource": "/Game/Aki/UI/UIResources/Common/Atlas/TabIcon/SP_IconActivityAll.SP_IconActivityAll",
    "TabResource2": "",
    "TabTexture": [
      "/Game/Aki/UI/UIResources/UiActivity/Image/ActivityTabIcon/T_ActivityTab_34.T_ActivityTab_34"
    ],
    "Name": "Activity_101200001_Title",
    "Title": "Activity_101200001_Title",
    "DescTheme": "",
    "Desc": "",
    "BgResource": "/Game/Aki/UI/UIResources/Common/Image/BgCgBig/T_ActivityAdventureBg.T_ActivityAdventureBg",
    "PreviewDrop": 0,
    "HelpId": 87
  },
  {
    "Id": 100900005,
    "Type": 8,
    "OpenType": 0,
    "Sort": 18000,
    "TimeIsDisplay": 0,
    "ShowTabTime": true,
    "PreConditionGroupId": 12980024,
    "ShowUnlockTip": false,
    "PreShowGuideQuest": {
      "PKa": [],
      "length": 0
    },
    "IfShowQuestLeftTime": true,
    "CloseGiveUpGuideQuest": true,
    "TabResource": "/Game/Aki/UI/UIResources/Common/Atlas/TabIcon/SP_IconActivityAll.SP_IconActivityAll",
    "TabResource2": "",
    "TabTexture": [
      "/Game/Aki/UI/UIResources/UiActivity/Image/ActivityTabIcon/T_ActivityTab_38.T_ActivityTab_38"
    ],
    "Name": "Activity_100900001_Title",
    "Title": "Activity_100900001_Title",
    "DescTheme": "",
    "Desc": "Activity_100900001_Desc",
    "BgResource": "/Game/Aki/UI/UIResources/Common/Image/BgCgBig/T_ActivityRoleOntrialBg.T_ActivityRoleOntrialBg",
    "PreviewDrop": 0,
    "HelpId": 58
  },
  {
    "Id": 100900006,
    "Type": 8,
    "OpenType": 0,
    "Sort": 18000,
    "TimeIsDisplay": 0,
    "ShowTabTime": true,
    "PreConditionGroupId": 12980024,
    "ShowUnlockTip": false,
    "PreShowGuideQuest": {
      "PKa": [],
      "length": 0
    },
    "IfShowQuestLeftTime": true,
    "CloseGiveUpGuideQuest": true,
    "TabResource": "/Game/Aki/UI/UIResources/Common/Atlas/TabIcon/SP_IconActivityAll.SP_IconActivityAll",
    "TabResource2": "",
    "TabTexture": [
      "/Game/Aki/UI/UIResources/UiActivity/Image/ActivityTabIcon/T_ActivityTab_37.T_ActivityTab_37"
    ],
    "Name": "Activity_100900001_Title",
    "Title": "Activity_100900001_Title",
    "DescTheme": "",
    "Desc": "Activity_100900001_Desc",
    "BgResource": "/Game/Aki/UI/UIResources/Common/Image/BgCgBig/T_ActivityRoleOntrialBg.T_ActivityRoleOntrialBg",
    "PreviewDrop": 0,
    "HelpId": 58
  },
  {
    "Id": 101200002,
    "Type": 12,
    "OpenType": 0,
    "Sort": 36000,
    "TimeIsDisplay": 0,
    "ShowTabTime": true,
    "PreConditionGroupId": 13000020,
    "ShowUnlockTip": false,
    "PreShowGuideQuest": {
      "PKa": [],
      "length": 0
    },
    "IfShowQuestLeftTime": true,
    "CloseGiveUpGuideQuest": true,
    "TabResource": "/Game/Aki/UI/UIResources/Common/Atlas/TabIcon/SP_IconActivityAll.SP_IconActivityAll",
    "TabResource2": "",
    "TabTexture": [
      "/Game/Aki/UI/UIResources/UiActivity/Image/ActivityTabIcon/T_ActivityTab_25.T_ActivityTab_25"
    ],
    "Name": "Activity_101200001_Title",
    "Title": "Activity_101200001_Title",
    "DescTheme": "",
    "Desc": "",
    "BgResource": "/Game/Aki/UI/UIResources/Common/Image/BgCgBig/T_ActivityAdventureBg.T_ActivityAdventureBg",
    "PreviewDrop": 0,
    "HelpId": 78
  },
  {
    "Id": 100900001,
    "Type": 8,
    "OpenType": 0,
    "Sort": 25,
    "TimeIsDisplay": 0,
    "ShowTabTime": true,
    "PreConditionGroupId": 12980024,
    "ShowUnlockTip": false,
    "PreShowGuideQuest": {
      "PKa": [],
      "length": 0
    },
    "IfShowQuestLeftTime": true,
    "CloseGiveUpGuideQuest": true,
    "TabResource": "/Game/Aki/UI/UIResources/Common/Atlas/TabIcon/SP_IconActivityAll.SP_IconActivityAll",
    "TabResource2": "",
    "TabTexture": [
      "/Game/Aki/UI/UIResources/UiActivity/Image/ActivityTabIcon/T_ActivityTab_02.T_ActivityTab_02"
    ],
    "Name": "Activity_100900001_Title",
    "Title": "Activity_100900001_Title",
    "DescTheme": "",
    "Desc": "",
    "BgResource": "/Game/Aki/UI/UIResources/Common/Image/BgCgBig/T_ActivityRoleOntrialBg.T_ActivityRoleOntrialBg",
    "PreviewDrop": 0,
    "HelpId": 58
  },
  {
    "Id": 100900002,
    "Type": 8,
    "OpenType": 0,
    "Sort": 25,
    "TimeIsDisplay": 0,
    "ShowTabTime": true,
    "PreConditionGroupId": 12980024,
    "ShowUnlockTip": false,
    "PreShowGuideQuest": {
      "PKa": [],
      "length": 0
    },
    "IfShowQuestLeftTime": true,
    "CloseGiveUpGuideQuest": true,
    "TabResource": "/Game/Aki/UI/UIResources/Common/Atlas/TabIcon/SP_IconActivityAll.SP_IconActivityAll",
    "TabResource2": "",
    "TabTexture": [
      "/Game/Aki/UI/UIResources/UiActivity/Image/ActivityTabIcon/T_ActivityTab_03.T_ActivityTab_03"
    ],
    "Name": "Activity_100900001_Title",
    "Title": "Activity_100900001_Title",
    "DescTheme": "",
    "Desc": "",
    "BgResource": "/Game/Aki/UI/UIResources/Common/Image/BgCgBig/T_ActivityRoleOntrialBg.T_ActivityRoleOntrialBg",
    "PreviewDrop": 0,
    "HelpId": 58
  },
  {
    "Id": 100900003,
    "Type": 8,
    "OpenType": 0,
    "Sort": 34000,
    "TimeIsDisplay": 0,
    "ShowTabTime": true,
    "PreConditionGroupId": 12980024,
    "ShowUnlockTip": false,
    "PreShowGuideQuest": {
      "PKa": [],
      "length": 0
    },
    "IfShowQuestLeftTime": true,
    "CloseGiveUpGuideQuest": true,
    "TabResource": "/Game/Aki/UI/UIResources/Common/Atlas/TabIcon/SP_IconActivityAll.SP_IconActivityAll",
    "TabResource2": "",
    "TabTexture": [
      "/Game/Aki/UI/UIResources/UiActivity/Image/ActivityTabIcon/T_ActivityTab_27.T_ActivityTab_27"
    ],
    "Name": "Activity_100900001_Title",
    "Title": "Activity_100900001_Title",
    "DescTheme": "",
    "Desc": "Activity_100900001_Desc",
    "BgResource": "/Game/Aki/UI/UIResources/Common/Image/BgCgBig/T_ActivityRoleOntrialBg.T_ActivityRoleOntrialBg",
    "PreviewDrop": 0,
    "HelpId": 58
  },
  {
    "Id": 100900004,
    "Type": 8,
    "OpenType": 0,
    "Sort": 34000,
    "TimeIsDisplay": 0,
    "ShowTabTime": true,
    "PreConditionGroupId": 12980024,
    "ShowUnlockTip": false,
    "PreShowGuideQuest": {
      "PKa": [],
      "length": 0
    },
    "IfShowQuestLeftTime": true,
    "CloseGiveUpGuideQuest": true,
    "TabResource": "/Game/Aki/UI/UIResources/Common/Atlas/TabIcon/SP_IconActivityAll.SP_IconActivityAll",
    "TabResource2": "",
    "TabTexture": [
      "/Game/Aki/UI/UIResources/UiActivity/Image/ActivityTabIcon/T_ActivityTab_28.T_ActivityTab_28"
    ],
    "Name": "Activity_100900001_Title",
    "Title": "Activity_100900001_Title",
    "DescTheme": "",
    "Desc": "Activity_100900001_Desc",
    "BgResource": "/Game/Aki/UI/UIResources/Common/Image/BgCgBig/T_ActivityRoleOntrialBg.T_ActivityRoleOntrialBg",
    "PreviewDrop": 0,
    "HelpId": 58
  },
  {
    "Id": 100800002,
    "Type": 9,
    "OpenType": 0,
    "Sort": 15500,
    "TimeIsDisplay": 0,
    "ShowTabTime": true,
    "PreConditionGroupId": 13000024,
    "ShowUnlockTip": false,
    "PreShowGuideQuest": {
      "PKa": [],
      "length": 0
    },
    "IfShowQuestLeftTime": true,
    "CloseGiveUpGuideQuest": true,
    "TabResource": "/Game/Aki/UI/UIResources/Common/Atlas/TabIcon/SP_IconActivityAll.SP_IconActivityAll",
    "TabResource2": "",
    "TabTexture": [
      "/Game/Aki/UI/UIResources/UiActivity/Image/ActivityTabIcon/T_ActivityTab_17.T_ActivityTab_17"
    ],
    "Name": "Activity_100800002_Title",
    "Title": "Activity_100800002_Title",
    "DescTheme": "",
    "Desc": "Activity_100800001_Desc",
    "BgResource": "/Game/Aki/UI/UIResources/Common/Image/BgCgBig/T_BgBig2.T_BgBig2",
    "PreviewDrop": 5050415,
    "HelpId": 90
  },
  {
    "Id": 100100003,
    "Type": 2,
    "OpenType": 0,
    "Sort": 16500,
    "TimeIsDisplay": 0,
    "ShowTabTime": true,
    "PreConditionGroupId": 13000018,
    "ShowUnlockTip": false,
    "PreShowGuideQuest": {
      "PKa": [],
      "length": 0
    },
    "IfShowQuestLeftTime": true,
    "CloseGiveUpGuideQuest": true,
    "TabResource": "/Game/Aki/UI/UIResources/Common/Atlas/TabIcon/SP_IconActivityAll.SP_IconActivityAll",
    "TabResource2": "",
    "TabTexture": [
      "/Game/Aki/UI/UIResources/UiActivity/Image/ActivityTabIcon/T_ActivityTab_40.T_ActivityTab_40"
    ],
    "Name": "Activity_100100003_Title",
    "Title": "Activity_100100003_Title",
    "DescTheme": "",
    "Desc": "",
    "BgResource": "/Game/Aki/UI/UIResources/Common/Image/BgCgBig/T_ActivitySigninBg.T_ActivitySigninBg",
    "PreviewDrop": 0,
    "HelpId": 92
  },
  {
    "Id": 101000004,
    "Type": 10,
    "OpenType": 0,
    "Sort": 17000,
    "TimeIsDisplay": 0,
    "ShowTabTime": true,
    "PreConditionGroupId": 13000073,
    "ShowUnlockTip": false,
    "PreShowGuideQuest": {
      "PKa": [],
      "length": 0
    },
    "IfShowQuestLeftTime": true,
    "CloseGiveUpGuideQuest": true,
    "TabResource": "/Game/Aki/UI/UIResources/Common/Atlas/TabIcon/SP_IconActivityAll.SP_IconActivityAll",
    "TabResource2": "",
    "TabTexture": [
      "/Game/Aki/UI/UIResources/UiActivity/Image/ActivityTabIcon/T_ActivityTab_36.T_ActivityTab_36"
    ],
    "Name": "Activity_101000004_Title",
    "Title": "Activity_101000004_Title",
    "DescTheme": "",
    "Desc": "Activity_101000004_Desc",
    "BgResource": "/Game/Aki/UI/UIResources/Common/Image/BgCgBig/T_ActivityComBg.T_ActivityComBg",
    "PreviewDrop": 70904,
    "HelpId": 69
  },
  {
    "Id": 102200001,
    "Type": 22,
    "OpenType": 0,
    "Sort": 13000,
    "TimeIsDisplay": 0,
    "ShowTabTime": true,
    "PreConditionGroupId": 12100000,
    "ShowUnlockTip": false,
    "PreShowGuideQuest": {
      "PKa": [],
      "length": 0
    },
    "IfShowQuestLeftTime": true,
    "CloseGiveUpGuideQuest": true,
    "TabResource": "/Game/Aki/UI/UIResources/Common/Atlas/TabIcon/SP_IconActivityAll.SP_IconActivityAll",
    "TabResource2": "",
    "TabTexture": [
      "/Game/Aki/UI/UIResources/UiActivity/Image/ActivityTabIcon/T_ActivityTab_39.T_ActivityTab_39"
    ],
    "Name": "Activity_102200001_Title",
    "Title": "Activity_102200001_Title",
    "DescTheme": "",
    "Desc": "Activity_102200001_Desc",
    "BgResource": "/Game/Aki/UI/UIResources/Common/Image/BgCgBig/T_ActivityComBg.T_ActivityComBg",
    "PreviewDrop": 9005,
    "HelpId": 100
  },
  {
    "Id": 102200002,
    "Type": 22,
    "OpenType": 0,
    "Sort": 13000,
    "TimeIsDisplay": 0,
    "ShowTabTime": false,
    "PreConditionGroupId": 13000074,
    "ShowUnlockTip": false,
    "PreShowGuideQuest": {
      "PKa": [],
      "length": 0
    },
    "IfShowQuestLeftTime": true,
    "CloseGiveUpGuideQuest": true,
    "TabResource": "/Game/Aki/UI/UIResources/Common/Atlas/TabIcon/SP_IconActivityAll.SP_IconActivityAll",
    "TabResource2": "",
    "TabTexture": [
      "/Game/Aki/UI/UIResources/UiActivity/Image/ActivityTabIcon/T_ActivityTab_39.T_ActivityTab_39"
    ],
    "Name": "Activity_102200001_Title",
    "Title": "Activity_102200001_Title",
    "DescTheme": "",
    "Desc": "Activity_102200001_Desc",
    "BgResource": "/Game/Aki/UI/UIResources/Common/Image/BgCgBig/T_ActivityComBg.T_ActivityComBg",
    "PreviewDrop": 9005,
    "HelpId": 100
  },
  {
    "Id": 102300013,
    "Type": 23,
    "OpenType": 0,
    "Sort": 30,
    "TimeIsDisplay": 0,
    "ShowTabTime": true,
    "PreConditionGroupId": 13000020,
    "ShowUnlockTip": false,
    "PreShowGuideQuest": [
      152750016
    ],
    "IfShowQuestLeftTime": true,
    "CloseGiveUpGuideQuest": true,
    "TabResource": "/Game/Aki/UI/UIResources/Common/Atlas/TabIcon/SP_IconActivityMowing1.SP_IconActivityMowing1",
    "TabResource2": "",
    "TabTexture": [
      "/Game/Aki/UI/UIResources/UiActivity/Image/ActivityTabIcon/T_ActivityTab_47.T_ActivityTab_47"
    ],
    "Name": "Activity_102300013_Title",
    "Title": "Activity_102300013_Title",
    "DescTheme": "",
    "Desc": "Activity_102300013_Desc",
    "BgResource": "/Game/Aki/UI/UIResources/Common/Image/BgCgBig/T_ActivityComBg.T_ActivityComBg",
    "PreviewDrop": 5060520,
    "HelpId": 115
  },
  {
    "Id": 100900007,
    "Type": 8,
    "OpenType": 0,
    "Sort": 34000,
    "TimeIsDisplay": 0,
    "ShowTabTime": true,
    "PreConditionGroupId": 12980024,
    "ShowUnlockTip": false,
    "PreShowGuideQuest": {
      "PKa": [],
      "length": 0
    },
    "IfShowQuestLeftTime": true,
    "CloseGiveUpGuideQuest": true,
    "TabResource": "/Game/Aki/UI/UIResources/Common/Atlas/TabIcon/SP_IconActivityAll.SP_IconActivityAll",
    "TabResource2": "",
    "TabTexture": [
      "/Game/Aki/UI/UIResources/UiActivity/Image/ActivityTabIcon/T_ActivityTab_48.T_ActivityTab_48"
    ],
    "Name": "Activity_100900001_Title",
    "Title": "Activity_100900001_Title",
    "DescTheme": "",
    "Desc": "Activity_100900001_Desc",
    "BgResource": "/Game/Aki/UI/UIResources/Common/Image/BgCgBig/T_ActivityRoleOntrialBg.T_ActivityRoleOntrialBg",
    "PreviewDrop": 0,
    "HelpId": 58
  },
  {
    "Id": 100900008,
    "Type": 8,
    "OpenType": 0,
    "Sort": 34000,
    "TimeIsDisplay": 0,
    "ShowTabTime": true,
    "PreConditionGroupId": 12980024,
    "ShowUnlockTip": false,
    "PreShowGuideQuest": {
      "PKa": [],
      "length": 0
    },
    "IfShowQuestLeftTime": true,
    "CloseGiveUpGuideQuest": true,
    "TabResource": "/Game/Aki/UI/UIResources/Common/Atlas/TabIcon/SP_IconActivityAll.SP_IconActivityAll",
    "TabResource2": "",
    "TabTexture": [
      "/Game/Aki/UI/UIResources/UiActivity/Image/ActivityTabIcon/T_ActivityTab_02.T_ActivityTab_02"
    ],
    "Name": "Activity_100900001_Title",
    "Title": "Activity_100900001_Title",
    "DescTheme": "",
    "Desc": "Activity_100900001_Desc",
    "BgResource": "/Game/Aki/UI/UIResources/Common/Image/BgCgBig/T_ActivityRoleOntrialBg.T_ActivityRoleOntrialBg",
    "PreviewDrop": 0,
    "HelpId": 58
  },
  {
    "Id": 100700007,
    "Type": 7,
    "OpenType": 0,
    "Sort": 37000,
    "TimeIsDisplay": 0,
    "ShowTabTime": true,
    "PreConditionGroupId": 13000022,
    "ShowUnlockTip": false,
    "PreShowGuideQuest": {
      "PKa": [],
      "length": 0
    },
    "IfShowQuestLeftTime": true,
    "CloseGiveUpGuideQuest": true,
    "TabResource": "/Game/Aki/UI/UIResources/Common/Atlas/TabIcon/SP_IconActivityAll.SP_IconActivityAll",
    "TabResource2": "",
    "TabTexture": [
      "/Game/Aki/UI/UIResources/UiActivity/Image/ActivityTabIcon/T_ActivityTab_15.T_ActivityTab_15"
    ],
    "Name": "Activity_100700002_Title",
    "Title": "Activity_100700002_Title",
    "DescTheme": "",
    "Desc": "Activity_100700002_Desc",
    "BgResource": "/Game/Aki/UI/UIResources/Common/Image/BgCgBig/T_ActivityDoubleBg2.T_ActivityDoubleBg2",
    "PreviewDrop": 0,
    "HelpId": 65
  },
  {
    "Id": 100700008,
    "Type": 7,
    "OpenType": 0,
    "Sort": 37000,
    "TimeIsDisplay": 0,
    "ShowTabTime": true,
    "PreConditionGroupId": 13000031,
    "ShowUnlockTip": false,
    "PreShowGuideQuest": {
      "PKa": [],
      "length": 0
    },
    "IfShowQuestLeftTime": true,
    "CloseGiveUpGuideQuest": true,
    "TabResource": "/Game/Aki/UI/UIResources/Common/Atlas/TabIcon/SP_IconActivityAll.SP_IconActivityAll",
    "TabResource2": "",
    "TabTexture": [
      "/Game/Aki/UI/UIResources/UiActivity/Image/ActivityTabIcon/T_ActivityTab_14.T_ActivityTab_14"
    ],
    "Name": "Activity_100700003_Title",
    "Title": "Activity_100700003_Title",
    "DescTheme": "",
    "Desc": "Activity_100700003_Desc",
    "BgResource": "/Game/Aki/UI/UIResources/Common/Image/BgCgBig/T_ActivityDoubleBg3.T_ActivityDoubleBg3",
    "PreviewDrop": 0,
    "HelpId": 66
  },
  {
    "Id": 101600002,
    "Type": 16,
    "OpenType": 0,
    "Sort": 33000,
    "TimeIsDisplay": 0,
    "ShowTabTime": true,
    "PreConditionGroupId": 13000099,
    "ShowUnlockTip": false,
    "PreShowGuideQuest": {
      "PKa": [],
      "length": 0
    },
    "IfShowQuestLeftTime": false,
    "CloseGiveUpGuideQuest": false,
    "TabResource": "/Game/Aki/UI/UIResources/Common/Atlas/TabIcon/SP_IconActivityAll.SP_IconActivityAll",
    "TabResource2": "",
    "TabTexture": [
      "/Game/Aki/UI/UIResources/UiActivity/Image/ActivityTabIcon/T_ActivityTab_43.T_ActivityTab_43"
    ],
    "Name": "Activity_101600002_Title",
    "Title": "Activity_101600002_Title",
    "DescTheme": "",
    "Desc": "Activity_101600002_Desc",
    "BgResource": "/Game/Aki/UI/UIResources/Common/Image/BgCgBig/T_ActivityProcessMemoryBg.T_ActivityProcessMemoryBg",
    "PreviewDrop": 5060111,
    "HelpId": 114
  },
  {
    "Id": 102400001,
    "Type": 24,
    "OpenType": 0,
    "Sort": 22000,
    "TimeIsDisplay": 0,
    "ShowTabTime": true,
    "PreConditionGroupId": 13000076,
    "ShowUnlockTip": false,
    "PreShowGuideQuest": [
      152750000
    ],
    "IfShowQuestLeftTime": true,
    "CloseGiveUpGuideQuest": true,
    "TabResource": "/Game/Aki/UI/UIResources/Common/Atlas/TabIcon/SP_IconActivityAll.SP_IconActivityAll",
    "TabResource2": "",
    "TabTexture": [
      "/Game/Aki/UI/UIResources/UiActivity/Image/ActivityTabIcon/T_ActivityTab_41.T_ActivityTab_41"
    ],
    "Name": "Activity_102400001_Title",
    "Title": "Activity_102400001_Title",
    "DescTheme": "",
    "Desc": "Activity_102400001_Desc",
    "BgResource": "/Game/Aki/UI/UIResources/Common/Image/BgCgBig/T_AbnormalData001.T_AbnormalData001",
    "PreviewDrop": 5060230,
    "HelpId": 108
  },
  {
    "Id": 102500001,
    "Type": 25,
    "OpenType": 0,
    "Sort": 32000,
    "TimeIsDisplay": 0,
    "ShowTabTime": true,
    "PreConditionGroupId": 13000082,
    "ShowUnlockTip": false,
    "PreShowGuideQuest": {
      "PKa": [],
      "length": 0
    },
    "IfShowQuestLeftTime": true,
    "CloseGiveUpGuideQuest": true,
    "TabResource": "/Game/Aki/UI/UIResources/Common/Atlas/TabIcon/SP_IconActivityAll.SP_IconActivityAll",
    "TabResource2": "/Game/Aki/UI/UIResources/Common/Atlas/TabIcon/SP_IconActivityLongshan.SP_IconActivityLongshan",
    "TabTexture": [
      "/Game/Aki/UI/UIResources/UiActivity/Image/ActivityTabIcon/T_ActivityTab_44.T_ActivityTab_44"
    ],
    "Name": "Activity_102500001_Title",
    "Title": "Activity_102500001_Title",
    "DescTheme": "",
    "Desc": "Activity_102500001_Desc",
    "BgResource": "/Game/Aki/UI/UIResources/Common/Image/BgCgBig/T_ActivityHeihaianBg.T_ActivityHeihaianBg",
    "PreviewDrop": 5060330,
    "HelpId": 116
  },
  {
    "Id": 101900001,
    "Type": 19,
    "OpenType": 0,
    "Sort": 22000,
    "TimeIsDisplay": 0,
    "ShowTabTime": true,
    "PreConditionGroupId": 12200000,
    "ShowUnlockTip": false,
    "PreShowGuideQuest": [
      221750000
    ],
    "IfShowQuestLeftTime": true,
    "CloseGiveUpGuideQuest": true,
    "TabResource": "/Game/Aki/UI/UIResources/Common/Atlas/TabIcon/SP_IconActivityAll.SP_IconActivityAll",
    "TabResource2": "",
    "TabTexture": [
      "/Game/Aki/UI/UIResources/UiActivity/Image/ActivityTabIcon/T_ActivityTab_46.T_ActivityTab_46"
    ],
    "Name": "Activity_101900001_Title",
    "Title": "Activity_101900001_Title",
    "DescTheme": "Activity_101900001_Title",
    "Desc": "Activity_101900001_Desc",
    "BgResource": "/Game/Aki/UI/UIResources/Common/Image/BgCgBig/T_ActivityRogue3Bg.T_ActivityRogue3Bg",
    "PreviewDrop": 5060430,
    "HelpId": 120
  },
  {
    "Id": 101000005,
    "Type": 10,
    "OpenType": 0,
    "Sort": 35000,
    "TimeIsDisplay": 0,
    "ShowTabTime": false,
    "PreConditionGroupId": 13000081,
    "ShowUnlockTip": false,
    "PreShowGuideQuest": {
      "PKa": [],
      "length": 0
    },
    "IfShowQuestLeftTime": true,
    "CloseGiveUpGuideQuest": true,
    "TabResource": "/Game/Aki/UI/UIResources/Common/Atlas/TabIcon/SP_IconActivityAll.SP_IconActivityAll",
    "TabResource2": "",
    "TabTexture": [
      "/Game/Aki/UI/UIResources/UiActivity/Image/ActivityTabIcon/T_ActivityTab_42.T_ActivityTab_42"
    ],
    "Name": "Activity_101000005_Title",
    "Title": "Activity_101000005_Title",
    "DescTheme": "",
    "Desc": "Activity_101000005_Desc",
    "BgResource": "/Game/Aki/UI/UIResources/Common/Image/BgCgBig/T_ActivityComBg.T_ActivityComBg",
    "PreviewDrop": 71004,
    "HelpId": 69
  },
  {
    "Id": 101500002,
    "Type": 15,
    "OpenType": 0,
    "Sort": 21000,
    "TimeIsDisplay": 0,
    "ShowTabTime": true,
    "PreConditionGroupId": 13000020,
    "ShowUnlockTip": false,
    "PreShowGuideQuest": [
      152750003
    ],
    "IfShowQuestLeftTime": true,
    "CloseGiveUpGuideQuest": true,
    "TabResource": "/Game/Aki/UI/UIResources/Common/Atlas/TabIcon/SP_IconActivityAll.SP_IconActivityAll",
    "TabResource2": "",
    "TabTexture": [
      "/Game/Aki/UI/UIResources/UiActivity/Image/ActivityTabIcon/T_ActivityTab_24.T_ActivityTab_24"
    ],
    "Name": "Activity_101500002_Title",
    "Title": "Activity_101500002_Title",
    "DescTheme": "",
    "Desc": "Activity_101500002_Desc",
    "BgResource": "/Game/Aki/UI/UIResources/Common/Image/BgCgBig/T_ActivityComBg.T_ActivityComBg",
    "PreviewDrop": 5060013,
    "HelpId": 118
  },
  {
    "Id": 101200004,
    "Type": 12,
    "OpenType": 0,
    "Sort": 31000,
    "TimeIsDisplay": 0,
    "ShowTabTime": true,
    "PreConditionGroupId": 13000020,
    "ShowUnlockTip": false,
    "PreShowGuideQuest": {
      "PKa": [],
      "length": 0
    },
    "IfShowQuestLeftTime": true,
    "CloseGiveUpGuideQuest": true,
    "TabResource": "/Game/Aki/UI/UIResources/Common/Atlas/TabIcon/SP_IconActivityAll.SP_IconActivityAll",
    "TabResource2": "",
    "TabTexture": [
      "/Game/Aki/UI/UIResources/UiActivity/Image/ActivityTabIcon/T_ActivityTab_45.T_ActivityTab_45"
    ],
    "Name": "Activity_101200001_Title",
    "Title": "Activity_101200001_Title",
    "DescTheme": "",
    "Desc": "",
    "BgResource": "/Game/Aki/UI/UIResources/Common/Image/BgCgBig/T_ActivityAdventureBg.T_ActivityAdventureBg",
    "PreviewDrop": 0,
    "HelpId": 87
  },
  {
    "Id": 100100004,
    "Type": 2,
    "OpenType": 0,
    "Sort": 16500,
    "TimeIsDisplay": 0,
    "ShowTabTime": true,
    "PreConditionGroupId": 13000018,
    "ShowUnlockTip": false,
    "PreShowGuideQuest": {
      "PKa": [],
      "length": 0
    },
    "IfShowQuestLeftTime": true,
    "CloseGiveUpGuideQuest": true,
    "TabResource": "/Game/Aki/UI/UIResources/Common/Atlas/TabIcon/SP_IconActivityAll.SP_IconActivityAll",
    "TabResource2": "",
    "TabTexture": [
      "/Game/Aki/UI/UIResources/UiActivity/Image/ActivityTabIcon/T_ActivityTab_49.T_ActivityTab_49"
    ],
    "Name": "Activity_100100004_Title",
    "Title": "Activity_100100004_Title",
    "DescTheme": "",
    "Desc": "",
    "BgResource": "/Game/Aki/UI/UIResources/Common/Image/BgCgBig/T_ActivitySigninBg.T_ActivitySigninBg",
    "PreviewDrop": 0,
    "HelpId": 121
  },
  {
    "Id": 101300002,
    "Type": 13,
    "OpenType": 0,
    "Sort": 10,
    "TimeIsDisplay": 0,
    "ShowTabTime": true,
    "PreConditionGroupId": 0,
    "ShowUnlockTip": false,
    "PreShowGuideQuest": {
      "PKa": [],
      "length": 0
    },
    "IfShowQuestLeftTime": true,
    "CloseGiveUpGuideQuest": true,
    "TabResource": "/Game/Aki/UI/UIResources/Common/Atlas/TabIcon/SP_IconActivityAll.SP_IconActivityAll",
    "TabResource2": "/Game/Aki/UI/UIResources/Common/Atlas/TabIcon/SP_IconActivityLongshan.SP_IconActivityLongshan",
    "TabTexture": [
      "/Game/Aki/UI/UIResources/UiActivity/Image/ActivityTabIcon/T_ActivityTab_23.T_ActivityTab_23"
    ],
    "Name": "Activity_101300002_Title",
    "Title": "Activity_101300002_Title",
    "DescTheme": "",
    "Desc": "Activity_101300002_Desc",
    "BgResource": "/Game/Aki/UI/UIResources/Common/Image/BgCgBig/T_ActivityComBg.T_ActivityComBg",
    "PreviewDrop": 5060015,
    "HelpId": 124
  }
]