[
  {
    "Id": 100100001,
    "Type": 1,
    "PrefabResource": "UiView_signinMain",
    "SignRewards": [
      {
        "ItemId": 50001,
        "Count": 1
      },
      {
        "ItemId": 50001,
        "Count": 1
      },
      {
        "ItemId": 50001,
        "Count": 1
      },
      {
        "ItemId": 50001,
        "Count": 1
      },
      {
        "ItemId": 1102,
        "Count": 1
      },
      {
        "ItemId": 50002,
        "Count": 2
      },
      {
        "ItemId": 50002,
        "Count": 2
      }
    ],
    "ImportantRewardIndex": 4,
    "ImportantRewardIcon": "/Game/Aki/UI/UIResources/Common/Image/PixActivity/T_SanhuaPixB.T_SanhuaPixB",
    "ImportantRewardType": 1,
    "PreviewList": [
      100704
    ]
  },
  {
    "Id": 100100002,
    "Type": 2,
    "PrefabResource": "ActivitySignIn_1_1",
    "SignRewards": [
      {
        "ItemId": 50001,
        "Count": 1
      },
      {
        "ItemId": 50001,
        "Count": 1
      },
      {
        "ItemId": 50002,
        "Count": 2
      },
      {
        "ItemId": 50001,
        "Count": 1
      },
      {
        "ItemId": 50001,
        "Count": 1
      },
      {
        "ItemId": 50001,
        "Count": 1
      },
      {
        "ItemId": 50002,
        "Count": 3
      }
    ],
    "ImportantRewardIndex": -1,
    "ImportantRewardIcon": "1",
    "ImportantRewardType": 0,
    "PreviewList": {
      "PKa": [],
      "length": 0
    }
  },
  {
    "Id": 100100003,
    "Type": 2,
    "PrefabResource": "ActivitySignIn_1_2",
    "SignRewards": [
      {
        "ItemId": 50001,
        "Count": 1
      },
      {
        "ItemId": 50001,
        "Count": 1
      },
      {
        "ItemId": 50002,
        "Count": 2
      },
      {
        "ItemId": 50001,
        "Count": 1
      },
      {
        "ItemId": 50001,
        "Count": 1
      },
      {
        "ItemId": 50001,
        "Count": 1
      },
      {
        "ItemId": 50002,
        "Count": 3
      }
    ],
    "ImportantRewardIndex": -1,
    "ImportantRewardIcon": "1",
    "ImportantRewardType": 0,
    "PreviewList": {
      "PKa": [],
      "length": 0
    }
  },
  {
    "Id": 100100004,
    "Type": 2,
    "PrefabResource": "ActivitySignIn_1_3",
    "SignRewards": [
      {
        "ItemId": 50001,
        "Count": 1
      },
      {
        "ItemId": 50001,
        "Count": 1
      },
      {
        "ItemId": 50002,
        "Count": 2
      },
      {
        "ItemId": 50001,
        "Count": 1
      },
      {
        "ItemId": 50001,
        "Count": 1
      },
      {
        "ItemId": 50001,
        "Count": 1
      },
      {
        "ItemId": 50002,
        "Count": 3
      }
    ],
    "ImportantRewardIndex": -1,
    "ImportantRewardIcon": "1",
    "ImportantRewardType": 0,
    "PreviewList": {
      "PKa": [],
      "length": 0
    }
  }
]