[
  {
    "Id": 1,
    "ActivityId": 102500001,
    "Title": "BlackCoastTheme_Title01",
    "TitleDetail": "BlackCoastTheme_TitleDetail01",
    "OpenConditionId": 13000083,
    "QuestionId": 145000004,
    "VideoSource": "/Game/Aki/UI/UIResources/UiActivity/Mp4/VideoHeihaian1.VideoHeihaian1",
    "TextureSmall": "/Game/Aki/UI/UIResources/UiActivity/Image/ActivityHeihaian/Entry/T_CardIconS3.T_CardIconS3",
    "TextureNormal": "/Game/Aki/UI/UIResources/UiActivity/Image/ActivityHeihaian/Entry/T_CardIconNor3.T_CardIconNor3"
  },
  {
    "Id": 2,
    "ActivityId": 102500001,
    "Title": "BlackCoastTheme_Title02",
    "TitleDetail": "BlackCoastTheme_TitleDetail02",
    "OpenConditionId": 13000084,
    "QuestionId": 145000004,
    "VideoSource": "/Game/Aki/UI/UIResources/UiActivity/Mp4/VideoHeihaian3.VideoHeihaian3",
    "TextureSmall": "/Game/Aki/UI/UIResources/UiActivity/Image/ActivityHeihaian/Entry/T_CardIconS1.T_CardIconS1",
    "TextureNormal": "/Game/Aki/UI/UIResources/UiActivity/Image/ActivityHeihaian/Entry/T_CardIconNor1.T_CardIconNor1"
  },
  {
    "Id": 3,
    "ActivityId": 102500001,
    "Title": "BlackCoastTheme_Title03",
    "TitleDetail": "BlackCoastTheme_TitleDetail03",
    "OpenConditionId": 13000085,
    "QuestionId": 145000004,
    "VideoSource": "/Game/Aki/UI/UIResources/UiActivity/Mp4/VideoHeihaian2.VideoHeihaian2",
    "TextureSmall": "/Game/Aki/UI/UIResources/UiActivity/Image/ActivityHeihaian/Entry/T_CardIconS2.T_CardIconS2",
    "TextureNormal": "/Game/Aki/UI/UIResources/UiActivity/Image/ActivityHeihaian/Entry/T_CardIconNor2.T_CardIconNor2"
  }
]