[
  {
    "Id": 1,
    "ActivityId": 102500001,
    "ItemId": 24,
    "Active": 20,
    "DropId": 5060320
  },
  {
    "Id": 2,
    "ActivityId": 102500001,
    "ItemId": 24,
    "Active": 40,
    "DropId": 5060321
  },
  {
    "Id": 3,
    "ActivityId": 102500001,
    "ItemId": 24,
    "Active": 60,
    "DropId": 5060322
  },
  {
    "Id": 4,
    "ActivityId": 102500001,
    "ItemId": 24,
    "Active": 80,
    "DropId": 5060323
  },
  {
    "Id": 5,
    "ActivityId": 102500001,
    "ItemId": 24,
    "Active": 100,
    "DropId": 5060324
  }
]