[
  {
    "Id": 1,
    "BuffId": [
      622920000
    ],
    "PassiveSkill": {
      "PKa": [],
      "length": 0
    },
    "Texture": "/Game/Aki/UI/UIResources/UiActivity/Image/ActivityBossRush/T_BossrushSkill1.T_BossrushSkill1",
    "Name": "bossrush_1_title",
    "Description": "bossrush_1_desc",
    "DescriptionParam": [
      "[8,10,10,5,1]"
    ]
  },
  {
    "Id": 2,
    "BuffId": [
      622920007
    ],
    "PassiveSkill": {
      "PKa": [],
      "length": 0
    },
    "Texture": "/Game/Aki/UI/UIResources/UiActivity/Image/ActivityBossRush/T_BossrushSkill2.T_BossrushSkill2",
    "Name": "bossrush_2_title",
    "Description": "bossrush_2_desc",
    "DescriptionParam": [
      "[10,10,8,20,10]"
    ]
  },
  {
    "Id": 3,
    "BuffId": [
      622920016
    ],
    "PassiveSkill": {
      "PKa": [],
      "length": 0
    },
    "Texture": "/Game/Aki/UI/UIResources/UiActivity/Image/ActivityBossRush/T_BossrushSkill3.T_BossrushSkill3",
    "Name": "bossrush_3_title",
    "Description": "bossrush_3_desc",
    "DescriptionParam": [
      "[10,10,25,10]"
    ]
  },
  {
    "Id": 4,
    "BuffId": [
      622920019
    ],
    "PassiveSkill": {
      "PKa": [],
      "length": 0
    },
    "Texture": "/Game/Aki/UI/UIResources/UiActivity/Image/ActivityBossRush/T_BossrushSkill4.T_BossrushSkill4",
    "Name": "bossrush_4_title",
    "Description": "bossrush_4_desc",
    "DescriptionParam": [
      "[20,15,1]"
    ]
  },
  {
    "Id": 5,
    "BuffId": [
      622920021
    ],
    "PassiveSkill": {
      "PKa": [],
      "length": 0
    },
    "Texture": "/Game/Aki/UI/UIResources/UiActivity/Image/ActivityBossRush/T_BossrushSkill5.T_BossrushSkill5",
    "Name": "bossrush_5_title",
    "Description": "bossrush_5_desc",
    "DescriptionParam": [
      "[15,40,8,1]"
    ]
  },
  {
    "Id": 6,
    "BuffId": [
      622920023
    ],
    "PassiveSkill": {
      "PKa": [],
      "length": 0
    },
    "Texture": "/Game/Aki/UI/UIResources/UiActivity/Image/ActivityBossRush/T_BossrushSkill6.T_BossrushSkill6",
    "Name": "bossrush_6_title",
    "Description": "bossrush_6_desc",
    "DescriptionParam": [
      "[300,3]"
    ]
  },
  {
    "Id": 7,
    "BuffId": [
      622920025
    ],
    "PassiveSkill": {
      "PKa": [],
      "length": 0
    },
    "Texture": "/Game/Aki/UI/UIResources/UiActivity/Image/ActivityBossRush/T_BossrushSkill7.T_BossrushSkill7",
    "Name": "bossrush_7_title",
    "Description": "bossrush_7_desc",
    "DescriptionParam": [
      "[10,30,6]"
    ]
  },
  {
    "Id": 8,
    "BuffId": [
      622920028
    ],
    "PassiveSkill": {
      "PKa": [],
      "length": 0
    },
    "Texture": "/Game/Aki/UI/UIResources/UiActivity/Image/ActivityBossRush/T_BossrushSkill2.T_BossrushSkill2",
    "Name": "bossrush_8_title",
    "Description": "bossrush_8_desc",
    "DescriptionParam": [
      "[10,30,20]"
    ]
  },
  {
    "Id": 21,
    "BuffId": [
      622920038
    ],
    "PassiveSkill": {
      "PKa": [],
      "length": 0
    },
    "Texture": "/Game/Aki/UI/UIResources/Common/Image/IconAttribute/T_Iconpropertyredfoco_UI.T_Iconpropertyredfoco_UI",
    "Name": "bossrush_21_title",
    "Description": "bossrush_21_desc",
    "DescriptionParam": [
      "[4,15,20,1,1]"
    ]
  },
  {
    "Id": 22,
    "BuffId": [
      622920040
    ],
    "PassiveSkill": {
      "PKa": [],
      "length": 0
    },
    "Texture": "/Game/Aki/UI/UIResources/Common/Image/IconAttribute/T_Iconpropertyredmine_UI.T_Iconpropertyredmine_UI",
    "Name": "bossrush_22_title",
    "Description": "bossrush_22_desc",
    "DescriptionParam": [
      "[20,2,8,1,20]"
    ]
  },
  {
    "Id": 23,
    "BuffId": [
      622920042,
      622920043
    ],
    "PassiveSkill": {
      "PKa": [],
      "length": 0
    },
    "Texture": "/Game/Aki/UI/UIResources/Common/Image/IconAttribute/T_Iconpropertyredlight_UI.T_Iconpropertyredlight_UI",
    "Name": "bossrush_23_title",
    "Description": "bossrush_23_desc",
    "DescriptionParam": [
      "[30,30,10,20,10,70]"
    ]
  },
  {
    "Id": 24,
    "BuffId": [
      622920044
    ],
    "PassiveSkill": {
      "PKa": [],
      "length": 0
    },
    "Texture": "/Game/Aki/UI/UIResources/Common/Image/IconAttribute/T_Iconpropertyredskill_UI.T_Iconpropertyredskill_UI",
    "Name": "bossrush_24_title",
    "Description": "bossrush_24_desc",
    "DescriptionParam": [
      "[5,50,30]"
    ]
  },
  {
    "Id": 25,
    "BuffId": [
      622920047
    ],
    "PassiveSkill": {
      "PKa": [],
      "length": 0
    },
    "Texture": "/Game/Aki/UI/UIResources/UiActivity/Image/ActivityBossRush/T_BossrushSkill2.T_BossrushSkill2",
    "Name": "bossrush_25_title",
    "Description": "bossrush_25_desc",
    "DescriptionParam": [
      "[20,5,1]"
    ]
  },
  {
    "Id": 26,
    "BuffId": [
      622920049
    ],
    "PassiveSkill": {
      "PKa": [],
      "length": 0
    },
    "Texture": "/Game/Aki/UI/UIResources/Common/Image/IconAttribute/T_Iconpropertyredskill_UI.T_Iconpropertyredskill_UI",
    "Name": "bossrush_26_title",
    "Description": "bossrush_26_desc",
    "DescriptionParam": [
      "[4,12,20]"
    ]
  },
  {
    "Id": 27,
    "BuffId": [
      622920051
    ],
    "PassiveSkill": {
      "PKa": [],
      "length": 0
    },
    "Texture": "/Game/Aki/UI/UIResources/Common/Image/IconAttribute/T_Iconpropertyredhot_UI.T_Iconpropertyredhot_UI",
    "Name": "bossrush_27_title",
    "Description": "bossrush_27_desc",
    "DescriptionParam": [
      "[20,20,3,2]"
    ]
  },
  {
    "Id": 28,
    "BuffId": [
      622920021
    ],
    "PassiveSkill": {
      "PKa": [],
      "length": 0
    },
    "Texture": "/Game/Aki/UI/UIResources/UiActivity/Image/ActivityBossRush/T_BossrushSkill5.T_BossrushSkill5",
    "Name": "bossrush_28_title",
    "Description": "bossrush_28_desc",
    "DescriptionParam": [
      "[5,40,1,10]"
    ]
  },
  {
    "Id": 29,
    "BuffId": [
      622920023
    ],
    "PassiveSkill": {
      "PKa": [],
      "length": 0
    },
    "Texture": "/Game/Aki/UI/UIResources/UiActivity/Image/ActivityBossRush/T_BossrushSkill6.T_BossrushSkill6",
    "Name": "bossrush_29_title",
    "Description": "bossrush_29_desc",
    "DescriptionParam": [
      "[200,5]"
    ]
  },
  {
    "Id": 30,
    "BuffId": [
      622920028
    ],
    "PassiveSkill": {
      "PKa": [],
      "length": 0
    },
    "Texture": "/Game/Aki/UI/UIResources/UiActivity/Image/ActivityBossRush/T_BossrushSkill2.T_BossrushSkill2",
    "Name": "bossrush_30_title",
    "Description": "bossrush_30_desc",
    "DescriptionParam": [
      "[5,60,20]"
    ]
  },
  {
    "Id": 31,
    "BuffId": [
      622920053
    ],
    "PassiveSkill": {
      "PKa": [],
      "length": 0
    },
    "Texture": "/Game/Aki/UI/UIResources/Common/Image/IconAttribute/T_Iconpropertyredskill_UI.T_Iconpropertyredskill_UI",
    "Name": "bossrush_31_title",
    "Description": "bossrush_31_desc",
    "DescriptionParam": [
      "[2.5,15,20]"
    ]
  },
  {
    "Id": 32,
    "BuffId": [
      622920055,
      622920056
    ],
    "PassiveSkill": {
      "PKa": [],
      "length": 0
    },
    "Texture": "/Game/Aki/UI/UIResources/Common/Image/IconAttribute/T_Iconpropertyredwind_UI.T_Iconpropertyredwind_UI",
    "Name": "bossrush_32_title",
    "Description": "bossrush_32_desc",
    "DescriptionParam": [
      "[30,30,10,20,10,70]"
    ]
  },
  {
    "Id": 33,
    "BuffId": [
      622920057
    ],
    "PassiveSkill": {
      "PKa": [],
      "length": 0
    },
    "Texture": "/Game/Aki/UI/UIResources/UiActivity/Image/ActivityBossRush/T_BossrushSkill7.T_BossrushSkill7",
    "Name": "bossrush_33_title",
    "Description": "bossrush_33_desc",
    "DescriptionParam": [
      "[4,10,2,1,10]"
    ]
  }
]