[
  {
    "Id": 1,
    "ActivityId": 100805001,
    "InstId": 8301,
    "GroupId": 1,
    "SortId": 1,
    "BuffCount": 1,
    "DefaultBuff": {
      "PKa": [],
      "length": 0
    },
    "OptionalBuff": [
      21,
      22
    ],
    "UnlockBuff": {
      "PKa": [],
      "length": 0
    },
    "OpenDay": 0,
    "Condition": 0,
    "PreLevel": 0,
    "RewardScore": 1000,
    "LevelRewardDesc": "bossrush_reward_8301",
    "RewardId": 5040101,
    "BossInfo": 340000060,
    "PreviewTexture": "/Game/Aki/UI/UIResources/Common/Image/PixActivity/T_ActivityMonsterCard_993.T_ActivityMonsterCard_993",
    "StageTexture": "/Game/Aki/UI/UIResources/Common/Image/PixActivity/T_ActivityMonster_993.T_ActivityMonster_993",
    "BossCount": 3
  },
  {
    "Id": 2,
    "ActivityId": 100805001,
    "InstId": 8302,
    "GroupId": 1,
    "SortId": 2,
    "BuffCount": 1,
    "DefaultBuff": {
      "PKa": [],
      "length": 0
    },
    "OptionalBuff": [
      23,
      24
    ],
    "UnlockBuff": {
      "PKa": [],
      "length": 0
    },
    "OpenDay": 1,
    "Condition": 0,
    "PreLevel": 1,
    "RewardScore": 1000,
    "LevelRewardDesc": "bossrush_reward_8302",
    "RewardId": 5040102,
    "BossInfo": 330000040,
    "PreviewTexture": "/Game/Aki/UI/UIResources/Common/Image/PixActivity/T_ActivityMonsterCard_994.T_ActivityMonsterCard_994",
    "StageTexture": "/Game/Aki/UI/UIResources/Common/Image/PixActivity/T_ActivityMonster_994.T_ActivityMonster_994",
    "BossCount": 4
  },
  {
    "Id": 3,
    "ActivityId": 100805001,
    "InstId": 8303,
    "GroupId": 1,
    "SortId": 3,
    "BuffCount": 2,
    "DefaultBuff": {
      "PKa": [],
      "length": 0
    },
    "OptionalBuff": [
      26,
      27,
      28
    ],
    "UnlockBuff": {
      "PKa": [],
      "length": 0
    },
    "OpenDay": 2,
    "Condition": 0,
    "PreLevel": 2,
    "RewardScore": 1000,
    "LevelRewardDesc": "bossrush_reward_8303",
    "RewardId": 5040103,
    "BossInfo": 330000030,
    "PreviewTexture": "/Game/Aki/UI/UIResources/Common/Image/PixActivity/T_ActivityMonsterCard_995.T_ActivityMonsterCard_995",
    "StageTexture": "/Game/Aki/UI/UIResources/Common/Image/PixActivity/T_ActivityMonster_995.T_ActivityMonster_995",
    "BossCount": 5
  },
  {
    "Id": 4,
    "ActivityId": 100805001,
    "InstId": 8304,
    "GroupId": 1,
    "SortId": 4,
    "BuffCount": 2,
    "DefaultBuff": {
      "PKa": [],
      "length": 0
    },
    "OptionalBuff": [
      29,
      30,
      31
    ],
    "UnlockBuff": {
      "PKa": [],
      "length": 0
    },
    "OpenDay": 3,
    "Condition": 0,
    "PreLevel": 3,
    "RewardScore": 1000,
    "LevelRewardDesc": "bossrush_reward_8304",
    "RewardId": 5040104,
    "BossInfo": 340000080,
    "PreviewTexture": "/Game/Aki/UI/UIResources/Common/Image/PixActivity/T_ActivityMonsterCard_226.T_ActivityMonsterCard_226",
    "StageTexture": "/Game/Aki/UI/UIResources/Common/Image/PixActivity/T_ActivityMonster_226.T_ActivityMonster_226",
    "BossCount": 6
  },
  {
    "Id": 5,
    "ActivityId": 100805001,
    "InstId": 8305,
    "GroupId": 1,
    "SortId": 5,
    "BuffCount": 2,
    "DefaultBuff": {
      "PKa": [],
      "length": 0
    },
    "OptionalBuff": [
      32,
      22,
      30,
      33
    ],
    "UnlockBuff": {
      "PKa": [],
      "length": 0
    },
    "OpenDay": 4,
    "Condition": 0,
    "PreLevel": 4,
    "RewardScore": 1000,
    "LevelRewardDesc": "bossrush_reward_8305",
    "RewardId": 5040105,
    "BossInfo": 330000050,
    "PreviewTexture": "/Game/Aki/UI/UIResources/Common/Image/PixActivity/T_ActivityMonsterCard_996.T_ActivityMonsterCard_996",
    "StageTexture": "/Game/Aki/UI/UIResources/Common/Image/PixActivity/T_ActivityMonster_996.T_ActivityMonster_996",
    "BossCount": 7
  },
  {
    "Id": 6,
    "ActivityId": 100805001,
    "InstId": 8306,
    "GroupId": 1,
    "SortId": 6,
    "BuffCount": 2,
    "DefaultBuff": {
      "PKa": [],
      "length": 0
    },
    "OptionalBuff": [
      23,
      24,
      26,
      29,
      30,
      33,
      28
    ],
    "UnlockBuff": {
      "PKa": [],
      "length": 0
    },
    "OpenDay": 5,
    "Condition": 0,
    "PreLevel": 5,
    "RewardScore": 1000,
    "LevelRewardDesc": "bossrush_reward_8306",
    "RewardId": 5040106,
    "BossInfo": 340000010,
    "PreviewTexture": "/Game/Aki/UI/UIResources/Common/Image/PixActivity/T_ActivityMonsterCard_999.T_ActivityMonsterCard_999",
    "StageTexture": "/Game/Aki/UI/UIResources/Common/Image/PixActivity/T_ActivityMonster_999.T_ActivityMonster_999",
    "BossCount": 8
  }
]