[
  {
    "Id": 1,
    "TaskType": 0,
    "TargetName": "RecallActivity_Task_Story",
    "TaskSubType": 1,
    "TargetReward": 5050101,
    "TargetFunc": 0
  },
  {
    "Id": 2,
    "TaskType": 0,
    "TargetName": "RecallActivity_Task_Role",
    "TaskSubType": 2,
    "TargetReward": 5050102,
    "TargetFunc": 0
  },
  {
    "Id": 3,
    "TaskType": 1,
    "TargetName": "RecallActivity_Task_Area_01",
    "TaskSubType": 3,
    "TargetReward": 5050103,
    "TargetFunc": 0
  },
  {
    "Id": 4,
    "TaskType": 1,
    "TargetName": "RecallActivity_Task_Area_02",
    "TaskSubType": 3,
    "TargetReward": 5050103,
    "TargetFunc": 0
  },
  {
    "Id": 5,
    "TaskType": 1,
    "TargetName": "RecallActivity_Task_Area_03",
    "TaskSubType": 3,
    "TargetReward": 5050103,
    "TargetFunc": 0
  },
  {
    "Id": 6,
    "TaskType": 2,
    "TargetName": "RecallActivity_Task_Power",
    "TaskSubType": 4,
    "TargetReward": 5050104,
    "TargetFunc": 0
  }
]