[
  {
    "Id": 1,
    "EntryType": 1,
    "Title": "RecallActivity_Story_Title",
    "IconPathF": "/Game/Aki/UI/UIResources/UiActivity/Image/Circumfluence/T_Recall_Popo_02.T_Recall_Popo_02",
    "IconPath": "/Game/Aki/UI/UIResources/UiActivity/Image/Circumfluence/T_Recall_Popo_02.T_Recall_Popo_02",
    "GachaId": 0
  },
  {
    "Id": 2,
    "EntryType": 2,
    "Title": "RecallActivity_Area_Title",
    "IconPathF": "/Game/Aki/UI/UIResources/UiActivity/Image/Circumfluence/T_Recall_Popo_01.T_Recall_Popo_01",
    "IconPath": "/Game/Aki/UI/UIResources/UiActivity/Image/Circumfluence/T_Recall_Popo_01.T_Recall_Popo_01",
    "GachaId": 0
  },
  {
    "Id": 3,
    "EntryType": 3,
    "Title": "RecallActivity_Role_Title",
    "IconPathF": "/Game/Aki/UI/UIResources/UiActivity/Image/Circumfluence/T_Recall_Popo_03.T_Recall_Popo_03",
    "IconPath": "/Game/Aki/UI/UIResources/UiActivity/Image/Circumfluence/T_Recall_Popo_03.T_Recall_Popo_03",
    "GachaId": 100007
  },
  {
    "Id": 4,
    "EntryType": 3,
    "Title": "RecallActivity_Role_Title",
    "IconPathF": "/Game/Aki/UI/UIResources/UiActivity/Image/Circumfluence/T_Recall_Popo_04.T_Recall_Popo_04",
    "IconPath": "/Game/Aki/UI/UIResources/UiActivity/Image/Circumfluence/T_Recall_Popo_04.T_Recall_Popo_04",
    "GachaId": 100008
  }
]