[
  {
    "Id": 223750002,
    "MarkId": 380026,
    "SortId": 1,
    "ActivityId": 102400001,
    "RewardList": [
      {
        "Item1": 3,
        "Item2": 5060201
      },
      {
        "Item1": 6,
        "Item2": 5060202
      },
      {
        "Item1": 10,
        "Item2": 5060203
      }
    ],
    "MaxScore": 10,
    "BackgroundTexture": "/Game/Aki/UI/UIResources/UiActivity/Image/ActivityParkour/T_AbnormalData002_UI.T_AbnormalData002_UI",
    "Title": "Parkour_1_3_01_Title"
  },
  {
    "Id": 223750007,
    "MarkId": 380028,
    "SortId": 3,
    "ActivityId": 102400001,
    "RewardList": [
      {
        "Item1": 3,
        "Item2": 5060207
      },
      {
        "Item1": 6,
        "Item2": 5060208
      },
      {
        "Item1": 10,
        "Item2": 5060209
      }
    ],
    "MaxScore": 10,
    "BackgroundTexture": "/Game/Aki/UI/UIResources/UiActivity/Image/ActivityParkour/T_AbnormalData004_UI.T_AbnormalData004_UI",
    "Title": "Parkour_1_3_03_Title"
  },
  {
    "Id": 223750006,
    "MarkId": 380029,
    "SortId": 4,
    "ActivityId": 102400001,
    "RewardList": [
      {
        "Item1": 3,
        "Item2": 5060210
      },
      {
        "Item1": 6,
        "Item2": 5060211
      },
      {
        "Item1": 10,
        "Item2": 5060212
      }
    ],
    "MaxScore": 10,
    "BackgroundTexture": "/Game/Aki/UI/UIResources/UiActivity/Image/ActivityParkour/T_AbnormalData005_UI.T_AbnormalData005_UI",
    "Title": "Parkour_1_3_04_Title"
  },
  {
    "Id": 223750008,
    "MarkId": 380032,
    "SortId": 7,
    "ActivityId": 102400001,
    "RewardList": [
      {
        "Item1": 3,
        "Item2": 5060219
      },
      {
        "Item1": 6,
        "Item2": 5060220
      },
      {
        "Item1": 10,
        "Item2": 5060221
      }
    ],
    "MaxScore": 10,
    "BackgroundTexture": "/Game/Aki/UI/UIResources/UiActivity/Image/ActivityParkour/T_AbnormalData008_UI.T_AbnormalData008_UI",
    "Title": "Parkour_1_3_07_Title"
  },
  {
    "Id": 223750009,
    "MarkId": 380027,
    "SortId": 2,
    "ActivityId": 102400001,
    "RewardList": [
      {
        "Item1": 3,
        "Item2": 5060204
      },
      {
        "Item1": 6,
        "Item2": 5060205
      },
      {
        "Item1": 10,
        "Item2": 5060206
      }
    ],
    "MaxScore": 10,
    "BackgroundTexture": "/Game/Aki/UI/UIResources/UiActivity/Image/ActivityParkour/T_AbnormalData003_UI.T_AbnormalData003_UI",
    "Title": "Parkour_1_3_02_Title"
  },
  {
    "Id": 223750010,
    "MarkId": 380031,
    "SortId": 6,
    "ActivityId": 102400001,
    "RewardList": [
      {
        "Item1": 3,
        "Item2": 5060216
      },
      {
        "Item1": 6,
        "Item2": 5060217
      },
      {
        "Item1": 10,
        "Item2": 5060218
      }
    ],
    "MaxScore": 10,
    "BackgroundTexture": "/Game/Aki/UI/UIResources/UiActivity/Image/ActivityParkour/T_AbnormalData007_UI.T_AbnormalData007_UI",
    "Title": "Parkour_1_3_06_Title"
  },
  {
    "Id": 223750011,
    "MarkId": 380030,
    "SortId": 5,
    "ActivityId": 102400001,
    "RewardList": [
      {
        "Item1": 3,
        "Item2": 5060213
      },
      {
        "Item1": 6,
        "Item2": 5060214
      },
      {
        "Item1": 10,
        "Item2": 5060215
      }
    ],
    "MaxScore": 10,
    "BackgroundTexture": "/Game/Aki/UI/UIResources/UiActivity/Image/ActivityParkour/T_AbnormalData006_UI.T_AbnormalData006_UI",
    "Title": "Parkour_1_3_05_Title"
  }
]