[
  {
    "Id": 1001,
    "NeedPt": 20,
    "Drop": 5033031
  },
  {
    "Id": 1002,
    "NeedPt": 40,
    "Drop": 5033032
  },
  {
    "Id": 1003,
    "NeedPt": 60,
    "Drop": 5033033
  },
  {
    "Id": 1004,
    "NeedPt": 100,
    "Drop": 5033034
  },
  {
    "Id": 1005,
    "NeedPt": 140,
    "Drop": 5033035
  },
  {
    "Id": 1201,
    "NeedPt": 20,
    "Drop": 5033031
  },
  {
    "Id": 1202,
    "NeedPt": 40,
    "Drop": 5033032
  },
  {
    "Id": 1203,
    "NeedPt": 60,
    "Drop": 5033033
  },
  {
    "Id": 1204,
    "NeedPt": 100,
    "Drop": 5033034
  },
  {
    "Id": 1205,
    "NeedPt": 140,
    "Drop": 5033035
  }
]