[
  {
    "ActivityId": 101200003,
    "AreaTitle": "ActivityAdventure_101200003_Title",
    "AreaDescription": "ActivityAdventure_101200001_Desc",
    "AreaPic": "/Game/Aki/UI/UIResources/UiActivity/Image/ActivityAdventure/T_AdventurePix3.T_AdventurePix3",
    "AreaDefaultMarkId": 300509,
    "TaskList": [
      1002,
      1003,
      1004,
      1006,
      1008,
      1009,
      1011,
      1012,
      1016,
      1017
    ],
    "RewardList": [
      1201,
      1202,
      1203,
      1204,
      1205
    ],
    "TaskRefreshNum": 2
  },
  {
    "ActivityId": 101200001,
    "AreaTitle": "ActivityAdventure_101200001_Title",
    "AreaDescription": "ActivityAdventure_101200001_Desc",
    "AreaPic": "/Game/Aki/UI/UIResources/UiActivity/Image/ActivityAdventure/T_AdventureFrame2.T_AdventureFrame2",
    "AreaDefaultMarkId": 300404,
    "TaskList": [
      1001,
      1002,
      1003,
      1004,
      1005,
      1006,
      1007,
      1008,
      1009,
      1010,
      1011,
      1012,
      1013,
      1014
    ],
    "RewardList": [
      1001,
      1002,
      1003,
      1004,
      1005
    ],
    "TaskRefreshNum": 2
  },
  {
    "ActivityId": 101200002,
    "AreaTitle": "ActivityAdventure_101200002_Title",
    "AreaDescription": "ActivityAdventure_101200001_Desc",
    "AreaPic": "/Game/Aki/UI/UIResources/UiActivity/Image/ActivityAdventure/T_AdventurePix2.T_AdventurePix2",
    "AreaDefaultMarkId": 301301,
    "TaskList": [
      1001,
      1002,
      1003,
      1004,
      1005,
      1006,
      1007,
      1008,
      1009,
      1010,
      1011,
      1012
    ],
    "RewardList": [
      1001,
      1002,
      1003,
      1004,
      1005
    ],
    "TaskRefreshNum": 2
  },
  {
    "ActivityId": 101200004,
    "AreaTitle": "ActivityAdventure_101200004_Title",
    "AreaDescription": "ActivityAdventure_101200001_Desc",
    "AreaPic": "/Game/Aki/UI/UIResources/UiActivity/Image/ActivityAdventure/T_AdventurePix4.T_AdventurePix4",
    "AreaDefaultMarkId": 300011,
    "TaskList": [
      1002,
      1003,
      1004,
      1006,
      1008,
      1009,
      1011,
      1012,
      1016,
      1017,
      1018,
      1019
    ],
    "RewardList": [
      1201,
      1202,
      1203,
      1204,
      1205
    ],
    "TaskRefreshNum": 2
  }
]