[
  {
    "Id": 100700001,
    "Type": 1,
    "Count": 3,
    "UpRate": 2,
    "Prefab": "UiItem_ActivityDoubleReward"
  },
  {
    "Id": 100700002,
    "Type": 3,
    "Count": 3,
    "UpRate": 2,
    "Prefab": "UiItem_ActivityDoubleReward_3"
  },
  {
    "Id": 100700003,
    "Type": 2,
    "Count": 3,
    "UpRate": 2,
    "Prefab": "UiItem_ActivityDoubleReward_2"
  },
  {
    "Id": 100700004,
    "Type": 3,
    "Count": 3,
    "UpRate": 2,
    "Prefab": "UiItem_ActivityDoubleReward_3"
  },
  {
    "Id": 100700005,
    "Type": 2,
    "Count": 3,
    "UpRate": 2,
    "Prefab": "UiItem_ActivityDoubleReward_2"
  },
  {
    "Id": 100700006,
    "Type": 3,
    "Count": 3,
    "UpRate": 2,
    "Prefab": "UiItem_ActivityDoubleReward_3"
  },
  {
    "Id": 100700007,
    "Type": 2,
    "Count": 3,
    "UpRate": 2,
    "Prefab": "UiItem_ActivityDoubleReward_2"
  },
  {
    "Id": 100700008,
    "Type": 3,
    "Count": 3,
    "UpRate": 2,
    "Prefab": "UiItem_ActivityDoubleReward_3"
  }
]