[
  {
    "TaskId": 101,
    "StageId": 1,
    "TaskName": "LongShanTask_101_TaskName",
    "SortId": 101,
    "TaskReward": {
      "size": 3
    },
    "JumpId": 810001
  },
  {
    "TaskId": 102,
    "StageId": 1,
    "TaskName": "LongShanTask_102_TaskName",
    "SortId": 102,
    "TaskReward": {
      "size": 3
    },
    "JumpId": 810002
  },
  {
    "TaskId": 201,
    "StageId": 2,
    "TaskName": "LongShanTask_201_TaskName",
    "SortId": 201,
    "TaskReward": {
      "size": 3
    },
    "JumpId": 810005
  },
  {
    "TaskId": 203,
    "StageId": 2,
    "TaskName": "LongShanTask_203_TaskName",
    "SortId": 202,
    "TaskReward": {
      "size": 3
    },
    "JumpId": 810006
  },
  {
    "TaskId": 204,
    "StageId": 2,
    "TaskName": "LongShanTask_204_TaskName",
    "SortId": 203,
    "TaskReward": {
      "size": 3
    },
    "JumpId": 810007
  },
  {
    "TaskId": 301,
    "StageId": 3,
    "TaskName": "LongShanTask_301_TaskName",
    "SortId": 301,
    "TaskReward": {
      "size": 3
    },
    "JumpId": 810009
  },
  {
    "TaskId": 303,
    "StageId": 3,
    "TaskName": "LongShanTask_402_TaskName",
    "SortId": 302,
    "TaskReward": {
      "size": 3
    },
    "JumpId": 810014
  },
  {
    "TaskId": 304,
    "StageId": 3,
    "TaskName": "LongShanTask_304_TaskName",
    "SortId": 303,
    "TaskReward": {
      "size": 3
    },
    "JumpId": 810011
  },
  {
    "TaskId": 401,
    "StageId": 4,
    "TaskName": "LongShanTask_401_TaskName",
    "SortId": 401,
    "TaskReward": {
      "size": 3
    },
    "JumpId": 810013
  },
  {
    "TaskId": 402,
    "StageId": 4,
    "TaskName": "LongShanTask_205_TaskName",
    "SortId": 402,
    "TaskReward": {
      "size": 3
    },
    "JumpId": 810008
  },
  {
    "TaskId": 405,
    "StageId": 4,
    "TaskName": "LongShanTask_405_TaskName",
    "SortId": 404,
    "TaskReward": {
      "size": 3
    },
    "JumpId": 810017
  },
  {
    "TaskId": 104,
    "StageId": 1,
    "TaskName": "LongShanTask_206_TaskName",
    "SortId": 103,
    "TaskReward": {
      "size": 3
    },
    "JumpId": 810018
  },
  {
    "TaskId": 305,
    "StageId": 3,
    "TaskName": "LongShanTask_305_TaskName",
    "SortId": 304,
    "TaskReward": {
      "size": 3
    },
    "JumpId": 810012
  },
  {
    "TaskId": 105,
    "StageId": 1,
    "TaskName": "LongShanTask_105_TaskName",
    "SortId": 104,
    "TaskReward": {
      "size": 3
    },
    "JumpId": 810004
  },
  {
    "TaskId": 205,
    "StageId": 2,
    "TaskName": "LongShanTask_104_TaskName",
    "SortId": 204,
    "TaskReward": {
      "size": 3
    },
    "JumpId": 810003
  },
  {
    "TaskId": 404,
    "StageId": 4,
    "TaskName": "LongShanTask_404_TaskName",
    "SortId": 403,
    "TaskReward": {
      "size": 3
    },
    "JumpId": 810016
  },
  {
    "TaskId": 501,
    "StageId": 5,
    "TaskName": "LongShanTask_501_TaskName",
    "SortId": 501,
    "TaskReward": {
      "size": 1
    },
    "JumpId": 0
  },
  {
    "TaskId": 502,
    "StageId": 5,
    "TaskName": "LongShanTask_502_TaskName",
    "SortId": 502,
    "TaskReward": {
      "size": 1
    },
    "JumpId": 811027
  },
  {
    "TaskId": 503,
    "StageId": 5,
    "TaskName": "LongShanTask_503_TaskName",
    "SortId": 503,
    "TaskReward": {
      "size": 1
    },
    "JumpId": 811028
  },
  {
    "TaskId": 504,
    "StageId": 5,
    "TaskName": "LongShanTask_504_TaskName",
    "SortId": 504,
    "TaskReward": {
      "size": 1
    },
    "JumpId": 811029
  },
  {
    "TaskId": 505,
    "StageId": 5,
    "TaskName": "LongShanTask_505_TaskName",
    "SortId": 505,
    "TaskReward": {
      "size": 1
    },
    "JumpId": 811030
  },
  {
    "TaskId": 601,
    "StageId": 6,
    "TaskName": "LongShanTask_601_TaskName",
    "SortId": 601,
    "TaskReward": {
      "size": 1
    },
    "JumpId": 811031
  },
  {
    "TaskId": 602,
    "StageId": 6,
    "TaskName": "LongShanTask_602_TaskName",
    "SortId": 602,
    "TaskReward": {
      "size": 1
    },
    "JumpId": 811031
  },
  {
    "TaskId": 603,
    "StageId": 6,
    "TaskName": "LongShanTask_603_TaskName",
    "SortId": 603,
    "TaskReward": {
      "size": 1
    },
    "JumpId": 811031
  },
  {
    "TaskId": 604,
    "StageId": 6,
    "TaskName": "LongShanTask_604_TaskName",
    "SortId": 604,
    "TaskReward": {
      "size": 1
    },
    "JumpId": 811031
  },
  {
    "TaskId": 701,
    "StageId": 7,
    "TaskName": "LongShanTask_701_TaskName",
    "SortId": 701,
    "TaskReward": {
      "size": 1
    },
    "JumpId": 811020
  },
  {
    "TaskId": 702,
    "StageId": 7,
    "TaskName": "LongShanTask_702_TaskName",
    "SortId": 702,
    "TaskReward": {
      "size": 1
    },
    "JumpId": 811021
  },
  {
    "TaskId": 703,
    "StageId": 7,
    "TaskName": "LongShanTask_703_TaskName",
    "SortId": 703,
    "TaskReward": {
      "size": 1
    },
    "JumpId": 811021
  },
  {
    "TaskId": 704,
    "StageId": 7,
    "TaskName": "LongShanTask_704_TaskName",
    "SortId": 704,
    "TaskReward": {
      "size": 1
    },
    "JumpId": 811021
  },
  {
    "TaskId": 801,
    "StageId": 8,
    "TaskName": "LongShanTask_801_TaskName",
    "SortId": 801,
    "TaskReward": {
      "size": 1
    },
    "JumpId": 811022
  },
  {
    "TaskId": 802,
    "StageId": 8,
    "TaskName": "LongShanTask_802_TaskName",
    "SortId": 802,
    "TaskReward": {
      "size": 1
    },
    "JumpId": 811023
  },
  {
    "TaskId": 803,
    "StageId": 8,
    "TaskName": "LongShanTask_803_TaskName",
    "SortId": 803,
    "TaskReward": {
      "size": 1
    },
    "JumpId": 811024
  },
  {
    "TaskId": 804,
    "StageId": 8,
    "TaskName": "LongShanTask_804_TaskName",
    "SortId": 804,
    "TaskReward": {
      "size": 1
    },
    "JumpId": 811025
  },
  {
    "TaskId": 805,
    "StageId": 8,
    "TaskName": "LongShanTask_805_TaskName",
    "SortId": 805,
    "TaskReward": {
      "size": 1
    },
    "JumpId": 811026
  }
]