[
  {
    "Id": 1,
    "ActivityId": 101300001,
    "Title": "LongShanStage_Title01",
    "TitleDetail": "LongShanStage_TitleDetail01",
    "OpenConditionId": 13000039,
    "QuestionId": 125000120,
    "Picture": "/Game/Aki/UI/UIResources/UiActivity/Image/Longshan/T_LongshanPix01.T_LongshanPix01"
  },
  {
    "Id": 2,
    "ActivityId": 101300001,
    "Title": "LongShanStage_Title02",
    "TitleDetail": "LongShanStage_TitleDetail02",
    "OpenConditionId": 13000040,
    "QuestionId": 125000121,
    "Picture": "/Game/Aki/UI/UIResources/UiActivity/Image/Longshan/T_LongshanPix02.T_LongshanPix02"
  },
  {
    "Id": 3,
    "ActivityId": 101300001,
    "Title": "LongShanStage_Title03",
    "TitleDetail": "LongShanStage_TitleDetail03",
    "OpenConditionId": 13000041,
    "QuestionId": 133000009,
    "Picture": "/Game/Aki/UI/UIResources/UiActivity/Image/Longshan/T_LongshanPix03.T_LongshanPix03"
  },
  {
    "Id": 4,
    "ActivityId": 101300001,
    "Title": "LongShanStage_Title04",
    "TitleDetail": "LongShanStage_TitleDetail04",
    "OpenConditionId": 13000042,
    "QuestionId": 125000124,
    "Picture": "/Game/Aki/UI/UIResources/UiActivity/Image/Longshan/T_LongshanPix04.T_LongshanPix04"
  },
  {
    "Id": 5,
    "ActivityId": 101300002,
    "Title": "LongShanStage_Title05",
    "TitleDetail": "LongShanStage_TitleDetail05",
    "OpenConditionId": 13000017,
    "QuestionId": 125000120,
    "Picture": "/Game/Aki/UI/UIResources/UiActivity/Image/Longshan/T_LongshanPix01.T_LongshanPix01"
  },
  {
    "Id": 6,
    "ActivityId": 101300002,
    "Title": "LongShanStage_Title06",
    "TitleDetail": "LongShanStage_TitleDetail06",
    "OpenConditionId": 13000017,
    "QuestionId": 125000120,
    "Picture": "/Game/Aki/UI/UIResources/UiActivity/Image/Longshan/T_LongshanPix02.T_LongshanPix02"
  },
  {
    "Id": 7,
    "ActivityId": 101300002,
    "Title": "LongShanStage_Title07",
    "TitleDetail": "LongShanStage_TitleDetail07",
    "OpenConditionId": 13000017,
    "QuestionId": 125000120,
    "Picture": "/Game/Aki/UI/UIResources/UiActivity/Image/Longshan/T_LongshanPix03.T_LongshanPix03"
  },
  {
    "Id": 8,
    "ActivityId": 101300002,
    "Title": "LongShanStage_Title08",
    "TitleDetail": "LongShanStage_TitleDetail08",
    "OpenConditionId": 13000017,
    "QuestionId": 125000120,
    "Picture": "/Game/Aki/UI/UIResources/UiActivity/Image/Longshan/T_LongshanPix04.T_LongshanPix04"
  }
]