[
  {
    "Id": 1111,
    "Reward": 5050131
  },
  {
    "Id": 1112,
    "Reward": 5050132
  },
  {
    "Id": 1113,
    "Reward": 5050133
  },
  {
    "Id": 1114,
    "Reward": 5050134
  },
  {
    "Id": 1115,
    "Reward": 5050135
  },
  {
    "Id": 1116,
    "Reward": 5050136
  },
  {
    "Id": 1117,
    "Reward": 5050137
  },
  {
    "Id": 1211,
    "Reward": 5050120
  },
  {
    "Id": 1311,
    "Reward": 5050111
  },
  {
    "Id": 1312,
    "Reward": 5050112
  },
  {
    "Id": 1313,
    "Reward": 5050113
  },
  {
    "Id": 1314,
    "Reward": 5050114
  }
]