[
  {
    "Id": 1,
    "ActivityId": 100800001,
    "Buff": [
      800100003010
    ],
    "BuffName": "BossEn_title_01",
    "BuffDesc": "BossEn_detail_01",
    "BuffFactors": {
      "PKa": [],
      "length": 0
    },
    "BuffType": 2,
    "BuffProgress": 2,
    "BuffIcon": "",
    "Reward": 0,
    "RewardDesc": ""
  },
  {
    "Id": 2,
    "ActivityId": 100800001,
    "Buff": [
      800100004040
    ],
    "BuffName": "BossEn_title_02",
    "BuffDesc": "BossEn_detail_02",
    "BuffFactors": {
      "PKa": [],
      "length": 0
    },
    "BuffType": 2,
    "BuffProgress": 2,
    "BuffIcon": "",
    "Reward": 0,
    "RewardDesc": ""
  },
  {
    "Id": 3,
    "ActivityId": 100800001,
    "Buff": [
      800100003110
    ],
    "BuffName": "BossEn_title_03",
    "BuffDesc": "BossEn_detail_03",
    "BuffFactors": {
      "PKa": [],
      "length": 0
    },
    "BuffType": 1,
    "BuffProgress": 1,
    "BuffIcon": "",
    "Reward": 0,
    "RewardDesc": ""
  },
  {
    "Id": 4,
    "ActivityId": 100800001,
    "Buff": [
      671000401
    ],
    "BuffName": "MapMark_300202_MarkTitle",
    "BuffDesc": "MapMark_300202_MarkTitle",
    "BuffFactors": {
      "PKa": [],
      "length": 0
    },
    "BuffType": 1,
    "BuffProgress": 1,
    "BuffIcon": "",
    "Reward": 0,
    "RewardDesc": ""
  },
  {
    "Id": 61,
    "ActivityId": 100800001,
    "Buff": [
      671000501
    ],
    "BuffName": "MapMark_300201_MarkTitle",
    "BuffDesc": "MapMark_300201_MarkTitle",
    "BuffFactors": {
      "PKa": [],
      "length": 0
    },
    "BuffType": 3,
    "BuffProgress": 0,
    "BuffIcon": "",
    "Reward": 0,
    "RewardDesc": ""
  },
  {
    "Id": 62,
    "ActivityId": 100800001,
    "Buff": [
      671000038
    ],
    "BuffName": "MapMark_300201_MarkTitle",
    "BuffDesc": "MapMark_300201_MarkTitle",
    "BuffFactors": {
      "PKa": [],
      "length": 0
    },
    "BuffType": 3,
    "BuffProgress": 0,
    "BuffIcon": "",
    "Reward": 0,
    "RewardDesc": ""
  },
  {
    "Id": 63,
    "ActivityId": 100800001,
    "Buff": [
      671000043
    ],
    "BuffName": "MapMark_300201_MarkTitle",
    "BuffDesc": "MapMark_300201_MarkTitle",
    "BuffFactors": {
      "PKa": [],
      "length": 0
    },
    "BuffType": 3,
    "BuffProgress": 0,
    "BuffIcon": "",
    "Reward": 0,
    "RewardDesc": ""
  },
  {
    "Id": 64,
    "ActivityId": 100800001,
    "Buff": [
      671000044
    ],
    "BuffName": "MapMark_300201_MarkTitle",
    "BuffDesc": "MapMark_300201_MarkTitle",
    "BuffFactors": {
      "PKa": [],
      "length": 0
    },
    "BuffType": 3,
    "BuffProgress": 0,
    "BuffIcon": "",
    "Reward": 0,
    "RewardDesc": ""
  },
  {
    "Id": 65,
    "ActivityId": 100800001,
    "Buff": [
      800100007050
    ],
    "BuffName": "MapMark_300201_MarkTitle",
    "BuffDesc": "MapMark_300201_MarkTitle",
    "BuffFactors": {
      "PKa": [],
      "length": 0
    },
    "BuffType": 3,
    "BuffProgress": 0,
    "BuffIcon": "",
    "Reward": 0,
    "RewardDesc": ""
  },
  {
    "Id": 10,
    "ActivityId": 100800001,
    "Buff": [
      672010101
    ],
    "BuffName": "RiskHarvest_buffname_10",
    "BuffDesc": "RiskHarvest_buffDesc_10",
    "BuffFactors": {
      "PKa": [],
      "length": 0
    },
    "BuffType": 1,
    "BuffProgress": 1,
    "BuffIcon": "",
    "Reward": 0,
    "RewardDesc": ""
  },
  {
    "Id": 11,
    "ActivityId": 100800001,
    "Buff": [
      672010102
    ],
    "BuffName": "RiskHarvest_buffname_11",
    "BuffDesc": "RiskHarvest_buffDesc_11",
    "BuffFactors": {
      "PKa": [],
      "length": 0
    },
    "BuffType": 2,
    "BuffProgress": 2,
    "BuffIcon": "",
    "Reward": 0,
    "RewardDesc": ""
  },
  {
    "Id": 12,
    "ActivityId": 100800001,
    "Buff": [
      672010103
    ],
    "BuffName": "RiskHarvest_buffname_12",
    "BuffDesc": "RiskHarvest_buffDesc_12",
    "BuffFactors": {
      "PKa": [],
      "length": 0
    },
    "BuffType": 2,
    "BuffProgress": 2,
    "BuffIcon": "",
    "Reward": 0,
    "RewardDesc": ""
  },
  {
    "Id": 13,
    "ActivityId": 100800001,
    "Buff": [
      672010104
    ],
    "BuffName": "RiskHarvest_buffname_13",
    "BuffDesc": "RiskHarvest_buffDesc_13",
    "BuffFactors": {
      "PKa": [],
      "length": 0
    },
    "BuffType": 1,
    "BuffProgress": 1,
    "BuffIcon": "",
    "Reward": 0,
    "RewardDesc": ""
  },
  {
    "Id": 14,
    "ActivityId": 100800001,
    "Buff": [
      672010105
    ],
    "BuffName": "RiskHarvest_buffname_14",
    "BuffDesc": "RiskHarvest_buffDesc_14",
    "BuffFactors": {
      "PKa": [],
      "length": 0
    },
    "BuffType": 1,
    "BuffProgress": 1,
    "BuffIcon": "",
    "Reward": 0,
    "RewardDesc": ""
  },
  {
    "Id": 21,
    "ActivityId": 100800001,
    "Buff": [
      672010111
    ],
    "BuffName": "RiskHarvest_buffname_21",
    "BuffDesc": "RiskHarvest_buffDesc_21",
    "BuffFactors": [
      "45",
      "10"
    ],
    "BuffType": 3,
    "BuffProgress": 0,
    "BuffIcon": "",
    "Reward": 0,
    "RewardDesc": ""
  },
  {
    "Id": 22,
    "ActivityId": 100800001,
    "Buff": [
      672010121
    ],
    "BuffName": "RiskHarvest_buffname_22",
    "BuffDesc": "RiskHarvest_buffDesc_22",
    "BuffFactors": {
      "PKa": [],
      "length": 0
    },
    "BuffType": 3,
    "BuffProgress": 0,
    "BuffIcon": "",
    "Reward": 0,
    "RewardDesc": ""
  },
  {
    "Id": 23,
    "ActivityId": 100800001,
    "Buff": [
      672010131
    ],
    "BuffName": "RiskHarvest_buffname_23",
    "BuffDesc": "RiskHarvest_buffDesc_23",
    "BuffFactors": {
      "PKa": [],
      "length": 0
    },
    "BuffType": 3,
    "BuffProgress": 0,
    "BuffIcon": "",
    "Reward": 0,
    "RewardDesc": ""
  },
  {
    "Id": 24,
    "ActivityId": 100800001,
    "Buff": [
      672010141
    ],
    "BuffName": "RiskHarvest_buffname_24",
    "BuffDesc": "RiskHarvest_buffDesc_24",
    "BuffFactors": {
      "PKa": [],
      "length": 0
    },
    "BuffType": 3,
    "BuffProgress": 0,
    "BuffIcon": "",
    "Reward": 0,
    "RewardDesc": ""
  },
  {
    "Id": 25,
    "ActivityId": 100800001,
    "Buff": [
      672010151
    ],
    "BuffName": "RiskHarvest_buffname_25",
    "BuffDesc": "RiskHarvest_buffDesc_25",
    "BuffFactors": {
      "PKa": [],
      "length": 0
    },
    "BuffType": 3,
    "BuffProgress": 0,
    "BuffIcon": "",
    "Reward": 0,
    "RewardDesc": ""
  },
  {
    "Id": 110,
    "ActivityId": 100800001,
    "Buff": [
      672010161
    ],
    "BuffName": "RiskHarvest_buffname_110",
    "BuffDesc": "RiskHarvest_buffDesc_110",
    "BuffFactors": {
      "PKa": [],
      "length": 0
    },
    "BuffType": 2,
    "BuffProgress": 2,
    "BuffIcon": "",
    "Reward": 0,
    "RewardDesc": ""
  },
  {
    "Id": 111,
    "ActivityId": 102300013,
    "Buff": [
      672040141
    ],
    "BuffName": "RiskHarvest_buffname_111",
    "BuffDesc": "RiskHarvest_buffDesc_111",
    "BuffFactors": [
      "15",
      "1"
    ],
    "BuffType": 2,
    "BuffProgress": 2,
    "BuffIcon": "/Game/Aki/UI/UIResources/UiActivity/Image/ActivityMowing/T_MowingBuffIconWhite13.T_MowingBuffIconWhite13",
    "Reward": 0,
    "RewardDesc": ""
  },
  {
    "Id": 112,
    "ActivityId": 102300013,
    "Buff": [
      672040151
    ],
    "BuffName": "RiskHarvest_buffname_112",
    "BuffDesc": "RiskHarvest_buffDesc_112",
    "BuffFactors": [
      "10",
      "20%",
      "3"
    ],
    "BuffType": 2,
    "BuffProgress": 2,
    "BuffIcon": "/Game/Aki/UI/UIResources/UiActivity/Image/ActivityMowing/T_MowingBuffIconWhite18.T_MowingBuffIconWhite18",
    "Reward": 0,
    "RewardDesc": ""
  },
  {
    "Id": 113,
    "ActivityId": 102300013,
    "Buff": [
      672040161
    ],
    "BuffName": "RiskHarvest_buffname_113",
    "BuffDesc": "RiskHarvest_buffDesc_113",
    "BuffFactors": [
      "10",
      "20%",
      "3"
    ],
    "BuffType": 2,
    "BuffProgress": 2,
    "BuffIcon": "/Game/Aki/UI/UIResources/UiActivity/Image/ActivityMowing/T_MowingBuffIconWhite04.T_MowingBuffIconWhite04",
    "Reward": 0,
    "RewardDesc": ""
  },
  {
    "Id": 31,
    "ActivityId": 100800001,
    "Buff": [
      672020101
    ],
    "BuffName": "RiskHarvest_buffname_31",
    "BuffDesc": "RiskHarvest_buffDesc_31",
    "BuffFactors": {
      "PKa": [],
      "length": 0
    },
    "BuffType": 3,
    "BuffProgress": 0,
    "BuffIcon": "",
    "Reward": 0,
    "RewardDesc": ""
  },
  {
    "Id": 32,
    "ActivityId": 100800001,
    "Buff": [
      672020111
    ],
    "BuffName": "RiskHarvest_buffname_32",
    "BuffDesc": "RiskHarvest_buffDesc_32",
    "BuffFactors": {
      "PKa": [],
      "length": 0
    },
    "BuffType": 3,
    "BuffProgress": 0,
    "BuffIcon": "",
    "Reward": 0,
    "RewardDesc": ""
  },
  {
    "Id": 33,
    "ActivityId": 100800001,
    "Buff": [
      672020121
    ],
    "BuffName": "RiskHarvest_buffname_33",
    "BuffDesc": "RiskHarvest_buffDesc_33",
    "BuffFactors": {
      "PKa": [],
      "length": 0
    },
    "BuffType": 3,
    "BuffProgress": 0,
    "BuffIcon": "",
    "Reward": 0,
    "RewardDesc": ""
  },
  {
    "Id": 34,
    "ActivityId": 100800001,
    "Buff": [
      672020122
    ],
    "BuffName": "RiskHarvest_buffname_34",
    "BuffDesc": "RiskHarvest_buffDesc_34",
    "BuffFactors": {
      "PKa": [],
      "length": 0
    },
    "BuffType": 3,
    "BuffProgress": 0,
    "BuffIcon": "",
    "Reward": 0,
    "RewardDesc": ""
  },
  {
    "Id": 35,
    "ActivityId": 100800001,
    "Buff": [
      672010101
    ],
    "BuffName": "RiskHarvest_buffname_35",
    "BuffDesc": "RiskHarvest_buffDesc_35",
    "BuffFactors": {
      "PKa": [],
      "length": 0
    },
    "BuffType": 3,
    "BuffProgress": 0,
    "BuffIcon": "",
    "Reward": 0,
    "RewardDesc": ""
  },
  {
    "Id": 40,
    "ActivityId": 102300013,
    "Buff": {
      "PKa": [],
      "length": 0
    },
    "BuffName": "RiskHarvest_buffname_40",
    "BuffDesc": "RiskHarvest_buffDesc_40",
    "BuffFactors": {
      "PKa": [],
      "length": 0
    },
    "BuffType": 3,
    "BuffProgress": 0,
    "BuffIcon": "/Game/Aki/UI/UIResources/UiActivity/Image/ActivityMowing/T_MowingBuffIcon01.T_MowingBuffIcon01",
    "Reward": 0,
    "RewardDesc": ""
  },
  {
    "Id": 41,
    "ActivityId": 102300013,
    "Buff": [
      672040101
    ],
    "BuffName": "RiskHarvest_buffname_41",
    "BuffDesc": "RiskHarvest_buffDesc_41",
    "BuffFactors": [
      "5",
      "20"
    ],
    "BuffType": 3,
    "BuffProgress": 0,
    "BuffIcon": "/Game/Aki/UI/UIResources/UiActivity/Image/ActivityMowing/T_MowingBuffIcon01.T_MowingBuffIcon01",
    "Reward": 0,
    "RewardDesc": ""
  },
  {
    "Id": 42,
    "ActivityId": 102300013,
    "Buff": [
      672040111,
      672040112
    ],
    "BuffName": "RiskHarvest_buffname_42",
    "BuffDesc": "RiskHarvest_buffDesc_42",
    "BuffFactors": [
      "50%",
      "20%"
    ],
    "BuffType": 3,
    "BuffProgress": 0,
    "BuffIcon": "/Game/Aki/UI/UIResources/UiActivity/Image/ActivityMowing/T_MowingBuffIcon11.T_MowingBuffIcon11",
    "Reward": 0,
    "RewardDesc": ""
  },
  {
    "Id": 43,
    "ActivityId": 102300013,
    "Buff": [
      672040121,
      672040122
    ],
    "BuffName": "RiskHarvest_buffname_43",
    "BuffDesc": "RiskHarvest_buffDesc_43",
    "BuffFactors": [
      "30%"
    ],
    "BuffType": 3,
    "BuffProgress": 0,
    "BuffIcon": "/Game/Aki/UI/UIResources/UiActivity/Image/ActivityMowing/T_MowingBuffIcon05.T_MowingBuffIcon05",
    "Reward": 0,
    "RewardDesc": ""
  },
  {
    "Id": 44,
    "ActivityId": 102300013,
    "Buff": [
      672010121
    ],
    "BuffName": "RiskHarvest_buffname_44",
    "BuffDesc": "RiskHarvest_buffDesc_44",
    "BuffFactors": {
      "PKa": [],
      "length": 0
    },
    "BuffType": 3,
    "BuffProgress": 0,
    "BuffIcon": "/Game/Aki/UI/UIResources/UiActivity/Image/ActivityMowing/T_MowingBuffIcon02.T_MowingBuffIcon02",
    "Reward": 0,
    "RewardDesc": ""
  },
  {
    "Id": 45,
    "ActivityId": 102300013,
    "Buff": [
      672040131,
      672040132
    ],
    "BuffName": "RiskHarvest_buffname_45",
    "BuffDesc": "RiskHarvest_buffDesc_45",
    "BuffFactors": [
      "10%",
      "200",
      "10",
      "10"
    ],
    "BuffType": 3,
    "BuffProgress": 0,
    "BuffIcon": "/Game/Aki/UI/UIResources/UiActivity/Image/ActivityMowing/T_MowingBuffIcon02.T_MowingBuffIcon02",
    "Reward": 0,
    "RewardDesc": ""
  },
  {
    "Id": 51,
    "ActivityId": 102300013,
    "Buff": [
      672050101,
      672050102
    ],
    "BuffName": "RiskHarvest_buffname_51",
    "BuffDesc": "RiskHarvest_buffDesc_51",
    "BuffFactors": [
      "30%",
      "10",
      "10"
    ],
    "BuffType": 3,
    "BuffProgress": 0,
    "BuffIcon": "/Game/Aki/UI/UIResources/UiActivity/Image/ActivityMowing/T_MowingBuffIcon06.T_MowingBuffIcon06",
    "Reward": 0,
    "RewardDesc": ""
  },
  {
    "Id": 52,
    "ActivityId": 102300013,
    "Buff": [
      672050111
    ],
    "BuffName": "RiskHarvest_buffname_52",
    "BuffDesc": "RiskHarvest_buffDesc_52",
    "BuffFactors": [
      "10",
      "2"
    ],
    "BuffType": 3,
    "BuffProgress": 0,
    "BuffIcon": "/Game/Aki/UI/UIResources/UiActivity/Image/ActivityMowing/T_MowingBuffIcon10.T_MowingBuffIcon10",
    "Reward": 0,
    "RewardDesc": ""
  },
  {
    "Id": 53,
    "ActivityId": 102300013,
    "Buff": [
      672050121,
      672050121
    ],
    "BuffName": "RiskHarvest_buffname_53",
    "BuffDesc": "RiskHarvest_buffDesc_53",
    "BuffFactors": [
      "30%"
    ],
    "BuffType": 3,
    "BuffProgress": 0,
    "BuffIcon": "/Game/Aki/UI/UIResources/UiActivity/Image/ActivityMowing/T_MowingBuffIcon07.T_MowingBuffIcon07",
    "Reward": 0,
    "RewardDesc": ""
  },
  {
    "Id": 54,
    "ActivityId": 102300013,
    "Buff": [
      672050131
    ],
    "BuffName": "RiskHarvest_buffname_54",
    "BuffDesc": "RiskHarvest_buffDesc_54",
    "BuffFactors": [
      "15%",
      "30%",
      "8",
      "3"
    ],
    "BuffType": 3,
    "BuffProgress": 0,
    "BuffIcon": "/Game/Aki/UI/UIResources/UiActivity/Image/ActivityMowing/T_MowingBuffIcon06.T_MowingBuffIcon06",
    "Reward": 0,
    "RewardDesc": ""
  },
  {
    "Id": 55,
    "ActivityId": 102300013,
    "Buff": [
      672020121,
      672020127,
      672020130
    ],
    "BuffName": "RiskHarvest_buffname_55",
    "BuffDesc": "RiskHarvest_buffDesc_55",
    "BuffFactors": {
      "PKa": [],
      "length": 0
    },
    "BuffType": 3,
    "BuffProgress": 0,
    "BuffIcon": "/Game/Aki/UI/UIResources/UiActivity/Image/ActivityMowing/T_MowingBuffIcon04.T_MowingBuffIcon04",
    "Reward": 0,
    "RewardDesc": ""
  },
  {
    "Id": 114,
    "ActivityId": 102300013,
    "Buff": [
      672040171,
      672040172
    ],
    "BuffName": "RiskHarvest_buffname_114",
    "BuffDesc": "RiskHarvest_buffDesc_114",
    "BuffFactors": [
      "100%",
      "8",
      "30%"
    ],
    "BuffType": 2,
    "BuffProgress": 2,
    "BuffIcon": "/Game/Aki/UI/UIResources/UiActivity/Image/ActivityMowing/T_MowingBuffIconWhite14.T_MowingBuffIconWhite14",
    "Reward": 0,
    "RewardDesc": ""
  },
  {
    "Id": 115,
    "ActivityId": 102300013,
    "Buff": [
      672040181,
      672040184
    ],
    "BuffName": "RiskHarvest_buffname_115",
    "BuffDesc": "RiskHarvest_buffDesc_115",
    "BuffFactors": [
      "40%"
    ],
    "BuffType": 2,
    "BuffProgress": 2,
    "BuffIcon": "/Game/Aki/UI/UIResources/UiActivity/Image/ActivityMowing/T_MowingBuffIconWhite12.T_MowingBuffIconWhite12",
    "Reward": 0,
    "RewardDesc": ""
  },
  {
    "Id": 116,
    "ActivityId": 102300013,
    "Buff": [
      672040191
    ],
    "BuffName": "RiskHarvest_buffname_116",
    "BuffDesc": "RiskHarvest_buffDesc_116",
    "BuffFactors": [
      "100%",
      "20"
    ],
    "BuffType": 2,
    "BuffProgress": 2,
    "BuffIcon": "/Game/Aki/UI/UIResources/UiActivity/Image/ActivityMowing/T_MowingBuffIconWhite09.T_MowingBuffIconWhite09",
    "Reward": 0,
    "RewardDesc": ""
  },
  {
    "Id": 117,
    "ActivityId": 102300013,
    "Buff": [
      672010102
    ],
    "BuffName": "RiskHarvest_buffname_117",
    "BuffDesc": "RiskHarvest_buffDesc_117",
    "BuffFactors": {
      "PKa": [],
      "length": 0
    },
    "BuffType": 2,
    "BuffProgress": 2,
    "BuffIcon": "/Game/Aki/UI/UIResources/UiActivity/Image/ActivityMowing/T_MowingBuffIconWhite13.T_MowingBuffIconWhite13",
    "Reward": 0,
    "RewardDesc": ""
  },
  {
    "Id": 118,
    "ActivityId": 102300013,
    "Buff": [
      672010102
    ],
    "BuffName": "RiskHarvest_buffname_118",
    "BuffDesc": "RiskHarvest_buffDesc_118",
    "BuffFactors": {
      "PKa": [],
      "length": 0
    },
    "BuffType": 2,
    "BuffProgress": 2,
    "BuffIcon": "/Game/Aki/UI/UIResources/UiActivity/Image/ActivityMowing/T_MowingBuffIconWhite13.T_MowingBuffIconWhite13",
    "Reward": 0,
    "RewardDesc": ""
  },
  {
    "Id": 151,
    "ActivityId": 102300013,
    "Buff": [
      672050140
    ],
    "BuffName": "RiskHarvest_buffname_151",
    "BuffDesc": "RiskHarvest_buffDesc_151",
    "BuffFactors": [
      "10"
    ],
    "BuffType": 2,
    "BuffProgress": 2,
    "BuffIcon": "/Game/Aki/UI/UIResources/UiActivity/Image/ActivityMowing/T_MowingBuffIconWhite13.T_MowingBuffIconWhite13",
    "Reward": 0,
    "RewardDesc": ""
  },
  {
    "Id": 152,
    "ActivityId": 102300013,
    "Buff": [
      672050150
    ],
    "BuffName": "RiskHarvest_buffname_152",
    "BuffDesc": "RiskHarvest_buffDesc_152",
    "BuffFactors": [
      "6%",
      "6%",
      "6",
      "8"
    ],
    "BuffType": 2,
    "BuffProgress": 2,
    "BuffIcon": "/Game/Aki/UI/UIResources/UiActivity/Image/ActivityMowing/T_MowingBuffIconWhite15.T_MowingBuffIconWhite15",
    "Reward": 0,
    "RewardDesc": ""
  },
  {
    "Id": 153,
    "ActivityId": 102300013,
    "Buff": [
      672050160
    ],
    "BuffName": "RiskHarvest_buffname_153",
    "BuffDesc": "RiskHarvest_buffDesc_153",
    "BuffFactors": [
      "3",
      "10%"
    ],
    "BuffType": 2,
    "BuffProgress": 2,
    "BuffIcon": "/Game/Aki/UI/UIResources/UiActivity/Image/ActivityMowing/T_MowingBuffIconWhite06.T_MowingBuffIconWhite06",
    "Reward": 0,
    "RewardDesc": ""
  },
  {
    "Id": 154,
    "ActivityId": 102300013,
    "Buff": [
      672050180
    ],
    "BuffName": "RiskHarvest_buffname_154",
    "BuffDesc": "RiskHarvest_buffDesc_154",
    "BuffFactors": [
      "10",
      "2",
      "2"
    ],
    "BuffType": 2,
    "BuffProgress": 2,
    "BuffIcon": "/Game/Aki/UI/UIResources/UiActivity/Image/ActivityMowing/T_MowingBuffIconWhite03.T_MowingBuffIconWhite03",
    "Reward": 0,
    "RewardDesc": ""
  },
  {
    "Id": 155,
    "ActivityId": 102300013,
    "Buff": [
      672040181,
      672040184
    ],
    "BuffName": "RiskHarvest_buffname_155",
    "BuffDesc": "RiskHarvest_buffDesc_155",
    "BuffFactors": [
      "30%",
      "15",
      "40%",
      "15"
    ],
    "BuffType": 2,
    "BuffProgress": 2,
    "BuffIcon": "/Game/Aki/UI/UIResources/UiActivity/Image/ActivityMowing/T_MowingBuffIconWhite19.T_MowingBuffIconWhite19",
    "Reward": 0,
    "RewardDesc": ""
  },
  {
    "Id": 156,
    "ActivityId": 102300013,
    "Buff": [
      672040191
    ],
    "BuffName": "RiskHarvest_buffname_156",
    "BuffDesc": "RiskHarvest_buffDesc_156",
    "BuffFactors": [
      "3",
      "50%",
      "100%"
    ],
    "BuffType": 2,
    "BuffProgress": 2,
    "BuffIcon": "/Game/Aki/UI/UIResources/UiActivity/Image/ActivityMowing/T_MowingBuffIconWhite14.T_MowingBuffIconWhite14",
    "Reward": 0,
    "RewardDesc": ""
  },
  {
    "Id": 157,
    "ActivityId": 102300013,
    "Buff": [
      672010102
    ],
    "BuffName": "RiskHarvest_buffname_157",
    "BuffDesc": "RiskHarvest_buffDesc_157",
    "BuffFactors": {
      "PKa": [],
      "length": 0
    },
    "BuffType": 2,
    "BuffProgress": 2,
    "BuffIcon": "/Game/Aki/UI/UIResources/UiActivity/Image/ActivityMowing/T_MowingBuffIconWhite13.T_MowingBuffIconWhite13",
    "Reward": 0,
    "RewardDesc": ""
  },
  {
    "Id": 158,
    "ActivityId": 102300013,
    "Buff": [
      672010102
    ],
    "BuffName": "RiskHarvest_buffname_158",
    "BuffDesc": "RiskHarvest_buffDesc_158",
    "BuffFactors": {
      "PKa": [],
      "length": 0
    },
    "BuffType": 2,
    "BuffProgress": 2,
    "BuffIcon": "/Game/Aki/UI/UIResources/UiActivity/Image/ActivityMowing/T_MowingBuffIconWhite13.T_MowingBuffIconWhite13",
    "Reward": 0,
    "RewardDesc": ""
  },
  {
    "Id": 201,
    "ActivityId": 102300013,
    "Buff": [
      672030201
    ],
    "BuffName": "RiskHarvest_buffname_201",
    "BuffDesc": "RiskHarvest_buffDesc_201",
    "BuffFactors": [
      "20%"
    ],
    "BuffType": 1,
    "BuffProgress": 1,
    "BuffIcon": "/Game/Aki/UI/UIResources/UiActivity/Image/ActivityMowing/T_MowingBuffIconWhite15.T_MowingBuffIconWhite15",
    "Reward": 0,
    "RewardDesc": ""
  },
  {
    "Id": 202,
    "ActivityId": 102300013,
    "Buff": [
      672030202
    ],
    "BuffName": "RiskHarvest_buffname_202",
    "BuffDesc": "RiskHarvest_buffDesc_202",
    "BuffFactors": [
      "15%"
    ],
    "BuffType": 1,
    "BuffProgress": 1,
    "BuffIcon": "/Game/Aki/UI/UIResources/UiActivity/Image/ActivityMowing/T_MowingBuffIconWhite12.T_MowingBuffIconWhite12",
    "Reward": 0,
    "RewardDesc": ""
  },
  {
    "Id": 203,
    "ActivityId": 102300013,
    "Buff": [
      672030203
    ],
    "BuffName": "RiskHarvest_buffname_203",
    "BuffDesc": "RiskHarvest_buffDesc_203",
    "BuffFactors": [
      "15%"
    ],
    "BuffType": 1,
    "BuffProgress": 1,
    "BuffIcon": "/Game/Aki/UI/UIResources/UiActivity/Image/ActivityMowing/T_MowingBuffIconWhite14.T_MowingBuffIconWhite14",
    "Reward": 0,
    "RewardDesc": ""
  },
  {
    "Id": 204,
    "ActivityId": 102300013,
    "Buff": [
      672030204
    ],
    "BuffName": "RiskHarvest_buffname_204",
    "BuffDesc": "RiskHarvest_buffDesc_204",
    "BuffFactors": [
      "30%"
    ],
    "BuffType": 1,
    "BuffProgress": 1,
    "BuffIcon": "/Game/Aki/UI/UIResources/UiActivity/Image/ActivityMowing/T_MowingBuffIconWhite14.T_MowingBuffIconWhite14",
    "Reward": 0,
    "RewardDesc": ""
  },
  {
    "Id": 205,
    "ActivityId": 102300013,
    "Buff": [
      672030205
    ],
    "BuffName": "RiskHarvest_buffname_205",
    "BuffDesc": "RiskHarvest_buffDesc_205",
    "BuffFactors": [
      "20%"
    ],
    "BuffType": 1,
    "BuffProgress": 1,
    "BuffIcon": "/Game/Aki/UI/UIResources/UiActivity/Image/ActivityMowing/T_MowingBuffIconWhite15.T_MowingBuffIconWhite15",
    "Reward": 0,
    "RewardDesc": ""
  },
  {
    "Id": 206,
    "ActivityId": 102300013,
    "Buff": [
      672030206
    ],
    "BuffName": "RiskHarvest_buffname_206",
    "BuffDesc": "RiskHarvest_buffDesc_206",
    "BuffFactors": [
      "20%"
    ],
    "BuffType": 1,
    "BuffProgress": 1,
    "BuffIcon": "/Game/Aki/UI/UIResources/UiActivity/Image/ActivityMowing/T_MowingBuffIconWhite07.T_MowingBuffIconWhite07",
    "Reward": 0,
    "RewardDesc": ""
  },
  {
    "Id": 207,
    "ActivityId": 102300013,
    "Buff": [
      672030207
    ],
    "BuffName": "RiskHarvest_buffname_207",
    "BuffDesc": "RiskHarvest_buffDesc_207",
    "BuffFactors": [
      "15%"
    ],
    "BuffType": 1,
    "BuffProgress": 1,
    "BuffIcon": "/Game/Aki/UI/UIResources/UiActivity/Image/ActivityMowing/T_MowingBuffIconWhite09.T_MowingBuffIconWhite09",
    "Reward": 0,
    "RewardDesc": ""
  }
]