[
  {
    "Id": 1,
    "InstanceID": 8501,
    "ActivityId": 102300013,
    "UnlockDay": 1,
    "UnlockInst": 0,
    "UnlockScore": 2000,
    "MaxScore": 4000,
    "HarvestBuff": 11,
    "Reward": 5060501,
    "Difficulty": 1,
    "DifficultyName": "Difficulty",
    "MonsterRatio": "MonsterRatio",
    "TimePointName": "Time1",
    "ScorePointName": "rainharvestpoint",
    "TimeScoreValidName": "timeValid",
    "Desc": "rainharves_levelreward11"
  },
  {
    "Id": 2,
    "InstanceID": 8502,
    "ActivityId": 102300013,
    "UnlockDay": 1,
    "UnlockInst": 1,
    "UnlockScore": 4000,
    "MaxScore": 12000,
    "HarvestBuff": 12,
    "Reward": 5060502,
    "Difficulty": 2,
    "DifficultyName": "Difficulty",
    "MonsterRatio": "MonsterRatio",
    "TimePointName": "Time1",
    "ScorePointName": "rainharvestpoint",
    "TimeScoreValidName": "timeValid",
    "Desc": "rainharves_levelreward12"
  },
  {
    "Id": 3,
    "InstanceID": 8503,
    "ActivityId": 102300013,
    "UnlockDay": 1,
    "UnlockInst": 2,
    "UnlockScore": 8000,
    "MaxScore": 0,
    "HarvestBuff": 13,
    "Reward": 5060503,
    "Difficulty": 3,
    "DifficultyName": "Difficulty",
    "MonsterRatio": "MonsterRatio",
    "TimePointName": "Time1",
    "ScorePointName": "rainharvestpoint",
    "TimeScoreValidName": "timeValid",
    "Desc": "rainharves_levelreward13"
  },
  {
    "Id": 4,
    "InstanceID": 8510,
    "ActivityId": 102300013,
    "UnlockDay": 4,
    "UnlockInst": 0,
    "UnlockScore": 2000,
    "MaxScore": 4000,
    "HarvestBuff": 21,
    "Reward": 5060504,
    "Difficulty": 1,
    "DifficultyName": "Difficulty",
    "MonsterRatio": "MonsterRatio",
    "TimePointName": "time1",
    "ScorePointName": "rainharvestpoint",
    "TimeScoreValidName": "timeValid",
    "Desc": "rainharves_levelreward21"
  },
  {
    "Id": 5,
    "InstanceID": 8511,
    "ActivityId": 102300013,
    "UnlockDay": 4,
    "UnlockInst": 4,
    "UnlockScore": 4000,
    "MaxScore": 12000,
    "HarvestBuff": 22,
    "Reward": 5060505,
    "Difficulty": 2,
    "DifficultyName": "Difficulty",
    "MonsterRatio": "MonsterRatio",
    "TimePointName": "time1",
    "ScorePointName": "rainharvestpoint",
    "TimeScoreValidName": "timeValid",
    "Desc": "rainharves_levelreward22"
  },
  {
    "Id": 6,
    "InstanceID": 8512,
    "ActivityId": 102300013,
    "UnlockDay": 4,
    "UnlockInst": 5,
    "UnlockScore": 8000,
    "MaxScore": 0,
    "HarvestBuff": 23,
    "Reward": 5060506,
    "Difficulty": 3,
    "DifficultyName": "Difficulty",
    "MonsterRatio": "MonsterRatio",
    "TimePointName": "time1",
    "ScorePointName": "rainharvestpoint",
    "TimeScoreValidName": "timeValid",
    "Desc": "rainharves_levelreward23"
  }
]