[
  {
    "Id": 1,
    "LevelGroup": [
      11,
      12,
      13,
      14,
      101,
      102,
      103,
      104
    ],
    "TimeRatio": 1,
    "MonsterRatio": 1
  },
  {
    "Id": 2,
    "LevelGroup": [
      21,
      22,
      23,
      24,
      111,
      112,
      113,
      114
    ],
    "TimeRatio": 2,
    "MonsterRatio": 2
  },
  {
    "Id": 3,
    "LevelGroup": [
      31,
      32,
      33,
      34,
      121,
      122,
      123,
      124
    ],
    "TimeRatio": 3,
    "MonsterRatio": 3
  }
]