[
  {
    "Id": 1,
    "ActivityId": 102300013,
    "Score": 10000,
    "Reward": 5060507,
    "Desc": "rainharves_ToltalScoreDesc_1"
  },
  {
    "Id": 2,
    "ActivityId": 102300013,
    "Score": 20000,
    "Reward": 5060508,
    "Desc": "rainharves_ToltalScoreDesc_2"
  },
  {
    "Id": 3,
    "ActivityId": 102300013,
    "Score": 30000,
    "Reward": 5060509,
    "Desc": "rainharves_ToltalScoreDesc_3"
  },
  {
    "Id": 4,
    "ActivityId": 102300013,
    "Score": 40000,
    "Reward": 5060510,
    "Desc": "rainharves_ToltalScoreDesc_4"
  },
  {
    "Id": 5,
    "ActivityId": 102300013,
    "Score": 50000,
    "Reward": 5060511,
    "Desc": "rainharves_ToltalScoreDesc_5"
  },
  {
    "Id": 6,
    "ActivityId": 102300013,
    "Score": 55000,
    "Reward": 5060512,
    "Desc": "rainharves_ToltalScoreDesc_6"
  }
]