[
  {
    "Id": 1,
    "BuffGroup": [
      21,
      22,
      23,
      24,
      24
    ],
    "BasicBuffGroup": [
      3,
      6,
      9,
      12,
      15
    ]
  },
  {
    "Id": 2,
    "BuffGroup": [
      12,
      12,
      12,
      12,
      12
    ],
    "BasicBuffGroup": [
      1,
      3,
      5,
      10,
      20
    ]
  },
  {
    "Id": 3,
    "BuffGroup": [
      12,
      12,
      12,
      12,
      12
    ],
    "BasicBuffGroup": [
      1,
      3,
      5,
      10,
      20
    ]
  },
  {
    "Id": 4,
    "BuffGroup": [
      31,
      32,
      33,
      34,
      35
    ],
    "BasicBuffGroup": [
      1,
      3,
      5,
      10,
      20
    ]
  },
  {
    "Id": 11,
    "BuffGroup": [
      45,
      44,
      40,
      40,
      40
    ],
    "BasicBuffGroup": [
      4,
      10,
      30,
      40,
      50
    ]
  },
  {
    "Id": 12,
    "BuffGroup": [
      45,
      44,
      43,
      40,
      40
    ],
    "BasicBuffGroup": [
      5,
      15,
      28,
      40,
      50
    ]
  },
  {
    "Id": 13,
    "BuffGroup": [
      45,
      44,
      43,
      42,
      40
    ],
    "BasicBuffGroup": [
      5,
      15,
      25,
      35,
      50
    ]
  },
  {
    "Id": 21,
    "BuffGroup": [
      52,
      54,
      40,
      40,
      40
    ],
    "BasicBuffGroup": [
      5,
      15,
      30,
      40,
      50
    ]
  },
  {
    "Id": 22,
    "BuffGroup": [
      52,
      54,
      55,
      40,
      40
    ],
    "BasicBuffGroup": [
      5,
      15,
      25,
      40,
      50
    ]
  },
  {
    "Id": 23,
    "BuffGroup": [
      52,
      54,
      55,
      53,
      40
    ],
    "BasicBuffGroup": [
      5,
      15,
      25,
      32,
      50
    ]
  }
]