[
  {
    "Id": 1602,
    "RoleStand": "/Game/Aki/UI/UIResources/Common/Image/PixActivity/T_ActivityRoleDanjin.T_ActivityRoleDanjin",
    "RoleStand2": "",
    "RoleIcon": "",
    "UiConfigId": 0,
    "TrialRoleId": 16027004,
    "InstanceText": "",
    "Introduction": "",
    "InstanceId": 8204,
    "RewardItem": {
      "size": 3
    }
  },
  {
    "Id": 1103,
    "RoleStand": "/Game/Aki/UI/UIResources/Common/Image/PixActivity/T_ActivityRoleBailian.T_ActivityRoleBailian",
    "RoleStand2": "",
    "RoleIcon": "",
    "UiConfigId": 0,
    "TrialRoleId": 11037004,
    "InstanceText": "",
    "Introduction": "",
    "InstanceId": 8206,
    "RewardItem": {
      "size": 3
    }
  },
  {
    "Id": 1305,
    "RoleStand": "/Game/Aki/UI/UIResources/Common/Image/PixActivity/T_ActivityRoleXiangliyao.T_ActivityRoleXiangliyao",
    "RoleStand2": "",
    "RoleIcon": "",
    "UiConfigId": 0,
    "TrialRoleId": 13057004,
    "InstanceText": "",
    "Introduction": "",
    "InstanceId": 8201,
    "RewardItem": {
      "size": 3
    }
  },
  {
    "Id": 1403,
    "RoleStand": "/Game/Aki/UI/UIResources/Common/Image/PixActivity/T_ActivityRoleQiushui.T_ActivityRoleQiushui",
    "RoleStand2": "",
    "RoleIcon": "",
    "UiConfigId": 0,
    "TrialRoleId": 14037004,
    "InstanceText": "",
    "Introduction": "",
    "InstanceId": 8202,
    "RewardItem": {
      "size": 3
    }
  },
  {
    "Id": 1303,
    "RoleStand": "/Game/Aki/UI/UIResources/Common/Image/PixActivity/T_ActivityRoleYuanwu.T_ActivityRoleYuanwu",
    "RoleStand2": "",
    "RoleIcon": "",
    "UiConfigId": 0,
    "TrialRoleId": 13037004,
    "InstanceText": "",
    "Introduction": "",
    "InstanceId": 8203,
    "RewardItem": {
      "size": 3
    }
  },
  {
    "Id": 1105,
    "RoleStand": "/Game/Aki/UI/UIResources/Common/Image/PixActivity/T_ActivityRoleZhezhi.T_ActivityRoleZhezhi",
    "RoleStand2": "",
    "RoleIcon": "",
    "UiConfigId": 0,
    "TrialRoleId": 11057004,
    "InstanceText": "",
    "Introduction": "",
    "InstanceId": 8200,
    "RewardItem": {
      "size": 3
    }
  },
  {
    "Id": 1302,
    "RoleStand": "/Game/Aki/UI/UIResources/Common/Image/PixActivity/T_ActivityRoleYinlin.T_ActivityRoleYinlin",
    "RoleStand2": "",
    "RoleIcon": "",
    "UiConfigId": 0,
    "TrialRoleId": 13027004,
    "InstanceText": "",
    "Introduction": "",
    "InstanceId": 8105,
    "RewardItem": {
      "size": 3
    }
  },
  {
    "Id": 1304,
    "RoleStand": "/Game/Aki/UI/UIResources/Common/Image/PixActivity/T_ActivityRoleJinxi.T_ActivityRoleJinxi",
    "RoleStand2": "",
    "RoleIcon": "",
    "UiConfigId": 0,
    "TrialRoleId": 13047004,
    "InstanceText": "",
    "Introduction": "",
    "InstanceId": 8109,
    "RewardItem": {
      "size": 3
    }
  },
  {
    "Id": 1205,
    "RoleStand": "/Game/Aki/UI/UIResources/Common/Image/PixActivity/T_ActivityRoleChangli.T_ActivityRoleChangli",
    "RoleStand2": "",
    "RoleIcon": "",
    "UiConfigId": 0,
    "TrialRoleId": 12057004,
    "InstanceText": "",
    "Introduction": "",
    "InstanceId": 8112,
    "RewardItem": {
      "size": 3
    }
  },
  {
    "Id": 1505,
    "RoleStand": "/Game/Aki/UI/UIResources/UiActivity/Image/RoleHalfBody/T_ActivityHalfBodyShouanren.T_ActivityHalfBodyShouanren",
    "RoleStand2": "/Game/Aki/UI/UIResources/UiActivity/Image/ActivityRoleOntrial/T_ActivityRoleOntrialVagueShouanren.T_ActivityRoleOntrialVagueShouanren",
    "RoleIcon": "/Game/Aki/UI/UIResources/UiActivity/Image/ActivityRoleOntrial/T_ActivityRoleOntrialTabShouanren.T_ActivityRoleOntrialTabShouanren",
    "UiConfigId": 4,
    "TrialRoleId": 15057004,
    "InstanceText": "",
    "Introduction": "FavorRoleInfo_1505_Info",
    "InstanceId": 8208,
    "RewardItem": {
      "size": 3
    }
  },
  {
    "Id": 1106,
    "RoleStand": "/Game/Aki/UI/UIResources/UiActivity/Image/RoleHalfBody/T_ActivityHalfBodyYouhu.T_ActivityHalfBodyYouhu",
    "RoleStand2": "/Game/Aki/UI/UIResources/UiActivity/Image/ActivityRoleOntrial/T_ActivityRoleOntrialVagueYouhu.T_ActivityRoleOntrialVagueYouhu",
    "RoleIcon": "/Game/Aki/UI/UIResources/UiActivity/Image/ActivityRoleOntrial/T_ActivityRoleOntrialTabYouhu.T_ActivityRoleOntrialTabYouhu",
    "UiConfigId": 4,
    "TrialRoleId": 11067004,
    "InstanceText": "",
    "Introduction": "FavorRoleInfo_1106_Info",
    "InstanceId": 8209,
    "RewardItem": {
      "size": 3
    }
  },
  {
    "Id": 1402,
    "RoleStand": "/Game/Aki/UI/UIResources/UiActivity/Image/RoleHalfBody/T_ActivityRoleOntrialHalfBodyYangyang.T_ActivityRoleOntrialHalfBodyYangyang",
    "RoleStand2": "/Game/Aki/UI/UIResources/UiActivity/Image/ActivityRoleOntrial/T_ActivityRoleOntrialVagueYangyang.T_ActivityRoleOntrialVagueYangyang",
    "RoleIcon": "/Game/Aki/UI/UIResources/UiActivity/Image/ActivityRoleOntrial/T_ActivityRoleOntrialTabYangyang.T_ActivityRoleOntrialTabYangyang",
    "UiConfigId": 4,
    "TrialRoleId": 14027004,
    "InstanceText": "",
    "Introduction": "FavorRoleInfo_1402_Info",
    "InstanceId": 8210,
    "RewardItem": {
      "size": 3
    }
  },
  {
    "Id": 1202,
    "RoleStand": "/Game/Aki/UI/UIResources/UiActivity/Image/RoleHalfBody/T_ActivityRoleOntrialHalfBodyZhixia.T_ActivityRoleOntrialHalfBodyZhixia",
    "RoleStand2": "/Game/Aki/UI/UIResources/UiActivity/Image/ActivityRoleOntrial/T_ActivityRoleOntrialVagueZhixia.T_ActivityRoleOntrialVagueZhixia",
    "RoleIcon": "/Game/Aki/UI/UIResources/UiActivity/Image/ActivityRoleOntrial/T_ActivityRoleOntrialTabZhixia.T_ActivityRoleOntrialTabZhixia",
    "UiConfigId": 2,
    "TrialRoleId": 12027004,
    "InstanceText": "",
    "Introduction": "FavorRoleInfo_1202_Info",
    "InstanceId": 8211,
    "RewardItem": {
      "size": 3
    }
  },
  {
    "Id": 1404,
    "RoleStand": "/Game/Aki/UI/UIResources/UiActivity/Image/RoleHalfBody/T_ActivityHalfBodyJiyan.T_ActivityHalfBodyJiyan",
    "RoleStand2": "/Game/Aki/UI/UIResources/UiActivity/Image/ActivityRoleOntrial/T_ActivityRoleOntrialVagueJiyan.T_ActivityRoleOntrialVagueJiyan",
    "RoleIcon": "/Game/Aki/UI/UIResources/UiActivity/Image/ActivityRoleOntrial/T_ActivityRoleOntrialTabJiyan.T_ActivityRoleOntrialTabJiyan",
    "UiConfigId": 3,
    "TrialRoleId": 14047004,
    "InstanceText": "",
    "Introduction": "FavorRoleInfo_1404_Info",
    "InstanceId": 8212,
    "RewardItem": {
      "size": 3
    }
  },
  {
    "Id": 1204,
    "RoleStand": "/Game/Aki/UI/UIResources/UiActivity/Image/RoleHalfBody/T_ActivityRoleOntrialHalfBodyMofeite.T_ActivityRoleOntrialHalfBodyMofeite",
    "RoleStand2": "/Game/Aki/UI/UIResources/UiActivity/Image/ActivityRoleOntrial/T_ActivityRoleOntrialVagueMofeite.T_ActivityRoleOntrialVagueMofeite",
    "RoleIcon": "/Game/Aki/UI/UIResources/UiActivity/Image/ActivityRoleOntrial/T_ActivityRoleOntrialTabMofeite.T_ActivityRoleOntrialTabMofeite",
    "UiConfigId": 2,
    "TrialRoleId": 12047004,
    "InstanceText": "",
    "Introduction": "FavorRoleInfo_1204_Info",
    "InstanceId": 8213,
    "RewardItem": {
      "size": 3
    }
  },
  {
    "Id": 1601,
    "RoleStand": "/Game/Aki/UI/UIResources/UiActivity/Image/RoleHalfBody/T_ActivityRoleOntrialHalfBodyTaoqi.T_ActivityRoleOntrialHalfBodyTaoqi",
    "RoleStand2": "/Game/Aki/UI/UIResources/UiActivity/Image/ActivityRoleOntrial/T_ActivityRoleOntrialVagueTaoqi.T_ActivityRoleOntrialVagueTaoqi",
    "RoleIcon": "/Game/Aki/UI/UIResources/UiActivity/Image/ActivityRoleOntrial/T_ActivityRoleOntrialTabTaoqi.T_ActivityRoleOntrialTabTaoqi",
    "UiConfigId": 0,
    "TrialRoleId": 16017004,
    "InstanceText": "",
    "Introduction": "FavorRoleInfo_1601_Info",
    "InstanceId": 8214,
    "RewardItem": {
      "size": 3
    }
  },
  {
    "Id": 1102,
    "RoleStand": "/Game/Aki/UI/UIResources/UiActivity/Image/RoleHalfBody/T_ActivityRoleOntrialHalfBodySanhua.T_ActivityRoleOntrialHalfBodySanhua",
    "RoleStand2": "/Game/Aki/UI/UIResources/UiActivity/Image/ActivityRoleOntrial/T_ActivityRoleOntrialVagueSanhua.T_ActivityRoleOntrialVagueSanhua",
    "RoleIcon": "/Game/Aki/UI/UIResources/UiActivity/Image/ActivityRoleOntrial/T_ActivityRoleOntrialTabSanhua.T_ActivityRoleOntrialTabSanhua",
    "UiConfigId": 1,
    "TrialRoleId": 11027004,
    "InstanceText": "",
    "Introduction": "FavorRoleInfo_1102_Info",
    "InstanceId": 8215,
    "RewardItem": {
      "size": 3
    }
  }
]