[
  {
    "Id": 101000001,
    "RoleId": 1404,
    "RoleQuestId": 125000080,
    "RoleTrialId": 100710,
    "ShowQuestId": 0,
    "ShowQuestTips": "",
    "ShowQuestGetWay": "",
    "RoleUi": "ActivityRoleGuide_1404"
  },
  {
    "Id": 101000002,
    "RoleId": 1302,
    "RoleQuestId": 114000018,
    "RoleTrialId": 100714,
    "ShowQuestId": 0,
    "ShowQuestTips": "",
    "ShowQuestGetWay": "",
    "RoleUi": "ActivityRoleGuide_1302"
  },
  {
    "Id": 101000003,
    "RoleId": 1205,
    "RoleQuestId": 121000035,
    "RoleTrialId": 100719,
    "ShowQuestId": 0,
    "ShowQuestTips": "",
    "ShowQuestGetWay": "",
    "RoleUi": "ActivityRoleGuide_1205"
  },
  {
    "Id": 101000004,
    "RoleId": 1105,
    "RoleQuestId": 311000000,
    "RoleTrialId": 100721,
    "ShowQuestId": 0,
    "ShowQuestTips": "",
    "ShowQuestGetWay": "",
    "RoleUi": "ActivityRoleGuide_1105"
  },
  {
    "Id": 101000005,
    "RoleId": 1203,
    "RoleQuestId": 121000036,
    "RoleTrialId": 100707,
    "ShowQuestId": 0,
    "ShowQuestTips": "",
    "ShowQuestGetWay": "",
    "RoleUi": "ActivityRoleGuide_1203"
  }
]