[
  {
    "Id": 0,
    "Color1": "b22575",
    "Color2": "b44e88",
    "Color3": "552d3f",
    "Color4": "e4307c",
    "Color5": "fd2f84"
  },
  {
    "Id": 1,
    "Color1": "c35a5a",
    "Color2": "7d4f54",
    "Color3": "653432",
    "Color4": "84534f",
    "Color5": "da6238"
  },
  {
    "Id": 2,
    "Color1": "b42727",
    "Color2": "b42727",
    "Color3": "b42727",
    "Color4": "b30000",
    "Color5": "fb3209"
  },
  {
    "Id": 3,
    "Color1": "5acbcf",
    "Color2": "38e1af",
    "Color3": "387667",
    "Color4": "1d9196",
    "Color5": "16e0ae"
  },
  {
    "Id": 4,
    "Color1": "1037dd",
    "Color2": "4470c8",
    "Color3": "3a4885",
    "Color4": "3a5785",
    "Color5": "0c6eee"
  }
]