[
  {
    "Id": 1,
    "ActivityId": 100800001,
    "Score": 5000,
    "Reward": 5033011,
    "Desc": "ToltalScoreDesc_1"
  },
  {
    "Id": 2,
    "ActivityId": 100800001,
    "Score": 10000,
    "Reward": 5033012,
    "Desc": "ToltalScoreDesc_2"
  },
  {
    "Id": 3,
    "ActivityId": 100800001,
    "Score": 15000,
    "Reward": 5033013,
    "Desc": "ToltalScoreDesc_3"
  },
  {
    "Id": 4,
    "ActivityId": 100800001,
    "Score": 20000,
    "Reward": 5033014,
    "Desc": "ToltalScoreDesc_4"
  },
  {
    "Id": 5,
    "ActivityId": 100800001,
    "Score": 30000,
    "Reward": 5033015,
    "Desc": "ToltalScoreDesc_5"
  },
  {
    "Id": 6,
    "ActivityId": 100800001,
    "Score": 50000,
    "Reward": 5033016,
    "Desc": "ToltalScoreDesc_6"
  },
  {
    "Id": 7,
    "ActivityId": 100800001,
    "Score": 70000,
    "Reward": 5033017,
    "Desc": "ToltalScoreDesc_7"
  },
  {
    "Id": 8,
    "ActivityId": 100800001,
    "Score": 90000,
    "Reward": 5033018,
    "Desc": "ToltalScoreDesc_8"
  },
  {
    "Id": 9,
    "ActivityId": 100800002,
    "Score": 10000,
    "Reward": 5050408,
    "Desc": "ToltalScoreDesc_9"
  },
  {
    "Id": 10,
    "ActivityId": 100800002,
    "Score": 20000,
    "Reward": 5050409,
    "Desc": "ToltalScoreDesc_10"
  },
  {
    "Id": 11,
    "ActivityId": 100800002,
    "Score": 40000,
    "Reward": 5050410,
    "Desc": "ToltalScoreDesc_11"
  },
  {
    "Id": 12,
    "ActivityId": 100800002,
    "Score": 60000,
    "Reward": 5050411,
    "Desc": "ToltalScoreDesc_12"
  },
  {
    "Id": 13,
    "ActivityId": 100800002,
    "Score": 70000,
    "Reward": 5050412,
    "Desc": "ToltalScoreDesc_13"
  },
  {
    "Id": 14,
    "ActivityId": 100800002,
    "Score": 80000,
    "Reward": 5050413,
    "Desc": "ToltalScoreDesc_14"
  },
  {
    "Id": 15,
    "ActivityId": 100800002,
    "Score": 90000,
    "Reward": 5050414,
    "Desc": "ToltalScoreDesc_15"
  }
]