[
  {
    "Id": 1,
    "ActivityId": 101800001,
    "SignRewardGroup": 1111
  },
  {
    "Id": 2,
    "ActivityId": 101800001,
    "SignRewardGroup": 1112
  },
  {
    "Id": 3,
    "ActivityId": 101800001,
    "SignRewardGroup": 1113
  },
  {
    "Id": 4,
    "ActivityId": 101800001,
    "SignRewardGroup": 1114
  },
  {
    "Id": 5,
    "ActivityId": 101800001,
    "SignRewardGroup": 1115
  },
  {
    "Id": 6,
    "ActivityId": 101800001,
    "SignRewardGroup": 1116
  },
  {
    "Id": 7,
    "ActivityId": 101800001,
    "SignRewardGroup": 1117
  }
]