[
  {
    "Id": 1,
    "InstanceId": 8170,
    "ActivityId": 100105523,
    "SortId": 0,
    "OptionalBuff": [
      2
    ],
    "OpenDay": 0,
    "Condition": 0,
    "RewardId": 5050301,
    "RewardScore": 500,
    "LevelRewardDesc": "",
    "BaseEntityId": 221700476,
    "UnlockScoreLimit": 1000,
    "IsDifficult": false
  },
  {
    "Id": 2,
    "InstanceId": 8171,
    "ActivityId": 100105523,
    "SortId": 0,
    "OptionalBuff": [
      2,
      3,
      5
    ],
    "OpenDay": 0,
    "Condition": 0,
    "RewardId": 5050302,
    "RewardScore": 900,
    "LevelRewardDesc": "",
    "BaseEntityId": 221700351,
    "UnlockScoreLimit": 3500,
    "IsDifficult": false
  },
  {
    "Id": 3,
    "InstanceId": 8172,
    "ActivityId": 100105523,
    "SortId": 0,
    "OptionalBuff": [
      1,
      8,
      9
    ],
    "OpenDay": 2,
    "Condition": 0,
    "RewardId": 5050303,
    "RewardScore": 1350,
    "LevelRewardDesc": "",
    "BaseEntityId": 221700493,
    "UnlockScoreLimit": 7000,
    "IsDifficult": false
  },
  {
    "Id": 4,
    "InstanceId": 8173,
    "ActivityId": 100105523,
    "SortId": 0,
    "OptionalBuff": [
      2,
      3,
      5,
      1,
      8,
      9
    ],
    "OpenDay": 4,
    "Condition": 0,
    "RewardId": 5050304,
    "RewardScore": 1350,
    "LevelRewardDesc": "",
    "BaseEntityId": 221700391,
    "UnlockScoreLimit": 11000,
    "IsDifficult": false
  },
  {
    "Id": 5,
    "InstanceId": 8174,
    "ActivityId": 100105523,
    "SortId": 0,
    "OptionalBuff": [
      1,
      2,
      3,
      4,
      5,
      6,
      7,
      8,
      9
    ],
    "OpenDay": 6,
    "Condition": 0,
    "RewardId": 5050305,
    "RewardScore": 4000,
    "LevelRewardDesc": "",
    "BaseEntityId": 221700516,
    "UnlockScoreLimit": 30000,
    "IsDifficult": false
  },
  {
    "Id": 7,
    "InstanceId": 8181,
    "ActivityId": 101900001,
    "SortId": 0,
    "OptionalBuff": [
      11,
      12,
      19,
      13,
      17
    ],
    "OpenDay": 1,
    "Condition": 0,
    "RewardId": 5060402,
    "RewardScore": 2000,
    "LevelRewardDesc": "",
    "BaseEntityId": 0,
    "UnlockScoreLimit": 30000,
    "IsDifficult": false
  },
  {
    "Id": 6,
    "InstanceId": 8180,
    "ActivityId": 101900001,
    "SortId": 0,
    "OptionalBuff": [
      11,
      12,
      19,
      13
    ],
    "OpenDay": 0,
    "Condition": 0,
    "RewardId": 5060401,
    "RewardScore": 2000,
    "LevelRewardDesc": "",
    "BaseEntityId": 0,
    "UnlockScoreLimit": 30000,
    "IsDifficult": false
  },
  {
    "Id": 8,
    "InstanceId": 8182,
    "ActivityId": 101900001,
    "SortId": 0,
    "OptionalBuff": [
      11,
      12,
      19,
      13,
      17,
      15
    ],
    "OpenDay": 2,
    "Condition": 0,
    "RewardId": 5060403,
    "RewardScore": 2000,
    "LevelRewardDesc": "",
    "BaseEntityId": 0,
    "UnlockScoreLimit": 30000,
    "IsDifficult": false
  },
  {
    "Id": 9,
    "InstanceId": 8183,
    "ActivityId": 101900001,
    "SortId": 0,
    "OptionalBuff": [
      11,
      12,
      19,
      13,
      17,
      15,
      14
    ],
    "OpenDay": 3,
    "Condition": 0,
    "RewardId": 5060404,
    "RewardScore": 2000,
    "LevelRewardDesc": "",
    "BaseEntityId": 0,
    "UnlockScoreLimit": 30000,
    "IsDifficult": false
  },
  {
    "Id": 10,
    "InstanceId": 8184,
    "ActivityId": 101900001,
    "SortId": 0,
    "OptionalBuff": [
      11,
      12,
      19,
      13,
      17,
      15,
      14,
      18
    ],
    "OpenDay": 4,
    "Condition": 0,
    "RewardId": 5060405,
    "RewardScore": 2000,
    "LevelRewardDesc": "",
    "BaseEntityId": 0,
    "UnlockScoreLimit": 30000,
    "IsDifficult": false
  },
  {
    "Id": 11,
    "InstanceId": 8185,
    "ActivityId": 101900001,
    "SortId": 0,
    "OptionalBuff": [
      11,
      12,
      19,
      13,
      17,
      15,
      14,
      18,
      16
    ],
    "OpenDay": 5,
    "Condition": 0,
    "RewardId": 5060406,
    "RewardScore": 2000,
    "LevelRewardDesc": "",
    "BaseEntityId": 0,
    "UnlockScoreLimit": 30000,
    "IsDifficult": false
  },
  {
    "Id": 12,
    "InstanceId": 8186,
    "ActivityId": 101900001,
    "SortId": 0,
    "OptionalBuff": [
      11,
      12,
      19,
      13,
      17,
      15,
      14,
      18,
      16
    ],
    "OpenDay": 0,
    "Condition": 0,
    "RewardId": 5060415,
    "RewardScore": 2000,
    "LevelRewardDesc": "",
    "BaseEntityId": 0,
    "UnlockScoreLimit": 30000,
    "IsDifficult": true
  },
  {
    "Id": 13,
    "InstanceId": 8187,
    "ActivityId": 101900001,
    "SortId": 0,
    "OptionalBuff": [
      11,
      12,
      19,
      13,
      17,
      15,
      14,
      18,
      16
    ],
    "OpenDay": 1,
    "Condition": 0,
    "RewardId": 5060416,
    "RewardScore": 2000,
    "LevelRewardDesc": "",
    "BaseEntityId": 0,
    "UnlockScoreLimit": 30000,
    "IsDifficult": true
  },
  {
    "Id": 14,
    "InstanceId": 8188,
    "ActivityId": 101900001,
    "SortId": 0,
    "OptionalBuff": [
      11,
      12,
      19,
      13,
      17,
      15,
      14,
      18,
      16
    ],
    "OpenDay": 2,
    "Condition": 0,
    "RewardId": 5060417,
    "RewardScore": 2000,
    "LevelRewardDesc": "",
    "BaseEntityId": 0,
    "UnlockScoreLimit": 30000,
    "IsDifficult": true
  },
  {
    "Id": 15,
    "InstanceId": 8189,
    "ActivityId": 101900001,
    "SortId": 0,
    "OptionalBuff": [
      11,
      12,
      19,
      13,
      17,
      15,
      14,
      18,
      16
    ],
    "OpenDay": 3,
    "Condition": 0,
    "RewardId": 5060418,
    "RewardScore": 2000,
    "LevelRewardDesc": "",
    "BaseEntityId": 0,
    "UnlockScoreLimit": 30000,
    "IsDifficult": true
  },
  {
    "Id": 16,
    "InstanceId": 8190,
    "ActivityId": 101900001,
    "SortId": 0,
    "OptionalBuff": [
      11,
      12,
      19,
      13,
      17,
      15,
      14,
      18,
      16
    ],
    "OpenDay": 4,
    "Condition": 0,
    "RewardId": 5060419,
    "RewardScore": 2000,
    "LevelRewardDesc": "",
    "BaseEntityId": 0,
    "UnlockScoreLimit": 30000,
    "IsDifficult": true
  },
  {
    "Id": 17,
    "InstanceId": 8191,
    "ActivityId": 101900001,
    "SortId": 0,
    "OptionalBuff": [
      11,
      12,
      19,
      13,
      17,
      15,
      14,
      18,
      16
    ],
    "OpenDay": 5,
    "Condition": 0,
    "RewardId": 5060420,
    "RewardScore": 2000,
    "LevelRewardDesc": "",
    "BaseEntityId": 0,
    "UnlockScoreLimit": 30000,
    "IsDifficult": true
  }
]