[
  {
    "Id": 1,
    "ActivityId": 100105523,
    "Score": 2000,
    "RewardId": 5050307
  },
  {
    "Id": 2,
    "ActivityId": 100105523,
    "Score": 6000,
    "RewardId": 5050308
  },
  {
    "Id": 3,
    "ActivityId": 100105523,
    "Score": 10000,
    "RewardId": 5050309
  },
  {
    "Id": 4,
    "ActivityId": 100105523,
    "Score": 14000,
    "RewardId": 5050310
  },
  {
    "Id": 5,
    "ActivityId": 100105523,
    "Score": 18000,
    "RewardId": 5050311
  },
  {
    "Id": 6,
    "ActivityId": 100105523,
    "Score": 22000,
    "RewardId": 5050312
  },
  {
    "Id": 7,
    "ActivityId": 100105523,
    "Score": 26000,
    "RewardId": 5050313
  },
  {
    "Id": 8,
    "ActivityId": 100105523,
    "Score": 30000,
    "RewardId": 5050314
  },
  {
    "Id": 101,
    "ActivityId": 101900001,
    "Score": 4000,
    "RewardId": 5060407
  },
  {
    "Id": 102,
    "ActivityId": 101900001,
    "Score": 6000,
    "RewardId": 5060408
  },
  {
    "Id": 103,
    "ActivityId": 101900001,
    "Score": 8000,
    "RewardId": 5060409
  },
  {
    "Id": 104,
    "ActivityId": 101900001,
    "Score": 10000,
    "RewardId": 5060410
  },
  {
    "Id": 105,
    "ActivityId": 101900001,
    "Score": 12000,
    "RewardId": 5060411
  },
  {
    "Id": 106,
    "ActivityId": 101900001,
    "Score": 14000,
    "RewardId": 5060412
  },
  {
    "Id": 107,
    "ActivityId": 101900001,
    "Score": 16000,
    "RewardId": 5060413
  },
  {
    "Id": 108,
    "ActivityId": 101900001,
    "Score": 20000,
    "RewardId": 5060414
  }
]