[
  {
    "Id": 10001,
    "GroupId": 1,
    "Level": 1,
    "SkillId": {
      "PKa": [],
      "length": 0
    },
    "Title": "TowerDefence_100011_PhantomTitle",
    "Description": "TowerDefence_100011_PhantomDesc",
    "ExpLevel": 10
  },
  {
    "Id": 10002,
    "GroupId": 1,
    "Level": 2,
    "SkillId": [
      633000003,
      200082210
    ],
    "Title": "TowerDefence_100013_PhantomTitle",
    "Description": "TowerDefence_100100_PhantomDesc",
    "ExpLevel": 14
  },
  {
    "Id": 10003,
    "GroupId": 1,
    "Level": 3,
    "SkillId": [
      200082011,
      633000003
    ],
    "Title": "TowerDefence_100012_PhantomTitle",
    "Description": "TowerDefence_100012_PhantomDesc",
    "ExpLevel": 18
  },
  {
    "Id": 10004,
    "GroupId": 1,
    "Level": 4,
    "SkillId": [
      200082012,
      633000003
    ],
    "Title": "TowerDefence_100014_PhantomTitle",
    "Description": "TowerDefence_100013_PhantomDesc",
    "ExpLevel": 26
  },
  {
    "Id": 10005,
    "GroupId": 1,
    "Level": 5,
    "SkillId": [
      633000003,
      200082212
    ],
    "Title": "TowerDefence_100015_PhantomTitle",
    "Description": "TowerDefence_100101_PhantomDesc",
    "ExpLevel": 0
  },
  {
    "Id": 20001,
    "GroupId": 2,
    "Level": 1,
    "SkillId": {
      "PKa": [],
      "length": 0
    },
    "Title": "TowerDefence_100021_PhantomTitle",
    "Description": "TowerDefence_100021_PhantomDesc",
    "ExpLevel": 10
  },
  {
    "Id": 20002,
    "GroupId": 2,
    "Level": 2,
    "SkillId": [
      633000003,
      200082210
    ],
    "Title": "TowerDefence_100023_PhantomTitle",
    "Description": "TowerDefence_100100_PhantomDesc",
    "ExpLevel": 14
  },
  {
    "Id": 20003,
    "GroupId": 2,
    "Level": 3,
    "SkillId": [
      200082021,
      633000003
    ],
    "Title": "TowerDefence_100022_PhantomTitle",
    "Description": "TowerDefence_100022_PhantomDesc",
    "ExpLevel": 18
  },
  {
    "Id": 20004,
    "GroupId": 2,
    "Level": 4,
    "SkillId": [
      200082022,
      633000003
    ],
    "Title": "TowerDefence_100024_PhantomTitle",
    "Description": "TowerDefence_100023_PhantomDesc",
    "ExpLevel": 26
  },
  {
    "Id": 20005,
    "GroupId": 2,
    "Level": 5,
    "SkillId": [
      633000003,
      200082212
    ],
    "Title": "TowerDefence_100025_PhantomTitle",
    "Description": "TowerDefence_100101_PhantomDesc",
    "ExpLevel": 0
  },
  {
    "Id": 30001,
    "GroupId": 3,
    "Level": 1,
    "SkillId": {
      "PKa": [],
      "length": 0
    },
    "Title": "TowerDefence_100031_PhantomTitle",
    "Description": "TowerDefence_100031_PhantomDesc",
    "ExpLevel": 10
  },
  {
    "Id": 30002,
    "GroupId": 3,
    "Level": 2,
    "SkillId": [
      633000003,
      200082210
    ],
    "Title": "TowerDefence_100033_PhantomTitle",
    "Description": "TowerDefence_100100_PhantomDesc",
    "ExpLevel": 14
  },
  {
    "Id": 30003,
    "GroupId": 3,
    "Level": 3,
    "SkillId": [
      200082032,
      633000003
    ],
    "Title": "TowerDefence_100032_PhantomTitle",
    "Description": "TowerDefence_100032_PhantomDesc",
    "ExpLevel": 18
  },
  {
    "Id": 30004,
    "GroupId": 3,
    "Level": 4,
    "SkillId": [
      200082031,
      633000003
    ],
    "Title": "TowerDefence_100034_PhantomTitle",
    "Description": "TowerDefence_100033_PhantomDesc",
    "ExpLevel": 26
  },
  {
    "Id": 30005,
    "GroupId": 3,
    "Level": 5,
    "SkillId": [
      633000003,
      200082212
    ],
    "Title": "TowerDefence_100035_PhantomTitle",
    "Description": "TowerDefence_100101_PhantomDesc",
    "ExpLevel": 0
  },
  {
    "Id": 40001,
    "GroupId": 4,
    "Level": 1,
    "SkillId": {
      "PKa": [],
      "length": 0
    },
    "Title": "TowerDefence_100041_PhantomTitle",
    "Description": "TowerDefence_100041_PhantomDesc",
    "ExpLevel": 10
  },
  {
    "Id": 40002,
    "GroupId": 4,
    "Level": 2,
    "SkillId": [
      633000003,
      200082210
    ],
    "Title": "TowerDefence_100043_PhantomTitle",
    "Description": "TowerDefence_100100_PhantomDesc",
    "ExpLevel": 14
  },
  {
    "Id": 40003,
    "GroupId": 4,
    "Level": 3,
    "SkillId": [
      200082041,
      633000003
    ],
    "Title": "TowerDefence_100042_PhantomTitle",
    "Description": "TowerDefence_100042_PhantomDesc",
    "ExpLevel": 18
  },
  {
    "Id": 40004,
    "GroupId": 4,
    "Level": 4,
    "SkillId": [
      200082042,
      633000003
    ],
    "Title": "TowerDefence_100044_PhantomTitle",
    "Description": "TowerDefence_100043_PhantomDesc",
    "ExpLevel": 26
  },
  {
    "Id": 40005,
    "GroupId": 4,
    "Level": 5,
    "SkillId": [
      633000003,
      200082212
    ],
    "Title": "TowerDefence_100045_PhantomTitle",
    "Description": "TowerDefence_100101_PhantomDesc",
    "ExpLevel": 0
  },
  {
    "Id": 50001,
    "GroupId": 5,
    "Level": 1,
    "SkillId": {
      "PKa": [],
      "length": 0
    },
    "Title": "TowerDefence_100051_PhantomTitle",
    "Description": "TowerDefence_100051_PhantomDesc",
    "ExpLevel": 10
  },
  {
    "Id": 50002,
    "GroupId": 5,
    "Level": 2,
    "SkillId": [
      633000003,
      200082210
    ],
    "Title": "TowerDefence_100053_PhantomTitle",
    "Description": "TowerDefence_100100_PhantomDesc",
    "ExpLevel": 14
  },
  {
    "Id": 50003,
    "GroupId": 5,
    "Level": 3,
    "SkillId": [
      200082051,
      633000003,
      200082053
    ],
    "Title": "TowerDefence_100052_PhantomTitle",
    "Description": "TowerDefence_100052_PhantomDesc",
    "ExpLevel": 18
  },
  {
    "Id": 50004,
    "GroupId": 5,
    "Level": 4,
    "SkillId": [
      200082052,
      633000003
    ],
    "Title": "TowerDefence_100054_PhantomTitle",
    "Description": "TowerDefence_100053_PhantomDesc",
    "ExpLevel": 26
  },
  {
    "Id": 50005,
    "GroupId": 5,
    "Level": 5,
    "SkillId": [
      633000003,
      200082212
    ],
    "Title": "TowerDefence_100055_PhantomTitle",
    "Description": "TowerDefence_100101_PhantomDesc",
    "ExpLevel": 0
  },
  {
    "Id": 60001,
    "GroupId": 6,
    "Level": 1,
    "SkillId": {
      "PKa": [],
      "length": 0
    },
    "Title": "TowerDefence_100061_PhantomTitle",
    "Description": "TowerDefence_100061_PhantomDesc",
    "ExpLevel": 10
  },
  {
    "Id": 60002,
    "GroupId": 6,
    "Level": 2,
    "SkillId": [
      633000003,
      200082210
    ],
    "Title": "TowerDefence_100063_PhantomTitle",
    "Description": "TowerDefence_100100_PhantomDesc",
    "ExpLevel": 14
  },
  {
    "Id": 60003,
    "GroupId": 6,
    "Level": 3,
    "SkillId": [
      200082061,
      633000003
    ],
    "Title": "TowerDefence_100062_PhantomTitle",
    "Description": "TowerDefence_100062_PhantomDesc",
    "ExpLevel": 18
  },
  {
    "Id": 60004,
    "GroupId": 6,
    "Level": 4,
    "SkillId": [
      200082062,
      633000003
    ],
    "Title": "TowerDefence_100064_PhantomTitle",
    "Description": "TowerDefence_100063_PhantomDesc",
    "ExpLevel": 26
  },
  {
    "Id": 60005,
    "GroupId": 6,
    "Level": 5,
    "SkillId": [
      633000003,
      200082212
    ],
    "Title": "TowerDefence_100065_PhantomTitle",
    "Description": "TowerDefence_100101_PhantomDesc",
    "ExpLevel": 0
  },
  {
    "Id": 70001,
    "GroupId": 7,
    "Level": 1,
    "SkillId": {
      "PKa": [],
      "length": 0
    },
    "Title": "TowerDefence_100071_PhantomTitle",
    "Description": "TowerDefence_100071_PhantomDesc",
    "ExpLevel": 10
  },
  {
    "Id": 70002,
    "GroupId": 7,
    "Level": 2,
    "SkillId": [
      633000003,
      200082210
    ],
    "Title": "TowerDefence_100073_PhantomTitle",
    "Description": "TowerDefence_100100_PhantomDesc",
    "ExpLevel": 14
  },
  {
    "Id": 70003,
    "GroupId": 7,
    "Level": 3,
    "SkillId": [
      200082071,
      633000003
    ],
    "Title": "TowerDefence_100072_PhantomTitle",
    "Description": "TowerDefence_100072_PhantomDesc",
    "ExpLevel": 18
  },
  {
    "Id": 70004,
    "GroupId": 7,
    "Level": 4,
    "SkillId": [
      200082072,
      633000003
    ],
    "Title": "TowerDefence_100074_PhantomTitle",
    "Description": "TowerDefence_100073_PhantomDesc",
    "ExpLevel": 26
  },
  {
    "Id": 70005,
    "GroupId": 7,
    "Level": 5,
    "SkillId": [
      633000003,
      200082212
    ],
    "Title": "TowerDefence_100075_PhantomTitle",
    "Description": "TowerDefence_100101_PhantomDesc",
    "ExpLevel": 0
  },
  {
    "Id": 80001,
    "GroupId": 8,
    "Level": 1,
    "SkillId": {
      "PKa": [],
      "length": 0
    },
    "Title": "TowerDefence_100081_PhantomTitle",
    "Description": "TowerDefence_100081_PhantomDesc",
    "ExpLevel": 10
  },
  {
    "Id": 80002,
    "GroupId": 8,
    "Level": 2,
    "SkillId": [
      633000003,
      200082210
    ],
    "Title": "TowerDefence_100083_PhantomTitle",
    "Description": "TowerDefence_100100_PhantomDesc",
    "ExpLevel": 14
  },
  {
    "Id": 80003,
    "GroupId": 8,
    "Level": 3,
    "SkillId": [
      200082082,
      633000003
    ],
    "Title": "TowerDefence_100084_PhantomTitle",
    "Description": "TowerDefence_100083_PhantomDesc",
    "ExpLevel": 18
  },
  {
    "Id": 80004,
    "GroupId": 8,
    "Level": 4,
    "SkillId": [
      200082081,
      633000003
    ],
    "Title": "TowerDefence_100082_PhantomTitle",
    "Description": "TowerDefence_100082_PhantomDesc",
    "ExpLevel": 26
  },
  {
    "Id": 80005,
    "GroupId": 8,
    "Level": 5,
    "SkillId": [
      633000003,
      200082212
    ],
    "Title": "TowerDefence_100085_PhantomTitle",
    "Description": "TowerDefence_100101_PhantomDesc",
    "ExpLevel": 0
  },
  {
    "Id": 90001,
    "GroupId": 9,
    "Level": 1,
    "SkillId": {
      "PKa": [],
      "length": 0
    },
    "Title": "TowerDefence_100091_PhantomTitle",
    "Description": "TowerDefence_100091_PhantomDesc",
    "ExpLevel": 10
  },
  {
    "Id": 90002,
    "GroupId": 9,
    "Level": 2,
    "SkillId": [
      633000003,
      200082210
    ],
    "Title": "TowerDefence_100093_PhantomTitle",
    "Description": "TowerDefence_100100_PhantomDesc",
    "ExpLevel": 14
  },
  {
    "Id": 90003,
    "GroupId": 9,
    "Level": 3,
    "SkillId": [
      200082091,
      633000003
    ],
    "Title": "TowerDefence_100092_PhantomTitle",
    "Description": "TowerDefence_100092_PhantomDesc",
    "ExpLevel": 18
  },
  {
    "Id": 90004,
    "GroupId": 9,
    "Level": 4,
    "SkillId": [
      200082092,
      633000003
    ],
    "Title": "TowerDefence_100094_PhantomTitle",
    "Description": "TowerDefence_100093_PhantomDesc",
    "ExpLevel": 26
  },
  {
    "Id": 90005,
    "GroupId": 9,
    "Level": 5,
    "SkillId": [
      633000003,
      200082212
    ],
    "Title": "TowerDefence_100095_PhantomTitle",
    "Description": "TowerDefence_100101_PhantomDesc",
    "ExpLevel": 0
  },
  {
    "Id": 11001,
    "GroupId": 11,
    "Level": 1,
    "SkillId": {
      "PKa": [],
      "length": 0
    },
    "Title": "",
    "Description": "TowerDefence_100111_PhantomDesc",
    "ExpLevel": 0
  },
  {
    "Id": 12001,
    "GroupId": 12,
    "Level": 1,
    "SkillId": {
      "PKa": [],
      "length": 0
    },
    "Title": "",
    "Description": "TowerDefence_100121_PhantomDesc",
    "ExpLevel": 0
  },
  {
    "Id": 13001,
    "GroupId": 13,
    "Level": 1,
    "SkillId": {
      "PKa": [],
      "length": 0
    },
    "Title": "",
    "Description": "TowerDefence_100191_PhantomDesc",
    "ExpLevel": 0
  },
  {
    "Id": 14001,
    "GroupId": 14,
    "Level": 1,
    "SkillId": {
      "PKa": [],
      "length": 0
    },
    "Title": "",
    "Description": "TowerDefence_100141_PhantomDesc",
    "ExpLevel": 0
  },
  {
    "Id": 15001,
    "GroupId": 15,
    "Level": 1,
    "SkillId": {
      "PKa": [],
      "length": 0
    },
    "Title": "",
    "Description": "TowerDefence_100151_PhantomDesc",
    "ExpLevel": 0
  },
  {
    "Id": 16001,
    "GroupId": 16,
    "Level": 1,
    "SkillId": {
      "PKa": [],
      "length": 0
    },
    "Title": "",
    "Description": "TowerDefence_100161_PhantomDesc",
    "ExpLevel": 0
  },
  {
    "Id": 17001,
    "GroupId": 17,
    "Level": 1,
    "SkillId": {
      "PKa": [],
      "length": 0
    },
    "Title": "",
    "Description": "TowerDefence_100171_PhantomDesc",
    "ExpLevel": 0
  },
  {
    "Id": 18001,
    "GroupId": 18,
    "Level": 1,
    "SkillId": {
      "PKa": [],
      "length": 0
    },
    "Title": "",
    "Description": "TowerDefence_100181_PhantomDesc",
    "ExpLevel": 0
  },
  {
    "Id": 19001,
    "GroupId": 19,
    "Level": 1,
    "SkillId": {
      "PKa": [],
      "length": 0
    },
    "Title": "",
    "Description": "TowerDefence_100131_PhantomDesc",
    "ExpLevel": 0
  }
]