[
  {
    "Id": 101700001,
    "ActivityReward": false,
    "PermanentTarget": true,
    "ActivityButtonType": 0,
    "RewardList": {
      "PKa": [],
      "length": 0
    },
    "FocusMarkId": 380033,
    "StageQuestTips": "Moonfiesta_ActivityCondition",
    "StageQuestId": 125900000
  },
  {
    "Id": 101700002,
    "ActivityReward": false,
    "PermanentTarget": false,
    "ActivityButtonType": 1,
    "RewardList": {
      "PKa": [],
      "length": 0
    },
    "FocusMarkId": 0,
    "StageQuestTips": "",
    "StageQuestId": 0
  }
]