[
  {
    "Id": 1,
    "ActivityId": 101500001,
    "CoinQuestId": 880900001,
    "QuestDesc": "Activity_101500001_Title"
  },
  {
    "Id": 2,
    "ActivityId": 101500001,
    "CoinQuestId": 880900002,
    "QuestDesc": "Activity_101500001_Title"
  },
  {
    "Id": 3,
    "ActivityId": 101500001,
    "CoinQuestId": 880900003,
    "QuestDesc": "Activity_101500001_Title"
  },
  {
    "Id": 4,
    "ActivityId": 101500001,
    "CoinQuestId": 880900004,
    "QuestDesc": "Activity_101500001_Title"
  },
  {
    "Id": 5,
    "ActivityId": 101500001,
    "CoinQuestId": 880900005,
    "QuestDesc": "Activity_101500001_Title"
  },
  {
    "Id": 6,
    "ActivityId": 101500001,
    "CoinQuestId": 880900006,
    "QuestDesc": "Activity_101500001_Title"
  },
  {
    "Id": 7,
    "ActivityId": 101500001,
    "CoinQuestId": 880900007,
    "QuestDesc": "Activity_101500001_Title"
  },
  {
    "Id": 8,
    "ActivityId": 101500002,
    "CoinQuestId": 152750015,
    "QuestDesc": "Activity_101500001_Title"
  },
  {
    "Id": 9,
    "ActivityId": 101500002,
    "CoinQuestId": 152750005,
    "QuestDesc": "Activity_101500001_Title"
  },
  {
    "Id": 10,
    "ActivityId": 101500002,
    "CoinQuestId": 152750009,
    "QuestDesc": "Activity_101500001_Title"
  },
  {
    "Id": 11,
    "ActivityId": 101500002,
    "CoinQuestId": 152750010,
    "QuestDesc": "Activity_101500001_Title"
  },
  {
    "Id": 12,
    "ActivityId": 101500002,
    "CoinQuestId": 152750004,
    "QuestDesc": "Activity_101500001_Title"
  },
  {
    "Id": 13,
    "ActivityId": 101500002,
    "CoinQuestId": 152750011,
    "QuestDesc": "Activity_101500001_Title"
  },
  {
    "Id": 14,
    "ActivityId": 101500002,
    "CoinQuestId": 152750012,
    "QuestDesc": "Activity_101500001_Title"
  }
]