[
  {
    "Id": 100001,
    "Sort": 11,
    "SourceType": 3,
    "SourceId": 50000171,
    "SourceTitle": "ItemInfo_50000171_Name",
    "SourceDesc": "WorldNewJourney_100001_SourceDesc",
    "ConditionId": 0,
    "JumpTo": {
      "size": 1
    }
  },
  {
    "Id": 100002,
    "Sort": 12,
    "SourceType": 3,
    "SourceId": 50001,
    "SourceTitle": "ItemInfo_50001_Name",
    "SourceDesc": "WorldNewJourney_100002_SourceDesc",
    "ConditionId": 13000012,
    "JumpTo": {
      "size": 1
    }
  },
  {
    "Id": 100003,
    "Sort": 13,
    "SourceType": 0,
    "SourceId": 100704,
    "SourceTitle": "RoleInfo_1102_Name",
    "SourceDesc": "WorldNewJourney_100003_SourceDesc",
    "ConditionId": 0,
    "JumpTo": {
      "size": 1
    }
  },
  {
    "Id": 100004,
    "Sort": 14,
    "SourceType": 0,
    "SourceId": 100716,
    "SourceTitle": "RoleInfo_1303_Name",
    "SourceDesc": "WorldNewJourney_100004_SourceDesc",
    "ConditionId": 13000013,
    "JumpTo": {
      "size": 1
    }
  },
  {
    "Id": 100006,
    "Sort": 16,
    "SourceType": 2,
    "SourceId": 60000215,
    "SourceTitle": "MonsterInfo_320000070_Name",
    "SourceDesc": "WorldNewJourney_100006_SourceDesc",
    "ConditionId": 12005122,
    "JumpTo": {
      "size": 1
    }
  }
]