[
  {
    "Id": 11080101,
    "ItemId": 71010001,
    "Type": 3,
    "Title": "InfoDisplay_11080101_Title",
    "Text": "InfoDisplay_11080101_Text",
    "Picture": "",
    "Audio": "",
    "Background": ""
  },
  {
    "Id": 11080102,
    "ItemId": 71010002,
    "Type": 3,
    "Title": "InfoDisplay_11080102_Title",
    "Text": "InfoDisplay_11080102_Text",
    "Picture": "",
    "Audio": "",
    "Background": ""
  },
  {
    "Id": 11080103,
    "ItemId": 71010003,
    "Type": 3,
    "Title": "InfoDisplay_11080103_Title",
    "Text": "InfoDisplay_11080103_Text",
    "Picture": "",
    "Audio": "",
    "Background": ""
  },
  {
    "Id": 11080104,
    "ItemId": 71010004,
    "Type": 3,
    "Title": "InfoDisplay_11080104_Title",
    "Text": "InfoDisplay_11080104_Text",
    "Picture": "",
    "Audio": "",
    "Background": ""
  },
  {
    "Id": 11080105,
    "ItemId": 71010005,
    "Type": 3,
    "Title": "InfoDisplay_11080105_Title",
    "Text": "InfoDisplay_11080105_Text",
    "Picture": "",
    "Audio": "",
    "Background": ""
  },
  {
    "Id": 11080106,
    "ItemId": 71010006,
    "Type": 4,
    "Title": "InfoDisplay_11080106_Title",
    "Text": "InfoDisplay_11080106_Text",
    "Picture": "",
    "Audio": "",
    "Background": ""
  },
  {
    "Id": 11010101,
    "ItemId": 0,
    "Type": 3,
    "Title": "InfoDisplay_11010101_Title",
    "Text": "InfoDisplay_11010101_Text",
    "Picture": "",
    "Audio": "",
    "Background": ""
  },
  {
    "Id": 11010102,
    "ItemId": 0,
    "Type": 3,
    "Title": "InfoDisplay_11010102_Title",
    "Text": "InfoDisplay_11010102_Text",
    "Picture": "",
    "Audio": "",
    "Background": ""
  },
  {
    "Id": 11010103,
    "ItemId": 0,
    "Type": 3,
    "Title": "InfoDisplay_11010103_Title",
    "Text": "InfoDisplay_11010103_Text",
    "Picture": "",
    "Audio": "",
    "Background": ""
  },
  {
    "Id": 11010104,
    "ItemId": 0,
    "Type": 3,
    "Title": "InfoDisplay_11010104_Title",
    "Text": "InfoDisplay_11010104_Text",
    "Picture": "",
    "Audio": "",
    "Background": ""
  },
  {
    "Id": 11010105,
    "ItemId": 0,
    "Type": 3,
    "Title": "InfoDisplay_11010105_Title",
    "Text": "InfoDisplay_11010105_Text",
    "Picture": "",
    "Audio": "",
    "Background": ""
  },
  {
    "Id": 11010106,
    "ItemId": 0,
    "Type": 4,
    "Title": "InfoDisplay_11010106_Title",
    "Text": "InfoDisplay_11010106_Text",
    "Picture": "",
    "Audio": "",
    "Background": ""
  },
  {
    "Id": 11040101,
    "ItemId": 0,
    "Type": 4,
    "Title": "InfoDisplay_11040101_Title",
    "Text": "InfoDisplay_11040101_Text",
    "Picture": "",
    "Audio": "",
    "Background": ""
  },
  {
    "Id": 11040102,
    "ItemId": 0,
    "Type": 3,
    "Title": "InfoDisplay_11040102_Title",
    "Text": "InfoDisplay_11040102_Text",
    "Picture": "",
    "Audio": "",
    "Background": ""
  },
  {
    "Id": 11040103,
    "ItemId": 0,
    "Type": 3,
    "Title": "InfoDisplay_11040103_Title",
    "Text": "InfoDisplay_11040103_Text",
    "Picture": "",
    "Audio": "",
    "Background": ""
  },
  {
    "Id": 11040104,
    "ItemId": 0,
    "Type": 3,
    "Title": "InfoDisplay_11040104_Title",
    "Text": "InfoDisplay_11040104_Text",
    "Picture": "",
    "Audio": "",
    "Background": ""
  },
  {
    "Id": 11040105,
    "ItemId": 0,
    "Type": 3,
    "Title": "InfoDisplay_11040105_Title",
    "Text": "InfoDisplay_11040105_Text",
    "Picture": "",
    "Audio": "",
    "Background": ""
  },
  {
    "Id": 11040106,
    "ItemId": 0,
    "Type": 3,
    "Title": "InfoDisplay_11040106_Title",
    "Text": "InfoDisplay_11040106_Text",
    "Picture": "",
    "Audio": "",
    "Background": ""
  },
  {
    "Id": 11040107,
    "ItemId": 0,
    "Type": 3,
    "Title": "InfoDisplay_11040107_Title",
    "Text": "InfoDisplay_11040107_Text",
    "Picture": "",
    "Audio": "",
    "Background": ""
  },
  {
    "Id": 11040108,
    "ItemId": 0,
    "Type": 3,
    "Title": "InfoDisplay_11040108_Title",
    "Text": "InfoDisplay_11040108_Text",
    "Picture": "",
    "Audio": "",
    "Background": ""
  },
  {
    "Id": 11030101,
    "ItemId": 0,
    "Type": 3,
    "Title": "InfoDisplay_11030101_Title",
    "Text": "InfoDisplay_11030101_Text",
    "Picture": "",
    "Audio": "",
    "Background": ""
  },
  {
    "Id": 126000034,
    "ItemId": 0,
    "Type": 3,
    "Title": "InfoDisplay_126000034_Title",
    "Text": "InfoDisplay_126000034_Text",
    "Picture": "",
    "Audio": "",
    "Background": ""
  },
  {
    "Id": 103012501,
    "ItemId": 0,
    "Type": 4,
    "Title": "InfoDisplay_103012501_Title",
    "Text": "InfoDisplay_103012501_Text",
    "Picture": "",
    "Audio": "",
    "Background": ""
  },
  {
    "Id": 103012502,
    "ItemId": 0,
    "Type": 4,
    "Title": "InfoDisplay_103012502_Title",
    "Text": "InfoDisplay_103012502_Text",
    "Picture": "",
    "Audio": "",
    "Background": ""
  },
  {
    "Id": 103012503,
    "ItemId": 0,
    "Type": 4,
    "Title": "InfoDisplay_103012503_Title",
    "Text": "InfoDisplay_103012503_Text",
    "Picture": "",
    "Audio": "",
    "Background": ""
  },
  {
    "Id": 11070101,
    "ItemId": 0,
    "Type": 3,
    "Title": "InfoDisplay_11070101_Title",
    "Text": "InfoDisplay_11070101_Text",
    "Picture": "",
    "Audio": "",
    "Background": ""
  },
  {
    "Id": 11070102,
    "ItemId": 0,
    "Type": 3,
    "Title": "InfoDisplay_11070102_Title",
    "Text": "InfoDisplay_11070102_Text",
    "Picture": "",
    "Audio": "",
    "Background": ""
  },
  {
    "Id": 11070103,
    "ItemId": 0,
    "Type": 3,
    "Title": "InfoDisplay_11070103_Title",
    "Text": "InfoDisplay_11070103_Text",
    "Picture": "",
    "Audio": "",
    "Background": ""
  },
  {
    "Id": 11070104,
    "ItemId": 0,
    "Type": 3,
    "Title": "InfoDisplay_11070104_Title",
    "Text": "InfoDisplay_11070104_Text",
    "Picture": "",
    "Audio": "",
    "Background": ""
  },
  {
    "Id": 11070105,
    "ItemId": 0,
    "Type": 3,
    "Title": "InfoDisplay_11070105_Title",
    "Text": "InfoDisplay_11070105_Text",
    "Picture": "",
    "Audio": "",
    "Background": ""
  },
  {
    "Id": 11070106,
    "ItemId": 0,
    "Type": 3,
    "Title": "InfoDisplay_11070106_Title",
    "Text": "InfoDisplay_11070106_Text",
    "Picture": "",
    "Audio": "",
    "Background": ""
  },
  {
    "Id": 11070107,
    "ItemId": 0,
    "Type": 3,
    "Title": "InfoDisplay_11070107_Title",
    "Text": "InfoDisplay_11070107_Text",
    "Picture": "",
    "Audio": "",
    "Background": ""
  },
  {
    "Id": 11070108,
    "ItemId": 0,
    "Type": 3,
    "Title": "InfoDisplay_11070108_Title",
    "Text": "InfoDisplay_11070108_Text",
    "Picture": "",
    "Audio": "",
    "Background": ""
  },
  {
    "Id": 11070109,
    "ItemId": 0,
    "Type": 3,
    "Title": "InfoDisplay_11070109_Title",
    "Text": "InfoDisplay_11070109_Text",
    "Picture": "",
    "Audio": "",
    "Background": ""
  },
  {
    "Id": 11080107,
    "ItemId": 70010020,
    "Type": 2,
    "Title": "InfoDisplay_11080107_Title",
    "Text": "InfoDisplay_11080107_Text",
    "Picture": "/Game/Aki/UI/UIResources/UiInformation/Image/T_InformationXingxingditu_UI.T_InformationXingxingditu_UI",
    "Audio": "",
    "Background": ""
  },
  {
    "Id": 310000001,
    "ItemId": 70010033,
    "Type": 3,
    "Title": "InfoDisplay_310000001_Title",
    "Text": "InfoDisplay_310000001_Text",
    "Picture": "",
    "Audio": "",
    "Background": ""
  },
  {
    "Id": 11040110,
    "ItemId": 0,
    "Type": 3,
    "Title": "InfoDisplay_11040110_Title",
    "Text": "InfoDisplay_11040110_Text",
    "Picture": "",
    "Audio": "",
    "Background": ""
  },
  {
    "Id": 11040111,
    "ItemId": 0,
    "Type": 3,
    "Title": "InfoDisplay_11040111_Title",
    "Text": "InfoDisplay_11040111_Text",
    "Picture": "",
    "Audio": "",
    "Background": ""
  },
  {
    "Id": 103012504,
    "ItemId": 0,
    "Type": 3,
    "Title": "InfoDisplay_103012504_Title",
    "Text": "InfoDisplay_103012504_Text",
    "Picture": "",
    "Audio": "",
    "Background": ""
  },
  {
    "Id": 103012505,
    "ItemId": 0,
    "Type": 3,
    "Title": "InfoDisplay_103012505_Title",
    "Text": "InfoDisplay_103012505_Text",
    "Picture": "",
    "Audio": "",
    "Background": ""
  },
  {
    "Id": 103012506,
    "ItemId": 0,
    "Type": 3,
    "Title": "InfoDisplay_103012506_Title",
    "Text": "InfoDisplay_103012506_Text",
    "Picture": "",
    "Audio": "",
    "Background": ""
  },
  {
    "Id": 103012507,
    "ItemId": 0,
    "Type": 3,
    "Title": "InfoDisplay_103012507_Title",
    "Text": "InfoDisplay_103012507_Text",
    "Picture": "",
    "Audio": "",
    "Background": ""
  },
  {
    "Id": 103012508,
    "ItemId": 0,
    "Type": 3,
    "Title": "InfoDisplay_103012508_Title",
    "Text": "InfoDisplay_103012508_Text",
    "Picture": "",
    "Audio": "",
    "Background": ""
  },
  {
    "Id": 103012509,
    "ItemId": 0,
    "Type": 3,
    "Title": "InfoDisplay_103012509_Title",
    "Text": "InfoDisplay_103012509_Text",
    "Picture": "",
    "Audio": "",
    "Background": ""
  },
  {
    "Id": 103012510,
    "ItemId": 0,
    "Type": 3,
    "Title": "InfoDisplay_103012510_Title",
    "Text": "InfoDisplay_103012510_Text",
    "Picture": "",
    "Audio": "",
    "Background": ""
  },
  {
    "Id": 103012511,
    "ItemId": 0,
    "Type": 3,
    "Title": "InfoDisplay_103012511_Title",
    "Text": "InfoDisplay_103012511_Text",
    "Picture": "",
    "Audio": "",
    "Background": ""
  },
  {
    "Id": 103012512,
    "ItemId": 0,
    "Type": 3,
    "Title": "InfoDisplay_103012512_Title",
    "Text": "InfoDisplay_103012512_Text",
    "Picture": "",
    "Audio": "",
    "Background": ""
  },
  {
    "Id": 103012513,
    "ItemId": 0,
    "Type": 3,
    "Title": "InfoDisplay_103012513_Title",
    "Text": "InfoDisplay_103012513_Text",
    "Picture": "",
    "Audio": "",
    "Background": ""
  },
  {
    "Id": 103012514,
    "ItemId": 0,
    "Type": 3,
    "Title": "InfoDisplay_103012514_Title",
    "Text": "InfoDisplay_103012514_Text",
    "Picture": "",
    "Audio": "",
    "Background": ""
  },
  {
    "Id": 103012515,
    "ItemId": 0,
    "Type": 3,
    "Title": "InfoDisplay_103012515_Title",
    "Text": "InfoDisplay_103012515_Text",
    "Picture": "",
    "Audio": "",
    "Background": ""
  },
  {
    "Id": 103012516,
    "ItemId": 0,
    "Type": 3,
    "Title": "InfoDisplay_103012516_Title",
    "Text": "InfoDisplay_103012516_Text",
    "Picture": "",
    "Audio": "",
    "Background": ""
  },
  {
    "Id": 103012517,
    "ItemId": 0,
    "Type": 3,
    "Title": "InfoDisplay_103012517_Title",
    "Text": "InfoDisplay_103012517_Text",
    "Picture": "",
    "Audio": "",
    "Background": ""
  },
  {
    "Id": 11010107,
    "ItemId": 0,
    "Type": 3,
    "Title": "InfoDisplay_11010107_Title",
    "Text": "InfoDisplay_11010107_Text",
    "Picture": "",
    "Audio": "",
    "Background": ""
  },
  {
    "Id": 11060101,
    "ItemId": 0,
    "Type": 3,
    "Title": "InfoDisplay_11060101_Title",
    "Text": "InfoDisplay_11060101_Text",
    "Picture": "",
    "Audio": "",
    "Background": ""
  },
  {
    "Id": 11060102,
    "ItemId": 0,
    "Type": 3,
    "Title": "InfoDisplay_11060102_Title",
    "Text": "InfoDisplay_11060102_Text",
    "Picture": "",
    "Audio": "",
    "Background": ""
  },
  {
    "Id": 11060103,
    "ItemId": 0,
    "Type": 3,
    "Title": "InfoDisplay_11060103_Title",
    "Text": "InfoDisplay_11060103_Text",
    "Picture": "",
    "Audio": "",
    "Background": ""
  },
  {
    "Id": 11060104,
    "ItemId": 0,
    "Type": 3,
    "Title": "InfoDisplay_11060104_Title",
    "Text": "InfoDisplay_11060104_Text",
    "Picture": "",
    "Audio": "",
    "Background": ""
  },
  {
    "Id": 11060105,
    "ItemId": 0,
    "Type": 3,
    "Title": "InfoDisplay_11060105_Title",
    "Text": "InfoDisplay_11060105_Text",
    "Picture": "",
    "Audio": "",
    "Background": ""
  },
  {
    "Id": 11060201,
    "ItemId": 0,
    "Type": 3,
    "Title": "InfoDisplay_11060201_Title",
    "Text": "InfoDisplay_11060201_Text",
    "Picture": "",
    "Audio": "",
    "Background": ""
  },
  {
    "Id": 11060301,
    "ItemId": 0,
    "Type": 3,
    "Title": "InfoDisplay_11060301_Title",
    "Text": "InfoDisplay_11060301_Text",
    "Picture": "",
    "Audio": "",
    "Background": ""
  },
  {
    "Id": 11060302,
    "ItemId": 0,
    "Type": 3,
    "Title": "InfoDisplay_11060302_Title",
    "Text": "InfoDisplay_11060302_Text",
    "Picture": "",
    "Audio": "",
    "Background": ""
  },
  {
    "Id": 11060303,
    "ItemId": 0,
    "Type": 3,
    "Title": "InfoDisplay_11060303_Title",
    "Text": "InfoDisplay_11060303_Text",
    "Picture": "",
    "Audio": "",
    "Background": ""
  },
  {
    "Id": 11060304,
    "ItemId": 0,
    "Type": 3,
    "Title": "InfoDisplay_11060304_Title",
    "Text": "InfoDisplay_11060304_Text",
    "Picture": "",
    "Audio": "",
    "Background": ""
  },
  {
    "Id": 11060305,
    "ItemId": 0,
    "Type": 3,
    "Title": "InfoDisplay_11060305_Title",
    "Text": "InfoDisplay_11060305_Text",
    "Picture": "",
    "Audio": "",
    "Background": ""
  },
  {
    "Id": 11050101,
    "ItemId": 0,
    "Type": 3,
    "Title": "InfoDisplay_11050101_Title",
    "Text": "InfoDisplay_11050101_Text",
    "Picture": "/Game/Aki/UI/UIResources/UiInformation/Image/T_InformationBtu1_UI.T_InformationBtu1_UI",
    "Audio": "",
    "Background": ""
  },
  {
    "Id": 11050102,
    "ItemId": 0,
    "Type": 3,
    "Title": "InfoDisplay_11050102_Title",
    "Text": "InfoDisplay_11050102_Text",
    "Picture": "/Game/Aki/UI/UIResources/UiInformation/Image/T_InformationBtu1_UI.T_InformationBtu1_UI",
    "Audio": "",
    "Background": ""
  },
  {
    "Id": 11050103,
    "ItemId": 0,
    "Type": 3,
    "Title": "InfoDisplay_11050103_Title",
    "Text": "InfoDisplay_11050103_Text",
    "Picture": "/Game/Aki/UI/UIResources/UiInformation/Image/T_InformationBtu1_UI.T_InformationBtu1_UI",
    "Audio": "",
    "Background": ""
  },
  {
    "Id": 11050104,
    "ItemId": 0,
    "Type": 3,
    "Title": "InfoDisplay_11050104_Title",
    "Text": "InfoDisplay_11050104_Text",
    "Picture": "/Game/Aki/UI/UIResources/UiInformation/Image/T_InformationBtu1_UI.T_InformationBtu1_UI",
    "Audio": "",
    "Background": ""
  },
  {
    "Id": 11050105,
    "ItemId": 0,
    "Type": 3,
    "Title": "InfoDisplay_11050105_Title",
    "Text": "InfoDisplay_11050105_Text",
    "Picture": "/Game/Aki/UI/UIResources/UiInformation/Image/T_InformationBtu1_UI.T_InformationBtu1_UI",
    "Audio": "",
    "Background": ""
  },
  {
    "Id": 11050106,
    "ItemId": 0,
    "Type": 4,
    "Title": "InfoDisplay_11050106_Title",
    "Text": "InfoDisplay_11050106_Text",
    "Picture": "/Game/Aki/UI/UIResources/UiInformation/Image/T_InformationBtu1_UI.T_InformationBtu1_UI",
    "Audio": "",
    "Background": ""
  },
  {
    "Id": 11020101,
    "ItemId": 70010002,
    "Type": 3,
    "Title": "InfoDisplay_11020101_Title",
    "Text": "InfoDisplay_11020101_Text",
    "Picture": "",
    "Audio": "",
    "Background": ""
  },
  {
    "Id": 11020102,
    "ItemId": 0,
    "Type": 3,
    "Title": "InfoDisplay_11020102_Title",
    "Text": "InfoDisplay_11020102_Text",
    "Picture": "",
    "Audio": "",
    "Background": ""
  },
  {
    "Id": 11030102,
    "ItemId": 0,
    "Type": 3,
    "Title": "InfoDisplay_11030102_Title",
    "Text": "InfoDisplay_11030102_Text",
    "Picture": "",
    "Audio": "",
    "Background": ""
  },
  {
    "Id": 11030103,
    "ItemId": 0,
    "Type": 3,
    "Title": "InfoDisplay_11030103_Title",
    "Text": "InfoDisplay_11030103_Text",
    "Picture": "",
    "Audio": "",
    "Background": ""
  },
  {
    "Id": 11010108,
    "ItemId": 0,
    "Type": 3,
    "Title": "InfoDisplay_11010108_Title",
    "Text": "InfoDisplay_11010108_Text",
    "Picture": "",
    "Audio": "",
    "Background": ""
  },
  {
    "Id": 11010109,
    "ItemId": 0,
    "Type": 3,
    "Title": "InfoDisplay_11010109_Title",
    "Text": "InfoDisplay_11010109_Text",
    "Picture": "",
    "Audio": "",
    "Background": ""
  },
  {
    "Id": 11010110,
    "ItemId": 0,
    "Type": 3,
    "Title": "InfoDisplay_11010110_Title",
    "Text": "InfoDisplay_11010110_Text",
    "Picture": "",
    "Audio": "",
    "Background": ""
  },
  {
    "Id": 11010111,
    "ItemId": 0,
    "Type": 3,
    "Title": "InfoDisplay_11010111_Title",
    "Text": "InfoDisplay_11010111_Text",
    "Picture": "",
    "Audio": "",
    "Background": ""
  },
  {
    "Id": 102801001,
    "ItemId": 70060001,
    "Type": 3,
    "Title": "InfoDisplay_102801001_Title",
    "Text": "InfoDisplay_102801001_Text",
    "Picture": "",
    "Audio": "",
    "Background": ""
  },
  {
    "Id": 102900001,
    "ItemId": 0,
    "Type": 3,
    "Title": "InfoDisplay_102900001_Title",
    "Text": "InfoDisplay_102900001_Text",
    "Picture": "",
    "Audio": "",
    "Background": ""
  },
  {
    "Id": 102900002,
    "ItemId": 0,
    "Type": 3,
    "Title": "InfoDisplay_102900002_Title",
    "Text": "InfoDisplay_102900002_Text",
    "Picture": "",
    "Audio": "",
    "Background": ""
  },
  {
    "Id": 102900003,
    "ItemId": 0,
    "Type": 3,
    "Title": "InfoDisplay_102900003_Title",
    "Text": "InfoDisplay_102900003_Text",
    "Picture": "",
    "Audio": "",
    "Background": ""
  },
  {
    "Id": 102900004,
    "ItemId": 0,
    "Type": 3,
    "Title": "InfoDisplay_102900004_Title",
    "Text": "InfoDisplay_102900004_Text",
    "Picture": "",
    "Audio": "",
    "Background": ""
  },
  {
    "Id": 102900005,
    "ItemId": 0,
    "Type": 3,
    "Title": "InfoDisplay_102900005_Title",
    "Text": "InfoDisplay_102900005_Text",
    "Picture": "",
    "Audio": "",
    "Background": ""
  },
  {
    "Id": 126000018,
    "ItemId": 0,
    "Type": 3,
    "Title": "InfoDisplay_126000018_Title",
    "Text": "InfoDisplay_126000018_Text",
    "Picture": "",
    "Audio": "",
    "Background": ""
  },
  {
    "Id": 11010112,
    "ItemId": 0,
    "Type": 3,
    "Title": "InfoDisplay_11010112_Title",
    "Text": "InfoDisplay_11010112_Text",
    "Picture": "",
    "Audio": "",
    "Background": ""
  },
  {
    "Id": 102900006,
    "ItemId": 0,
    "Type": 3,
    "Title": "InfoDisplay_102900006_Title",
    "Text": "InfoDisplay_102900006_Text",
    "Picture": "",
    "Audio": "",
    "Background": ""
  },
  {
    "Id": 102900007,
    "ItemId": 0,
    "Type": 3,
    "Title": "InfoDisplay_102900007_Title",
    "Text": "InfoDisplay_102900007_Text",
    "Picture": "",
    "Audio": "",
    "Background": ""
  },
  {
    "Id": 102900008,
    "ItemId": 0,
    "Type": 3,
    "Title": "InfoDisplay_102900008_Title",
    "Text": "InfoDisplay_102900008_Text",
    "Picture": "",
    "Audio": "",
    "Background": ""
  },
  {
    "Id": 102900009,
    "ItemId": 0,
    "Type": 3,
    "Title": "InfoDisplay_102900009_Title",
    "Text": "InfoDisplay_102900009_Text",
    "Picture": "",
    "Audio": "",
    "Background": ""
  },
  {
    "Id": 11020103,
    "ItemId": 0,
    "Type": 3,
    "Title": "InfoDisplay_11020103_Title",
    "Text": "InfoDisplay_11020103_Text",
    "Picture": "",
    "Audio": "",
    "Background": ""
  },
  {
    "Id": 11020104,
    "ItemId": 0,
    "Type": 3,
    "Title": "InfoDisplay_11020104_Title",
    "Text": "InfoDisplay_11020104_Text",
    "Picture": "",
    "Audio": "",
    "Background": ""
  },
  {
    "Id": 11020105,
    "ItemId": 0,
    "Type": 3,
    "Title": "InfoDisplay_11020105_Title",
    "Text": "InfoDisplay_11020105_Text",
    "Picture": "",
    "Audio": "",
    "Background": ""
  },
  {
    "Id": 11020106,
    "ItemId": 0,
    "Type": 3,
    "Title": "InfoDisplay_11020106_Title",
    "Text": "InfoDisplay_11020106_Text",
    "Picture": "",
    "Audio": "",
    "Background": ""
  },
  {
    "Id": 11020107,
    "ItemId": 0,
    "Type": 3,
    "Title": "InfoDisplay_11020107_Title",
    "Text": "InfoDisplay_11020107_Text",
    "Picture": "",
    "Audio": "",
    "Background": ""
  },
  {
    "Id": 11020108,
    "ItemId": 0,
    "Type": 3,
    "Title": "InfoDisplay_11020108_Title",
    "Text": "InfoDisplay_11020108_Text",
    "Picture": "",
    "Audio": "",
    "Background": ""
  },
  {
    "Id": 11020109,
    "ItemId": 0,
    "Type": 3,
    "Title": "InfoDisplay_11020109_Title",
    "Text": "InfoDisplay_11020109_Text",
    "Picture": "",
    "Audio": "",
    "Background": ""
  },
  {
    "Id": 11020110,
    "ItemId": 0,
    "Type": 3,
    "Title": "InfoDisplay_11020110_Title",
    "Text": "InfoDisplay_11020110_Text",
    "Picture": "",
    "Audio": "",
    "Background": ""
  },
  {
    "Id": 11020111,
    "ItemId": 0,
    "Type": 3,
    "Title": "InfoDisplay_11020111_Title",
    "Text": "InfoDisplay_11020111_Text",
    "Picture": "",
    "Audio": "",
    "Background": ""
  },
  {
    "Id": 11020112,
    "ItemId": 0,
    "Type": 3,
    "Title": "InfoDisplay_11020112_Title",
    "Text": "InfoDisplay_11020112_Text",
    "Picture": "",
    "Audio": "",
    "Background": ""
  },
  {
    "Id": 11020113,
    "ItemId": 0,
    "Type": 3,
    "Title": "InfoDisplay_11020113_Title",
    "Text": "InfoDisplay_11020113_Text",
    "Picture": "",
    "Audio": "",
    "Background": ""
  },
  {
    "Id": 11020114,
    "ItemId": 0,
    "Type": 3,
    "Title": "InfoDisplay_11020114_Title",
    "Text": "InfoDisplay_11020114_Text",
    "Picture": "",
    "Audio": "",
    "Background": ""
  },
  {
    "Id": 11020115,
    "ItemId": 0,
    "Type": 3,
    "Title": "InfoDisplay_11020115_Title",
    "Text": "InfoDisplay_11020115_Text",
    "Picture": "",
    "Audio": "",
    "Background": ""
  },
  {
    "Id": 11020116,
    "ItemId": 0,
    "Type": 3,
    "Title": "InfoDisplay_11020116_Title",
    "Text": "InfoDisplay_11020116_Text",
    "Picture": "",
    "Audio": "",
    "Background": ""
  },
  {
    "Id": 11020117,
    "ItemId": 0,
    "Type": 3,
    "Title": "InfoDisplay_11020117_Title",
    "Text": "InfoDisplay_11020117_Text",
    "Picture": "",
    "Audio": "",
    "Background": ""
  },
  {
    "Id": 11020118,
    "ItemId": 0,
    "Type": 3,
    "Title": "InfoDisplay_11020118_Title",
    "Text": "InfoDisplay_11020118_Text",
    "Picture": "",
    "Audio": "",
    "Background": ""
  },
  {
    "Id": 11040112,
    "ItemId": 0,
    "Type": 3,
    "Title": "InfoDisplay_11040112_Title",
    "Text": "InfoDisplay_11040112_Text",
    "Picture": "",
    "Audio": "",
    "Background": ""
  },
  {
    "Id": 11040113,
    "ItemId": 0,
    "Type": 3,
    "Title": "InfoDisplay_11040113_Title",
    "Text": "InfoDisplay_11040113_Text",
    "Picture": "",
    "Audio": "",
    "Background": ""
  },
  {
    "Id": 11040114,
    "ItemId": 0,
    "Type": 3,
    "Title": "InfoDisplay_11040114_Title",
    "Text": "InfoDisplay_11040114_Text",
    "Picture": "",
    "Audio": "",
    "Background": ""
  },
  {
    "Id": 11020119,
    "ItemId": 0,
    "Type": 3,
    "Title": "InfoDisplay_11020119_Title",
    "Text": "InfoDisplay_11020119_Text",
    "Picture": "",
    "Audio": "",
    "Background": ""
  },
  {
    "Id": 102011901,
    "ItemId": 70010057,
    "Type": 3,
    "Title": "InfoDisplay_102011901_Title",
    "Text": "InfoDisplay_102011901_Text",
    "Picture": "",
    "Audio": "",
    "Background": ""
  },
  {
    "Id": 11020120,
    "ItemId": 0,
    "Type": 3,
    "Title": "InfoDisplay_11020120_Title",
    "Text": "InfoDisplay_11020120_Text",
    "Picture": "",
    "Audio": "",
    "Background": ""
  },
  {
    "Id": 11040115,
    "ItemId": 0,
    "Type": 3,
    "Title": "InfoDisplay_11040115_Title",
    "Text": "InfoDisplay_11040115_Text",
    "Picture": "",
    "Audio": "",
    "Background": ""
  },
  {
    "Id": 11100001,
    "ItemId": 70060002,
    "Type": 2,
    "Title": "InfoDisplay_11100001_Title",
    "Text": "InfoDisplay_11100001_Text",
    "Picture": "/Game/Aki/UI/UIResources/UiInformation/Image/T_InformationJianbihua_UI.T_InformationJianbihua_UI",
    "Audio": "",
    "Background": ""
  },
  {
    "Id": 11100002,
    "ItemId": 0,
    "Type": 3,
    "Title": "InfoDisplay_11100002_Title",
    "Text": "InfoDisplay_11100002_Text",
    "Picture": "",
    "Audio": "",
    "Background": ""
  },
  {
    "Id": 11020121,
    "ItemId": 0,
    "Type": 3,
    "Title": "InfoDisplay_11020121_Title",
    "Text": "InfoDisplay_11020121_Text",
    "Picture": "",
    "Audio": "",
    "Background": ""
  },
  {
    "Id": 102001301,
    "ItemId": 0,
    "Type": 3,
    "Title": "InfoDisplay_102001301_Title",
    "Text": "InfoDisplay_102001301_Text",
    "Picture": "",
    "Audio": "",
    "Background": ""
  },
  {
    "Id": 11090101,
    "ItemId": 0,
    "Type": 3,
    "Title": "InfoDisplay_11090101_Title",
    "Text": "InfoDisplay_11090101_Text",
    "Picture": "",
    "Audio": "",
    "Background": ""
  },
  {
    "Id": 11090102,
    "ItemId": 0,
    "Type": 3,
    "Title": "InfoDisplay_11090102_Title",
    "Text": "InfoDisplay_11090102_Text",
    "Picture": "",
    "Audio": "",
    "Background": ""
  },
  {
    "Id": 11090103,
    "ItemId": 0,
    "Type": 3,
    "Title": "InfoDisplay_11090103_Title",
    "Text": "InfoDisplay_11090103_Text",
    "Picture": "",
    "Audio": "",
    "Background": ""
  },
  {
    "Id": 11090104,
    "ItemId": 0,
    "Type": 3,
    "Title": "InfoDisplay_11090104_Title",
    "Text": "InfoDisplay_11090104_Text",
    "Picture": "",
    "Audio": "",
    "Background": ""
  },
  {
    "Id": 102801002,
    "ItemId": 70060005,
    "Type": 3,
    "Title": "InfoDisplay_102801002_Title",
    "Text": "InfoDisplay_102801002_Text",
    "Picture": "",
    "Audio": "",
    "Background": ""
  },
  {
    "Id": 11040116,
    "ItemId": 70010013,
    "Type": 3,
    "Title": "InfoDisplay_11040116_Title",
    "Text": "InfoDisplay_11040116_Text",
    "Picture": "",
    "Audio": "",
    "Background": ""
  },
  {
    "Id": 11010113,
    "ItemId": 0,
    "Type": 3,
    "Title": "InfoDisplay_11010113_Title",
    "Text": "InfoDisplay_11010113_Text",
    "Picture": "",
    "Audio": "",
    "Background": ""
  },
  {
    "Id": 11890101,
    "ItemId": 0,
    "Type": 3,
    "Title": "InfoDisplay_11890101_Title",
    "Text": "InfoDisplay_11890101_Text",
    "Picture": "",
    "Audio": "",
    "Background": ""
  },
  {
    "Id": 11890102,
    "ItemId": 0,
    "Type": 3,
    "Title": "InfoDisplay_11890102_Title",
    "Text": "InfoDisplay_11890102_Text",
    "Picture": "",
    "Audio": "",
    "Background": ""
  },
  {
    "Id": 102900010,
    "ItemId": 0,
    "Type": 3,
    "Title": "InfoDisplay_102900010_Title",
    "Text": "InfoDisplay_102900010_Text",
    "Picture": "",
    "Audio": "",
    "Background": ""
  },
  {
    "Id": 102900011,
    "ItemId": 0,
    "Type": 3,
    "Title": "InfoDisplay_102900011_Title",
    "Text": "InfoDisplay_102900011_Text",
    "Picture": "",
    "Audio": "",
    "Background": ""
  },
  {
    "Id": 102900012,
    "ItemId": 0,
    "Type": 3,
    "Title": "InfoDisplay_102900012_Title",
    "Text": "InfoDisplay_102900012_Text",
    "Picture": "",
    "Audio": "",
    "Background": ""
  },
  {
    "Id": 102900013,
    "ItemId": 0,
    "Type": 3,
    "Title": "InfoDisplay_102900013_Title",
    "Text": "InfoDisplay_102900013_Text",
    "Picture": "",
    "Audio": "",
    "Background": ""
  },
  {
    "Id": 102900014,
    "ItemId": 0,
    "Type": 3,
    "Title": "InfoDisplay_102900014_Title",
    "Text": "InfoDisplay_102900014_Text",
    "Picture": "",
    "Audio": "",
    "Background": ""
  },
  {
    "Id": 11020122,
    "ItemId": 0,
    "Type": 3,
    "Title": "InfoDisplay_11020122_Title",
    "Text": "InfoDisplay_11020122_Text",
    "Picture": "",
    "Audio": "",
    "Background": ""
  },
  {
    "Id": 11020123,
    "ItemId": 0,
    "Type": 3,
    "Title": "InfoDisplay_11020123_Title",
    "Text": "InfoDisplay_11020123_Text",
    "Picture": "",
    "Audio": "",
    "Background": ""
  },
  {
    "Id": 11020124,
    "ItemId": 0,
    "Type": 3,
    "Title": "InfoDisplay_11020124_Title",
    "Text": "InfoDisplay_11020124_Text",
    "Picture": "",
    "Audio": "",
    "Background": ""
  },
  {
    "Id": 11020125,
    "ItemId": 0,
    "Type": 3,
    "Title": "InfoDisplay_11020125_Title",
    "Text": "InfoDisplay_11020125_Text",
    "Picture": "",
    "Audio": "",
    "Background": ""
  },
  {
    "Id": 11020126,
    "ItemId": 0,
    "Type": 3,
    "Title": "InfoDisplay_11020126_Title",
    "Text": "InfoDisplay_11020126_Text",
    "Picture": "",
    "Audio": "",
    "Background": ""
  },
  {
    "Id": 11020127,
    "ItemId": 0,
    "Type": 3,
    "Title": "InfoDisplay_11020127_Title",
    "Text": "InfoDisplay_11020127_Text",
    "Picture": "",
    "Audio": "",
    "Background": ""
  },
  {
    "Id": 101120101,
    "ItemId": 70120001,
    "Type": 2,
    "Title": "InfoDisplay_101120101_Title",
    "Text": "InfoDisplay_101120101_Text",
    "Picture": "/Game/Aki/UI/UIResources/UiInformation/Image/T_InformationXingxingditu_UI.T_InformationXingxingditu_UI",
    "Audio": "",
    "Background": ""
  },
  {
    "Id": 101120102,
    "ItemId": 70120002,
    "Type": 2,
    "Title": "InfoDisplay_101120102_Title",
    "Text": "InfoDisplay_101120102_Text",
    "Picture": "/Game/Aki/UI/UIResources/UiInformation/Image/T_InformationXingxingditu_UI.T_InformationXingxingditu_UI",
    "Audio": "",
    "Background": ""
  },
  {
    "Id": 101120103,
    "ItemId": 70120003,
    "Type": 2,
    "Title": "InfoDisplay_101120103_Title",
    "Text": "InfoDisplay_101120103_Text",
    "Picture": "/Game/Aki/UI/UIResources/UiInformation/Image/T_InformationXingxingditu_UI.T_InformationXingxingditu_UI",
    "Audio": "",
    "Background": ""
  },
  {
    "Id": 101120104,
    "ItemId": 70120004,
    "Type": 1,
    "Title": "InfoDisplay_101120104_Title",
    "Text": "InfoDisplay_101120104_Text",
    "Picture": "/Game/Aki/UI/UIResources/UiInformation/Image/T_InformationXingxingditu_UI.T_InformationXingxingditu_UI",
    "Audio": "",
    "Background": ""
  },
  {
    "Id": 101120105,
    "ItemId": 70120005,
    "Type": 1,
    "Title": "InfoDisplay_101120105_Title",
    "Text": "InfoDisplay_101120105_Text",
    "Picture": "/Game/Aki/UI/UIResources/UiInformation/Image/T_InformationXingxingditu_UI.T_InformationXingxingditu_UI",
    "Audio": "",
    "Background": ""
  },
  {
    "Id": 126000019,
    "ItemId": 0,
    "Type": 3,
    "Title": "InfoDisplay_126000019_Title",
    "Text": "InfoDisplay_126000019_Text",
    "Picture": "",
    "Audio": "",
    "Background": ""
  },
  {
    "Id": 101400000,
    "ItemId": 0,
    "Type": 3,
    "Title": "InfoDisplay_101400000_Title",
    "Text": "InfoDisplay_101400000_Text",
    "Picture": "",
    "Audio": "",
    "Background": ""
  },
  {
    "Id": 31000010,
    "ItemId": 31000010,
    "Type": 3,
    "Title": "InfoDisplay_31000010_Title",
    "Text": "InfoDisplay_31000010_Text",
    "Picture": "",
    "Audio": "",
    "Background": ""
  },
  {
    "Id": 11040117,
    "ItemId": 70130002,
    "Type": 2,
    "Title": "InfoDisplay_11040117_Title",
    "Text": "InfoDisplay_11040117_Text",
    "Picture": "/Game/Aki/UI/UIResources/UiInformation/Image/T_InformationJiyan3_UI.T_InformationJiyan3_UI",
    "Audio": "",
    "Background": ""
  },
  {
    "Id": 11040118,
    "ItemId": 70130003,
    "Type": 2,
    "Title": "InfoDisplay_11040117_Title",
    "Text": "InfoDisplay_11040117_Text",
    "Picture": "/Game/Aki/UI/UIResources/UiInformation/Image/T_InformationJiyan2_UI.T_InformationJiyan2_UI",
    "Audio": "",
    "Background": ""
  },
  {
    "Id": 104122501,
    "ItemId": 0,
    "Type": 1,
    "Title": "InfoDisplay_104122501_Title",
    "Text": "InfoDisplay_104122501_Text",
    "Picture": "/Game/Aki/UI/UIResources/UiInformation/Image/T_InformationLiaozhaoqishi_UI.T_InformationLiaozhaoqishi_UI",
    "Audio": "",
    "Background": ""
  },
  {
    "Id": 11890103,
    "ItemId": 0,
    "Type": 3,
    "Title": "InfoDisplay_11890103_Title",
    "Text": "InfoDisplay_11890103_Text",
    "Picture": "",
    "Audio": "",
    "Background": ""
  },
  {
    "Id": 11890104,
    "ItemId": 0,
    "Type": 3,
    "Title": "InfoDisplay_11890104_Title",
    "Text": "InfoDisplay_11890104_Text",
    "Picture": "",
    "Audio": "",
    "Background": ""
  },
  {
    "Id": 11890105,
    "ItemId": 0,
    "Type": 3,
    "Title": "InfoDisplay_11890105_Title",
    "Text": "InfoDisplay_11890105_Text",
    "Picture": "",
    "Audio": "",
    "Background": ""
  },
  {
    "Id": 11890106,
    "ItemId": 0,
    "Type": 3,
    "Title": "InfoDisplay_11890106_Title",
    "Text": "InfoDisplay_11890106_Text",
    "Picture": "",
    "Audio": "",
    "Background": ""
  },
  {
    "Id": 31000011,
    "ItemId": 0,
    "Type": 3,
    "Title": "InfoDisplay_31000011_Title",
    "Text": "InfoDisplay_31000011_Text",
    "Picture": "",
    "Audio": "",
    "Background": ""
  },
  {
    "Id": 31000012,
    "ItemId": 0,
    "Type": 3,
    "Title": "InfoDisplay_31000012_Title",
    "Text": "InfoDisplay_31000012_Text",
    "Picture": "",
    "Audio": "",
    "Background": ""
  },
  {
    "Id": 31000013,
    "ItemId": 0,
    "Type": 3,
    "Title": "InfoDisplay_31000013_Title",
    "Text": "InfoDisplay_31000013_Text",
    "Picture": "",
    "Audio": "",
    "Background": ""
  },
  {
    "Id": 31000014,
    "ItemId": 0,
    "Type": 3,
    "Title": "InfoDisplay_31000014_Title",
    "Text": "InfoDisplay_31000014_Text",
    "Picture": "",
    "Audio": "",
    "Background": ""
  },
  {
    "Id": 11010114,
    "ItemId": 0,
    "Type": 3,
    "Title": "InfoDisplay_11010114_Title",
    "Text": "InfoDisplay_11010114_Text",
    "Picture": "",
    "Audio": "",
    "Background": ""
  },
  {
    "Id": 11010115,
    "ItemId": 0,
    "Type": 3,
    "Title": "InfoDisplay_11010115_Title",
    "Text": "InfoDisplay_11010115_Text",
    "Picture": "",
    "Audio": "",
    "Background": ""
  },
  {
    "Id": 102142001,
    "ItemId": 70050017,
    "Type": 3,
    "Title": "InfoDisplay_102142001_Title",
    "Text": "InfoDisplay_102142001_Text",
    "Picture": "",
    "Audio": "",
    "Background": ""
  },
  {
    "Id": 31000015,
    "ItemId": 0,
    "Type": 3,
    "Title": "InfoDisplay_31000015_Title",
    "Text": "InfoDisplay_31000015_Text",
    "Picture": "",
    "Audio": "",
    "Background": ""
  },
  {
    "Id": 31000016,
    "ItemId": 0,
    "Type": 3,
    "Title": "InfoDisplay_31000016_Title",
    "Text": "InfoDisplay_31000016_Text",
    "Picture": "",
    "Audio": "",
    "Background": ""
  },
  {
    "Id": 31000017,
    "ItemId": 0,
    "Type": 3,
    "Title": "InfoDisplay_31000017_Title",
    "Text": "InfoDisplay_31000017_Text",
    "Picture": "",
    "Audio": "",
    "Background": ""
  },
  {
    "Id": 31000018,
    "ItemId": 0,
    "Type": 3,
    "Title": "InfoDisplay_31000018_Title",
    "Text": "InfoDisplay_31000018_Text",
    "Picture": "",
    "Audio": "",
    "Background": ""
  },
  {
    "Id": 31000019,
    "ItemId": 0,
    "Type": 3,
    "Title": "InfoDisplay_31000019_Title",
    "Text": "InfoDisplay_31000019_Text",
    "Picture": "",
    "Audio": "",
    "Background": ""
  },
  {
    "Id": 31000020,
    "ItemId": 0,
    "Type": 3,
    "Title": "InfoDisplay_31000020_Title",
    "Text": "InfoDisplay_31000020_Text",
    "Picture": "",
    "Audio": "",
    "Background": ""
  },
  {
    "Id": 31000021,
    "ItemId": 0,
    "Type": 3,
    "Title": "InfoDisplay_31000021_Title",
    "Text": "InfoDisplay_31000021_Text",
    "Picture": "",
    "Audio": "",
    "Background": ""
  },
  {
    "Id": 31000022,
    "ItemId": 0,
    "Type": 3,
    "Title": "InfoDisplay_31000022_Title",
    "Text": "InfoDisplay_31000022_Text",
    "Picture": "",
    "Audio": "",
    "Background": ""
  },
  {
    "Id": 31000023,
    "ItemId": 0,
    "Type": 3,
    "Title": "InfoDisplay_31000023_Title",
    "Text": "InfoDisplay_31000023_Text",
    "Picture": "",
    "Audio": "",
    "Background": ""
  },
  {
    "Id": 104134000,
    "ItemId": 0,
    "Type": 3,
    "Title": "InfoDisplay_104134000_Title",
    "Text": "InfoDisplay_104134000_Text",
    "Picture": "",
    "Audio": "",
    "Background": ""
  },
  {
    "Id": 104134001,
    "ItemId": 0,
    "Type": 3,
    "Title": "InfoDisplay_104134001_Title",
    "Text": "InfoDisplay_104134001_Text",
    "Picture": "",
    "Audio": "",
    "Background": ""
  },
  {
    "Id": 104134002,
    "ItemId": 0,
    "Type": 3,
    "Title": "InfoDisplay_104134002_Title",
    "Text": "InfoDisplay_104134002_Text",
    "Picture": "",
    "Audio": "",
    "Background": ""
  },
  {
    "Id": 101400001,
    "ItemId": 0,
    "Type": 3,
    "Title": "InfoDisplay_101400001_Title",
    "Text": "InfoDisplay_101400001_Text",
    "Picture": "",
    "Audio": "",
    "Background": ""
  },
  {
    "Id": 101400002,
    "ItemId": 0,
    "Type": 3,
    "Title": "InfoDisplay_101400002_Title",
    "Text": "InfoDisplay_101400002_Text",
    "Picture": "",
    "Audio": "",
    "Background": ""
  },
  {
    "Id": 101400003,
    "ItemId": 0,
    "Type": 3,
    "Title": "InfoDisplay_101400003_Title",
    "Text": "InfoDisplay_101400003_Text",
    "Picture": "",
    "Audio": "",
    "Background": ""
  },
  {
    "Id": 101400004,
    "ItemId": 0,
    "Type": 3,
    "Title": "InfoDisplay_101400004_Title",
    "Text": "InfoDisplay_101400004_Text",
    "Picture": "",
    "Audio": "",
    "Background": ""
  },
  {
    "Id": 101400005,
    "ItemId": 0,
    "Type": 3,
    "Title": "InfoDisplay_101400005_Title",
    "Text": "InfoDisplay_101400005_Text",
    "Picture": "",
    "Audio": "",
    "Background": ""
  },
  {
    "Id": 11060306,
    "ItemId": 0,
    "Type": 3,
    "Title": "InfoDisplay_11060306_Title",
    "Text": "InfoDisplay_11060306_Text",
    "Picture": "",
    "Audio": "",
    "Background": ""
  },
  {
    "Id": 101400006,
    "ItemId": 0,
    "Type": 1,
    "Title": "InfoDisplay_101400006_Title",
    "Text": "InfoDisplay_101400006_Text",
    "Picture": "/Game/Aki/UI/UIResources/UiInformation/Image/T_InformationA01.T_InformationA01",
    "Audio": "",
    "Background": ""
  },
  {
    "Id": 101400007,
    "ItemId": 0,
    "Type": 3,
    "Title": "InfoDisplay_101400007_Title",
    "Text": "InfoDisplay_101400007_Text",
    "Picture": "",
    "Audio": "",
    "Background": ""
  },
  {
    "Id": 101400008,
    "ItemId": 0,
    "Type": 3,
    "Title": "InfoDisplay_101400008_Title",
    "Text": "InfoDisplay_101400008_Text",
    "Picture": "",
    "Audio": "",
    "Background": ""
  },
  {
    "Id": 101400009,
    "ItemId": 0,
    "Type": 3,
    "Title": "InfoDisplay_101400009_Title",
    "Text": "InfoDisplay_101400009_Text",
    "Picture": "",
    "Audio": "",
    "Background": ""
  },
  {
    "Id": 11040119,
    "ItemId": 0,
    "Type": 3,
    "Title": "InfoDisplay_11040119_Title",
    "Text": "InfoDisplay_11040119_Text",
    "Picture": "",
    "Audio": "",
    "Background": ""
  },
  {
    "Id": 11060307,
    "ItemId": 0,
    "Type": 3,
    "Title": "InfoDisplay_11060307_Title",
    "Text": "InfoDisplay_11060307_Text",
    "Picture": "",
    "Audio": "",
    "Background": ""
  },
  {
    "Id": 11040120,
    "ItemId": 0,
    "Type": 3,
    "Title": "InfoDisplay_11040120_Title",
    "Text": "InfoDisplay_11040120_Text",
    "Picture": "",
    "Audio": "",
    "Background": ""
  },
  {
    "Id": 31000031,
    "ItemId": 0,
    "Type": 3,
    "Title": "InfoDisplay_31000031_Title",
    "Text": "InfoDisplay_31000031_Text",
    "Picture": "",
    "Audio": "",
    "Background": ""
  },
  {
    "Id": 31000032,
    "ItemId": 31000032,
    "Type": 3,
    "Title": "InfoDisplay_31000032_Title",
    "Text": "InfoDisplay_31000032_Text",
    "Picture": "",
    "Audio": "",
    "Background": ""
  },
  {
    "Id": 31000033,
    "ItemId": 31000033,
    "Type": 3,
    "Title": "InfoDisplay_31000033_Title",
    "Text": "InfoDisplay_31000033_Text",
    "Picture": "",
    "Audio": "",
    "Background": ""
  },
  {
    "Id": 31000034,
    "ItemId": 31000034,
    "Type": 3,
    "Title": "InfoDisplay_31000034_Title",
    "Text": "InfoDisplay_31000034_Text",
    "Picture": "",
    "Audio": "",
    "Background": ""
  },
  {
    "Id": 11040121,
    "ItemId": 0,
    "Type": 3,
    "Title": "InfoDisplay_11040121_Title",
    "Text": "InfoDisplay_11040121_Text",
    "Picture": "",
    "Audio": "",
    "Background": ""
  },
  {
    "Id": 11040122,
    "ItemId": 0,
    "Type": 3,
    "Title": "InfoDisplay_11040122_Title",
    "Text": "InfoDisplay_11040122_Text",
    "Picture": "",
    "Audio": "",
    "Background": ""
  },
  {
    "Id": 11040123,
    "ItemId": 0,
    "Type": 3,
    "Title": "InfoDisplay_11040123_Title",
    "Text": "InfoDisplay_11040123_Text",
    "Picture": "",
    "Audio": "",
    "Background": ""
  },
  {
    "Id": 11040124,
    "ItemId": 0,
    "Type": 3,
    "Title": "InfoDisplay_11040124_Title",
    "Text": "InfoDisplay_11040124_Text",
    "Picture": "",
    "Audio": "",
    "Background": ""
  },
  {
    "Id": 11040125,
    "ItemId": 0,
    "Type": 3,
    "Title": "InfoDisplay_11040125_Title",
    "Text": "InfoDisplay_11040125_Text",
    "Picture": "",
    "Audio": "",
    "Background": ""
  },
  {
    "Id": 11040126,
    "ItemId": 0,
    "Type": 3,
    "Title": "InfoDisplay_11040126_Title",
    "Text": "InfoDisplay_11040126_Text",
    "Picture": "",
    "Audio": "",
    "Background": ""
  },
  {
    "Id": 11040127,
    "ItemId": 0,
    "Type": 3,
    "Title": "InfoDisplay_11040127_Title",
    "Text": "InfoDisplay_11040127_Text",
    "Picture": "",
    "Audio": "",
    "Background": ""
  },
  {
    "Id": 11040128,
    "ItemId": 0,
    "Type": 3,
    "Title": "InfoDisplay_11040128_Title",
    "Text": "InfoDisplay_11040128_Text",
    "Picture": "",
    "Audio": "",
    "Background": ""
  },
  {
    "Id": 101400011,
    "ItemId": 0,
    "Type": 3,
    "Title": "InfoDisplay_101400011_Title",
    "Text": "InfoDisplay_101400011_Text",
    "Picture": "",
    "Audio": "",
    "Background": ""
  },
  {
    "Id": 101400012,
    "ItemId": 0,
    "Type": 3,
    "Title": "InfoDisplay_101400012_Title",
    "Text": "InfoDisplay_101400012_Text",
    "Picture": "",
    "Audio": "",
    "Background": ""
  },
  {
    "Id": 10900002,
    "ItemId": 0,
    "Type": 3,
    "Title": "InfoDisplay_10900002_Title",
    "Text": "InfoDisplay_10900002_Text",
    "Picture": "",
    "Audio": "",
    "Background": ""
  },
  {
    "Id": 102801003,
    "ItemId": 70060012,
    "Type": 2,
    "Title": "InfoDisplay_102801003_Title",
    "Text": "InfoDisplay_102801003_Text",
    "Picture": "/Game/Aki/UI/UIResources/UiInformation/Image/T_Informationcangbaotu01_UI.T_Informationcangbaotu01_UI",
    "Audio": "",
    "Background": ""
  },
  {
    "Id": 102801004,
    "ItemId": 70060013,
    "Type": 2,
    "Title": "InfoDisplay_102801004_Title",
    "Text": "InfoDisplay_102801004_Text",
    "Picture": "/Game/Aki/UI/UIResources/UiInformation/Image/T_Informationcangbaotu02_UI.T_Informationcangbaotu02_UI",
    "Audio": "",
    "Background": ""
  },
  {
    "Id": 102801005,
    "ItemId": 70060014,
    "Type": 2,
    "Title": "InfoDisplay_102801005_Title",
    "Text": "InfoDisplay_102801005_Text",
    "Picture": "/Game/Aki/UI/UIResources/UiInformation/Image/T_Informationcangbaotu03_UI.T_Informationcangbaotu03_UI",
    "Audio": "",
    "Background": ""
  },
  {
    "Id": 102801006,
    "ItemId": 0,
    "Type": 3,
    "Title": "InfoDisplay_102801006_Title",
    "Text": "InfoDisplay_102801006_Text",
    "Picture": "",
    "Audio": "",
    "Background": ""
  },
  {
    "Id": 11040129,
    "ItemId": 0,
    "Type": 3,
    "Title": "InfoDisplay_11040129_Title",
    "Text": "InfoDisplay_11040129_Text",
    "Picture": "",
    "Audio": "",
    "Background": ""
  },
  {
    "Id": 11040130,
    "ItemId": 0,
    "Type": 3,
    "Title": "InfoDisplay_11040130_Title",
    "Text": "InfoDisplay_11040130_Text",
    "Picture": "",
    "Audio": "",
    "Background": ""
  },
  {
    "Id": 11040131,
    "ItemId": 0,
    "Type": 3,
    "Title": "InfoDisplay_11040131_Title",
    "Text": "InfoDisplay_11040131_Text",
    "Picture": "",
    "Audio": "",
    "Background": ""
  },
  {
    "Id": 11040132,
    "ItemId": 0,
    "Type": 3,
    "Title": "InfoDisplay_11040132_Title",
    "Text": "InfoDisplay_11040132_Text",
    "Picture": "",
    "Audio": "",
    "Background": ""
  },
  {
    "Id": 11040133,
    "ItemId": 0,
    "Type": 3,
    "Title": "InfoDisplay_11040133_Title",
    "Text": "InfoDisplay_11040133_Text",
    "Picture": "",
    "Audio": "",
    "Background": ""
  },
  {
    "Id": 11040134,
    "ItemId": 0,
    "Type": 3,
    "Title": "InfoDisplay_11040134_Title",
    "Text": "InfoDisplay_11040134_Text",
    "Picture": "",
    "Audio": "",
    "Background": ""
  },
  {
    "Id": 11040135,
    "ItemId": 0,
    "Type": 3,
    "Title": "InfoDisplay_11040135_Title",
    "Text": "InfoDisplay_11040135_Text",
    "Picture": "",
    "Audio": "",
    "Background": ""
  },
  {
    "Id": 11040136,
    "ItemId": 0,
    "Type": 3,
    "Title": "InfoDisplay_11040136_Title",
    "Text": "InfoDisplay_11040136_Text",
    "Picture": "",
    "Audio": "",
    "Background": ""
  },
  {
    "Id": 11040137,
    "ItemId": 0,
    "Type": 3,
    "Title": "InfoDisplay_11040137_Title",
    "Text": "InfoDisplay_11040137_Text",
    "Picture": "",
    "Audio": "",
    "Background": ""
  },
  {
    "Id": 11040138,
    "ItemId": 0,
    "Type": 3,
    "Title": "InfoDisplay_11040138_Title",
    "Text": "InfoDisplay_11040138_Text",
    "Picture": "",
    "Audio": "",
    "Background": ""
  },
  {
    "Id": 11040139,
    "ItemId": 0,
    "Type": 3,
    "Title": "InfoDisplay_11040139_Title",
    "Text": "InfoDisplay_11040139_Text",
    "Picture": "",
    "Audio": "",
    "Background": ""
  },
  {
    "Id": 11040140,
    "ItemId": 0,
    "Type": 3,
    "Title": "InfoDisplay_11040140_Title",
    "Text": "InfoDisplay_11040140_Text",
    "Picture": "",
    "Audio": "",
    "Background": ""
  },
  {
    "Id": 11040141,
    "ItemId": 0,
    "Type": 3,
    "Title": "InfoDisplay_11040141_Title",
    "Text": "InfoDisplay_11040141_Text",
    "Picture": "",
    "Audio": "",
    "Background": ""
  },
  {
    "Id": 11040142,
    "ItemId": 0,
    "Type": 3,
    "Title": "InfoDisplay_11040142_Title",
    "Text": "InfoDisplay_11040142_Text",
    "Picture": "",
    "Audio": "",
    "Background": ""
  },
  {
    "Id": 11040143,
    "ItemId": 0,
    "Type": 3,
    "Title": "InfoDisplay_11040143_Title",
    "Text": "InfoDisplay_11040143_Text",
    "Picture": "",
    "Audio": "",
    "Background": ""
  },
  {
    "Id": 11040144,
    "ItemId": 0,
    "Type": 3,
    "Title": "InfoDisplay_11040144_Title",
    "Text": "InfoDisplay_11040144_Text",
    "Picture": "",
    "Audio": "",
    "Background": ""
  },
  {
    "Id": 11040145,
    "ItemId": 0,
    "Type": 3,
    "Title": "InfoDisplay_11040145_Title",
    "Text": "InfoDisplay_11040145_Text",
    "Picture": "",
    "Audio": "",
    "Background": ""
  },
  {
    "Id": 11040146,
    "ItemId": 0,
    "Type": 3,
    "Title": "InfoDisplay_11040146_Title",
    "Text": "InfoDisplay_11040146_Text",
    "Picture": "",
    "Audio": "",
    "Background": ""
  },
  {
    "Id": 11040147,
    "ItemId": 0,
    "Type": 3,
    "Title": "InfoDisplay_11040147_Title",
    "Text": "InfoDisplay_11040147_Text",
    "Picture": "",
    "Audio": "",
    "Background": ""
  },
  {
    "Id": 11040148,
    "ItemId": 0,
    "Type": 3,
    "Title": "InfoDisplay_11040148_Title",
    "Text": "InfoDisplay_11040148_Text",
    "Picture": "",
    "Audio": "",
    "Background": ""
  },
  {
    "Id": 11040149,
    "ItemId": 0,
    "Type": 3,
    "Title": "InfoDisplay_11040149_Title",
    "Text": "InfoDisplay_11040149_Text",
    "Picture": "",
    "Audio": "",
    "Background": ""
  },
  {
    "Id": 11040150,
    "ItemId": 0,
    "Type": 3,
    "Title": "InfoDisplay_11040150_Title",
    "Text": "InfoDisplay_11040150_Text",
    "Picture": "",
    "Audio": "",
    "Background": ""
  },
  {
    "Id": 11040151,
    "ItemId": 0,
    "Type": 3,
    "Title": "InfoDisplay_11040151_Title",
    "Text": "InfoDisplay_11040151_Text",
    "Picture": "",
    "Audio": "",
    "Background": ""
  },
  {
    "Id": 11040152,
    "ItemId": 0,
    "Type": 3,
    "Title": "InfoDisplay_11040152_Title",
    "Text": "InfoDisplay_11040152_Text",
    "Picture": "",
    "Audio": "",
    "Background": ""
  },
  {
    "Id": 11040153,
    "ItemId": 0,
    "Type": 3,
    "Title": "InfoDisplay_11040153_Title",
    "Text": "InfoDisplay_11040153_Text",
    "Picture": "",
    "Audio": "",
    "Background": ""
  },
  {
    "Id": 11040154,
    "ItemId": 0,
    "Type": 3,
    "Title": "InfoDisplay_11040154_Title",
    "Text": "InfoDisplay_11040154_Text",
    "Picture": "",
    "Audio": "",
    "Background": ""
  },
  {
    "Id": 11040155,
    "ItemId": 0,
    "Type": 3,
    "Title": "InfoDisplay_11040155_Title",
    "Text": "InfoDisplay_11040155_Text",
    "Picture": "",
    "Audio": "",
    "Background": ""
  },
  {
    "Id": 11040156,
    "ItemId": 0,
    "Type": 3,
    "Title": "InfoDisplay_11040156_Title",
    "Text": "InfoDisplay_11040156_Text",
    "Picture": "",
    "Audio": "",
    "Background": ""
  },
  {
    "Id": 11040157,
    "ItemId": 0,
    "Type": 3,
    "Title": "InfoDisplay_11040157_Title",
    "Text": "InfoDisplay_11040157_Text",
    "Picture": "",
    "Audio": "",
    "Background": ""
  },
  {
    "Id": 11040158,
    "ItemId": 0,
    "Type": 3,
    "Title": "InfoDisplay_11040158_Title",
    "Text": "InfoDisplay_11040158_Text",
    "Picture": "",
    "Audio": "",
    "Background": ""
  },
  {
    "Id": 11040159,
    "ItemId": 0,
    "Type": 3,
    "Title": "InfoDisplay_11040159_Title",
    "Text": "InfoDisplay_11040159_Text",
    "Picture": "",
    "Audio": "",
    "Background": ""
  },
  {
    "Id": 11040160,
    "ItemId": 0,
    "Type": 3,
    "Title": "InfoDisplay_11040160_Title",
    "Text": "InfoDisplay_11040160_Text",
    "Picture": "",
    "Audio": "",
    "Background": ""
  },
  {
    "Id": 11040161,
    "ItemId": 0,
    "Type": 3,
    "Title": "InfoDisplay_11040161_Title",
    "Text": "InfoDisplay_11040161_Text",
    "Picture": "",
    "Audio": "",
    "Background": ""
  },
  {
    "Id": 11040162,
    "ItemId": 0,
    "Type": 3,
    "Title": "InfoDisplay_11040162_Title",
    "Text": "InfoDisplay_11040162_Text",
    "Picture": "",
    "Audio": "",
    "Background": ""
  },
  {
    "Id": 11040163,
    "ItemId": 0,
    "Type": 3,
    "Title": "InfoDisplay_11040163_Title",
    "Text": "InfoDisplay_11040163_Text",
    "Picture": "",
    "Audio": "",
    "Background": ""
  },
  {
    "Id": 11040164,
    "ItemId": 0,
    "Type": 3,
    "Title": "InfoDisplay_11040164_Title",
    "Text": "InfoDisplay_11040164_Text",
    "Picture": "",
    "Audio": "",
    "Background": ""
  },
  {
    "Id": 11040165,
    "ItemId": 0,
    "Type": 3,
    "Title": "InfoDisplay_11040165_Title",
    "Text": "InfoDisplay_11040165_Text",
    "Picture": "",
    "Audio": "",
    "Background": ""
  },
  {
    "Id": 11040166,
    "ItemId": 0,
    "Type": 3,
    "Title": "InfoDisplay_11040166_Title",
    "Text": "InfoDisplay_11040166_Text",
    "Picture": "",
    "Audio": "",
    "Background": ""
  },
  {
    "Id": 11040167,
    "ItemId": 0,
    "Type": 3,
    "Title": "InfoDisplay_11040167_Title",
    "Text": "InfoDisplay_11040167_Text",
    "Picture": "",
    "Audio": "",
    "Background": ""
  },
  {
    "Id": 11040168,
    "ItemId": 0,
    "Type": 3,
    "Title": "InfoDisplay_11040168_Title",
    "Text": "InfoDisplay_11040168_Text",
    "Picture": "",
    "Audio": "",
    "Background": ""
  },
  {
    "Id": 11040169,
    "ItemId": 0,
    "Type": 3,
    "Title": "InfoDisplay_11040169_Title",
    "Text": "InfoDisplay_11040169_Text",
    "Picture": "",
    "Audio": "",
    "Background": ""
  },
  {
    "Id": 11040170,
    "ItemId": 0,
    "Type": 3,
    "Title": "InfoDisplay_11040170_Title",
    "Text": "InfoDisplay_11040170_Text",
    "Picture": "",
    "Audio": "",
    "Background": ""
  },
  {
    "Id": 11040171,
    "ItemId": 0,
    "Type": 3,
    "Title": "InfoDisplay_11040171_Title",
    "Text": "InfoDisplay_11040171_Text",
    "Picture": "",
    "Audio": "",
    "Background": ""
  },
  {
    "Id": 11040172,
    "ItemId": 0,
    "Type": 3,
    "Title": "InfoDisplay_11040172_Title",
    "Text": "InfoDisplay_11040172_Text",
    "Picture": "",
    "Audio": "",
    "Background": ""
  },
  {
    "Id": 11040173,
    "ItemId": 0,
    "Type": 3,
    "Title": "InfoDisplay_11040173_Title",
    "Text": "InfoDisplay_11040173_Text",
    "Picture": "",
    "Audio": "",
    "Background": ""
  },
  {
    "Id": 11040174,
    "ItemId": 0,
    "Type": 3,
    "Title": "InfoDisplay_11040174_Title",
    "Text": "InfoDisplay_11040174_Text",
    "Picture": "",
    "Audio": "",
    "Background": ""
  },
  {
    "Id": 11040175,
    "ItemId": 0,
    "Type": 3,
    "Title": "InfoDisplay_11040175_Title",
    "Text": "InfoDisplay_11040175_Text",
    "Picture": "",
    "Audio": "",
    "Background": ""
  },
  {
    "Id": 11040176,
    "ItemId": 0,
    "Type": 3,
    "Title": "InfoDisplay_11040176_Title",
    "Text": "InfoDisplay_11040176_Text",
    "Picture": "",
    "Audio": "",
    "Background": ""
  },
  {
    "Id": 11040177,
    "ItemId": 0,
    "Type": 3,
    "Title": "InfoDisplay_11040177_Title",
    "Text": "InfoDisplay_11040177_Text",
    "Picture": "",
    "Audio": "",
    "Background": ""
  },
  {
    "Id": 11040178,
    "ItemId": 0,
    "Type": 3,
    "Title": "InfoDisplay_11040178_Title",
    "Text": "InfoDisplay_11040178_Text",
    "Picture": "",
    "Audio": "",
    "Background": ""
  },
  {
    "Id": 11040179,
    "ItemId": 0,
    "Type": 3,
    "Title": "InfoDisplay_11040179_Title",
    "Text": "InfoDisplay_11040179_Text",
    "Picture": "",
    "Audio": "",
    "Background": ""
  },
  {
    "Id": 11040180,
    "ItemId": 0,
    "Type": 3,
    "Title": "InfoDisplay_11040180_Title",
    "Text": "InfoDisplay_11040180_Text",
    "Picture": "",
    "Audio": "",
    "Background": ""
  },
  {
    "Id": 11040181,
    "ItemId": 0,
    "Type": 3,
    "Title": "InfoDisplay_11040181_Title",
    "Text": "InfoDisplay_11040181_Text",
    "Picture": "",
    "Audio": "",
    "Background": ""
  },
  {
    "Id": 11040182,
    "ItemId": 0,
    "Type": 3,
    "Title": "InfoDisplay_11040182_Title",
    "Text": "InfoDisplay_11040182_Text",
    "Picture": "",
    "Audio": "",
    "Background": ""
  },
  {
    "Id": 11040183,
    "ItemId": 0,
    "Type": 3,
    "Title": "InfoDisplay_11040183_Title",
    "Text": "InfoDisplay_11040183_Text",
    "Picture": "",
    "Audio": "",
    "Background": ""
  },
  {
    "Id": 102801007,
    "ItemId": 0,
    "Type": 3,
    "Title": "InfoDisplay_102801007_Title",
    "Text": "InfoDisplay_102801007_Text",
    "Picture": "",
    "Audio": "",
    "Background": ""
  },
  {
    "Id": 31000024,
    "ItemId": 70139300,
    "Type": 1,
    "Title": "InfoDisplay_31000024_Title",
    "Text": "InfoDisplay_31000024_Text",
    "Picture": "/Game/Aki/UI/UIResources/UiInformation/Image/T_InformationA03.T_InformationA03",
    "Audio": "",
    "Background": ""
  },
  {
    "Id": 11030104,
    "ItemId": 0,
    "Type": 3,
    "Title": "InfoDisplay_31000035_Title",
    "Text": "InfoDisplay_31000035_Text",
    "Picture": "",
    "Audio": "",
    "Background": ""
  },
  {
    "Id": 11030105,
    "ItemId": 0,
    "Type": 3,
    "Title": "InfoDisplay_31000036_Title",
    "Text": "InfoDisplay_31000036_Text",
    "Picture": "",
    "Audio": "",
    "Background": ""
  },
  {
    "Id": 11030106,
    "ItemId": 0,
    "Type": 3,
    "Title": "InfoDisplay_31000037_Title",
    "Text": "InfoDisplay_31000037_Text",
    "Picture": "",
    "Audio": "",
    "Background": ""
  },
  {
    "Id": 11030107,
    "ItemId": 0,
    "Type": 3,
    "Title": "InfoDisplay_31000038_Title",
    "Text": "InfoDisplay_31000038_Text",
    "Picture": "",
    "Audio": "",
    "Background": ""
  },
  {
    "Id": 11030108,
    "ItemId": 0,
    "Type": 3,
    "Title": "InfoDisplay_31000039_Title",
    "Text": "InfoDisplay_31000039_Text",
    "Picture": "",
    "Audio": "",
    "Background": ""
  },
  {
    "Id": 11030109,
    "ItemId": 0,
    "Type": 3,
    "Title": "InfoDisplay_31000040_Title",
    "Text": "InfoDisplay_31000040_Text",
    "Picture": "",
    "Audio": "",
    "Background": ""
  },
  {
    "Id": 11030110,
    "ItemId": 0,
    "Type": 3,
    "Title": "InfoDisplay_31000041_Title",
    "Text": "InfoDisplay_31000041_Text",
    "Picture": "",
    "Audio": "",
    "Background": ""
  },
  {
    "Id": 11030111,
    "ItemId": 0,
    "Type": 3,
    "Title": "InfoDisplay_31000042_Title",
    "Text": "InfoDisplay_31000042_Text",
    "Picture": "",
    "Audio": "",
    "Background": ""
  },
  {
    "Id": 31000025,
    "ItemId": 0,
    "Type": 2,
    "Title": "InfoDisplay_31000025_Title",
    "Text": "InfoDisplay_31000025_Text",
    "Picture": "/Game/Aki/UI/UIResources/Common/Image/BgCg/T_Polt01.T_Polt01,/Game/Aki/UI/UIResources/Common/Image/BgCg/T_Polt02.T_Polt02,/Game/Aki/UI/UIResources/Common/Image/BgCg/T_Polt03.T_Polt03,/Game/Aki/UI/UIResources/Common/Image/BgCg/T_Polt04.T_Polt04",
    "Audio": "",
    "Background": ""
  },
  {
    "Id": 31000026,
    "ItemId": 0,
    "Type": 3,
    "Title": "InfoDisplay_31000026_Title",
    "Text": "InfoDisplay_31000026_Text",
    "Picture": "",
    "Audio": "",
    "Background": ""
  },
  {
    "Id": 31000027,
    "ItemId": 0,
    "Type": 3,
    "Title": "InfoDisplay_31000027_Title",
    "Text": "InfoDisplay_31000027_Text",
    "Picture": "",
    "Audio": "",
    "Background": ""
  },
  {
    "Id": 11040184,
    "ItemId": 0,
    "Type": 3,
    "Title": "InfoDisplay_11040184_Title",
    "Text": "InfoDisplay_11040184_Text",
    "Picture": "",
    "Audio": "",
    "Background": ""
  },
  {
    "Id": 11040185,
    "ItemId": 0,
    "Type": 3,
    "Title": "InfoDisplay_11040185_Title",
    "Text": "InfoDisplay_11040185_Text",
    "Picture": "",
    "Audio": "",
    "Background": ""
  },
  {
    "Id": 10900003,
    "ItemId": 0,
    "Type": 3,
    "Title": "InfoDisplay_10900003_Title",
    "Text": "InfoDisplay_10900003_Text",
    "Picture": "",
    "Audio": "",
    "Background": ""
  },
  {
    "Id": 10900004,
    "ItemId": 0,
    "Type": 3,
    "Title": "InfoDisplay_10900004_Title",
    "Text": "InfoDisplay_10900004_Text",
    "Picture": "",
    "Audio": "",
    "Background": ""
  },
  {
    "Id": 10900005,
    "ItemId": 0,
    "Type": 3,
    "Title": "InfoDisplay_10900005_Title",
    "Text": "InfoDisplay_10900005_Text",
    "Picture": "",
    "Audio": "",
    "Background": ""
  },
  {
    "Id": 310000281,
    "ItemId": 70139315,
    "Type": 3,
    "Title": "InfoDisplay_310000281_Title",
    "Text": "InfoDisplay_310000281_Text",
    "Picture": "",
    "Audio": "",
    "Background": ""
  },
  {
    "Id": 310000291,
    "ItemId": 70139316,
    "Type": 3,
    "Title": "InfoDisplay_310000291_Title",
    "Text": "InfoDisplay_310000291_Text",
    "Picture": "",
    "Audio": "",
    "Background": ""
  },
  {
    "Id": 310000301,
    "ItemId": 70139317,
    "Type": 3,
    "Title": "InfoDisplay_310000301_Title",
    "Text": "InfoDisplay_310000301_Text",
    "Picture": "",
    "Audio": "",
    "Background": ""
  },
  {
    "Id": 310000311,
    "ItemId": 70139318,
    "Type": 3,
    "Title": "InfoDisplay_310000311_Title",
    "Text": "InfoDisplay_310000311_Text",
    "Picture": "",
    "Audio": "",
    "Background": ""
  },
  {
    "Id": 31000028,
    "ItemId": 0,
    "Type": 3,
    "Title": "InfoDisplay_102001301_Title",
    "Text": "InfoDisplay_102001301_Text",
    "Picture": "",
    "Audio": "",
    "Background": ""
  },
  {
    "Id": 31000029,
    "ItemId": 0,
    "Type": 1,
    "Title": "InfoDisplay_102001302_Title",
    "Text": "InfoDisplay_102001302_Text",
    "Picture": "/Game/Aki/UI/UIResources/UiInformation/Image/T_InformationA02.T_InformationA02",
    "Audio": "",
    "Background": ""
  },
  {
    "Id": 102801008,
    "ItemId": 72010008,
    "Type": 3,
    "Title": "InfoDisplay_102801008_Title",
    "Text": "InfoDisplay_102801008_Text",
    "Picture": "",
    "Audio": "",
    "Background": ""
  },
  {
    "Id": 102801009,
    "ItemId": 72010009,
    "Type": 3,
    "Title": "InfoDisplay_102801009_Title",
    "Text": "InfoDisplay_102801009_Text",
    "Picture": "",
    "Audio": "",
    "Background": ""
  },
  {
    "Id": 102801010,
    "ItemId": 72010010,
    "Type": 3,
    "Title": "InfoDisplay_102801010_Title",
    "Text": "InfoDisplay_102801010_Text",
    "Picture": "",
    "Audio": "",
    "Background": ""
  },
  {
    "Id": 102801011,
    "ItemId": 72010011,
    "Type": 3,
    "Title": "InfoDisplay_102801011_Title",
    "Text": "InfoDisplay_102801011_Text",
    "Picture": "",
    "Audio": "",
    "Background": ""
  },
  {
    "Id": 102801012,
    "ItemId": 72010012,
    "Type": 3,
    "Title": "InfoDisplay_102801012_Title",
    "Text": "InfoDisplay_102801012_Text",
    "Picture": "",
    "Audio": "",
    "Background": ""
  },
  {
    "Id": 102801013,
    "ItemId": 72010013,
    "Type": 3,
    "Title": "InfoDisplay_102801013_Title",
    "Text": "InfoDisplay_102801013_Text",
    "Picture": "",
    "Audio": "",
    "Background": ""
  },
  {
    "Id": 102801014,
    "ItemId": 72010014,
    "Type": 3,
    "Title": "InfoDisplay_102801014_Title",
    "Text": "InfoDisplay_102801014_Text",
    "Picture": "",
    "Audio": "",
    "Background": ""
  },
  {
    "Id": 102801015,
    "ItemId": 72010016,
    "Type": 3,
    "Title": "InfoDisplay_102801015_Title",
    "Text": "InfoDisplay_102801015_Text",
    "Picture": "",
    "Audio": "",
    "Background": ""
  },
  {
    "Id": 10900006,
    "ItemId": 0,
    "Type": 3,
    "Title": "InfoDisplay_10900006_Title",
    "Text": "InfoDisplay_10900006_Text",
    "Picture": "",
    "Audio": "",
    "Background": ""
  },
  {
    "Id": 31000030,
    "ItemId": 70140011,
    "Type": 4,
    "Title": "InfoDisplay_102001303_Title",
    "Text": "InfoDisplay_102001303_Text",
    "Picture": "",
    "Audio": "/Game/Aki/WwiseAudio/Events/play_task_props_qianxin_sing.play_task_props_qianxin_sing",
    "Background": ""
  },
  {
    "Id": 101400013,
    "ItemId": 70139319,
    "Type": 1,
    "Title": "",
    "Text": "",
    "Picture": "/Game/Aki/UI/UIResources/UiInformation/Image/T_InformationA01.T_InformationA01",
    "Audio": "",
    "Background": ""
  },
  {
    "Id": 102801016,
    "ItemId": 0,
    "Type": 3,
    "Title": "InfoDisplay_102801016_Title",
    "Text": "InfoDisplay_102801016_Text",
    "Picture": "",
    "Audio": "",
    "Background": ""
  },
  {
    "Id": 102801017,
    "ItemId": 0,
    "Type": 3,
    "Title": "InfoDisplay_102801017_Title",
    "Text": "InfoDisplay_102801017_Text",
    "Picture": "",
    "Audio": "",
    "Background": ""
  },
  {
    "Id": 102801018,
    "ItemId": 0,
    "Type": 3,
    "Title": "InfoDisplay_102801018_Title",
    "Text": "InfoDisplay_102801018_Text",
    "Picture": "",
    "Audio": "",
    "Background": ""
  },
  {
    "Id": 102801019,
    "ItemId": 0,
    "Type": 3,
    "Title": "InfoDisplay_102801019_Title",
    "Text": "InfoDisplay_102801019_Text",
    "Picture": "",
    "Audio": "",
    "Background": ""
  },
  {
    "Id": 102801020,
    "ItemId": 0,
    "Type": 3,
    "Title": "InfoDisplay_102801020_Title",
    "Text": "InfoDisplay_102801020_Text",
    "Picture": "",
    "Audio": "",
    "Background": ""
  },
  {
    "Id": 102801022,
    "ItemId": 0,
    "Type": 3,
    "Title": "InfoDisplay_102801022_Title",
    "Text": "InfoDisplay_102801022_Text",
    "Picture": "",
    "Audio": "",
    "Background": ""
  },
  {
    "Id": 102801023,
    "ItemId": 0,
    "Type": 3,
    "Title": "InfoDisplay_102801023_Title",
    "Text": "InfoDisplay_102801023_Text",
    "Picture": "",
    "Audio": "",
    "Background": ""
  },
  {
    "Id": 102801024,
    "ItemId": 0,
    "Type": 3,
    "Title": "InfoDisplay_102801024_Title",
    "Text": "InfoDisplay_102801024_Text",
    "Picture": "",
    "Audio": "",
    "Background": ""
  },
  {
    "Id": 102801025,
    "ItemId": 0,
    "Type": 3,
    "Title": "InfoDisplay_102801025_Title",
    "Text": "InfoDisplay_102801025_Text",
    "Picture": "",
    "Audio": "",
    "Background": ""
  },
  {
    "Id": 102801021,
    "ItemId": 0,
    "Type": 3,
    "Title": "InfoDisplay_102801021_Title",
    "Text": "InfoDisplay_102801021_Text",
    "Picture": "",
    "Audio": "",
    "Background": ""
  },
  {
    "Id": 102801026,
    "ItemId": 70139324,
    "Type": 3,
    "Title": "InfoDisplay_102801026_Title",
    "Text": "InfoDisplay_102801026_Text",
    "Picture": "",
    "Audio": "",
    "Background": ""
  },
  {
    "Id": 10900007,
    "ItemId": 0,
    "Type": 3,
    "Title": "InfoDisplay_10900007_Title",
    "Text": "InfoDisplay_10900007_Text",
    "Picture": "",
    "Audio": "",
    "Background": ""
  },
  {
    "Id": 10900008,
    "ItemId": 0,
    "Type": 3,
    "Title": "InfoDisplay_10900008_Title",
    "Text": "InfoDisplay_10900008_Text",
    "Picture": "",
    "Audio": "",
    "Background": ""
  },
  {
    "Id": 10900009,
    "ItemId": 0,
    "Type": 3,
    "Title": "InfoDisplay_10900009_Title",
    "Text": "InfoDisplay_10900009_Text",
    "Picture": "",
    "Audio": "",
    "Background": ""
  },
  {
    "Id": 10900010,
    "ItemId": 0,
    "Type": 3,
    "Title": "InfoDisplay_10900010_Title",
    "Text": "InfoDisplay_10900010_Text",
    "Picture": "",
    "Audio": "",
    "Background": ""
  },
  {
    "Id": 10900011,
    "ItemId": 0,
    "Type": 3,
    "Title": "InfoDisplay_10900011_Title",
    "Text": "InfoDisplay_10900011_Text",
    "Picture": "",
    "Audio": "",
    "Background": ""
  },
  {
    "Id": 10900012,
    "ItemId": 0,
    "Type": 3,
    "Title": "InfoDisplay_10900012_Title",
    "Text": "InfoDisplay_10900012_Text",
    "Picture": "",
    "Audio": "",
    "Background": ""
  },
  {
    "Id": 120101001,
    "ItemId": 0,
    "Type": 3,
    "Title": "InfoDisplay_120101001_Title",
    "Text": "InfoDisplay_120101001_Text",
    "Picture": "",
    "Audio": "",
    "Background": ""
  },
  {
    "Id": 120101002,
    "ItemId": 0,
    "Type": 3,
    "Title": "InfoDisplay_120101002_Title",
    "Text": "InfoDisplay_120101002_Text",
    "Picture": "",
    "Audio": "",
    "Background": ""
  },
  {
    "Id": 120101004,
    "ItemId": 0,
    "Type": 3,
    "Title": "InfoDisplay_120101004_Title",
    "Text": "InfoDisplay_120101004_Text",
    "Picture": "",
    "Audio": "",
    "Background": ""
  },
  {
    "Id": 120101006,
    "ItemId": 0,
    "Type": 3,
    "Title": "InfoDisplay_120101006_Title",
    "Text": "InfoDisplay_120101006_Text",
    "Picture": "",
    "Audio": "",
    "Background": ""
  },
  {
    "Id": 102801201,
    "ItemId": 0,
    "Type": 3,
    "Title": "InfoDisplay_102801201_Title",
    "Text": "InfoDisplay_102801201_Text",
    "Picture": "",
    "Audio": "",
    "Background": ""
  },
  {
    "Id": 120101011,
    "ItemId": 0,
    "Type": 3,
    "Title": "InfoDisplay_120101011_Title",
    "Text": "InfoDisplay_120101011_Text",
    "Picture": "",
    "Audio": "",
    "Background": ""
  },
  {
    "Id": 120101012,
    "ItemId": 0,
    "Type": 3,
    "Title": "InfoDisplay_120101012_Title",
    "Text": "InfoDisplay_120101012_Text",
    "Picture": "",
    "Audio": "",
    "Background": ""
  },
  {
    "Id": 120101013,
    "ItemId": 0,
    "Type": 3,
    "Title": "InfoDisplay_120101013_Title",
    "Text": "InfoDisplay_120101013_Text",
    "Picture": "",
    "Audio": "",
    "Background": ""
  },
  {
    "Id": 120101014,
    "ItemId": 0,
    "Type": 3,
    "Title": "InfoDisplay_120101014_Title",
    "Text": "InfoDisplay_120101014_Text",
    "Picture": "",
    "Audio": "",
    "Background": ""
  },
  {
    "Id": 120101015,
    "ItemId": 0,
    "Type": 3,
    "Title": "InfoDisplay_120101015_Title",
    "Text": "InfoDisplay_120101015_Text",
    "Picture": "",
    "Audio": "",
    "Background": ""
  },
  {
    "Id": 120101016,
    "ItemId": 0,
    "Type": 3,
    "Title": "InfoDisplay_120101016_Title",
    "Text": "InfoDisplay_120101016_Text",
    "Picture": "",
    "Audio": "",
    "Background": ""
  },
  {
    "Id": 120101017,
    "ItemId": 0,
    "Type": 3,
    "Title": "InfoDisplay_120101017_Title",
    "Text": "InfoDisplay_120101017_Text",
    "Picture": "",
    "Audio": "",
    "Background": ""
  },
  {
    "Id": 102001601,
    "ItemId": 0,
    "Type": 3,
    "Title": "InfoDisplay_102001601_Title",
    "Text": "InfoDisplay_102001601_Text",
    "Picture": "",
    "Audio": "",
    "Background": ""
  },
  {
    "Id": 102001602,
    "ItemId": 0,
    "Type": 3,
    "Title": "InfoDisplay_102001602_Title",
    "Text": "InfoDisplay_102001602_Text",
    "Picture": "",
    "Audio": "",
    "Background": ""
  },
  {
    "Id": 102001603,
    "ItemId": 0,
    "Type": 3,
    "Title": "InfoDisplay_102001603_Title",
    "Text": "InfoDisplay_102001603_Text",
    "Picture": "",
    "Audio": "",
    "Background": ""
  },
  {
    "Id": 102000601,
    "ItemId": 0,
    "Type": 3,
    "Title": "InfoDisplay_102000601_Title",
    "Text": "InfoDisplay_102000601_Text",
    "Picture": "",
    "Audio": "",
    "Background": ""
  },
  {
    "Id": 102000602,
    "ItemId": 0,
    "Type": 3,
    "Title": "InfoDisplay_102000602_Title",
    "Text": "InfoDisplay_102000602_Text",
    "Picture": "",
    "Audio": "",
    "Background": ""
  },
  {
    "Id": 102000603,
    "ItemId": 0,
    "Type": 3,
    "Title": "InfoDisplay_102000603_Title",
    "Text": "InfoDisplay_102000603_Text",
    "Picture": "",
    "Audio": "",
    "Background": ""
  },
  {
    "Id": 102000604,
    "ItemId": 0,
    "Type": 3,
    "Title": "InfoDisplay_102000604_Title",
    "Text": "InfoDisplay_102000604_Text",
    "Picture": "",
    "Audio": "",
    "Background": ""
  },
  {
    "Id": 102000606,
    "ItemId": 0,
    "Type": 3,
    "Title": "InfoDisplay_102000606_Title",
    "Text": "InfoDisplay_102000606_Text",
    "Picture": "",
    "Audio": "",
    "Background": ""
  },
  {
    "Id": 121000001,
    "ItemId": 0,
    "Type": 3,
    "Title": "InfoDisplay_121000001_Title",
    "Text": "InfoDisplay_121000001_Text",
    "Picture": "",
    "Audio": "",
    "Background": ""
  },
  {
    "Id": 121000002,
    "ItemId": 0,
    "Type": 3,
    "Title": "InfoDisplay_121000002_Title",
    "Text": "InfoDisplay_121000002_Text",
    "Picture": "",
    "Audio": "",
    "Background": ""
  },
  {
    "Id": 121000004,
    "ItemId": 0,
    "Type": 3,
    "Title": "InfoDisplay_121000004_Title",
    "Text": "InfoDisplay_121000004_Text",
    "Picture": "",
    "Audio": "",
    "Background": ""
  },
  {
    "Id": 102801027,
    "ItemId": 0,
    "Type": 3,
    "Title": "InfoDisplay_102801027_Title",
    "Text": "InfoDisplay_102801027_Text",
    "Picture": "",
    "Audio": "",
    "Background": ""
  },
  {
    "Id": 102801028,
    "ItemId": 0,
    "Type": 3,
    "Title": "InfoDisplay_102801028_Title",
    "Text": "InfoDisplay_102801028_Text",
    "Picture": "",
    "Audio": "",
    "Background": ""
  },
  {
    "Id": 102801029,
    "ItemId": 0,
    "Type": 3,
    "Title": "InfoDisplay_102801029_Title",
    "Text": "InfoDisplay_102801029_Text",
    "Picture": "",
    "Audio": "",
    "Background": ""
  },
  {
    "Id": 102801030,
    "ItemId": 0,
    "Type": 3,
    "Title": "InfoDisplay_102801030_Title",
    "Text": "InfoDisplay_102801030_Text",
    "Picture": "",
    "Audio": "",
    "Background": ""
  },
  {
    "Id": 102801031,
    "ItemId": 0,
    "Type": 3,
    "Title": "InfoDisplay_102801031_Title",
    "Text": "InfoDisplay_102801031_Text",
    "Picture": "",
    "Audio": "",
    "Background": ""
  },
  {
    "Id": 311000001,
    "ItemId": 0,
    "Type": 3,
    "Title": "InfoDisplay_311000001_Title",
    "Text": "InfoDisplay_311000001_Text",
    "Picture": "",
    "Audio": "",
    "Background": ""
  },
  {
    "Id": 311000002,
    "ItemId": 0,
    "Type": 3,
    "Title": "InfoDisplay_311000002_Title",
    "Text": "InfoDisplay_311000002_Text",
    "Picture": "",
    "Audio": "",
    "Background": ""
  },
  {
    "Id": 311000003,
    "ItemId": 0,
    "Type": 3,
    "Title": "InfoDisplay_311000003_Title",
    "Text": "InfoDisplay_311000003_Text",
    "Picture": "",
    "Audio": "",
    "Background": ""
  },
  {
    "Id": 311000004,
    "ItemId": 0,
    "Type": 3,
    "Title": "InfoDisplay_311000004_Title",
    "Text": "InfoDisplay_311000004_Text",
    "Picture": "",
    "Audio": "",
    "Background": ""
  },
  {
    "Id": 120101018,
    "ItemId": 0,
    "Type": 3,
    "Title": "InfoDisplay_120101018_Title",
    "Text": "InfoDisplay_120101018_Text",
    "Picture": "",
    "Audio": "",
    "Background": ""
  },
  {
    "Id": 120101019,
    "ItemId": 0,
    "Type": 3,
    "Title": "InfoDisplay_120101019_Title",
    "Text": "InfoDisplay_120101019_Text",
    "Picture": "",
    "Audio": "",
    "Background": ""
  },
  {
    "Id": 120101020,
    "ItemId": 0,
    "Type": 3,
    "Title": "InfoDisplay_120101020_Title",
    "Text": "InfoDisplay_120101020_Text",
    "Picture": "",
    "Audio": "",
    "Background": ""
  },
  {
    "Id": 120101021,
    "ItemId": 0,
    "Type": 3,
    "Title": "InfoDisplay_120101021_Title",
    "Text": "InfoDisplay_120101021_Text",
    "Picture": "",
    "Audio": "",
    "Background": ""
  },
  {
    "Id": 120101022,
    "ItemId": 0,
    "Type": 3,
    "Title": "InfoDisplay_120101022_Title",
    "Text": "InfoDisplay_120101022_Text",
    "Picture": "",
    "Audio": "",
    "Background": ""
  },
  {
    "Id": 120101023,
    "ItemId": 0,
    "Type": 3,
    "Title": "InfoDisplay_120101023_Title",
    "Text": "InfoDisplay_120101023_Text",
    "Picture": "",
    "Audio": "",
    "Background": ""
  },
  {
    "Id": 120101024,
    "ItemId": 0,
    "Type": 3,
    "Title": "InfoDisplay_120101024_Title",
    "Text": "InfoDisplay_120101024_Text",
    "Picture": "",
    "Audio": "",
    "Background": ""
  },
  {
    "Id": 120101025,
    "ItemId": 0,
    "Type": 3,
    "Title": "InfoDisplay_120101025_Title",
    "Text": "InfoDisplay_120101025_Text",
    "Picture": "",
    "Audio": "",
    "Background": ""
  },
  {
    "Id": 120101026,
    "ItemId": 0,
    "Type": 3,
    "Title": "InfoDisplay_120101026_Title",
    "Text": "InfoDisplay_120101026_Text",
    "Picture": "",
    "Audio": "",
    "Background": ""
  },
  {
    "Id": 120101027,
    "ItemId": 0,
    "Type": 3,
    "Title": "InfoDisplay_120101027_Title",
    "Text": "InfoDisplay_120101027_Text",
    "Picture": "",
    "Audio": "",
    "Background": ""
  },
  {
    "Id": 102801032,
    "ItemId": 0,
    "Type": 3,
    "Title": "InfoDisplay_102801032_Title",
    "Text": "InfoDisplay_102801032_Text",
    "Picture": "",
    "Audio": "",
    "Background": ""
  },
  {
    "Id": 102801033,
    "ItemId": 0,
    "Type": 3,
    "Title": "InfoDisplay_102801033_Title",
    "Text": "InfoDisplay_102801033_Text",
    "Picture": "",
    "Audio": "",
    "Background": ""
  },
  {
    "Id": 102801034,
    "ItemId": 0,
    "Type": 3,
    "Title": "InfoDisplay_102801034_Title",
    "Text": "InfoDisplay_102801034_Text",
    "Picture": "",
    "Audio": "",
    "Background": ""
  },
  {
    "Id": 102801035,
    "ItemId": 0,
    "Type": 3,
    "Title": "InfoDisplay_102801035_Title",
    "Text": "InfoDisplay_102801035_Text",
    "Picture": "",
    "Audio": "",
    "Background": ""
  },
  {
    "Id": 102801036,
    "ItemId": 0,
    "Type": 3,
    "Title": "InfoDisplay_102801036_Title",
    "Text": "InfoDisplay_102801036_Text",
    "Picture": "",
    "Audio": "",
    "Background": ""
  },
  {
    "Id": 102801037,
    "ItemId": 0,
    "Type": 3,
    "Title": "InfoDisplay_102801037_Title",
    "Text": "InfoDisplay_102801037_Text",
    "Picture": "",
    "Audio": "",
    "Background": ""
  },
  {
    "Id": 311000005,
    "ItemId": 0,
    "Type": 3,
    "Title": "InfoDisplay_311000005_Title",
    "Text": "InfoDisplay_311000005_Text",
    "Picture": "",
    "Audio": "",
    "Background": ""
  },
  {
    "Id": 103000001,
    "ItemId": 0,
    "Type": 3,
    "Title": "InfoDisplay_103000001_Title",
    "Text": "InfoDisplay_103000001_Text",
    "Picture": "",
    "Audio": "",
    "Background": ""
  },
  {
    "Id": 103000002,
    "ItemId": 0,
    "Type": 3,
    "Title": "InfoDisplay_103000002_Title",
    "Text": "InfoDisplay_103000002_Text",
    "Picture": "",
    "Audio": "",
    "Background": ""
  },
  {
    "Id": 103000003,
    "ItemId": 0,
    "Type": 3,
    "Title": "InfoDisplay_103000003_Title",
    "Text": "InfoDisplay_103000003_Text",
    "Picture": "",
    "Audio": "",
    "Background": ""
  },
  {
    "Id": 103000004,
    "ItemId": 0,
    "Type": 3,
    "Title": "InfoDisplay_103000004_Title",
    "Text": "InfoDisplay_103000004_Text",
    "Picture": "",
    "Audio": "",
    "Background": ""
  },
  {
    "Id": 103000005,
    "ItemId": 0,
    "Type": 3,
    "Title": "InfoDisplay_103000005_Title",
    "Text": "InfoDisplay_103000005_Text",
    "Picture": "",
    "Audio": "",
    "Background": ""
  },
  {
    "Id": 103000006,
    "ItemId": 0,
    "Type": 3,
    "Title": "InfoDisplay_103000006_Title",
    "Text": "InfoDisplay_103000006_Text",
    "Picture": "",
    "Audio": "",
    "Background": ""
  },
  {
    "Id": 103000007,
    "ItemId": 0,
    "Type": 3,
    "Title": "InfoDisplay_103000007_Title",
    "Text": "InfoDisplay_103000007_Text",
    "Picture": "",
    "Audio": "",
    "Background": ""
  },
  {
    "Id": 103000008,
    "ItemId": 0,
    "Type": 3,
    "Title": "InfoDisplay_103000008_Title",
    "Text": "InfoDisplay_103000008_Text",
    "Picture": "",
    "Audio": "",
    "Background": ""
  },
  {
    "Id": 103001001,
    "ItemId": 0,
    "Type": 3,
    "Title": "InfoDisplay_103001001_Title",
    "Text": "InfoDisplay_103001001_Text",
    "Picture": "",
    "Audio": "",
    "Background": ""
  },
  {
    "Id": 103001002,
    "ItemId": 0,
    "Type": 3,
    "Title": "InfoDisplay_103001002_Title",
    "Text": "InfoDisplay_103001002_Text",
    "Picture": "",
    "Audio": "",
    "Background": ""
  },
  {
    "Id": 103000100,
    "ItemId": 0,
    "Type": 3,
    "Title": "InfoDisplay_103000100_Title",
    "Text": "InfoDisplay_103000100_Text",
    "Picture": "",
    "Audio": "",
    "Background": ""
  },
  {
    "Id": 103000101,
    "ItemId": 0,
    "Type": 3,
    "Title": "InfoDisplay_103000101_Title",
    "Text": "InfoDisplay_103000101_Text",
    "Picture": "",
    "Audio": "",
    "Background": ""
  },
  {
    "Id": 103000102,
    "ItemId": 0,
    "Type": 3,
    "Title": "InfoDisplay_103000102_Title",
    "Text": "InfoDisplay_103000102_Text",
    "Picture": "",
    "Audio": "",
    "Background": ""
  },
  {
    "Id": 103001003,
    "ItemId": 0,
    "Type": 3,
    "Title": "InfoDisplay_103001003_Title",
    "Text": "InfoDisplay_103001003_Text",
    "Picture": "",
    "Audio": "",
    "Background": ""
  },
  {
    "Id": 133001001,
    "ItemId": 0,
    "Type": 3,
    "Title": "InfoDisplay_133001001_Title",
    "Text": "InfoDisplay_133001001_Text",
    "Picture": "",
    "Audio": "",
    "Background": ""
  },
  {
    "Id": 133001002,
    "ItemId": 0,
    "Type": 3,
    "Title": "InfoDisplay_133001002_Title",
    "Text": "InfoDisplay_133001002_Text",
    "Picture": "",
    "Audio": "",
    "Background": ""
  },
  {
    "Id": 133001003,
    "ItemId": 0,
    "Type": 3,
    "Title": "InfoDisplay_133001003_Title",
    "Text": "InfoDisplay_133001003_Text",
    "Picture": "",
    "Audio": "",
    "Background": ""
  },
  {
    "Id": 133001004,
    "ItemId": 0,
    "Type": 3,
    "Title": "InfoDisplay_133001004_Title",
    "Text": "InfoDisplay_133001004_Text",
    "Picture": "",
    "Audio": "",
    "Background": ""
  },
  {
    "Id": 133001005,
    "ItemId": 0,
    "Type": 3,
    "Title": "InfoDisplay_133001005_Title",
    "Text": "InfoDisplay_133001005_Text",
    "Picture": "",
    "Audio": "",
    "Background": ""
  },
  {
    "Id": 133001006,
    "ItemId": 0,
    "Type": 3,
    "Title": "InfoDisplay_133001006_Title",
    "Text": "InfoDisplay_133001006_Text",
    "Picture": "",
    "Audio": "",
    "Background": ""
  },
  {
    "Id": 103000009,
    "ItemId": 70140014,
    "Type": 4,
    "Title": "InfoDisplay_103000009_Title",
    "Text": "InfoDisplay_103000009_Text",
    "Picture": "/Game/Aki/UI/UIResources/UiInformation/Image/T_InformationA02.T_InformationA02",
    "Audio": "/Game/Aki/WwiseAudio/Events/play_kuroro_8bit_music_item.play_kuroro_8bit_music_item",
    "Background": ""
  },
  {
    "Id": 133001007,
    "ItemId": 0,
    "Type": 3,
    "Title": "InfoDisplay_133001007_Title",
    "Text": "InfoDisplay_133001007_Text",
    "Picture": "",
    "Audio": "",
    "Background": ""
  },
  {
    "Id": 103001004,
    "ItemId": 0,
    "Type": 1,
    "Title": "InfoDisplay_103001004_Title",
    "Text": "InfoDisplay_103001004_Text",
    "Picture": "/Game/Aki/UI/UIResources/UiInformation/Image/T_InformationA11.T_InformationA11",
    "Audio": "",
    "Background": ""
  }
]