[
  {
    "Id": 0,
    "MainId": 0,
    "QuestTypeName": "QuestType_0_QuestTypeName",
    "IsShowInQuestPanel": true,
    "TypeColor": "",
    "TextColor": "",
    "NeedRedDot": false,
    "MapId": {
      "PKa": [],
      "length": 0
    }
  },
  {
    "Id": 1,
    "MainId": 1,
    "QuestTypeName": "QuestType_1_QuestTypeName",
    "IsShowInQuestPanel": true,
    "TypeColor": "A69B62",
    "TextColor": "F7D16E",
    "NeedRedDot": true,
    "MapId": {
      "PKa": [],
      "length": 0
    }
  },
  {
    "Id": 2,
    "MainId": 2,
    "QuestTypeName": "QuestType_2_QuestTypeName",
    "IsShowInQuestPanel": true,
    "TypeColor": "5F89A1",
    "TextColor": "92D2E5",
    "NeedRedDot": true,
    "MapId": {
      "PKa": [],
      "length": 0
    }
  },
  {
    "Id": 3,
    "MainId": 3,
    "QuestTypeName": "QuestType_3_QuestTypeName",
    "IsShowInQuestPanel": true,
    "TypeColor": "74669C",
    "TextColor": "A972ED",
    "NeedRedDot": true,
    "MapId": {
      "PKa": [],
      "length": 0
    }
  },
  {
    "Id": 4,
    "MainId": 4,
    "QuestTypeName": "QuestType_4_QuestTypeName",
    "IsShowInQuestPanel": true,
    "TypeColor": "82955C",
    "TextColor": "AAD673FF",
    "NeedRedDot": true,
    "MapId": {
      "PKa": [],
      "length": 0
    }
  },
  {
    "Id": 100,
    "MainId": 100,
    "QuestTypeName": "QuestType_100_QuestTypeName",
    "IsShowInQuestPanel": false,
    "TypeColor": "",
    "TextColor": "",
    "NeedRedDot": false,
    "MapId": [
      111,
      110,
      100,
      93,
      88,
      53,
      46,
      45,
      44,
      43,
      42,
      41,
      37,
      35,
      33,
      32,
      31,
      30
    ]
  },
  {
    "Id": 7,
    "MainId": 7,
    "QuestTypeName": "QuestType_7_QuestTypeName",
    "IsShowInQuestPanel": true,
    "TypeColor": "AC8C58",
    "TextColor": "DCC186",
    "NeedRedDot": true,
    "MapId": {
      "PKa": [],
      "length": 0
    }
  },
  {
    "Id": 8,
    "MainId": 2,
    "QuestTypeName": "QuestType_2_QuestTypeName",
    "IsShowInQuestPanel": true,
    "TypeColor": "5F89A1",
    "TextColor": "92D2E5",
    "NeedRedDot": true,
    "MapId": {
      "PKa": [],
      "length": 0
    }
  },
  {
    "Id": 9,
    "MainId": 9,
    "QuestTypeName": "QuestType_9_QuestTypeName",
    "IsShowInQuestPanel": true,
    "TypeColor": "609177",
    "TextColor": "53BE94",
    "NeedRedDot": true,
    "MapId": {
      "PKa": [],
      "length": 0
    }
  }
]