[
  {
    "Id": 0,
    "MainTypeName": "QuestType_0_MainTypeName",
    "QuestTabIcon": "/Game/Aki/UI/UIResources/UiQuest/Atlas/SP_QuestPagingQuanbu.SP_QuestPagingQuanbu",
    "QuestTypeTitleIcon": "/Game/Aki/UI/UIResources/UiQuest/Atlas/SP_QuestPagingQuanbu.SP_QuestPagingQuanbu",
    "QuestChapterBg": "/Game/Aki/UI/UIResources/UiQuest/Atlas/SP_QuestItemBgYellow.SP_QuestItemBgYellow",
    "TrackIconId": 2,
    "TypeColor": "",
    "SortValue": 0,
    "AutoHideTrack": true,
    "NewQuestTipTime": 2,
    "QuestUpdateTipsTime": 2
  },
  {
    "Id": 1,
    "MainTypeName": "QuestType_1_MainTypeName",
    "QuestTabIcon": "/Game/Aki/UI/UIResources/UiQuest/Atlas/SP_QuestPagingZhuxian.SP_QuestPagingZhuxian",
    "QuestTypeTitleIcon": "/Game/Aki/UI/UIResources/UiQuest/Atlas/SP_QuestIconMain.SP_QuestIconMain",
    "QuestChapterBg": "/Game/Aki/UI/UIResources/UiQuest/Atlas/SP_QuestItemBgYellow.SP_QuestItemBgYellow",
    "TrackIconId": 2,
    "TypeColor": "A69B62",
    "SortValue": 1,
    "AutoHideTrack": true,
    "NewQuestTipTime": 2,
    "QuestUpdateTipsTime": 2
  },
  {
    "Id": 2,
    "MainTypeName": "QuestType_2_MainTypeName",
    "QuestTabIcon": "/Game/Aki/UI/UIResources/UiQuest/Atlas/SP_QuestPagingZhixian.SP_QuestPagingZhixian",
    "QuestTypeTitleIcon": "/Game/Aki/UI/UIResources/UiQuest/Atlas/SP_QuestIconMain.SP_QuestIconMain",
    "QuestChapterBg": "/Game/Aki/UI/UIResources/UiQuest/Atlas/SP_QuestItemBgBlue.SP_QuestItemBgBlue",
    "TrackIconId": 4,
    "TypeColor": "5F89A1",
    "SortValue": 6,
    "AutoHideTrack": true,
    "NewQuestTipTime": 2,
    "QuestUpdateTipsTime": 2
  },
  {
    "Id": 3,
    "MainTypeName": "QuestType_3_MainTypeName",
    "QuestTabIcon": "/Game/Aki/UI/UIResources/UiQuest/Atlas/SP_QuestPagingJuese.SP_QuestPagingJuese",
    "QuestTypeTitleIcon": "/Game/Aki/UI/UIResources/UiQuest/Atlas/SP_QuestIconRole.SP_QuestIconRole",
    "QuestChapterBg": "/Game/Aki/UI/UIResources/UiQuest/Atlas/SP_QuestItemBgPurple.SP_QuestItemBgPurple",
    "TrackIconId": 5,
    "TypeColor": "74669C",
    "SortValue": 3,
    "AutoHideTrack": true,
    "NewQuestTipTime": 2,
    "QuestUpdateTipsTime": 2
  },
  {
    "Id": 4,
    "MainTypeName": "QuestType_4_MainTypeName",
    "QuestTabIcon": "/Game/Aki/UI/UIResources/UiQuest/Atlas/SP_QuestPagingMeiri.SP_QuestPagingMeiri",
    "QuestTypeTitleIcon": "/Game/Aki/UI/UIResources/UiQuest/Atlas/SP_QuestIconDaily.SP_QuestIconDaily",
    "QuestChapterBg": "/Game/Aki/UI/UIResources/UiQuest/Atlas/SP_QuestItemBgGreen1.SP_QuestItemBgGreen1",
    "TrackIconId": 6,
    "TypeColor": "82955C",
    "SortValue": 5,
    "AutoHideTrack": true,
    "NewQuestTipTime": 2,
    "QuestUpdateTipsTime": 2
  },
  {
    "Id": 7,
    "MainTypeName": "QuestType_7_MainTypeName",
    "QuestTabIcon": "/Game/Aki/UI/UIResources/UiQuest/Atlas/SP_QuestPagingYindao.SP_QuestPagingYindao",
    "QuestTypeTitleIcon": "/Game/Aki/UI/UIResources/UiQuest/Atlas/SP_QuestIconTips.SP_QuestIconTips",
    "QuestChapterBg": "/Game/Aki/UI/UIResources/UiQuest/Atlas/SP_QuestItemBgRed.SP_QuestItemBgRed",
    "TrackIconId": 11,
    "TypeColor": "AC8C58",
    "SortValue": 2,
    "AutoHideTrack": true,
    "NewQuestTipTime": 2,
    "QuestUpdateTipsTime": 2
  },
  {
    "Id": 9,
    "MainTypeName": "QuestType_9_MainTypeName",
    "QuestTabIcon": "/Game/Aki/UI/UIResources/UiQuest/Atlas/SP_QuestPagingPOI.SP_QuestPagingPOI",
    "QuestTypeTitleIcon": "/Game/Aki/UI/UIResources/UiQuest/Atlas/SP_QuestIconPOI.SP_QuestIconPOI",
    "QuestChapterBg": "/Game/Aki/UI/UIResources/UiQuest/Atlas/SP_QuestItemBgGreen.SP_QuestItemBgGreen",
    "TrackIconId": 10,
    "TypeColor": "609177",
    "SortValue": 4,
    "AutoHideTrack": true,
    "NewQuestTipTime": 2,
    "QuestUpdateTipsTime": 2
  },
  {
    "Id": 100,
    "MainTypeName": "QuestType_100_MainTypeName",
    "QuestTabIcon": "/Game/Aki/UI/UIResources/UiQuest/Atlas/SP_QuestPagingTest.SP_QuestPagingTest",
    "QuestTypeTitleIcon": "/Game/Aki/UI/UIResources/UiQuest/Atlas/SP_QuestIconMain.SP_QuestIconMain",
    "QuestChapterBg": "/Game/Aki/UI/UIResources/UiQuest/Atlas/SP_QuestItemBgYellow.SP_QuestItemBgYellow",
    "TrackIconId": 7,
    "TypeColor": "",
    "SortValue": 100,
    "AutoHideTrack": true,
    "NewQuestTipTime": 2,
    "QuestUpdateTipsTime": 2
  }
]