[
  {
    "Id": 1,
    "FunctionId": 1,
    "Sort": 3,
    "RedDotName": "",
    "Description": "PersonalTips_1_Description",
    "IconPath": "/Game/Aki/UI/UIResources/UiTips/Atlas/SP_TipsBtnPingbi2.SP_TipsBtnPingbi2"
  },
  {
    "Id": 2,
    "FunctionId": 1,
    "Sort": 4,
    "RedDotName": "",
    "Description": "PersonalTips_2_Description",
    "IconPath": "/Game/Aki/UI/UIResources/UiTips/Atlas/SP_TipsBtnPingbi2.SP_TipsBtnPingbi2"
  },
  {
    "Id": 3,
    "FunctionId": 1,
    "Sort": 5,
    "RedDotName": "",
    "Description": "PersonalTips_3_Description",
    "IconPath": "/Game/Aki/UI/UIResources/UiTips/Atlas/SP_TipsBtnLahei.SP_TipsBtnLahei"
  },
  {
    "Id": 4,
    "FunctionId": 1,
    "Sort": 6,
    "RedDotName": "",
    "Description": "PersonalTips_4_Description",
    "IconPath": "/Game/Aki/UI/UIResources/UiTips/Atlas/SP_TipsBtnShanchu.SP_TipsBtnShanchu"
  },
  {
    "Id": 5,
    "FunctionId": 1,
    "Sort": 7,
    "RedDotName": "",
    "Description": "PersonalTips_5_Description",
    "IconPath": "/Game/Aki/UI/UIResources/UiTips/Atlas/SP_TipsBtnLahei.SP_TipsBtnLahei"
  },
  {
    "Id": 6,
    "FunctionId": 2,
    "Sort": 0,
    "RedDotName": "",
    "Description": "PersonalTips_6_Description",
    "IconPath": "/Game/Aki/UI/UIResources/UiIndividualization/Atlas/SP_PersonalTips_temp_Head.SP_PersonalTips_temp_Head"
  },
  {
    "Id": 7,
    "FunctionId": 2,
    "Sort": 0,
    "RedDotName": "PersonalCard",
    "Description": "PersonalTips_7_Description",
    "IconPath": "/Game/Aki/UI/UIResources/UiIndividualization/Atlas/SP_PersonalTips_temp_Name.SP_PersonalTips_temp_Name"
  },
  {
    "Id": 8,
    "FunctionId": 2,
    "Sort": 0,
    "RedDotName": "",
    "Description": "PersonalTips_8_Description",
    "IconPath": "/Game/Aki/UI/UIResources/UiIndividualization/Atlas/SP_PersonalTips_temp_ChangeName.SP_PersonalTips_temp_ChangeName"
  },
  {
    "Id": 9,
    "FunctionId": 2,
    "Sort": 0,
    "RedDotName": "",
    "Description": "PersonalTips_9_Description",
    "IconPath": "/Game/Aki/UI/UIResources/UiIndividualization/Atlas/SP_PersonalTips_temp_ChangeWord.SP_PersonalTips_temp_ChangeWord"
  },
  {
    "Id": 10,
    "FunctionId": 2,
    "Sort": 0,
    "RedDotName": "",
    "Description": "PersonalTips_10_Description",
    "IconPath": "/Game/Aki/UI/UIResources/UiIndividualization/Atlas/SP_PersonalTips_temp_Birthday.SP_PersonalTips_temp_Birthday"
  },
  {
    "Id": 11,
    "FunctionId": 2,
    "Sort": 0,
    "RedDotName": "",
    "Description": "PersonalTips_11_Description",
    "IconPath": "/Game/Aki/UI/UIResources/UiIndividualization/Atlas/SP_PersonalTips_temp_Copy.SP_PersonalTips_temp_Copy"
  },
  {
    "Id": 12,
    "FunctionId": 1,
    "Sort": 1,
    "RedDotName": "",
    "Description": "PersonalTips_12_Description",
    "IconPath": "/Game/Aki/UI/UIResources/UiIndividualization/Atlas/SP_PersonalTips_temp_Head.SP_PersonalTips_temp_Head"
  },
  {
    "Id": 13,
    "FunctionId": 1,
    "Sort": 2,
    "RedDotName": "",
    "Description": "PersonalTips_13_Description",
    "IconPath": "/Game/Aki/UI/UIResources/Common/Atlas/SP_CommonBtnIcon4.SP_CommonBtnIcon4"
  }
]