[
  {
    "Id": 201100001,
    "ShopId": 201,
    "TabId": 1,
    "ItemId": 3,
    "Sort": 1,
    "ItemCount": 100,
    "ConditionId": 0,
    "BuyConditionId": 0,
    "BuyLimit": 1,
    "SellTimeText": "",
    "MoneyId": 80100001,
    "Price": 100,
    "PromotionPrice": 0,
    "PromotionShow": 0,
    "PromotionTimeText": "",
    "Banner": "",
    "Enable": true,
    "Show": true,
    "SoldoutShowInShop": false,
    "Tag": 0
  },
  {
    "Id": 201100002,
    "ShopId": 201,
    "TabId": 1,
    "ItemId": 43010003,
    "Sort": 2,
    "ItemCount": 1,
    "ConditionId": 0,
    "BuyConditionId": 0,
    "BuyLimit": 50,
    "SellTimeText": "",
    "MoneyId": 80100001,
    "Price": 8,
    "PromotionPrice": 0,
    "PromotionShow": 0,
    "PromotionTimeText": "",
    "Banner": "",
    "Enable": true,
    "Show": true,
    "SoldoutShowInShop": false,
    "Tag": 0
  },
  {
    "Id": 201100003,
    "ShopId": 201,
    "TabId": 1,
    "ItemId": 43020003,
    "Sort": 3,
    "ItemCount": 1,
    "ConditionId": 0,
    "BuyConditionId": 0,
    "BuyLimit": 50,
    "SellTimeText": "",
    "MoneyId": 80100001,
    "Price": 8,
    "PromotionPrice": 0,
    "PromotionShow": 0,
    "PromotionTimeText": "",
    "Banner": "",
    "Enable": true,
    "Show": true,
    "SoldoutShowInShop": false,
    "Tag": 0
  },
  {
    "Id": 201100004,
    "ShopId": 201,
    "TabId": 1,
    "ItemId": 36000003,
    "Sort": 4,
    "ItemCount": 1,
    "ConditionId": 0,
    "BuyConditionId": 0,
    "BuyLimit": 20,
    "SellTimeText": "",
    "MoneyId": 80100001,
    "Price": 10,
    "PromotionPrice": 0,
    "PromotionShow": 0,
    "PromotionTimeText": "",
    "Banner": "",
    "Enable": true,
    "Show": true,
    "SoldoutShowInShop": false,
    "Tag": 0
  },
  {
    "Id": 104100001,
    "ShopId": 4,
    "TabId": 1,
    "ItemId": 50002,
    "Sort": 8,
    "ItemCount": 1,
    "ConditionId": 0,
    "BuyConditionId": 0,
    "BuyLimit": 0,
    "SellTimeText": "",
    "MoneyId": 50004,
    "Price": 8,
    "PromotionPrice": 0,
    "PromotionShow": 0,
    "PromotionTimeText": "",
    "Banner": "",
    "Enable": true,
    "Show": true,
    "SoldoutShowInShop": false,
    "Tag": 0
  },
  {
    "Id": 104100002,
    "ShopId": 4,
    "TabId": 1,
    "ItemId": 50005,
    "Sort": 8,
    "ItemCount": 1,
    "ConditionId": 0,
    "BuyConditionId": 0,
    "BuyLimit": 0,
    "SellTimeText": "",
    "MoneyId": 50004,
    "Price": 8,
    "PromotionPrice": 0,
    "PromotionShow": 0,
    "PromotionTimeText": "",
    "Banner": "",
    "Enable": true,
    "Show": true,
    "SoldoutShowInShop": false,
    "Tag": 0
  },
  {
    "Id": 104100003,
    "ShopId": 4,
    "TabId": 1,
    "ItemId": 50001,
    "Sort": 9,
    "ItemCount": 1,
    "ConditionId": 0,
    "BuyConditionId": 0,
    "BuyLimit": 0,
    "SellTimeText": "",
    "MoneyId": 50004,
    "Price": 8,
    "PromotionPrice": 0,
    "PromotionShow": 0,
    "PromotionTimeText": "",
    "Banner": "",
    "Enable": true,
    "Show": true,
    "SoldoutShowInShop": false,
    "Tag": 0
  },
  {
    "Id": 104100004,
    "ShopId": 4,
    "TabId": 1,
    "ItemId": 10001503,
    "Sort": 11,
    "ItemCount": 1,
    "ConditionId": 0,
    "BuyConditionId": 0,
    "BuyLimit": 2,
    "SellTimeText": "",
    "MoneyId": 50004,
    "Price": 270,
    "PromotionPrice": 0,
    "PromotionShow": 0,
    "PromotionTimeText": "",
    "Banner": "",
    "Enable": true,
    "Show": true,
    "SoldoutShowInShop": false,
    "Tag": 0
  },
  {
    "Id": 104100005,
    "ShopId": 4,
    "TabId": 1,
    "ItemId": 10001203,
    "Sort": 12,
    "ItemCount": 1,
    "ConditionId": 0,
    "BuyConditionId": 0,
    "BuyLimit": 2,
    "SellTimeText": "",
    "MoneyId": 50004,
    "Price": 270,
    "PromotionPrice": 0,
    "PromotionShow": 0,
    "PromotionTimeText": "",
    "Banner": "",
    "Enable": true,
    "Show": true,
    "SoldoutShowInShop": false,
    "Tag": 0
  },
  {
    "Id": 104100006,
    "ShopId": 4,
    "TabId": 1,
    "ItemId": 10001301,
    "Sort": 13,
    "ItemCount": 1,
    "ConditionId": 0,
    "BuyConditionId": 0,
    "BuyLimit": 2,
    "SellTimeText": "",
    "MoneyId": 50004,
    "Price": 270,
    "PromotionPrice": 0,
    "PromotionShow": 0,
    "PromotionTimeText": "",
    "Banner": "",
    "Enable": true,
    "Show": true,
    "SoldoutShowInShop": false,
    "Tag": 0
  },
  {
    "Id": 104100007,
    "ShopId": 4,
    "TabId": 1,
    "ItemId": 10001104,
    "Sort": 14,
    "ItemCount": 1,
    "ConditionId": 0,
    "BuyConditionId": 0,
    "BuyLimit": 2,
    "SellTimeText": "",
    "MoneyId": 50004,
    "Price": 270,
    "PromotionPrice": 0,
    "PromotionShow": 0,
    "PromotionTimeText": "",
    "Banner": "",
    "Enable": true,
    "Show": true,
    "SoldoutShowInShop": false,
    "Tag": 0
  },
  {
    "Id": 104100008,
    "ShopId": 4,
    "TabId": 1,
    "ItemId": 10001405,
    "Sort": 15,
    "ItemCount": 1,
    "ConditionId": 0,
    "BuyConditionId": 0,
    "BuyLimit": 2,
    "SellTimeText": "",
    "MoneyId": 50004,
    "Price": 270,
    "PromotionPrice": 0,
    "PromotionShow": 0,
    "PromotionTimeText": "",
    "Banner": "",
    "Enable": true,
    "Show": true,
    "SoldoutShowInShop": false,
    "Tag": 0
  },
  {
    "Id": 104300001,
    "ShopId": 4,
    "TabId": 3,
    "ItemId": 50002,
    "Sort": 11,
    "ItemCount": 1,
    "ConditionId": 0,
    "BuyConditionId": 0,
    "BuyLimit": 0,
    "SellTimeText": "",
    "MoneyId": 3,
    "Price": 160,
    "PromotionPrice": 0,
    "PromotionShow": 0,
    "PromotionTimeText": "",
    "Banner": "",
    "Enable": true,
    "Show": true,
    "SoldoutShowInShop": false,
    "Tag": 0
  },
  {
    "Id": 104300002,
    "ShopId": 4,
    "TabId": 3,
    "ItemId": 50005,
    "Sort": 11,
    "ItemCount": 1,
    "ConditionId": 0,
    "BuyConditionId": 0,
    "BuyLimit": 0,
    "SellTimeText": "",
    "MoneyId": 3,
    "Price": 160,
    "PromotionPrice": 0,
    "PromotionShow": 0,
    "PromotionTimeText": "",
    "Banner": "",
    "Enable": true,
    "Show": true,
    "SoldoutShowInShop": false,
    "Tag": 0
  },
  {
    "Id": 103200001,
    "ShopId": 3,
    "TabId": 2,
    "ItemId": 50000038,
    "Sort": 11,
    "ItemCount": 1,
    "ConditionId": 0,
    "BuyConditionId": 503001,
    "BuyLimit": 1,
    "SellTimeText": "",
    "MoneyId": 3,
    "Price": 0,
    "PromotionPrice": 0,
    "PromotionShow": 0,
    "PromotionTimeText": "",
    "Banner": "",
    "Enable": true,
    "Show": true,
    "SoldoutShowInShop": false,
    "Tag": 4
  },
  {
    "Id": 103200002,
    "ShopId": 3,
    "TabId": 2,
    "ItemId": 50000039,
    "Sort": 12,
    "ItemCount": 1,
    "ConditionId": 0,
    "BuyConditionId": 503002,
    "BuyLimit": 1,
    "SellTimeText": "",
    "MoneyId": 3,
    "Price": 0,
    "PromotionPrice": 0,
    "PromotionShow": 0,
    "PromotionTimeText": "",
    "Banner": "",
    "Enable": true,
    "Show": true,
    "SoldoutShowInShop": false,
    "Tag": 4
  },
  {
    "Id": 103200003,
    "ShopId": 3,
    "TabId": 2,
    "ItemId": 50000040,
    "Sort": 13,
    "ItemCount": 1,
    "ConditionId": 0,
    "BuyConditionId": 503003,
    "BuyLimit": 1,
    "SellTimeText": "",
    "MoneyId": 3,
    "Price": 0,
    "PromotionPrice": 0,
    "PromotionShow": 0,
    "PromotionTimeText": "",
    "Banner": "",
    "Enable": true,
    "Show": true,
    "SoldoutShowInShop": false,
    "Tag": 4
  },
  {
    "Id": 103200004,
    "ShopId": 3,
    "TabId": 2,
    "ItemId": 50000041,
    "Sort": 14,
    "ItemCount": 1,
    "ConditionId": 0,
    "BuyConditionId": 503004,
    "BuyLimit": 1,
    "SellTimeText": "",
    "MoneyId": 3,
    "Price": 0,
    "PromotionPrice": 0,
    "PromotionShow": 0,
    "PromotionTimeText": "",
    "Banner": "",
    "Enable": true,
    "Show": true,
    "SoldoutShowInShop": false,
    "Tag": 4
  },
  {
    "Id": 103200005,
    "ShopId": 3,
    "TabId": 2,
    "ItemId": 50000042,
    "Sort": 15,
    "ItemCount": 1,
    "ConditionId": 0,
    "BuyConditionId": 503005,
    "BuyLimit": 1,
    "SellTimeText": "",
    "MoneyId": 3,
    "Price": 0,
    "PromotionPrice": 0,
    "PromotionShow": 0,
    "PromotionTimeText": "",
    "Banner": "",
    "Enable": true,
    "Show": true,
    "SoldoutShowInShop": false,
    "Tag": 4
  },
  {
    "Id": 103200006,
    "ShopId": 3,
    "TabId": 2,
    "ItemId": 50000043,
    "Sort": 16,
    "ItemCount": 1,
    "ConditionId": 0,
    "BuyConditionId": 503006,
    "BuyLimit": 1,
    "SellTimeText": "",
    "MoneyId": 3,
    "Price": 0,
    "PromotionPrice": 0,
    "PromotionShow": 0,
    "PromotionTimeText": "",
    "Banner": "",
    "Enable": true,
    "Show": true,
    "SoldoutShowInShop": false,
    "Tag": 4
  },
  {
    "Id": 103200007,
    "ShopId": 3,
    "TabId": 2,
    "ItemId": 50000044,
    "Sort": 17,
    "ItemCount": 1,
    "ConditionId": 0,
    "BuyConditionId": 503007,
    "BuyLimit": 1,
    "SellTimeText": "",
    "MoneyId": 3,
    "Price": 0,
    "PromotionPrice": 0,
    "PromotionShow": 0,
    "PromotionTimeText": "",
    "Banner": "",
    "Enable": true,
    "Show": true,
    "SoldoutShowInShop": false,
    "Tag": 4
  },
  {
    "Id": 103200008,
    "ShopId": 3,
    "TabId": 2,
    "ItemId": 50000045,
    "Sort": 18,
    "ItemCount": 1,
    "ConditionId": 0,
    "BuyConditionId": 503008,
    "BuyLimit": 1,
    "SellTimeText": "",
    "MoneyId": 3,
    "Price": 0,
    "PromotionPrice": 0,
    "PromotionShow": 0,
    "PromotionTimeText": "",
    "Banner": "",
    "Enable": true,
    "Show": true,
    "SoldoutShowInShop": false,
    "Tag": 4
  },
  {
    "Id": 103200009,
    "ShopId": 3,
    "TabId": 2,
    "ItemId": 50000046,
    "Sort": 19,
    "ItemCount": 1,
    "ConditionId": 0,
    "BuyConditionId": 503009,
    "BuyLimit": 1,
    "SellTimeText": "",
    "MoneyId": 3,
    "Price": 0,
    "PromotionPrice": 0,
    "PromotionShow": 0,
    "PromotionTimeText": "",
    "Banner": "",
    "Enable": true,
    "Show": true,
    "SoldoutShowInShop": false,
    "Tag": 4
  },
  {
    "Id": 103200010,
    "ShopId": 3,
    "TabId": 2,
    "ItemId": 50000047,
    "Sort": 20,
    "ItemCount": 1,
    "ConditionId": 0,
    "BuyConditionId": 503010,
    "BuyLimit": 1,
    "SellTimeText": "",
    "MoneyId": 3,
    "Price": 0,
    "PromotionPrice": 0,
    "PromotionShow": 0,
    "PromotionTimeText": "",
    "Banner": "",
    "Enable": true,
    "Show": true,
    "SoldoutShowInShop": false,
    "Tag": 4
  },
  {
    "Id": 201100005,
    "ShopId": 201,
    "TabId": 1,
    "ItemId": 2,
    "Sort": 5,
    "ItemCount": 5000,
    "ConditionId": 0,
    "BuyConditionId": 0,
    "BuyLimit": 25,
    "SellTimeText": "",
    "MoneyId": 80100001,
    "Price": 10,
    "PromotionPrice": 0,
    "PromotionShow": 0,
    "PromotionTimeText": "",
    "Banner": "",
    "Enable": true,
    "Show": true,
    "SoldoutShowInShop": false,
    "Tag": 0
  },
  {
    "Id": 201100006,
    "ShopId": 201,
    "TabId": 1,
    "ItemId": 36000013,
    "Sort": 6,
    "ItemCount": 10,
    "ConditionId": 0,
    "BuyConditionId": 0,
    "BuyLimit": 10,
    "SellTimeText": "",
    "MoneyId": 80100001,
    "Price": 10,
    "PromotionPrice": 0,
    "PromotionShow": 0,
    "PromotionTimeText": "",
    "Banner": "",
    "Enable": true,
    "Show": true,
    "SoldoutShowInShop": false,
    "Tag": 0
  },
  {
    "Id": 201100007,
    "ShopId": 201,
    "TabId": 1,
    "ItemId": 3,
    "Sort": 7,
    "ItemCount": 100,
    "ConditionId": 0,
    "BuyConditionId": 12009003,
    "BuyLimit": 1,
    "SellTimeText": "",
    "MoneyId": 80100001,
    "Price": 100,
    "PromotionPrice": 0,
    "PromotionShow": 0,
    "PromotionTimeText": "",
    "Banner": "",
    "Enable": true,
    "Show": true,
    "SoldoutShowInShop": false,
    "Tag": 0
  },
  {
    "Id": 201100008,
    "ShopId": 201,
    "TabId": 1,
    "ItemId": 3,
    "Sort": 8,
    "ItemCount": 100,
    "ConditionId": 0,
    "BuyConditionId": 12009002,
    "BuyLimit": 1,
    "SellTimeText": "",
    "MoneyId": 80100001,
    "Price": 100,
    "PromotionPrice": 0,
    "PromotionShow": 0,
    "PromotionTimeText": "",
    "Banner": "",
    "Enable": true,
    "Show": true,
    "SoldoutShowInShop": false,
    "Tag": 0
  },
  {
    "Id": 201100009,
    "ShopId": 201,
    "TabId": 1,
    "ItemId": 36000004,
    "Sort": 9,
    "ItemCount": 1,
    "ConditionId": 0,
    "BuyConditionId": 12009002,
    "BuyLimit": 16,
    "SellTimeText": "",
    "MoneyId": 80100001,
    "Price": 25,
    "PromotionPrice": 0,
    "PromotionShow": 0,
    "PromotionTimeText": "",
    "Banner": "",
    "Enable": true,
    "Show": true,
    "SoldoutShowInShop": false,
    "Tag": 0
  },
  {
    "Id": 202100001,
    "ShopId": 5,
    "TabId": 1,
    "ItemId": 43010003,
    "Sort": 1,
    "ItemCount": 1,
    "ConditionId": 0,
    "BuyConditionId": 0,
    "BuyLimit": 50,
    "SellTimeText": "",
    "MoneyId": 12,
    "Price": 8,
    "PromotionPrice": 0,
    "PromotionShow": 0,
    "PromotionTimeText": "",
    "Banner": "",
    "Enable": true,
    "Show": true,
    "SoldoutShowInShop": false,
    "Tag": 0
  },
  {
    "Id": 202100002,
    "ShopId": 5,
    "TabId": 1,
    "ItemId": 43020003,
    "Sort": 2,
    "ItemCount": 1,
    "ConditionId": 0,
    "BuyConditionId": 0,
    "BuyLimit": 50,
    "SellTimeText": "",
    "MoneyId": 12,
    "Price": 8,
    "PromotionPrice": 0,
    "PromotionShow": 0,
    "PromotionTimeText": "",
    "Banner": "",
    "Enable": true,
    "Show": true,
    "SoldoutShowInShop": false,
    "Tag": 0
  },
  {
    "Id": 203100001,
    "ShopId": 5,
    "TabId": 2,
    "ItemId": 50001,
    "Sort": 1,
    "ItemCount": 1,
    "ConditionId": 0,
    "BuyConditionId": 0,
    "BuyLimit": 3,
    "SellTimeText": "",
    "MoneyId": 11,
    "Price": 300,
    "PromotionPrice": 0,
    "PromotionShow": 0,
    "PromotionTimeText": "",
    "Banner": "",
    "Enable": true,
    "Show": true,
    "SoldoutShowInShop": false,
    "Tag": 0
  },
  {
    "Id": 203100002,
    "ShopId": 5,
    "TabId": 2,
    "ItemId": 36000012,
    "Sort": 2,
    "ItemCount": 10,
    "ConditionId": 0,
    "BuyConditionId": 0,
    "BuyLimit": 20,
    "SellTimeText": "",
    "MoneyId": 11,
    "Price": 6,
    "PromotionPrice": 0,
    "PromotionShow": 0,
    "PromotionTimeText": "",
    "Banner": "",
    "Enable": true,
    "Show": true,
    "SoldoutShowInShop": false,
    "Tag": 0
  },
  {
    "Id": 203100003,
    "ShopId": 5,
    "TabId": 2,
    "ItemId": 36000013,
    "Sort": 3,
    "ItemCount": 10,
    "ConditionId": 0,
    "BuyConditionId": 0,
    "BuyLimit": 20,
    "SellTimeText": "",
    "MoneyId": 11,
    "Price": 20,
    "PromotionPrice": 0,
    "PromotionShow": 0,
    "PromotionTimeText": "",
    "Banner": "",
    "Enable": true,
    "Show": true,
    "SoldoutShowInShop": false,
    "Tag": 0
  },
  {
    "Id": 203100004,
    "ShopId": 5,
    "TabId": 2,
    "ItemId": 36000003,
    "Sort": 4,
    "ItemCount": 1,
    "ConditionId": 0,
    "BuyConditionId": 0,
    "BuyLimit": 25,
    "SellTimeText": "",
    "MoneyId": 11,
    "Price": 20,
    "PromotionPrice": 0,
    "PromotionShow": 0,
    "PromotionTimeText": "",
    "Banner": "",
    "Enable": true,
    "Show": true,
    "SoldoutShowInShop": false,
    "Tag": 0
  },
  {
    "Id": 203100005,
    "ShopId": 5,
    "TabId": 2,
    "ItemId": 36000004,
    "Sort": 5,
    "ItemCount": 1,
    "ConditionId": 0,
    "BuyConditionId": 12005051,
    "BuyLimit": 25,
    "SellTimeText": "",
    "MoneyId": 11,
    "Price": 50,
    "PromotionPrice": 0,
    "PromotionShow": 0,
    "PromotionTimeText": "",
    "Banner": "",
    "Enable": true,
    "Show": true,
    "SoldoutShowInShop": false,
    "Tag": 0
  },
  {
    "Id": 203100006,
    "ShopId": 5,
    "TabId": 2,
    "ItemId": 36000014,
    "Sort": 6,
    "ItemCount": 10,
    "ConditionId": 0,
    "BuyConditionId": 12005051,
    "BuyLimit": 20,
    "SellTimeText": "",
    "MoneyId": 11,
    "Price": 60,
    "PromotionPrice": 0,
    "PromotionShow": 0,
    "PromotionTimeText": "",
    "Banner": "",
    "Enable": true,
    "Show": true,
    "SoldoutShowInShop": false,
    "Tag": 0
  },
  {
    "Id": 203100007,
    "ShopId": 5,
    "TabId": 2,
    "ItemId": 60001225,
    "Sort": 7,
    "ItemCount": 1,
    "ConditionId": 0,
    "BuyConditionId": 12005052,
    "BuyLimit": 1,
    "SellTimeText": "",
    "MoneyId": 11,
    "Price": 300,
    "PromotionPrice": 0,
    "PromotionShow": 0,
    "PromotionTimeText": "",
    "Banner": "",
    "Enable": true,
    "Show": true,
    "SoldoutShowInShop": false,
    "Tag": 0
  },
  {
    "Id": 203100008,
    "ShopId": 5,
    "TabId": 2,
    "ItemId": 60001455,
    "Sort": 7,
    "ItemCount": 1,
    "ConditionId": 0,
    "BuyConditionId": 12005053,
    "BuyLimit": 1,
    "SellTimeText": "",
    "MoneyId": 11,
    "Price": 300,
    "PromotionPrice": 0,
    "PromotionShow": 0,
    "PromotionTimeText": "",
    "Banner": "",
    "Enable": true,
    "Show": true,
    "SoldoutShowInShop": false,
    "Tag": 0
  },
  {
    "Id": 201100010,
    "ShopId": 201,
    "TabId": 1,
    "ItemId": 36000014,
    "Sort": 10,
    "ItemCount": 10,
    "ConditionId": 0,
    "BuyConditionId": 12009002,
    "BuyLimit": 15,
    "SellTimeText": "",
    "MoneyId": 80100001,
    "Price": 30,
    "PromotionPrice": 0,
    "PromotionShow": 0,
    "PromotionTimeText": "",
    "Banner": "",
    "Enable": true,
    "Show": true,
    "SoldoutShowInShop": false,
    "Tag": 0
  },
  {
    "Id": 201100012,
    "ShopId": 201,
    "TabId": 1,
    "ItemId": 50000082,
    "Sort": 12,
    "ItemCount": 1,
    "ConditionId": 0,
    "BuyConditionId": 12009001,
    "BuyLimit": 1,
    "SellTimeText": "",
    "MoneyId": 80100001,
    "Price": 400,
    "PromotionPrice": 0,
    "PromotionShow": 0,
    "PromotionTimeText": "",
    "Banner": "",
    "Enable": true,
    "Show": true,
    "SoldoutShowInShop": false,
    "Tag": 0
  },
  {
    "Id": 202100003,
    "ShopId": 5,
    "TabId": 1,
    "ItemId": 36000003,
    "Sort": 3,
    "ItemCount": 1,
    "ConditionId": 0,
    "BuyConditionId": 0,
    "BuyLimit": 50,
    "SellTimeText": "",
    "MoneyId": 12,
    "Price": 10,
    "PromotionPrice": 0,
    "PromotionShow": 0,
    "PromotionTimeText": "",
    "Banner": "",
    "Enable": true,
    "Show": true,
    "SoldoutShowInShop": false,
    "Tag": 0
  },
  {
    "Id": 202100004,
    "ShopId": 5,
    "TabId": 1,
    "ItemId": 2,
    "Sort": 4,
    "ItemCount": 10000,
    "ConditionId": 0,
    "BuyConditionId": 0,
    "BuyLimit": 50,
    "SellTimeText": "",
    "MoneyId": 12,
    "Price": 10,
    "PromotionPrice": 0,
    "PromotionShow": 0,
    "PromotionTimeText": "",
    "Banner": "",
    "Enable": true,
    "Show": true,
    "SoldoutShowInShop": false,
    "Tag": 0
  },
  {
    "Id": 202100005,
    "ShopId": 5,
    "TabId": 1,
    "ItemId": 36000014,
    "Sort": 5,
    "ItemCount": 10,
    "ConditionId": 0,
    "BuyConditionId": 0,
    "BuyLimit": 15,
    "SellTimeText": "",
    "MoneyId": 12,
    "Price": 24,
    "PromotionPrice": 0,
    "PromotionShow": 0,
    "PromotionTimeText": "",
    "Banner": "",
    "Enable": true,
    "Show": true,
    "SoldoutShowInShop": false,
    "Tag": 0
  },
  {
    "Id": 202100006,
    "ShopId": 5,
    "TabId": 1,
    "ItemId": 60001435,
    "Sort": 6,
    "ItemCount": 1,
    "ConditionId": 0,
    "BuyConditionId": 12005061,
    "BuyLimit": 1,
    "SellTimeText": "",
    "MoneyId": 12,
    "Price": 120,
    "PromotionPrice": 0,
    "PromotionShow": 0,
    "PromotionTimeText": "",
    "Banner": "",
    "Enable": true,
    "Show": true,
    "SoldoutShowInShop": false,
    "Tag": 0
  },
  {
    "Id": 104300003,
    "ShopId": 4,
    "TabId": 3,
    "ItemId": 50001,
    "Sort": 12,
    "ItemCount": 1,
    "ConditionId": 0,
    "BuyConditionId": 0,
    "BuyLimit": 0,
    "SellTimeText": "",
    "MoneyId": 3,
    "Price": 160,
    "PromotionPrice": 0,
    "PromotionShow": 0,
    "PromotionTimeText": "",
    "Banner": "",
    "Enable": true,
    "Show": true,
    "SoldoutShowInShop": false,
    "Tag": 0
  },
  {
    "Id": 103100001,
    "ShopId": 3,
    "TabId": 1,
    "ItemId": 51001,
    "Sort": 11,
    "ItemCount": 1,
    "ConditionId": 0,
    "BuyConditionId": 0,
    "BuyLimit": 3,
    "SellTimeText": "",
    "MoneyId": 4,
    "Price": 150,
    "PromotionPrice": 120,
    "PromotionShow": 0,
    "PromotionTimeText": "",
    "Banner": "",
    "Enable": true,
    "Show": true,
    "SoldoutShowInShop": false,
    "Tag": 0
  },
  {
    "Id": 103100002,
    "ShopId": 3,
    "TabId": 1,
    "ItemId": 51002,
    "Sort": 12,
    "ItemCount": 1,
    "ConditionId": 0,
    "BuyConditionId": 0,
    "BuyLimit": 1,
    "SellTimeText": "",
    "MoneyId": 4,
    "Price": 1150,
    "PromotionPrice": 800,
    "PromotionShow": 3000,
    "PromotionTimeText": "",
    "Banner": "",
    "Enable": true,
    "Show": true,
    "SoldoutShowInShop": false,
    "Tag": 0
  },
  {
    "Id": 103100003,
    "ShopId": 3,
    "TabId": 1,
    "ItemId": 51003,
    "Sort": 13,
    "ItemCount": 1,
    "ConditionId": 0,
    "BuyConditionId": 0,
    "BuyLimit": 1,
    "SellTimeText": "",
    "MoneyId": 4,
    "Price": 225,
    "PromotionPrice": 180,
    "PromotionShow": 0,
    "PromotionTimeText": "",
    "Banner": "",
    "Enable": true,
    "Show": true,
    "SoldoutShowInShop": false,
    "Tag": 0
  },
  {
    "Id": 103100004,
    "ShopId": 3,
    "TabId": 1,
    "ItemId": 51004,
    "Sort": 14,
    "ItemCount": 1,
    "ConditionId": 0,
    "BuyConditionId": 0,
    "BuyLimit": 2,
    "SellTimeText": "",
    "MoneyId": 4,
    "Price": 1400,
    "PromotionPrice": 980,
    "PromotionShow": 0,
    "PromotionTimeText": "",
    "Banner": "",
    "Enable": true,
    "Show": true,
    "SoldoutShowInShop": false,
    "Tag": 0
  },
  {
    "Id": 103100005,
    "ShopId": 3,
    "TabId": 1,
    "ItemId": 51005,
    "Sort": 15,
    "ItemCount": 1,
    "ConditionId": 0,
    "BuyConditionId": 0,
    "BuyLimit": 1,
    "SellTimeText": "",
    "MoneyId": 4,
    "Price": 750,
    "PromotionPrice": 600,
    "PromotionShow": 0,
    "PromotionTimeText": "",
    "Banner": "",
    "Enable": true,
    "Show": true,
    "SoldoutShowInShop": false,
    "Tag": 0
  },
  {
    "Id": 203100009,
    "ShopId": 5,
    "TabId": 2,
    "ItemId": 2,
    "Sort": 8,
    "ItemCount": 500,
    "ConditionId": 0,
    "BuyConditionId": 0,
    "BuyLimit": 0,
    "SellTimeText": "",
    "MoneyId": 11,
    "Price": 1,
    "PromotionPrice": 0,
    "PromotionShow": 0,
    "PromotionTimeText": "",
    "Banner": "",
    "Enable": true,
    "Show": true,
    "SoldoutShowInShop": false,
    "Tag": 0
  },
  {
    "Id": 201100011,
    "ShopId": 201,
    "TabId": 1,
    "ItemId": 60001525,
    "Sort": 11,
    "ItemCount": 1,
    "ConditionId": 0,
    "BuyConditionId": 12009002,
    "BuyLimit": 1,
    "SellTimeText": "",
    "MoneyId": 80100001,
    "Price": 400,
    "PromotionPrice": 0,
    "PromotionShow": 0,
    "PromotionTimeText": "",
    "Banner": "",
    "Enable": true,
    "Show": true,
    "SoldoutShowInShop": false,
    "Tag": 0
  },
  {
    "Id": 201100013,
    "ShopId": 201,
    "TabId": 1,
    "ItemId": 50000083,
    "Sort": 13,
    "ItemCount": 1,
    "ConditionId": 0,
    "BuyConditionId": 12009001,
    "BuyLimit": 1,
    "SellTimeText": "",
    "MoneyId": 80100001,
    "Price": 400,
    "PromotionPrice": 0,
    "PromotionShow": 0,
    "PromotionTimeText": "",
    "Banner": "",
    "Enable": true,
    "Show": true,
    "SoldoutShowInShop": false,
    "Tag": 0
  },
  {
    "Id": 204100001,
    "ShopId": 204,
    "TabId": 1,
    "ItemId": 3,
    "Sort": 1,
    "ItemCount": 100,
    "ConditionId": 0,
    "BuyConditionId": 0,
    "BuyLimit": 1,
    "SellTimeText": "",
    "MoneyId": 80100001,
    "Price": 100,
    "PromotionPrice": 0,
    "PromotionShow": 0,
    "PromotionTimeText": "",
    "Banner": "",
    "Enable": true,
    "Show": true,
    "SoldoutShowInShop": false,
    "Tag": 0
  },
  {
    "Id": 204100002,
    "ShopId": 204,
    "TabId": 1,
    "ItemId": 3,
    "Sort": 5,
    "ItemCount": 100,
    "ConditionId": 0,
    "BuyConditionId": 12009004,
    "BuyLimit": 1,
    "SellTimeText": "",
    "MoneyId": 80100001,
    "Price": 100,
    "PromotionPrice": 0,
    "PromotionShow": 0,
    "PromotionTimeText": "",
    "Banner": "",
    "Enable": true,
    "Show": true,
    "SoldoutShowInShop": false,
    "Tag": 0
  },
  {
    "Id": 204100003,
    "ShopId": 204,
    "TabId": 1,
    "ItemId": 43010003,
    "Sort": 2,
    "ItemCount": 1,
    "ConditionId": 0,
    "BuyConditionId": 0,
    "BuyLimit": 30,
    "SellTimeText": "",
    "MoneyId": 80100001,
    "Price": 8,
    "PromotionPrice": 0,
    "PromotionShow": 0,
    "PromotionTimeText": "",
    "Banner": "",
    "Enable": true,
    "Show": true,
    "SoldoutShowInShop": false,
    "Tag": 0
  },
  {
    "Id": 204100004,
    "ShopId": 204,
    "TabId": 1,
    "ItemId": 43020003,
    "Sort": 3,
    "ItemCount": 1,
    "ConditionId": 0,
    "BuyConditionId": 0,
    "BuyLimit": 30,
    "SellTimeText": "",
    "MoneyId": 80100001,
    "Price": 8,
    "PromotionPrice": 0,
    "PromotionShow": 0,
    "PromotionTimeText": "",
    "Banner": "",
    "Enable": true,
    "Show": true,
    "SoldoutShowInShop": false,
    "Tag": 0
  },
  {
    "Id": 204100005,
    "ShopId": 204,
    "TabId": 1,
    "ItemId": 2,
    "Sort": 4,
    "ItemCount": 1000,
    "ConditionId": 0,
    "BuyConditionId": 0,
    "BuyLimit": 120,
    "SellTimeText": "",
    "MoneyId": 80100001,
    "Price": 1,
    "PromotionPrice": 0,
    "PromotionShow": 0,
    "PromotionTimeText": "",
    "Banner": "",
    "Enable": true,
    "Show": true,
    "SoldoutShowInShop": false,
    "Tag": 0
  },
  {
    "Id": 204100006,
    "ShopId": 204,
    "TabId": 1,
    "ItemId": 3,
    "Sort": 6,
    "ItemCount": 100,
    "ConditionId": 0,
    "BuyConditionId": 12009005,
    "BuyLimit": 2,
    "SellTimeText": "",
    "MoneyId": 80100001,
    "Price": 100,
    "PromotionPrice": 0,
    "PromotionShow": 0,
    "PromotionTimeText": "",
    "Banner": "",
    "Enable": true,
    "Show": true,
    "SoldoutShowInShop": false,
    "Tag": 0
  },
  {
    "Id": 204100007,
    "ShopId": 204,
    "TabId": 1,
    "ItemId": 36000004,
    "Sort": 7,
    "ItemCount": 1,
    "ConditionId": 0,
    "BuyConditionId": 12009005,
    "BuyLimit": 30,
    "SellTimeText": "",
    "MoneyId": 80100001,
    "Price": 25,
    "PromotionPrice": 0,
    "PromotionShow": 0,
    "PromotionTimeText": "",
    "Banner": "",
    "Enable": true,
    "Show": true,
    "SoldoutShowInShop": false,
    "Tag": 0
  },
  {
    "Id": 204100008,
    "ShopId": 204,
    "TabId": 1,
    "ItemId": 43010004,
    "Sort": 8,
    "ItemCount": 1,
    "ConditionId": 0,
    "BuyConditionId": 12009005,
    "BuyLimit": 20,
    "SellTimeText": "",
    "MoneyId": 80100001,
    "Price": 20,
    "PromotionPrice": 0,
    "PromotionShow": 0,
    "PromotionTimeText": "",
    "Banner": "",
    "Enable": true,
    "Show": true,
    "SoldoutShowInShop": false,
    "Tag": 0
  },
  {
    "Id": 204100009,
    "ShopId": 204,
    "TabId": 1,
    "ItemId": 43020004,
    "Sort": 9,
    "ItemCount": 1,
    "ConditionId": 0,
    "BuyConditionId": 12009005,
    "BuyLimit": 20,
    "SellTimeText": "",
    "MoneyId": 80100001,
    "Price": 20,
    "PromotionPrice": 0,
    "PromotionShow": 0,
    "PromotionTimeText": "",
    "Banner": "",
    "Enable": true,
    "Show": true,
    "SoldoutShowInShop": false,
    "Tag": 0
  },
  {
    "Id": 204100010,
    "ShopId": 204,
    "TabId": 1,
    "ItemId": 36000014,
    "Sort": 10,
    "ItemCount": 10,
    "ConditionId": 0,
    "BuyConditionId": 12009006,
    "BuyLimit": 30,
    "SellTimeText": "",
    "MoneyId": 80100001,
    "Price": 30,
    "PromotionPrice": 0,
    "PromotionShow": 0,
    "PromotionTimeText": "",
    "Banner": "",
    "Enable": true,
    "Show": true,
    "SoldoutShowInShop": false,
    "Tag": 0
  },
  {
    "Id": 204100011,
    "ShopId": 204,
    "TabId": 1,
    "ItemId": 2,
    "Sort": 11,
    "ItemCount": 10000,
    "ConditionId": 0,
    "BuyConditionId": 12009006,
    "BuyLimit": 20,
    "SellTimeText": "",
    "MoneyId": 80100001,
    "Price": 5,
    "PromotionPrice": 0,
    "PromotionShow": 0,
    "PromotionTimeText": "",
    "Banner": "",
    "Enable": true,
    "Show": true,
    "SoldoutShowInShop": false,
    "Tag": 0
  },
  {
    "Id": 204100012,
    "ShopId": 204,
    "TabId": 1,
    "ItemId": 50000088,
    "Sort": 12,
    "ItemCount": 1,
    "ConditionId": 0,
    "BuyConditionId": 12009001,
    "BuyLimit": 1,
    "SellTimeText": "",
    "MoneyId": 80100001,
    "Price": 225,
    "PromotionPrice": 0,
    "PromotionShow": 0,
    "PromotionTimeText": "",
    "Banner": "",
    "Enable": true,
    "Show": true,
    "SoldoutShowInShop": false,
    "Tag": 0
  },
  {
    "Id": 204100013,
    "ShopId": 204,
    "TabId": 1,
    "ItemId": 50000089,
    "Sort": 13,
    "ItemCount": 1,
    "ConditionId": 0,
    "BuyConditionId": 12009001,
    "BuyLimit": 1,
    "SellTimeText": "",
    "MoneyId": 80100001,
    "Price": 225,
    "PromotionPrice": 0,
    "PromotionShow": 0,
    "PromotionTimeText": "",
    "Banner": "",
    "Enable": true,
    "Show": true,
    "SoldoutShowInShop": false,
    "Tag": 0
  },
  {
    "Id": 201100014,
    "ShopId": 201,
    "TabId": 1,
    "ItemId": 2,
    "Sort": 14,
    "ItemCount": 1000,
    "ConditionId": 0,
    "BuyConditionId": 12009002,
    "BuyLimit": 100,
    "SellTimeText": "",
    "MoneyId": 80100001,
    "Price": 1,
    "PromotionPrice": 0,
    "PromotionShow": 0,
    "PromotionTimeText": "",
    "Banner": "",
    "Enable": true,
    "Show": true,
    "SoldoutShowInShop": false,
    "Tag": 0
  },
  {
    "Id": 204100014,
    "ShopId": 204,
    "TabId": 1,
    "ItemId": 50000060,
    "Sort": 14,
    "ItemCount": 1,
    "ConditionId": 0,
    "BuyConditionId": 12009001,
    "BuyLimit": 8,
    "SellTimeText": "",
    "MoneyId": 80100001,
    "Price": 50,
    "PromotionPrice": 0,
    "PromotionShow": 0,
    "PromotionTimeText": "",
    "Banner": "",
    "Enable": true,
    "Show": true,
    "SoldoutShowInShop": false,
    "Tag": 0
  },
  {
    "Id": 204100015,
    "ShopId": 204,
    "TabId": 1,
    "ItemId": 50000061,
    "Sort": 15,
    "ItemCount": 1,
    "ConditionId": 0,
    "BuyConditionId": 12009001,
    "BuyLimit": 8,
    "SellTimeText": "",
    "MoneyId": 80100001,
    "Price": 50,
    "PromotionPrice": 0,
    "PromotionShow": 0,
    "PromotionTimeText": "",
    "Banner": "",
    "Enable": true,
    "Show": true,
    "SoldoutShowInShop": false,
    "Tag": 0
  },
  {
    "Id": 204100016,
    "ShopId": 204,
    "TabId": 1,
    "ItemId": 50000062,
    "Sort": 16,
    "ItemCount": 1,
    "ConditionId": 0,
    "BuyConditionId": 12009001,
    "BuyLimit": 8,
    "SellTimeText": "",
    "MoneyId": 80100001,
    "Price": 50,
    "PromotionPrice": 0,
    "PromotionShow": 0,
    "PromotionTimeText": "",
    "Banner": "",
    "Enable": true,
    "Show": true,
    "SoldoutShowInShop": false,
    "Tag": 0
  },
  {
    "Id": 203100010,
    "ShopId": 5,
    "TabId": 2,
    "ItemId": 43010003,
    "Sort": 9,
    "ItemCount": 1,
    "ConditionId": 0,
    "BuyConditionId": 0,
    "BuyLimit": 25,
    "SellTimeText": "",
    "MoneyId": 11,
    "Price": 16,
    "PromotionPrice": 0,
    "PromotionShow": 0,
    "PromotionTimeText": "",
    "Banner": "",
    "Enable": true,
    "Show": true,
    "SoldoutShowInShop": false,
    "Tag": 0
  },
  {
    "Id": 203100011,
    "ShopId": 5,
    "TabId": 2,
    "ItemId": 43020003,
    "Sort": 10,
    "ItemCount": 1,
    "ConditionId": 0,
    "BuyConditionId": 0,
    "BuyLimit": 25,
    "SellTimeText": "",
    "MoneyId": 11,
    "Price": 16,
    "PromotionPrice": 0,
    "PromotionShow": 0,
    "PromotionTimeText": "",
    "Banner": "",
    "Enable": true,
    "Show": true,
    "SoldoutShowInShop": false,
    "Tag": 0
  },
  {
    "Id": 203100012,
    "ShopId": 5,
    "TabId": 2,
    "ItemId": 36000003,
    "Sort": 11,
    "ItemCount": 1,
    "ConditionId": 0,
    "BuyConditionId": 0,
    "BuyLimit": 25,
    "SellTimeText": "",
    "MoneyId": 11,
    "Price": 20,
    "PromotionPrice": 0,
    "PromotionShow": 0,
    "PromotionTimeText": "",
    "Banner": "",
    "Enable": true,
    "Show": true,
    "SoldoutShowInShop": false,
    "Tag": 0
  },
  {
    "Id": 203100013,
    "ShopId": 5,
    "TabId": 2,
    "ItemId": 43020011,
    "Sort": 12,
    "ItemCount": 1,
    "ConditionId": 0,
    "BuyConditionId": 0,
    "BuyLimit": 60,
    "SellTimeText": "",
    "MoneyId": 11,
    "Price": 2,
    "PromotionPrice": 0,
    "PromotionShow": 0,
    "PromotionTimeText": "",
    "Banner": "",
    "Enable": true,
    "Show": true,
    "SoldoutShowInShop": false,
    "Tag": 0
  },
  {
    "Id": 203100014,
    "ShopId": 5,
    "TabId": 2,
    "ItemId": 43020021,
    "Sort": 13,
    "ItemCount": 1,
    "ConditionId": 0,
    "BuyConditionId": 0,
    "BuyLimit": 60,
    "SellTimeText": "",
    "MoneyId": 11,
    "Price": 2,
    "PromotionPrice": 0,
    "PromotionShow": 0,
    "PromotionTimeText": "",
    "Banner": "",
    "Enable": true,
    "Show": true,
    "SoldoutShowInShop": false,
    "Tag": 0
  },
  {
    "Id": 203100015,
    "ShopId": 5,
    "TabId": 2,
    "ItemId": 43020041,
    "Sort": 14,
    "ItemCount": 1,
    "ConditionId": 0,
    "BuyConditionId": 0,
    "BuyLimit": 60,
    "SellTimeText": "",
    "MoneyId": 11,
    "Price": 2,
    "PromotionPrice": 0,
    "PromotionShow": 0,
    "PromotionTimeText": "",
    "Banner": "",
    "Enable": true,
    "Show": true,
    "SoldoutShowInShop": false,
    "Tag": 0
  },
  {
    "Id": 203100016,
    "ShopId": 5,
    "TabId": 2,
    "ItemId": 43020051,
    "Sort": 15,
    "ItemCount": 1,
    "ConditionId": 0,
    "BuyConditionId": 0,
    "BuyLimit": 60,
    "SellTimeText": "",
    "MoneyId": 11,
    "Price": 2,
    "PromotionPrice": 0,
    "PromotionShow": 0,
    "PromotionTimeText": "",
    "Banner": "",
    "Enable": true,
    "Show": true,
    "SoldoutShowInShop": false,
    "Tag": 0
  },
  {
    "Id": 203100017,
    "ShopId": 5,
    "TabId": 2,
    "ItemId": 43020031,
    "Sort": 16,
    "ItemCount": 1,
    "ConditionId": 0,
    "BuyConditionId": 0,
    "BuyLimit": 60,
    "SellTimeText": "",
    "MoneyId": 11,
    "Price": 2,
    "PromotionPrice": 0,
    "PromotionShow": 0,
    "PromotionTimeText": "",
    "Banner": "",
    "Enable": true,
    "Show": true,
    "SoldoutShowInShop": false,
    "Tag": 0
  },
  {
    "Id": 206100001,
    "ShopId": 206,
    "TabId": 1,
    "ItemId": 3,
    "Sort": 1,
    "ItemCount": 100,
    "ConditionId": 0,
    "BuyConditionId": 0,
    "BuyLimit": 1,
    "SellTimeText": "",
    "MoneyId": 80100001,
    "Price": 100,
    "PromotionPrice": 0,
    "PromotionShow": 0,
    "PromotionTimeText": "",
    "Banner": "",
    "Enable": true,
    "Show": true,
    "SoldoutShowInShop": true,
    "Tag": 0
  },
  {
    "Id": 206100003,
    "ShopId": 206,
    "TabId": 1,
    "ItemId": 43010003,
    "Sort": 3,
    "ItemCount": 1,
    "ConditionId": 0,
    "BuyConditionId": 0,
    "BuyLimit": 30,
    "SellTimeText": "",
    "MoneyId": 80100001,
    "Price": 8,
    "PromotionPrice": 0,
    "PromotionShow": 0,
    "PromotionTimeText": "",
    "Banner": "",
    "Enable": true,
    "Show": true,
    "SoldoutShowInShop": true,
    "Tag": 0
  },
  {
    "Id": 206100004,
    "ShopId": 206,
    "TabId": 1,
    "ItemId": 43020003,
    "Sort": 4,
    "ItemCount": 1,
    "ConditionId": 0,
    "BuyConditionId": 0,
    "BuyLimit": 30,
    "SellTimeText": "",
    "MoneyId": 80100001,
    "Price": 8,
    "PromotionPrice": 0,
    "PromotionShow": 0,
    "PromotionTimeText": "",
    "Banner": "",
    "Enable": true,
    "Show": true,
    "SoldoutShowInShop": true,
    "Tag": 0
  },
  {
    "Id": 206100002,
    "ShopId": 206,
    "TabId": 1,
    "ItemId": 3,
    "Sort": 5,
    "ItemCount": 100,
    "ConditionId": 0,
    "BuyConditionId": 12009007,
    "BuyLimit": 1,
    "SellTimeText": "",
    "MoneyId": 80100001,
    "Price": 100,
    "PromotionPrice": 0,
    "PromotionShow": 0,
    "PromotionTimeText": "",
    "Banner": "",
    "Enable": true,
    "Show": true,
    "SoldoutShowInShop": true,
    "Tag": 0
  },
  {
    "Id": 206100006,
    "ShopId": 206,
    "TabId": 1,
    "ItemId": 3,
    "Sort": 7,
    "ItemCount": 100,
    "ConditionId": 0,
    "BuyConditionId": 12009008,
    "BuyLimit": 2,
    "SellTimeText": "",
    "MoneyId": 80100001,
    "Price": 100,
    "PromotionPrice": 0,
    "PromotionShow": 0,
    "PromotionTimeText": "",
    "Banner": "",
    "Enable": true,
    "Show": true,
    "SoldoutShowInShop": true,
    "Tag": 0
  },
  {
    "Id": 206100007,
    "ShopId": 206,
    "TabId": 1,
    "ItemId": 36000004,
    "Sort": 8,
    "ItemCount": 1,
    "ConditionId": 0,
    "BuyConditionId": 12009008,
    "BuyLimit": 30,
    "SellTimeText": "",
    "MoneyId": 80100001,
    "Price": 25,
    "PromotionPrice": 0,
    "PromotionShow": 0,
    "PromotionTimeText": "",
    "Banner": "",
    "Enable": true,
    "Show": true,
    "SoldoutShowInShop": true,
    "Tag": 0
  },
  {
    "Id": 206100008,
    "ShopId": 206,
    "TabId": 1,
    "ItemId": 43010004,
    "Sort": 9,
    "ItemCount": 1,
    "ConditionId": 0,
    "BuyConditionId": 12009008,
    "BuyLimit": 20,
    "SellTimeText": "",
    "MoneyId": 80100001,
    "Price": 20,
    "PromotionPrice": 0,
    "PromotionShow": 0,
    "PromotionTimeText": "",
    "Banner": "",
    "Enable": true,
    "Show": true,
    "SoldoutShowInShop": true,
    "Tag": 0
  },
  {
    "Id": 206100009,
    "ShopId": 206,
    "TabId": 1,
    "ItemId": 43020004,
    "Sort": 10,
    "ItemCount": 1,
    "ConditionId": 0,
    "BuyConditionId": 12009008,
    "BuyLimit": 20,
    "SellTimeText": "",
    "MoneyId": 80100001,
    "Price": 20,
    "PromotionPrice": 0,
    "PromotionShow": 0,
    "PromotionTimeText": "",
    "Banner": "",
    "Enable": true,
    "Show": true,
    "SoldoutShowInShop": true,
    "Tag": 0
  },
  {
    "Id": 206100010,
    "ShopId": 206,
    "TabId": 1,
    "ItemId": 43020031,
    "Sort": 11,
    "ItemCount": 1,
    "ConditionId": 0,
    "BuyConditionId": 12009009,
    "BuyLimit": 60,
    "SellTimeText": "",
    "MoneyId": 80100001,
    "Price": 2,
    "PromotionPrice": 0,
    "PromotionShow": 0,
    "PromotionTimeText": "",
    "Banner": "",
    "Enable": true,
    "Show": true,
    "SoldoutShowInShop": true,
    "Tag": 0
  },
  {
    "Id": 206100011,
    "ShopId": 206,
    "TabId": 1,
    "ItemId": 43020051,
    "Sort": 12,
    "ItemCount": 1,
    "ConditionId": 0,
    "BuyConditionId": 12009009,
    "BuyLimit": 60,
    "SellTimeText": "",
    "MoneyId": 80100001,
    "Price": 2,
    "PromotionPrice": 0,
    "PromotionShow": 0,
    "PromotionTimeText": "",
    "Banner": "",
    "Enable": true,
    "Show": true,
    "SoldoutShowInShop": true,
    "Tag": 0
  },
  {
    "Id": 206100012,
    "ShopId": 206,
    "TabId": 1,
    "ItemId": 36000014,
    "Sort": 13,
    "ItemCount": 10,
    "ConditionId": 0,
    "BuyConditionId": 12009009,
    "BuyLimit": 30,
    "SellTimeText": "",
    "MoneyId": 80100001,
    "Price": 30,
    "PromotionPrice": 0,
    "PromotionShow": 0,
    "PromotionTimeText": "",
    "Banner": "",
    "Enable": true,
    "Show": true,
    "SoldoutShowInShop": true,
    "Tag": 0
  },
  {
    "Id": 206100013,
    "ShopId": 206,
    "TabId": 1,
    "ItemId": 2,
    "Sort": 14,
    "ItemCount": 10000,
    "ConditionId": 0,
    "BuyConditionId": 12009009,
    "BuyLimit": 20,
    "SellTimeText": "",
    "MoneyId": 80100001,
    "Price": 5,
    "PromotionPrice": 0,
    "PromotionShow": 0,
    "PromotionTimeText": "",
    "Banner": "",
    "Enable": true,
    "Show": true,
    "SoldoutShowInShop": true,
    "Tag": 0
  },
  {
    "Id": 206100014,
    "ShopId": 206,
    "TabId": 1,
    "ItemId": 50000088,
    "Sort": 15,
    "ItemCount": 1,
    "ConditionId": 0,
    "BuyConditionId": 12009009,
    "BuyLimit": 1,
    "SellTimeText": "",
    "MoneyId": 80100001,
    "Price": 225,
    "PromotionPrice": 0,
    "PromotionShow": 0,
    "PromotionTimeText": "",
    "Banner": "",
    "Enable": true,
    "Show": true,
    "SoldoutShowInShop": true,
    "Tag": 0
  },
  {
    "Id": 206100015,
    "ShopId": 206,
    "TabId": 1,
    "ItemId": 50000089,
    "Sort": 16,
    "ItemCount": 1,
    "ConditionId": 0,
    "BuyConditionId": 12009009,
    "BuyLimit": 1,
    "SellTimeText": "",
    "MoneyId": 80100001,
    "Price": 225,
    "PromotionPrice": 0,
    "PromotionShow": 0,
    "PromotionTimeText": "",
    "Banner": "",
    "Enable": true,
    "Show": true,
    "SoldoutShowInShop": true,
    "Tag": 0
  },
  {
    "Id": 206100016,
    "ShopId": 206,
    "TabId": 1,
    "ItemId": 60100535,
    "Sort": 2,
    "ItemCount": 1,
    "ConditionId": 0,
    "BuyConditionId": 12009009,
    "BuyLimit": 1,
    "SellTimeText": "",
    "MoneyId": 80100001,
    "Price": 500,
    "PromotionPrice": 0,
    "PromotionShow": 0,
    "PromotionTimeText": "",
    "Banner": "",
    "Enable": true,
    "Show": true,
    "SoldoutShowInShop": true,
    "Tag": 0
  },
  {
    "Id": 104100009,
    "ShopId": 4,
    "TabId": 1,
    "ItemId": 10001402,
    "Sort": 16,
    "ItemCount": 1,
    "ConditionId": 0,
    "BuyConditionId": 0,
    "BuyLimit": 1,
    "SellTimeText": "",
    "MoneyId": 50004,
    "Price": 55,
    "PromotionPrice": 0,
    "PromotionShow": 0,
    "PromotionTimeText": "",
    "Banner": "",
    "Enable": true,
    "Show": true,
    "SoldoutShowInShop": false,
    "Tag": 0
  },
  {
    "Id": 104100010,
    "ShopId": 4,
    "TabId": 1,
    "ItemId": 10001103,
    "Sort": 18,
    "ItemCount": 1,
    "ConditionId": 0,
    "BuyConditionId": 0,
    "BuyLimit": 1,
    "SellTimeText": "",
    "MoneyId": 50004,
    "Price": 55,
    "PromotionPrice": 0,
    "PromotionShow": 0,
    "PromotionTimeText": "",
    "Banner": "",
    "Enable": true,
    "Show": true,
    "SoldoutShowInShop": false,
    "Tag": 0
  },
  {
    "Id": 104100011,
    "ShopId": 4,
    "TabId": 1,
    "ItemId": 36000014,
    "Sort": 25,
    "ItemCount": 20,
    "ConditionId": 0,
    "BuyConditionId": 0,
    "BuyLimit": 60,
    "SellTimeText": "",
    "MoneyId": 50004,
    "Price": 3,
    "PromotionPrice": 0,
    "PromotionShow": 0,
    "PromotionTimeText": "",
    "Banner": "",
    "Enable": true,
    "Show": true,
    "SoldoutShowInShop": false,
    "Tag": 0
  },
  {
    "Id": 104100012,
    "ShopId": 4,
    "TabId": 1,
    "ItemId": 10001404,
    "Sort": 10,
    "ItemCount": 1,
    "ConditionId": 0,
    "BuyConditionId": 0,
    "BuyLimit": 2,
    "SellTimeText": "",
    "MoneyId": 50004,
    "Price": 360,
    "PromotionPrice": 0,
    "PromotionShow": 0,
    "PromotionTimeText": "",
    "Banner": "",
    "Enable": true,
    "Show": true,
    "SoldoutShowInShop": false,
    "Tag": 0
  },
  {
    "Id": 104100013,
    "ShopId": 4,
    "TabId": 1,
    "ItemId": 10001302,
    "Sort": 10,
    "ItemCount": 1,
    "ConditionId": 0,
    "BuyConditionId": 0,
    "BuyLimit": 2,
    "SellTimeText": "",
    "MoneyId": 50004,
    "Price": 360,
    "PromotionPrice": 0,
    "PromotionShow": 0,
    "PromotionTimeText": "",
    "Banner": "",
    "Enable": true,
    "Show": true,
    "SoldoutShowInShop": false,
    "Tag": 0
  },
  {
    "Id": 104100109,
    "ShopId": 4,
    "TabId": 1,
    "ItemId": 10001202,
    "Sort": 16,
    "ItemCount": 1,
    "ConditionId": 0,
    "BuyConditionId": 0,
    "BuyLimit": 1,
    "SellTimeText": "",
    "MoneyId": 50004,
    "Price": 55,
    "PromotionPrice": 0,
    "PromotionShow": 0,
    "PromotionTimeText": "",
    "Banner": "",
    "Enable": true,
    "Show": true,
    "SoldoutShowInShop": false,
    "Tag": 0
  },
  {
    "Id": 104100110,
    "ShopId": 4,
    "TabId": 1,
    "ItemId": 10001403,
    "Sort": 18,
    "ItemCount": 1,
    "ConditionId": 0,
    "BuyConditionId": 0,
    "BuyLimit": 1,
    "SellTimeText": "",
    "MoneyId": 50004,
    "Price": 55,
    "PromotionPrice": 0,
    "PromotionShow": 0,
    "PromotionTimeText": "",
    "Banner": "",
    "Enable": true,
    "Show": true,
    "SoldoutShowInShop": false,
    "Tag": 0
  },
  {
    "Id": 104100111,
    "ShopId": 4,
    "TabId": 1,
    "ItemId": 36000014,
    "Sort": 25,
    "ItemCount": 20,
    "ConditionId": 0,
    "BuyConditionId": 0,
    "BuyLimit": 60,
    "SellTimeText": "",
    "MoneyId": 50004,
    "Price": 3,
    "PromotionPrice": 0,
    "PromotionShow": 0,
    "PromotionTimeText": "",
    "Banner": "",
    "Enable": true,
    "Show": true,
    "SoldoutShowInShop": false,
    "Tag": 0
  },
  {
    "Id": 104100112,
    "ShopId": 4,
    "TabId": 1,
    "ItemId": 10001304,
    "Sort": 10,
    "ItemCount": 1,
    "ConditionId": 0,
    "BuyConditionId": 0,
    "BuyLimit": 2,
    "SellTimeText": "",
    "MoneyId": 50004,
    "Price": 360,
    "PromotionPrice": 0,
    "PromotionShow": 0,
    "PromotionTimeText": "",
    "Banner": "",
    "Enable": true,
    "Show": true,
    "SoldoutShowInShop": false,
    "Tag": 0
  },
  {
    "Id": 104100113,
    "ShopId": 4,
    "TabId": 1,
    "ItemId": 10001205,
    "Sort": 10,
    "ItemCount": 1,
    "ConditionId": 0,
    "BuyConditionId": 0,
    "BuyLimit": 2,
    "SellTimeText": "",
    "MoneyId": 50004,
    "Price": 360,
    "PromotionPrice": 0,
    "PromotionShow": 0,
    "PromotionTimeText": "",
    "Banner": "",
    "Enable": true,
    "Show": true,
    "SoldoutShowInShop": false,
    "Tag": 0
  },
  {
    "Id": 104200001,
    "ShopId": 4,
    "TabId": 2,
    "ItemId": 50002,
    "Sort": 11,
    "ItemCount": 1,
    "ConditionId": 0,
    "BuyConditionId": 0,
    "BuyLimit": 6,
    "SellTimeText": "",
    "MoneyId": 50003,
    "Price": 128,
    "PromotionPrice": 70,
    "PromotionShow": 0,
    "PromotionTimeText": "",
    "Banner": "",
    "Enable": true,
    "Show": true,
    "SoldoutShowInShop": false,
    "Tag": 0
  },
  {
    "Id": 104200002,
    "ShopId": 4,
    "TabId": 2,
    "ItemId": 50005,
    "Sort": 11,
    "ItemCount": 1,
    "ConditionId": 0,
    "BuyConditionId": 0,
    "BuyLimit": 6,
    "SellTimeText": "",
    "MoneyId": 50003,
    "Price": 128,
    "PromotionPrice": 70,
    "PromotionShow": 0,
    "PromotionTimeText": "",
    "Banner": "",
    "Enable": true,
    "Show": true,
    "SoldoutShowInShop": false,
    "Tag": 0
  },
  {
    "Id": 104200003,
    "ShopId": 4,
    "TabId": 2,
    "ItemId": 50001,
    "Sort": 12,
    "ItemCount": 1,
    "ConditionId": 0,
    "BuyConditionId": 0,
    "BuyLimit": 6,
    "SellTimeText": "",
    "MoneyId": 50003,
    "Price": 128,
    "PromotionPrice": 70,
    "PromotionShow": 0,
    "PromotionTimeText": "",
    "Banner": "",
    "Enable": true,
    "Show": true,
    "SoldoutShowInShop": false,
    "Tag": 0
  },
  {
    "Id": 104200004,
    "ShopId": 4,
    "TabId": 2,
    "ItemId": 43010003,
    "Sort": 15,
    "ItemCount": 1,
    "ConditionId": 0,
    "BuyConditionId": 0,
    "BuyLimit": 80,
    "SellTimeText": "",
    "MoneyId": 50003,
    "Price": 10,
    "PromotionPrice": 0,
    "PromotionShow": 0,
    "PromotionTimeText": "",
    "Banner": "",
    "Enable": true,
    "Show": true,
    "SoldoutShowInShop": false,
    "Tag": 0
  },
  {
    "Id": 104200005,
    "ShopId": 4,
    "TabId": 2,
    "ItemId": 43020003,
    "Sort": 16,
    "ItemCount": 1,
    "ConditionId": 0,
    "BuyConditionId": 0,
    "BuyLimit": 80,
    "SellTimeText": "",
    "MoneyId": 50003,
    "Price": 10,
    "PromotionPrice": 0,
    "PromotionShow": 0,
    "PromotionTimeText": "",
    "Banner": "",
    "Enable": true,
    "Show": true,
    "SoldoutShowInShop": false,
    "Tag": 0
  },
  {
    "Id": 104200006,
    "ShopId": 4,
    "TabId": 2,
    "ItemId": 36000003,
    "Sort": 17,
    "ItemCount": 1,
    "ConditionId": 0,
    "BuyConditionId": 0,
    "BuyLimit": 80,
    "SellTimeText": "",
    "MoneyId": 50003,
    "Price": 10,
    "PromotionPrice": 0,
    "PromotionShow": 0,
    "PromotionTimeText": "",
    "Banner": "",
    "Enable": true,
    "Show": true,
    "SoldoutShowInShop": false,
    "Tag": 0
  },
  {
    "Id": 104200008,
    "ShopId": 4,
    "TabId": 2,
    "ItemId": 41100011,
    "Sort": 18,
    "ItemCount": 5,
    "ConditionId": 0,
    "BuyConditionId": 0,
    "BuyLimit": 40,
    "SellTimeText": "",
    "MoneyId": 50003,
    "Price": 15,
    "PromotionPrice": 0,
    "PromotionShow": 0,
    "PromotionTimeText": "",
    "Banner": "",
    "Enable": true,
    "Show": true,
    "SoldoutShowInShop": false,
    "Tag": 0
  },
  {
    "Id": 104200009,
    "ShopId": 4,
    "TabId": 2,
    "ItemId": 41100021,
    "Sort": 19,
    "ItemCount": 5,
    "ConditionId": 0,
    "BuyConditionId": 0,
    "BuyLimit": 40,
    "SellTimeText": "",
    "MoneyId": 50003,
    "Price": 15,
    "PromotionPrice": 0,
    "PromotionShow": 0,
    "PromotionTimeText": "",
    "Banner": "",
    "Enable": true,
    "Show": true,
    "SoldoutShowInShop": false,
    "Tag": 0
  },
  {
    "Id": 104200010,
    "ShopId": 4,
    "TabId": 2,
    "ItemId": 41100031,
    "Sort": 20,
    "ItemCount": 5,
    "ConditionId": 0,
    "BuyConditionId": 0,
    "BuyLimit": 40,
    "SellTimeText": "",
    "MoneyId": 50003,
    "Price": 15,
    "PromotionPrice": 0,
    "PromotionShow": 0,
    "PromotionTimeText": "",
    "Banner": "",
    "Enable": true,
    "Show": true,
    "SoldoutShowInShop": false,
    "Tag": 0
  },
  {
    "Id": 104200007,
    "ShopId": 4,
    "TabId": 2,
    "ItemId": 2,
    "Sort": 21,
    "ItemCount": 3000,
    "ConditionId": 0,
    "BuyConditionId": 0,
    "BuyLimit": 0,
    "SellTimeText": "",
    "MoneyId": 50003,
    "Price": 6,
    "PromotionPrice": 0,
    "PromotionShow": 0,
    "PromotionTimeText": "",
    "Banner": "",
    "Enable": true,
    "Show": true,
    "SoldoutShowInShop": false,
    "Tag": 0
  },
  {
    "Id": 104200101,
    "ShopId": 4,
    "TabId": 2,
    "ItemId": 50002,
    "Sort": 11,
    "ItemCount": 1,
    "ConditionId": 0,
    "BuyConditionId": 0,
    "BuyLimit": 7,
    "SellTimeText": "",
    "MoneyId": 50003,
    "Price": 128,
    "PromotionPrice": 70,
    "PromotionShow": 0,
    "PromotionTimeText": "",
    "Banner": "",
    "Enable": true,
    "Show": true,
    "SoldoutShowInShop": false,
    "Tag": 0
  },
  {
    "Id": 104200102,
    "ShopId": 4,
    "TabId": 2,
    "ItemId": 50005,
    "Sort": 11,
    "ItemCount": 1,
    "ConditionId": 0,
    "BuyConditionId": 0,
    "BuyLimit": 7,
    "SellTimeText": "",
    "MoneyId": 50003,
    "Price": 128,
    "PromotionPrice": 70,
    "PromotionShow": 0,
    "PromotionTimeText": "",
    "Banner": "",
    "Enable": true,
    "Show": true,
    "SoldoutShowInShop": false,
    "Tag": 0
  },
  {
    "Id": 104200103,
    "ShopId": 4,
    "TabId": 2,
    "ItemId": 50001,
    "Sort": 12,
    "ItemCount": 1,
    "ConditionId": 0,
    "BuyConditionId": 0,
    "BuyLimit": 7,
    "SellTimeText": "",
    "MoneyId": 50003,
    "Price": 128,
    "PromotionPrice": 70,
    "PromotionShow": 0,
    "PromotionTimeText": "",
    "Banner": "",
    "Enable": true,
    "Show": true,
    "SoldoutShowInShop": false,
    "Tag": 0
  },
  {
    "Id": 104200104,
    "ShopId": 4,
    "TabId": 2,
    "ItemId": 43010003,
    "Sort": 15,
    "ItemCount": 1,
    "ConditionId": 0,
    "BuyConditionId": 0,
    "BuyLimit": 80,
    "SellTimeText": "",
    "MoneyId": 50003,
    "Price": 10,
    "PromotionPrice": 0,
    "PromotionShow": 0,
    "PromotionTimeText": "",
    "Banner": "",
    "Enable": true,
    "Show": true,
    "SoldoutShowInShop": false,
    "Tag": 0
  },
  {
    "Id": 104200105,
    "ShopId": 4,
    "TabId": 2,
    "ItemId": 43020003,
    "Sort": 16,
    "ItemCount": 1,
    "ConditionId": 0,
    "BuyConditionId": 0,
    "BuyLimit": 80,
    "SellTimeText": "",
    "MoneyId": 50003,
    "Price": 10,
    "PromotionPrice": 0,
    "PromotionShow": 0,
    "PromotionTimeText": "",
    "Banner": "",
    "Enable": true,
    "Show": true,
    "SoldoutShowInShop": false,
    "Tag": 0
  },
  {
    "Id": 104200106,
    "ShopId": 4,
    "TabId": 2,
    "ItemId": 36000003,
    "Sort": 17,
    "ItemCount": 1,
    "ConditionId": 0,
    "BuyConditionId": 0,
    "BuyLimit": 80,
    "SellTimeText": "",
    "MoneyId": 50003,
    "Price": 10,
    "PromotionPrice": 0,
    "PromotionShow": 0,
    "PromotionTimeText": "",
    "Banner": "",
    "Enable": true,
    "Show": true,
    "SoldoutShowInShop": false,
    "Tag": 0
  },
  {
    "Id": 104200108,
    "ShopId": 4,
    "TabId": 2,
    "ItemId": 41100011,
    "Sort": 18,
    "ItemCount": 5,
    "ConditionId": 0,
    "BuyConditionId": 0,
    "BuyLimit": 40,
    "SellTimeText": "",
    "MoneyId": 50003,
    "Price": 15,
    "PromotionPrice": 0,
    "PromotionShow": 0,
    "PromotionTimeText": "",
    "Banner": "",
    "Enable": true,
    "Show": true,
    "SoldoutShowInShop": false,
    "Tag": 0
  },
  {
    "Id": 104200109,
    "ShopId": 4,
    "TabId": 2,
    "ItemId": 41100021,
    "Sort": 19,
    "ItemCount": 5,
    "ConditionId": 0,
    "BuyConditionId": 0,
    "BuyLimit": 40,
    "SellTimeText": "",
    "MoneyId": 50003,
    "Price": 15,
    "PromotionPrice": 0,
    "PromotionShow": 0,
    "PromotionTimeText": "",
    "Banner": "",
    "Enable": true,
    "Show": true,
    "SoldoutShowInShop": false,
    "Tag": 0
  },
  {
    "Id": 104200110,
    "ShopId": 4,
    "TabId": 2,
    "ItemId": 41100031,
    "Sort": 20,
    "ItemCount": 5,
    "ConditionId": 0,
    "BuyConditionId": 0,
    "BuyLimit": 40,
    "SellTimeText": "",
    "MoneyId": 50003,
    "Price": 15,
    "PromotionPrice": 0,
    "PromotionShow": 0,
    "PromotionTimeText": "",
    "Banner": "",
    "Enable": true,
    "Show": true,
    "SoldoutShowInShop": false,
    "Tag": 0
  },
  {
    "Id": 103100102,
    "ShopId": 3,
    "TabId": 1,
    "ItemId": 51002,
    "Sort": 12,
    "ItemCount": 1,
    "ConditionId": 0,
    "BuyConditionId": 0,
    "BuyLimit": 1,
    "SellTimeText": "",
    "MoneyId": 4,
    "Price": 1150,
    "PromotionPrice": 800,
    "PromotionShow": 3000,
    "PromotionTimeText": "",
    "Banner": "",
    "Enable": true,
    "Show": true,
    "SoldoutShowInShop": false,
    "Tag": 0
  },
  {
    "Id": 103100104,
    "ShopId": 3,
    "TabId": 1,
    "ItemId": 51004,
    "Sort": 14,
    "ItemCount": 1,
    "ConditionId": 0,
    "BuyConditionId": 0,
    "BuyLimit": 2,
    "SellTimeText": "",
    "MoneyId": 4,
    "Price": 1400,
    "PromotionPrice": 980,
    "PromotionShow": 0,
    "PromotionTimeText": "",
    "Banner": "",
    "Enable": true,
    "Show": true,
    "SoldoutShowInShop": false,
    "Tag": 0
  },
  {
    "Id": 205100001,
    "ShopId": 205,
    "TabId": 1,
    "ItemId": 3,
    "Sort": 6,
    "ItemCount": 60,
    "ConditionId": 0,
    "BuyConditionId": 12100028,
    "BuyLimit": 1,
    "SellTimeText": "",
    "MoneyId": 18,
    "Price": 60,
    "PromotionPrice": 0,
    "PromotionShow": 0,
    "PromotionTimeText": "",
    "Banner": "",
    "Enable": true,
    "Show": true,
    "SoldoutShowInShop": true,
    "Tag": 0
  },
  {
    "Id": 205100002,
    "ShopId": 205,
    "TabId": 1,
    "ItemId": 3,
    "Sort": 12,
    "ItemCount": 60,
    "ConditionId": 0,
    "BuyConditionId": 12100029,
    "BuyLimit": 1,
    "SellTimeText": "",
    "MoneyId": 18,
    "Price": 60,
    "PromotionPrice": 0,
    "PromotionShow": 0,
    "PromotionTimeText": "",
    "Banner": "",
    "Enable": true,
    "Show": true,
    "SoldoutShowInShop": true,
    "Tag": 0
  },
  {
    "Id": 205100003,
    "ShopId": 205,
    "TabId": 1,
    "ItemId": 3,
    "Sort": 16,
    "ItemCount": 60,
    "ConditionId": 0,
    "BuyConditionId": 12100030,
    "BuyLimit": 1,
    "SellTimeText": "",
    "MoneyId": 18,
    "Price": 60,
    "PromotionPrice": 0,
    "PromotionShow": 0,
    "PromotionTimeText": "",
    "Banner": "",
    "Enable": true,
    "Show": true,
    "SoldoutShowInShop": true,
    "Tag": 0
  },
  {
    "Id": 205100004,
    "ShopId": 205,
    "TabId": 1,
    "ItemId": 3,
    "Sort": 21,
    "ItemCount": 60,
    "ConditionId": 0,
    "BuyConditionId": 12100031,
    "BuyLimit": 1,
    "SellTimeText": "",
    "MoneyId": 18,
    "Price": 60,
    "PromotionPrice": 0,
    "PromotionShow": 0,
    "PromotionTimeText": "",
    "Banner": "",
    "Enable": true,
    "Show": true,
    "SoldoutShowInShop": true,
    "Tag": 0
  },
  {
    "Id": 205100005,
    "ShopId": 205,
    "TabId": 1,
    "ItemId": 43010003,
    "Sort": 1,
    "ItemCount": 1,
    "ConditionId": 0,
    "BuyConditionId": 0,
    "BuyLimit": 20,
    "SellTimeText": "",
    "MoneyId": 18,
    "Price": 8,
    "PromotionPrice": 0,
    "PromotionShow": 0,
    "PromotionTimeText": "",
    "Banner": "",
    "Enable": true,
    "Show": true,
    "SoldoutShowInShop": true,
    "Tag": 0
  },
  {
    "Id": 205100006,
    "ShopId": 205,
    "TabId": 1,
    "ItemId": 36000003,
    "Sort": 2,
    "ItemCount": 1,
    "ConditionId": 0,
    "BuyConditionId": 0,
    "BuyLimit": 20,
    "SellTimeText": "",
    "MoneyId": 18,
    "Price": 10,
    "PromotionPrice": 0,
    "PromotionShow": 0,
    "PromotionTimeText": "",
    "Banner": "",
    "Enable": true,
    "Show": true,
    "SoldoutShowInShop": true,
    "Tag": 0
  },
  {
    "Id": 205100007,
    "ShopId": 205,
    "TabId": 1,
    "ItemId": 2,
    "Sort": 3,
    "ItemCount": 1000,
    "ConditionId": 0,
    "BuyConditionId": 0,
    "BuyLimit": 200,
    "SellTimeText": "",
    "MoneyId": 18,
    "Price": 1,
    "PromotionPrice": 0,
    "PromotionShow": 0,
    "PromotionTimeText": "",
    "Banner": "",
    "Enable": true,
    "Show": true,
    "SoldoutShowInShop": true,
    "Tag": 0
  },
  {
    "Id": 205100008,
    "ShopId": 205,
    "TabId": 1,
    "ItemId": 42300100,
    "Sort": 4,
    "ItemCount": 1,
    "ConditionId": 0,
    "BuyConditionId": 0,
    "BuyLimit": 30,
    "SellTimeText": "",
    "MoneyId": 18,
    "Price": 5,
    "PromotionPrice": 0,
    "PromotionShow": 0,
    "PromotionTimeText": "",
    "Banner": "",
    "Enable": true,
    "Show": true,
    "SoldoutShowInShop": true,
    "Tag": 0
  },
  {
    "Id": 205100009,
    "ShopId": 205,
    "TabId": 1,
    "ItemId": 42300050,
    "Sort": 5,
    "ItemCount": 1,
    "ConditionId": 0,
    "BuyConditionId": 0,
    "BuyLimit": 30,
    "SellTimeText": "",
    "MoneyId": 18,
    "Price": 5,
    "PromotionPrice": 0,
    "PromotionShow": 0,
    "PromotionTimeText": "",
    "Banner": "",
    "Enable": true,
    "Show": true,
    "SoldoutShowInShop": true,
    "Tag": 0
  },
  {
    "Id": 205100010,
    "ShopId": 205,
    "TabId": 1,
    "ItemId": 43020012,
    "Sort": 7,
    "ItemCount": 10,
    "ConditionId": 0,
    "BuyConditionId": 12100029,
    "BuyLimit": 3,
    "SellTimeText": "",
    "MoneyId": 18,
    "Price": 30,
    "PromotionPrice": 0,
    "PromotionShow": 0,
    "PromotionTimeText": "",
    "Banner": "",
    "Enable": true,
    "Show": true,
    "SoldoutShowInShop": true,
    "Tag": 0
  },
  {
    "Id": 205100011,
    "ShopId": 205,
    "TabId": 1,
    "ItemId": 43020022,
    "Sort": 8,
    "ItemCount": 10,
    "ConditionId": 0,
    "BuyConditionId": 12100029,
    "BuyLimit": 3,
    "SellTimeText": "",
    "MoneyId": 18,
    "Price": 30,
    "PromotionPrice": 0,
    "PromotionShow": 0,
    "PromotionTimeText": "",
    "Banner": "",
    "Enable": true,
    "Show": true,
    "SoldoutShowInShop": true,
    "Tag": 0
  },
  {
    "Id": 205100012,
    "ShopId": 205,
    "TabId": 1,
    "ItemId": 43020032,
    "Sort": 9,
    "ItemCount": 10,
    "ConditionId": 0,
    "BuyConditionId": 12100029,
    "BuyLimit": 3,
    "SellTimeText": "",
    "MoneyId": 18,
    "Price": 30,
    "PromotionPrice": 0,
    "PromotionShow": 0,
    "PromotionTimeText": "",
    "Banner": "",
    "Enable": true,
    "Show": true,
    "SoldoutShowInShop": true,
    "Tag": 0
  },
  {
    "Id": 205100013,
    "ShopId": 205,
    "TabId": 1,
    "ItemId": 43020042,
    "Sort": 10,
    "ItemCount": 10,
    "ConditionId": 0,
    "BuyConditionId": 12100029,
    "BuyLimit": 3,
    "SellTimeText": "",
    "MoneyId": 18,
    "Price": 30,
    "PromotionPrice": 0,
    "PromotionShow": 0,
    "PromotionTimeText": "",
    "Banner": "",
    "Enable": true,
    "Show": true,
    "SoldoutShowInShop": true,
    "Tag": 0
  },
  {
    "Id": 205100014,
    "ShopId": 205,
    "TabId": 1,
    "ItemId": 43020052,
    "Sort": 11,
    "ItemCount": 10,
    "ConditionId": 0,
    "BuyConditionId": 12100029,
    "BuyLimit": 3,
    "SellTimeText": "",
    "MoneyId": 18,
    "Price": 30,
    "PromotionPrice": 0,
    "PromotionShow": 0,
    "PromotionTimeText": "",
    "Banner": "",
    "Enable": true,
    "Show": true,
    "SoldoutShowInShop": true,
    "Tag": 0
  },
  {
    "Id": 205100015,
    "ShopId": 205,
    "TabId": 1,
    "ItemId": 43010004,
    "Sort": 13,
    "ItemCount": 1,
    "ConditionId": 0,
    "BuyConditionId": 12100030,
    "BuyLimit": 20,
    "SellTimeText": "",
    "MoneyId": 18,
    "Price": 20,
    "PromotionPrice": 0,
    "PromotionShow": 0,
    "PromotionTimeText": "",
    "Banner": "",
    "Enable": true,
    "Show": true,
    "SoldoutShowInShop": true,
    "Tag": 0
  },
  {
    "Id": 205100016,
    "ShopId": 205,
    "TabId": 1,
    "ItemId": 36000004,
    "Sort": 14,
    "ItemCount": 1,
    "ConditionId": 0,
    "BuyConditionId": 12100030,
    "BuyLimit": 20,
    "SellTimeText": "",
    "MoneyId": 18,
    "Price": 25,
    "PromotionPrice": 0,
    "PromotionShow": 0,
    "PromotionTimeText": "",
    "Banner": "",
    "Enable": true,
    "Show": true,
    "SoldoutShowInShop": true,
    "Tag": 0
  },
  {
    "Id": 205100017,
    "ShopId": 205,
    "TabId": 1,
    "ItemId": 43020004,
    "Sort": 15,
    "ItemCount": 1,
    "ConditionId": 0,
    "BuyConditionId": 12100030,
    "BuyLimit": 15,
    "SellTimeText": "",
    "MoneyId": 18,
    "Price": 20,
    "PromotionPrice": 0,
    "PromotionShow": 0,
    "PromotionTimeText": "",
    "Banner": "",
    "Enable": true,
    "Show": true,
    "SoldoutShowInShop": true,
    "Tag": 0
  },
  {
    "Id": 205100018,
    "ShopId": 205,
    "TabId": 1,
    "ItemId": 36000014,
    "Sort": 17,
    "ItemCount": 10,
    "ConditionId": 0,
    "BuyConditionId": 12100031,
    "BuyLimit": 10,
    "SellTimeText": "",
    "MoneyId": 18,
    "Price": 30,
    "PromotionPrice": 0,
    "PromotionShow": 0,
    "PromotionTimeText": "",
    "Banner": "",
    "Enable": true,
    "Show": true,
    "SoldoutShowInShop": true,
    "Tag": 0
  },
  {
    "Id": 205100019,
    "ShopId": 205,
    "TabId": 1,
    "ItemId": 80000027,
    "Sort": 18,
    "ItemCount": 1,
    "ConditionId": 0,
    "BuyConditionId": 12100031,
    "BuyLimit": 5,
    "SellTimeText": "",
    "MoneyId": 18,
    "Price": 10,
    "PromotionPrice": 0,
    "PromotionShow": 0,
    "PromotionTimeText": "",
    "Banner": "",
    "Enable": true,
    "Show": true,
    "SoldoutShowInShop": true,
    "Tag": 0
  },
  {
    "Id": 205100020,
    "ShopId": 205,
    "TabId": 1,
    "ItemId": 80000030,
    "Sort": 19,
    "ItemCount": 1,
    "ConditionId": 0,
    "BuyConditionId": 12100031,
    "BuyLimit": 5,
    "SellTimeText": "",
    "MoneyId": 18,
    "Price": 10,
    "PromotionPrice": 0,
    "PromotionShow": 0,
    "PromotionTimeText": "",
    "Banner": "",
    "Enable": true,
    "Show": true,
    "SoldoutShowInShop": true,
    "Tag": 0
  },
  {
    "Id": 205100021,
    "ShopId": 205,
    "TabId": 1,
    "ItemId": 80021007,
    "Sort": 20,
    "ItemCount": 1,
    "ConditionId": 0,
    "BuyConditionId": 12100031,
    "BuyLimit": 10,
    "SellTimeText": "",
    "MoneyId": 18,
    "Price": 5,
    "PromotionPrice": 0,
    "PromotionShow": 0,
    "PromotionTimeText": "",
    "Banner": "",
    "Enable": true,
    "Show": true,
    "SoldoutShowInShop": true,
    "Tag": 0
  },
  {
    "Id": 205100022,
    "ShopId": 205,
    "TabId": 1,
    "ItemId": 50000084,
    "Sort": 22,
    "ItemCount": 1,
    "ConditionId": 0,
    "BuyConditionId": 12100031,
    "BuyLimit": 10,
    "SellTimeText": "",
    "MoneyId": 18,
    "Price": 10,
    "PromotionPrice": 0,
    "PromotionShow": 0,
    "PromotionTimeText": "",
    "Banner": "",
    "Enable": true,
    "Show": true,
    "SoldoutShowInShop": true,
    "Tag": 0
  },
  {
    "Id": 206100017,
    "ShopId": 206,
    "TabId": 1,
    "ItemId": 36000003,
    "Sort": 17,
    "ItemCount": 1,
    "ConditionId": 0,
    "BuyConditionId": 12009010,
    "BuyLimit": 50,
    "SellTimeText": "",
    "MoneyId": 80100001,
    "Price": 10,
    "PromotionPrice": 0,
    "PromotionShow": 0,
    "PromotionTimeText": "",
    "Banner": "",
    "Enable": true,
    "Show": true,
    "SoldoutShowInShop": true,
    "Tag": 0
  },
  {
    "Id": 206100005,
    "ShopId": 206,
    "TabId": 1,
    "ItemId": 2,
    "Sort": 6,
    "ItemCount": 10000,
    "ConditionId": 0,
    "BuyConditionId": 0,
    "BuyLimit": 12,
    "SellTimeText": "",
    "MoneyId": 80100001,
    "Price": 10,
    "PromotionPrice": 0,
    "PromotionShow": 0,
    "PromotionTimeText": "",
    "Banner": "",
    "Enable": true,
    "Show": true,
    "SoldoutShowInShop": true,
    "Tag": 0
  },
  {
    "Id": 205100023,
    "ShopId": 205,
    "TabId": 1,
    "ItemId": 50000085,
    "Sort": 23,
    "ItemCount": 1,
    "ConditionId": 0,
    "BuyConditionId": 12100031,
    "BuyLimit": 10,
    "SellTimeText": "",
    "MoneyId": 18,
    "Price": 10,
    "PromotionPrice": 0,
    "PromotionShow": 0,
    "PromotionTimeText": "",
    "Banner": "",
    "Enable": true,
    "Show": true,
    "SoldoutShowInShop": true,
    "Tag": 0
  },
  {
    "Id": 205100024,
    "ShopId": 205,
    "TabId": 1,
    "ItemId": 50000086,
    "Sort": 24,
    "ItemCount": 1,
    "ConditionId": 0,
    "BuyConditionId": 12100031,
    "BuyLimit": 10,
    "SellTimeText": "",
    "MoneyId": 18,
    "Price": 10,
    "PromotionPrice": 0,
    "PromotionShow": 0,
    "PromotionTimeText": "",
    "Banner": "",
    "Enable": true,
    "Show": true,
    "SoldoutShowInShop": true,
    "Tag": 0
  },
  {
    "Id": 205100025,
    "ShopId": 205,
    "TabId": 1,
    "ItemId": 2,
    "Sort": 25,
    "ItemCount": 10000,
    "ConditionId": 0,
    "BuyConditionId": 12100031,
    "BuyLimit": 30,
    "SellTimeText": "",
    "MoneyId": 18,
    "Price": 10,
    "PromotionPrice": 0,
    "PromotionShow": 0,
    "PromotionTimeText": "",
    "Banner": "",
    "Enable": true,
    "Show": true,
    "SoldoutShowInShop": true,
    "Tag": 0
  },
  {
    "Id": 104100114,
    "ShopId": 4,
    "TabId": 1,
    "ItemId": 10001601,
    "Sort": 16,
    "ItemCount": 1,
    "ConditionId": 0,
    "BuyConditionId": 0,
    "BuyLimit": 1,
    "SellTimeText": "",
    "MoneyId": 50004,
    "Price": 55,
    "PromotionPrice": 0,
    "PromotionShow": 0,
    "PromotionTimeText": "",
    "Banner": "",
    "Enable": true,
    "Show": true,
    "SoldoutShowInShop": false,
    "Tag": 0
  },
  {
    "Id": 104100115,
    "ShopId": 4,
    "TabId": 1,
    "ItemId": 10001204,
    "Sort": 18,
    "ItemCount": 1,
    "ConditionId": 0,
    "BuyConditionId": 0,
    "BuyLimit": 1,
    "SellTimeText": "",
    "MoneyId": 50004,
    "Price": 55,
    "PromotionPrice": 0,
    "PromotionShow": 0,
    "PromotionTimeText": "",
    "Banner": "",
    "Enable": true,
    "Show": true,
    "SoldoutShowInShop": false,
    "Tag": 0
  },
  {
    "Id": 104100116,
    "ShopId": 4,
    "TabId": 1,
    "ItemId": 36000014,
    "Sort": 25,
    "ItemCount": 20,
    "ConditionId": 0,
    "BuyConditionId": 0,
    "BuyLimit": 60,
    "SellTimeText": "",
    "MoneyId": 50004,
    "Price": 3,
    "PromotionPrice": 0,
    "PromotionShow": 0,
    "PromotionTimeText": "",
    "Banner": "",
    "Enable": true,
    "Show": true,
    "SoldoutShowInShop": false,
    "Tag": 0
  },
  {
    "Id": 104100117,
    "ShopId": 4,
    "TabId": 1,
    "ItemId": 10001305,
    "Sort": 10,
    "ItemCount": 1,
    "ConditionId": 0,
    "BuyConditionId": 0,
    "BuyLimit": 2,
    "SellTimeText": "",
    "MoneyId": 50004,
    "Price": 360,
    "PromotionPrice": 0,
    "PromotionShow": 0,
    "PromotionTimeText": "",
    "Banner": "",
    "Enable": true,
    "Show": true,
    "SoldoutShowInShop": false,
    "Tag": 0
  },
  {
    "Id": 104100118,
    "ShopId": 4,
    "TabId": 1,
    "ItemId": 10001105,
    "Sort": 10,
    "ItemCount": 1,
    "ConditionId": 0,
    "BuyConditionId": 0,
    "BuyLimit": 2,
    "SellTimeText": "",
    "MoneyId": 50004,
    "Price": 360,
    "PromotionPrice": 0,
    "PromotionShow": 0,
    "PromotionTimeText": "",
    "Banner": "",
    "Enable": true,
    "Show": true,
    "SoldoutShowInShop": false,
    "Tag": 0
  },
  {
    "Id": 104200201,
    "ShopId": 4,
    "TabId": 2,
    "ItemId": 50002,
    "Sort": 11,
    "ItemCount": 1,
    "ConditionId": 0,
    "BuyConditionId": 0,
    "BuyLimit": 7,
    "SellTimeText": "",
    "MoneyId": 50003,
    "Price": 128,
    "PromotionPrice": 70,
    "PromotionShow": 0,
    "PromotionTimeText": "",
    "Banner": "",
    "Enable": true,
    "Show": true,
    "SoldoutShowInShop": false,
    "Tag": 0
  },
  {
    "Id": 104200202,
    "ShopId": 4,
    "TabId": 2,
    "ItemId": 50005,
    "Sort": 11,
    "ItemCount": 1,
    "ConditionId": 0,
    "BuyConditionId": 0,
    "BuyLimit": 7,
    "SellTimeText": "",
    "MoneyId": 50003,
    "Price": 128,
    "PromotionPrice": 70,
    "PromotionShow": 0,
    "PromotionTimeText": "",
    "Banner": "",
    "Enable": true,
    "Show": true,
    "SoldoutShowInShop": false,
    "Tag": 0
  },
  {
    "Id": 104200203,
    "ShopId": 4,
    "TabId": 2,
    "ItemId": 50001,
    "Sort": 12,
    "ItemCount": 1,
    "ConditionId": 0,
    "BuyConditionId": 0,
    "BuyLimit": 7,
    "SellTimeText": "",
    "MoneyId": 50003,
    "Price": 128,
    "PromotionPrice": 70,
    "PromotionShow": 0,
    "PromotionTimeText": "",
    "Banner": "",
    "Enable": true,
    "Show": true,
    "SoldoutShowInShop": false,
    "Tag": 0
  },
  {
    "Id": 104200204,
    "ShopId": 4,
    "TabId": 2,
    "ItemId": 43010003,
    "Sort": 15,
    "ItemCount": 1,
    "ConditionId": 0,
    "BuyConditionId": 0,
    "BuyLimit": 80,
    "SellTimeText": "",
    "MoneyId": 50003,
    "Price": 10,
    "PromotionPrice": 0,
    "PromotionShow": 0,
    "PromotionTimeText": "",
    "Banner": "",
    "Enable": true,
    "Show": true,
    "SoldoutShowInShop": false,
    "Tag": 0
  },
  {
    "Id": 104200205,
    "ShopId": 4,
    "TabId": 2,
    "ItemId": 43020003,
    "Sort": 16,
    "ItemCount": 1,
    "ConditionId": 0,
    "BuyConditionId": 0,
    "BuyLimit": 80,
    "SellTimeText": "",
    "MoneyId": 50003,
    "Price": 10,
    "PromotionPrice": 0,
    "PromotionShow": 0,
    "PromotionTimeText": "",
    "Banner": "",
    "Enable": true,
    "Show": true,
    "SoldoutShowInShop": false,
    "Tag": 0
  },
  {
    "Id": 104200206,
    "ShopId": 4,
    "TabId": 2,
    "ItemId": 36000003,
    "Sort": 17,
    "ItemCount": 1,
    "ConditionId": 0,
    "BuyConditionId": 0,
    "BuyLimit": 80,
    "SellTimeText": "",
    "MoneyId": 50003,
    "Price": 10,
    "PromotionPrice": 0,
    "PromotionShow": 0,
    "PromotionTimeText": "",
    "Banner": "",
    "Enable": true,
    "Show": true,
    "SoldoutShowInShop": false,
    "Tag": 0
  },
  {
    "Id": 104200207,
    "ShopId": 4,
    "TabId": 2,
    "ItemId": 41100011,
    "Sort": 18,
    "ItemCount": 5,
    "ConditionId": 0,
    "BuyConditionId": 0,
    "BuyLimit": 40,
    "SellTimeText": "",
    "MoneyId": 50003,
    "Price": 15,
    "PromotionPrice": 0,
    "PromotionShow": 0,
    "PromotionTimeText": "",
    "Banner": "",
    "Enable": true,
    "Show": true,
    "SoldoutShowInShop": false,
    "Tag": 0
  },
  {
    "Id": 104200208,
    "ShopId": 4,
    "TabId": 2,
    "ItemId": 41100021,
    "Sort": 19,
    "ItemCount": 5,
    "ConditionId": 0,
    "BuyConditionId": 0,
    "BuyLimit": 40,
    "SellTimeText": "",
    "MoneyId": 50003,
    "Price": 15,
    "PromotionPrice": 0,
    "PromotionShow": 0,
    "PromotionTimeText": "",
    "Banner": "",
    "Enable": true,
    "Show": true,
    "SoldoutShowInShop": false,
    "Tag": 0
  },
  {
    "Id": 104200209,
    "ShopId": 4,
    "TabId": 2,
    "ItemId": 41100031,
    "Sort": 20,
    "ItemCount": 5,
    "ConditionId": 0,
    "BuyConditionId": 0,
    "BuyLimit": 40,
    "SellTimeText": "",
    "MoneyId": 50003,
    "Price": 15,
    "PromotionPrice": 0,
    "PromotionShow": 0,
    "PromotionTimeText": "",
    "Banner": "",
    "Enable": true,
    "Show": true,
    "SoldoutShowInShop": false,
    "Tag": 0
  },
  {
    "Id": 103100112,
    "ShopId": 3,
    "TabId": 1,
    "ItemId": 51002,
    "Sort": 12,
    "ItemCount": 1,
    "ConditionId": 0,
    "BuyConditionId": 0,
    "BuyLimit": 1,
    "SellTimeText": "",
    "MoneyId": 4,
    "Price": 1150,
    "PromotionPrice": 800,
    "PromotionShow": 3000,
    "PromotionTimeText": "",
    "Banner": "",
    "Enable": true,
    "Show": true,
    "SoldoutShowInShop": false,
    "Tag": 0
  },
  {
    "Id": 103100114,
    "ShopId": 3,
    "TabId": 1,
    "ItemId": 51004,
    "Sort": 14,
    "ItemCount": 1,
    "ConditionId": 0,
    "BuyConditionId": 0,
    "BuyLimit": 2,
    "SellTimeText": "",
    "MoneyId": 4,
    "Price": 1400,
    "PromotionPrice": 980,
    "PromotionShow": 0,
    "PromotionTimeText": "",
    "Banner": "",
    "Enable": true,
    "Show": true,
    "SoldoutShowInShop": false,
    "Tag": 0
  },
  {
    "Id": 206100018,
    "ShopId": 206,
    "TabId": 1,
    "ItemId": 2,
    "Sort": 18,
    "ItemCount": 10000,
    "ConditionId": 0,
    "BuyConditionId": 12009010,
    "BuyLimit": 40,
    "SellTimeText": "",
    "MoneyId": 80100001,
    "Price": 10,
    "PromotionPrice": 0,
    "PromotionShow": 0,
    "PromotionTimeText": "",
    "Banner": "",
    "Enable": true,
    "Show": true,
    "SoldoutShowInShop": true,
    "Tag": 0
  },
  {
    "Id": 206100019,
    "ShopId": 206,
    "TabId": 1,
    "ItemId": 50000060,
    "Sort": 19,
    "ItemCount": 1,
    "ConditionId": 0,
    "BuyConditionId": 12009010,
    "BuyLimit": 12,
    "SellTimeText": "",
    "MoneyId": 80100001,
    "Price": 40,
    "PromotionPrice": 0,
    "PromotionShow": 0,
    "PromotionTimeText": "",
    "Banner": "",
    "Enable": true,
    "Show": true,
    "SoldoutShowInShop": true,
    "Tag": 0
  },
  {
    "Id": 206100020,
    "ShopId": 206,
    "TabId": 1,
    "ItemId": 50000061,
    "Sort": 20,
    "ItemCount": 1,
    "ConditionId": 0,
    "BuyConditionId": 12009010,
    "BuyLimit": 15,
    "SellTimeText": "",
    "MoneyId": 80100001,
    "Price": 40,
    "PromotionPrice": 0,
    "PromotionShow": 0,
    "PromotionTimeText": "",
    "Banner": "",
    "Enable": true,
    "Show": true,
    "SoldoutShowInShop": true,
    "Tag": 0
  },
  {
    "Id": 206100021,
    "ShopId": 206,
    "TabId": 1,
    "ItemId": 50000062,
    "Sort": 21,
    "ItemCount": 1,
    "ConditionId": 0,
    "BuyConditionId": 12009010,
    "BuyLimit": 12,
    "SellTimeText": "",
    "MoneyId": 80100001,
    "Price": 40,
    "PromotionPrice": 0,
    "PromotionShow": 0,
    "PromotionTimeText": "",
    "Banner": "",
    "Enable": true,
    "Show": true,
    "SoldoutShowInShop": true,
    "Tag": 0
  },
  {
    "Id": 204100017,
    "ShopId": 204,
    "TabId": 1,
    "ItemId": 43020011,
    "Sort": 17,
    "ItemCount": 1,
    "ConditionId": 0,
    "BuyConditionId": 12009006,
    "BuyLimit": 100,
    "SellTimeText": "",
    "MoneyId": 80100001,
    "Price": 2,
    "PromotionPrice": 0,
    "PromotionShow": 0,
    "PromotionTimeText": "",
    "Banner": "",
    "Enable": true,
    "Show": true,
    "SoldoutShowInShop": false,
    "Tag": 0
  },
  {
    "Id": 204100018,
    "ShopId": 204,
    "TabId": 1,
    "ItemId": 36000003,
    "Sort": 18,
    "ItemCount": 1,
    "ConditionId": 0,
    "BuyConditionId": 12009006,
    "BuyLimit": 50,
    "SellTimeText": "",
    "MoneyId": 80100001,
    "Price": 10,
    "PromotionPrice": 0,
    "PromotionShow": 0,
    "PromotionTimeText": "",
    "Banner": "",
    "Enable": true,
    "Show": true,
    "SoldoutShowInShop": false,
    "Tag": 0
  },
  {
    "Id": 204100019,
    "ShopId": 204,
    "TabId": 1,
    "ItemId": 2,
    "Sort": 19,
    "ItemCount": 10000,
    "ConditionId": 0,
    "BuyConditionId": 12009006,
    "BuyLimit": 30,
    "SellTimeText": "",
    "MoneyId": 80100001,
    "Price": 10,
    "PromotionPrice": 0,
    "PromotionShow": 0,
    "PromotionTimeText": "",
    "Banner": "",
    "Enable": true,
    "Show": true,
    "SoldoutShowInShop": false,
    "Tag": 0
  },
  {
    "Id": 204100020,
    "ShopId": 204,
    "TabId": 1,
    "ItemId": 50000060,
    "Sort": 20,
    "ItemCount": 1,
    "ConditionId": 0,
    "BuyConditionId": 12009006,
    "BuyLimit": 10,
    "SellTimeText": "",
    "MoneyId": 80100001,
    "Price": 50,
    "PromotionPrice": 0,
    "PromotionShow": 0,
    "PromotionTimeText": "",
    "Banner": "",
    "Enable": true,
    "Show": true,
    "SoldoutShowInShop": false,
    "Tag": 0
  },
  {
    "Id": 204100021,
    "ShopId": 204,
    "TabId": 1,
    "ItemId": 50000061,
    "Sort": 21,
    "ItemCount": 1,
    "ConditionId": 0,
    "BuyConditionId": 12009006,
    "BuyLimit": 10,
    "SellTimeText": "",
    "MoneyId": 80100001,
    "Price": 50,
    "PromotionPrice": 0,
    "PromotionShow": 0,
    "PromotionTimeText": "",
    "Banner": "",
    "Enable": true,
    "Show": true,
    "SoldoutShowInShop": false,
    "Tag": 0
  },
  {
    "Id": 203100020,
    "ShopId": 5,
    "TabId": 2,
    "ItemId": 43010004,
    "Sort": 17,
    "ItemCount": 1,
    "ConditionId": 0,
    "BuyConditionId": 0,
    "BuyLimit": 8,
    "SellTimeText": "",
    "MoneyId": 11,
    "Price": 40,
    "PromotionPrice": 0,
    "PromotionShow": 0,
    "PromotionTimeText": "",
    "Banner": "",
    "Enable": true,
    "Show": true,
    "SoldoutShowInShop": false,
    "Tag": 0
  },
  {
    "Id": 203100021,
    "ShopId": 5,
    "TabId": 2,
    "ItemId": 43020004,
    "Sort": 18,
    "ItemCount": 1,
    "ConditionId": 0,
    "BuyConditionId": 0,
    "BuyLimit": 8,
    "SellTimeText": "",
    "MoneyId": 11,
    "Price": 40,
    "PromotionPrice": 0,
    "PromotionShow": 0,
    "PromotionTimeText": "",
    "Banner": "",
    "Enable": true,
    "Show": true,
    "SoldoutShowInShop": false,
    "Tag": 0
  },
  {
    "Id": 203100022,
    "ShopId": 5,
    "TabId": 2,
    "ItemId": 2,
    "Sort": 19,
    "ItemCount": 10000,
    "ConditionId": 0,
    "BuyConditionId": 0,
    "BuyLimit": 30,
    "SellTimeText": "",
    "MoneyId": 11,
    "Price": 16,
    "PromotionPrice": 0,
    "PromotionShow": 0,
    "PromotionTimeText": "",
    "Banner": "",
    "Enable": true,
    "Show": true,
    "SoldoutShowInShop": false,
    "Tag": 0
  },
  {
    "Id": 203100023,
    "ShopId": 5,
    "TabId": 2,
    "ItemId": 43020012,
    "Sort": 20,
    "ItemCount": 1,
    "ConditionId": 0,
    "BuyConditionId": 0,
    "BuyLimit": 20,
    "SellTimeText": "",
    "MoneyId": 11,
    "Price": 6,
    "PromotionPrice": 0,
    "PromotionShow": 0,
    "PromotionTimeText": "",
    "Banner": "",
    "Enable": true,
    "Show": true,
    "SoldoutShowInShop": false,
    "Tag": 0
  },
  {
    "Id": 203100024,
    "ShopId": 5,
    "TabId": 2,
    "ItemId": 43020022,
    "Sort": 21,
    "ItemCount": 1,
    "ConditionId": 0,
    "BuyConditionId": 0,
    "BuyLimit": 20,
    "SellTimeText": "",
    "MoneyId": 11,
    "Price": 6,
    "PromotionPrice": 0,
    "PromotionShow": 0,
    "PromotionTimeText": "",
    "Banner": "",
    "Enable": true,
    "Show": true,
    "SoldoutShowInShop": false,
    "Tag": 0
  },
  {
    "Id": 203100025,
    "ShopId": 5,
    "TabId": 2,
    "ItemId": 43020042,
    "Sort": 22,
    "ItemCount": 1,
    "ConditionId": 0,
    "BuyConditionId": 0,
    "BuyLimit": 20,
    "SellTimeText": "",
    "MoneyId": 11,
    "Price": 6,
    "PromotionPrice": 0,
    "PromotionShow": 0,
    "PromotionTimeText": "",
    "Banner": "",
    "Enable": true,
    "Show": true,
    "SoldoutShowInShop": false,
    "Tag": 0
  },
  {
    "Id": 203100026,
    "ShopId": 5,
    "TabId": 2,
    "ItemId": 43020052,
    "Sort": 23,
    "ItemCount": 1,
    "ConditionId": 0,
    "BuyConditionId": 0,
    "BuyLimit": 20,
    "SellTimeText": "",
    "MoneyId": 11,
    "Price": 6,
    "PromotionPrice": 0,
    "PromotionShow": 0,
    "PromotionTimeText": "",
    "Banner": "",
    "Enable": true,
    "Show": true,
    "SoldoutShowInShop": false,
    "Tag": 0
  },
  {
    "Id": 203100027,
    "ShopId": 5,
    "TabId": 2,
    "ItemId": 43020032,
    "Sort": 24,
    "ItemCount": 1,
    "ConditionId": 0,
    "BuyConditionId": 0,
    "BuyLimit": 20,
    "SellTimeText": "",
    "MoneyId": 11,
    "Price": 6,
    "PromotionPrice": 0,
    "PromotionShow": 0,
    "PromotionTimeText": "",
    "Banner": "",
    "Enable": true,
    "Show": true,
    "SoldoutShowInShop": false,
    "Tag": 0
  },
  {
    "Id": 203100028,
    "ShopId": 5,
    "TabId": 2,
    "ItemId": 41100012,
    "Sort": 25,
    "ItemCount": 1,
    "ConditionId": 0,
    "BuyConditionId": 0,
    "BuyLimit": 60,
    "SellTimeText": "",
    "MoneyId": 11,
    "Price": 1,
    "PromotionPrice": 0,
    "PromotionShow": 0,
    "PromotionTimeText": "",
    "Banner": "",
    "Enable": true,
    "Show": true,
    "SoldoutShowInShop": false,
    "Tag": 0
  },
  {
    "Id": 203100029,
    "ShopId": 5,
    "TabId": 2,
    "ItemId": 41100022,
    "Sort": 26,
    "ItemCount": 1,
    "ConditionId": 0,
    "BuyConditionId": 0,
    "BuyLimit": 60,
    "SellTimeText": "",
    "MoneyId": 11,
    "Price": 1,
    "PromotionPrice": 0,
    "PromotionShow": 0,
    "PromotionTimeText": "",
    "Banner": "",
    "Enable": true,
    "Show": true,
    "SoldoutShowInShop": false,
    "Tag": 0
  },
  {
    "Id": 203100030,
    "ShopId": 5,
    "TabId": 2,
    "ItemId": 41100032,
    "Sort": 27,
    "ItemCount": 1,
    "ConditionId": 0,
    "BuyConditionId": 0,
    "BuyLimit": 60,
    "SellTimeText": "",
    "MoneyId": 11,
    "Price": 1,
    "PromotionPrice": 0,
    "PromotionShow": 0,
    "PromotionTimeText": "",
    "Banner": "",
    "Enable": true,
    "Show": true,
    "SoldoutShowInShop": false,
    "Tag": 0
  },
  {
    "Id": 104100119,
    "ShopId": 4,
    "TabId": 1,
    "ItemId": 10001601,
    "Sort": 16,
    "ItemCount": 1,
    "ConditionId": 0,
    "BuyConditionId": 0,
    "BuyLimit": 1,
    "SellTimeText": "",
    "MoneyId": 50004,
    "Price": 55,
    "PromotionPrice": 0,
    "PromotionShow": 0,
    "PromotionTimeText": "",
    "Banner": "",
    "Enable": true,
    "Show": true,
    "SoldoutShowInShop": false,
    "Tag": 0
  },
  {
    "Id": 104100120,
    "ShopId": 4,
    "TabId": 1,
    "ItemId": 10001204,
    "Sort": 18,
    "ItemCount": 1,
    "ConditionId": 0,
    "BuyConditionId": 0,
    "BuyLimit": 1,
    "SellTimeText": "",
    "MoneyId": 50004,
    "Price": 55,
    "PromotionPrice": 0,
    "PromotionShow": 0,
    "PromotionTimeText": "",
    "Banner": "",
    "Enable": true,
    "Show": true,
    "SoldoutShowInShop": false,
    "Tag": 0
  },
  {
    "Id": 104100121,
    "ShopId": 4,
    "TabId": 1,
    "ItemId": 36000014,
    "Sort": 25,
    "ItemCount": 20,
    "ConditionId": 0,
    "BuyConditionId": 0,
    "BuyLimit": 60,
    "SellTimeText": "",
    "MoneyId": 50004,
    "Price": 3,
    "PromotionPrice": 0,
    "PromotionShow": 0,
    "PromotionTimeText": "",
    "Banner": "",
    "Enable": true,
    "Show": true,
    "SoldoutShowInShop": false,
    "Tag": 0
  },
  {
    "Id": 104100122,
    "ShopId": 4,
    "TabId": 1,
    "ItemId": 10001505,
    "Sort": 10,
    "ItemCount": 1,
    "ConditionId": 0,
    "BuyConditionId": 0,
    "BuyLimit": 2,
    "SellTimeText": "",
    "MoneyId": 50004,
    "Price": 360,
    "PromotionPrice": 0,
    "PromotionShow": 0,
    "PromotionTimeText": "",
    "Banner": "",
    "Enable": true,
    "Show": true,
    "SoldoutShowInShop": false,
    "Tag": 0
  },
  {
    "Id": 104200301,
    "ShopId": 4,
    "TabId": 2,
    "ItemId": 50002,
    "Sort": 11,
    "ItemCount": 1,
    "ConditionId": 0,
    "BuyConditionId": 0,
    "BuyLimit": 7,
    "SellTimeText": "",
    "MoneyId": 50003,
    "Price": 128,
    "PromotionPrice": 70,
    "PromotionShow": 0,
    "PromotionTimeText": "",
    "Banner": "",
    "Enable": true,
    "Show": true,
    "SoldoutShowInShop": false,
    "Tag": 0
  },
  {
    "Id": 104200302,
    "ShopId": 4,
    "TabId": 2,
    "ItemId": 50005,
    "Sort": 11,
    "ItemCount": 1,
    "ConditionId": 0,
    "BuyConditionId": 0,
    "BuyLimit": 7,
    "SellTimeText": "",
    "MoneyId": 50003,
    "Price": 128,
    "PromotionPrice": 70,
    "PromotionShow": 0,
    "PromotionTimeText": "",
    "Banner": "",
    "Enable": true,
    "Show": true,
    "SoldoutShowInShop": false,
    "Tag": 0
  },
  {
    "Id": 104200303,
    "ShopId": 4,
    "TabId": 2,
    "ItemId": 50001,
    "Sort": 12,
    "ItemCount": 1,
    "ConditionId": 0,
    "BuyConditionId": 0,
    "BuyLimit": 7,
    "SellTimeText": "",
    "MoneyId": 50003,
    "Price": 128,
    "PromotionPrice": 70,
    "PromotionShow": 0,
    "PromotionTimeText": "",
    "Banner": "",
    "Enable": true,
    "Show": true,
    "SoldoutShowInShop": false,
    "Tag": 0
  },
  {
    "Id": 104200304,
    "ShopId": 4,
    "TabId": 2,
    "ItemId": 43010003,
    "Sort": 15,
    "ItemCount": 1,
    "ConditionId": 0,
    "BuyConditionId": 0,
    "BuyLimit": 80,
    "SellTimeText": "",
    "MoneyId": 50003,
    "Price": 10,
    "PromotionPrice": 0,
    "PromotionShow": 0,
    "PromotionTimeText": "",
    "Banner": "",
    "Enable": true,
    "Show": true,
    "SoldoutShowInShop": false,
    "Tag": 0
  },
  {
    "Id": 104200305,
    "ShopId": 4,
    "TabId": 2,
    "ItemId": 43020003,
    "Sort": 16,
    "ItemCount": 1,
    "ConditionId": 0,
    "BuyConditionId": 0,
    "BuyLimit": 80,
    "SellTimeText": "",
    "MoneyId": 50003,
    "Price": 10,
    "PromotionPrice": 0,
    "PromotionShow": 0,
    "PromotionTimeText": "",
    "Banner": "",
    "Enable": true,
    "Show": true,
    "SoldoutShowInShop": false,
    "Tag": 0
  },
  {
    "Id": 104200306,
    "ShopId": 4,
    "TabId": 2,
    "ItemId": 36000003,
    "Sort": 17,
    "ItemCount": 1,
    "ConditionId": 0,
    "BuyConditionId": 0,
    "BuyLimit": 80,
    "SellTimeText": "",
    "MoneyId": 50003,
    "Price": 10,
    "PromotionPrice": 0,
    "PromotionShow": 0,
    "PromotionTimeText": "",
    "Banner": "",
    "Enable": true,
    "Show": true,
    "SoldoutShowInShop": false,
    "Tag": 0
  },
  {
    "Id": 104200307,
    "ShopId": 4,
    "TabId": 2,
    "ItemId": 41100012,
    "Sort": 18,
    "ItemCount": 3,
    "ConditionId": 0,
    "BuyConditionId": 0,
    "BuyLimit": 40,
    "SellTimeText": "",
    "MoneyId": 50003,
    "Price": 27,
    "PromotionPrice": 0,
    "PromotionShow": 0,
    "PromotionTimeText": "",
    "Banner": "",
    "Enable": true,
    "Show": true,
    "SoldoutShowInShop": false,
    "Tag": 0
  },
  {
    "Id": 104200308,
    "ShopId": 4,
    "TabId": 2,
    "ItemId": 41100022,
    "Sort": 19,
    "ItemCount": 3,
    "ConditionId": 0,
    "BuyConditionId": 0,
    "BuyLimit": 40,
    "SellTimeText": "",
    "MoneyId": 50003,
    "Price": 27,
    "PromotionPrice": 0,
    "PromotionShow": 0,
    "PromotionTimeText": "",
    "Banner": "",
    "Enable": true,
    "Show": true,
    "SoldoutShowInShop": false,
    "Tag": 0
  },
  {
    "Id": 104200309,
    "ShopId": 4,
    "TabId": 2,
    "ItemId": 41100032,
    "Sort": 20,
    "ItemCount": 3,
    "ConditionId": 0,
    "BuyConditionId": 0,
    "BuyLimit": 40,
    "SellTimeText": "",
    "MoneyId": 50003,
    "Price": 27,
    "PromotionPrice": 0,
    "PromotionShow": 0,
    "PromotionTimeText": "",
    "Banner": "",
    "Enable": true,
    "Show": true,
    "SoldoutShowInShop": false,
    "Tag": 0
  },
  {
    "Id": 103100122,
    "ShopId": 3,
    "TabId": 1,
    "ItemId": 51002,
    "Sort": 12,
    "ItemCount": 1,
    "ConditionId": 0,
    "BuyConditionId": 0,
    "BuyLimit": 1,
    "SellTimeText": "",
    "MoneyId": 4,
    "Price": 1150,
    "PromotionPrice": 800,
    "PromotionShow": 3000,
    "PromotionTimeText": "",
    "Banner": "",
    "Enable": true,
    "Show": true,
    "SoldoutShowInShop": false,
    "Tag": 0
  },
  {
    "Id": 103100124,
    "ShopId": 3,
    "TabId": 1,
    "ItemId": 51004,
    "Sort": 14,
    "ItemCount": 1,
    "ConditionId": 0,
    "BuyConditionId": 0,
    "BuyLimit": 2,
    "SellTimeText": "",
    "MoneyId": 4,
    "Price": 1400,
    "PromotionPrice": 980,
    "PromotionShow": 0,
    "PromotionTimeText": "",
    "Banner": "",
    "Enable": true,
    "Show": true,
    "SoldoutShowInShop": false,
    "Tag": 0
  },
  {
    "Id": 104200310,
    "ShopId": 4,
    "TabId": 2,
    "ItemId": 41100011,
    "Sort": 21,
    "ItemCount": 5,
    "ConditionId": 0,
    "BuyConditionId": 0,
    "BuyLimit": 40,
    "SellTimeText": "",
    "MoneyId": 50003,
    "Price": 15,
    "PromotionPrice": 0,
    "PromotionShow": 0,
    "PromotionTimeText": "",
    "Banner": "",
    "Enable": true,
    "Show": true,
    "SoldoutShowInShop": false,
    "Tag": 0
  },
  {
    "Id": 104200311,
    "ShopId": 4,
    "TabId": 2,
    "ItemId": 41100021,
    "Sort": 22,
    "ItemCount": 5,
    "ConditionId": 0,
    "BuyConditionId": 0,
    "BuyLimit": 40,
    "SellTimeText": "",
    "MoneyId": 50003,
    "Price": 15,
    "PromotionPrice": 0,
    "PromotionShow": 0,
    "PromotionTimeText": "",
    "Banner": "",
    "Enable": true,
    "Show": true,
    "SoldoutShowInShop": false,
    "Tag": 0
  },
  {
    "Id": 104200312,
    "ShopId": 4,
    "TabId": 2,
    "ItemId": 41100031,
    "Sort": 23,
    "ItemCount": 5,
    "ConditionId": 0,
    "BuyConditionId": 0,
    "BuyLimit": 40,
    "SellTimeText": "",
    "MoneyId": 50003,
    "Price": 15,
    "PromotionPrice": 0,
    "PromotionShow": 0,
    "PromotionTimeText": "",
    "Banner": "",
    "Enable": true,
    "Show": true,
    "SoldoutShowInShop": false,
    "Tag": 0
  }
]