[
  {
    "Id": 1,
    "ShopTabViewType": 1,
    "DynamicTabId": 34,
    "Sort": 1,
    "Name": "PayShop_1_Name",
    "Money": [
      4
    ],
    "Notice": "",
    "Enable": true,
    "Icon": "/Game/Aki/UI/UIResources/UiShop/Atlas/SP_ShopTexuanminglu.SP_ShopTexuanminglu",
    "SortRule": 0
  },
  {
    "Id": 2,
    "ShopTabViewType": 2,
    "DynamicTabId": 35,
    "Sort": 2,
    "Name": "PayShop_2_Name",
    "Money": [
      4
    ],
    "Notice": "",
    "Enable": false,
    "Icon": "/Game/Aki/UI/UIResources/UiRole/Atlas/SP_RoleTabiconshuxing.SP_RoleTabiconshuxing",
    "SortRule": 0
  },
  {
    "Id": 3,
    "ShopTabViewType": 3,
    "DynamicTabId": 35,
    "Sort": 3,
    "Name": "PayShop_3_Name",
    "Money": [
      4
    ],
    "Notice": "",
    "Enable": true,
    "Icon": "/Game/Aki/UI/UIResources/UiShop/Atlas/SP_ShopTehuizhuanqu.SP_ShopTehuizhuanqu",
    "SortRule": 0
  },
  {
    "Id": 4,
    "ShopTabViewType": 4,
    "DynamicTabId": 36,
    "Sort": 4,
    "Name": "PayShop_4_Name",
    "Money": [
      50004,
      50003,
      3
    ],
    "Notice": "",
    "Enable": true,
    "Icon": "/Game/Aki/UI/UIResources/UiShop/Atlas/SP_ShopGongkaipinyu.SP_ShopGongkaipinyu",
    "SortRule": 0
  },
  {
    "Id": 100,
    "ShopTabViewType": 5,
    "DynamicTabId": 37,
    "Sort": 100,
    "Name": "PayShop_100_Name",
    "Money": [
      4
    ],
    "Notice": "",
    "Enable": true,
    "Icon": "/Game/Aki/UI/UIResources/UiShop/Atlas/SP_ShopMaodinggouru.SP_ShopMaodinggouru",
    "SortRule": 0
  },
  {
    "Id": 201,
    "ShopTabViewType": 7,
    "DynamicTabId": 58,
    "Sort": 201,
    "Name": "PayShop_100_Name",
    "Money": [
      80100001
    ],
    "Notice": "",
    "Enable": true,
    "Icon": "/Game/Aki/UI/UIResources/UiShop/Atlas/SP_ShopMaodinggouru.SP_ShopMaodinggouru",
    "SortRule": 0
  },
  {
    "Id": 5,
    "ShopTabViewType": 6,
    "DynamicTabId": 53,
    "Sort": 101,
    "Name": "PayShop_5_Name",
    "Money": [
      12,
      11
    ],
    "Notice": "",
    "Enable": true,
    "Icon": "/Game/Aki/UI/UIResources/UiShop/Atlas/SP_ShopGongkaipinyu.SP_ShopGongkaipinyu",
    "SortRule": 1
  },
  {
    "Id": 204,
    "ShopTabViewType": 7,
    "DynamicTabId": 58,
    "Sort": 202,
    "Name": "PayShop_100_Name",
    "Money": [
      80100001
    ],
    "Notice": "",
    "Enable": true,
    "Icon": "/Game/Aki/UI/UIResources/UiShop/Atlas/SP_ShopMaodinggouru.SP_ShopMaodinggouru",
    "SortRule": 0
  },
  {
    "Id": 205,
    "ShopTabViewType": 8,
    "DynamicTabId": 71,
    "Sort": 203,
    "Name": "PayShop_100_Name",
    "Money": [
      18
    ],
    "Notice": "",
    "Enable": true,
    "Icon": "/Game/Aki/UI/UIResources/UiShop/Atlas/SP_ShopMaodinggouru.SP_ShopMaodinggouru",
    "SortRule": 1
  },
  {
    "Id": 206,
    "ShopTabViewType": 7,
    "DynamicTabId": 58,
    "Sort": 204,
    "Name": "PayShop_100_Name",
    "Money": [
      80100001
    ],
    "Notice": "",
    "Enable": true,
    "Icon": "/Game/Aki/UI/UIResources/UiShop/Atlas/SP_ShopMaodinggouru.SP_ShopMaodinggouru",
    "SortRule": 1
  }
]