[
  {
    "Id": 134001236,
    "CondDescription1": "Raid_1_Chanllenge_1",
    "CondDescription2": "Raid_1_Chanllenge_2",
    "CondDescription3": "Raid_1_Chanllenge_3",
    "Cond1Key": "讨伐1挑战1完成",
    "Cond2ey": "讨伐1挑战2完成",
    "Cond3Key": "讨伐1挑战3完成",
    "GetBoxKey": "讨伐1宝箱领取数量"
  },
  {
    "Id": 134750421,
    "CondDescription1": "Raid_2_Chanllenge_1",
    "CondDescription2": "Raid_2_Chanllenge_2",
    "CondDescription3": "Raid_2_Chanllenge_3",
    "Cond1Key": "讨伐2挑战1完成",
    "Cond2ey": "讨伐2挑战2完成",
    "Cond3Key": "讨伐2挑战3完成",
    "GetBoxKey": "讨伐2宝箱领取数量"
  },
  {
    "Id": 134750442,
    "CondDescription1": "Raid_3_Chanllenge_1",
    "CondDescription2": "Raid_3_Chanllenge_2",
    "CondDescription3": "Raid_3_Chanllenge_3",
    "Cond1Key": "讨伐3挑战1完成",
    "Cond2ey": "讨伐3挑战2完成",
    "Cond3Key": "讨伐3挑战3完成",
    "GetBoxKey": "讨伐3宝箱领取数量"
  },
  {
    "Id": 134750010,
    "CondDescription1": "Raid_4_Chanllenge_1",
    "CondDescription2": "Raid_4_Chanllenge_2",
    "CondDescription3": "Raid_4_Chanllenge_3",
    "Cond1Key": "讨伐4挑战1完成",
    "Cond2ey": "讨伐4挑战2完成",
    "Cond3Key": "讨伐4挑战3完成",
    "GetBoxKey": "讨伐4宝箱领取数量"
  },
  {
    "Id": 134750024,
    "CondDescription1": "Raid_5_Chanllenge_1",
    "CondDescription2": "Raid_5_Chanllenge_2",
    "CondDescription3": "Raid_5_Chanllenge_3",
    "Cond1Key": "讨伐5挑战1完成",
    "Cond2ey": "讨伐5挑战2完成",
    "Cond3Key": "讨伐5挑战3完成",
    "GetBoxKey": "讨伐5宝箱领取数量"
  },
  {
    "Id": 134750036,
    "CondDescription1": "Raid_6_Chanllenge_1",
    "CondDescription2": "Raid_6_Chanllenge_2",
    "CondDescription3": "Raid_6_Chanllenge_3",
    "Cond1Key": "讨伐6挑战1完成",
    "Cond2ey": "讨伐6挑战2完成",
    "Cond3Key": "讨伐6挑战3完成",
    "GetBoxKey": "讨伐6宝箱领取数量"
  },
  {
    "Id": 134750105,
    "CondDescription1": "Raid_7_Chanllenge_1",
    "CondDescription2": "Raid_7_Chanllenge_2",
    "CondDescription3": "Raid_7_Chanllenge_3",
    "Cond1Key": "讨伐7挑战1完成",
    "Cond2ey": "讨伐7挑战2完成",
    "Cond3Key": "讨伐7挑战3完成",
    "GetBoxKey": "讨伐7宝箱领取数量"
  }
]