[
  {
    "Level": 1,
    "BuffId": 900000010001,
    "AddBuffs": {
      "PKa": [],
      "length": 0
    },
    "TextId": "Rogueyuansudengji_Text_01",
    "TextIdArgs": [
      "1"
    ]
  },
  {
    "Level": 2,
    "BuffId": 900000010002,
    "AddBuffs": {
      "PKa": [],
      "length": 0
    },
    "TextId": "Rogueyuansudengji_Text_01",
    "TextIdArgs": [
      "2"
    ]
  },
  {
    "Level": 3,
    "BuffId": 900000010003,
    "AddBuffs": {
      "PKa": [],
      "length": 0
    },
    "TextId": "Rogueyuansudengji_Text_01",
    "TextIdArgs": [
      "3"
    ]
  },
  {
    "Level": 4,
    "BuffId": 900000010004,
    "AddBuffs": [
      912312100001
    ],
    "TextId": "Rogueyuansudengji_Text_01",
    "TextIdArgs": [
      "4"
    ]
  },
  {
    "Level": 5,
    "BuffId": 900000010005,
    "AddBuffs": [
      912312100002
    ],
    "TextId": "Rogueyuansudengji_Text_01",
    "TextIdArgs": [
      "5"
    ]
  },
  {
    "Level": 6,
    "BuffId": 900000010006,
    "AddBuffs": {
      "PKa": [],
      "length": 0
    },
    "TextId": "Rogueyuansudengji_Text_01",
    "TextIdArgs": [
      "6"
    ]
  },
  {
    "Level": 7,
    "BuffId": 900000010007,
    "AddBuffs": {
      "PKa": [],
      "length": 0
    },
    "TextId": "Rogueyuansudengji_Text_01",
    "TextIdArgs": [
      "7"
    ]
  },
  {
    "Level": 8,
    "BuffId": 900000010008,
    "AddBuffs": {
      "PKa": [],
      "length": 0
    },
    "TextId": "Rogueyuansudengji_Text_01",
    "TextIdArgs": [
      "8"
    ]
  },
  {
    "Level": 9,
    "BuffId": 900000010009,
    "AddBuffs": {
      "PKa": [],
      "length": 0
    },
    "TextId": "Rogueyuansudengji_Text_01",
    "TextIdArgs": [
      "9"
    ]
  },
  {
    "Level": 10,
    "BuffId": 900000010010,
    "AddBuffs": {
      "PKa": [],
      "length": 0
    },
    "TextId": "Rogueyuansudengji_Text_01",
    "TextIdArgs": [
      "10"
    ]
  },
  {
    "Level": 11,
    "BuffId": 900000010011,
    "AddBuffs": {
      "PKa": [],
      "length": 0
    },
    "TextId": "Rogueyuansudengji_Text_01",
    "TextIdArgs": [
      "11"
    ]
  },
  {
    "Level": 12,
    "BuffId": 900000010012,
    "AddBuffs": {
      "PKa": [],
      "length": 0
    },
    "TextId": "Rogueyuansudengji_Text_01",
    "TextIdArgs": [
      "12"
    ]
  },
  {
    "Level": 13,
    "BuffId": 900000010013,
    "AddBuffs": {
      "PKa": [],
      "length": 0
    },
    "TextId": "Rogueyuansudengji_Text_01",
    "TextIdArgs": [
      "13"
    ]
  },
  {
    "Level": 14,
    "BuffId": 900000010014,
    "AddBuffs": {
      "PKa": [],
      "length": 0
    },
    "TextId": "Rogueyuansudengji_Text_01",
    "TextIdArgs": [
      "14"
    ]
  },
  {
    "Level": 15,
    "BuffId": 900000010015,
    "AddBuffs": {
      "PKa": [],
      "length": 0
    },
    "TextId": "Rogueyuansudengji_Text_01",
    "TextIdArgs": [
      "15"
    ]
  },
  {
    "Level": 16,
    "BuffId": 900000010016,
    "AddBuffs": {
      "PKa": [],
      "length": 0
    },
    "TextId": "Rogueyuansudengji_Text_01",
    "TextIdArgs": [
      "16"
    ]
  },
  {
    "Level": 17,
    "BuffId": 900000010017,
    "AddBuffs": {
      "PKa": [],
      "length": 0
    },
    "TextId": "Rogueyuansudengji_Text_01",
    "TextIdArgs": [
      "17"
    ]
  },
  {
    "Level": 18,
    "BuffId": 900000010018,
    "AddBuffs": {
      "PKa": [],
      "length": 0
    },
    "TextId": "Rogueyuansudengji_Text_01",
    "TextIdArgs": [
      "18"
    ]
  },
  {
    "Level": 19,
    "BuffId": 900000010019,
    "AddBuffs": {
      "PKa": [],
      "length": 0
    },
    "TextId": "Rogueyuansudengji_Text_01",
    "TextIdArgs": [
      "19"
    ]
  },
  {
    "Level": 20,
    "BuffId": 900000010020,
    "AddBuffs": {
      "PKa": [],
      "length": 0
    },
    "TextId": "Rogueyuansudengji_Text_01",
    "TextIdArgs": [
      "20"
    ]
  },
  {
    "Level": 21,
    "BuffId": 900000010045,
    "AddBuffs": {
      "PKa": [],
      "length": 0
    },
    "TextId": "Rogueyuansudengji_Text_01",
    "TextIdArgs": [
      "21"
    ]
  },
  {
    "Level": 22,
    "BuffId": 900000010046,
    "AddBuffs": {
      "PKa": [],
      "length": 0
    },
    "TextId": "Rogueyuansudengji_Text_01",
    "TextIdArgs": [
      "22"
    ]
  },
  {
    "Level": 23,
    "BuffId": 900000010047,
    "AddBuffs": {
      "PKa": [],
      "length": 0
    },
    "TextId": "Rogueyuansudengji_Text_01",
    "TextIdArgs": [
      "23"
    ]
  },
  {
    "Level": 24,
    "BuffId": 900000010048,
    "AddBuffs": {
      "PKa": [],
      "length": 0
    },
    "TextId": "Rogueyuansudengji_Text_01",
    "TextIdArgs": [
      "24"
    ]
  },
  {
    "Level": 25,
    "BuffId": 900000010049,
    "AddBuffs": {
      "PKa": [],
      "length": 0
    },
    "TextId": "Rogueyuansudengji_Text_01",
    "TextIdArgs": [
      "25"
    ]
  },
  {
    "Level": 26,
    "BuffId": 900000010050,
    "AddBuffs": {
      "PKa": [],
      "length": 0
    },
    "TextId": "Rogueyuansudengji_Text_01",
    "TextIdArgs": [
      "26"
    ]
  },
  {
    "Level": 27,
    "BuffId": 900000010051,
    "AddBuffs": {
      "PKa": [],
      "length": 0
    },
    "TextId": "Rogueyuansudengji_Text_01",
    "TextIdArgs": [
      "27"
    ]
  },
  {
    "Level": 28,
    "BuffId": 900000010052,
    "AddBuffs": {
      "PKa": [],
      "length": 0
    },
    "TextId": "Rogueyuansudengji_Text_01",
    "TextIdArgs": [
      "28"
    ]
  },
  {
    "Level": 29,
    "BuffId": 900000010053,
    "AddBuffs": {
      "PKa": [],
      "length": 0
    },
    "TextId": "Rogueyuansudengji_Text_01",
    "TextIdArgs": [
      "29"
    ]
  },
  {
    "Level": 30,
    "BuffId": 900000010054,
    "AddBuffs": {
      "PKa": [],
      "length": 0
    },
    "TextId": "Rogueyuansudengji_Text_01",
    "TextIdArgs": [
      "30"
    ]
  },
  {
    "Level": 31,
    "BuffId": 900000010055,
    "AddBuffs": {
      "PKa": [],
      "length": 0
    },
    "TextId": "Rogueyuansudengji_Text_01",
    "TextIdArgs": [
      "31"
    ]
  },
  {
    "Level": 32,
    "BuffId": 900000010056,
    "AddBuffs": {
      "PKa": [],
      "length": 0
    },
    "TextId": "Rogueyuansudengji_Text_01",
    "TextIdArgs": [
      "32"
    ]
  },
  {
    "Level": 33,
    "BuffId": 900000010057,
    "AddBuffs": {
      "PKa": [],
      "length": 0
    },
    "TextId": "Rogueyuansudengji_Text_01",
    "TextIdArgs": [
      "33"
    ]
  },
  {
    "Level": 34,
    "BuffId": 900000010058,
    "AddBuffs": {
      "PKa": [],
      "length": 0
    },
    "TextId": "Rogueyuansudengji_Text_01",
    "TextIdArgs": [
      "34"
    ]
  },
  {
    "Level": 35,
    "BuffId": 900000010059,
    "AddBuffs": {
      "PKa": [],
      "length": 0
    },
    "TextId": "Rogueyuansudengji_Text_01",
    "TextIdArgs": [
      "35"
    ]
  },
  {
    "Level": 36,
    "BuffId": 900000010060,
    "AddBuffs": {
      "PKa": [],
      "length": 0
    },
    "TextId": "Rogueyuansudengji_Text_01",
    "TextIdArgs": [
      "36"
    ]
  },
  {
    "Level": 37,
    "BuffId": 900000010061,
    "AddBuffs": {
      "PKa": [],
      "length": 0
    },
    "TextId": "Rogueyuansudengji_Text_01",
    "TextIdArgs": [
      "37"
    ]
  },
  {
    "Level": 38,
    "BuffId": 900000010062,
    "AddBuffs": {
      "PKa": [],
      "length": 0
    },
    "TextId": "Rogueyuansudengji_Text_01",
    "TextIdArgs": [
      "38"
    ]
  },
  {
    "Level": 39,
    "BuffId": 900000010063,
    "AddBuffs": {
      "PKa": [],
      "length": 0
    },
    "TextId": "Rogueyuansudengji_Text_01",
    "TextIdArgs": [
      "39"
    ]
  },
  {
    "Level": 40,
    "BuffId": 900000010064,
    "AddBuffs": {
      "PKa": [],
      "length": 0
    },
    "TextId": "Rogueyuansudengji_Text_01",
    "TextIdArgs": [
      "40"
    ]
  },
  {
    "Level": 41,
    "BuffId": 900000010065,
    "AddBuffs": {
      "PKa": [],
      "length": 0
    },
    "TextId": "Rogueyuansudengji_Text_01",
    "TextIdArgs": [
      "41"
    ]
  },
  {
    "Level": 42,
    "BuffId": 900000010066,
    "AddBuffs": {
      "PKa": [],
      "length": 0
    },
    "TextId": "Rogueyuansudengji_Text_01",
    "TextIdArgs": [
      "42"
    ]
  },
  {
    "Level": 43,
    "BuffId": 900000010067,
    "AddBuffs": {
      "PKa": [],
      "length": 0
    },
    "TextId": "Rogueyuansudengji_Text_01",
    "TextIdArgs": [
      "43"
    ]
  },
  {
    "Level": 44,
    "BuffId": 900000010068,
    "AddBuffs": {
      "PKa": [],
      "length": 0
    },
    "TextId": "Rogueyuansudengji_Text_01",
    "TextIdArgs": [
      "44"
    ]
  },
  {
    "Level": 45,
    "BuffId": 900000010069,
    "AddBuffs": {
      "PKa": [],
      "length": 0
    },
    "TextId": "Rogueyuansudengji_Text_01",
    "TextIdArgs": [
      "45"
    ]
  },
  {
    "Level": 46,
    "BuffId": 900000010070,
    "AddBuffs": {
      "PKa": [],
      "length": 0
    },
    "TextId": "Rogueyuansudengji_Text_01",
    "TextIdArgs": [
      "46"
    ]
  },
  {
    "Level": 47,
    "BuffId": 900000010071,
    "AddBuffs": {
      "PKa": [],
      "length": 0
    },
    "TextId": "Rogueyuansudengji_Text_01",
    "TextIdArgs": [
      "47"
    ]
  },
  {
    "Level": 48,
    "BuffId": 900000010072,
    "AddBuffs": {
      "PKa": [],
      "length": 0
    },
    "TextId": "Rogueyuansudengji_Text_01",
    "TextIdArgs": [
      "48"
    ]
  },
  {
    "Level": 49,
    "BuffId": 900000010073,
    "AddBuffs": {
      "PKa": [],
      "length": 0
    },
    "TextId": "Rogueyuansudengji_Text_01",
    "TextIdArgs": [
      "49"
    ]
  },
  {
    "Level": 50,
    "BuffId": 900000010074,
    "AddBuffs": {
      "PKa": [],
      "length": 0
    },
    "TextId": "Rogueyuansudengji_Text_01",
    "TextIdArgs": [
      "50"
    ]
  },
  {
    "Level": 51,
    "BuffId": 900000010075,
    "AddBuffs": {
      "PKa": [],
      "length": 0
    },
    "TextId": "Rogueyuansudengji_Text_01",
    "TextIdArgs": [
      "51"
    ]
  },
  {
    "Level": 52,
    "BuffId": 900000010076,
    "AddBuffs": {
      "PKa": [],
      "length": 0
    },
    "TextId": "Rogueyuansudengji_Text_01",
    "TextIdArgs": [
      "52"
    ]
  },
  {
    "Level": 53,
    "BuffId": 900000010077,
    "AddBuffs": {
      "PKa": [],
      "length": 0
    },
    "TextId": "Rogueyuansudengji_Text_01",
    "TextIdArgs": [
      "53"
    ]
  },
  {
    "Level": 54,
    "BuffId": 900000010078,
    "AddBuffs": {
      "PKa": [],
      "length": 0
    },
    "TextId": "Rogueyuansudengji_Text_01",
    "TextIdArgs": [
      "54"
    ]
  },
  {
    "Level": 55,
    "BuffId": 900000010079,
    "AddBuffs": {
      "PKa": [],
      "length": 0
    },
    "TextId": "Rogueyuansudengji_Text_01",
    "TextIdArgs": [
      "55"
    ]
  },
  {
    "Level": 56,
    "BuffId": 900000010080,
    "AddBuffs": {
      "PKa": [],
      "length": 0
    },
    "TextId": "Rogueyuansudengji_Text_01",
    "TextIdArgs": [
      "56"
    ]
  },
  {
    "Level": 57,
    "BuffId": 900000010081,
    "AddBuffs": {
      "PKa": [],
      "length": 0
    },
    "TextId": "Rogueyuansudengji_Text_01",
    "TextIdArgs": [
      "57"
    ]
  },
  {
    "Level": 58,
    "BuffId": 900000010082,
    "AddBuffs": {
      "PKa": [],
      "length": 0
    },
    "TextId": "Rogueyuansudengji_Text_01",
    "TextIdArgs": [
      "58"
    ]
  },
  {
    "Level": 59,
    "BuffId": 900000010083,
    "AddBuffs": {
      "PKa": [],
      "length": 0
    },
    "TextId": "Rogueyuansudengji_Text_01",
    "TextIdArgs": [
      "59"
    ]
  },
  {
    "Level": 60,
    "BuffId": 900000010084,
    "AddBuffs": {
      "PKa": [],
      "length": 0
    },
    "TextId": "Rogueyuansudengji_Text_01",
    "TextIdArgs": [
      "60"
    ]
  },
  {
    "Level": 61,
    "BuffId": 900000010085,
    "AddBuffs": {
      "PKa": [],
      "length": 0
    },
    "TextId": "Rogueyuansudengji_Text_01",
    "TextIdArgs": [
      "61"
    ]
  },
  {
    "Level": 62,
    "BuffId": 900000010086,
    "AddBuffs": {
      "PKa": [],
      "length": 0
    },
    "TextId": "Rogueyuansudengji_Text_01",
    "TextIdArgs": [
      "62"
    ]
  },
  {
    "Level": 63,
    "BuffId": 900000010087,
    "AddBuffs": {
      "PKa": [],
      "length": 0
    },
    "TextId": "Rogueyuansudengji_Text_01",
    "TextIdArgs": [
      "63"
    ]
  },
  {
    "Level": 64,
    "BuffId": 900000010088,
    "AddBuffs": {
      "PKa": [],
      "length": 0
    },
    "TextId": "Rogueyuansudengji_Text_01",
    "TextIdArgs": [
      "64"
    ]
  },
  {
    "Level": 65,
    "BuffId": 900000010089,
    "AddBuffs": {
      "PKa": [],
      "length": 0
    },
    "TextId": "Rogueyuansudengji_Text_01",
    "TextIdArgs": [
      "65"
    ]
  },
  {
    "Level": 66,
    "BuffId": 900000010090,
    "AddBuffs": {
      "PKa": [],
      "length": 0
    },
    "TextId": "Rogueyuansudengji_Text_01",
    "TextIdArgs": [
      "66"
    ]
  },
  {
    "Level": 67,
    "BuffId": 900000010091,
    "AddBuffs": {
      "PKa": [],
      "length": 0
    },
    "TextId": "Rogueyuansudengji_Text_01",
    "TextIdArgs": [
      "67"
    ]
  },
  {
    "Level": 68,
    "BuffId": 900000010092,
    "AddBuffs": {
      "PKa": [],
      "length": 0
    },
    "TextId": "Rogueyuansudengji_Text_01",
    "TextIdArgs": [
      "68"
    ]
  },
  {
    "Level": 69,
    "BuffId": 900000010093,
    "AddBuffs": {
      "PKa": [],
      "length": 0
    },
    "TextId": "Rogueyuansudengji_Text_01",
    "TextIdArgs": [
      "69"
    ]
  },
  {
    "Level": 70,
    "BuffId": 900000010094,
    "AddBuffs": {
      "PKa": [],
      "length": 0
    },
    "TextId": "Rogueyuansudengji_Text_01",
    "TextIdArgs": [
      "70"
    ]
  },
  {
    "Level": 71,
    "BuffId": 900000010095,
    "AddBuffs": {
      "PKa": [],
      "length": 0
    },
    "TextId": "Rogueyuansudengji_Text_01",
    "TextIdArgs": [
      "71"
    ]
  },
  {
    "Level": 72,
    "BuffId": 900000010096,
    "AddBuffs": {
      "PKa": [],
      "length": 0
    },
    "TextId": "Rogueyuansudengji_Text_01",
    "TextIdArgs": [
      "72"
    ]
  },
  {
    "Level": 73,
    "BuffId": 900000010097,
    "AddBuffs": {
      "PKa": [],
      "length": 0
    },
    "TextId": "Rogueyuansudengji_Text_01",
    "TextIdArgs": [
      "73"
    ]
  },
  {
    "Level": 74,
    "BuffId": 900000010098,
    "AddBuffs": {
      "PKa": [],
      "length": 0
    },
    "TextId": "Rogueyuansudengji_Text_01",
    "TextIdArgs": [
      "74"
    ]
  },
  {
    "Level": 75,
    "BuffId": 900000010099,
    "AddBuffs": {
      "PKa": [],
      "length": 0
    },
    "TextId": "Rogueyuansudengji_Text_01",
    "TextIdArgs": [
      "75"
    ]
  },
  {
    "Level": 76,
    "BuffId": 900000010100,
    "AddBuffs": {
      "PKa": [],
      "length": 0
    },
    "TextId": "Rogueyuansudengji_Text_01",
    "TextIdArgs": [
      "76"
    ]
  },
  {
    "Level": 77,
    "BuffId": 900000010101,
    "AddBuffs": {
      "PKa": [],
      "length": 0
    },
    "TextId": "Rogueyuansudengji_Text_01",
    "TextIdArgs": [
      "77"
    ]
  },
  {
    "Level": 78,
    "BuffId": 900000010102,
    "AddBuffs": {
      "PKa": [],
      "length": 0
    },
    "TextId": "Rogueyuansudengji_Text_01",
    "TextIdArgs": [
      "78"
    ]
  },
  {
    "Level": 79,
    "BuffId": 900000010103,
    "AddBuffs": {
      "PKa": [],
      "length": 0
    },
    "TextId": "Rogueyuansudengji_Text_01",
    "TextIdArgs": [
      "79"
    ]
  },
  {
    "Level": 80,
    "BuffId": 900000010104,
    "AddBuffs": {
      "PKa": [],
      "length": 0
    },
    "TextId": "Rogueyuansudengji_Text_01",
    "TextIdArgs": [
      "80"
    ]
  },
  {
    "Level": 81,
    "BuffId": 900000010105,
    "AddBuffs": {
      "PKa": [],
      "length": 0
    },
    "TextId": "Rogueyuansudengji_Text_01",
    "TextIdArgs": [
      "81"
    ]
  },
  {
    "Level": 82,
    "BuffId": 900000010106,
    "AddBuffs": {
      "PKa": [],
      "length": 0
    },
    "TextId": "Rogueyuansudengji_Text_01",
    "TextIdArgs": [
      "82"
    ]
  },
  {
    "Level": 83,
    "BuffId": 900000010107,
    "AddBuffs": {
      "PKa": [],
      "length": 0
    },
    "TextId": "Rogueyuansudengji_Text_01",
    "TextIdArgs": [
      "83"
    ]
  },
  {
    "Level": 84,
    "BuffId": 900000010108,
    "AddBuffs": {
      "PKa": [],
      "length": 0
    },
    "TextId": "Rogueyuansudengji_Text_01",
    "TextIdArgs": [
      "84"
    ]
  },
  {
    "Level": 85,
    "BuffId": 900000010109,
    "AddBuffs": {
      "PKa": [],
      "length": 0
    },
    "TextId": "Rogueyuansudengji_Text_01",
    "TextIdArgs": [
      "85"
    ]
  },
  {
    "Level": 86,
    "BuffId": 900000010110,
    "AddBuffs": {
      "PKa": [],
      "length": 0
    },
    "TextId": "Rogueyuansudengji_Text_01",
    "TextIdArgs": [
      "86"
    ]
  },
  {
    "Level": 87,
    "BuffId": 900000010111,
    "AddBuffs": {
      "PKa": [],
      "length": 0
    },
    "TextId": "Rogueyuansudengji_Text_01",
    "TextIdArgs": [
      "87"
    ]
  },
  {
    "Level": 88,
    "BuffId": 900000010112,
    "AddBuffs": {
      "PKa": [],
      "length": 0
    },
    "TextId": "Rogueyuansudengji_Text_01",
    "TextIdArgs": [
      "88"
    ]
  },
  {
    "Level": 89,
    "BuffId": 900000010113,
    "AddBuffs": {
      "PKa": [],
      "length": 0
    },
    "TextId": "Rogueyuansudengji_Text_01",
    "TextIdArgs": [
      "89"
    ]
  },
  {
    "Level": 90,
    "BuffId": 900000010114,
    "AddBuffs": {
      "PKa": [],
      "length": 0
    },
    "TextId": "Rogueyuansudengji_Text_01",
    "TextIdArgs": [
      "90"
    ]
  },
  {
    "Level": 91,
    "BuffId": 900000010115,
    "AddBuffs": {
      "PKa": [],
      "length": 0
    },
    "TextId": "Rogueyuansudengji_Text_01",
    "TextIdArgs": [
      "91"
    ]
  },
  {
    "Level": 92,
    "BuffId": 900000010116,
    "AddBuffs": {
      "PKa": [],
      "length": 0
    },
    "TextId": "Rogueyuansudengji_Text_01",
    "TextIdArgs": [
      "92"
    ]
  },
  {
    "Level": 93,
    "BuffId": 900000010117,
    "AddBuffs": {
      "PKa": [],
      "length": 0
    },
    "TextId": "Rogueyuansudengji_Text_01",
    "TextIdArgs": [
      "93"
    ]
  },
  {
    "Level": 94,
    "BuffId": 900000010118,
    "AddBuffs": {
      "PKa": [],
      "length": 0
    },
    "TextId": "Rogueyuansudengji_Text_01",
    "TextIdArgs": [
      "94"
    ]
  },
  {
    "Level": 95,
    "BuffId": 900000010119,
    "AddBuffs": {
      "PKa": [],
      "length": 0
    },
    "TextId": "Rogueyuansudengji_Text_01",
    "TextIdArgs": [
      "95"
    ]
  },
  {
    "Level": 96,
    "BuffId": 900000010120,
    "AddBuffs": {
      "PKa": [],
      "length": 0
    },
    "TextId": "Rogueyuansudengji_Text_01",
    "TextIdArgs": [
      "96"
    ]
  },
  {
    "Level": 97,
    "BuffId": 900000010121,
    "AddBuffs": {
      "PKa": [],
      "length": 0
    },
    "TextId": "Rogueyuansudengji_Text_01",
    "TextIdArgs": [
      "97"
    ]
  },
  {
    "Level": 98,
    "BuffId": 900000010122,
    "AddBuffs": {
      "PKa": [],
      "length": 0
    },
    "TextId": "Rogueyuansudengji_Text_01",
    "TextIdArgs": [
      "98"
    ]
  },
  {
    "Level": 99,
    "BuffId": 900000010123,
    "AddBuffs": {
      "PKa": [],
      "length": 0
    },
    "TextId": "Rogueyuansudengji_Text_01",
    "TextIdArgs": [
      "99"
    ]
  },
  {
    "Level": 100,
    "BuffId": 900000010124,
    "AddBuffs": {
      "PKa": [],
      "length": 0
    },
    "TextId": "Rogueyuansudengji_Text_01",
    "TextIdArgs": [
      "100"
    ]
  },
  {
    "Level": 101,
    "BuffId": 900000010125,
    "AddBuffs": {
      "PKa": [],
      "length": 0
    },
    "TextId": "Rogueyuansudengji_Text_01",
    "TextIdArgs": [
      "101"
    ]
  },
  {
    "Level": 102,
    "BuffId": 900000010126,
    "AddBuffs": {
      "PKa": [],
      "length": 0
    },
    "TextId": "Rogueyuansudengji_Text_01",
    "TextIdArgs": [
      "102"
    ]
  },
  {
    "Level": 103,
    "BuffId": 900000010127,
    "AddBuffs": {
      "PKa": [],
      "length": 0
    },
    "TextId": "Rogueyuansudengji_Text_01",
    "TextIdArgs": [
      "103"
    ]
  },
  {
    "Level": 104,
    "BuffId": 900000010128,
    "AddBuffs": {
      "PKa": [],
      "length": 0
    },
    "TextId": "Rogueyuansudengji_Text_01",
    "TextIdArgs": [
      "104"
    ]
  },
  {
    "Level": 105,
    "BuffId": 900000010129,
    "AddBuffs": {
      "PKa": [],
      "length": 0
    },
    "TextId": "Rogueyuansudengji_Text_01",
    "TextIdArgs": [
      "105"
    ]
  },
  {
    "Level": 106,
    "BuffId": 900000010130,
    "AddBuffs": {
      "PKa": [],
      "length": 0
    },
    "TextId": "Rogueyuansudengji_Text_01",
    "TextIdArgs": [
      "106"
    ]
  },
  {
    "Level": 107,
    "BuffId": 900000010131,
    "AddBuffs": {
      "PKa": [],
      "length": 0
    },
    "TextId": "Rogueyuansudengji_Text_01",
    "TextIdArgs": [
      "107"
    ]
  },
  {
    "Level": 108,
    "BuffId": 900000010132,
    "AddBuffs": {
      "PKa": [],
      "length": 0
    },
    "TextId": "Rogueyuansudengji_Text_01",
    "TextIdArgs": [
      "108"
    ]
  },
  {
    "Level": 109,
    "BuffId": 900000010133,
    "AddBuffs": {
      "PKa": [],
      "length": 0
    },
    "TextId": "Rogueyuansudengji_Text_01",
    "TextIdArgs": [
      "109"
    ]
  },
  {
    "Level": 110,
    "BuffId": 900000010134,
    "AddBuffs": {
      "PKa": [],
      "length": 0
    },
    "TextId": "Rogueyuansudengji_Text_01",
    "TextIdArgs": [
      "110"
    ]
  },
  {
    "Level": 111,
    "BuffId": 900000010135,
    "AddBuffs": {
      "PKa": [],
      "length": 0
    },
    "TextId": "Rogueyuansudengji_Text_01",
    "TextIdArgs": [
      "111"
    ]
  },
  {
    "Level": 112,
    "BuffId": 900000010136,
    "AddBuffs": {
      "PKa": [],
      "length": 0
    },
    "TextId": "Rogueyuansudengji_Text_01",
    "TextIdArgs": [
      "112"
    ]
  },
  {
    "Level": 113,
    "BuffId": 900000010137,
    "AddBuffs": {
      "PKa": [],
      "length": 0
    },
    "TextId": "Rogueyuansudengji_Text_01",
    "TextIdArgs": [
      "113"
    ]
  },
  {
    "Level": 114,
    "BuffId": 900000010138,
    "AddBuffs": {
      "PKa": [],
      "length": 0
    },
    "TextId": "Rogueyuansudengji_Text_01",
    "TextIdArgs": [
      "114"
    ]
  },
  {
    "Level": 115,
    "BuffId": 900000010139,
    "AddBuffs": {
      "PKa": [],
      "length": 0
    },
    "TextId": "Rogueyuansudengji_Text_01",
    "TextIdArgs": [
      "115"
    ]
  },
  {
    "Level": 116,
    "BuffId": 900000010140,
    "AddBuffs": {
      "PKa": [],
      "length": 0
    },
    "TextId": "Rogueyuansudengji_Text_01",
    "TextIdArgs": [
      "116"
    ]
  },
  {
    "Level": 117,
    "BuffId": 900000010141,
    "AddBuffs": {
      "PKa": [],
      "length": 0
    },
    "TextId": "Rogueyuansudengji_Text_01",
    "TextIdArgs": [
      "117"
    ]
  },
  {
    "Level": 118,
    "BuffId": 900000010142,
    "AddBuffs": {
      "PKa": [],
      "length": 0
    },
    "TextId": "Rogueyuansudengji_Text_01",
    "TextIdArgs": [
      "118"
    ]
  },
  {
    "Level": 119,
    "BuffId": 900000010143,
    "AddBuffs": {
      "PKa": [],
      "length": 0
    },
    "TextId": "Rogueyuansudengji_Text_01",
    "TextIdArgs": [
      "119"
    ]
  },
  {
    "Level": 120,
    "BuffId": 900000010144,
    "AddBuffs": {
      "PKa": [],
      "length": 0
    },
    "TextId": "Rogueyuansudengji_Text_01",
    "TextIdArgs": [
      "120"
    ]
  }
]