[
  {
    "Id": 1,
    "PhantomBgA": "/Game/Aki/UI/UIResources/UiRogue/Image/T_RogueVisionBgA.T_RogueVisionBgA",
    "PhantomBgB": "/Game/Aki/UI/UIResources/UiRogue/Image/T_RogueHeadSA.T_RogueHeadSA",
    "PhantomBgC": "/Game/Aki/UI/UIResources/UiRogue/Image/T_RogueHeadBA.T_RogueHeadBA",
    "TokenBg": "/Game/Aki/UI/UIResources/UiRogue/Image/T_RogueTokenBgA.T_RogueTokenBgA",
    "TokenColor": "CBCBCBFF",
    "RoleNiagaraColor": "FFFFFFFF"
  },
  {
    "Id": 2,
    "PhantomBgA": "/Game/Aki/UI/UIResources/UiRogue/Image/T_RogueVisionBgD.T_RogueVisionBgD",
    "PhantomBgB": "/Game/Aki/UI/UIResources/UiRogue/Image/T_RogueHeadSD.T_RogueHeadSD",
    "PhantomBgC": "/Game/Aki/UI/UIResources/UiRogue/Image/T_RogueHeadBD.T_RogueHeadBD",
    "TokenBg": "/Game/Aki/UI/UIResources/UiRogue/Image/T_RogueTokenBgD.T_RogueTokenBgD",
    "TokenColor": "BCDD88FF",
    "RoleNiagaraColor": "B8DEFFFF"
  },
  {
    "Id": 3,
    "PhantomBgA": "/Game/Aki/UI/UIResources/UiRogue/Image/T_RogueVisionBgC.T_RogueVisionBgC",
    "PhantomBgB": "/Game/Aki/UI/UIResources/UiRogue/Image/T_RogueHeadSC.T_RogueHeadSC",
    "PhantomBgC": "/Game/Aki/UI/UIResources/UiRogue/Image/T_RogueHeadBC.T_RogueHeadBC",
    "TokenBg": "/Game/Aki/UI/UIResources/UiRogue/Image/T_RogueTokenBgC.T_RogueTokenBgC",
    "TokenColor": "88B5DDFF",
    "RoleNiagaraColor": "AAC1B3FF"
  },
  {
    "Id": 4,
    "PhantomBgA": "/Game/Aki/UI/UIResources/UiRogue/Image/T_RogueVisionBgE.T_RogueVisionBgE",
    "PhantomBgB": "/Game/Aki/UI/UIResources/UiRogue/Image/T_RogueHeadSE.T_RogueHeadSE",
    "PhantomBgC": "/Game/Aki/UI/UIResources/UiRogue/Image/T_RogueHeadBE.T_RogueHeadBE",
    "TokenBg": "/Game/Aki/UI/UIResources/UiRogue/Image/T_RogueTokenBgE.T_RogueTokenBgE",
    "TokenColor": "D388DDFF",
    "RoleNiagaraColor": "EEBAFCFF"
  },
  {
    "Id": 5,
    "PhantomBgA": "/Game/Aki/UI/UIResources/UiRogue/Image/T_RogueVisionBgB.T_RogueVisionBgB",
    "PhantomBgB": "/Game/Aki/UI/UIResources/UiRogue/Image/T_RogueHeadSB.T_RogueHeadSB",
    "PhantomBgC": "/Game/Aki/UI/UIResources/UiRogue/Image/T_RogueHeadBB.T_RogueHeadBB",
    "TokenBg": "/Game/Aki/UI/UIResources/UiRogue/Image/T_RogueTokenBgB.T_RogueTokenBgB",
    "TokenColor": "FFDE66FF",
    "RoleNiagaraColor": "FBF9E8FF"
  }
]