[
  {
    "Id": 1001,
    "BuffId": 900312000291,
    "PerIds": {
      "PKa": [],
      "length": 0
    },
    "EffectId": 0,
    "PerkType": 2,
    "Quality": 5,
    "BuffElement": {
      "size": 1
    },
    "BuffIcon": "/Game/Aki/UI/UIResources/Common/Image/IconMst/T_IconMst_004_2_UI.T_IconMst_004_2_UI",
    "BuffDesc": "RogueBuffPool_900312000291_BuffDesc",
    "BuffDescParam": {
      "PKa": [],
      "length": 0
    },
    "BuffDescSimple": "RogueBuffPool_900312000291_BuffDesc_0",
    "BuffName": "RogueBuffPool_900312000291_BuffName",
    "RoleId": 0,
    "TrialRoleId": 0
  },
  {
    "Id": 1002,
    "BuffId": 900170000040,
    "PerIds": {
      "PKa": [],
      "length": 0
    },
    "EffectId": 0,
    "PerkType": 2,
    "Quality": 5,
    "BuffElement": {
      "size": 1
    },
    "BuffIcon": "/Game/Aki/UI/UIResources/Common/Image/IconRouge/T_IconRouge_046_UI.T_IconRouge_046_UI",
    "BuffDesc": "RogueBuffPool_900170000040_BuffDesc",
    "BuffDescParam": {
      "PKa": [],
      "length": 0
    },
    "BuffDescSimple": "RogueBuffPool_900170000040_BuffDesc_0",
    "BuffName": "RogueBuffPool_900170000040_BuffName",
    "RoleId": 0,
    "TrialRoleId": 0
  },
  {
    "Id": 1003,
    "BuffId": 900312000321,
    "PerIds": {
      "PKa": [],
      "length": 0
    },
    "EffectId": 0,
    "PerkType": 2,
    "Quality": 5,
    "BuffElement": {
      "size": 1
    },
    "BuffIcon": "/Game/Aki/UI/UIResources/Common/Image/IconTask/T_IconTask_Task_018_1_UI.T_IconTask_Task_018_1_UI",
    "BuffDesc": "RogueBuffPool_900312000321_BuffDesc",
    "BuffDescParam": {
      "PKa": [],
      "length": 0
    },
    "BuffDescSimple": "RogueBuffPool_900312000321_BuffDesc_0",
    "BuffName": "RogueBuffPool_900312000321_BuffName",
    "RoleId": 0,
    "TrialRoleId": 0
  },
  {
    "Id": 1004,
    "BuffId": 900312000331,
    "PerIds": {
      "PKa": [],
      "length": 0
    },
    "EffectId": 0,
    "PerkType": 2,
    "Quality": 5,
    "BuffElement": {
      "size": 1
    },
    "BuffIcon": "/Game/Aki/UI/UIResources/Common/Image/IconMout/T_IconMout_O_001_4_UI.T_IconMout_O_001_4_UI",
    "BuffDesc": "RogueBuffPool_900312000331_BuffDesc",
    "BuffDescParam": {
      "PKa": [],
      "length": 0
    },
    "BuffDescSimple": "RogueBuffPool_900312000331_BuffDesc_0",
    "BuffName": "RogueBuffPool_900312000331_BuffName",
    "RoleId": 0,
    "TrialRoleId": 0
  },
  {
    "Id": 1005,
    "BuffId": 900170000020,
    "PerIds": {
      "PKa": [],
      "length": 0
    },
    "EffectId": 0,
    "PerkType": 2,
    "Quality": 4,
    "BuffElement": {
      "size": 1
    },
    "BuffIcon": "/Game/Aki/UI/UIResources/Common/Image/IconMst/T_IconMst_005_1_UI.T_IconMst_005_1_UI",
    "BuffDesc": "RogueBuffPool_900170000020_BuffDesc",
    "BuffDescParam": {
      "PKa": [],
      "length": 0
    },
    "BuffDescSimple": "RogueBuffPool_900170000020_BuffDesc_0",
    "BuffName": "RogueBuffPool_900170000020_BuffName",
    "RoleId": 0,
    "TrialRoleId": 0
  },
  {
    "Id": 1006,
    "BuffId": 900170000060,
    "PerIds": {
      "PKa": [],
      "length": 0
    },
    "EffectId": 0,
    "PerkType": 2,
    "Quality": 4,
    "BuffElement": {
      "size": 1
    },
    "BuffIcon": "/Game/Aki/UI/UIResources/Common/Image/IconTask/T_IconTask_Task_002_1_UI.T_IconTask_Task_002_1_UI",
    "BuffDesc": "RogueBuffPool_900170000060_BuffDesc",
    "BuffDescParam": {
      "PKa": [],
      "length": 0
    },
    "BuffDescSimple": "RogueBuffPool_900170000060_BuffDesc_0",
    "BuffName": "RogueBuffPool_900170000060_BuffName",
    "RoleId": 0,
    "TrialRoleId": 0
  },
  {
    "Id": 1007,
    "BuffId": 900810000030,
    "PerIds": {
      "PKa": [],
      "length": 0
    },
    "EffectId": 0,
    "PerkType": 2,
    "Quality": 4,
    "BuffElement": {
      "size": 1
    },
    "BuffIcon": "/Game/Aki/UI/UIResources/Common/Image/IconRouge/T_IconRouge_017_UI.T_IconRouge_017_UI",
    "BuffDesc": "RogueBuffPool_900810000030_BuffDesc",
    "BuffDescParam": {
      "PKa": [],
      "length": 0
    },
    "BuffDescSimple": "RogueBuffPool_900810000030_BuffDesc_0",
    "BuffName": "RogueBuffPool_900810000030_BuffName",
    "RoleId": 0,
    "TrialRoleId": 0
  },
  {
    "Id": 1008,
    "BuffId": 900170000030,
    "PerIds": {
      "PKa": [],
      "length": 0
    },
    "EffectId": 0,
    "PerkType": 2,
    "Quality": 4,
    "BuffElement": {
      "size": 1
    },
    "BuffIcon": "/Game/Aki/UI/UIResources/Common/Image/IconRouge/T_IconRouge_006_UI.T_IconRouge_006_UI",
    "BuffDesc": "RogueBuffPool_900170000030_BuffDesc",
    "BuffDescParam": {
      "PKa": [],
      "length": 0
    },
    "BuffDescSimple": "RogueBuffPool_900170000030_BuffDesc_0",
    "BuffName": "RogueBuffPool_900170000030_BuffName",
    "RoleId": 0,
    "TrialRoleId": 0
  },
  {
    "Id": 1009,
    "BuffId": 900312000391,
    "PerIds": {
      "PKa": [],
      "length": 0
    },
    "EffectId": 0,
    "PerkType": 2,
    "Quality": 4,
    "BuffElement": {
      "size": 1
    },
    "BuffIcon": "/Game/Aki/UI/UIResources/Common/Image/IconRouge/T_IconRouge_044_UI.T_IconRouge_044_UI",
    "BuffDesc": "RogueBuffPool_900312000391_BuffDesc",
    "BuffDescParam": {
      "PKa": [],
      "length": 0
    },
    "BuffDescSimple": "RogueBuffPool_900312000391_BuffDesc_0",
    "BuffName": "RogueBuffPool_900312000391_BuffName",
    "RoleId": 0,
    "TrialRoleId": 0
  },
  {
    "Id": 1010,
    "BuffId": 900312000231,
    "PerIds": {
      "PKa": [],
      "length": 0
    },
    "EffectId": 0,
    "PerkType": 2,
    "Quality": 4,
    "BuffElement": {
      "size": 1
    },
    "BuffIcon": "/Game/Aki/UI/UIResources/Common/Image/IconC/T_IconC_Sep_031_UI.T_IconC_Sep_031_UI",
    "BuffDesc": "RogueBuffPool_900312000231_BuffDesc",
    "BuffDescParam": {
      "PKa": [],
      "length": 0
    },
    "BuffDescSimple": "RogueBuffPool_900312000231_BuffDesc_0",
    "BuffName": "RogueBuffPool_900312000231_BuffName",
    "RoleId": 0,
    "TrialRoleId": 0
  },
  {
    "Id": 1011,
    "BuffId": 900312000241,
    "PerIds": {
      "PKa": [],
      "length": 0
    },
    "EffectId": 0,
    "PerkType": 2,
    "Quality": 4,
    "BuffElement": {
      "size": 1
    },
    "BuffIcon": "/Game/Aki/UI/UIResources/Common/Image/IconRouge/T_IconRouge_021_2_UI.T_IconRouge_021_2_UI",
    "BuffDesc": "RogueBuffPool_900312000241_BuffDesc",
    "BuffDescParam": {
      "PKa": [],
      "length": 0
    },
    "BuffDescSimple": "RogueBuffPool_900312000241_BuffDesc_0",
    "BuffName": "RogueBuffPool_900312000241_BuffName",
    "RoleId": 0,
    "TrialRoleId": 0
  },
  {
    "Id": 1012,
    "BuffId": 900312000251,
    "PerIds": {
      "PKa": [],
      "length": 0
    },
    "EffectId": 0,
    "PerkType": 2,
    "Quality": 4,
    "BuffElement": {
      "size": 1
    },
    "BuffIcon": "/Game/Aki/UI/UIResources/Common/Image/IconRouge/T_IconRouge_040_UI.T_IconRouge_040_UI",
    "BuffDesc": "RogueBuffPool_900312000251_BuffDesc",
    "BuffDescParam": {
      "PKa": [],
      "length": 0
    },
    "BuffDescSimple": "RogueBuffPool_900312000251_BuffDesc_0",
    "BuffName": "RogueBuffPool_900312000251_BuffName",
    "RoleId": 0,
    "TrialRoleId": 0
  },
  {
    "Id": 1013,
    "BuffId": 900810000060,
    "PerIds": {
      "PKa": [],
      "length": 0
    },
    "EffectId": 0,
    "PerkType": 2,
    "Quality": 3,
    "BuffElement": {
      "size": 1
    },
    "BuffIcon": "/Game/Aki/UI/UIResources/Common/Image/IconRouge/T_IconRouge_015_UI.T_IconRouge_015_UI",
    "BuffDesc": "RogueBuffPool_900810000060_BuffDesc",
    "BuffDescParam": {
      "PKa": [],
      "length": 0
    },
    "BuffDescSimple": "RogueBuffPool_900810000060_BuffDesc_0",
    "BuffName": "RogueBuffPool_900810000060_BuffName",
    "RoleId": 0,
    "TrialRoleId": 0
  },
  {
    "Id": 1014,
    "BuffId": 900120000000,
    "PerIds": {
      "PKa": [],
      "length": 0
    },
    "EffectId": 0,
    "PerkType": 2,
    "Quality": 3,
    "BuffElement": {
      "size": 1
    },
    "BuffIcon": "/Game/Aki/UI/UIResources/Common/Image/IconWup/T_IconWup_Setpup_003_1_UI.T_IconWup_Setpup_003_1_UI",
    "BuffDesc": "RogueBuffPool_900120000000_BuffDesc",
    "BuffDescParam": {
      "PKa": [],
      "length": 0
    },
    "BuffDescSimple": "RogueBuffPool_900120000000_BuffDesc_0",
    "BuffName": "RogueBuffPool_900120000000_BuffName",
    "RoleId": 0,
    "TrialRoleId": 0
  },
  {
    "Id": 1015,
    "BuffId": 900110000003,
    "PerIds": {
      "PKa": [],
      "length": 0
    },
    "EffectId": 0,
    "PerkType": 2,
    "Quality": 3,
    "BuffElement": {
      "size": 1
    },
    "BuffIcon": "/Game/Aki/UI/UIResources/Common/Image/IconRouge/T_IconRouge_022_UI.T_IconRouge_022_UI",
    "BuffDesc": "RogueBuffPool_900110000003_BuffDesc",
    "BuffDescParam": {
      "PKa": [],
      "length": 0
    },
    "BuffDescSimple": "RogueBuffPool_900110000003_BuffDesc_0",
    "BuffName": "RogueBuffPool_900110000003_BuffName",
    "RoleId": 0,
    "TrialRoleId": 0
  },
  {
    "Id": 1016,
    "BuffId": 900110000004,
    "PerIds": {
      "PKa": [],
      "length": 0
    },
    "EffectId": 0,
    "PerkType": 2,
    "Quality": 3,
    "BuffElement": {
      "size": 1
    },
    "BuffIcon": "/Game/Aki/UI/UIResources/Common/Image/IconRouge/T_IconRouge_031_UI.T_IconRouge_031_UI",
    "BuffDesc": "RogueBuffPool_900110000004_BuffDesc",
    "BuffDescParam": {
      "PKa": [],
      "length": 0
    },
    "BuffDescSimple": "RogueBuffPool_900110000004_BuffDesc_0",
    "BuffName": "RogueBuffPool_900110000004_BuffName",
    "RoleId": 0,
    "TrialRoleId": 0
  },
  {
    "Id": 1017,
    "BuffId": 900810000040,
    "PerIds": {
      "PKa": [],
      "length": 0
    },
    "EffectId": 0,
    "PerkType": 2,
    "Quality": 3,
    "BuffElement": {
      "size": 1
    },
    "BuffIcon": "/Game/Aki/UI/UIResources/Common/Image/IconRouge/T_IconRouge_018_UI.T_IconRouge_018_UI",
    "BuffDesc": "RogueBuffPool_900810000040_BuffDesc",
    "BuffDescParam": {
      "PKa": [],
      "length": 0
    },
    "BuffDescSimple": "RogueBuffPool_900810000040_BuffDesc_0",
    "BuffName": "RogueBuffPool_900810000040_BuffName",
    "RoleId": 0,
    "TrialRoleId": 0
  },
  {
    "Id": 1018,
    "BuffId": 900170000010,
    "PerIds": {
      "PKa": [],
      "length": 0
    },
    "EffectId": 0,
    "PerkType": 2,
    "Quality": 3,
    "BuffElement": {
      "size": 1
    },
    "BuffIcon": "/Game/Aki/UI/UIResources/Common/Image/IconRouge/T_IconRouge_012_UI.T_IconRouge_012_UI",
    "BuffDesc": "RogueBuffPool_900170000010_BuffDesc",
    "BuffDescParam": {
      "PKa": [],
      "length": 0
    },
    "BuffDescSimple": "RogueBuffPool_900170000010_BuffDesc_0",
    "BuffName": "RogueBuffPool_900170000010_BuffName",
    "RoleId": 0,
    "TrialRoleId": 0
  },
  {
    "Id": 1019,
    "BuffId": 900312000021,
    "PerIds": {
      "PKa": [],
      "length": 0
    },
    "EffectId": 0,
    "PerkType": 2,
    "Quality": 3,
    "BuffElement": {
      "size": 1
    },
    "BuffIcon": "/Game/Aki/UI/UIResources/Common/Image/IconRouge/T_IconRouge_043_UI.T_IconRouge_043_UI",
    "BuffDesc": "RogueBuffPool_900312000021_BuffDesc",
    "BuffDescParam": {
      "PKa": [],
      "length": 0
    },
    "BuffDescSimple": "RogueBuffPool_900312000021_BuffDesc_0",
    "BuffName": "RogueBuffPool_900312000021_BuffName",
    "RoleId": 0,
    "TrialRoleId": 0
  },
  {
    "Id": 1020,
    "BuffId": 900312000031,
    "PerIds": {
      "PKa": [],
      "length": 0
    },
    "EffectId": 0,
    "PerkType": 2,
    "Quality": 3,
    "BuffElement": {
      "size": 1
    },
    "BuffIcon": "/Game/Aki/UI/UIResources/Common/Image/IconRouge/T_IconRouge_009_UI.T_IconRouge_009_UI",
    "BuffDesc": "RogueBuffPool_900312000031_BuffDesc",
    "BuffDescParam": {
      "PKa": [],
      "length": 0
    },
    "BuffDescSimple": "RogueBuffPool_900312000031_BuffDesc_0",
    "BuffName": "RogueBuffPool_900312000031_BuffName",
    "RoleId": 0,
    "TrialRoleId": 0
  },
  {
    "Id": 1021,
    "BuffId": 900312000431,
    "PerIds": {
      "PKa": [],
      "length": 0
    },
    "EffectId": 0,
    "PerkType": 2,
    "Quality": 5,
    "BuffElement": {
      "size": 1
    },
    "BuffIcon": "/Game/Aki/UI/UIResources/Common/Image/IconRouge/T_IconRouge_020_UI.T_IconRouge_020_UI",
    "BuffDesc": "RogueBuffPool_900312000431_BuffDesc",
    "BuffDescParam": {
      "PKa": [],
      "length": 0
    },
    "BuffDescSimple": "RogueBuffPool_900312000431_BuffDesc_0",
    "BuffName": "RogueBuffPool_900312000431_BuffName",
    "RoleId": 0,
    "TrialRoleId": 0
  },
  {
    "Id": 1022,
    "BuffId": 900312000441,
    "PerIds": {
      "PKa": [],
      "length": 0
    },
    "EffectId": 0,
    "PerkType": 2,
    "Quality": 3,
    "BuffElement": {
      "size": 1
    },
    "BuffIcon": "/Game/Aki/UI/UIResources/Common/Image/IconRouge/T_IconRouge_035_UI.T_IconRouge_035_UI",
    "BuffDesc": "RogueBuffPool_900312000441_BuffDesc",
    "BuffDescParam": {
      "PKa": [],
      "length": 0
    },
    "BuffDescSimple": "RogueBuffPool_900312000441_BuffDesc_0",
    "BuffName": "RogueBuffPool_900312000441_BuffName",
    "RoleId": 0,
    "TrialRoleId": 0
  },
  {
    "Id": 1023,
    "BuffId": 900312000451,
    "PerIds": {
      "PKa": [],
      "length": 0
    },
    "EffectId": 0,
    "PerkType": 2,
    "Quality": 4,
    "BuffElement": {
      "size": 1
    },
    "BuffIcon": "/Game/Aki/UI/UIResources/Common/Image/IconRouge/T_IconRouge_035_UI.T_IconRouge_035_UI",
    "BuffDesc": "RogueBuffPool_900312000451_BuffDesc",
    "BuffDescParam": {
      "PKa": [],
      "length": 0
    },
    "BuffDescSimple": "RogueBuffPool_900312000451_BuffDesc_0",
    "BuffName": "RogueBuffPool_900312000451_BuffName",
    "RoleId": 0,
    "TrialRoleId": 0
  },
  {
    "Id": 1024,
    "BuffId": 900312000461,
    "PerIds": {
      "PKa": [],
      "length": 0
    },
    "EffectId": 0,
    "PerkType": 2,
    "Quality": 5,
    "BuffElement": {
      "size": 1
    },
    "BuffIcon": "/Game/Aki/UI/UIResources/Common/Image/IconRouge/T_IconRouge_035_UI.T_IconRouge_035_UI",
    "BuffDesc": "RogueBuffPool_900312000461_BuffDesc",
    "BuffDescParam": {
      "PKa": [],
      "length": 0
    },
    "BuffDescSimple": "RogueBuffPool_900312000461_BuffDesc_0",
    "BuffName": "RogueBuffPool_900312000461_BuffName",
    "RoleId": 0,
    "TrialRoleId": 0
  },
  {
    "Id": 1025,
    "BuffId": 900312000471,
    "PerIds": {
      "PKa": [],
      "length": 0
    },
    "EffectId": 0,
    "PerkType": 2,
    "Quality": 3,
    "BuffElement": {
      "size": 1
    },
    "BuffIcon": "/Game/Aki/UI/UIResources/Common/Image/IconMout/T_IconMout_E_003_1_UI.T_IconMout_E_003_1_UI",
    "BuffDesc": "RogueBuffPool_900312000471_BuffDesc",
    "BuffDescParam": {
      "PKa": [],
      "length": 0
    },
    "BuffDescSimple": "RogueBuffPool_900312000471_BuffDesc_0",
    "BuffName": "RogueBuffPool_900312000471_BuffName",
    "RoleId": 0,
    "TrialRoleId": 0
  },
  {
    "Id": 1026,
    "BuffId": 900312000481,
    "PerIds": {
      "PKa": [],
      "length": 0
    },
    "EffectId": 0,
    "PerkType": 2,
    "Quality": 4,
    "BuffElement": {
      "size": 1
    },
    "BuffIcon": "/Game/Aki/UI/UIResources/Common/Image/IconMout/T_IconMout_E_003_1_UI.T_IconMout_E_003_1_UI",
    "BuffDesc": "RogueBuffPool_900312000481_BuffDesc",
    "BuffDescParam": {
      "PKa": [],
      "length": 0
    },
    "BuffDescSimple": "RogueBuffPool_900312000481_BuffDesc_0",
    "BuffName": "RogueBuffPool_900312000481_BuffName",
    "RoleId": 0,
    "TrialRoleId": 0
  },
  {
    "Id": 1027,
    "BuffId": 900312000491,
    "PerIds": {
      "PKa": [],
      "length": 0
    },
    "EffectId": 0,
    "PerkType": 2,
    "Quality": 5,
    "BuffElement": {
      "size": 1
    },
    "BuffIcon": "/Game/Aki/UI/UIResources/Common/Image/IconMout/T_IconMout_E_003_1_UI.T_IconMout_E_003_1_UI",
    "BuffDesc": "RogueBuffPool_900312000491_BuffDesc",
    "BuffDescParam": {
      "PKa": [],
      "length": 0
    },
    "BuffDescSimple": "RogueBuffPool_900312000491_BuffDesc_0",
    "BuffName": "RogueBuffPool_900312000491_BuffName",
    "RoleId": 0,
    "TrialRoleId": 0
  },
  {
    "Id": 1028,
    "BuffId": 900312000641,
    "PerIds": {
      "PKa": [],
      "length": 0
    },
    "EffectId": 0,
    "PerkType": 2,
    "Quality": 3,
    "BuffElement": {
      "size": 1
    },
    "BuffIcon": "/Game/Aki/UI/UIResources/Common/Image/IconRouge/T_IconRouge_028_2_UI.T_IconRouge_028_2_UI",
    "BuffDesc": "RogueBuffPool_900312000641_BuffDesc",
    "BuffDescParam": {
      "PKa": [],
      "length": 0
    },
    "BuffDescSimple": "RogueBuffPool_900312000641_BuffDesc_0",
    "BuffName": "RogueBuffPool_900312000641_BuffName",
    "RoleId": 0,
    "TrialRoleId": 0
  },
  {
    "Id": 2001,
    "BuffId": 900310000070,
    "PerIds": {
      "PKa": [],
      "length": 0
    },
    "EffectId": 0,
    "PerkType": 2,
    "Quality": 5,
    "BuffElement": {
      "size": 1
    },
    "BuffIcon": "/Game/Aki/UI/UIResources/Common/Image/IconC/T_IconC_SM_Gat_20A_UI.T_IconC_SM_Gat_20A_UI",
    "BuffDesc": "RogueBuffPool_900310000070_BuffDesc",
    "BuffDescParam": {
      "PKa": [],
      "length": 0
    },
    "BuffDescSimple": "RogueBuffPool_900310000070_BuffDesc_0",
    "BuffName": "RogueBuffPool_900310000070_BuffName",
    "RoleId": 0,
    "TrialRoleId": 0
  },
  {
    "Id": 2002,
    "BuffId": 900312000341,
    "PerIds": {
      "PKa": [],
      "length": 0
    },
    "EffectId": 0,
    "PerkType": 2,
    "Quality": 5,
    "BuffElement": {
      "size": 1
    },
    "BuffIcon": "/Game/Aki/UI/UIResources/Common/Image/IconRouge/T_IconRouge_010_UI.T_IconRouge_010_UI",
    "BuffDesc": "RogueBuffPool_900312000341_BuffDesc",
    "BuffDescParam": {
      "PKa": [],
      "length": 0
    },
    "BuffDescSimple": "RogueBuffPool_900312000341_BuffDesc_0",
    "BuffName": "RogueBuffPool_900312000341_BuffName",
    "RoleId": 0,
    "TrialRoleId": 0
  },
  {
    "Id": 2003,
    "BuffId": 900312000381,
    "PerIds": {
      "PKa": [],
      "length": 0
    },
    "EffectId": 0,
    "PerkType": 2,
    "Quality": 5,
    "BuffElement": {
      "size": 1
    },
    "BuffIcon": "/Game/Aki/UI/UIResources/Common/Image/IconTask/T_IconTask_Task_005_1_UI.T_IconTask_Task_005_1_UI",
    "BuffDesc": "RogueBuffPool_900312000381_BuffDesc",
    "BuffDescParam": {
      "PKa": [],
      "length": 0
    },
    "BuffDescSimple": "RogueBuffPool_900312000381_BuffDesc_0",
    "BuffName": "RogueBuffPool_900312000381_BuffName",
    "RoleId": 0,
    "TrialRoleId": 0
  },
  {
    "Id": 2004,
    "BuffId": 900312000131,
    "PerIds": {
      "PKa": [],
      "length": 0
    },
    "EffectId": 0,
    "PerkType": 2,
    "Quality": 5,
    "BuffElement": {
      "size": 1
    },
    "BuffIcon": "/Game/Aki/UI/UIResources/Common/Image/IconRouge/T_IconRouge_041_UI.T_IconRouge_041_UI",
    "BuffDesc": "RogueBuffPool_900312000131_BuffDesc",
    "BuffDescParam": {
      "PKa": [],
      "length": 0
    },
    "BuffDescSimple": "RogueBuffPool_900312000131_BuffDesc_0",
    "BuffName": "RogueBuffPool_900312000131_BuffName",
    "RoleId": 0,
    "TrialRoleId": 0
  },
  {
    "Id": 2005,
    "BuffId": 900312000401,
    "PerIds": {
      "PKa": [],
      "length": 0
    },
    "EffectId": 0,
    "PerkType": 2,
    "Quality": 4,
    "BuffElement": {
      "size": 1
    },
    "BuffIcon": "/Game/Aki/UI/UIResources/Common/Image/IconMout/T_IconMout_E_001_3_UI.T_IconMout_E_001_3_UI",
    "BuffDesc": "RogueBuffPool_900312000401_BuffDesc",
    "BuffDescParam": {
      "PKa": [],
      "length": 0
    },
    "BuffDescSimple": "RogueBuffPool_900312000401_BuffDesc_0",
    "BuffName": "RogueBuffPool_900312000401_BuffName",
    "RoleId": 0,
    "TrialRoleId": 0
  },
  {
    "Id": 2006,
    "BuffId": 900114000070,
    "PerIds": {
      "PKa": [],
      "length": 0
    },
    "EffectId": 0,
    "PerkType": 2,
    "Quality": 4,
    "BuffElement": {
      "size": 1
    },
    "BuffIcon": "/Game/Aki/UI/UIResources/Common/Image/IconMst/T_IconMst_004_1_UI.T_IconMst_004_1_UI",
    "BuffDesc": "RogueBuffPool_900114000070_BuffDesc",
    "BuffDescParam": {
      "PKa": [],
      "length": 0
    },
    "BuffDescSimple": "RogueBuffPool_900114000070_BuffDesc_0",
    "BuffName": "RogueBuffPool_900114000070_BuffName",
    "RoleId": 0,
    "TrialRoleId": 0
  },
  {
    "Id": 2007,
    "BuffId": 900810000010,
    "PerIds": {
      "PKa": [],
      "length": 0
    },
    "EffectId": 0,
    "PerkType": 2,
    "Quality": 4,
    "BuffElement": {
      "size": 1
    },
    "BuffIcon": "/Game/Aki/UI/UIResources/Common/Image/IconRouge/T_IconRouge_026_UI.T_IconRouge_026_UI",
    "BuffDesc": "RogueBuffPool_900810000010_BuffDesc",
    "BuffDescParam": {
      "PKa": [],
      "length": 0
    },
    "BuffDescSimple": "RogueBuffPool_900810000010_BuffDesc_0",
    "BuffName": "RogueBuffPool_900810000010_BuffName",
    "RoleId": 0,
    "TrialRoleId": 0
  },
  {
    "Id": 2008,
    "BuffId": 900114000100,
    "PerIds": {
      "PKa": [],
      "length": 0
    },
    "EffectId": 0,
    "PerkType": 2,
    "Quality": 4,
    "BuffElement": {
      "size": 1
    },
    "BuffIcon": "/Game/Aki/UI/UIResources/Common/Image/IconWup/T_IconWup_Setpup_001_2_UI.T_IconWup_Setpup_001_2_UI",
    "BuffDesc": "RogueBuffPool_900114000100_BuffDesc",
    "BuffDescParam": {
      "PKa": [],
      "length": 0
    },
    "BuffDescSimple": "RogueBuffPool_900114000100_BuffDesc_0",
    "BuffName": "RogueBuffPool_900114000100_BuffName",
    "RoleId": 0,
    "TrialRoleId": 0
  },
  {
    "Id": 2009,
    "BuffId": 900114000110,
    "PerIds": {
      "PKa": [],
      "length": 0
    },
    "EffectId": 0,
    "PerkType": 2,
    "Quality": 4,
    "BuffElement": {
      "size": 1
    },
    "BuffIcon": "/Game/Aki/UI/UIResources/Common/Image/IconWup/T_IconWup_Setpup_002_3_UI.T_IconWup_Setpup_002_3_UI",
    "BuffDesc": "RogueBuffPool_900114000110_BuffDesc",
    "BuffDescParam": {
      "PKa": [],
      "length": 0
    },
    "BuffDescSimple": "RogueBuffPool_900114000110_BuffDesc_0",
    "BuffName": "RogueBuffPool_900114000110_BuffName",
    "RoleId": 0,
    "TrialRoleId": 0
  },
  {
    "Id": 2010,
    "BuffId": 900312000101,
    "PerIds": {
      "PKa": [],
      "length": 0
    },
    "EffectId": 0,
    "PerkType": 2,
    "Quality": 4,
    "BuffElement": {
      "size": 1
    },
    "BuffIcon": "/Game/Aki/UI/UIResources/Common/Image/IconRouge/T_IconRouge_045_UI.T_IconRouge_045_UI",
    "BuffDesc": "RogueBuffPool_900312000101_BuffDesc",
    "BuffDescParam": {
      "PKa": [],
      "length": 0
    },
    "BuffDescSimple": "RogueBuffPool_900312000101_BuffDesc_0",
    "BuffName": "RogueBuffPool_900312000101_BuffName",
    "RoleId": 0,
    "TrialRoleId": 0
  },
  {
    "Id": 2011,
    "BuffId": 900312000111,
    "PerIds": {
      "PKa": [],
      "length": 0
    },
    "EffectId": 0,
    "PerkType": 2,
    "Quality": 4,
    "BuffElement": {
      "size": 1
    },
    "BuffIcon": "/Game/Aki/UI/UIResources/Common/Image/IconRouge/T_IconRouge_034_UI.T_IconRouge_034_UI",
    "BuffDesc": "RogueBuffPool_900312000111_BuffDesc",
    "BuffDescParam": {
      "PKa": [],
      "length": 0
    },
    "BuffDescSimple": "RogueBuffPool_900312000111_BuffDesc_0",
    "BuffName": "RogueBuffPool_900312000111_BuffName",
    "RoleId": 0,
    "TrialRoleId": 0
  },
  {
    "Id": 2012,
    "BuffId": 900312000141,
    "PerIds": {
      "PKa": [],
      "length": 0
    },
    "EffectId": 0,
    "PerkType": 2,
    "Quality": 4,
    "BuffElement": {
      "size": 1
    },
    "BuffIcon": "/Game/Aki/UI/UIResources/Common/Image/IconWup/T_IconWup_Setpup_003_2_UI.T_IconWup_Setpup_003_2_UI",
    "BuffDesc": "RogueBuffPool_900312000141_BuffDesc",
    "BuffDescParam": {
      "PKa": [],
      "length": 0
    },
    "BuffDescSimple": "RogueBuffPool_900312000141_BuffDesc_0",
    "BuffName": "RogueBuffPool_900312000141_BuffName",
    "RoleId": 0,
    "TrialRoleId": 0
  },
  {
    "Id": 2013,
    "BuffId": 900312000161,
    "PerIds": {
      "PKa": [],
      "length": 0
    },
    "EffectId": 0,
    "PerkType": 2,
    "Quality": 4,
    "BuffElement": {
      "size": 1
    },
    "BuffIcon": "/Game/Aki/UI/UIResources/Common/Image/IconC/T_IconC_Sep_041_UI.T_IconC_Sep_041_UI",
    "BuffDesc": "RogueBuffPool_900312000161_BuffDesc",
    "BuffDescParam": {
      "PKa": [],
      "length": 0
    },
    "BuffDescSimple": "RogueBuffPool_900312000161_BuffDesc_0",
    "BuffName": "RogueBuffPool_900312000161_BuffName",
    "RoleId": 0,
    "TrialRoleId": 0
  },
  {
    "Id": 2014,
    "BuffId": 900100000000,
    "PerIds": {
      "PKa": [],
      "length": 0
    },
    "EffectId": 0,
    "PerkType": 2,
    "Quality": 3,
    "BuffElement": {
      "size": 1
    },
    "BuffIcon": "/Game/Aki/UI/UIResources/Common/Image/IconTask/T_IconTask_Task_023_UI.T_IconTask_Task_023_UI",
    "BuffDesc": "RogueBuffPool_900100000000_BuffDesc",
    "BuffDescParam": {
      "PKa": [],
      "length": 0
    },
    "BuffDescSimple": "RogueBuffPool_900100000000_BuffDesc_0",
    "BuffName": "RogueBuffPool_900100000000_BuffName",
    "RoleId": 0,
    "TrialRoleId": 0
  },
  {
    "Id": 2015,
    "BuffId": 900310000040,
    "PerIds": {
      "PKa": [],
      "length": 0
    },
    "EffectId": 0,
    "PerkType": 2,
    "Quality": 3,
    "BuffElement": {
      "size": 1
    },
    "BuffIcon": "/Game/Aki/UI/UIResources/Common/Image/IconTask/T_IconTask_Level_004_1_UI.T_IconTask_Level_004_1_UI",
    "BuffDesc": "RogueBuffPool_900310000040_BuffDesc",
    "BuffDescParam": {
      "PKa": [],
      "length": 0
    },
    "BuffDescSimple": "RogueBuffPool_900310000040_BuffDesc_0",
    "BuffName": "RogueBuffPool_900310000040_BuffName",
    "RoleId": 0,
    "TrialRoleId": 0
  },
  {
    "Id": 2016,
    "BuffId": 900100000002,
    "PerIds": {
      "PKa": [],
      "length": 0
    },
    "EffectId": 0,
    "PerkType": 2,
    "Quality": 3,
    "BuffElement": {
      "size": 1
    },
    "BuffIcon": "/Game/Aki/UI/UIResources/Common/Image/IconTask/T_IconTask_Task_017_1_UI.T_IconTask_Task_017_1_UI",
    "BuffDesc": "RogueBuffPool_900100000002_BuffDesc",
    "BuffDescParam": {
      "PKa": [],
      "length": 0
    },
    "BuffDescSimple": "RogueBuffPool_900100000002_BuffDesc_0",
    "BuffName": "RogueBuffPool_900100000002_BuffName",
    "RoleId": 0,
    "TrialRoleId": 0
  },
  {
    "Id": 2017,
    "BuffId": 900120000005,
    "PerIds": {
      "PKa": [],
      "length": 0
    },
    "EffectId": 0,
    "PerkType": 2,
    "Quality": 3,
    "BuffElement": {
      "size": 1
    },
    "BuffIcon": "/Game/Aki/UI/UIResources/Common/Image/IconTask/T_IconTask_Task_022_UI.T_IconTask_Task_022_UI",
    "BuffDesc": "RogueBuffPool_900120000005_BuffDesc",
    "BuffDescParam": {
      "PKa": [],
      "length": 0
    },
    "BuffDescSimple": "RogueBuffPool_900120000005_BuffDesc_0",
    "BuffName": "RogueBuffPool_900120000005_BuffName",
    "RoleId": 0,
    "TrialRoleId": 0
  },
  {
    "Id": 2018,
    "BuffId": 900810000070,
    "PerIds": {
      "PKa": [],
      "length": 0
    },
    "EffectId": 0,
    "PerkType": 2,
    "Quality": 3,
    "BuffElement": {
      "size": 1
    },
    "BuffIcon": "/Game/Aki/UI/UIResources/Common/Image/IconWup/T_IconWup_Setpup_002_2_UI.T_IconWup_Setpup_002_2_UI",
    "BuffDesc": "RogueBuffPool_900810000070_BuffDesc",
    "BuffDescParam": {
      "PKa": [],
      "length": 0
    },
    "BuffDescSimple": "RogueBuffPool_900810000070_BuffDesc_0",
    "BuffName": "RogueBuffPool_900810000070_BuffName",
    "RoleId": 0,
    "TrialRoleId": 0
  },
  {
    "Id": 2019,
    "BuffId": 900312000011,
    "PerIds": {
      "PKa": [],
      "length": 0
    },
    "EffectId": 0,
    "PerkType": 2,
    "Quality": 3,
    "BuffElement": {
      "size": 1
    },
    "BuffIcon": "/Game/Aki/UI/UIResources/Common/Image/IconMout/T_IconMout_E_003_2_UI.T_IconMout_E_003_2_UI",
    "BuffDesc": "RogueBuffPool_900312000011_BuffDesc",
    "BuffDescParam": {
      "PKa": [],
      "length": 0
    },
    "BuffDescSimple": "RogueBuffPool_900312000011_BuffDesc_0",
    "BuffName": "RogueBuffPool_900312000011_BuffName",
    "RoleId": 0,
    "TrialRoleId": 0
  },
  {
    "Id": 2020,
    "BuffId": 900312000041,
    "PerIds": {
      "PKa": [],
      "length": 0
    },
    "EffectId": 0,
    "PerkType": 2,
    "Quality": 3,
    "BuffElement": {
      "size": 1
    },
    "BuffIcon": "/Game/Aki/UI/UIResources/Common/Image/IconWup/T_IconWup_Setpup_003_3_UI.T_IconWup_Setpup_003_3_UI",
    "BuffDesc": "RogueBuffPool_900312000041_BuffDesc",
    "BuffDescParam": {
      "PKa": [],
      "length": 0
    },
    "BuffDescSimple": "RogueBuffPool_900312000041_BuffDesc_0",
    "BuffName": "RogueBuffPool_900312000041_BuffName",
    "RoleId": 0,
    "TrialRoleId": 0
  },
  {
    "Id": 2021,
    "BuffId": 900312000121,
    "PerIds": {
      "PKa": [],
      "length": 0
    },
    "EffectId": 0,
    "PerkType": 2,
    "Quality": 3,
    "BuffElement": {
      "size": 1
    },
    "BuffIcon": "/Game/Aki/UI/UIResources/Common/Image/IconC/T_IconC_Com_002_1_UI.T_IconC_Com_002_1_UI",
    "BuffDesc": "RogueBuffPool_900312000121_BuffDesc",
    "BuffDescParam": {
      "PKa": [],
      "length": 0
    },
    "BuffDescSimple": "RogueBuffPool_900312000121_BuffDesc_0",
    "BuffName": "RogueBuffPool_900312000121_BuffName",
    "RoleId": 0,
    "TrialRoleId": 0
  },
  {
    "Id": 2022,
    "BuffId": 900312000501,
    "PerIds": {
      "PKa": [],
      "length": 0
    },
    "EffectId": 0,
    "PerkType": 2,
    "Quality": 3,
    "BuffElement": {
      "size": 1
    },
    "BuffIcon": "/Game/Aki/UI/UIResources/Common/Image/IconWup/T_IconWup_Setpup_002_1_UI.T_IconWup_Setpup_002_1_UI",
    "BuffDesc": "RogueBuffPool_900312000501_BuffDesc",
    "BuffDescParam": {
      "PKa": [],
      "length": 0
    },
    "BuffDescSimple": "RogueBuffPool_900312000501_BuffDesc_0",
    "BuffName": "RogueBuffPool_900312000501_BuffName",
    "RoleId": 0,
    "TrialRoleId": 0
  },
  {
    "Id": 2023,
    "BuffId": 900312000511,
    "PerIds": {
      "PKa": [],
      "length": 0
    },
    "EffectId": 0,
    "PerkType": 2,
    "Quality": 4,
    "BuffElement": {
      "size": 1
    },
    "BuffIcon": "/Game/Aki/UI/UIResources/Common/Image/IconWup/T_IconWup_Setpup_002_1_UI.T_IconWup_Setpup_002_1_UI",
    "BuffDesc": "RogueBuffPool_900312000511_BuffDesc",
    "BuffDescParam": {
      "PKa": [],
      "length": 0
    },
    "BuffDescSimple": "RogueBuffPool_900312000511_BuffDesc_0",
    "BuffName": "RogueBuffPool_900312000511_BuffName",
    "RoleId": 0,
    "TrialRoleId": 0
  },
  {
    "Id": 2024,
    "BuffId": 900312000521,
    "PerIds": {
      "PKa": [],
      "length": 0
    },
    "EffectId": 0,
    "PerkType": 2,
    "Quality": 5,
    "BuffElement": {
      "size": 1
    },
    "BuffIcon": "/Game/Aki/UI/UIResources/Common/Image/IconWup/T_IconWup_Setpup_002_1_UI.T_IconWup_Setpup_002_1_UI",
    "BuffDesc": "RogueBuffPool_900312000521_BuffDesc",
    "BuffDescParam": {
      "PKa": [],
      "length": 0
    },
    "BuffDescSimple": "RogueBuffPool_900312000521_BuffDesc_0",
    "BuffName": "RogueBuffPool_900312000521_BuffName",
    "RoleId": 0,
    "TrialRoleId": 0
  },
  {
    "Id": 2025,
    "BuffId": 900312000531,
    "PerIds": {
      "PKa": [],
      "length": 0
    },
    "EffectId": 0,
    "PerkType": 2,
    "Quality": 3,
    "BuffElement": {
      "size": 1
    },
    "BuffIcon": "/Game/Aki/UI/UIResources/Common/Image/IconRouge/T_IconRouge_025_UI.T_IconRouge_025_UI",
    "BuffDesc": "RogueBuffPool_900312000531_BuffDesc",
    "BuffDescParam": {
      "PKa": [],
      "length": 0
    },
    "BuffDescSimple": "RogueBuffPool_900312000531_BuffDesc_0",
    "BuffName": "RogueBuffPool_900312000531_BuffName",
    "RoleId": 0,
    "TrialRoleId": 0
  },
  {
    "Id": 2026,
    "BuffId": 900312000541,
    "PerIds": {
      "PKa": [],
      "length": 0
    },
    "EffectId": 0,
    "PerkType": 2,
    "Quality": 4,
    "BuffElement": {
      "size": 1
    },
    "BuffIcon": "/Game/Aki/UI/UIResources/Common/Image/IconRouge/T_IconRouge_025_UI.T_IconRouge_025_UI",
    "BuffDesc": "RogueBuffPool_900312000541_BuffDesc",
    "BuffDescParam": {
      "PKa": [],
      "length": 0
    },
    "BuffDescSimple": "RogueBuffPool_900312000541_BuffDesc_0",
    "BuffName": "RogueBuffPool_900312000541_BuffName",
    "RoleId": 0,
    "TrialRoleId": 0
  },
  {
    "Id": 2027,
    "BuffId": 900312000551,
    "PerIds": {
      "PKa": [],
      "length": 0
    },
    "EffectId": 0,
    "PerkType": 2,
    "Quality": 5,
    "BuffElement": {
      "size": 1
    },
    "BuffIcon": "/Game/Aki/UI/UIResources/Common/Image/IconRouge/T_IconRouge_025_UI.T_IconRouge_025_UI",
    "BuffDesc": "RogueBuffPool_900312000551_BuffDesc",
    "BuffDescParam": {
      "PKa": [],
      "length": 0
    },
    "BuffDescSimple": "RogueBuffPool_900312000551_BuffDesc_0",
    "BuffName": "RogueBuffPool_900312000551_BuffName",
    "RoleId": 0,
    "TrialRoleId": 0
  },
  {
    "Id": 2028,
    "BuffId": 900312000651,
    "PerIds": {
      "PKa": [],
      "length": 0
    },
    "EffectId": 0,
    "PerkType": 2,
    "Quality": 3,
    "BuffElement": {
      "size": 1
    },
    "BuffIcon": "/Game/Aki/UI/UIResources/Common/Image/IconRouge/T_IconRouge_028_3_UI.T_IconRouge_028_3_UI",
    "BuffDesc": "RogueBuffPool_900312000651_BuffDesc",
    "BuffDescParam": {
      "PKa": [],
      "length": 0
    },
    "BuffDescSimple": "RogueBuffPool_900312000651_BuffDesc_0",
    "BuffName": "RogueBuffPool_900312000651_BuffName",
    "RoleId": 0,
    "TrialRoleId": 0
  },
  {
    "Id": 3001,
    "BuffId": 900312000351,
    "PerIds": {
      "PKa": [],
      "length": 0
    },
    "EffectId": 0,
    "PerkType": 2,
    "Quality": 5,
    "BuffElement": {
      "size": 1
    },
    "BuffIcon": "/Game/Aki/UI/UIResources/Common/Image/IconC/T_IconC_SM_Gat_22A_UI.T_IconC_SM_Gat_22A_UI",
    "BuffDesc": "RogueBuffPool_900312000351_BuffDesc",
    "BuffDescParam": {
      "PKa": [],
      "length": 0
    },
    "BuffDescSimple": "RogueBuffPool_900312000351_BuffDesc_0",
    "BuffName": "RogueBuffPool_900312000351_BuffName",
    "RoleId": 0,
    "TrialRoleId": 0
  },
  {
    "Id": 3002,
    "BuffId": 900312000361,
    "PerIds": {
      "PKa": [],
      "length": 0
    },
    "EffectId": 0,
    "PerkType": 2,
    "Quality": 5,
    "BuffElement": {
      "size": 1
    },
    "BuffIcon": "/Game/Aki/UI/UIResources/Common/Image/IconTask/T_IconTask_Level_003_1_UI.T_IconTask_Level_003_1_UI",
    "BuffDesc": "RogueBuffPool_900312000361_BuffDesc",
    "BuffDescParam": {
      "PKa": [],
      "length": 0
    },
    "BuffDescSimple": "RogueBuffPool_900312000361_BuffDesc_0",
    "BuffName": "RogueBuffPool_900312000361_BuffName",
    "RoleId": 0,
    "TrialRoleId": 0
  },
  {
    "Id": 3003,
    "BuffId": 900312000221,
    "PerIds": {
      "PKa": [],
      "length": 0
    },
    "EffectId": 0,
    "PerkType": 2,
    "Quality": 5,
    "BuffElement": {
      "size": 1
    },
    "BuffIcon": "/Game/Aki/UI/UIResources/Common/Image/IconRouge/T_IconRouge_021_1_UI.T_IconRouge_021_1_UI",
    "BuffDesc": "RogueBuffPool_900312000221_BuffDesc",
    "BuffDescParam": {
      "PKa": [],
      "length": 0
    },
    "BuffDescSimple": "RogueBuffPool_900312000221_BuffDesc_0",
    "BuffName": "RogueBuffPool_900312000221_BuffName",
    "RoleId": 0,
    "TrialRoleId": 0
  },
  {
    "Id": 3004,
    "BuffId": 900312000272,
    "PerIds": {
      "PKa": [],
      "length": 0
    },
    "EffectId": 0,
    "PerkType": 2,
    "Quality": 5,
    "BuffElement": {
      "size": 1
    },
    "BuffIcon": "/Game/Aki/UI/UIResources/Common/Image/IconRouge/T_IconRouge_033_UI.T_IconRouge_033_UI",
    "BuffDesc": "RogueBuffPool_900312000271_BuffDesc",
    "BuffDescParam": {
      "PKa": [],
      "length": 0
    },
    "BuffDescSimple": "RogueBuffPool_900312000271_BuffDesc_0",
    "BuffName": "RogueBuffPool_900312000271_BuffName",
    "RoleId": 0,
    "TrialRoleId": 0
  },
  {
    "Id": 3005,
    "BuffId": 900210000014,
    "PerIds": {
      "PKa": [],
      "length": 0
    },
    "EffectId": 0,
    "PerkType": 2,
    "Quality": 4,
    "BuffElement": {
      "size": 1
    },
    "BuffIcon": "/Game/Aki/UI/UIResources/Common/Image/IconRouge/T_IconRouge_027_UI.T_IconRouge_027_UI",
    "BuffDesc": "RogueBuffPool_900210000014_BuffDesc",
    "BuffDescParam": {
      "PKa": [],
      "length": 0
    },
    "BuffDescSimple": "RogueBuffPool_900210000014_BuffDesc_0",
    "BuffName": "RogueBuffPool_900210000014_BuffName",
    "RoleId": 0,
    "TrialRoleId": 0
  },
  {
    "Id": 3006,
    "BuffId": 900210000016,
    "PerIds": {
      "PKa": [],
      "length": 0
    },
    "EffectId": 0,
    "PerkType": 2,
    "Quality": 4,
    "BuffElement": {
      "size": 1
    },
    "BuffIcon": "/Game/Aki/UI/UIResources/Common/Image/IconA/T_IconA_czhl_UI.T_IconA_czhl_UI",
    "BuffDesc": "RogueBuffPool_900210000016_BuffDesc",
    "BuffDescParam": {
      "PKa": [],
      "length": 0
    },
    "BuffDescSimple": "RogueBuffPool_900210000016_BuffDesc_0",
    "BuffName": "RogueBuffPool_900210000016_BuffName",
    "RoleId": 0,
    "TrialRoleId": 0
  },
  {
    "Id": 3007,
    "BuffId": 900210000060,
    "PerIds": {
      "PKa": [],
      "length": 0
    },
    "EffectId": 0,
    "PerkType": 2,
    "Quality": 4,
    "BuffElement": {
      "size": 1
    },
    "BuffIcon": "/Game/Aki/UI/UIResources/Common/Image/IconRouge/T_IconRouge_008_UI.T_IconRouge_008_UI",
    "BuffDesc": "RogueBuffPool_900210000060_BuffDesc",
    "BuffDescParam": {
      "PKa": [],
      "length": 0
    },
    "BuffDescSimple": "RogueBuffPool_900210000060_BuffDesc_0",
    "BuffName": "RogueBuffPool_900210000060_BuffName",
    "RoleId": 0,
    "TrialRoleId": 0
  },
  {
    "Id": 3008,
    "BuffId": 900210000080,
    "PerIds": {
      "PKa": [],
      "length": 0
    },
    "EffectId": 0,
    "PerkType": 2,
    "Quality": 4,
    "BuffElement": {
      "size": 1
    },
    "BuffIcon": "/Game/Aki/UI/UIResources/Common/Image/IconC/T_IconC_SM_Gat_21A_UI.T_IconC_SM_Gat_21A_UI",
    "BuffDesc": "RogueBuffPool_900210000080_BuffDesc",
    "BuffDescParam": {
      "PKa": [],
      "length": 0
    },
    "BuffDescSimple": "RogueBuffPool_900210000080_BuffDesc_0",
    "BuffName": "RogueBuffPool_900210000080_BuffName",
    "RoleId": 0,
    "TrialRoleId": 0
  },
  {
    "Id": 3009,
    "BuffId": 900210000090,
    "PerIds": {
      "PKa": [],
      "length": 0
    },
    "EffectId": 0,
    "PerkType": 2,
    "Quality": 4,
    "BuffElement": {
      "size": 1
    },
    "BuffIcon": "/Game/Aki/UI/UIResources/Common/Image/IconMout/T_IconMout_O_001_3_UI.T_IconMout_O_001_3_UI",
    "BuffDesc": "RogueBuffPool_900210000090_BuffDesc",
    "BuffDescParam": {
      "PKa": [],
      "length": 0
    },
    "BuffDescSimple": "RogueBuffPool_900210000090_BuffDesc_0",
    "BuffName": "RogueBuffPool_900210000090_BuffName",
    "RoleId": 0,
    "TrialRoleId": 0
  },
  {
    "Id": 3010,
    "BuffId": 900312000091,
    "PerIds": {
      "PKa": [],
      "length": 0
    },
    "EffectId": 0,
    "PerkType": 2,
    "Quality": 4,
    "BuffElement": {
      "size": 1
    },
    "BuffIcon": "/Game/Aki/UI/UIResources/Common/Image/IconRouge/T_IconRouge_023_UI.T_IconRouge_023_UI",
    "BuffDesc": "RogueBuffPool_900312000091_BuffDesc",
    "BuffDescParam": {
      "PKa": [],
      "length": 0
    },
    "BuffDescSimple": "RogueBuffPool_900312000091_BuffDesc_0",
    "BuffName": "RogueBuffPool_900312000091_BuffName",
    "RoleId": 0,
    "TrialRoleId": 0
  },
  {
    "Id": 3011,
    "BuffId": 900312000151,
    "PerIds": {
      "PKa": [],
      "length": 0
    },
    "EffectId": 0,
    "PerkType": 2,
    "Quality": 4,
    "BuffElement": {
      "size": 1
    },
    "BuffIcon": "/Game/Aki/UI/UIResources/Common/Image/IconMout/T_IconMout_E_003_3_UI.T_IconMout_E_003_3_UI",
    "BuffDesc": "RogueBuffPool_900312000151_BuffDesc",
    "BuffDescParam": {
      "PKa": [],
      "length": 0
    },
    "BuffDescSimple": "RogueBuffPool_900312000151_BuffDesc_0",
    "BuffName": "RogueBuffPool_900312000151_BuffName",
    "RoleId": 0,
    "TrialRoleId": 0
  },
  {
    "Id": 3012,
    "BuffId": 900312000262,
    "PerIds": {
      "PKa": [],
      "length": 0
    },
    "EffectId": 0,
    "PerkType": 2,
    "Quality": 4,
    "BuffElement": {
      "size": 1
    },
    "BuffIcon": "/Game/Aki/UI/UIResources/Common/Image/IconWup/T_IconWup_Setpup_002_4_UI.T_IconWup_Setpup_002_4_UI",
    "BuffDesc": "RogueBuffPool_900312000261_BuffDesc",
    "BuffDescParam": {
      "PKa": [],
      "length": 0
    },
    "BuffDescSimple": "RogueBuffPool_900312000261_BuffDesc_0",
    "BuffName": "RogueBuffPool_900312000261_BuffName",
    "RoleId": 0,
    "TrialRoleId": 0
  },
  {
    "Id": 3013,
    "BuffId": 900210000020,
    "PerIds": {
      "PKa": [],
      "length": 0
    },
    "EffectId": 0,
    "PerkType": 2,
    "Quality": 3,
    "BuffElement": {
      "size": 1
    },
    "BuffIcon": "/Game/Aki/UI/UIResources/Common/Image/IconA/T_IconA_ybhl_UI.T_IconA_ybhl_UI",
    "BuffDesc": "RogueBuffPool_900210000020_BuffDesc",
    "BuffDescParam": {
      "PKa": [],
      "length": 0
    },
    "BuffDescSimple": "RogueBuffPool_900210000020_BuffDesc_0",
    "BuffName": "RogueBuffPool_900210000020_BuffName",
    "RoleId": 0,
    "TrialRoleId": 0
  },
  {
    "Id": 3014,
    "BuffId": 900210000040,
    "PerIds": {
      "PKa": [],
      "length": 0
    },
    "EffectId": 0,
    "PerkType": 2,
    "Quality": 3,
    "BuffElement": {
      "size": 1
    },
    "BuffIcon": "/Game/Aki/UI/UIResources/Common/Image/IconRouge/T_IconRouge_029_UI.T_IconRouge_029_UI",
    "BuffDesc": "RogueBuffPool_900210000040_BuffDesc",
    "BuffDescParam": {
      "PKa": [],
      "length": 0
    },
    "BuffDescSimple": "RogueBuffPool_900210000040_BuffDesc_0",
    "BuffName": "RogueBuffPool_900210000040_BuffName",
    "RoleId": 0,
    "TrialRoleId": 0
  },
  {
    "Id": 3015,
    "BuffId": 900210000010,
    "PerIds": {
      "PKa": [],
      "length": 0
    },
    "EffectId": 0,
    "PerkType": 2,
    "Quality": 3,
    "BuffElement": {
      "size": 1
    },
    "BuffIcon": "/Game/Aki/UI/UIResources/Common/Image/IconRouge/T_IconRouge_007_UI.T_IconRouge_007_UI",
    "BuffDesc": "RogueBuffPool_900210000010_BuffDesc",
    "BuffDescParam": {
      "PKa": [],
      "length": 0
    },
    "BuffDescSimple": "RogueBuffPool_900210000010_BuffDesc_0",
    "BuffName": "RogueBuffPool_900210000010_BuffName",
    "RoleId": 0,
    "TrialRoleId": 0
  },
  {
    "Id": 3016,
    "BuffId": 900210000012,
    "PerIds": {
      "PKa": [],
      "length": 0
    },
    "EffectId": 0,
    "PerkType": 2,
    "Quality": 3,
    "BuffElement": {
      "size": 1
    },
    "BuffIcon": "/Game/Aki/UI/UIResources/Common/Image/IconRouge/T_IconRouge_019_UI.T_IconRouge_019_UI",
    "BuffDesc": "RogueBuffPool_900210000012_BuffDesc",
    "BuffDescParam": {
      "PKa": [],
      "length": 0
    },
    "BuffDescSimple": "RogueBuffPool_900210000012_BuffDesc_0",
    "BuffName": "RogueBuffPool_900210000012_BuffName",
    "RoleId": 0,
    "TrialRoleId": 0
  },
  {
    "Id": 3017,
    "BuffId": 900160000010,
    "PerIds": {
      "PKa": [],
      "length": 0
    },
    "EffectId": 0,
    "PerkType": 2,
    "Quality": 3,
    "BuffElement": {
      "size": 1
    },
    "BuffIcon": "/Game/Aki/UI/UIResources/Common/Image/IconRouge/T_IconRouge_030_UI.T_IconRouge_030_UI",
    "BuffDesc": "RogueBuffPool_900160000010_BuffDesc",
    "BuffDescParam": {
      "PKa": [],
      "length": 0
    },
    "BuffDescSimple": "RogueBuffPool_900160000010_BuffDesc_0",
    "BuffName": "RogueBuffPool_900160000010_BuffName",
    "RoleId": 0,
    "TrialRoleId": 0
  },
  {
    "Id": 3018,
    "BuffId": 900160000020,
    "PerIds": {
      "PKa": [],
      "length": 0
    },
    "EffectId": 0,
    "PerkType": 2,
    "Quality": 3,
    "BuffElement": {
      "size": 1
    },
    "BuffIcon": "/Game/Aki/UI/UIResources/Common/Image/IconRouge/T_IconRouge_013_UI.T_IconRouge_013_UI",
    "BuffDesc": "RogueBuffPool_900160000020_BuffDesc",
    "BuffDescParam": {
      "PKa": [],
      "length": 0
    },
    "BuffDescSimple": "RogueBuffPool_900160000020_BuffDesc_0",
    "BuffName": "RogueBuffPool_900160000020_BuffName",
    "RoleId": 0,
    "TrialRoleId": 0
  },
  {
    "Id": 3019,
    "BuffId": 900210000030,
    "PerIds": {
      "PKa": [],
      "length": 0
    },
    "EffectId": 0,
    "PerkType": 2,
    "Quality": 3,
    "BuffElement": {
      "size": 1
    },
    "BuffIcon": "/Game/Aki/UI/UIResources/Common/Image/IconC/T_IconC_SM_Gat_19A_UI.T_IconC_SM_Gat_19A_UI",
    "BuffDesc": "RogueBuffPool_900210000030_BuffDesc",
    "BuffDescParam": {
      "PKa": [],
      "length": 0
    },
    "BuffDescSimple": "RogueBuffPool_900210000030_BuffDesc_0",
    "BuffName": "RogueBuffPool_900210000030_BuffName",
    "RoleId": 0,
    "TrialRoleId": 0
  },
  {
    "Id": 3020,
    "BuffId": 900130000002,
    "PerIds": {
      "PKa": [],
      "length": 0
    },
    "EffectId": 0,
    "PerkType": 2,
    "Quality": 3,
    "BuffElement": {
      "size": 1
    },
    "BuffIcon": "/Game/Aki/UI/UIResources/Common/Image/IconRouge/T_IconRouge_005_UI.T_IconRouge_005_UI",
    "BuffDesc": "RogueBuffPool_900130000002_BuffDesc",
    "BuffDescParam": {
      "PKa": [],
      "length": 0
    },
    "BuffDescSimple": "RogueBuffPool_900130000002_BuffDesc_0",
    "BuffName": "RogueBuffPool_900130000002_BuffName",
    "RoleId": 0,
    "TrialRoleId": 0
  },
  {
    "Id": 3021,
    "BuffId": 900312000621,
    "PerIds": {
      "PKa": [],
      "length": 0
    },
    "EffectId": 0,
    "PerkType": 2,
    "Quality": 4,
    "BuffElement": {
      "size": 1
    },
    "BuffIcon": "/Game/Aki/UI/UIResources/Common/Image/IconC/T_IconC_Com_001_1_UI.T_IconC_Com_001_1_UI",
    "BuffDesc": "RogueBuffPool_900312000621_BuffDesc",
    "BuffDescParam": {
      "PKa": [],
      "length": 0
    },
    "BuffDescSimple": "RogueBuffPool_900312000621_BuffDesc_0",
    "BuffName": "RogueBuffPool_900312000621_BuffName",
    "RoleId": 0,
    "TrialRoleId": 0
  },
  {
    "Id": 3022,
    "BuffId": 900312000571,
    "PerIds": {
      "PKa": [],
      "length": 0
    },
    "EffectId": 0,
    "PerkType": 2,
    "Quality": 3,
    "BuffElement": {
      "size": 1
    },
    "BuffIcon": "/Game/Aki/UI/UIResources/Common/Image/IconC/T_IconC_SM_Gat_30A_UI.T_IconC_SM_Gat_30A_UI",
    "BuffDesc": "RogueBuffPool_900312000571_BuffDesc",
    "BuffDescParam": {
      "PKa": [],
      "length": 0
    },
    "BuffDescSimple": "RogueBuffPool_900312000571_BuffDesc_0",
    "BuffName": "RogueBuffPool_900312000571_BuffName",
    "RoleId": 0,
    "TrialRoleId": 0
  },
  {
    "Id": 3023,
    "BuffId": 900312000581,
    "PerIds": {
      "PKa": [],
      "length": 0
    },
    "EffectId": 0,
    "PerkType": 2,
    "Quality": 4,
    "BuffElement": {
      "size": 1
    },
    "BuffIcon": "/Game/Aki/UI/UIResources/Common/Image/IconRouge/T_IconRouge_016_UI.T_IconRouge_016_UI",
    "BuffDesc": "RogueBuffPool_900312000581_BuffDesc",
    "BuffDescParam": {
      "PKa": [],
      "length": 0
    },
    "BuffDescSimple": "RogueBuffPool_900312000581_BuffDesc_0",
    "BuffName": "RogueBuffPool_900312000581_BuffName",
    "RoleId": 0,
    "TrialRoleId": 0
  },
  {
    "Id": 3024,
    "BuffId": 900312000561,
    "PerIds": {
      "PKa": [],
      "length": 0
    },
    "EffectId": 0,
    "PerkType": 2,
    "Quality": 4,
    "BuffElement": {
      "size": 1
    },
    "BuffIcon": "/Game/Aki/UI/UIResources/Common/Image/IconA/T_IconA_currency_01_UI.T_IconA_currency_01_UI",
    "BuffDesc": "RogueBuffPool_900312000561_BuffDesc",
    "BuffDescParam": {
      "PKa": [],
      "length": 0
    },
    "BuffDescSimple": "RogueBuffPool_900312000561_BuffDesc_0",
    "BuffName": "RogueBuffPool_900312000561_BuffName",
    "RoleId": 0,
    "TrialRoleId": 0
  },
  {
    "Id": 3025,
    "BuffId": 900312000631,
    "PerIds": {
      "PKa": [],
      "length": 0
    },
    "EffectId": 0,
    "PerkType": 2,
    "Quality": 3,
    "BuffElement": {
      "size": 1
    },
    "BuffIcon": "/Game/Aki/UI/UIResources/Common/Image/IconRouge/T_IconRouge_028_1_UI.T_IconRouge_028_1_UI",
    "BuffDesc": "RogueBuffPool_900312000631_BuffDesc",
    "BuffDescParam": {
      "PKa": [],
      "length": 0
    },
    "BuffDescSimple": "RogueBuffPool_900312000631_BuffDesc_0",
    "BuffName": "RogueBuffPool_900312000631_BuffName",
    "RoleId": 0,
    "TrialRoleId": 0
  },
  {
    "Id": 4001,
    "BuffId": 900312000311,
    "PerIds": {
      "PKa": [],
      "length": 0
    },
    "EffectId": 0,
    "PerkType": 2,
    "Quality": 5,
    "BuffElement": {
      "size": 1
    },
    "BuffIcon": "/Game/Aki/UI/UIResources/Common/Image/IconMst/T_IconMst_003_2_UI.T_IconMst_003_2_UI",
    "BuffDesc": "RogueBuffPool_900312000311_BuffDesc",
    "BuffDescParam": {
      "PKa": [],
      "length": 0
    },
    "BuffDescSimple": "RogueBuffPool_900312000311_BuffDesc_0",
    "BuffName": "RogueBuffPool_900312000311_BuffName",
    "RoleId": 0,
    "TrialRoleId": 0
  },
  {
    "Id": 4002,
    "BuffId": 900114000090,
    "PerIds": {
      "PKa": [],
      "length": 0
    },
    "EffectId": 0,
    "PerkType": 2,
    "Quality": 5,
    "BuffElement": {
      "size": 1
    },
    "BuffIcon": "/Game/Aki/UI/UIResources/Common/Image/IconMout/T_IconMout_E_001_4_UI.T_IconMout_E_001_4_UI",
    "BuffDesc": "RogueBuffPool_900114000090_BuffDesc",
    "BuffDescParam": {
      "PKa": [],
      "length": 0
    },
    "BuffDescSimple": "RogueBuffPool_900114000090_BuffDesc_0",
    "BuffName": "RogueBuffPool_900114000090_BuffName",
    "RoleId": 0,
    "TrialRoleId": 0
  },
  {
    "Id": 4003,
    "BuffId": 900312000301,
    "PerIds": {
      "PKa": [],
      "length": 0
    },
    "EffectId": 0,
    "PerkType": 2,
    "Quality": 5,
    "BuffElement": {
      "size": 1
    },
    "BuffIcon": "/Game/Aki/UI/UIResources/Common/Image/IconMout/T_IconMout_E_001_2_UI.T_IconMout_E_001_2_UI",
    "BuffDesc": "RogueBuffPool_900312000301_BuffDesc",
    "BuffDescParam": {
      "PKa": [],
      "length": 0
    },
    "BuffDescSimple": "RogueBuffPool_900312000301_BuffDesc_0",
    "BuffName": "RogueBuffPool_900312000301_BuffName",
    "RoleId": 0,
    "TrialRoleId": 0
  },
  {
    "Id": 4004,
    "BuffId": 900312000281,
    "PerIds": {
      "PKa": [],
      "length": 0
    },
    "EffectId": 0,
    "PerkType": 2,
    "Quality": 5,
    "BuffElement": {
      "size": 1
    },
    "BuffIcon": "/Game/Aki/UI/UIResources/Common/Image/IconRouge/T_IconRouge_039_UI.T_IconRouge_039_UI",
    "BuffDesc": "RogueBuffPool_900312000281_BuffDesc",
    "BuffDescParam": {
      "PKa": [],
      "length": 0
    },
    "BuffDescSimple": "RogueBuffPool_900312000281_BuffDesc_0",
    "BuffName": "RogueBuffPool_900312000281_BuffName",
    "RoleId": 0,
    "TrialRoleId": 0
  },
  {
    "Id": 4005,
    "BuffId": 900312000371,
    "PerIds": {
      "PKa": [],
      "length": 0
    },
    "EffectId": 0,
    "PerkType": 2,
    "Quality": 4,
    "BuffElement": {
      "size": 1
    },
    "BuffIcon": "/Game/Aki/UI/UIResources/Common/Image/IconRouge/T_IconRouge_011_UI.T_IconRouge_011_UI",
    "BuffDesc": "RogueBuffPool_900312000371_BuffDesc",
    "BuffDescParam": {
      "PKa": [],
      "length": 0
    },
    "BuffDescSimple": "RogueBuffPool_900312000371_BuffDesc_0",
    "BuffName": "RogueBuffPool_900312000371_BuffName",
    "RoleId": 0,
    "TrialRoleId": 0
  },
  {
    "Id": 4006,
    "BuffId": 900120000016,
    "PerIds": {
      "PKa": [],
      "length": 0
    },
    "EffectId": 0,
    "PerkType": 2,
    "Quality": 4,
    "BuffElement": {
      "size": 1
    },
    "BuffIcon": "/Game/Aki/UI/UIResources/Common/Image/IconTask/T_IconTask_Task_011_1_UI.T_IconTask_Task_011_1_UI",
    "BuffDesc": "RogueBuffPool_900120000016_BuffDesc",
    "BuffDescParam": {
      "PKa": [],
      "length": 0
    },
    "BuffDescSimple": "RogueBuffPool_900120000016_BuffDesc_0",
    "BuffName": "RogueBuffPool_900120000016_BuffName",
    "RoleId": 0,
    "TrialRoleId": 0
  },
  {
    "Id": 4007,
    "BuffId": 900114000050,
    "PerIds": {
      "PKa": [],
      "length": 0
    },
    "EffectId": 0,
    "PerkType": 2,
    "Quality": 4,
    "BuffElement": {
      "size": 1
    },
    "BuffIcon": "/Game/Aki/UI/UIResources/Common/Image/IconMst/T_IconMst_003_1_UI.T_IconMst_003_1_UI",
    "BuffDesc": "RogueBuffPool_900114000050_BuffDesc",
    "BuffDescParam": {
      "PKa": [],
      "length": 0
    },
    "BuffDescSimple": "RogueBuffPool_900114000050_BuffDesc_0",
    "BuffName": "RogueBuffPool_900114000050_BuffName",
    "RoleId": 0,
    "TrialRoleId": 0
  },
  {
    "Id": 4008,
    "BuffId": 900114000060,
    "PerIds": {
      "PKa": [],
      "length": 0
    },
    "EffectId": 0,
    "PerkType": 2,
    "Quality": 4,
    "BuffElement": {
      "size": 1
    },
    "BuffIcon": "/Game/Aki/UI/UIResources/Common/Image/IconMout/T_IconMout_O_001_1_UI.T_IconMout_O_001_1_UI",
    "BuffDesc": "RogueBuffPool_900114000060_BuffDesc",
    "BuffDescParam": {
      "PKa": [],
      "length": 0
    },
    "BuffDescSimple": "RogueBuffPool_900114000060_BuffDesc_0",
    "BuffName": "RogueBuffPool_900114000060_BuffName",
    "RoleId": 0,
    "TrialRoleId": 0
  },
  {
    "Id": 4009,
    "BuffId": 900114000040,
    "PerIds": {
      "PKa": [],
      "length": 0
    },
    "EffectId": 0,
    "PerkType": 2,
    "Quality": 4,
    "BuffElement": {
      "size": 1
    },
    "BuffIcon": "/Game/Aki/UI/UIResources/Common/Image/IconRouge/T_IconRouge_014_UI.T_IconRouge_014_UI",
    "BuffDesc": "RogueBuffPool_900114000040_BuffDesc",
    "BuffDescParam": {
      "PKa": [],
      "length": 0
    },
    "BuffDescSimple": "RogueBuffPool_900114000040_BuffDesc_0",
    "BuffName": "RogueBuffPool_900114000040_BuffName",
    "RoleId": 0,
    "TrialRoleId": 0
  },
  {
    "Id": 4010,
    "BuffId": 900312000071,
    "PerIds": {
      "PKa": [],
      "length": 0
    },
    "EffectId": 0,
    "PerkType": 2,
    "Quality": 4,
    "BuffElement": {
      "size": 1
    },
    "BuffIcon": "/Game/Aki/UI/UIResources/Common/Image/IconC/T_IconC_024_UI.T_IconC_024_UI",
    "BuffDesc": "RogueBuffPool_900312000071_BuffDesc",
    "BuffDescParam": {
      "PKa": [],
      "length": 0
    },
    "BuffDescSimple": "RogueBuffPool_900312000071_BuffDesc_0",
    "BuffName": "RogueBuffPool_900312000071_BuffName",
    "RoleId": 0,
    "TrialRoleId": 0
  },
  {
    "Id": 4011,
    "BuffId": 900312000171,
    "PerIds": {
      "PKa": [],
      "length": 0
    },
    "EffectId": 0,
    "PerkType": 2,
    "Quality": 4,
    "BuffElement": {
      "size": 1
    },
    "BuffIcon": "/Game/Aki/UI/UIResources/Common/Image/IconRouge/T_IconRouge_042_UI.T_IconRouge_042_UI",
    "BuffDesc": "RogueBuffPool_900312000171_BuffDesc",
    "BuffDescParam": {
      "PKa": [],
      "length": 0
    },
    "BuffDescSimple": "RogueBuffPool_900312000171_BuffDesc_0",
    "BuffName": "RogueBuffPool_900312000171_BuffName",
    "RoleId": 0,
    "TrialRoleId": 0
  },
  {
    "Id": 4012,
    "BuffId": 900312000181,
    "PerIds": {
      "PKa": [],
      "length": 0
    },
    "EffectId": 0,
    "PerkType": 2,
    "Quality": 4,
    "BuffElement": {
      "size": 1
    },
    "BuffIcon": "/Game/Aki/UI/UIResources/Common/Image/IconC/T_IconC_Sep_071_UI.T_IconC_Sep_071_UI",
    "BuffDesc": "RogueBuffPool_900312000181_BuffDesc",
    "BuffDescParam": {
      "PKa": [],
      "length": 0
    },
    "BuffDescSimple": "RogueBuffPool_900312000181_BuffDesc_0",
    "BuffName": "RogueBuffPool_900312000181_BuffName",
    "RoleId": 0,
    "TrialRoleId": 0
  },
  {
    "Id": 4013,
    "BuffId": 900312000191,
    "PerIds": {
      "PKa": [],
      "length": 0
    },
    "EffectId": 0,
    "PerkType": 2,
    "Quality": 4,
    "BuffElement": {
      "size": 1
    },
    "BuffIcon": "/Game/Aki/UI/UIResources/Common/Image/IconC/T_IconC_026_UI.T_IconC_026_UI",
    "BuffDesc": "RogueBuffPool_900312000191_BuffDesc",
    "BuffDescParam": {
      "PKa": [],
      "length": 0
    },
    "BuffDescSimple": "RogueBuffPool_900312000191_BuffDesc_0",
    "BuffName": "RogueBuffPool_900312000191_BuffName",
    "RoleId": 0,
    "TrialRoleId": 0
  },
  {
    "Id": 4014,
    "BuffId": 900312000201,
    "PerIds": {
      "PKa": [],
      "length": 0
    },
    "EffectId": 0,
    "PerkType": 2,
    "Quality": 4,
    "BuffElement": {
      "size": 1
    },
    "BuffIcon": "/Game/Aki/UI/UIResources/Common/Image/IconRouge/T_IconRouge_037_UI.T_IconRouge_037_UI",
    "BuffDesc": "RogueBuffPool_900312000201_BuffDesc",
    "BuffDescParam": {
      "PKa": [],
      "length": 0
    },
    "BuffDescSimple": "RogueBuffPool_900312000201_BuffDesc_0",
    "BuffName": "RogueBuffPool_900312000201_BuffName",
    "RoleId": 0,
    "TrialRoleId": 0
  },
  {
    "Id": 4015,
    "BuffId": 900310000090,
    "PerIds": {
      "PKa": [],
      "length": 0
    },
    "EffectId": 0,
    "PerkType": 2,
    "Quality": 3,
    "BuffElement": {
      "size": 1
    },
    "BuffIcon": "/Game/Aki/UI/UIResources/Common/Image/IconMout/T_IconMout_O_001_2_UI.T_IconMout_O_001_2_UI",
    "BuffDesc": "RogueBuffPool_900310000090_BuffDesc",
    "BuffDescParam": {
      "PKa": [],
      "length": 0
    },
    "BuffDescSimple": "RogueBuffPool_900310000090_BuffDesc_0",
    "BuffName": "RogueBuffPool_900310000090_BuffName",
    "RoleId": 0,
    "TrialRoleId": 0
  },
  {
    "Id": 4016,
    "BuffId": 900114000020,
    "PerIds": {
      "PKa": [],
      "length": 0
    },
    "EffectId": 0,
    "PerkType": 2,
    "Quality": 3,
    "BuffElement": {
      "size": 1
    },
    "BuffIcon": "/Game/Aki/UI/UIResources/Common/Image/IconRouge/T_IconRouge_020_UI.T_IconRouge_020_UI",
    "BuffDesc": "RogueBuffPool_900114000020_BuffDesc",
    "BuffDescParam": {
      "PKa": [],
      "length": 0
    },
    "BuffDescSimple": "RogueBuffPool_900114000020_BuffDesc_0",
    "BuffName": "RogueBuffPool_900114000020_BuffName",
    "RoleId": 0,
    "TrialRoleId": 0
  },
  {
    "Id": 4017,
    "BuffId": 900890000010,
    "PerIds": {
      "PKa": [],
      "length": 0
    },
    "EffectId": 0,
    "PerkType": 2,
    "Quality": 3,
    "BuffElement": {
      "size": 1
    },
    "BuffIcon": "/Game/Aki/UI/UIResources/Common/Image/IconRouge/T_IconRouge_032_UI.T_IconRouge_032_UI",
    "BuffDesc": "RogueBuffPool_900890000010_BuffDesc",
    "BuffDescParam": {
      "PKa": [],
      "length": 0
    },
    "BuffDescSimple": "RogueBuffPool_900890000010_BuffDesc_0",
    "BuffName": "RogueBuffPool_900890000010_BuffName",
    "RoleId": 0,
    "TrialRoleId": 0
  },
  {
    "Id": 4018,
    "BuffId": 900114000030,
    "PerIds": {
      "PKa": [],
      "length": 0
    },
    "EffectId": 0,
    "PerkType": 2,
    "Quality": 3,
    "BuffElement": {
      "size": 1
    },
    "BuffIcon": "/Game/Aki/UI/UIResources/Common/Image/IconRouge/T_IconRouge_024_UI.T_IconRouge_024_UI",
    "BuffDesc": "RogueBuffPool_900114000030_BuffDesc",
    "BuffDescParam": {
      "PKa": [],
      "length": 0
    },
    "BuffDescSimple": "RogueBuffPool_900114000030_BuffDesc_0",
    "BuffName": "RogueBuffPool_900114000030_BuffName",
    "RoleId": 0,
    "TrialRoleId": 0
  },
  {
    "Id": 4019,
    "BuffId": 900114000010,
    "PerIds": {
      "PKa": [],
      "length": 0
    },
    "EffectId": 0,
    "PerkType": 2,
    "Quality": 3,
    "BuffElement": {
      "size": 1
    },
    "BuffIcon": "/Game/Aki/UI/UIResources/Common/Image/IconC/T_IconC_Sep_021_UI.T_IconC_Sep_021_UI",
    "BuffDesc": "RogueBuffPool_900114000010_BuffDesc",
    "BuffDescParam": {
      "PKa": [],
      "length": 0
    },
    "BuffDescSimple": "RogueBuffPool_900114000010_BuffDesc_0",
    "BuffName": "RogueBuffPool_900114000010_BuffName",
    "RoleId": 0,
    "TrialRoleId": 0
  },
  {
    "Id": 4020,
    "BuffId": 900312000051,
    "PerIds": {
      "PKa": [],
      "length": 0
    },
    "EffectId": 0,
    "PerkType": 2,
    "Quality": 3,
    "BuffElement": {
      "size": 1
    },
    "BuffIcon": "/Game/Aki/UI/UIResources/Common/Image/IconRouge/T_IconRouge_038_UI.T_IconRouge_038_UI",
    "BuffDesc": "RogueBuffPool_900312000051_BuffDesc",
    "BuffDescParam": {
      "PKa": [],
      "length": 0
    },
    "BuffDescSimple": "RogueBuffPool_900312000051_BuffDesc_0",
    "BuffName": "RogueBuffPool_900312000051_BuffName",
    "RoleId": 0,
    "TrialRoleId": 0
  },
  {
    "Id": 4021,
    "BuffId": 900312000061,
    "PerIds": {
      "PKa": [],
      "length": 0
    },
    "EffectId": 0,
    "PerkType": 2,
    "Quality": 3,
    "BuffElement": {
      "size": 1
    },
    "BuffIcon": "/Game/Aki/UI/UIResources/Common/Image/IconC/T_IconC_Sep_061_UI.T_IconC_Sep_061_UI",
    "BuffDesc": "RogueBuffPool_900312000061_BuffDesc",
    "BuffDescParam": {
      "PKa": [],
      "length": 0
    },
    "BuffDescSimple": "RogueBuffPool_900312000061_BuffDesc_0",
    "BuffName": "RogueBuffPool_900312000061_BuffName",
    "RoleId": 0,
    "TrialRoleId": 0
  },
  {
    "Id": 4022,
    "BuffId": 900312000081,
    "PerIds": {
      "PKa": [],
      "length": 0
    },
    "EffectId": 0,
    "PerkType": 2,
    "Quality": 3,
    "BuffElement": {
      "size": 1
    },
    "BuffIcon": "/Game/Aki/UI/UIResources/Common/Image/IconWup/T_IconWup_Setpup_001_3_UI.T_IconWup_Setpup_001_3_UI",
    "BuffDesc": "RogueBuffPool_900312000081_BuffDesc",
    "BuffDescParam": {
      "PKa": [],
      "length": 0
    },
    "BuffDescSimple": "RogueBuffPool_900312000081_BuffDesc_0",
    "BuffName": "RogueBuffPool_900312000081_BuffName",
    "RoleId": 0,
    "TrialRoleId": 0
  },
  {
    "Id": 4023,
    "BuffId": 900312000411,
    "PerIds": {
      "PKa": [],
      "length": 0
    },
    "EffectId": 0,
    "PerkType": 2,
    "Quality": 4,
    "BuffElement": {
      "size": 1
    },
    "BuffIcon": "/Game/Aki/UI/UIResources/Common/Image/IconRouge/T_IconRouge_019_UI.T_IconRouge_019_UI",
    "BuffDesc": "RogueBuffPool_900312000411_BuffDesc",
    "BuffDescParam": {
      "PKa": [],
      "length": 0
    },
    "BuffDescSimple": "RogueBuffPool_900312000411_BuffDesc_0",
    "BuffName": "RogueBuffPool_900312000411_BuffName",
    "RoleId": 0,
    "TrialRoleId": 0
  },
  {
    "Id": 4024,
    "BuffId": 900312000591,
    "PerIds": {
      "PKa": [],
      "length": 0
    },
    "EffectId": 0,
    "PerkType": 2,
    "Quality": 3,
    "BuffElement": {
      "size": 1
    },
    "BuffIcon": "/Game/Aki/UI/UIResources/Common/Image/IconRouge/T_IconRouge_036_UI.T_IconRouge_036_UI",
    "BuffDesc": "RogueBuffPool_900312000591_BuffDesc",
    "BuffDescParam": {
      "PKa": [],
      "length": 0
    },
    "BuffDescSimple": "RogueBuffPool_900312000591_BuffDesc_0",
    "BuffName": "RogueBuffPool_900312000591_BuffName",
    "RoleId": 0,
    "TrialRoleId": 0
  },
  {
    "Id": 4025,
    "BuffId": 900312000601,
    "PerIds": {
      "PKa": [],
      "length": 0
    },
    "EffectId": 0,
    "PerkType": 2,
    "Quality": 4,
    "BuffElement": {
      "size": 1
    },
    "BuffIcon": "/Game/Aki/UI/UIResources/Common/Image/IconRouge/T_IconRouge_036_UI.T_IconRouge_036_UI",
    "BuffDesc": "RogueBuffPool_900312000601_BuffDesc",
    "BuffDescParam": {
      "PKa": [],
      "length": 0
    },
    "BuffDescSimple": "RogueBuffPool_900312000601_BuffDesc_0",
    "BuffName": "RogueBuffPool_900312000601_BuffName",
    "RoleId": 0,
    "TrialRoleId": 0
  },
  {
    "Id": 4026,
    "BuffId": 900312000611,
    "PerIds": {
      "PKa": [],
      "length": 0
    },
    "EffectId": 0,
    "PerkType": 2,
    "Quality": 5,
    "BuffElement": {
      "size": 1
    },
    "BuffIcon": "/Game/Aki/UI/UIResources/Common/Image/IconRouge/T_IconRouge_036_UI.T_IconRouge_036_UI",
    "BuffDesc": "RogueBuffPool_900312000611_BuffDesc",
    "BuffDescParam": {
      "PKa": [],
      "length": 0
    },
    "BuffDescSimple": "RogueBuffPool_900312000611_BuffDesc_0",
    "BuffName": "RogueBuffPool_900312000611_BuffName",
    "RoleId": 0,
    "TrialRoleId": 0
  },
  {
    "Id": 4027,
    "BuffId": 900312000661,
    "PerIds": {
      "PKa": [],
      "length": 0
    },
    "EffectId": 0,
    "PerkType": 2,
    "Quality": 3,
    "BuffElement": {
      "size": 1
    },
    "BuffIcon": "/Game/Aki/UI/UIResources/Common/Image/IconRouge/T_IconRouge_028_4_UI.T_IconRouge_028_4_UI",
    "BuffDesc": "RogueBuffPool_900312000661_BuffDesc",
    "BuffDescParam": {
      "PKa": [],
      "length": 0
    },
    "BuffDescSimple": "RogueBuffPool_900312000661_BuffDesc_0",
    "BuffName": "RogueBuffPool_900312000661_BuffName",
    "RoleId": 0,
    "TrialRoleId": 0
  },
  {
    "Id": 8001,
    "BuffId": 919990001204,
    "PerIds": {
      "PKa": [],
      "length": 0
    },
    "EffectId": 0,
    "PerkType": 5,
    "Quality": 5,
    "BuffElement": {
      "size": 1
    },
    "BuffIcon": "/Game/Aki/UI/UIResources/Common/Image/IconRup/T_IconRup_Part_1204_UI.T_IconRup_Part_1204_UI",
    "BuffDesc": "RogueBuffPool_1204_BuffDesc",
    "BuffDescParam": {
      "PKa": [],
      "length": 0
    },
    "BuffDescSimple": "RogueBuffPool_1204_BuffDesc_0",
    "BuffName": "RogueBuffPool_1204_BuffName",
    "RoleId": 1204,
    "TrialRoleId": 5200043
  },
  {
    "Id": 8002,
    "BuffId": 919990001102,
    "PerIds": {
      "PKa": [],
      "length": 0
    },
    "EffectId": 0,
    "PerkType": 5,
    "Quality": 5,
    "BuffElement": {
      "size": 1
    },
    "BuffIcon": "/Game/Aki/UI/UIResources/Common/Image/IconRup/T_IconRup_Part_1102_UI.T_IconRup_Part_1102_UI",
    "BuffDesc": "RogueBuffPool_1102_BuffDesc",
    "BuffDescParam": {
      "PKa": [],
      "length": 0
    },
    "BuffDescSimple": "RogueBuffPool_1102_BuffDesc_0",
    "BuffName": "RogueBuffPool_1102_BuffName",
    "RoleId": 1102,
    "TrialRoleId": 5200040
  },
  {
    "Id": 8003,
    "BuffId": 919990001303,
    "PerIds": {
      "PKa": [],
      "length": 0
    },
    "EffectId": 0,
    "PerkType": 5,
    "Quality": 5,
    "BuffElement": {
      "size": 1
    },
    "BuffIcon": "/Game/Aki/UI/UIResources/Common/Image/IconRup/T_IconRup_Part_1303_UI.T_IconRup_Part_1303_UI",
    "BuffDesc": "RogueBuffPool_1303_BuffDesc",
    "BuffDescParam": {
      "PKa": [],
      "length": 0
    },
    "BuffDescSimple": "RogueBuffPool_1303_BuffDesc_0",
    "BuffName": "RogueBuffPool_1303_BuffName",
    "RoleId": 1303,
    "TrialRoleId": 5200044
  },
  {
    "Id": 8004,
    "BuffId": 919990001503,
    "PerIds": {
      "PKa": [],
      "length": 0
    },
    "EffectId": 0,
    "PerkType": 5,
    "Quality": 5,
    "BuffElement": {
      "size": 1
    },
    "BuffIcon": "/Game/Aki/UI/UIResources/Common/Image/IconRup/T_IconRup_Part_1503_UI.T_IconRup_Part_1503_UI",
    "BuffDesc": "RogueBuffPool_1503_BuffDesc",
    "BuffDescParam": {
      "PKa": [],
      "length": 0
    },
    "BuffDescSimple": "RogueBuffPool_1503_BuffDesc_0",
    "BuffName": "RogueBuffPool_1503_BuffName",
    "RoleId": 1503,
    "TrialRoleId": 5200039
  },
  {
    "Id": 8005,
    "BuffId": 919990001403,
    "PerIds": {
      "PKa": [],
      "length": 0
    },
    "EffectId": 0,
    "PerkType": 5,
    "Quality": 5,
    "BuffElement": {
      "size": 1
    },
    "BuffIcon": "/Game/Aki/UI/UIResources/Common/Image/IconRup/T_IconRup_Part_1403_UI.T_IconRup_Part_1403_UI",
    "BuffDesc": "RogueBuffPool_1403_BuffDesc",
    "BuffDescParam": {
      "PKa": [],
      "length": 0
    },
    "BuffDescSimple": "RogueBuffPool_1403_BuffDesc_0",
    "BuffName": "RogueBuffPool_1403_BuffName",
    "RoleId": 1403,
    "TrialRoleId": 5200042
  },
  {
    "Id": 8006,
    "BuffId": 919990001602,
    "PerIds": {
      "PKa": [],
      "length": 0
    },
    "EffectId": 0,
    "PerkType": 5,
    "Quality": 5,
    "BuffElement": {
      "size": 1
    },
    "BuffIcon": "/Game/Aki/UI/UIResources/Common/Image/IconRup/T_IconRup_Part_1602_UI.T_IconRup_Part_1602_UI",
    "BuffDesc": "RogueBuffPool_1602_BuffDesc",
    "BuffDescParam": {
      "PKa": [],
      "length": 0
    },
    "BuffDescSimple": "RogueBuffPool_1602_BuffDesc_0",
    "BuffName": "RogueBuffPool_1602_BuffName",
    "RoleId": 1602,
    "TrialRoleId": 5200041
  },
  {
    "Id": 9001,
    "BuffId": 900120000014,
    "PerIds": {
      "PKa": [],
      "length": 0
    },
    "EffectId": 0,
    "PerkType": 2,
    "Quality": 3,
    "BuffElement": {
      "size": 1
    },
    "BuffIcon": "/Game/Aki/UI/UIResources/Common/Image/IconC160/T_IconC160_HuiYanGu_UI.T_IconC160_HuiYanGu_UI",
    "BuffDesc": "RogueBuffPool_900120000014_BuffDesc",
    "BuffDescParam": {
      "PKa": [],
      "length": 0
    },
    "BuffDescSimple": "RogueBuffPool_900120000014_BuffDesc_0",
    "BuffName": "RogueBuffPool_9001200000141_BuffName",
    "RoleId": 0,
    "TrialRoleId": 0
  },
  {
    "Id": 9002,
    "BuffId": 900120000001,
    "PerIds": {
      "PKa": [],
      "length": 0
    },
    "EffectId": 0,
    "PerkType": 2,
    "Quality": 3,
    "BuffElement": {
      "size": 1
    },
    "BuffIcon": "/Game/Aki/UI/UIResources/Common/Image/IconC160/T_IconC160_yuezao_UI.T_IconC160_yuezao_UI",
    "BuffDesc": "RogueBuffPool_900120000001_BuffDesc",
    "BuffDescParam": {
      "PKa": [],
      "length": 0
    },
    "BuffDescSimple": "RogueBuffPool_900120000001_BuffDesc_0",
    "BuffName": "RogueBuffPool_9001200000011_BuffName",
    "RoleId": 0,
    "TrialRoleId": 0
  },
  {
    "Id": 9003,
    "BuffId": 900001000010,
    "PerIds": {
      "PKa": [],
      "length": 0
    },
    "EffectId": 0,
    "PerkType": 2,
    "Quality": 3,
    "BuffElement": {
      "size": 1
    },
    "BuffIcon": "/Game/Aki/UI/UIResources/Common/Image/IconTask160/T_IconTask160_Level_003_1_UI.T_IconTask160_Level_003_1_UI",
    "BuffDesc": "RogueBuffPool_900001000010_BuffDesc",
    "BuffDescParam": {
      "PKa": [],
      "length": 0
    },
    "BuffDescSimple": "RogueBuffPool_900001000010_BuffDesc_0",
    "BuffName": "RogueBuffPool_900001000010_BuffName",
    "RoleId": 0,
    "TrialRoleId": 0
  },
  {
    "Id": 9004,
    "BuffId": 900001000020,
    "PerIds": {
      "PKa": [],
      "length": 0
    },
    "EffectId": 0,
    "PerkType": 2,
    "Quality": 3,
    "BuffElement": {
      "size": 1
    },
    "BuffIcon": "/Game/Aki/UI/UIResources/Common/Image/IconTask160/T_IconTask160_Task_014_1_UI.T_IconTask160_Task_014_1_UI",
    "BuffDesc": "RogueBuffPool_900001000020_BuffDesc",
    "BuffDescParam": {
      "PKa": [],
      "length": 0
    },
    "BuffDescSimple": "RogueBuffPool_900001000020_BuffDesc_0",
    "BuffName": "RogueBuffPool_900001000020_BuffName",
    "RoleId": 0,
    "TrialRoleId": 0
  },
  {
    "Id": 9005,
    "BuffId": 900001000030,
    "PerIds": {
      "PKa": [],
      "length": 0
    },
    "EffectId": 0,
    "PerkType": 2,
    "Quality": 3,
    "BuffElement": {
      "size": 1
    },
    "BuffIcon": "/Game/Aki/UI/UIResources/Common/Image/IconC160/T_IconC160_SM_Gat_01A_UI.T_IconC160_SM_Gat_01A_UI",
    "BuffDesc": "RogueBuffPool_900001000030_BuffDesc",
    "BuffDescParam": {
      "PKa": [],
      "length": 0
    },
    "BuffDescSimple": "RogueBuffPool_900001000030_BuffDesc_0",
    "BuffName": "RogueBuffPool_900001000030_BuffName",
    "RoleId": 0,
    "TrialRoleId": 0
  },
  {
    "Id": 9006,
    "BuffId": 900310000050,
    "PerIds": {
      "PKa": [],
      "length": 0
    },
    "EffectId": 0,
    "PerkType": 2,
    "Quality": 5,
    "BuffElement": {
      "size": 1
    },
    "BuffIcon": "/Game/Aki/UI/UIResources/Common/Image/IconC160/T_IconC160_024_UI.T_IconC160_024_UI",
    "BuffDesc": "RogueBuffPool_900310000050_BuffDesc",
    "BuffDescParam": {
      "PKa": [],
      "length": 0
    },
    "BuffDescSimple": "RogueBuffPool_900310000050_BuffDesc_0",
    "BuffName": "RogueBuffPool_9003100000501_BuffName",
    "RoleId": 0,
    "TrialRoleId": 0
  },
  {
    "Id": 9007,
    "BuffId": 900310000010,
    "PerIds": {
      "PKa": [],
      "length": 0
    },
    "EffectId": 0,
    "PerkType": 2,
    "Quality": 5,
    "BuffElement": {
      "size": 1
    },
    "BuffIcon": "/Game/Aki/UI/UIResources/Common/Image/IconC160/T_IconC160_jinhuanting_UI.T_IconC160_jinhuanting_UI",
    "BuffDesc": "RogueBuffPool_900310000010_BuffDesc",
    "BuffDescParam": {
      "PKa": [],
      "length": 0
    },
    "BuffDescSimple": "RogueBuffPool_900310000010_BuffDesc_0",
    "BuffName": "RogueBuffPool_9003100000101_BuffName",
    "RoleId": 0,
    "TrialRoleId": 0
  },
  {
    "Id": 9008,
    "BuffId": 900410120420,
    "PerIds": {
      "PKa": [],
      "length": 0
    },
    "EffectId": 0,
    "PerkType": 2,
    "Quality": 4,
    "BuffElement": {
      "size": 1
    },
    "BuffIcon": "/Game/Aki/UI/UIResources/Common/Image/IconC160/T_IconC160_026_UI.T_IconC160_026_UI",
    "BuffDesc": "RogueBuffPool_900410120420_BuffDesc",
    "BuffDescParam": {
      "PKa": [],
      "length": 0
    },
    "BuffDescSimple": "RogueBuffPool_900410120420_BuffDesc_0",
    "BuffName": "RogueBuffPool_9004101204201_BuffName",
    "RoleId": 0,
    "TrialRoleId": 0
  },
  {
    "Id": 9009,
    "BuffId": 900410140210,
    "PerIds": {
      "PKa": [],
      "length": 0
    },
    "EffectId": 0,
    "PerkType": 2,
    "Quality": 4,
    "BuffElement": {
      "size": 1
    },
    "BuffIcon": "/Game/Aki/UI/UIResources/Common/Image/IconWup160/T_IconWup160_Mo_014_UI.T_IconWup160_Mo_014_UI",
    "BuffDesc": "RogueBuffPool_900410140210_BuffDesc",
    "BuffDescParam": {
      "PKa": [],
      "length": 0
    },
    "BuffDescSimple": "RogueBuffPool_900410140210_BuffDesc_0",
    "BuffName": "RogueBuffPool_9004101402101_BuffName",
    "RoleId": 0,
    "TrialRoleId": 0
  },
  {
    "Id": 9010,
    "BuffId": 900410140330,
    "PerIds": {
      "PKa": [],
      "length": 0
    },
    "EffectId": 0,
    "PerkType": 2,
    "Quality": 4,
    "BuffElement": {
      "size": 1
    },
    "BuffIcon": "/Game/Aki/UI/UIResources/Common/Image/IconTask160/T_IconTask160_Task_002_1_UI.T_IconTask160_Task_002_1_UI",
    "BuffDesc": "RogueBuffPool_900410140330_BuffDesc",
    "BuffDescParam": {
      "PKa": [],
      "length": 0
    },
    "BuffDescSimple": "RogueBuffPool_900410140330_BuffDesc_0",
    "BuffName": "RogueBuffPool_9004101403301_BuffName",
    "RoleId": 0,
    "TrialRoleId": 0
  },
  {
    "Id": 9011,
    "BuffId": 900120000002,
    "PerIds": {
      "PKa": [],
      "length": 0
    },
    "EffectId": 0,
    "PerkType": 2,
    "Quality": 4,
    "BuffElement": {
      "size": 1
    },
    "BuffIcon": "/Game/Aki/UI/UIResources/Common/Image/IconRup160/T_IconRup160_SM_Gat_33A_UI.T_IconRup160_SM_Gat_33A_UI",
    "BuffDesc": "RogueBuffPool_900120000002_BuffDesc",
    "BuffDescParam": {
      "PKa": [],
      "length": 0
    },
    "BuffDescSimple": "RogueBuffPool_900120000002_BuffDesc_0",
    "BuffName": "RogueBuffPool_9001200000021_BuffName",
    "RoleId": 0,
    "TrialRoleId": 0
  },
  {
    "Id": 9012,
    "BuffId": 900110000000,
    "PerIds": {
      "PKa": [],
      "length": 0
    },
    "EffectId": 0,
    "PerkType": 2,
    "Quality": 4,
    "BuffElement": {
      "size": 1
    },
    "BuffIcon": "/Game/Aki/UI/UIResources/Common/Image/IconRup160/T_IconRup160_SM_Gat_29A_UI.T_IconRup160_SM_Gat_29A_UI",
    "BuffDesc": "RogueBuffPool_900110000000_BuffDesc",
    "BuffDescParam": {
      "PKa": [],
      "length": 0
    },
    "BuffDescSimple": "RogueBuffPool_900110000000_BuffDesc_0",
    "BuffName": "RogueBuffPool_9001100000001_BuffName",
    "RoleId": 0,
    "TrialRoleId": 0
  },
  {
    "Id": 9013,
    "BuffId": 900810000050,
    "PerIds": {
      "PKa": [],
      "length": 0
    },
    "EffectId": 0,
    "PerkType": 2,
    "Quality": 4,
    "BuffElement": {
      "size": 1
    },
    "BuffIcon": "/Game/Aki/UI/UIResources/Common/Image/IconA160/T_IconA160_mlf_UI.T_IconA160_mlf_UI",
    "BuffDesc": "RogueBuffPool_900810000050_BuffDesc",
    "BuffDescParam": {
      "PKa": [],
      "length": 0
    },
    "BuffDescSimple": "RogueBuffPool_900810000050_BuffDesc_0",
    "BuffName": "RogueBuffPool_9008100000501_BuffName",
    "RoleId": 0,
    "TrialRoleId": 0
  },
  {
    "Id": 9014,
    "BuffId": 900130000001,
    "PerIds": {
      "PKa": [],
      "length": 0
    },
    "EffectId": 0,
    "PerkType": 2,
    "Quality": 4,
    "BuffElement": {
      "size": 1
    },
    "BuffIcon": "/Game/Aki/UI/UIResources/Common/Image/IconRup160/T_IconRup160_SM_Gat_18A_UI.T_IconRup160_SM_Gat_18A_UI",
    "BuffDesc": "RogueBuffPool_900130000001_BuffDesc",
    "BuffDescParam": {
      "PKa": [],
      "length": 0
    },
    "BuffDescSimple": "RogueBuffPool_900130000001_BuffDesc_0",
    "BuffName": "RogueBuffPool_9001300000011_BuffName",
    "RoleId": 0,
    "TrialRoleId": 0
  },
  {
    "Id": 9015,
    "BuffId": 900180000030,
    "PerIds": {
      "PKa": [],
      "length": 0
    },
    "EffectId": 0,
    "PerkType": 2,
    "Quality": 4,
    "BuffElement": {
      "size": 1
    },
    "BuffIcon": "/Game/Aki/UI/UIResources/Common/Image/IconC160/T_IconC160_SM_Gat_27A_UI.T_IconC160_SM_Gat_27A_UI",
    "BuffDesc": "RogueBuffPool_900180000030_BuffDesc",
    "BuffDescParam": {
      "PKa": [],
      "length": 0
    },
    "BuffDescSimple": "RogueBuffPool_900180000030_BuffDesc_0",
    "BuffName": "RogueBuffPool_9001800000301_BuffName",
    "RoleId": 0,
    "TrialRoleId": 0
  },
  {
    "Id": 9016,
    "BuffId": 900410110220,
    "PerIds": {
      "PKa": [],
      "length": 0
    },
    "EffectId": 0,
    "PerkType": 2,
    "Quality": 4,
    "BuffElement": {
      "size": 1
    },
    "BuffIcon": "/Game/Aki/UI/UIResources/Common/Image/IconC160/T_IconC160_027_UI.T_IconC160_027_UI",
    "BuffDesc": "RogueBuffPool_900410110220_BuffDesc",
    "BuffDescParam": {
      "PKa": [],
      "length": 0
    },
    "BuffDescSimple": "RogueBuffPool_900410110220_BuffDesc_0",
    "BuffName": "RogueBuffPool_9004101102201_BuffName",
    "RoleId": 0,
    "TrialRoleId": 0
  },
  {
    "Id": 9017,
    "BuffId": 900130000000,
    "PerIds": {
      "PKa": [],
      "length": 0
    },
    "EffectId": 0,
    "PerkType": 2,
    "Quality": 4,
    "BuffElement": {
      "size": 1
    },
    "BuffIcon": "/Game/Aki/UI/UIResources/Common/Image/IconC160/T_IconC160_022_UI.T_IconC160_022_UI",
    "BuffDesc": "RogueBuffPool_900130000000_BuffDesc",
    "BuffDescParam": {
      "PKa": [],
      "length": 0
    },
    "BuffDescSimple": "RogueBuffPool_900130000000_BuffDesc_0",
    "BuffName": "RogueBuffPool_9001300000001_BuffName",
    "RoleId": 0,
    "TrialRoleId": 0
  },
  {
    "Id": 9018,
    "BuffId": 900810000020,
    "PerIds": {
      "PKa": [],
      "length": 0
    },
    "EffectId": 0,
    "PerkType": 2,
    "Quality": 4,
    "BuffElement": {
      "size": 1
    },
    "BuffIcon": "/Game/Aki/UI/UIResources/Common/Image/IconTask160/T_IconTask160_Level_002_4_UI.T_IconTask160_Level_002_4_UI",
    "BuffDesc": "RogueBuffPool_900810000020_BuffDesc",
    "BuffDescParam": {
      "PKa": [],
      "length": 0
    },
    "BuffDescSimple": "RogueBuffPool_900810000020_BuffDesc_0",
    "BuffName": "RogueBuffPool_9008100000201_BuffName",
    "RoleId": 0,
    "TrialRoleId": 0
  },
  {
    "Id": 9019,
    "BuffId": 900410140200,
    "PerIds": {
      "PKa": [],
      "length": 0
    },
    "EffectId": 0,
    "PerkType": 2,
    "Quality": 4,
    "BuffElement": {
      "size": 1
    },
    "BuffIcon": "/Game/Aki/UI/UIResources/Common/Image/IconTask160/T_IconTask160_Task_016_1_UI.T_IconTask160_Task_016_1_UI",
    "BuffDesc": "RogueBuffPool_900410140200_BuffDesc",
    "BuffDescParam": {
      "PKa": [],
      "length": 0
    },
    "BuffDescSimple": "RogueBuffPool_900410140200_BuffDesc_0",
    "BuffName": "RogueBuffPool_9004101402001_BuffName",
    "RoleId": 0,
    "TrialRoleId": 0
  },
  {
    "Id": 9020,
    "BuffId": 900180000010,
    "PerIds": {
      "PKa": [],
      "length": 0
    },
    "EffectId": 0,
    "PerkType": 2,
    "Quality": 4,
    "BuffElement": {
      "size": 1
    },
    "BuffIcon": "/Game/Aki/UI/UIResources/Common/Image/IconC160/T_IconC160_Com_004_1_UI.T_IconC160_Com_004_1_UI",
    "BuffDesc": "RogueBuffPool_900180000010_BuffDesc",
    "BuffDescParam": {
      "PKa": [],
      "length": 0
    },
    "BuffDescSimple": "RogueBuffPool_900180000010_BuffDesc_0",
    "BuffName": "RogueBuffPool_9001800000101_BuffName",
    "RoleId": 0,
    "TrialRoleId": 0
  },
  {
    "Id": 9021,
    "BuffId": 900180000020,
    "PerIds": {
      "PKa": [],
      "length": 0
    },
    "EffectId": 0,
    "PerkType": 2,
    "Quality": 4,
    "BuffElement": {
      "size": 1
    },
    "BuffIcon": "/Game/Aki/UI/UIResources/Common/Image/IconC160/T_IconC160_SM_Gat_26A_UI.T_IconC160_SM_Gat_26A_UI",
    "BuffDesc": "RogueBuffPool_900180000020_BuffDesc",
    "BuffDescParam": {
      "PKa": [],
      "length": 0
    },
    "BuffDescSimple": "RogueBuffPool_900180000020_BuffDesc_0",
    "BuffName": "RogueBuffPool_9001800000201_BuffName",
    "RoleId": 0,
    "TrialRoleId": 0
  },
  {
    "Id": 9022,
    "BuffId": 900120000006,
    "PerIds": {
      "PKa": [],
      "length": 0
    },
    "EffectId": 0,
    "PerkType": 2,
    "Quality": 4,
    "BuffElement": {
      "size": 1
    },
    "BuffIcon": "/Game/Aki/UI/UIResources/Common/Image/IconC160/T_IconC160_SM_Gat_21A_UI.T_IconC160_SM_Gat_21A_UI",
    "BuffDesc": "RogueBuffPool_900120000006_BuffDesc",
    "BuffDescParam": {
      "PKa": [],
      "length": 0
    },
    "BuffDescSimple": "RogueBuffPool_900120000006_BuffDesc_0",
    "BuffName": "RogueBuffPool_9001200000061_BuffName",
    "RoleId": 0,
    "TrialRoleId": 0
  },
  {
    "Id": 9023,
    "BuffId": 900900000002,
    "PerIds": {
      "PKa": [],
      "length": 0
    },
    "EffectId": 0,
    "PerkType": 2,
    "Quality": 3,
    "BuffElement": {
      "size": 1
    },
    "BuffIcon": "/Game/Aki/UI/UIResources/Common/Image/IconTask160/T_IconTask160_Level_003_1_UI.T_IconTask160_Level_003_1_UI",
    "BuffDesc": "RogueBuffPool_900900000002_BuffDesc",
    "BuffDescParam": {
      "PKa": [],
      "length": 0
    },
    "BuffDescSimple": "RogueBuffPool_900900000002_BuffDesc_0",
    "BuffName": "RogueBuffPool_9009000000021_BuffName",
    "RoleId": 0,
    "TrialRoleId": 0
  },
  {
    "Id": 9024,
    "BuffId": 900120000004,
    "PerIds": {
      "PKa": [],
      "length": 0
    },
    "EffectId": 0,
    "PerkType": 2,
    "Quality": 3,
    "BuffElement": {
      "size": 1
    },
    "BuffIcon": "/Game/Aki/UI/UIResources/Common/Image/IconC160/T_IconC160_SM_Gat_01A_UI.T_IconC160_SM_Gat_01A_UI",
    "BuffDesc": "RogueBuffPool_900120000004_BuffDesc",
    "BuffDescParam": {
      "PKa": [],
      "length": 0
    },
    "BuffDescSimple": "RogueBuffPool_900120000004_BuffDesc_0",
    "BuffName": "RogueBuffPool_9001200000041_BuffName",
    "RoleId": 0,
    "TrialRoleId": 0
  },
  {
    "Id": 9025,
    "BuffId": 900120000003,
    "PerIds": {
      "PKa": [],
      "length": 0
    },
    "EffectId": 0,
    "PerkType": 2,
    "Quality": 3,
    "BuffElement": {
      "size": 1
    },
    "BuffIcon": "/Game/Aki/UI/UIResources/Common/Image/IconC160/T_IconC160_SM_Gat_24A_UI.T_IconC160_SM_Gat_24A_UI",
    "BuffDesc": "RogueBuffPool_900120000003_BuffDesc",
    "BuffDescParam": {
      "PKa": [],
      "length": 0
    },
    "BuffDescSimple": "RogueBuffPool_900120000003_BuffDesc_0",
    "BuffName": "RogueBuffPool_9001200000031_BuffName",
    "RoleId": 0,
    "TrialRoleId": 0
  },
  {
    "Id": 9026,
    "BuffId": 900410140700,
    "PerIds": {
      "PKa": [],
      "length": 0
    },
    "EffectId": 0,
    "PerkType": 2,
    "Quality": 3,
    "BuffElement": {
      "size": 1
    },
    "BuffIcon": "/Game/Aki/UI/UIResources/Common/Image/IconTask160/T_IconTask160_Task_010_1_UI.T_IconTask160_Task_010_1_UI",
    "BuffDesc": "RogueBuffPool_900410140700_BuffDesc",
    "BuffDescParam": {
      "PKa": [],
      "length": 0
    },
    "BuffDescSimple": "RogueBuffPool_900410140700_BuffDesc_0",
    "BuffName": "RogueBuffPool_9004101407001_BuffName",
    "RoleId": 0,
    "TrialRoleId": 0
  },
  {
    "Id": 9027,
    "BuffId": 900910000010,
    "PerIds": {
      "PKa": [],
      "length": 0
    },
    "EffectId": 0,
    "PerkType": 2,
    "Quality": 3,
    "BuffElement": {
      "size": 1
    },
    "BuffIcon": "/Game/Aki/UI/UIResources/Common/Image/IconTask160/T_IconTask160_Task_010_1_UI.T_IconTask160_Task_010_1_UI",
    "BuffDesc": "RogueBuffPool_900910000010_BuffDesc",
    "BuffDescParam": {
      "PKa": [],
      "length": 0
    },
    "BuffDescSimple": "RogueBuffPool_900910000010_BuffDesc_0",
    "BuffName": "RogueBuffPool_9009100000101_BuffName",
    "RoleId": 0,
    "TrialRoleId": 0
  },
  {
    "Id": 9028,
    "BuffId": 900310000020,
    "PerIds": {
      "PKa": [],
      "length": 0
    },
    "EffectId": 0,
    "PerkType": 2,
    "Quality": 3,
    "BuffElement": {
      "size": 1
    },
    "BuffIcon": "/Game/Aki/UI/UIResources/Common/Image/IconC160/T_IconC160_yurou_UI.T_IconC160_yurou_UI",
    "BuffDesc": "RogueBuffPool_900310000020_BuffDesc",
    "BuffDescParam": {
      "PKa": [],
      "length": 0
    },
    "BuffDescSimple": "RogueBuffPool_900310000020_BuffDesc_0",
    "BuffName": "RogueBuffPool_9003100000201_BuffName",
    "RoleId": 0,
    "TrialRoleId": 0
  },
  {
    "Id": 9029,
    "BuffId": 900310000030,
    "PerIds": {
      "PKa": [],
      "length": 0
    },
    "EffectId": 0,
    "PerkType": 2,
    "Quality": 3,
    "BuffElement": {
      "size": 1
    },
    "BuffIcon": "/Game/Aki/UI/UIResources/Common/Image/IconC160/T_IconC160_020_UI.T_IconC160_020_UI",
    "BuffDesc": "RogueBuffPool_900310000030_BuffDesc",
    "BuffDescParam": {
      "PKa": [],
      "length": 0
    },
    "BuffDescSimple": "RogueBuffPool_900310000030_BuffDesc_0",
    "BuffName": "RogueBuffPool_9003100000301_BuffName",
    "RoleId": 0,
    "TrialRoleId": 0
  },
  {
    "Id": 9030,
    "BuffId": 900410140500,
    "PerIds": {
      "PKa": [],
      "length": 0
    },
    "EffectId": 0,
    "PerkType": 2,
    "Quality": 3,
    "BuffElement": {
      "size": 1
    },
    "BuffIcon": "/Game/Aki/UI/UIResources/Common/Image/IconTask160/T_IconTask160_Task_010_1_UI.T_IconTask160_Task_010_1_UI",
    "BuffDesc": "RogueBuffPool_900410140500_BuffDesc",
    "BuffDescParam": {
      "PKa": [],
      "length": 0
    },
    "BuffDescSimple": "RogueBuffPool_900410140500_BuffDesc_0",
    "BuffName": "RogueBuffPool_9004101405001_BuffName",
    "RoleId": 0,
    "TrialRoleId": 0
  },
  {
    "Id": 9031,
    "BuffId": 900110000001,
    "PerIds": {
      "PKa": [],
      "length": 0
    },
    "EffectId": 0,
    "PerkType": 2,
    "Quality": 3,
    "BuffElement": {
      "size": 1
    },
    "BuffIcon": "/Game/Aki/UI/UIResources/Common/Image/IconC160/T_IconC160_Sep_021_UI.T_IconC160_Sep_021_UI",
    "BuffDesc": "RogueBuffPool_900110000001_BuffDesc",
    "BuffDescParam": {
      "PKa": [],
      "length": 0
    },
    "BuffDescSimple": "RogueBuffPool_900110000001_BuffDesc_0",
    "BuffName": "RogueBuffPool_9001100000011_BuffName",
    "RoleId": 0,
    "TrialRoleId": 0
  },
  {
    "Id": 9032,
    "BuffId": 900110000002,
    "PerIds": {
      "PKa": [],
      "length": 0
    },
    "EffectId": 0,
    "PerkType": 2,
    "Quality": 3,
    "BuffElement": {
      "size": 1
    },
    "BuffIcon": "/Game/Aki/UI/UIResources/Common/Image/IconRup160/T_IconRup160_SM_Gat_23A_UI.T_IconRup160_SM_Gat_23A_UI",
    "BuffDesc": "RogueBuffPool_900110000002_BuffDesc",
    "BuffDescParam": {
      "PKa": [],
      "length": 0
    },
    "BuffDescSimple": "RogueBuffPool_900110000002_BuffDesc_0",
    "BuffName": "RogueBuffPool_9001100000021_BuffName",
    "RoleId": 0,
    "TrialRoleId": 0
  },
  {
    "Id": 3026,
    "BuffId": 900312000570,
    "PerIds": {
      "PKa": [],
      "length": 0
    },
    "EffectId": 0,
    "PerkType": 2,
    "Quality": 3,
    "BuffElement": {
      "size": 1
    },
    "BuffIcon": "/Game/Aki/UI/UIResources/Common/Image/IconC/T_IconC_SM_Gat_30A_UI.T_IconC_SM_Gat_30A_UI",
    "BuffDesc": "RogueBuffPool_900312000570_BuffDesc",
    "BuffDescParam": {
      "PKa": [],
      "length": 0
    },
    "BuffDescSimple": "RogueBuffPool_900312000570_BuffDesc_0",
    "BuffName": "RogueBuffPool_900312000570_BuffName",
    "RoleId": 0,
    "TrialRoleId": 0
  },
  {
    "Id": 3027,
    "BuffId": 900312000670,
    "PerIds": {
      "PKa": [],
      "length": 0
    },
    "EffectId": 0,
    "PerkType": 2,
    "Quality": 3,
    "BuffElement": {
      "size": 1
    },
    "BuffIcon": "/Game/Aki/UI/UIResources/Common/Image/IconRouge/T_IconRouge_016_UI.T_IconRouge_016_UI",
    "BuffDesc": "RogueBuffPool_900312000670_BuffDesc",
    "BuffDescParam": {
      "PKa": [],
      "length": 0
    },
    "BuffDescSimple": "RogueBuffPool_900312000670_BuffDesc_0",
    "BuffName": "RogueBuffPool_900312000670_BuffName",
    "RoleId": 0,
    "TrialRoleId": 0
  },
  {
    "Id": 8007,
    "BuffId": 919990001302,
    "PerIds": {
      "PKa": [],
      "length": 0
    },
    "EffectId": 0,
    "PerkType": 5,
    "Quality": 5,
    "BuffElement": {
      "size": 1
    },
    "BuffIcon": "/Game/Aki/UI/UIResources/Common/Image/IconRup/T_IconRup_Part_1302_UI.T_IconRup_Part_1302_UI",
    "BuffDesc": "RogueBuffPool_1302_BuffDesc",
    "BuffDescParam": {
      "PKa": [],
      "length": 0
    },
    "BuffDescSimple": "RogueBuffPool_1302_BuffDesc_0",
    "BuffName": "RogueBuffPool_1302_BuffName",
    "RoleId": 1302,
    "TrialRoleId": 5200002
  },
  {
    "Id": 8008,
    "BuffId": 919990001405,
    "PerIds": {
      "PKa": [],
      "length": 0
    },
    "EffectId": 0,
    "PerkType": 5,
    "Quality": 5,
    "BuffElement": {
      "size": 1
    },
    "BuffIcon": "/Game/Aki/UI/UIResources/Common/Image/IconRup/T_IconRup_Part_1405_UI.T_IconRup_Part_1405_UI",
    "BuffDesc": "RogueBuffPool_1405_BuffDesc",
    "BuffDescParam": {
      "PKa": [],
      "length": 0
    },
    "BuffDescSimple": "RogueBuffPool_1405_BuffDesc_0",
    "BuffName": "RogueBuffPool_1405_BuffName",
    "RoleId": 1405,
    "TrialRoleId": 5200033
  },
  {
    "Id": 8009,
    "BuffId": 919990001103,
    "PerIds": {
      "PKa": [],
      "length": 0
    },
    "EffectId": 0,
    "PerkType": 5,
    "Quality": 5,
    "BuffElement": {
      "size": 1
    },
    "BuffIcon": "/Game/Aki/UI/UIResources/Common/Image/IconRup/T_IconRup_Part_1103_UI.T_IconRup_Part_1103_UI",
    "BuffDesc": "RogueBuffPool_1103_BuffDesc",
    "BuffDescParam": {
      "PKa": [],
      "length": 0
    },
    "BuffDescSimple": "RogueBuffPool_1103_BuffDesc_0",
    "BuffName": "RogueBuffPool_1103_BuffName",
    "RoleId": 1103,
    "TrialRoleId": 5200028
  },
  {
    "Id": 1029,
    "BuffId": 912312000020,
    "PerIds": {
      "PKa": [],
      "length": 0
    },
    "EffectId": 0,
    "PerkType": 2,
    "Quality": 3,
    "BuffElement": {
      "size": 1
    },
    "BuffIcon": "/Game/Aki/UI/UIResources/Common/Image/IconTask/T_IconTask_Task_001_2_UI.T_IconTask_Task_001_2_UI",
    "BuffDesc": "RogueBuffPool_912312000020_BuffDesc",
    "BuffDescParam": {
      "PKa": [],
      "length": 0
    },
    "BuffDescSimple": "RogueBuffPool_912312000020_BuffDesc_0",
    "BuffName": "RogueBuffPool_912312000020_BuffName",
    "RoleId": 0,
    "TrialRoleId": 0
  },
  {
    "Id": 2029,
    "BuffId": 912312000060,
    "PerIds": {
      "PKa": [],
      "length": 0
    },
    "EffectId": 0,
    "PerkType": 2,
    "Quality": 4,
    "BuffElement": {
      "size": 1
    },
    "BuffIcon": "/Game/Aki/UI/UIResources/Common/Image/IconTask/T_IconTask_Task_022_UI.T_IconTask_Task_022_UI",
    "BuffDesc": "RogueBuffPool_912312000060_BuffDesc",
    "BuffDescParam": {
      "PKa": [],
      "length": 0
    },
    "BuffDescSimple": "RogueBuffPool_912312000060_BuffDesc_0",
    "BuffName": "RogueBuffPool_912312000060_BuffName",
    "RoleId": 0,
    "TrialRoleId": 0
  },
  {
    "Id": 2030,
    "BuffId": 912312000030,
    "PerIds": {
      "PKa": [],
      "length": 0
    },
    "EffectId": 0,
    "PerkType": 2,
    "Quality": 3,
    "BuffElement": {
      "size": 1
    },
    "BuffIcon": "/Game/Aki/UI/UIResources/Common/Image/IconRouge/T_IconRouge_025_UI.T_IconRouge_025_UI",
    "BuffDesc": "RogueBuffPool_912312000030_BuffDesc",
    "BuffDescParam": {
      "PKa": [],
      "length": 0
    },
    "BuffDescSimple": "RogueBuffPool_912312000030_BuffDesc_0",
    "BuffName": "RogueBuffPool_912312000030_BuffName",
    "RoleId": 0,
    "TrialRoleId": 0
  },
  {
    "Id": 3028,
    "BuffId": 912312000040,
    "PerIds": {
      "PKa": [],
      "length": 0
    },
    "EffectId": 0,
    "PerkType": 2,
    "Quality": 3,
    "BuffElement": {
      "size": 1
    },
    "BuffIcon": "/Game/Aki/UI/UIResources/Common/Image/IconC/T_IconC_SM_Gat_27A_UI.T_IconC_SM_Gat_27A_UI",
    "BuffDesc": "RogueBuffPool_912312000040_BuffDesc",
    "BuffDescParam": {
      "PKa": [],
      "length": 0
    },
    "BuffDescSimple": "RogueBuffPool_912312000040_BuffDesc_0",
    "BuffName": "RogueBuffPool_912312000040_BuffName",
    "RoleId": 0,
    "TrialRoleId": 0
  },
  {
    "Id": 3030,
    "BuffId": 912312000010,
    "PerIds": {
      "PKa": [],
      "length": 0
    },
    "EffectId": 0,
    "PerkType": 2,
    "Quality": 4,
    "BuffElement": {
      "size": 1
    },
    "BuffIcon": "/Game/Aki/UI/UIResources/Common/Image/IconTask/T_IconTask_Task_001_1_UI.T_IconTask_Task_001_1_UI",
    "BuffDesc": "RogueBuffPool_912312000010_BuffDesc",
    "BuffDescParam": {
      "PKa": [],
      "length": 0
    },
    "BuffDescSimple": "RogueBuffPool_912312000010_BuffDesc_0",
    "BuffName": "RogueBuffPool_912312000010_BuffName",
    "RoleId": 0,
    "TrialRoleId": 0
  },
  {
    "Id": 4028,
    "BuffId": 912312000071,
    "PerIds": {
      "PKa": [],
      "length": 0
    },
    "EffectId": 0,
    "PerkType": 2,
    "Quality": 5,
    "BuffElement": {
      "size": 1
    },
    "BuffIcon": "/Game/Aki/UI/UIResources/Common/Image/IconC/T_IconC_025_UI.T_IconC_025_UI",
    "BuffDesc": "RogueBuffPool_912312000071_BuffDesc",
    "BuffDescParam": {
      "PKa": [],
      "length": 0
    },
    "BuffDescSimple": "RogueBuffPool_912312000071_BuffDesc_0",
    "BuffName": "RogueBuffPool_912312000071_BuffName",
    "RoleId": 0,
    "TrialRoleId": 0
  },
  {
    "Id": 4029,
    "BuffId": 912312000070,
    "PerIds": {
      "PKa": [],
      "length": 0
    },
    "EffectId": 0,
    "PerkType": 2,
    "Quality": 4,
    "BuffElement": {
      "size": 1
    },
    "BuffIcon": "/Game/Aki/UI/UIResources/Common/Image/IconC/T_IconC_Sep_081_UI.T_IconC_Sep_081_UI",
    "BuffDesc": "RogueBuffPool_912312000070_BuffDesc",
    "BuffDescParam": {
      "PKa": [],
      "length": 0
    },
    "BuffDescSimple": "RogueBuffPool_912312000070_BuffDesc_0",
    "BuffName": "RogueBuffPool_912312000070_BuffName",
    "RoleId": 0,
    "TrialRoleId": 0
  },
  {
    "Id": 4030,
    "BuffId": 912312000050,
    "PerIds": {
      "PKa": [],
      "length": 0
    },
    "EffectId": 0,
    "PerkType": 2,
    "Quality": 4,
    "BuffElement": {
      "size": 1
    },
    "BuffIcon": "/Game/Aki/UI/UIResources/Common/Image/IconC/T_IconC_Sep_091_UI.T_IconC_Sep_091_UI",
    "BuffDesc": "RogueBuffPool_912312000050_BuffDesc",
    "BuffDescParam": {
      "PKa": [],
      "length": 0
    },
    "BuffDescSimple": "RogueBuffPool_912312000050_BuffDesc_0",
    "BuffName": "RogueBuffPool_912312000050_BuffName",
    "RoleId": 0,
    "TrialRoleId": 0
  },
  {
    "Id": 4031,
    "BuffId": 912312000072,
    "PerIds": {
      "PKa": [],
      "length": 0
    },
    "EffectId": 0,
    "PerkType": 2,
    "Quality": 3,
    "BuffElement": {
      "size": 1
    },
    "BuffIcon": "/Game/Aki/UI/UIResources/Common/Image/IconWup/T_IconWup_Setpup_001_1_UI.T_IconWup_Setpup_001_1_UI",
    "BuffDesc": "RogueBuffPool_912312000072_BuffDesc",
    "BuffDescParam": {
      "PKa": [],
      "length": 0
    },
    "BuffDescSimple": "RogueBuffPool_912312000072_BuffDesc_0",
    "BuffName": "RogueBuffPool_912312000072_BuffName",
    "RoleId": 0,
    "TrialRoleId": 0
  },
  {
    "Id": 4032,
    "BuffId": 912312000073,
    "PerIds": {
      "PKa": [],
      "length": 0
    },
    "EffectId": 0,
    "PerkType": 2,
    "Quality": 3,
    "BuffElement": {
      "size": 1
    },
    "BuffIcon": "/Game/Aki/UI/UIResources/Common/Image/IconWup/T_IconWup_Setpup_001_4_UI.T_IconWup_Setpup_001_4_UI",
    "BuffDesc": "RogueBuffPool_912312000073_BuffDesc",
    "BuffDescParam": {
      "PKa": [],
      "length": 0
    },
    "BuffDescSimple": "RogueBuffPool_912312000073_BuffDesc_0",
    "BuffName": "RogueBuffPool_912312000073_BuffName",
    "RoleId": 0,
    "TrialRoleId": 0
  }
]