[
  {
    "Id": 1003,
    "BuffId": [
      938000402001
    ],
    "AffixDesc": "RogueBuffPool_938000402001_BuffDesc",
    "AffixDescParam": {
      "PKa": [],
      "length": 0
    },
    "AffixDescSimple": "RogueBuffPool_938000402001_BuffDesc"
  },
  {
    "Id": 1006,
    "BuffId": [
      9100000010001
    ],
    "AffixDesc": "RogueBuffPool_9100000010001_BuffDesc",
    "AffixDescParam": {
      "PKa": [],
      "length": 0
    },
    "AffixDescSimple": "RogueBuffPool_9100000010001_BuffDesc"
  },
  {
    "Id": 1011,
    "BuffId": [
      9100000020001,
      938312402000
    ],
    "AffixDesc": "RogueBuffPool_9100000020001_BuffDesc",
    "AffixDescParam": {
      "PKa": [],
      "length": 0
    },
    "AffixDescSimple": "RogueBuffPool_9100000020001_BuffDesc_0"
  },
  {
    "Id": 1012,
    "BuffId": [
      938000402040,
      938312402010,
      938000402041
    ],
    "AffixDesc": "RogueBuffPool_938000402040_BuffDesc",
    "AffixDescParam": {
      "PKa": [],
      "length": 0
    },
    "AffixDescSimple": "RogueBuffPool_938000402040_BuffDesc_0"
  },
  {
    "Id": 1013,
    "BuffId": [
      938000402030,
      938000402050
    ],
    "AffixDesc": "RogueBuffPool_938000402030_BuffDesc",
    "AffixDescParam": {
      "PKa": [],
      "length": 0
    },
    "AffixDescSimple": "RogueBuffPool_938000402030_BuffDesc_0"
  },
  {
    "Id": 1014,
    "BuffId": [
      938000402060,
      938312402020
    ],
    "AffixDesc": "RogueBuffPool_938000402060_BuffDesc",
    "AffixDescParam": {
      "PKa": [],
      "length": 0
    },
    "AffixDescSimple": "RogueBuffPool_938000402060_BuffDesc_0"
  },
  {
    "Id": 1015,
    "BuffId": [
      938000402050
    ],
    "AffixDesc": "RogueBuffPool_938000402050_BuffDesc",
    "AffixDescParam": {
      "PKa": [],
      "length": 0
    },
    "AffixDescSimple": "RogueBuffPool_938000402050_BuffDesc"
  },
  {
    "Id": 2011,
    "BuffId": [
      938000301101,
      938000301106
    ],
    "AffixDesc": "RogueBuffPool_935008030010_BuffDesc",
    "AffixDescParam": {
      "PKa": [],
      "length": 0
    },
    "AffixDescSimple": "RogueBuffPool_935008030010_BuffDesc_0"
  },
  {
    "Id": 2012,
    "BuffId": [
      938000301104
    ],
    "AffixDesc": "RogueBuffPool_935008030020_BuffDesc",
    "AffixDescParam": {
      "PKa": [],
      "length": 0
    },
    "AffixDescSimple": "RogueBuffPool_935008030020_BuffDesc_0"
  },
  {
    "Id": 2013,
    "BuffId": [
      938000301105,
      938000301109
    ],
    "AffixDesc": "RogueBuffPool_935008030030_BuffDesc",
    "AffixDescParam": {
      "PKa": [],
      "length": 0
    },
    "AffixDescSimple": "RogueBuffPool_935008030030_BuffDesc_0"
  },
  {
    "Id": 2014,
    "BuffId": [
      938000301108
    ],
    "AffixDesc": "RogueBuffPool_935008030050_BuffDesc",
    "AffixDescParam": {
      "PKa": [],
      "length": 0
    },
    "AffixDescSimple": "RogueBuffPool_935008030050_BuffDesc_0"
  },
  {
    "Id": 2015,
    "BuffId": [
      938000301106
    ],
    "AffixDesc": "RogueBuffPool_935008030040_BuffDesc",
    "AffixDescParam": {
      "PKa": [],
      "length": 0
    },
    "AffixDescSimple": "RogueBuffPool_935008030040_BuffDesc"
  },
  {
    "Id": 3011,
    "BuffId": [
      935008030010
    ],
    "AffixDesc": "RogueBuffPool_938000301101_BuffDesc",
    "AffixDescParam": {
      "PKa": [],
      "length": 0
    },
    "AffixDescSimple": "RogueBuffPool_938000301101_BuffDesc_0"
  },
  {
    "Id": 3012,
    "BuffId": [
      935008030020
    ],
    "AffixDesc": "RogueBuffPool_938000301104_BuffDesc",
    "AffixDescParam": {
      "PKa": [],
      "length": 0
    },
    "AffixDescSimple": "RogueBuffPool_938000301104_BuffDesc_0"
  },
  {
    "Id": 3013,
    "BuffId": [
      935008030030,
      935008030040
    ],
    "AffixDesc": "RogueBuffPool_938000301105_BuffDesc",
    "AffixDescParam": {
      "PKa": [],
      "length": 0
    },
    "AffixDescSimple": "RogueBuffPool_938000301105_BuffDesc_0"
  },
  {
    "Id": 3014,
    "BuffId": [
      935008030050
    ],
    "AffixDesc": "RogueBuffPool_938000301108_BuffDesc",
    "AffixDescParam": {
      "PKa": [],
      "length": 0
    },
    "AffixDescSimple": "RogueBuffPool_938000301108_BuffDesc_0"
  },
  {
    "Id": 3015,
    "BuffId": [
      935008030040
    ],
    "AffixDesc": "RogueBuffPool_938000301106_BuffDesc",
    "AffixDescParam": {
      "PKa": [],
      "length": 0
    },
    "AffixDescSimple": "RogueBuffPool_938000301106_BuffDesc"
  },
  {
    "Id": 4001,
    "BuffId": [
      20001691300100,
      20001691300101,
      20001691300102
    ],
    "AffixDesc": "RogueBuffPool_9126000043001_BuffDesc",
    "AffixDescParam": {
      "PKa": [],
      "length": 0
    },
    "AffixDescSimple": "RogueBuffPool_9126000043001_BuffDesc_0"
  },
  {
    "Id": 4002,
    "BuffId": [
      20001691300400,
      20001691300412,
      20001691300413,
      20001691300422,
      20001691300423,
      20001691300432,
      20001691300433,
      20001691300442,
      20001691300452,
      20001691300462
    ],
    "AffixDesc": "RogueBuffPool_9126000043004_BuffDesc",
    "AffixDescParam": {
      "PKa": [],
      "length": 0
    },
    "AffixDescSimple": "RogueBuffPool_9126000043004_BuffDesc_0"
  },
  {
    "Id": 4003,
    "BuffId": [
      20001691300300
    ],
    "AffixDesc": "RogueBuffPool_9126000043003_BuffDesc",
    "AffixDescParam": {
      "PKa": [],
      "length": 0
    },
    "AffixDescSimple": "RogueBuffPool_9126000043003_BuffDesc_0"
  },
  {
    "Id": 4004,
    "BuffId": [
      20001691300201,
      20001691300203,
      20001691300205
    ],
    "AffixDesc": "RogueBuffPool_9126000043002_BuffDesc",
    "AffixDescParam": {
      "PKa": [],
      "length": 0
    },
    "AffixDescSimple": "RogueBuffPool_9126000043002_BuffDesc_0"
  },
  {
    "Id": 5001,
    "BuffId": [
      9102910002007,
      9102910002015,
      9102910002001,
      9102910002024,
      9102910002068,
      9102910002070,
      9102910002071,
      9102910002073
    ],
    "AffixDesc": "RogueBuffPool_9126000044001_BuffDesc",
    "AffixDescParam": [
      "1000%"
    ],
    "AffixDescSimple": "RogueBuffPool_9126000044001_BuffDesc_0"
  },
  {
    "Id": 5002,
    "BuffId": [
      9102910002025,
      9102910002029,
      9102910002053,
      9102910002060,
      9102910002061,
      9102910002045
    ],
    "AffixDesc": "RogueBuffPool_9126000044002_BuffDesc",
    "AffixDescParam": [
      "10",
      "10",
      "95%",
      "10",
      "100%",
      "6"
    ],
    "AffixDescSimple": "RogueBuffPool_9126000044002_BuffDesc_0"
  },
  {
    "Id": 5003,
    "BuffId": [
      9102910002037
    ],
    "AffixDesc": "RogueBuffPool_9126000044003_BuffDesc",
    "AffixDescParam": [
      "190%"
    ],
    "AffixDescSimple": "RogueBuffPool_9126000044003_BuffDesc_0"
  },
  {
    "Id": 5004,
    "BuffId": [
      9102910002032
    ],
    "AffixDesc": "RogueBuffPool_9126000044004_BuffDesc",
    "AffixDescParam": [
      "200%"
    ],
    "AffixDescSimple": "RogueBuffPool_9126000044004_BuffDesc_0"
  }
]