[
  {
    "Id": 1,
    "SeasonId": 1,
    "InstId": 8002,
    "Slot": 4
  },
  {
    "Id": 2,
    "SeasonId": 1,
    "InstId": 8003,
    "Slot": 4
  },
  {
    "Id": 3,
    "SeasonId": 1,
    "InstId": 8004,
    "Slot": 4
  },
  {
    "Id": 4,
    "SeasonId": 1,
    "InstId": 8005,
    "Slot": 4
  },
  {
    "Id": 5,
    "SeasonId": 1,
    "InstId": 8006,
    "Slot": 4
  },
  {
    "Id": 9,
    "SeasonId": 2,
    "InstId": 8008,
    "Slot": 4
  },
  {
    "Id": 10,
    "SeasonId": 2,
    "InstId": 8009,
    "Slot": 4
  },
  {
    "Id": 11,
    "SeasonId": 2,
    "InstId": 8010,
    "Slot": 4
  },
  {
    "Id": 12,
    "SeasonId": 2,
    "InstId": 8011,
    "Slot": 4
  },
  {
    "Id": 8,
    "SeasonId": 2,
    "InstId": 8007,
    "Slot": 4
  },
  {
    "Id": 13,
    "SeasonId": 3,
    "InstId": 8016,
    "Slot": 4
  },
  {
    "Id": 14,
    "SeasonId": 3,
    "InstId": 8017,
    "Slot": 4
  }
]