[
  {
    "BehaviorTree": 313800026,
    "RoomsMusicState": "stage1_boss2"
  },
  {
    "BehaviorTree": 313800027,
    "RoomsMusicState": "stage1_rest"
  },
  {
    "BehaviorTree": 313800028,
    "RoomsMusicState": "stage1_boss2"
  },
  {
    "BehaviorTree": 313800029,
    "RoomsMusicState": "stage1_challenge"
  },
  {
    "BehaviorTree": 313000007,
    "RoomsMusicState": "stage1_xiaoguai1"
  },
  {
    "BehaviorTree": 313000008,
    "RoomsMusicState": "stage1_challenge"
  },
  {
    "BehaviorTree": 313000025,
    "RoomsMusicState": "stage1_challenge"
  },
  {
    "BehaviorTree": 313000026,
    "RoomsMusicState": "stage1_boss2"
  },
  {
    "BehaviorTree": 313000005,
    "RoomsMusicState": "stage1_elite1"
  },
  {
    "BehaviorTree": 313000006,
    "RoomsMusicState": "stage1_challenge"
  },
  {
    "BehaviorTree": 313700000,
    "RoomsMusicState": "stage1_challenge"
  },
  {
    "BehaviorTree": 200000026,
    "RoomsMusicState": "stage1_elite1"
  },
  {
    "BehaviorTree": 313000011,
    "RoomsMusicState": "stage1_boss1"
  },
  {
    "BehaviorTree": 313000012,
    "RoomsMusicState": ""
  },
  {
    "BehaviorTree": 313000013,
    "RoomsMusicState": "stage1_safe"
  },
  {
    "BehaviorTree": 313800003,
    "RoomsMusicState": "stage1_dangerous"
  },
  {
    "BehaviorTree": 313800004,
    "RoomsMusicState": "stage1_dangerous"
  },
  {
    "BehaviorTree": 313700004,
    "RoomsMusicState": "stage1_dangerous"
  },
  {
    "BehaviorTree": 313800018,
    "RoomsMusicState": "stage1_safe"
  },
  {
    "BehaviorTree": 313800008,
    "RoomsMusicState": "stage1_safe"
  },
  {
    "BehaviorTree": 313900040,
    "RoomsMusicState": "stage1_endboss"
  },
  {
    "BehaviorTree": 313900001,
    "RoomsMusicState": "stage1_endboss"
  },
  {
    "BehaviorTree": 313900002,
    "RoomsMusicState": "stage1_safe"
  },
  {
    "BehaviorTree": 313900003,
    "RoomsMusicState": "stage1_dangerous"
  },
  {
    "BehaviorTree": 313000009,
    "RoomsMusicState": "stage1_dangerous"
  },
  {
    "BehaviorTree": 313000010,
    "RoomsMusicState": "stage1_dangerous"
  },
  {
    "BehaviorTree": 313800002,
    "RoomsMusicState": "stage1_endboss"
  },
  {
    "BehaviorTree": 313900038,
    "RoomsMusicState": "stage1_safe"
  },
  {
    "BehaviorTree": 313900039,
    "RoomsMusicState": "stage1_endboss"
  },
  {
    "BehaviorTree": 313900019,
    "RoomsMusicState": "stage1_endboss"
  },
  {
    "BehaviorTree": 313900020,
    "RoomsMusicState": ""
  },
  {
    "BehaviorTree": 313900023,
    "RoomsMusicState": ""
  },
  {
    "BehaviorTree": 313900017,
    "RoomsMusicState": ""
  },
  {
    "BehaviorTree": 313900018,
    "RoomsMusicState": ""
  },
  {
    "BehaviorTree": 313900005,
    "RoomsMusicState": ""
  },
  {
    "BehaviorTree": 313900011,
    "RoomsMusicState": ""
  },
  {
    "BehaviorTree": 313900015,
    "RoomsMusicState": ""
  },
  {
    "BehaviorTree": 313900009,
    "RoomsMusicState": ""
  },
  {
    "BehaviorTree": 313900016,
    "RoomsMusicState": ""
  },
  {
    "BehaviorTree": 313900010,
    "RoomsMusicState": ""
  },
  {
    "BehaviorTree": 313900004,
    "RoomsMusicState": ""
  },
  {
    "BehaviorTree": 313900008,
    "RoomsMusicState": ""
  },
  {
    "BehaviorTree": 313900014,
    "RoomsMusicState": ""
  },
  {
    "BehaviorTree": 291800000,
    "RoomsMusicState": "stage1_safe"
  },
  {
    "BehaviorTree": 291800001,
    "RoomsMusicState": "stage1_dangerous"
  },
  {
    "BehaviorTree": 291800008,
    "RoomsMusicState": "stage1_dangerous"
  },
  {
    "BehaviorTree": 291800006,
    "RoomsMusicState": "stage1_dangerous"
  },
  {
    "BehaviorTree": 291800005,
    "RoomsMusicState": "stage1_safe"
  },
  {
    "BehaviorTree": 291800004,
    "RoomsMusicState": "stage1_endboss"
  },
  {
    "BehaviorTree": 313700012,
    "RoomsMusicState": "stage1_safe"
  },
  {
    "BehaviorTree": 313700058,
    "RoomsMusicState": "stage1_safe"
  },
  {
    "BehaviorTree": 313700010,
    "RoomsMusicState": "stage2_safe"
  },
  {
    "BehaviorTree": 313700067,
    "RoomsMusicState": "stage2_safe"
  },
  {
    "BehaviorTree": 313700051,
    "RoomsMusicState": "stage2_safe"
  },
  {
    "BehaviorTree": 313700063,
    "RoomsMusicState": "stage2_safe"
  },
  {
    "BehaviorTree": 313700008,
    "RoomsMusicState": "stage2_dangerous"
  },
  {
    "BehaviorTree": 313700052,
    "RoomsMusicState": "stage2_dangerous"
  },
  {
    "BehaviorTree": 313700028,
    "RoomsMusicState": "stage2_dangerous"
  },
  {
    "BehaviorTree": 313700042,
    "RoomsMusicState": "stage2_dangerous"
  },
  {
    "BehaviorTree": 313700059,
    "RoomsMusicState": "stage2_dangerous"
  },
  {
    "BehaviorTree": 313700064,
    "RoomsMusicState": "stage2_dangerous"
  },
  {
    "BehaviorTree": 313700065,
    "RoomsMusicState": "stage2_dangerous"
  },
  {
    "BehaviorTree": 313700066,
    "RoomsMusicState": "stage2_dangerous"
  },
  {
    "BehaviorTree": 313700068,
    "RoomsMusicState": "stage2_dangerous"
  },
  {
    "BehaviorTree": 313700020,
    "RoomsMusicState": "stage2_dangerous"
  },
  {
    "BehaviorTree": 313700021,
    "RoomsMusicState": "stage2_dangerous"
  },
  {
    "BehaviorTree": 313700022,
    "RoomsMusicState": "stage2_dangerous"
  },
  {
    "BehaviorTree": 313700041,
    "RoomsMusicState": "stage2_dangerous"
  },
  {
    "BehaviorTree": 313700006,
    "RoomsMusicState": "stage2_dangerous"
  },
  {
    "BehaviorTree": 313700007,
    "RoomsMusicState": "stage2_dangerous"
  },
  {
    "BehaviorTree": 313700061,
    "RoomsMusicState": "stage2_dangerous"
  },
  {
    "BehaviorTree": 313700011,
    "RoomsMusicState": "stage2_endboss"
  },
  {
    "BehaviorTree": 313700023,
    "RoomsMusicState": "stage2_endboss"
  },
  {
    "BehaviorTree": 313700024,
    "RoomsMusicState": "stage2_endboss"
  },
  {
    "BehaviorTree": 313700025,
    "RoomsMusicState": "stage2_dangerous"
  },
  {
    "BehaviorTree": 313700026,
    "RoomsMusicState": "stage2_dangerous"
  },
  {
    "BehaviorTree": 313700014,
    "RoomsMusicState": "stage2_dangerous"
  },
  {
    "BehaviorTree": 313700054,
    "RoomsMusicState": "stage2_dangerous"
  },
  {
    "BehaviorTree": 313700039,
    "RoomsMusicState": "stage2_dangerous"
  },
  {
    "BehaviorTree": 313700049,
    "RoomsMusicState": "stage2_dangerous"
  },
  {
    "BehaviorTree": 313700040,
    "RoomsMusicState": "stage2_dangerous"
  },
  {
    "BehaviorTree": 313700050,
    "RoomsMusicState": "stage2_dangerous"
  },
  {
    "BehaviorTree": 313700033,
    "RoomsMusicState": "stage2_dangerous"
  },
  {
    "BehaviorTree": 313700035,
    "RoomsMusicState": "stage2_dangerous"
  },
  {
    "BehaviorTree": 313700036,
    "RoomsMusicState": "stage2_dangerous"
  },
  {
    "BehaviorTree": 313700037,
    "RoomsMusicState": "stage2_dangerous"
  },
  {
    "BehaviorTree": 313700038,
    "RoomsMusicState": "stage2_dangerous"
  },
  {
    "BehaviorTree": 313700046,
    "RoomsMusicState": "stage2_dangerous"
  },
  {
    "BehaviorTree": 313700047,
    "RoomsMusicState": "stage2_dangerous"
  },
  {
    "BehaviorTree": 313700048,
    "RoomsMusicState": "stage2_dangerous"
  },
  {
    "BehaviorTree": 313700062,
    "RoomsMusicState": "stage2_dangerous"
  },
  {
    "BehaviorTree": 313700029,
    "RoomsMusicState": "stage2_dangerous"
  },
  {
    "BehaviorTree": 313700057,
    "RoomsMusicState": "stage2_safe"
  },
  {
    "BehaviorTree": 313700060,
    "RoomsMusicState": "stage2_safe"
  },
  {
    "BehaviorTree": 224700002,
    "RoomsMusicState": "stage2_safe"
  },
  {
    "BehaviorTree": 224700003,
    "RoomsMusicState": "stage2_safe"
  },
  {
    "BehaviorTree": 313700015,
    "RoomsMusicState": "stage2_dangerous"
  },
  {
    "BehaviorTree": 313700055,
    "RoomsMusicState": "stage2_dangerous"
  },
  {
    "BehaviorTree": 313700016,
    "RoomsMusicState": "stage2_endboss"
  },
  {
    "BehaviorTree": 313700019,
    "RoomsMusicState": "stage2_endboss"
  },
  {
    "BehaviorTree": 313700017,
    "RoomsMusicState": "stage1_dangerous"
  },
  {
    "BehaviorTree": 313700018,
    "RoomsMusicState": "stage1_dangerous"
  },
  {
    "BehaviorTree": 313000014,
    "RoomsMusicState": "stage1_dangerous"
  },
  {
    "BehaviorTree": 313000015,
    "RoomsMusicState": "stage1_dangerous"
  },
  {
    "BehaviorTree": 313700003,
    "RoomsMusicState": "stage1_dangerous"
  },
  {
    "BehaviorTree": 313000020,
    "RoomsMusicState": "stage1_dangerous"
  },
  {
    "BehaviorTree": 313000021,
    "RoomsMusicState": "stage1_dangerous"
  },
  {
    "BehaviorTree": 313000022,
    "RoomsMusicState": "stage1_dangerous"
  },
  {
    "BehaviorTree": 313000016,
    "RoomsMusicState": "stage1_dangerous"
  },
  {
    "BehaviorTree": 313000017,
    "RoomsMusicState": "stage1_dangerous"
  },
  {
    "BehaviorTree": 313000018,
    "RoomsMusicState": "stage1_dangerous"
  },
  {
    "BehaviorTree": 313000024,
    "RoomsMusicState": "stage1_dangerous"
  },
  {
    "BehaviorTree": 313000023,
    "RoomsMusicState": "stage1_dangerous"
  },
  {
    "BehaviorTree": 313000001,
    "RoomsMusicState": "stage1_dangerous"
  },
  {
    "BehaviorTree": 313000019,
    "RoomsMusicState": "stage1_dangerous"
  },
  {
    "BehaviorTree": 313900021,
    "RoomsMusicState": "stage1_dangerous"
  },
  {
    "BehaviorTree": 313900022,
    "RoomsMusicState": "stage1_dangerous"
  },
  {
    "BehaviorTree": 313000003,
    "RoomsMusicState": "stage1_dangerous"
  },
  {
    "BehaviorTree": 313000002,
    "RoomsMusicState": "stage1_dangerous"
  },
  {
    "BehaviorTree": 313000027,
    "RoomsMusicState": "stage1_dangerous"
  },
  {
    "BehaviorTree": 313900006,
    "RoomsMusicState": "stage1_dangerous"
  },
  {
    "BehaviorTree": 313900007,
    "RoomsMusicState": "stage1_dangerous"
  },
  {
    "BehaviorTree": 313900012,
    "RoomsMusicState": "stage1_safe"
  },
  {
    "BehaviorTree": 313800001,
    "RoomsMusicState": "stage1_safe"
  },
  {
    "BehaviorTree": 313800015,
    "RoomsMusicState": "stage1_safe"
  },
  {
    "BehaviorTree": 313800000,
    "RoomsMusicState": "stage1_safe"
  },
  {
    "BehaviorTree": 313800016,
    "RoomsMusicState": "stage1_safe"
  },
  {
    "BehaviorTree": 313800017,
    "RoomsMusicState": "stage1_safe"
  },
  {
    "BehaviorTree": 313800019,
    "RoomsMusicState": "stage1_safe"
  },
  {
    "BehaviorTree": 313800020,
    "RoomsMusicState": "stage1_safe"
  }
]