[
  {
    "Id": 10001000,
    "TextId": "",
    "Title": "",
    "Condition": 0,
    "EventType": 0,
    "Args": [
      0
    ],
    "FlowListName": "剧情_肉鸽_随机事件_rogouB_8002",
    "FlowId": 1,
    "StateId": 1,
    "IsCopyCamera": true
  },
  {
    "Id": 10001001,
    "TextId": "RogueEvent_10001001_text",
    "Title": "RogueEvent_10001001_titile",
    "Condition": 0,
    "EventType": 0,
    "Args": [
      0
    ],
    "FlowListName": "剧情_肉鸽_随机事件_rogouB_8002",
    "FlowId": 1,
    "StateId": 2,
    "IsCopyCamera": true
  },
  {
    "Id": 10001002,
    "TextId": "RogueEvent_10001002_text",
    "Title": "RogueEvent_10001002_titile",
    "Condition": 0,
    "EventType": 0,
    "Args": [
      0
    ],
    "FlowListName": "剧情_肉鸽_随机事件_rogouB_8002",
    "FlowId": 1,
    "StateId": 3,
    "IsCopyCamera": true
  },
  {
    "Id": 10001003,
    "TextId": "RogueEvent_10001003_text",
    "Title": "RogueEvent_10001003_titile",
    "Condition": 0,
    "EventType": 0,
    "Args": [
      0
    ],
    "FlowListName": "剧情_肉鸽_随机事件_rogouB_8002",
    "FlowId": 1,
    "StateId": 4,
    "IsCopyCamera": true
  },
  {
    "Id": 10002000,
    "TextId": "",
    "Title": "",
    "Condition": 0,
    "EventType": 0,
    "Args": [
      0
    ],
    "FlowListName": "剧情_肉鸽_随机事件_rogouB_8002",
    "FlowId": 2,
    "StateId": 1,
    "IsCopyCamera": true
  },
  {
    "Id": 10002001,
    "TextId": "RogueEvent_10002001_text",
    "Title": "RogueEvent_10002001_titile",
    "Condition": 0,
    "EventType": 0,
    "Args": [
      0
    ],
    "FlowListName": "剧情_肉鸽_随机事件_rogouB_8002",
    "FlowId": 2,
    "StateId": 2,
    "IsCopyCamera": true
  },
  {
    "Id": 10002002,
    "TextId": "RogueEvent_10002002_text",
    "Title": "RogueEvent_10002002_titile",
    "Condition": 0,
    "EventType": 0,
    "Args": [
      0
    ],
    "FlowListName": "剧情_肉鸽_随机事件_rogouB_8002",
    "FlowId": 2,
    "StateId": 3,
    "IsCopyCamera": true
  },
  {
    "Id": 10002003,
    "TextId": "RogueEvent_10002003_text",
    "Title": "RogueEvent_10002003_titile",
    "Condition": 0,
    "EventType": 0,
    "Args": [
      0
    ],
    "FlowListName": "剧情_肉鸽_随机事件_rogouB_8002",
    "FlowId": 2,
    "StateId": 4,
    "IsCopyCamera": true
  },
  {
    "Id": 10003000,
    "TextId": "",
    "Title": "",
    "Condition": 0,
    "EventType": 0,
    "Args": [
      0
    ],
    "FlowListName": "剧情_肉鸽_随机事件_rogouB_8002",
    "FlowId": 3,
    "StateId": 1,
    "IsCopyCamera": true
  },
  {
    "Id": 10003001,
    "TextId": "RogueEvent_10003001_text",
    "Title": "RogueEvent_10003001_titile",
    "Condition": 0,
    "EventType": 0,
    "Args": [
      0
    ],
    "FlowListName": "剧情_肉鸽_随机事件_rogouB_8002",
    "FlowId": 3,
    "StateId": 2,
    "IsCopyCamera": true
  },
  {
    "Id": 10003002,
    "TextId": "RogueEvent_10003002_text",
    "Title": "RogueEvent_10003002_titile",
    "Condition": 0,
    "EventType": 0,
    "Args": [
      0
    ],
    "FlowListName": "剧情_肉鸽_随机事件_rogouB_8002",
    "FlowId": 3,
    "StateId": 3,
    "IsCopyCamera": true
  },
  {
    "Id": 10004000,
    "TextId": "",
    "Title": "",
    "Condition": 0,
    "EventType": 0,
    "Args": [
      0
    ],
    "FlowListName": "剧情_肉鸽_随机事件_rogouB_8002",
    "FlowId": 4,
    "StateId": 1,
    "IsCopyCamera": true
  },
  {
    "Id": 10004001,
    "TextId": "RogueEvent_10004001_text",
    "Title": "RogueEvent_10004001_titile",
    "Condition": 0,
    "EventType": 0,
    "Args": [
      0
    ],
    "FlowListName": "剧情_肉鸽_随机事件_rogouB_8002",
    "FlowId": 4,
    "StateId": 2,
    "IsCopyCamera": true
  },
  {
    "Id": 10004002,
    "TextId": "RogueEvent_10004002_text",
    "Title": "RogueEvent_10004002_titile",
    "Condition": 0,
    "EventType": 0,
    "Args": [
      0
    ],
    "FlowListName": "剧情_肉鸽_随机事件_rogouB_8002",
    "FlowId": 4,
    "StateId": 3,
    "IsCopyCamera": true
  },
  {
    "Id": 10011000,
    "TextId": "",
    "Title": "",
    "Condition": 0,
    "EventType": 0,
    "Args": [
      0
    ],
    "FlowListName": "剧情_肉鸽_随机事件_rogouB_8002",
    "FlowId": 1,
    "StateId": 1,
    "IsCopyCamera": true
  },
  {
    "Id": 10011001,
    "TextId": "RogueEvent_10001001_text",
    "Title": "RogueEvent_10001001_titile",
    "Condition": 0,
    "EventType": 0,
    "Args": [
      0
    ],
    "FlowListName": "剧情_肉鸽_随机事件_rogouB_8002",
    "FlowId": 1,
    "StateId": 2,
    "IsCopyCamera": true
  },
  {
    "Id": 10011002,
    "TextId": "RogueEvent_10001002_text",
    "Title": "RogueEvent_10001002_titile",
    "Condition": 0,
    "EventType": 0,
    "Args": [
      0
    ],
    "FlowListName": "剧情_肉鸽_随机事件_rogouB_8002",
    "FlowId": 1,
    "StateId": 3,
    "IsCopyCamera": true
  },
  {
    "Id": 10011003,
    "TextId": "RogueEvent_10001003_text",
    "Title": "RogueEvent_10001003_titile",
    "Condition": 0,
    "EventType": 0,
    "Args": [
      0
    ],
    "FlowListName": "剧情_肉鸽_随机事件_rogouB_8002",
    "FlowId": 1,
    "StateId": 4,
    "IsCopyCamera": true
  },
  {
    "Id": 10012000,
    "TextId": "",
    "Title": "",
    "Condition": 0,
    "EventType": 0,
    "Args": [
      0
    ],
    "FlowListName": "剧情_肉鸽_随机事件_rogouB_8002",
    "FlowId": 2,
    "StateId": 1,
    "IsCopyCamera": true
  },
  {
    "Id": 10012001,
    "TextId": "RogueEvent_10002001_text",
    "Title": "RogueEvent_10002001_titile",
    "Condition": 0,
    "EventType": 0,
    "Args": [
      0
    ],
    "FlowListName": "剧情_肉鸽_随机事件_rogouB_8002",
    "FlowId": 2,
    "StateId": 2,
    "IsCopyCamera": true
  },
  {
    "Id": 10012002,
    "TextId": "RogueEvent_10002002_text",
    "Title": "RogueEvent_10002002_titile",
    "Condition": 0,
    "EventType": 0,
    "Args": [
      0
    ],
    "FlowListName": "剧情_肉鸽_随机事件_rogouB_8002",
    "FlowId": 2,
    "StateId": 3,
    "IsCopyCamera": true
  },
  {
    "Id": 10012003,
    "TextId": "RogueEvent_10002003_text",
    "Title": "RogueEvent_10002003_titile",
    "Condition": 0,
    "EventType": 0,
    "Args": [
      0
    ],
    "FlowListName": "剧情_肉鸽_随机事件_rogouB_8002",
    "FlowId": 2,
    "StateId": 4,
    "IsCopyCamera": true
  },
  {
    "Id": 10013000,
    "TextId": "",
    "Title": "",
    "Condition": 0,
    "EventType": 0,
    "Args": [
      0
    ],
    "FlowListName": "剧情_肉鸽_随机事件_rogouB_8002",
    "FlowId": 3,
    "StateId": 1,
    "IsCopyCamera": true
  },
  {
    "Id": 10013001,
    "TextId": "RogueEvent_10003001_text",
    "Title": "RogueEvent_10003001_titile",
    "Condition": 0,
    "EventType": 0,
    "Args": [
      0
    ],
    "FlowListName": "剧情_肉鸽_随机事件_rogouB_8002",
    "FlowId": 3,
    "StateId": 2,
    "IsCopyCamera": true
  },
  {
    "Id": 10013002,
    "TextId": "RogueEvent_10003002_text",
    "Title": "RogueEvent_10003002_titile",
    "Condition": 0,
    "EventType": 0,
    "Args": [
      0
    ],
    "FlowListName": "剧情_肉鸽_随机事件_rogouB_8002",
    "FlowId": 3,
    "StateId": 3,
    "IsCopyCamera": true
  },
  {
    "Id": 10014000,
    "TextId": "",
    "Title": "",
    "Condition": 0,
    "EventType": 0,
    "Args": [
      0
    ],
    "FlowListName": "剧情_肉鸽_随机事件_rogouB_8002",
    "FlowId": 4,
    "StateId": 1,
    "IsCopyCamera": true
  },
  {
    "Id": 10014001,
    "TextId": "RogueEvent_10004001_text",
    "Title": "RogueEvent_10004001_titile",
    "Condition": 0,
    "EventType": 0,
    "Args": [
      0
    ],
    "FlowListName": "剧情_肉鸽_随机事件_rogouB_8002",
    "FlowId": 4,
    "StateId": 2,
    "IsCopyCamera": true
  },
  {
    "Id": 10014002,
    "TextId": "RogueEvent_10004002_text",
    "Title": "RogueEvent_10004002_titile",
    "Condition": 0,
    "EventType": 0,
    "Args": [
      0
    ],
    "FlowListName": "剧情_肉鸽_随机事件_rogouB_8002",
    "FlowId": 4,
    "StateId": 3,
    "IsCopyCamera": true
  },
  {
    "Id": 10015000,
    "TextId": "",
    "Title": "",
    "Condition": 0,
    "EventType": 0,
    "Args": [
      0
    ],
    "FlowListName": "剧情_肉鸽_随机事件_rogouB_8002",
    "FlowId": 5,
    "StateId": 1,
    "IsCopyCamera": true
  },
  {
    "Id": 10015001,
    "TextId": "RogueEvent_10005001_text",
    "Title": "RogueEvent_10005001_titile",
    "Condition": 0,
    "EventType": 0,
    "Args": [
      0
    ],
    "FlowListName": "剧情_肉鸽_随机事件_rogouB_8002",
    "FlowId": 5,
    "StateId": 2,
    "IsCopyCamera": true
  },
  {
    "Id": 10015002,
    "TextId": "RogueEvent_10005002_text",
    "Title": "RogueEvent_10005002_titile",
    "Condition": 0,
    "EventType": 0,
    "Args": [
      0
    ],
    "FlowListName": "剧情_肉鸽_随机事件_rogouB_8002",
    "FlowId": 5,
    "StateId": 3,
    "IsCopyCamera": true
  },
  {
    "Id": 10015003,
    "TextId": "RogueEvent_10005003_text",
    "Title": "RogueEvent_10005003_titile",
    "Condition": 0,
    "EventType": 0,
    "Args": [
      0
    ],
    "FlowListName": "剧情_肉鸽_随机事件_rogouB_8002",
    "FlowId": 5,
    "StateId": 4,
    "IsCopyCamera": true
  },
  {
    "Id": 10015004,
    "TextId": "RogueEvent_10005004_text",
    "Title": "RogueEvent_10005004_titile",
    "Condition": 0,
    "EventType": 0,
    "Args": [
      0
    ],
    "FlowListName": "剧情_肉鸽_随机事件_rogouB_8002",
    "FlowId": 5,
    "StateId": 5,
    "IsCopyCamera": true
  },
  {
    "Id": 10016000,
    "TextId": "",
    "Title": "",
    "Condition": 0,
    "EventType": 0,
    "Args": [
      0
    ],
    "FlowListName": "剧情_肉鸽_随机事件_rogouB_8002",
    "FlowId": 6,
    "StateId": 1,
    "IsCopyCamera": true
  },
  {
    "Id": 10016001,
    "TextId": "RogueEvent_10006001_text",
    "Title": "RogueEvent_10006001_titile",
    "Condition": 0,
    "EventType": 0,
    "Args": [
      0
    ],
    "FlowListName": "剧情_肉鸽_随机事件_rogouB_8002",
    "FlowId": 6,
    "StateId": 2,
    "IsCopyCamera": true
  },
  {
    "Id": 10016002,
    "TextId": "RogueEvent_10006002_text",
    "Title": "RogueEvent_10006002_titile",
    "Condition": 0,
    "EventType": 0,
    "Args": [
      0
    ],
    "FlowListName": "剧情_肉鸽_随机事件_rogouB_8002",
    "FlowId": 6,
    "StateId": 3,
    "IsCopyCamera": true
  },
  {
    "Id": 10016003,
    "TextId": "RogueEvent_10006003_text",
    "Title": "RogueEvent_10006003_titile",
    "Condition": 0,
    "EventType": 0,
    "Args": [
      0
    ],
    "FlowListName": "剧情_肉鸽_随机事件_rogouB_8002",
    "FlowId": 6,
    "StateId": 4,
    "IsCopyCamera": true
  },
  {
    "Id": 10016004,
    "TextId": "RogueEvent_10006004_text",
    "Title": "RogueEvent_10006004_titile",
    "Condition": 0,
    "EventType": 0,
    "Args": [
      0
    ],
    "FlowListName": "剧情_肉鸽_随机事件_rogouB_8002",
    "FlowId": 6,
    "StateId": 5,
    "IsCopyCamera": true
  },
  {
    "Id": 10016005,
    "TextId": "RogueEvent_10006005_text",
    "Title": "RogueEvent_10006005_titile",
    "Condition": 0,
    "EventType": 0,
    "Args": [
      0
    ],
    "FlowListName": "剧情_肉鸽_随机事件_rogouB_8002",
    "FlowId": 6,
    "StateId": 6,
    "IsCopyCamera": true
  },
  {
    "Id": 10017000,
    "TextId": "",
    "Title": "",
    "Condition": 0,
    "EventType": 0,
    "Args": [
      0
    ],
    "FlowListName": "剧情_肉鸽_随机事件_rogouB_8002",
    "FlowId": 7,
    "StateId": 1,
    "IsCopyCamera": true
  },
  {
    "Id": 10017001,
    "TextId": "RogueEvent_10007001_text",
    "Title": "RogueEvent_10007001_titile",
    "Condition": 0,
    "EventType": 0,
    "Args": [
      0
    ],
    "FlowListName": "剧情_肉鸽_随机事件_rogouB_8002",
    "FlowId": 7,
    "StateId": 2,
    "IsCopyCamera": true
  },
  {
    "Id": 10017002,
    "TextId": "RogueEvent_10007002_text",
    "Title": "RogueEvent_10007002_titile",
    "Condition": 0,
    "EventType": 0,
    "Args": [
      0
    ],
    "FlowListName": "剧情_肉鸽_随机事件_rogouB_8002",
    "FlowId": 7,
    "StateId": 3,
    "IsCopyCamera": true
  },
  {
    "Id": 10017003,
    "TextId": "RogueEvent_10007003_text",
    "Title": "RogueEvent_10007003_titile",
    "Condition": 0,
    "EventType": 0,
    "Args": [
      0
    ],
    "FlowListName": "剧情_肉鸽_随机事件_rogouB_8002",
    "FlowId": 7,
    "StateId": 4,
    "IsCopyCamera": true
  },
  {
    "Id": 10018000,
    "TextId": "",
    "Title": "",
    "Condition": 0,
    "EventType": 0,
    "Args": [
      0
    ],
    "FlowListName": "剧情_肉鸽_随机事件_rogouB_8002",
    "FlowId": 8,
    "StateId": 1,
    "IsCopyCamera": true
  },
  {
    "Id": 10018001,
    "TextId": "RogueEvent_10008001_text",
    "Title": "RogueEvent_10008001_titile",
    "Condition": 0,
    "EventType": 0,
    "Args": [
      0
    ],
    "FlowListName": "剧情_肉鸽_随机事件_rogouB_8002",
    "FlowId": 8,
    "StateId": 2,
    "IsCopyCamera": true
  },
  {
    "Id": 10018002,
    "TextId": "RogueEvent_10008002_text",
    "Title": "RogueEvent_10008002_titile",
    "Condition": 0,
    "EventType": 0,
    "Args": [
      0
    ],
    "FlowListName": "剧情_肉鸽_随机事件_rogouB_8002",
    "FlowId": 8,
    "StateId": 3,
    "IsCopyCamera": true
  },
  {
    "Id": 10021000,
    "TextId": "",
    "Title": "",
    "Condition": 0,
    "EventType": 0,
    "Args": [
      0
    ],
    "FlowListName": "剧情_肉鸽_随机事件_rogouB_8002",
    "FlowId": 1,
    "StateId": 1,
    "IsCopyCamera": true
  },
  {
    "Id": 10021001,
    "TextId": "RogueEvent_10001001_text",
    "Title": "RogueEvent_10001001_titile",
    "Condition": 0,
    "EventType": 0,
    "Args": [
      0
    ],
    "FlowListName": "剧情_肉鸽_随机事件_rogouB_8002",
    "FlowId": 1,
    "StateId": 2,
    "IsCopyCamera": true
  },
  {
    "Id": 10021002,
    "TextId": "RogueEvent_10001002_text",
    "Title": "RogueEvent_10001002_titile",
    "Condition": 0,
    "EventType": 0,
    "Args": [
      0
    ],
    "FlowListName": "剧情_肉鸽_随机事件_rogouB_8002",
    "FlowId": 1,
    "StateId": 3,
    "IsCopyCamera": true
  },
  {
    "Id": 10021003,
    "TextId": "RogueEvent_10001003_text",
    "Title": "RogueEvent_10001003_titile",
    "Condition": 0,
    "EventType": 0,
    "Args": [
      0
    ],
    "FlowListName": "剧情_肉鸽_随机事件_rogouB_8002",
    "FlowId": 1,
    "StateId": 4,
    "IsCopyCamera": true
  },
  {
    "Id": 10022000,
    "TextId": "",
    "Title": "",
    "Condition": 0,
    "EventType": 0,
    "Args": [
      0
    ],
    "FlowListName": "剧情_肉鸽_随机事件_rogouB_8002",
    "FlowId": 2,
    "StateId": 1,
    "IsCopyCamera": true
  },
  {
    "Id": 10022001,
    "TextId": "RogueEvent_10002001_text",
    "Title": "RogueEvent_10002001_titile",
    "Condition": 0,
    "EventType": 0,
    "Args": [
      0
    ],
    "FlowListName": "剧情_肉鸽_随机事件_rogouB_8002",
    "FlowId": 2,
    "StateId": 2,
    "IsCopyCamera": true
  },
  {
    "Id": 10022002,
    "TextId": "RogueEvent_10002002_text",
    "Title": "RogueEvent_10002002_titile",
    "Condition": 0,
    "EventType": 0,
    "Args": [
      0
    ],
    "FlowListName": "剧情_肉鸽_随机事件_rogouB_8002",
    "FlowId": 2,
    "StateId": 3,
    "IsCopyCamera": true
  },
  {
    "Id": 10022003,
    "TextId": "RogueEvent_10002003_text",
    "Title": "RogueEvent_10002003_titile",
    "Condition": 0,
    "EventType": 0,
    "Args": [
      0
    ],
    "FlowListName": "剧情_肉鸽_随机事件_rogouB_8002",
    "FlowId": 2,
    "StateId": 4,
    "IsCopyCamera": true
  },
  {
    "Id": 10023000,
    "TextId": "",
    "Title": "",
    "Condition": 0,
    "EventType": 0,
    "Args": [
      0
    ],
    "FlowListName": "剧情_肉鸽_随机事件_rogouB_8002",
    "FlowId": 3,
    "StateId": 1,
    "IsCopyCamera": true
  },
  {
    "Id": 10023001,
    "TextId": "RogueEvent_10003001_text",
    "Title": "RogueEvent_10003001_titile",
    "Condition": 0,
    "EventType": 0,
    "Args": [
      0
    ],
    "FlowListName": "剧情_肉鸽_随机事件_rogouB_8002",
    "FlowId": 3,
    "StateId": 2,
    "IsCopyCamera": true
  },
  {
    "Id": 10023002,
    "TextId": "RogueEvent_10003002_text",
    "Title": "RogueEvent_10003002_titile",
    "Condition": 0,
    "EventType": 0,
    "Args": [
      0
    ],
    "FlowListName": "剧情_肉鸽_随机事件_rogouB_8002",
    "FlowId": 3,
    "StateId": 3,
    "IsCopyCamera": true
  },
  {
    "Id": 10024000,
    "TextId": "",
    "Title": "",
    "Condition": 0,
    "EventType": 0,
    "Args": [
      0
    ],
    "FlowListName": "剧情_肉鸽_随机事件_rogouB_8002",
    "FlowId": 4,
    "StateId": 1,
    "IsCopyCamera": true
  },
  {
    "Id": 10024001,
    "TextId": "RogueEvent_10004001_text",
    "Title": "RogueEvent_10004001_titile",
    "Condition": 0,
    "EventType": 0,
    "Args": [
      0
    ],
    "FlowListName": "剧情_肉鸽_随机事件_rogouB_8002",
    "FlowId": 4,
    "StateId": 2,
    "IsCopyCamera": true
  },
  {
    "Id": 10024002,
    "TextId": "RogueEvent_10004002_text",
    "Title": "RogueEvent_10004002_titile",
    "Condition": 0,
    "EventType": 0,
    "Args": [
      0
    ],
    "FlowListName": "剧情_肉鸽_随机事件_rogouB_8002",
    "FlowId": 4,
    "StateId": 3,
    "IsCopyCamera": true
  },
  {
    "Id": 10025000,
    "TextId": "",
    "Title": "",
    "Condition": 0,
    "EventType": 0,
    "Args": [
      0
    ],
    "FlowListName": "剧情_肉鸽_随机事件_rogouB_8002",
    "FlowId": 5,
    "StateId": 1,
    "IsCopyCamera": true
  },
  {
    "Id": 10025001,
    "TextId": "RogueEvent_10005001_text",
    "Title": "RogueEvent_10005001_titile",
    "Condition": 0,
    "EventType": 0,
    "Args": [
      0
    ],
    "FlowListName": "剧情_肉鸽_随机事件_rogouB_8002",
    "FlowId": 5,
    "StateId": 2,
    "IsCopyCamera": true
  },
  {
    "Id": 10025002,
    "TextId": "RogueEvent_10005002_text",
    "Title": "RogueEvent_10005002_titile",
    "Condition": 0,
    "EventType": 0,
    "Args": [
      0
    ],
    "FlowListName": "剧情_肉鸽_随机事件_rogouB_8002",
    "FlowId": 5,
    "StateId": 3,
    "IsCopyCamera": true
  },
  {
    "Id": 10025003,
    "TextId": "RogueEvent_10005003_text",
    "Title": "RogueEvent_10005003_titile",
    "Condition": 0,
    "EventType": 0,
    "Args": [
      0
    ],
    "FlowListName": "剧情_肉鸽_随机事件_rogouB_8002",
    "FlowId": 5,
    "StateId": 4,
    "IsCopyCamera": true
  },
  {
    "Id": 10025004,
    "TextId": "RogueEvent_10005004_text",
    "Title": "RogueEvent_10005004_titile",
    "Condition": 0,
    "EventType": 0,
    "Args": [
      0
    ],
    "FlowListName": "剧情_肉鸽_随机事件_rogouB_8002",
    "FlowId": 5,
    "StateId": 5,
    "IsCopyCamera": true
  },
  {
    "Id": 10026000,
    "TextId": "",
    "Title": "",
    "Condition": 0,
    "EventType": 0,
    "Args": [
      0
    ],
    "FlowListName": "剧情_肉鸽_随机事件_rogouB_8002",
    "FlowId": 6,
    "StateId": 1,
    "IsCopyCamera": true
  },
  {
    "Id": 10026001,
    "TextId": "RogueEvent_10006001_text",
    "Title": "RogueEvent_10006001_titile",
    "Condition": 0,
    "EventType": 0,
    "Args": [
      0
    ],
    "FlowListName": "剧情_肉鸽_随机事件_rogouB_8002",
    "FlowId": 6,
    "StateId": 2,
    "IsCopyCamera": true
  },
  {
    "Id": 10026002,
    "TextId": "RogueEvent_10006002_text",
    "Title": "RogueEvent_10006002_titile",
    "Condition": 0,
    "EventType": 0,
    "Args": [
      0
    ],
    "FlowListName": "剧情_肉鸽_随机事件_rogouB_8002",
    "FlowId": 6,
    "StateId": 3,
    "IsCopyCamera": true
  },
  {
    "Id": 10026003,
    "TextId": "RogueEvent_10006003_text",
    "Title": "RogueEvent_10006003_titile",
    "Condition": 0,
    "EventType": 0,
    "Args": [
      0
    ],
    "FlowListName": "剧情_肉鸽_随机事件_rogouB_8002",
    "FlowId": 6,
    "StateId": 4,
    "IsCopyCamera": true
  },
  {
    "Id": 10026004,
    "TextId": "RogueEvent_10006004_text",
    "Title": "RogueEvent_10006004_titile",
    "Condition": 0,
    "EventType": 0,
    "Args": [
      0
    ],
    "FlowListName": "剧情_肉鸽_随机事件_rogouB_8002",
    "FlowId": 6,
    "StateId": 5,
    "IsCopyCamera": true
  },
  {
    "Id": 10026005,
    "TextId": "RogueEvent_10006005_text",
    "Title": "RogueEvent_10006005_titile",
    "Condition": 0,
    "EventType": 0,
    "Args": [
      0
    ],
    "FlowListName": "剧情_肉鸽_随机事件_rogouB_8002",
    "FlowId": 6,
    "StateId": 6,
    "IsCopyCamera": true
  },
  {
    "Id": 10027000,
    "TextId": "",
    "Title": "",
    "Condition": 0,
    "EventType": 0,
    "Args": [
      0
    ],
    "FlowListName": "剧情_肉鸽_随机事件_rogouB_8002",
    "FlowId": 7,
    "StateId": 1,
    "IsCopyCamera": true
  },
  {
    "Id": 10027001,
    "TextId": "RogueEvent_10007001_text",
    "Title": "RogueEvent_10007001_titile",
    "Condition": 0,
    "EventType": 0,
    "Args": [
      0
    ],
    "FlowListName": "剧情_肉鸽_随机事件_rogouB_8002",
    "FlowId": 7,
    "StateId": 2,
    "IsCopyCamera": true
  },
  {
    "Id": 10027002,
    "TextId": "RogueEvent_10007002_text",
    "Title": "RogueEvent_10007002_titile",
    "Condition": 0,
    "EventType": 0,
    "Args": [
      0
    ],
    "FlowListName": "剧情_肉鸽_随机事件_rogouB_8002",
    "FlowId": 7,
    "StateId": 3,
    "IsCopyCamera": true
  },
  {
    "Id": 10027003,
    "TextId": "RogueEvent_10007003_text",
    "Title": "RogueEvent_10007003_titile",
    "Condition": 0,
    "EventType": 0,
    "Args": [
      0
    ],
    "FlowListName": "剧情_肉鸽_随机事件_rogouB_8002",
    "FlowId": 7,
    "StateId": 4,
    "IsCopyCamera": true
  },
  {
    "Id": 10028000,
    "TextId": "",
    "Title": "",
    "Condition": 0,
    "EventType": 0,
    "Args": [
      0
    ],
    "FlowListName": "剧情_肉鸽_随机事件_rogouB_8002",
    "FlowId": 8,
    "StateId": 1,
    "IsCopyCamera": true
  },
  {
    "Id": 10028001,
    "TextId": "RogueEvent_10008001_text",
    "Title": "RogueEvent_10008001_titile",
    "Condition": 0,
    "EventType": 0,
    "Args": [
      0
    ],
    "FlowListName": "剧情_肉鸽_随机事件_rogouB_8002",
    "FlowId": 8,
    "StateId": 2,
    "IsCopyCamera": true
  },
  {
    "Id": 10028002,
    "TextId": "RogueEvent_10008002_text",
    "Title": "RogueEvent_10008002_titile",
    "Condition": 0,
    "EventType": 0,
    "Args": [
      0
    ],
    "FlowListName": "剧情_肉鸽_随机事件_rogouB_8002",
    "FlowId": 8,
    "StateId": 3,
    "IsCopyCamera": true
  },
  {
    "Id": 10029000,
    "TextId": "",
    "Title": "",
    "Condition": 0,
    "EventType": 0,
    "Args": [
      0
    ],
    "FlowListName": "剧情_1_2_肉鸽_角色协奏_rogouC",
    "FlowId": 1,
    "StateId": 1,
    "IsCopyCamera": true
  },
  {
    "Id": 10029001,
    "TextId": "RogueEvent_10009001_text",
    "Title": "RogueEvent_10009001_titile",
    "Condition": 0,
    "EventType": 0,
    "Args": [
      0
    ],
    "FlowListName": "剧情_1_2_肉鸽_角色协奏_rogouC",
    "FlowId": 1,
    "StateId": 2,
    "IsCopyCamera": true
  },
  {
    "Id": 10029002,
    "TextId": "RogueEvent_10009002_text",
    "Title": "RogueEvent_10009002_titile",
    "Condition": 0,
    "EventType": 0,
    "Args": [
      0
    ],
    "FlowListName": "剧情_1_2_肉鸽_角色协奏_rogouC",
    "FlowId": 1,
    "StateId": 3,
    "IsCopyCamera": true
  },
  {
    "Id": 10029010,
    "TextId": "",
    "Title": "",
    "Condition": 0,
    "EventType": 0,
    "Args": [
      0
    ],
    "FlowListName": "剧情_1_2_肉鸽_角色协奏_rogouC",
    "FlowId": 2,
    "StateId": 1,
    "IsCopyCamera": true
  },
  {
    "Id": 10029011,
    "TextId": "RogueEvent_10009011_text",
    "Title": "RogueEvent_10009011_titile",
    "Condition": 0,
    "EventType": 0,
    "Args": [
      0
    ],
    "FlowListName": "剧情_1_2_肉鸽_角色协奏_rogouC",
    "FlowId": 2,
    "StateId": 2,
    "IsCopyCamera": true
  },
  {
    "Id": 10029012,
    "TextId": "RogueEvent_10009012_text",
    "Title": "RogueEvent_10009012_titile",
    "Condition": 0,
    "EventType": 0,
    "Args": [
      0
    ],
    "FlowListName": "剧情_1_2_肉鸽_角色协奏_rogouC",
    "FlowId": 2,
    "StateId": 3,
    "IsCopyCamera": true
  },
  {
    "Id": 10029020,
    "TextId": "",
    "Title": "",
    "Condition": 0,
    "EventType": 0,
    "Args": [
      0
    ],
    "FlowListName": "剧情_1_2_肉鸽_角色协奏_rogouC",
    "FlowId": 3,
    "StateId": 1,
    "IsCopyCamera": true
  },
  {
    "Id": 10029021,
    "TextId": "RogueEvent_10009021_text",
    "Title": "RogueEvent_10009021_titile",
    "Condition": 0,
    "EventType": 0,
    "Args": [
      0
    ],
    "FlowListName": "剧情_1_2_肉鸽_角色协奏_rogouC",
    "FlowId": 3,
    "StateId": 2,
    "IsCopyCamera": true
  },
  {
    "Id": 10029022,
    "TextId": "RogueEvent_10009022_text",
    "Title": "RogueEvent_10009022_titile",
    "Condition": 0,
    "EventType": 0,
    "Args": [
      0
    ],
    "FlowListName": "剧情_1_2_肉鸽_角色协奏_rogouC",
    "FlowId": 3,
    "StateId": 3,
    "IsCopyCamera": true
  },
  {
    "Id": 10029030,
    "TextId": "",
    "Title": "",
    "Condition": 0,
    "EventType": 0,
    "Args": [
      0
    ],
    "FlowListName": "剧情_1_2_肉鸽_角色协奏_rogouC",
    "FlowId": 4,
    "StateId": 1,
    "IsCopyCamera": true
  },
  {
    "Id": 10029031,
    "TextId": "RogueEvent_10009031_text",
    "Title": "RogueEvent_10009031_titile",
    "Condition": 0,
    "EventType": 0,
    "Args": [
      0
    ],
    "FlowListName": "剧情_1_2_肉鸽_角色协奏_rogouC",
    "FlowId": 4,
    "StateId": 2,
    "IsCopyCamera": true
  },
  {
    "Id": 10029032,
    "TextId": "RogueEvent_10009032_text",
    "Title": "RogueEvent_10009032_titile",
    "Condition": 0,
    "EventType": 0,
    "Args": [
      0
    ],
    "FlowListName": "剧情_1_2_肉鸽_角色协奏_rogouC",
    "FlowId": 4,
    "StateId": 3,
    "IsCopyCamera": true
  },
  {
    "Id": 10029040,
    "TextId": "",
    "Title": "",
    "Condition": 0,
    "EventType": 0,
    "Args": [
      0
    ],
    "FlowListName": "剧情_1_2_肉鸽_角色协奏_rogouC",
    "FlowId": 5,
    "StateId": 1,
    "IsCopyCamera": true
  },
  {
    "Id": 10029041,
    "TextId": "RogueEvent_10009041_text",
    "Title": "RogueEvent_10009041_titile",
    "Condition": 0,
    "EventType": 0,
    "Args": [
      0
    ],
    "FlowListName": "剧情_1_2_肉鸽_角色协奏_rogouC",
    "FlowId": 5,
    "StateId": 2,
    "IsCopyCamera": true
  },
  {
    "Id": 10029042,
    "TextId": "RogueEvent_10009042_text",
    "Title": "RogueEvent_10009042_titile",
    "Condition": 0,
    "EventType": 0,
    "Args": [
      0
    ],
    "FlowListName": "剧情_1_2_肉鸽_角色协奏_rogouC",
    "FlowId": 5,
    "StateId": 3,
    "IsCopyCamera": true
  },
  {
    "Id": 10029050,
    "TextId": "",
    "Title": "",
    "Condition": 0,
    "EventType": 0,
    "Args": [
      0
    ],
    "FlowListName": "剧情_1_2_肉鸽_角色协奏_rogouC",
    "FlowId": 6,
    "StateId": 1,
    "IsCopyCamera": true
  },
  {
    "Id": 10029051,
    "TextId": "RogueEvent_10009051_text",
    "Title": "RogueEvent_10009051_titile",
    "Condition": 0,
    "EventType": 0,
    "Args": [
      0
    ],
    "FlowListName": "剧情_1_2_肉鸽_角色协奏_rogouC",
    "FlowId": 6,
    "StateId": 2,
    "IsCopyCamera": true
  },
  {
    "Id": 10029052,
    "TextId": "RogueEvent_10009052_text",
    "Title": "RogueEvent_10009052_titile",
    "Condition": 0,
    "EventType": 0,
    "Args": [
      0
    ],
    "FlowListName": "剧情_1_2_肉鸽_角色协奏_rogouC",
    "FlowId": 6,
    "StateId": 3,
    "IsCopyCamera": true
  },
  {
    "Id": 10029060,
    "TextId": "",
    "Title": "",
    "Condition": 0,
    "EventType": 0,
    "Args": [
      0
    ],
    "FlowListName": "剧情_1_2_肉鸽_角色协奏_rogouC",
    "FlowId": 7,
    "StateId": 1,
    "IsCopyCamera": true
  },
  {
    "Id": 10029061,
    "TextId": "RogueEvent_10009061_text",
    "Title": "RogueEvent_10009061_titile",
    "Condition": 0,
    "EventType": 0,
    "Args": [
      0
    ],
    "FlowListName": "剧情_1_2_肉鸽_角色协奏_rogouC",
    "FlowId": 7,
    "StateId": 2,
    "IsCopyCamera": true
  },
  {
    "Id": 10029062,
    "TextId": "RogueEvent_10009062_text",
    "Title": "RogueEvent_10009062_titile",
    "Condition": 0,
    "EventType": 0,
    "Args": [
      0
    ],
    "FlowListName": "剧情_1_2_肉鸽_角色协奏_rogouC",
    "FlowId": 7,
    "StateId": 3,
    "IsCopyCamera": true
  },
  {
    "Id": 10029070,
    "TextId": "",
    "Title": "",
    "Condition": 0,
    "EventType": 0,
    "Args": [
      0
    ],
    "FlowListName": "剧情_1_2_肉鸽_角色协奏_rogouC",
    "FlowId": 8,
    "StateId": 1,
    "IsCopyCamera": true
  },
  {
    "Id": 10029071,
    "TextId": "RogueEvent_10009071_text",
    "Title": "RogueEvent_10009071_titile",
    "Condition": 0,
    "EventType": 0,
    "Args": [
      0
    ],
    "FlowListName": "剧情_1_2_肉鸽_角色协奏_rogouC",
    "FlowId": 8,
    "StateId": 2,
    "IsCopyCamera": true
  },
  {
    "Id": 10029072,
    "TextId": "RogueEvent_10009072_text",
    "Title": "RogueEvent_10009072_titile",
    "Condition": 0,
    "EventType": 0,
    "Args": [
      0
    ],
    "FlowListName": "剧情_1_2_肉鸽_角色协奏_rogouC",
    "FlowId": 8,
    "StateId": 3,
    "IsCopyCamera": true
  },
  {
    "Id": 10029080,
    "TextId": "",
    "Title": "",
    "Condition": 0,
    "EventType": 0,
    "Args": [
      0
    ],
    "FlowListName": "剧情_1_2_肉鸽_角色协奏_rogouC",
    "FlowId": 9,
    "StateId": 1,
    "IsCopyCamera": true
  },
  {
    "Id": 10029081,
    "TextId": "RogueEvent_10009081_text",
    "Title": "RogueEvent_10009081_titile",
    "Condition": 0,
    "EventType": 0,
    "Args": [
      0
    ],
    "FlowListName": "剧情_1_2_肉鸽_角色协奏_rogouC",
    "FlowId": 9,
    "StateId": 2,
    "IsCopyCamera": true
  },
  {
    "Id": 10029082,
    "TextId": "RogueEvent_10009082_text",
    "Title": "RogueEvent_10009082_titile",
    "Condition": 0,
    "EventType": 0,
    "Args": [
      0
    ],
    "FlowListName": "剧情_1_2_肉鸽_角色协奏_rogouC",
    "FlowId": 9,
    "StateId": 3,
    "IsCopyCamera": true
  },
  {
    "Id": 10029090,
    "TextId": "",
    "Title": "",
    "Condition": 0,
    "EventType": 0,
    "Args": [
      0
    ],
    "FlowListName": "剧情_1_2_肉鸽_角色协奏_rogouB",
    "FlowId": 1,
    "StateId": 1,
    "IsCopyCamera": true
  },
  {
    "Id": 10029091,
    "TextId": "RogueEvent_10009031_text",
    "Title": "RogueEvent_10009031_titile",
    "Condition": 0,
    "EventType": 0,
    "Args": [
      0
    ],
    "FlowListName": "剧情_1_2_肉鸽_角色协奏_rogouB",
    "FlowId": 1,
    "StateId": 2,
    "IsCopyCamera": true
  },
  {
    "Id": 10029092,
    "TextId": "RogueEvent_10009032_text",
    "Title": "RogueEvent_10009032_titile",
    "Condition": 0,
    "EventType": 0,
    "Args": [
      0
    ],
    "FlowListName": "剧情_1_2_肉鸽_角色协奏_rogouB",
    "FlowId": 1,
    "StateId": 3,
    "IsCopyCamera": true
  },
  {
    "Id": 10029100,
    "TextId": "",
    "Title": "",
    "Condition": 0,
    "EventType": 0,
    "Args": [
      0
    ],
    "FlowListName": "剧情_1_2_肉鸽_角色协奏_rogouB",
    "FlowId": 2,
    "StateId": 1,
    "IsCopyCamera": true
  },
  {
    "Id": 10029101,
    "TextId": "RogueEvent_10009061_text",
    "Title": "RogueEvent_10009061_titile",
    "Condition": 0,
    "EventType": 0,
    "Args": [
      0
    ],
    "FlowListName": "剧情_1_2_肉鸽_角色协奏_rogouB",
    "FlowId": 2,
    "StateId": 2,
    "IsCopyCamera": true
  },
  {
    "Id": 10029102,
    "TextId": "RogueEvent_10009062_text",
    "Title": "RogueEvent_10009062_titile",
    "Condition": 0,
    "EventType": 0,
    "Args": [
      0
    ],
    "FlowListName": "剧情_1_2_肉鸽_角色协奏_rogouB",
    "FlowId": 2,
    "StateId": 3,
    "IsCopyCamera": true
  },
  {
    "Id": 10029110,
    "TextId": "",
    "Title": "",
    "Condition": 0,
    "EventType": 0,
    "Args": [
      0
    ],
    "FlowListName": "剧情_1_2_肉鸽_角色协奏_rogouB",
    "FlowId": 3,
    "StateId": 1,
    "IsCopyCamera": true
  },
  {
    "Id": 10029111,
    "TextId": "RogueEvent_10009041_text",
    "Title": "RogueEvent_10009041_titile",
    "Condition": 0,
    "EventType": 0,
    "Args": [
      0
    ],
    "FlowListName": "剧情_1_2_肉鸽_角色协奏_rogouB",
    "FlowId": 3,
    "StateId": 2,
    "IsCopyCamera": true
  },
  {
    "Id": 10029112,
    "TextId": "RogueEvent_10009042_text",
    "Title": "RogueEvent_10009042_titile",
    "Condition": 0,
    "EventType": 0,
    "Args": [
      0
    ],
    "FlowListName": "剧情_1_2_肉鸽_角色协奏_rogouB",
    "FlowId": 3,
    "StateId": 3,
    "IsCopyCamera": true
  },
  {
    "Id": 10029120,
    "TextId": "",
    "Title": "",
    "Condition": 0,
    "EventType": 0,
    "Args": [
      0
    ],
    "FlowListName": "剧情_1_2_肉鸽_角色协奏_rogouB",
    "FlowId": 4,
    "StateId": 1,
    "IsCopyCamera": true
  },
  {
    "Id": 10029121,
    "TextId": "RogueEvent_10009081_text",
    "Title": "RogueEvent_10009081_titile",
    "Condition": 0,
    "EventType": 0,
    "Args": [
      0
    ],
    "FlowListName": "剧情_1_2_肉鸽_角色协奏_rogouB",
    "FlowId": 4,
    "StateId": 2,
    "IsCopyCamera": true
  },
  {
    "Id": 10029122,
    "TextId": "RogueEvent_10009082_text",
    "Title": "RogueEvent_10009082_titile",
    "Condition": 0,
    "EventType": 0,
    "Args": [
      0
    ],
    "FlowListName": "剧情_1_2_肉鸽_角色协奏_rogouB",
    "FlowId": 4,
    "StateId": 3,
    "IsCopyCamera": true
  },
  {
    "Id": 10030001,
    "TextId": "",
    "Title": "",
    "Condition": 0,
    "EventType": 0,
    "Args": [
      0
    ],
    "FlowListName": "剧情_1_2_肉鸽_事件房_rogouC",
    "FlowId": 1,
    "StateId": 1,
    "IsCopyCamera": true
  },
  {
    "Id": 10030002,
    "TextId": "RogueEvent_10030002_text",
    "Title": "RogueEvent_10030002_titile",
    "Condition": 0,
    "EventType": 0,
    "Args": [
      0
    ],
    "FlowListName": "剧情_1_2_肉鸽_事件房_rogouC",
    "FlowId": 1,
    "StateId": 2,
    "IsCopyCamera": true
  },
  {
    "Id": 10030003,
    "TextId": "RogueEvent_10030003_text",
    "Title": "RogueEvent_10030003_titile",
    "Condition": 0,
    "EventType": 0,
    "Args": [
      0
    ],
    "FlowListName": "剧情_1_2_肉鸽_事件房_rogouC",
    "FlowId": 1,
    "StateId": 3,
    "IsCopyCamera": true
  },
  {
    "Id": 10030004,
    "TextId": "RogueEvent_10030004_text",
    "Title": "RogueEvent_10030004_titile",
    "Condition": 0,
    "EventType": 0,
    "Args": [
      0
    ],
    "FlowListName": "剧情_1_2_肉鸽_事件房_rogouC",
    "FlowId": 1,
    "StateId": 4,
    "IsCopyCamera": true
  },
  {
    "Id": 10030005,
    "TextId": "RogueEvent_10030005_text",
    "Title": "RogueEvent_10030005_titile",
    "Condition": 0,
    "EventType": 0,
    "Args": [
      0
    ],
    "FlowListName": "剧情_1_2_肉鸽_事件房_rogouC",
    "FlowId": 1,
    "StateId": 5,
    "IsCopyCamera": true
  },
  {
    "Id": 10030011,
    "TextId": "",
    "Title": "",
    "Condition": 0,
    "EventType": 0,
    "Args": [
      0
    ],
    "FlowListName": "剧情_1_2_肉鸽_事件房_rogouC",
    "FlowId": 2,
    "StateId": 1,
    "IsCopyCamera": true
  },
  {
    "Id": 10030012,
    "TextId": "RogueEvent_10030012_text",
    "Title": "RogueEvent_10030012_titile",
    "Condition": 0,
    "EventType": 0,
    "Args": [
      0
    ],
    "FlowListName": "剧情_1_2_肉鸽_事件房_rogouC",
    "FlowId": 2,
    "StateId": 2,
    "IsCopyCamera": true
  },
  {
    "Id": 10030013,
    "TextId": "RogueEvent_10030013_text",
    "Title": "RogueEvent_10030013_titile",
    "Condition": 0,
    "EventType": 0,
    "Args": [
      0
    ],
    "FlowListName": "剧情_1_2_肉鸽_事件房_rogouC",
    "FlowId": 2,
    "StateId": 3,
    "IsCopyCamera": true
  },
  {
    "Id": 10003021,
    "TextId": "",
    "Title": "",
    "Condition": 0,
    "EventType": 0,
    "Args": [
      0
    ],
    "FlowListName": "剧情_1_2_肉鸽_事件房_rogouC",
    "FlowId": 3,
    "StateId": 1,
    "IsCopyCamera": true
  },
  {
    "Id": 10003022,
    "TextId": "RogueEvent_10003022_text",
    "Title": "RogueEvent_10003022_titile",
    "Condition": 0,
    "EventType": 0,
    "Args": [
      0
    ],
    "FlowListName": "剧情_1_2_肉鸽_事件房_rogouC",
    "FlowId": 3,
    "StateId": 2,
    "IsCopyCamera": true
  },
  {
    "Id": 10003023,
    "TextId": "RogueEvent_10003023_text",
    "Title": "RogueEvent_10003023_titile",
    "Condition": 0,
    "EventType": 0,
    "Args": [
      0
    ],
    "FlowListName": "剧情_1_2_肉鸽_事件房_rogouC",
    "FlowId": 3,
    "StateId": 3,
    "IsCopyCamera": true
  },
  {
    "Id": 10003024,
    "TextId": "RogueEvent_10003024_text",
    "Title": "RogueEvent_10003024_titile",
    "Condition": 0,
    "EventType": 0,
    "Args": [
      0
    ],
    "FlowListName": "剧情_1_2_肉鸽_事件房_rogouC",
    "FlowId": 3,
    "StateId": 4,
    "IsCopyCamera": true
  },
  {
    "Id": 10003025,
    "TextId": "RogueEvent_10003025_text",
    "Title": "RogueEvent_10003025_titile",
    "Condition": 0,
    "EventType": 0,
    "Args": [
      0
    ],
    "FlowListName": "剧情_1_2_肉鸽_事件房_rogouC",
    "FlowId": 3,
    "StateId": 5,
    "IsCopyCamera": true
  },
  {
    "Id": 10003026,
    "TextId": "RogueEvent_10003026_text",
    "Title": "RogueEvent_10003026_titile",
    "Condition": 0,
    "EventType": 0,
    "Args": [
      0
    ],
    "FlowListName": "剧情_1_2_肉鸽_事件房_rogouC",
    "FlowId": 3,
    "StateId": 6,
    "IsCopyCamera": true
  },
  {
    "Id": 10003031,
    "TextId": "",
    "Title": "",
    "Condition": 0,
    "EventType": 0,
    "Args": [
      0
    ],
    "FlowListName": "剧情_1_2_肉鸽_事件房_rogouC",
    "FlowId": 4,
    "StateId": 1,
    "IsCopyCamera": true
  },
  {
    "Id": 10003032,
    "TextId": "RogueEvent_10003032_text",
    "Title": "RogueEvent_10003032_titile",
    "Condition": 0,
    "EventType": 0,
    "Args": [
      0
    ],
    "FlowListName": "剧情_1_2_肉鸽_事件房_rogouC",
    "FlowId": 4,
    "StateId": 2,
    "IsCopyCamera": true
  },
  {
    "Id": 10003033,
    "TextId": "RogueEvent_10003033_text",
    "Title": "RogueEvent_10003033_titile",
    "Condition": 0,
    "EventType": 0,
    "Args": [
      0
    ],
    "FlowListName": "剧情_1_2_肉鸽_事件房_rogouC",
    "FlowId": 4,
    "StateId": 3,
    "IsCopyCamera": true
  },
  {
    "Id": 10003041,
    "TextId": "",
    "Title": "",
    "Condition": 0,
    "EventType": 0,
    "Args": [
      0
    ],
    "FlowListName": "剧情_1_2_肉鸽_事件房_rogouC",
    "FlowId": 5,
    "StateId": 1,
    "IsCopyCamera": true
  },
  {
    "Id": 10003042,
    "TextId": "RogueEvent_10003042_text",
    "Title": "RogueEvent_10003042_titile",
    "Condition": 0,
    "EventType": 0,
    "Args": [
      0
    ],
    "FlowListName": "剧情_1_2_肉鸽_事件房_rogouC",
    "FlowId": 5,
    "StateId": 2,
    "IsCopyCamera": true
  },
  {
    "Id": 10003043,
    "TextId": "RogueEvent_10003043_text",
    "Title": "RogueEvent_10003043_titile",
    "Condition": 0,
    "EventType": 0,
    "Args": [
      0
    ],
    "FlowListName": "剧情_1_2_肉鸽_事件房_rogouC",
    "FlowId": 5,
    "StateId": 3,
    "IsCopyCamera": true
  },
  {
    "Id": 10003051,
    "TextId": "",
    "Title": "",
    "Condition": 0,
    "EventType": 0,
    "Args": [
      0
    ],
    "FlowListName": "剧情_1_2_肉鸽_事件房_rogouC",
    "FlowId": 6,
    "StateId": 1,
    "IsCopyCamera": true
  },
  {
    "Id": 10003052,
    "TextId": "RogueEvent_10003052_text",
    "Title": "RogueEvent_10003052_titile",
    "Condition": 0,
    "EventType": 0,
    "Args": [
      0
    ],
    "FlowListName": "剧情_1_2_肉鸽_事件房_rogouC",
    "FlowId": 6,
    "StateId": 2,
    "IsCopyCamera": true
  },
  {
    "Id": 10003053,
    "TextId": "RogueEvent_10003053_text",
    "Title": "RogueEvent_10003053_titile",
    "Condition": 0,
    "EventType": 0,
    "Args": [
      0
    ],
    "FlowListName": "剧情_1_2_肉鸽_事件房_rogouC",
    "FlowId": 6,
    "StateId": 3,
    "IsCopyCamera": true
  },
  {
    "Id": 10003054,
    "TextId": "RogueEvent_10003054_text",
    "Title": "RogueEvent_10003054_titile",
    "Condition": 0,
    "EventType": 0,
    "Args": [
      0
    ],
    "FlowListName": "剧情_1_2_肉鸽_事件房_rogouC",
    "FlowId": 6,
    "StateId": 4,
    "IsCopyCamera": true
  },
  {
    "Id": 10029043,
    "TextId": "",
    "Title": "",
    "Condition": 0,
    "EventType": 0,
    "Args": [
      0
    ],
    "FlowListName": "剧情_1_2_肉鸽_角色协奏_rogouC",
    "FlowId": 10,
    "StateId": 1,
    "IsCopyCamera": true
  },
  {
    "Id": 10029044,
    "TextId": "RogueEvent_10009041_text",
    "Title": "RogueEvent_10009041_titile",
    "Condition": 0,
    "EventType": 0,
    "Args": [
      0
    ],
    "FlowListName": "剧情_1_2_肉鸽_角色协奏_rogouC",
    "FlowId": 10,
    "StateId": 2,
    "IsCopyCamera": true
  }
]