[
  {
    "Id": 1001,
    "RoleId": 1601,
    "Quality": 1,
    "RoleIcon": "/Game/Aki/UI/UIResources/Common/Image/IconRup80/T_IconRup80_Part_1601_UI.T_IconRup80_Part_1601_UI",
    "RoleName": "RoleInfo_1601_Name",
    "RoleBigIcon": ""
  },
  {
    "Id": 1002,
    "RoleId": 1601,
    "Quality": 2,
    "RoleIcon": "/Game/Aki/UI/UIResources/Common/Image/IconRup80/T_IconRup80_Part_1601_UI.T_IconRup80_Part_1601_UI",
    "RoleName": "RoleInfo_1601_Name",
    "RoleBigIcon": ""
  },
  {
    "Id": 1003,
    "RoleId": 1601,
    "Quality": 3,
    "RoleIcon": "/Game/Aki/UI/UIResources/Common/Image/IconRup80/T_IconRup80_Part_1601_UI.T_IconRup80_Part_1601_UI",
    "RoleName": "RoleInfo_1601_Name",
    "RoleBigIcon": ""
  },
  {
    "Id": 1004,
    "RoleId": 1601,
    "Quality": 4,
    "RoleIcon": "/Game/Aki/UI/UIResources/Common/Image/IconRup80/T_IconRup80_Part_1601_UI.T_IconRup80_Part_1601_UI",
    "RoleName": "RoleInfo_1601_Name",
    "RoleBigIcon": ""
  },
  {
    "Id": 2001,
    "RoleId": 1402,
    "Quality": 1,
    "RoleIcon": "/Game/Aki/UI/UIResources/Common/Image/IconRup80/T_IconRup80_Part_1601_UI.T_IconRup80_Part_1601_UI",
    "RoleName": "RoleInfo_1402_Name",
    "RoleBigIcon": ""
  },
  {
    "Id": 2002,
    "RoleId": 1402,
    "Quality": 2,
    "RoleIcon": "/Game/Aki/UI/UIResources/Common/Image/IconRup80/T_IconRup80_Part_1601_UI.T_IconRup80_Part_1601_UI",
    "RoleName": "RoleInfo_1402_Name",
    "RoleBigIcon": ""
  },
  {
    "Id": 2003,
    "RoleId": 1402,
    "Quality": 3,
    "RoleIcon": "/Game/Aki/UI/UIResources/Common/Image/IconRup80/T_IconRup80_Part_1601_UI.T_IconRup80_Part_1601_UI",
    "RoleName": "RoleInfo_1402_Name",
    "RoleBigIcon": ""
  },
  {
    "Id": 2004,
    "RoleId": 1402,
    "Quality": 4,
    "RoleIcon": "/Game/Aki/UI/UIResources/Common/Image/IconRup80/T_IconRup80_Part_1601_UI.T_IconRup80_Part_1601_UI",
    "RoleName": "RoleInfo_1402_Name",
    "RoleBigIcon": ""
  },
  {
    "Id": 3001,
    "RoleId": 1202,
    "Quality": 1,
    "RoleIcon": "/Game/Aki/UI/UIResources/Common/Image/IconRup80/T_IconRup80_Part_1601_UI.T_IconRup80_Part_1601_UI",
    "RoleName": "RoleInfo_1202_Name",
    "RoleBigIcon": ""
  },
  {
    "Id": 3002,
    "RoleId": 1202,
    "Quality": 2,
    "RoleIcon": "/Game/Aki/UI/UIResources/Common/Image/IconRup80/T_IconRup80_Part_1601_UI.T_IconRup80_Part_1601_UI",
    "RoleName": "RoleInfo_1202_Name",
    "RoleBigIcon": ""
  },
  {
    "Id": 3003,
    "RoleId": 1202,
    "Quality": 3,
    "RoleIcon": "/Game/Aki/UI/UIResources/Common/Image/IconRup80/T_IconRup80_Part_1601_UI.T_IconRup80_Part_1601_UI",
    "RoleName": "RoleInfo_1202_Name",
    "RoleBigIcon": ""
  },
  {
    "Id": 3004,
    "RoleId": 1202,
    "Quality": 4,
    "RoleIcon": "/Game/Aki/UI/UIResources/Common/Image/IconRup80/T_IconRup80_Part_1601_UI.T_IconRup80_Part_1601_UI",
    "RoleName": "RoleInfo_1202_Name",
    "RoleBigIcon": ""
  },
  {
    "Id": 4001,
    "RoleId": 1501,
    "Quality": 1,
    "RoleIcon": "/Game/Aki/UI/UIResources/Common/Image/IconRup80/T_IconRup80_Part_1601_UI.T_IconRup80_Part_1601_UI",
    "RoleName": "RoleInfo_1501_Name",
    "RoleBigIcon": ""
  },
  {
    "Id": 4002,
    "RoleId": 1501,
    "Quality": 2,
    "RoleIcon": "/Game/Aki/UI/UIResources/Common/Image/IconRup80/T_IconRup80_Part_1601_UI.T_IconRup80_Part_1601_UI",
    "RoleName": "RoleInfo_1501_Name",
    "RoleBigIcon": ""
  },
  {
    "Id": 4003,
    "RoleId": 1501,
    "Quality": 3,
    "RoleIcon": "/Game/Aki/UI/UIResources/Common/Image/IconRup80/T_IconRup80_Part_1601_UI.T_IconRup80_Part_1601_UI",
    "RoleName": "RoleInfo_1501_Name",
    "RoleBigIcon": ""
  },
  {
    "Id": 4004,
    "RoleId": 1501,
    "Quality": 4,
    "RoleIcon": "/Game/Aki/UI/UIResources/Common/Image/IconRup80/T_IconRup80_Part_1601_UI.T_IconRup80_Part_1601_UI",
    "RoleName": "RoleInfo_1501_Name",
    "RoleBigIcon": ""
  },
  {
    "Id": 5001,
    "RoleId": 1502,
    "Quality": 1,
    "RoleIcon": "/Game/Aki/UI/UIResources/Common/Image/IconRup80/T_IconRup80_Part_1601_UI.T_IconRup80_Part_1601_UI",
    "RoleName": "RoleInfo_1502_Name",
    "RoleBigIcon": ""
  },
  {
    "Id": 5002,
    "RoleId": 1502,
    "Quality": 2,
    "RoleIcon": "/Game/Aki/UI/UIResources/Common/Image/IconRup80/T_IconRup80_Part_1601_UI.T_IconRup80_Part_1601_UI",
    "RoleName": "RoleInfo_1502_Name",
    "RoleBigIcon": ""
  },
  {
    "Id": 5003,
    "RoleId": 1502,
    "Quality": 3,
    "RoleIcon": "/Game/Aki/UI/UIResources/Common/Image/IconRup80/T_IconRup80_Part_1601_UI.T_IconRup80_Part_1601_UI",
    "RoleName": "RoleInfo_1502_Name",
    "RoleBigIcon": ""
  },
  {
    "Id": 5004,
    "RoleId": 1502,
    "Quality": 4,
    "RoleIcon": "/Game/Aki/UI/UIResources/Common/Image/IconRup80/T_IconRup80_Part_1601_UI.T_IconRup80_Part_1601_UI",
    "RoleName": "RoleInfo_1502_Name",
    "RoleBigIcon": ""
  },
  {
    "Id": 6001,
    "RoleId": 1103,
    "Quality": 1,
    "RoleIcon": "/Game/Aki/UI/UIResources/Common/Image/IconRup80/T_IconRup80_Part_1601_UI.T_IconRup80_Part_1601_UI",
    "RoleName": "RoleInfo_1103_Name",
    "RoleBigIcon": ""
  },
  {
    "Id": 6002,
    "RoleId": 1103,
    "Quality": 2,
    "RoleIcon": "/Game/Aki/UI/UIResources/Common/Image/IconRup80/T_IconRup80_Part_1601_UI.T_IconRup80_Part_1601_UI",
    "RoleName": "RoleInfo_1103_Name",
    "RoleBigIcon": ""
  },
  {
    "Id": 6003,
    "RoleId": 1103,
    "Quality": 3,
    "RoleIcon": "/Game/Aki/UI/UIResources/Common/Image/IconRup80/T_IconRup80_Part_1601_UI.T_IconRup80_Part_1601_UI",
    "RoleName": "RoleInfo_1103_Name",
    "RoleBigIcon": ""
  },
  {
    "Id": 6004,
    "RoleId": 1103,
    "Quality": 4,
    "RoleIcon": "/Game/Aki/UI/UIResources/Common/Image/IconRup80/T_IconRup80_Part_1601_UI.T_IconRup80_Part_1601_UI",
    "RoleName": "RoleInfo_1103_Name",
    "RoleBigIcon": ""
  },
  {
    "Id": 7001,
    "RoleId": 1404,
    "Quality": 1,
    "RoleIcon": "",
    "RoleName": "RoleInfo_1404_Name",
    "RoleBigIcon": ""
  },
  {
    "Id": 7002,
    "RoleId": 1404,
    "Quality": 2,
    "RoleIcon": "",
    "RoleName": "RoleInfo_1404_Name",
    "RoleBigIcon": ""
  },
  {
    "Id": 7003,
    "RoleId": 1404,
    "Quality": 3,
    "RoleIcon": "",
    "RoleName": "RoleInfo_1404_Name",
    "RoleBigIcon": ""
  },
  {
    "Id": 7004,
    "RoleId": 1404,
    "Quality": 4,
    "RoleIcon": "",
    "RoleName": "RoleInfo_1404_Name",
    "RoleBigIcon": ""
  },
  {
    "Id": 8001,
    "RoleId": 1302,
    "Quality": 1,
    "RoleIcon": "/Game/Aki/UI/UIResources/Common/Image/IconRup80/T_IconRup80_Part_1601_UI.T_IconRup80_Part_1601_UI",
    "RoleName": "RoleInfo_1601_Name",
    "RoleBigIcon": ""
  },
  {
    "Id": 8002,
    "RoleId": 1302,
    "Quality": 2,
    "RoleIcon": "/Game/Aki/UI/UIResources/Common/Image/IconRup80/T_IconRup80_Part_1601_UI.T_IconRup80_Part_1601_UI",
    "RoleName": "RoleInfo_1601_Name",
    "RoleBigIcon": ""
  },
  {
    "Id": 8003,
    "RoleId": 1302,
    "Quality": 3,
    "RoleIcon": "/Game/Aki/UI/UIResources/Common/Image/IconRup80/T_IconRup80_Part_1601_UI.T_IconRup80_Part_1601_UI",
    "RoleName": "RoleInfo_1601_Name",
    "RoleBigIcon": ""
  },
  {
    "Id": 8004,
    "RoleId": 1302,
    "Quality": 4,
    "RoleIcon": "/Game/Aki/UI/UIResources/Common/Image/IconRup80/T_IconRup80_Part_1601_UI.T_IconRup80_Part_1601_UI",
    "RoleName": "RoleInfo_1601_Name",
    "RoleBigIcon": ""
  },
  {
    "Id": 100020,
    "RoleId": 1405,
    "Quality": 4,
    "RoleIcon": "/Game/Aki/UI/UIResources/Common/Image/IconRup80/T_IconRup80_Part_1601_UI.T_IconRup80_Part_1601_UI",
    "RoleName": "RoleInfo_1405_Name",
    "RoleBigIcon": ""
  },
  {
    "Id": 100022,
    "RoleId": 1102,
    "Quality": 4,
    "RoleIcon": "/Game/Aki/UI/UIResources/Common/Image/IconRup80/T_IconRup80_Part_1601_UI.T_IconRup80_Part_1601_UI",
    "RoleName": "RoleInfo_1102_Name",
    "RoleBigIcon": ""
  },
  {
    "Id": 100021,
    "RoleId": 1304,
    "Quality": 4,
    "RoleIcon": "/Game/Aki/UI/UIResources/Common/Image/IconRup80/T_IconRup80_Part_1601_UI.T_IconRup80_Part_1601_UI",
    "RoleName": "RoleInfo_1304_Name",
    "RoleBigIcon": ""
  },
  {
    "Id": 100023,
    "RoleId": 1205,
    "Quality": 4,
    "RoleIcon": "/Game/Aki/UI/UIResources/Common/Image/IconRup80/T_IconRup80_Part_1601_UI.T_IconRup80_Part_1601_UI",
    "RoleName": "RoleInfo_1205_Name",
    "RoleBigIcon": ""
  },
  {
    "Id": 100024,
    "RoleId": 1303,
    "Quality": 4,
    "RoleIcon": "/Game/Aki/UI/UIResources/Common/Image/IconRup80/T_IconRup80_Part_1601_UI.T_IconRup80_Part_1601_UI",
    "RoleName": "RoleInfo_1303_Name",
    "RoleBigIcon": ""
  },
  {
    "Id": 100025,
    "RoleId": 1602,
    "Quality": 4,
    "RoleIcon": "/Game/Aki/UI/UIResources/Common/Image/IconRup80/T_IconRup80_Part_1601_UI.T_IconRup80_Part_1601_UI",
    "RoleName": "RoleInfo_1602_Name",
    "RoleBigIcon": ""
  },
  {
    "Id": 100026,
    "RoleId": 1305,
    "Quality": 4,
    "RoleIcon": "/Game/Aki/UI/UIResources/Common/Image/IconRup80/T_IconRup80_Part_1601_UI.T_IconRup80_Part_1601_UI",
    "RoleName": "RoleInfo_1305_Name",
    "RoleBigIcon": ""
  },
  {
    "Id": 100027,
    "RoleId": 1105,
    "Quality": 4,
    "RoleIcon": "/Game/Aki/UI/UIResources/Common/Image/IconRup80/T_IconRup80_Part_1601_UI.T_IconRup80_Part_1601_UI",
    "RoleName": "RoleInfo_1105_Name",
    "RoleBigIcon": ""
  }
]