[
  {
    "BehaviorTree": 313700039,
    "Icon": "/Game/Aki/UI/UIResources/Common/Image/IconRup/T_IconRup_Part_1103_UI.T_IconRup_Part_1103_UI",
    "Name": "Rogue_Teammate_005_Name",
    "Desc": "Rogue_Teammate_005_Desc",
    "BuffPoolId": 0,
    "BuffId": 8009
  },
  {
    "BehaviorTree": 313700049,
    "Icon": "/Game/Aki/UI/UIResources/Common/Image/IconRup/T_IconRup_Part_1405_UI.T_IconRup_Part_1405_UI",
    "Name": "Rogue_Teammate_009_Name",
    "Desc": "Rogue_Teammate_009_Desc",
    "BuffPoolId": 0,
    "BuffId": 8008
  },
  {
    "BehaviorTree": 313700040,
    "Icon": "/Game/Aki/UI/UIResources/Common/Image/IconRup/T_IconRup_Part_1503_UI.T_IconRup_Part_1503_UI",
    "Name": "Rogue_Teammate_001_Name",
    "Desc": "Rogue_Teammate_001_Desc",
    "BuffPoolId": 0,
    "BuffId": 8004
  },
  {
    "BehaviorTree": 313700050,
    "Icon": "/Game/Aki/UI/UIResources/Common/Image/IconRup/T_IconRup_Part_1204_UI.T_IconRup_Part_1204_UI",
    "Name": "Rogue_Teammate_002_Name",
    "Desc": "Rogue_Teammate_002_Desc",
    "BuffPoolId": 0,
    "BuffId": 8001
  },
  {
    "BehaviorTree": 313700033,
    "Icon": "/Game/Aki/UI/UIResources/Common/Image/IconRup/T_IconRup_Part_1102_UI.T_IconRup_Part_1102_UI",
    "Name": "Rogue_Teammate_003_Name",
    "Desc": "Rogue_Teammate_003_Desc",
    "BuffPoolId": 0,
    "BuffId": 8002
  },
  {
    "BehaviorTree": 313700034,
    "Icon": "/Game/Aki/UI/UIResources/Common/Image/IconRup/T_IconRup_Part_1302_UI.T_IconRup_Part_1302_UI",
    "Name": "Rogue_Teammate_007_Name",
    "Desc": "Rogue_Teammate_007_Desc",
    "BuffPoolId": 0,
    "BuffId": 8007
  },
  {
    "BehaviorTree": 313700035,
    "Icon": "/Game/Aki/UI/UIResources/Common/Image/IconRup/T_IconRup_Part_1403_UI.T_IconRup_Part_1403_UI",
    "Name": "Rogue_Teammate_008_Name",
    "Desc": "Rogue_Teammate_008_Desc",
    "BuffPoolId": 0,
    "BuffId": 8005
  },
  {
    "BehaviorTree": 313700036,
    "Icon": "/Game/Aki/UI/UIResources/Common/Image/IconRup/T_IconRup_Part_1103_UI.T_IconRup_Part_1103_UI",
    "Name": "Rogue_Teammate_005_Name",
    "Desc": "Rogue_Teammate_005_Desc",
    "BuffPoolId": 0,
    "BuffId": 8009
  },
  {
    "BehaviorTree": 313700037,
    "Icon": "/Game/Aki/UI/UIResources/Common/Image/IconRup/T_IconRup_Part_1503_UI.T_IconRup_Part_1503_UI",
    "Name": "Rogue_Teammate_001_Name",
    "Desc": "Rogue_Teammate_001_Desc",
    "BuffPoolId": 0,
    "BuffId": 8004
  },
  {
    "BehaviorTree": 313700038,
    "Icon": "/Game/Aki/UI/UIResources/Common/Image/IconRup/T_IconRup_Part_1602_UI.T_IconRup_Part_1602_UI",
    "Name": "Rogue_Teammate_006_Name",
    "Desc": "Rogue_Teammate_006_Desc",
    "BuffPoolId": 0,
    "BuffId": 8006
  },
  {
    "BehaviorTree": 313700046,
    "Icon": "/Game/Aki/UI/UIResources/Common/Image/IconRup/T_IconRup_Part_1405_UI.T_IconRup_Part_1405_UI",
    "Name": "Rogue_Teammate_009_Name",
    "Desc": "Rogue_Teammate_009_Desc",
    "BuffPoolId": 0,
    "BuffId": 8008
  },
  {
    "BehaviorTree": 313700047,
    "Icon": "/Game/Aki/UI/UIResources/Common/Image/IconRup/T_IconRup_Part_1303_UI.T_IconRup_Part_1303_UI",
    "Name": "Rogue_Teammate_004_Name",
    "Desc": "Rogue_Teammate_004_Desc",
    "BuffPoolId": 0,
    "BuffId": 8003
  },
  {
    "BehaviorTree": 313700048,
    "Icon": "/Game/Aki/UI/UIResources/Common/Image/IconRup/T_IconRup_Part_1204_UI.T_IconRup_Part_1204_UI",
    "Name": "Rogue_Teammate_002_Name",
    "Desc": "Rogue_Teammate_002_Desc",
    "BuffPoolId": 0,
    "BuffId": 8001
  },
  {
    "BehaviorTree": 313700062,
    "Icon": "/Game/Aki/UI/UIResources/Common/Image/IconRup/T_IconRup_Part_1503_UI.T_IconRup_Part_1503_UI",
    "Name": "Rogue_Teammate_001_Name",
    "Desc": "Rogue_Teammate_001_Desc",
    "BuffPoolId": 0,
    "BuffId": 8004
  }
]