[
  {
    "Id": 1,
    "RoomTipsType": 0,
    "RoomsMusicState": "stage1_safe"
  },
  {
    "Id": 2,
    "RoomTipsType": 0,
    "RoomsMusicState": "stage1_dangerous"
  },
  {
    "Id": 3,
    "RoomTipsType": 0,
    "RoomsMusicState": "stage1_dangerous"
  },
  {
    "Id": 6,
    "RoomTipsType": 0,
    "RoomsMusicState": "stage1_rest"
  },
  {
    "Id": 7,
    "RoomTipsType": 1,
    "RoomsMusicState": "stage1_safe"
  },
  {
    "Id": 9,
    "RoomTipsType": 2,
    "RoomsMusicState": "stage1_endboss"
  },
  {
    "Id": 10,
    "RoomTipsType": 2,
    "RoomsMusicState": "stage1_endboss"
  },
  {
    "Id": 11,
    "RoomTipsType": 2,
    "RoomsMusicState": "stage1_endboss"
  },
  {
    "Id": 12,
    "RoomTipsType": 0,
    "RoomsMusicState": "buttom"
  },
  {
    "Id": 15,
    "RoomTipsType": 0,
    "RoomsMusicState": "stage1_shop"
  },
  {
    "Id": 16,
    "RoomTipsType": 0,
    "RoomsMusicState": "stage1_dangerous"
  },
  {
    "Id": 17,
    "RoomTipsType": 0,
    "RoomsMusicState": "stage1_safe"
  },
  {
    "Id": 19,
    "RoomTipsType": 0,
    "RoomsMusicState": "stage1_challenge"
  },
  {
    "Id": 20,
    "RoomTipsType": 2,
    "RoomsMusicState": "stage1_endboss"
  },
  {
    "Id": 21,
    "RoomTipsType": 0,
    "RoomsMusicState": "stage1_safe"
  },
  {
    "Id": 22,
    "RoomTipsType": 0,
    "RoomsMusicState": "stage1_safe"
  },
  {
    "Id": 23,
    "RoomTipsType": 0,
    "RoomsMusicState": "stage1_safe"
  },
  {
    "Id": 101,
    "RoomTipsType": 0,
    "RoomsMusicState": "stage1_safe"
  },
  {
    "Id": 102,
    "RoomTipsType": 0,
    "RoomsMusicState": "stage1_dangerous"
  },
  {
    "Id": 103,
    "RoomTipsType": 0,
    "RoomsMusicState": "stage1_dangerous"
  },
  {
    "Id": 104,
    "RoomTipsType": 0,
    "RoomsMusicState": "stage1_dangerous"
  },
  {
    "Id": 105,
    "RoomTipsType": 0,
    "RoomsMusicState": "stage1_safe"
  },
  {
    "Id": 106,
    "RoomTipsType": 2,
    "RoomsMusicState": "stage1_endboss"
  },
  {
    "Id": 24,
    "RoomTipsType": 0,
    "RoomsMusicState": "stage1_safe"
  },
  {
    "Id": 25,
    "RoomTipsType": 0,
    "RoomsMusicState": "stage1_dangerous"
  },
  {
    "Id": 26,
    "RoomTipsType": 0,
    "RoomsMusicState": "stage1_safe"
  },
  {
    "Id": 27,
    "RoomTipsType": 0,
    "RoomsMusicState": "stage1_safe"
  },
  {
    "Id": 28,
    "RoomTipsType": 2,
    "RoomsMusicState": "stage1_endboss"
  },
  {
    "Id": 29,
    "RoomTipsType": 2,
    "RoomsMusicState": "stage1_endboss"
  },
  {
    "Id": 30,
    "RoomTipsType": 0,
    "RoomsMusicState": "stage1_safe"
  },
  {
    "Id": 31,
    "RoomTipsType": 0,
    "RoomsMusicState": "stage1_dangerous"
  },
  {
    "Id": 32,
    "RoomTipsType": 0,
    "RoomsMusicState": "stage1_dangerous"
  },
  {
    "Id": 33,
    "RoomTipsType": 2,
    "RoomsMusicState": "stage1_dangerous"
  },
  {
    "Id": 34,
    "RoomTipsType": 0,
    "RoomsMusicState": "stage1_endboss"
  },
  {
    "Id": 35,
    "RoomTipsType": 0,
    "RoomsMusicState": "stage1_safe"
  },
  {
    "Id": 36,
    "RoomTipsType": 0,
    "RoomsMusicState": "stage1_endboss"
  },
  {
    "Id": 37,
    "RoomTipsType": 0,
    "RoomsMusicState": "stage1_endboss"
  },
  {
    "Id": 38,
    "RoomTipsType": 2,
    "RoomsMusicState": "stage1_endboss"
  },
  {
    "Id": 39,
    "RoomTipsType": 0,
    "RoomsMusicState": "stage1_endboss"
  },
  {
    "Id": 200,
    "RoomTipsType": 0,
    "RoomsMusicState": "stage1_safe"
  },
  {
    "Id": 201,
    "RoomTipsType": 0,
    "RoomsMusicState": "stage2_safe"
  },
  {
    "Id": 202,
    "RoomTipsType": 0,
    "RoomsMusicState": "stage2_dangerous"
  },
  {
    "Id": 203,
    "RoomTipsType": 0,
    "RoomsMusicState": "stage2_dangerous"
  },
  {
    "Id": 204,
    "RoomTipsType": 0,
    "RoomsMusicState": "stage2_dangerous"
  },
  {
    "Id": 205,
    "RoomTipsType": 0,
    "RoomsMusicState": "stage2_dangerous"
  },
  {
    "Id": 206,
    "RoomTipsType": 2,
    "RoomsMusicState": "stage2_endboss"
  },
  {
    "Id": 46,
    "RoomTipsType": 2,
    "RoomsMusicState": "stage1_endboss"
  },
  {
    "Id": 207,
    "RoomTipsType": 2,
    "RoomsMusicState": "stage2_endboss"
  },
  {
    "Id": 208,
    "RoomTipsType": 2,
    "RoomsMusicState": "stage2_endboss"
  },
  {
    "Id": 209,
    "RoomTipsType": 2,
    "RoomsMusicState": "stage2_dangerous"
  },
  {
    "Id": 210,
    "RoomTipsType": 0,
    "RoomsMusicState": "stage2_dangerous"
  },
  {
    "Id": 211,
    "RoomTipsType": 0,
    "RoomsMusicState": "stage2_endboss"
  },
  {
    "Id": 212,
    "RoomTipsType": 0,
    "RoomsMusicState": "stage2_endboss"
  },
  {
    "Id": 213,
    "RoomTipsType": 2,
    "RoomsMusicState": "stage1_dangerous"
  },
  {
    "Id": 214,
    "RoomTipsType": 0,
    "RoomsMusicState": "stage2_dangerous"
  },
  {
    "Id": 215,
    "RoomTipsType": 0,
    "RoomsMusicState": "stage2_dangerous"
  },
  {
    "Id": 216,
    "RoomTipsType": 0,
    "RoomsMusicState": "stage1_dangerous"
  },
  {
    "Id": 217,
    "RoomTipsType": 1,
    "RoomsMusicState": "stage2_safe"
  },
  {
    "Id": 218,
    "RoomTipsType": 0,
    "RoomsMusicState": "stage2_safe"
  },
  {
    "Id": 219,
    "RoomTipsType": 1,
    "RoomsMusicState": "stage2_safe"
  },
  {
    "Id": 220,
    "RoomTipsType": 0,
    "RoomsMusicState": "stage1_safe"
  },
  {
    "Id": 221,
    "RoomTipsType": 0,
    "RoomsMusicState": "stage2_dangerous"
  },
  {
    "Id": 13,
    "RoomTipsType": 0,
    "RoomsMusicState": "stage1_dangerous"
  },
  {
    "Id": 18,
    "RoomTipsType": 0,
    "RoomsMusicState": "stage1_dangerous"
  },
  {
    "Id": 4,
    "RoomTipsType": 0,
    "RoomsMusicState": "stage1_dangerous"
  },
  {
    "Id": 5,
    "RoomTipsType": 0,
    "RoomsMusicState": "stage1_dangerous"
  },
  {
    "Id": 14,
    "RoomTipsType": 0,
    "RoomsMusicState": "stage1_dangerous"
  },
  {
    "Id": 8,
    "RoomTipsType": 0,
    "RoomsMusicState": "stage1_dangerous"
  },
  {
    "Id": 47,
    "RoomTipsType": 2,
    "RoomsMusicState": "stage1_boss2"
  },
  {
    "Id": 48,
    "RoomTipsType": 2,
    "RoomsMusicState": "stage1_boss2"
  },
  {
    "Id": 222,
    "RoomTipsType": 0,
    "RoomsMusicState": "stage2_dangerous"
  },
  {
    "Id": 223,
    "RoomTipsType": 0,
    "RoomsMusicState": "stage2_dangerous"
  },
  {
    "Id": 224,
    "RoomTipsType": 0,
    "RoomsMusicState": "stage2_safe"
  },
  {
    "Id": 225,
    "RoomTipsType": 1,
    "RoomsMusicState": "stage2_safe"
  },
  {
    "Id": 226,
    "RoomTipsType": 0,
    "RoomsMusicState": "stage2_dangerous"
  },
  {
    "Id": 227,
    "RoomTipsType": 0,
    "RoomsMusicState": "stage2_safe"
  },
  {
    "Id": 110,
    "RoomTipsType": 0,
    "RoomsMusicState": "stage2_dangerous"
  },
  {
    "Id": 111,
    "RoomTipsType": 0,
    "RoomsMusicState": "stage1_dangerous"
  },
  {
    "Id": 112,
    "RoomTipsType": 0,
    "RoomsMusicState": "stage2_dangerous"
  },
  {
    "Id": 113,
    "RoomTipsType": 0,
    "RoomsMusicState": "stage1_dangerous"
  },
  {
    "Id": 114,
    "RoomTipsType": 0,
    "RoomsMusicState": "stage2_dangerous"
  },
  {
    "Id": 115,
    "RoomTipsType": 0,
    "RoomsMusicState": "stage2_dangerous"
  },
  {
    "Id": 116,
    "RoomTipsType": 1,
    "RoomsMusicState": "stage2_safe"
  },
  {
    "Id": 117,
    "RoomTipsType": 1,
    "RoomsMusicState": "stage2_safe"
  }
]