[
  {
    "Id": 1,
    "AffixId": 1011
  },
  {
    "Id": 2,
    "AffixId": 1012
  },
  {
    "Id": 3,
    "AffixId": 1013
  },
  {
    "Id": 4,
    "AffixId": 1014
  },
  {
    "Id": 5,
    "AffixId": 2011
  },
  {
    "Id": 6,
    "AffixId": 2012
  },
  {
    "Id": 7,
    "AffixId": 2013
  },
  {
    "Id": 8,
    "AffixId": 2014
  },
  {
    "Id": 9,
    "AffixId": 3011
  },
  {
    "Id": 10,
    "AffixId": 3012
  },
  {
    "Id": 11,
    "AffixId": 3013
  },
  {
    "Id": 12,
    "AffixId": 3014
  },
  {
    "Id": 13,
    "AffixId": 4001
  },
  {
    "Id": 14,
    "AffixId": 4002
  },
  {
    "Id": 15,
    "AffixId": 4003
  },
  {
    "Id": 16,
    "AffixId": 4004
  },
  {
    "Id": 17,
    "AffixId": 5001
  },
  {
    "Id": 18,
    "AffixId": 5002
  },
  {
    "Id": 19,
    "AffixId": 5003
  },
  {
    "Id": 20,
    "AffixId": 5004
  }
]