[
  {
    "Id": 1,
    "ActivityId": 100600001,
    "SeasonName": "8002",
    "PointItem": 80100002,
    "InstanceDungeonEntrance": 8002,
    "TabIcon": "",
    "FirstPassRewardMap": {
      "size": 5
    },
    "ShopId": 201,
    "Achievement": 7,
    "ParamId": 2,
    "RogueThemeType": "0"
  },
  {
    "Id": 2,
    "ActivityId": 100600002,
    "SeasonName": "8002",
    "PointItem": 80100002,
    "InstanceDungeonEntrance": 8002,
    "TabIcon": "",
    "FirstPassRewardMap": {
      "size": 5
    },
    "ShopId": 204,
    "Achievement": 8,
    "ParamId": 2,
    "RogueThemeType": "ZhongQu"
  },
  {
    "Id": 3,
    "ActivityId": 100600003,
    "SeasonName": "8002",
    "PointItem": 80100002,
    "InstanceDungeonEntrance": 8002,
    "TabIcon": "",
    "FirstPassRewardMap": {
      "size": 5
    },
    "ShopId": 206,
    "Achievement": 9,
    "ParamId": 3,
    "RogueThemeType": "ZhongQu"
  }
]