[
  {
    "Id": 1,
    "SeasonId": 1,
    "Token": 1001,
    "DropId": 50001
  },
  {
    "Id": 3,
    "SeasonId": 1,
    "Token": 1003,
    "DropId": 50001
  },
  {
    "Id": 4,
    "SeasonId": 1,
    "Token": 1004,
    "DropId": 50001
  },
  {
    "Id": 5,
    "SeasonId": 1,
    "Token": 1005,
    "DropId": 50001
  },
  {
    "Id": 6,
    "SeasonId": 1,
    "Token": 1006,
    "DropId": 50001
  },
  {
    "Id": 7,
    "SeasonId": 1,
    "Token": 1007,
    "DropId": 50001
  },
  {
    "Id": 8,
    "SeasonId": 1,
    "Token": 1008,
    "DropId": 50001
  },
  {
    "Id": 9,
    "SeasonId": 1,
    "Token": 1009,
    "DropId": 50001
  },
  {
    "Id": 10,
    "SeasonId": 1,
    "Token": 1010,
    "DropId": 50001
  },
  {
    "Id": 11,
    "SeasonId": 1,
    "Token": 1011,
    "DropId": 50001
  },
  {
    "Id": 12,
    "SeasonId": 1,
    "Token": 1012,
    "DropId": 50001
  },
  {
    "Id": 14,
    "SeasonId": 1,
    "Token": 1014,
    "DropId": 50001
  },
  {
    "Id": 15,
    "SeasonId": 1,
    "Token": 1015,
    "DropId": 50001
  },
  {
    "Id": 16,
    "SeasonId": 1,
    "Token": 1016,
    "DropId": 50001
  },
  {
    "Id": 17,
    "SeasonId": 1,
    "Token": 1017,
    "DropId": 50001
  },
  {
    "Id": 18,
    "SeasonId": 1,
    "Token": 1018,
    "DropId": 50001
  },
  {
    "Id": 19,
    "SeasonId": 1,
    "Token": 1019,
    "DropId": 50001
  },
  {
    "Id": 20,
    "SeasonId": 1,
    "Token": 1020,
    "DropId": 50001
  },
  {
    "Id": 22,
    "SeasonId": 1,
    "Token": 2002,
    "DropId": 50001
  },
  {
    "Id": 23,
    "SeasonId": 1,
    "Token": 2003,
    "DropId": 50001
  },
  {
    "Id": 24,
    "SeasonId": 1,
    "Token": 2004,
    "DropId": 50001
  },
  {
    "Id": 25,
    "SeasonId": 1,
    "Token": 2005,
    "DropId": 50001
  },
  {
    "Id": 26,
    "SeasonId": 1,
    "Token": 2006,
    "DropId": 50001
  },
  {
    "Id": 27,
    "SeasonId": 1,
    "Token": 2007,
    "DropId": 50001
  },
  {
    "Id": 28,
    "SeasonId": 1,
    "Token": 2008,
    "DropId": 50001
  },
  {
    "Id": 29,
    "SeasonId": 1,
    "Token": 2009,
    "DropId": 50001
  },
  {
    "Id": 30,
    "SeasonId": 1,
    "Token": 2010,
    "DropId": 50001
  },
  {
    "Id": 31,
    "SeasonId": 1,
    "Token": 2011,
    "DropId": 50001
  },
  {
    "Id": 32,
    "SeasonId": 1,
    "Token": 2012,
    "DropId": 50001
  },
  {
    "Id": 33,
    "SeasonId": 1,
    "Token": 2013,
    "DropId": 50001
  },
  {
    "Id": 34,
    "SeasonId": 1,
    "Token": 2014,
    "DropId": 50001
  },
  {
    "Id": 35,
    "SeasonId": 1,
    "Token": 2015,
    "DropId": 50001
  },
  {
    "Id": 36,
    "SeasonId": 1,
    "Token": 2016,
    "DropId": 50001
  },
  {
    "Id": 37,
    "SeasonId": 1,
    "Token": 2017,
    "DropId": 50001
  },
  {
    "Id": 38,
    "SeasonId": 1,
    "Token": 2018,
    "DropId": 50001
  },
  {
    "Id": 39,
    "SeasonId": 1,
    "Token": 2019,
    "DropId": 50001
  },
  {
    "Id": 40,
    "SeasonId": 1,
    "Token": 2020,
    "DropId": 50001
  },
  {
    "Id": 41,
    "SeasonId": 1,
    "Token": 2021,
    "DropId": 50001
  },
  {
    "Id": 42,
    "SeasonId": 1,
    "Token": 3001,
    "DropId": 50001
  },
  {
    "Id": 43,
    "SeasonId": 1,
    "Token": 3002,
    "DropId": 50001
  },
  {
    "Id": 44,
    "SeasonId": 1,
    "Token": 3003,
    "DropId": 50001
  },
  {
    "Id": 45,
    "SeasonId": 1,
    "Token": 3004,
    "DropId": 50001
  },
  {
    "Id": 46,
    "SeasonId": 1,
    "Token": 3005,
    "DropId": 50001
  },
  {
    "Id": 47,
    "SeasonId": 1,
    "Token": 3006,
    "DropId": 50001
  },
  {
    "Id": 48,
    "SeasonId": 1,
    "Token": 3007,
    "DropId": 50001
  },
  {
    "Id": 49,
    "SeasonId": 1,
    "Token": 3008,
    "DropId": 50001
  },
  {
    "Id": 50,
    "SeasonId": 1,
    "Token": 3009,
    "DropId": 50001
  },
  {
    "Id": 51,
    "SeasonId": 1,
    "Token": 3010,
    "DropId": 50001
  },
  {
    "Id": 52,
    "SeasonId": 1,
    "Token": 3011,
    "DropId": 50001
  },
  {
    "Id": 55,
    "SeasonId": 1,
    "Token": 3014,
    "DropId": 50001
  },
  {
    "Id": 56,
    "SeasonId": 1,
    "Token": 3015,
    "DropId": 50001
  },
  {
    "Id": 57,
    "SeasonId": 1,
    "Token": 3016,
    "DropId": 50001
  },
  {
    "Id": 58,
    "SeasonId": 1,
    "Token": 3017,
    "DropId": 50001
  },
  {
    "Id": 59,
    "SeasonId": 1,
    "Token": 3018,
    "DropId": 50001
  },
  {
    "Id": 60,
    "SeasonId": 1,
    "Token": 3019,
    "DropId": 50001
  },
  {
    "Id": 61,
    "SeasonId": 1,
    "Token": 3020,
    "DropId": 50001
  },
  {
    "Id": 62,
    "SeasonId": 1,
    "Token": 4001,
    "DropId": 50001
  },
  {
    "Id": 63,
    "SeasonId": 1,
    "Token": 4002,
    "DropId": 50001
  },
  {
    "Id": 64,
    "SeasonId": 1,
    "Token": 4003,
    "DropId": 50001
  },
  {
    "Id": 65,
    "SeasonId": 1,
    "Token": 4004,
    "DropId": 50001
  },
  {
    "Id": 66,
    "SeasonId": 1,
    "Token": 4005,
    "DropId": 50001
  },
  {
    "Id": 67,
    "SeasonId": 1,
    "Token": 4006,
    "DropId": 50001
  },
  {
    "Id": 69,
    "SeasonId": 1,
    "Token": 4008,
    "DropId": 50001
  },
  {
    "Id": 70,
    "SeasonId": 1,
    "Token": 4009,
    "DropId": 50001
  },
  {
    "Id": 71,
    "SeasonId": 1,
    "Token": 4010,
    "DropId": 50001
  },
  {
    "Id": 72,
    "SeasonId": 1,
    "Token": 4011,
    "DropId": 50001
  },
  {
    "Id": 73,
    "SeasonId": 1,
    "Token": 4012,
    "DropId": 50001
  },
  {
    "Id": 74,
    "SeasonId": 1,
    "Token": 4013,
    "DropId": 50001
  },
  {
    "Id": 75,
    "SeasonId": 1,
    "Token": 4014,
    "DropId": 50001
  },
  {
    "Id": 76,
    "SeasonId": 1,
    "Token": 4015,
    "DropId": 50001
  },
  {
    "Id": 77,
    "SeasonId": 1,
    "Token": 4016,
    "DropId": 50001
  },
  {
    "Id": 78,
    "SeasonId": 1,
    "Token": 4017,
    "DropId": 50001
  },
  {
    "Id": 79,
    "SeasonId": 1,
    "Token": 4018,
    "DropId": 50001
  },
  {
    "Id": 80,
    "SeasonId": 1,
    "Token": 4019,
    "DropId": 50001
  },
  {
    "Id": 81,
    "SeasonId": 1,
    "Token": 4020,
    "DropId": 50001
  },
  {
    "Id": 82,
    "SeasonId": 1,
    "Token": 4021,
    "DropId": 50001
  },
  {
    "Id": 83,
    "SeasonId": 1,
    "Token": 4022,
    "DropId": 50001
  },
  {
    "Id": 84,
    "SeasonId": 1,
    "Token": 8001,
    "DropId": 50001
  },
  {
    "Id": 85,
    "SeasonId": 1,
    "Token": 8002,
    "DropId": 50001
  },
  {
    "Id": 86,
    "SeasonId": 1,
    "Token": 8003,
    "DropId": 50001
  },
  {
    "Id": 87,
    "SeasonId": 1,
    "Token": 8004,
    "DropId": 50001
  }
]