[
  {
    "Id": 10011001,
    "Category": 1,
    "Rate": -2000,
    "Insts": [
      8016,
      8017
    ],
    "Icon": "/Game/Aki/UI/UIResources/Common/Image/IconRogueEntry/T_RogueEntry_9.T_RogueEntry_9",
    "Title": "RogueBuffPool_10011001_BuffName",
    "Describe": "RogueBuffPool_10011001_BuffDesc",
    "DescriptionParam": [
      "-20%"
    ]
  },
  {
    "Id": 10011002,
    "Category": 1,
    "Rate": -2000,
    "Insts": [
      8016,
      8017
    ],
    "Icon": "/Game/Aki/UI/UIResources/Common/Image/IconRogueEntry/T_RogueEntry_7.T_RogueEntry_7",
    "Title": "RogueBuffPool_10011002_BuffName",
    "Describe": "RogueBuffPool_10011002_BuffDesc",
    "DescriptionParam": [
      "-20%"
    ]
  },
  {
    "Id": 10011003,
    "Category": 1,
    "Rate": -2000,
    "Insts": [
      8016,
      8017
    ],
    "Icon": "/Game/Aki/UI/UIResources/Common/Image/IconRogueEntry/T_RogueEntry_10.T_RogueEntry_10",
    "Title": "RogueBuffPool_10011003_BuffName",
    "Describe": "RogueBuffPool_10011003_BuffDesc",
    "DescriptionParam": [
      "-20%"
    ]
  },
  {
    "Id": 10011004,
    "Category": 1,
    "Rate": -2000,
    "Insts": [
      8016,
      8017
    ],
    "Icon": "/Game/Aki/UI/UIResources/Common/Image/IconRogueEntry/T_RogueEntry_4.T_RogueEntry_4",
    "Title": "RogueBuffPool_10011004_BuffName",
    "Describe": "RogueBuffPool_10011004_BuffDesc",
    "DescriptionParam": [
      "-20%"
    ]
  },
  {
    "Id": 10011005,
    "Category": 1,
    "Rate": -2000,
    "Insts": [
      8016,
      8017
    ],
    "Icon": "/Game/Aki/UI/UIResources/Common/Image/IconRogueEntry/T_RogueEntry_8.T_RogueEntry_8",
    "Title": "RogueBuffPool_10011005_BuffName",
    "Describe": "RogueBuffPool_10011005_BuffDesc",
    "DescriptionParam": [
      "-20%"
    ]
  },
  {
    "Id": 10011006,
    "Category": 0,
    "Rate": 3500,
    "Insts": [
      8016,
      8017
    ],
    "Icon": "/Game/Aki/UI/UIResources/Common/Image/IconRogueEntry/T_RogueEntry_1.T_RogueEntry_1",
    "Title": "RogueBuffPool_10011006_BuffName",
    "Describe": "RogueBuffPool_10011006_BuffDesc",
    "DescriptionParam": [
      "35%"
    ]
  },
  {
    "Id": 10011007,
    "Category": 0,
    "Rate": 3000,
    "Insts": [
      8016,
      8017
    ],
    "Icon": "/Game/Aki/UI/UIResources/Common/Image/IconRogueEntry/T_RogueEntry_2.T_RogueEntry_2",
    "Title": "RogueBuffPool_10011007_BuffName",
    "Describe": "RogueBuffPool_10011007_BuffDesc",
    "DescriptionParam": [
      "30%"
    ]
  },
  {
    "Id": 10011008,
    "Category": 0,
    "Rate": 3500,
    "Insts": [
      8016,
      8017
    ],
    "Icon": "/Game/Aki/UI/UIResources/Common/Image/IconRogueEntry/T_RogueEntry_6.T_RogueEntry_6",
    "Title": "RogueBuffPool_10011008_BuffName",
    "Describe": "RogueBuffPool_10011008_BuffDesc",
    "DescriptionParam": [
      "35%"
    ]
  },
  {
    "Id": 10011009,
    "Category": 0,
    "Rate": 5000,
    "Insts": [
      8016,
      8017
    ],
    "Icon": "/Game/Aki/UI/UIResources/Common/Image/IconRogueEntry/T_RogueEntry_3.T_RogueEntry_3",
    "Title": "RogueBuffPool_10011009_BuffName",
    "Describe": "RogueBuffPool_10011009_BuffDesc",
    "DescriptionParam": [
      "50%"
    ]
  },
  {
    "Id": 10011010,
    "Category": 0,
    "Rate": 5000,
    "Insts": [
      8016,
      8017
    ],
    "Icon": "/Game/Aki/UI/UIResources/Common/Image/IconRogueEntry/T_RogueEntry_5.T_RogueEntry_5",
    "Title": "RogueBuffPool_10011010_BuffName",
    "Describe": "RogueBuffPool_10011010_BuffDesc",
    "DescriptionParam": [
      "50%"
    ]
  }
]