[
  {
    "Id": 11011001,
    "Category": 1,
    "DefaultLevel": 0,
    "Level": 2,
    "MaxLevel": 2,
    "Icon": "/Game/Aki/UI/UIResources/Common/Image/IconKeepsake/IconKeepsake_04.IconKeepsake_04",
    "Name": "RogueBuffPool_910312000671_BuffName",
    "BriefDescribe": "RogueBuffPool_910312000671_BuffDesc",
    "Describe": "RogueBuffPool_910312000671_BuffDesc_1",
    "StoryDescribe": "RogueBuffPool_910312000671_BuffDesc_0"
  },
  {
    "Id": 11011011,
    "Category": 1,
    "DefaultLevel": 0,
    "Level": 2,
    "MaxLevel": 2,
    "Icon": "/Game/Aki/UI/UIResources/Common/Image/IconKeepsake/IconKeepsake_02.IconKeepsake_02",
    "Name": "RogueBuffPool_910312000672_BuffName",
    "BriefDescribe": "RogueBuffPool_910312000672_BuffDesc",
    "Describe": "RogueBuffPool_910312000672_BuffDesc_1",
    "StoryDescribe": "RogueBuffPool_910312000672_BuffDesc_0"
  },
  {
    "Id": 11011021,
    "Category": 1,
    "DefaultLevel": 0,
    "Level": 2,
    "MaxLevel": 2,
    "Icon": "/Game/Aki/UI/UIResources/Common/Image/IconKeepsake/IconKeepsake_06.IconKeepsake_06",
    "Name": "RogueBuffPool_910312000673_BuffName",
    "BriefDescribe": "RogueBuffPool_910312000673_BuffDesc",
    "Describe": "RogueBuffPool_910312000673_BuffDesc_1",
    "StoryDescribe": "RogueBuffPool_910312000673_BuffDesc_0"
  },
  {
    "Id": 11011031,
    "Category": 1,
    "DefaultLevel": 0,
    "Level": 2,
    "MaxLevel": 2,
    "Icon": "/Game/Aki/UI/UIResources/Common/Image/IconKeepsake/IconKeepsake_03.IconKeepsake_03",
    "Name": "RogueBuffPool_910312000674_BuffName",
    "BriefDescribe": "RogueBuffPool_910312000674_BuffDesc",
    "Describe": "RogueBuffPool_910312000674_BuffDesc_1",
    "StoryDescribe": "RogueBuffPool_910312000674_BuffDesc_0"
  },
  {
    "Id": 11011041,
    "Category": 1,
    "DefaultLevel": 0,
    "Level": 2,
    "MaxLevel": 2,
    "Icon": "/Game/Aki/UI/UIResources/Common/Image/IconKeepsake/IconKeepsake_14.IconKeepsake_14",
    "Name": "RogueBuffPool_910312000675_BuffName",
    "BriefDescribe": "RogueBuffPool_910312000675_BuffDesc",
    "Describe": "RogueBuffPool_910312000675_BuffDesc_1",
    "StoryDescribe": "RogueBuffPool_910312000675_BuffDesc_0"
  },
  {
    "Id": 11011051,
    "Category": 1,
    "DefaultLevel": 0,
    "Level": 2,
    "MaxLevel": 2,
    "Icon": "/Game/Aki/UI/UIResources/Common/Image/IconKeepsake/IconKeepsake_05.IconKeepsake_05",
    "Name": "RogueBuffPool_910312000676_BuffName",
    "BriefDescribe": "RogueBuffPool_910312000676_BuffDesc",
    "Describe": "RogueBuffPool_910312000676_BuffDesc_1",
    "StoryDescribe": "RogueBuffPool_910312000676_BuffDesc_0"
  },
  {
    "Id": 11011061,
    "Category": 1,
    "DefaultLevel": 0,
    "Level": 3,
    "MaxLevel": 3,
    "Icon": "/Game/Aki/UI/UIResources/Common/Image/IconKeepsake/IconKeepsake_13.IconKeepsake_13",
    "Name": "RogueBuffPool_910312000677_BuffName",
    "BriefDescribe": "RogueBuffPool_910312000677_BuffDesc",
    "Describe": "RogueBuffPool_910312000677_BuffDesc_1",
    "StoryDescribe": "RogueBuffPool_910312000677_BuffDesc_0"
  },
  {
    "Id": 11011091,
    "Category": 2,
    "DefaultLevel": 0,
    "Level": 3,
    "MaxLevel": 3,
    "Icon": "/Game/Aki/UI/UIResources/Common/Image/IconKeepsake/IconKeepsake_10.IconKeepsake_10",
    "Name": "RogueBuffPool_910312000680_BuffName",
    "BriefDescribe": "RogueBuffPool_910312000680_BuffDesc",
    "Describe": "RogueBuffPool_910312000680_BuffDesc_1",
    "StoryDescribe": "RogueBuffPool_910312000680_BuffDesc_0"
  },
  {
    "Id": 11011101,
    "Category": 2,
    "DefaultLevel": 0,
    "Level": 3,
    "MaxLevel": 3,
    "Icon": "/Game/Aki/UI/UIResources/Common/Image/IconKeepsake/IconKeepsake_11.IconKeepsake_11",
    "Name": "RogueBuffPool_910312000681_BuffName",
    "BriefDescribe": "RogueBuffPool_910312000681_BuffDesc",
    "Describe": "RogueBuffPool_910312000681_BuffDesc_1",
    "StoryDescribe": "RogueBuffPool_910312000681_BuffDesc_0"
  },
  {
    "Id": 11011111,
    "Category": 2,
    "DefaultLevel": 0,
    "Level": 3,
    "MaxLevel": 3,
    "Icon": "/Game/Aki/UI/UIResources/Common/Image/IconKeepsake/IconKeepsake_08.IconKeepsake_08",
    "Name": "RogueBuffPool_910312000682_BuffName",
    "BriefDescribe": "RogueBuffPool_910312000682_BuffDesc",
    "Describe": "RogueBuffPool_910312000682_BuffDesc_1",
    "StoryDescribe": "RogueBuffPool_910312000682_BuffDesc_0"
  },
  {
    "Id": 11011121,
    "Category": 2,
    "DefaultLevel": 0,
    "Level": 3,
    "MaxLevel": 3,
    "Icon": "/Game/Aki/UI/UIResources/Common/Image/IconKeepsake/IconKeepsake_09.IconKeepsake_09",
    "Name": "RogueBuffPool_910312000679_BuffName",
    "BriefDescribe": "RogueBuffPool_910312000679_BuffDesc",
    "Describe": "RogueBuffPool_910312000679_BuffDesc_1",
    "StoryDescribe": "RogueBuffPool_910312000679_BuffDesc_0"
  },
  {
    "Id": 11011131,
    "Category": 2,
    "DefaultLevel": 0,
    "Level": 3,
    "MaxLevel": 3,
    "Icon": "/Game/Aki/UI/UIResources/Common/Image/IconKeepsake/IconKeepsake_07.IconKeepsake_07",
    "Name": "RogueBuffPool_910312000678_BuffName",
    "BriefDescribe": "RogueBuffPool_910312000678_BuffDesc",
    "Describe": "RogueBuffPool_910312000678_BuffDesc_1",
    "StoryDescribe": "RogueBuffPool_910312000678_BuffDesc_0"
  },
  {
    "Id": 11012001,
    "Category": 1,
    "DefaultLevel": 0,
    "Level": 3,
    "MaxLevel": 3,
    "Icon": "/Game/Aki/UI/UIResources/Common/Image/IconRouge/T_IconRouge_049_UI.T_IconRouge_049_UI",
    "Name": "RogueBuffPool_11012001_BuffName",
    "BriefDescribe": "RogueBuffPool_11012001_BuffDesc",
    "Describe": "RogueBuffPool_11012001_BuffDesc_1",
    "StoryDescribe": "RogueBuffPool_11012001_BuffDesc_0"
  },
  {
    "Id": 11012002,
    "Category": 1,
    "DefaultLevel": 0,
    "Level": 3,
    "MaxLevel": 3,
    "Icon": "/Game/Aki/UI/UIResources/Common/Image/IconRouge/T_IconRouge_050_UI.T_IconRouge_050_UI",
    "Name": "RogueBuffPool_11012002_BuffName",
    "BriefDescribe": "RogueBuffPool_11012002_BuffDesc",
    "Describe": "RogueBuffPool_11012002_BuffDesc_1",
    "StoryDescribe": "RogueBuffPool_11012002_BuffDesc_0"
  },
  {
    "Id": 11012003,
    "Category": 1,
    "DefaultLevel": 0,
    "Level": 3,
    "MaxLevel": 3,
    "Icon": "/Game/Aki/UI/UIResources/Common/Image/IconKeepsake/IconKeepsake_13.IconKeepsake_13",
    "Name": "RogueBuffPool_11012003_BuffName",
    "BriefDescribe": "RogueBuffPool_11012003_BuffDesc",
    "Describe": "RogueBuffPool_11012003_BuffDesc_1",
    "StoryDescribe": "RogueBuffPool_11012003_BuffDesc_0"
  },
  {
    "Id": 11012004,
    "Category": 1,
    "DefaultLevel": 0,
    "Level": 3,
    "MaxLevel": 3,
    "Icon": "/Game/Aki/UI/UIResources/Common/Image/IconRouge/T_IconRouge_048_UI.T_IconRouge_048_UI",
    "Name": "RogueBuffPool_11012004_BuffName",
    "BriefDescribe": "RogueBuffPool_11012004_BuffDesc",
    "Describe": "RogueBuffPool_11012004_BuffDesc_1",
    "StoryDescribe": "RogueBuffPool_11012004_BuffDesc_0"
  },
  {
    "Id": 11012005,
    "Category": 2,
    "DefaultLevel": 0,
    "Level": 3,
    "MaxLevel": 3,
    "Icon": "/Game/Aki/UI/UIResources/Common/Image/IconRouge/T_IconRouge_052_UI.T_IconRouge_052_UI",
    "Name": "RogueBuffPool_11012005_BuffName",
    "BriefDescribe": "RogueBuffPool_11012007_BuffDesc",
    "Describe": "RogueBuffPool_11012007_BuffDesc_1",
    "StoryDescribe": "RogueBuffPool_11012005_BuffDesc_0"
  },
  {
    "Id": 11012006,
    "Category": 2,
    "DefaultLevel": 0,
    "Level": 3,
    "MaxLevel": 3,
    "Icon": "/Game/Aki/UI/UIResources/Common/Image/IconRouge/T_IconRouge_047_UI.T_IconRouge_047_UI",
    "Name": "RogueBuffPool_11012006_BuffName",
    "BriefDescribe": "RogueBuffPool_11012007_BuffDesc",
    "Describe": "RogueBuffPool_11012007_BuffDesc_1",
    "StoryDescribe": "RogueBuffPool_11012006_BuffDesc_0"
  },
  {
    "Id": 11012007,
    "Category": 2,
    "DefaultLevel": 0,
    "Level": 3,
    "MaxLevel": 3,
    "Icon": "/Game/Aki/UI/UIResources/Common/Image/IconRouge/T_IconRouge_053_UI.T_IconRouge_053_UI",
    "Name": "RogueBuffPool_11012007_BuffName",
    "BriefDescribe": "RogueBuffPool_11012007_BuffDesc",
    "Describe": "RogueBuffPool_11012007_BuffDesc_1",
    "StoryDescribe": "RogueBuffPool_11012007_BuffDesc_0"
  },
  {
    "Id": 11012008,
    "Category": 2,
    "DefaultLevel": 0,
    "Level": 3,
    "MaxLevel": 3,
    "Icon": "/Game/Aki/UI/UIResources/Common/Image/IconRouge/T_IconRouge_051_UI.T_IconRouge_051_UI",
    "Name": "RogueBuffPool_11012008_BuffName",
    "BriefDescribe": "RogueBuffPool_11012007_BuffDesc",
    "Describe": "RogueBuffPool_11012007_BuffDesc_1",
    "StoryDescribe": "RogueBuffPool_11012008_BuffDesc_0"
  },
  {
    "Id": 11012009,
    "Category": 2,
    "DefaultLevel": 0,
    "Level": 3,
    "MaxLevel": 3,
    "Icon": "/Game/Aki/UI/UIResources/Common/Image/IconRouge/T_IconRouge_054_UI.T_IconRouge_054_UI",
    "Name": "RogueBuffPool_11012009_BuffName",
    "BriefDescribe": "RogueBuffPool_11012007_BuffDesc",
    "Describe": "RogueBuffPool_11012007_BuffDesc_1",
    "StoryDescribe": "RogueBuffPool_11012009_BuffDesc_0"
  }
]