[
  {
    "Id": 1,
    "Name": "CookLevel_1_Name",
    "Completeness": 0,
    "Effect": 0,
    "AttributesDescription": "CookLevel_1_AttributesDescription",
    "DropIds": 0
  },
  {
    "Id": 2,
    "Name": "CookLevel_2_Name",
    "Completeness": 500,
    "Effect": 0,
    "AttributesDescription": "CookLevel_2_AttributesDescription",
    "DropIds": 90001
  },
  {
    "Id": 3,
    "Name": "CookLevel_3_Name",
    "Completeness": 1500,
    "Effect": 0,
    "AttributesDescription": "CookLevel_3_AttributesDescription",
    "DropIds": 90002
  },
  {
    "Id": 4,
    "Name": "CookLevel_4_Name",
    "Completeness": 3000,
    "Effect": 0,
    "AttributesDescription": "CookLevel_4_AttributesDescription",
    "DropIds": 90003
  },
  {
    "Id": 5,
    "Name": "CookLevel_5_Name",
    "Completeness": 6000,
    "Effect": 0,
    "AttributesDescription": "CookLevel_5_AttributesDescription",
    "DropIds": 90004
  }
]