[
  {
    "Id": 10000,
    "FormulaItemId": 80010000,
    "FoodItemId": 80000000,
    "TypeId": 1,
    "Unlock": true,
    "Name": "今州烤串",
    "ConsumeItems": [
      {
        "ItemId": 42400030,
        "Count": 2
      },
      {
        "ItemId": 42310070,
        "Count": 1
      }
    ],
    "Proficiency": 10,
    "MaxProficiencyCount": 30,
    "FoodContent": "",
    "FoodBackground": "",
    "RoleList": [
      1104
    ]
  },
  {
    "Id": 10001,
    "FormulaItemId": 80010001,
    "FoodItemId": 80000001,
    "TypeId": 2,
    "Unlock": false,
    "Name": "锅盔",
    "ConsumeItems": [
      {
        "ItemId": 80050000,
        "Count": 2
      },
      {
        "ItemId": 80050001,
        "Count": 1
      }
    ],
    "Proficiency": 10,
    "MaxProficiencyCount": 30,
    "FoodContent": "",
    "FoodBackground": "",
    "RoleList": [
      1105
    ]
  },
  {
    "Id": 10002,
    "FormulaItemId": 80010002,
    "FoodItemId": 80000002,
    "TypeId": 1,
    "Unlock": false,
    "Name": "凉拌香苏",
    "ConsumeItems": [
      {
        "ItemId": 42310050,
        "Count": 2
      },
      {
        "ItemId": 80050002,
        "Count": 1
      }
    ],
    "Proficiency": 10,
    "MaxProficiencyCount": 30,
    "FoodContent": "",
    "FoodBackground": "",
    "RoleList": [
      1103
    ]
  },
  {
    "Id": 10003,
    "FormulaItemId": 80010003,
    "FoodItemId": 80000003,
    "TypeId": 3,
    "Unlock": false,
    "Name": "红油手撕鸡",
    "ConsumeItems": [
      {
        "ItemId": 80050001,
        "Count": 1
      },
      {
        "ItemId": 42400010,
        "Count": 1
      },
      {
        "ItemId": 80050002,
        "Count": 1
      }
    ],
    "Proficiency": 10,
    "MaxProficiencyCount": 30,
    "FoodContent": "",
    "FoodBackground": "",
    "RoleList": {
      "PKa": [],
      "length": 0
    }
  },
  {
    "Id": 10004,
    "FormulaItemId": 80010004,
    "FoodItemId": 80000004,
    "TypeId": 3,
    "Unlock": false,
    "Name": "龙须酥",
    "ConsumeItems": [
      {
        "ItemId": 80050001,
        "Count": 2
      },
      {
        "ItemId": 80050000,
        "Count": 1
      },
      {
        "ItemId": 80050003,
        "Count": 3
      }
    ],
    "Proficiency": 20,
    "MaxProficiencyCount": 20,
    "FoodContent": "",
    "FoodBackground": "",
    "RoleList": [
      1602
    ]
  },
  {
    "Id": 10005,
    "FormulaItemId": 80010005,
    "FoodItemId": 80000005,
    "TypeId": 3,
    "Unlock": false,
    "Name": "戍边粮",
    "ConsumeItems": [
      {
        "ItemId": 80050001,
        "Count": 2
      },
      {
        "ItemId": 80050000,
        "Count": 3
      },
      {
        "ItemId": 80050003,
        "Count": 1
      }
    ],
    "Proficiency": 20,
    "MaxProficiencyCount": 20,
    "FoodContent": "",
    "FoodBackground": "",
    "RoleList": [
      1301
    ]
  },
  {
    "Id": 10006,
    "FormulaItemId": 80010006,
    "FoodItemId": 80000006,
    "TypeId": 2,
    "Unlock": false,
    "Name": "每日清茶",
    "ConsumeItems": [
      {
        "ItemId": 80050004,
        "Count": 1
      },
      {
        "ItemId": 42310030,
        "Count": 1
      },
      {
        "ItemId": 42310040,
        "Count": 1
      }
    ],
    "Proficiency": 10,
    "MaxProficiencyCount": 30,
    "FoodContent": "",
    "FoodBackground": "",
    "RoleList": {
      "PKa": [],
      "length": 0
    }
  },
  {
    "Id": 10008,
    "FormulaItemId": 80010008,
    "FoodItemId": 80000008,
    "TypeId": 2,
    "Unlock": false,
    "Name": "清芬茶",
    "ConsumeItems": [
      {
        "ItemId": 80050004,
        "Count": 3
      },
      {
        "ItemId": 42310060,
        "Count": 2
      },
      {
        "ItemId": 80050003,
        "Count": 1
      }
    ],
    "Proficiency": 20,
    "MaxProficiencyCount": 20,
    "FoodContent": "",
    "FoodBackground": "",
    "RoleList": [
      1303
    ]
  },
  {
    "Id": 10009,
    "FormulaItemId": 80010009,
    "FoodItemId": 80000009,
    "TypeId": 1,
    "Unlock": false,
    "Name": "舒云秘制凉茶",
    "ConsumeItems": [
      {
        "ItemId": 80050004,
        "Count": 3
      },
      {
        "ItemId": 42310040,
        "Count": 3
      },
      {
        "ItemId": 42310010,
        "Count": 2
      },
      {
        "ItemId": 42300110,
        "Count": 1
      }
    ],
    "Proficiency": 40,
    "MaxProficiencyCount": 10,
    "FoodContent": "",
    "FoodBackground": "",
    "RoleList": {
      "PKa": [],
      "length": 0
    }
  },
  {
    "Id": 10010,
    "FormulaItemId": 80010010,
    "FoodItemId": 80000010,
    "TypeId": 3,
    "Unlock": false,
    "Name": "香汁鸡",
    "ConsumeItems": [
      {
        "ItemId": 42400010,
        "Count": 1
      },
      {
        "ItemId": 42310070,
        "Count": 1
      },
      {
        "ItemId": 42310030,
        "Count": 1
      }
    ],
    "Proficiency": 10,
    "MaxProficiencyCount": 30,
    "FoodContent": "",
    "FoodBackground": "",
    "RoleList": {
      "PKa": [],
      "length": 0
    }
  },
  {
    "Id": 10011,
    "FormulaItemId": 80010011,
    "FoodItemId": 80000011,
    "TypeId": 1,
    "Unlock": false,
    "Name": "辛香肉片",
    "ConsumeItems": [
      {
        "ItemId": 42400030,
        "Count": 2
      },
      {
        "ItemId": 80050002,
        "Count": 2
      },
      {
        "ItemId": 42310030,
        "Count": 1
      },
      {
        "ItemId": 42310050,
        "Count": 1
      }
    ],
    "Proficiency": 20,
    "MaxProficiencyCount": 20,
    "FoodContent": "",
    "FoodBackground": "",
    "RoleList": {
      "PKa": [],
      "length": 0
    }
  },
  {
    "Id": 10012,
    "FormulaItemId": 80010012,
    "FoodItemId": 80000012,
    "TypeId": 2,
    "Unlock": false,
    "Name": "小龙包",
    "ConsumeItems": [
      {
        "ItemId": 80050000,
        "Count": 3
      },
      {
        "ItemId": 80050005,
        "Count": 1
      },
      {
        "ItemId": 42600010,
        "Count": 1
      },
      {
        "ItemId": 80050003,
        "Count": 1
      }
    ],
    "Proficiency": 20,
    "MaxProficiencyCount": 20,
    "FoodContent": "",
    "FoodBackground": "",
    "RoleList": [
      1102
    ]
  },
  {
    "Id": 10013,
    "FormulaItemId": 80010013,
    "FoodItemId": 80000013,
    "TypeId": 1,
    "Unlock": false,
    "Name": "铁铲花蕈",
    "ConsumeItems": [
      {
        "ItemId": 42310180,
        "Count": 2
      },
      {
        "ItemId": 80050001,
        "Count": 2
      },
      {
        "ItemId": 80050002,
        "Count": 1
      },
      {
        "ItemId": 80050008,
        "Count": 1
      }
    ],
    "Proficiency": 20,
    "MaxProficiencyCount": 20,
    "FoodContent": "",
    "FoodBackground": "",
    "RoleList": {
      "PKa": [],
      "length": 0
    }
  },
  {
    "Id": 10014,
    "FormulaItemId": 80010014,
    "FoodItemId": 80000014,
    "TypeId": 1,
    "Unlock": false,
    "Name": "今州烩",
    "ConsumeItems": [
      {
        "ItemId": 42400030,
        "Count": 3
      },
      {
        "ItemId": 42310070,
        "Count": 1
      },
      {
        "ItemId": 42310160,
        "Count": 1
      },
      {
        "ItemId": 42600010,
        "Count": 1
      }
    ],
    "Proficiency": 20,
    "MaxProficiencyCount": 20,
    "FoodContent": "",
    "FoodBackground": "",
    "RoleList": [
      1404
    ]
  },
  {
    "Id": 10015,
    "FormulaItemId": 80010015,
    "FoodItemId": 80000015,
    "TypeId": 2,
    "Unlock": false,
    "Name": "拔丝菱果",
    "ConsumeItems": [
      {
        "ItemId": 42310110,
        "Count": 3
      },
      {
        "ItemId": 80050000,
        "Count": 2
      },
      {
        "ItemId": 80050003,
        "Count": 3
      },
      {
        "ItemId": 42600010,
        "Count": 1
      }
    ],
    "Proficiency": 40,
    "MaxProficiencyCount": 10,
    "FoodContent": "",
    "FoodBackground": "",
    "RoleList": {
      "PKa": [],
      "length": 0
    }
  },
  {
    "Id": 10016,
    "FormulaItemId": 80010016,
    "FoodItemId": 80000016,
    "TypeId": 1,
    "Unlock": false,
    "Name": "潮饼",
    "ConsumeItems": [
      {
        "ItemId": 42600010,
        "Count": 2
      },
      {
        "ItemId": 80050000,
        "Count": 3
      },
      {
        "ItemId": 80050003,
        "Count": 2
      },
      {
        "ItemId": 80050001,
        "Count": 2
      }
    ],
    "Proficiency": 40,
    "MaxProficiencyCount": 10,
    "FoodContent": "",
    "FoodBackground": "",
    "RoleList": [
      1402
    ]
  },
  {
    "Id": 10017,
    "FormulaItemId": 80010017,
    "FoodItemId": 80000017,
    "TypeId": 3,
    "Unlock": false,
    "Name": "碎金饭",
    "ConsumeItems": [
      {
        "ItemId": 80050006,
        "Count": 2
      },
      {
        "ItemId": 80050001,
        "Count": 2
      },
      {
        "ItemId": 42600010,
        "Count": 1
      },
      {
        "ItemId": 42310180,
        "Count": 1
      }
    ],
    "Proficiency": 20,
    "MaxProficiencyCount": 20,
    "FoodContent": "",
    "FoodBackground": "",
    "RoleList": [
      1302
    ]
  },
  {
    "Id": 10019,
    "FormulaItemId": 80010019,
    "FoodItemId": 80000019,
    "TypeId": 3,
    "Unlock": false,
    "Name": "清芬鱼汤",
    "ConsumeItems": [
      {
        "ItemId": 42400120,
        "Count": 1
      },
      {
        "ItemId": 42310060,
        "Count": 1
      },
      {
        "ItemId": 42310050,
        "Count": 1
      }
    ],
    "Proficiency": 10,
    "MaxProficiencyCount": 30,
    "FoodContent": "",
    "FoodBackground": "",
    "RoleList": {
      "PKa": [],
      "length": 0
    }
  },
  {
    "Id": 10020,
    "FormulaItemId": 80010020,
    "FoodItemId": 80000020,
    "TypeId": 1,
    "Unlock": false,
    "Name": "清葛粥",
    "ConsumeItems": [
      {
        "ItemId": 80050007,
        "Count": 2
      },
      {
        "ItemId": 42310030,
        "Count": 2
      },
      {
        "ItemId": 42310040,
        "Count": 2
      },
      {
        "ItemId": 80050006,
        "Count": 3
      }
    ],
    "Proficiency": 40,
    "MaxProficiencyCount": 10,
    "FoodContent": "",
    "FoodBackground": "",
    "RoleList": [
      1601
    ]
  },
  {
    "Id": 10021,
    "FormulaItemId": 80010021,
    "FoodItemId": 80000021,
    "TypeId": 2,
    "Unlock": false,
    "Name": "星星酥",
    "ConsumeItems": [
      {
        "ItemId": 42400030,
        "Count": 3
      },
      {
        "ItemId": 80050001,
        "Count": 3
      },
      {
        "ItemId": 80050002,
        "Count": 1
      },
      {
        "ItemId": 80050008,
        "Count": 2
      }
    ],
    "Proficiency": 40,
    "MaxProficiencyCount": 10,
    "FoodContent": "",
    "FoodBackground": "",
    "RoleList": [
      1203
    ]
  },
  {
    "Id": 10023,
    "FormulaItemId": 80010023,
    "FoodItemId": 80000023,
    "TypeId": 2,
    "Unlock": false,
    "Name": "冬云菱果粥",
    "ConsumeItems": [
      {
        "ItemId": 80020001,
        "Count": 1
      },
      {
        "ItemId": 42310110,
        "Count": 1
      },
      {
        "ItemId": 80050008,
        "Count": 1
      },
      {
        "ItemId": 42310040,
        "Count": 1
      }
    ],
    "Proficiency": 40,
    "MaxProficiencyCount": 10,
    "FoodContent": "",
    "FoodBackground": "",
    "RoleList": [
      1405
    ]
  },
  {
    "Id": 10024,
    "FormulaItemId": 80010024,
    "FoodItemId": 80000024,
    "TypeId": 2,
    "Unlock": false,
    "Name": "脆皮烧鸽",
    "ConsumeItems": [
      {
        "ItemId": 80020002,
        "Count": 1
      },
      {
        "ItemId": 42400010,
        "Count": 3
      },
      {
        "ItemId": 80050001,
        "Count": 3
      },
      {
        "ItemId": 42310070,
        "Count": 2
      }
    ],
    "Proficiency": 60,
    "MaxProficiencyCount": 10,
    "FoodContent": "",
    "FoodBackground": "",
    "RoleList": [
      1204
    ]
  },
  {
    "Id": 10025,
    "FormulaItemId": 80010025,
    "FoodItemId": 80000025,
    "TypeId": 1,
    "Unlock": false,
    "Name": "今州冒菜",
    "ConsumeItems": [
      {
        "ItemId": 80020000,
        "Count": 1
      },
      {
        "ItemId": 42400030,
        "Count": 3
      },
      {
        "ItemId": 42310050,
        "Count": 2
      },
      {
        "ItemId": 42310180,
        "Count": 1
      }
    ],
    "Proficiency": 60,
    "MaxProficiencyCount": 10,
    "FoodContent": "",
    "FoodBackground": "",
    "RoleList": [
      1202
    ]
  },
  {
    "Id": 10026,
    "FormulaItemId": 80010026,
    "FoodItemId": 80000026,
    "TypeId": 2,
    "Unlock": false,
    "Name": "龙抬头",
    "ConsumeItems": [
      {
        "ItemId": 80020003,
        "Count": 1
      },
      {
        "ItemId": 42400120,
        "Count": 3
      },
      {
        "ItemId": 80050001,
        "Count": 3
      },
      {
        "ItemId": 42310050,
        "Count": 2
      }
    ],
    "Proficiency": 60,
    "MaxProficiencyCount": 10,
    "FoodContent": "",
    "FoodBackground": "",
    "RoleList": {
      "PKa": [],
      "length": 0
    }
  },
  {
    "Id": 10029,
    "FormulaItemId": 80010029,
    "FoodItemId": 80000029,
    "TypeId": 1,
    "Unlock": false,
    "Name": "森栖锅",
    "ConsumeItems": [
      {
        "ItemId": 80020000,
        "Count": 1
      },
      {
        "ItemId": 80020001,
        "Count": 1
      },
      {
        "ItemId": 42400030,
        "Count": 1
      },
      {
        "ItemId": 42300080,
        "Count": 1
      }
    ],
    "Proficiency": 60,
    "MaxProficiencyCount": 10,
    "FoodContent": "",
    "FoodBackground": "",
    "RoleList": [
      1503
    ]
  },
  {
    "Id": 10032,
    "FormulaItemId": 80010032,
    "FoodItemId": 80000032,
    "TypeId": 2,
    "Unlock": false,
    "Name": "喜凌茶",
    "ConsumeItems": [
      {
        "ItemId": 42310110,
        "Count": 2
      },
      {
        "ItemId": 42310040,
        "Count": 2
      },
      {
        "ItemId": 42310070,
        "Count": 2
      }
    ],
    "Proficiency": 20,
    "MaxProficiencyCount": 20,
    "FoodContent": "",
    "FoodBackground": "",
    "RoleList": [
      1403
    ]
  },
  {
    "Id": 10033,
    "FormulaItemId": 80010033,
    "FoodItemId": 80000033,
    "TypeId": 1,
    "Unlock": false,
    "Name": "雪莲酥",
    "ConsumeItems": [
      {
        "ItemId": 42310220,
        "Count": 2
      },
      {
        "ItemId": 80050000,
        "Count": 3
      },
      {
        "ItemId": 80050003,
        "Count": 1
      }
    ],
    "Proficiency": 20,
    "MaxProficiencyCount": 20,
    "FoodContent": "",
    "FoodBackground": "",
    "RoleList": [
      1304
    ]
  },
  {
    "Id": 10034,
    "FormulaItemId": 80010034,
    "FoodItemId": 80000034,
    "TypeId": 1,
    "Unlock": false,
    "Name": "雀翎辣肉",
    "ConsumeItems": [
      {
        "ItemId": 42310200,
        "Count": 1
      },
      {
        "ItemId": 42400030,
        "Count": 3
      },
      {
        "ItemId": 80050001,
        "Count": 2
      }
    ],
    "Proficiency": 20,
    "MaxProficiencyCount": 20,
    "FoodContent": "",
    "FoodBackground": "",
    "RoleList": [
      1205
    ]
  },
  {
    "Id": 10007,
    "FormulaItemId": 80010007,
    "FoodItemId": 80000007,
    "TypeId": 3,
    "Unlock": false,
    "Name": "咸奶茶",
    "ConsumeItems": [
      {
        "ItemId": 80050004,
        "Count": 3
      },
      {
        "ItemId": 80050005,
        "Count": 3
      },
      {
        "ItemId": 80050008,
        "Count": 3
      },
      {
        "ItemId": 80021006,
        "Count": 1
      }
    ],
    "Proficiency": 40,
    "MaxProficiencyCount": 10,
    "FoodContent": "",
    "FoodBackground": "",
    "RoleList": {
      "PKa": [],
      "length": 0
    }
  },
  {
    "Id": 10018,
    "FormulaItemId": 80010018,
    "FoodItemId": 80000018,
    "TypeId": 3,
    "Unlock": false,
    "Name": "香柠炖肉",
    "ConsumeItems": [
      {
        "ItemId": 42400030,
        "Count": 4
      },
      {
        "ItemId": 42310070,
        "Count": 3
      },
      {
        "ItemId": 80050008,
        "Count": 2
      },
      {
        "ItemId": 80021006,
        "Count": 1
      }
    ],
    "Proficiency": 40,
    "MaxProficiencyCount": 10,
    "FoodContent": "",
    "FoodBackground": "",
    "RoleList": {
      "PKa": [],
      "length": 0
    }
  },
  {
    "Id": 10022,
    "FormulaItemId": 80010022,
    "FoodItemId": 80000022,
    "TypeId": 3,
    "Unlock": false,
    "Name": "菱果炒盐雀",
    "ConsumeItems": [
      {
        "ItemId": 80020002,
        "Count": 1
      },
      {
        "ItemId": 42310110,
        "Count": 2
      },
      {
        "ItemId": 42400010,
        "Count": 3
      },
      {
        "ItemId": 80021006,
        "Count": 1
      }
    ],
    "Proficiency": 40,
    "MaxProficiencyCount": 10,
    "FoodContent": "",
    "FoodBackground": "",
    "RoleList": {
      "PKa": [],
      "length": 0
    }
  },
  {
    "Id": 10027,
    "FormulaItemId": 80010027,
    "FoodItemId": 80000027,
    "TypeId": 3,
    "Unlock": false,
    "Name": "糖醋里脊",
    "ConsumeItems": [
      {
        "ItemId": 80020003,
        "Count": 1
      },
      {
        "ItemId": 42400030,
        "Count": 4
      },
      {
        "ItemId": 80050000,
        "Count": 4
      },
      {
        "ItemId": 80021007,
        "Count": 1
      }
    ],
    "Proficiency": 60,
    "MaxProficiencyCount": 10,
    "FoodContent": "",
    "FoodBackground": "",
    "RoleList": {
      "PKa": [],
      "length": 0
    }
  },
  {
    "Id": 10028,
    "FormulaItemId": 80010028,
    "FoodItemId": 80000028,
    "TypeId": 3,
    "Unlock": false,
    "Name": "油辣豆腐",
    "ConsumeItems": [
      {
        "ItemId": 80020000,
        "Count": 1
      },
      {
        "ItemId": 80020004,
        "Count": 4
      },
      {
        "ItemId": 42400010,
        "Count": 2
      },
      {
        "ItemId": 80021006,
        "Count": 1
      }
    ],
    "Proficiency": 60,
    "MaxProficiencyCount": 10,
    "FoodContent": "",
    "FoodBackground": "",
    "RoleList": {
      "PKa": [],
      "length": 0
    }
  },
  {
    "Id": 10030,
    "FormulaItemId": 80010030,
    "FoodItemId": 80000030,
    "TypeId": 3,
    "Unlock": false,
    "Name": "酿肉豆腐",
    "ConsumeItems": [
      {
        "ItemId": 80020001,
        "Count": 1
      },
      {
        "ItemId": 80020004,
        "Count": 2
      },
      {
        "ItemId": 42400030,
        "Count": 4
      },
      {
        "ItemId": 80021006,
        "Count": 1
      }
    ],
    "Proficiency": 60,
    "MaxProficiencyCount": 10,
    "FoodContent": "",
    "FoodBackground": "",
    "RoleList": {
      "PKa": [],
      "length": 0
    }
  },
  {
    "Id": 10035,
    "FormulaItemId": 80010035,
    "FoodItemId": 80000035,
    "TypeId": 1,
    "Unlock": false,
    "Name": "蛋饼",
    "ConsumeItems": [
      {
        "ItemId": 42600010,
        "Count": 1
      },
      {
        "ItemId": 80050000,
        "Count": 1
      },
      {
        "ItemId": 80050001,
        "Count": 1
      }
    ],
    "Proficiency": 10,
    "MaxProficiencyCount": 30,
    "FoodContent": "",
    "FoodBackground": "",
    "RoleList": [
      1305
    ]
  },
  {
    "Id": 10036,
    "FormulaItemId": 80010036,
    "FoodItemId": 80000036,
    "TypeId": 3,
    "Unlock": false,
    "Name": "团圆饼",
    "ConsumeItems": [
      {
        "ItemId": 42600010,
        "Count": 1
      },
      {
        "ItemId": 80050000,
        "Count": 1
      },
      {
        "ItemId": 42300010,
        "Count": 1
      }
    ],
    "Proficiency": 10,
    "MaxProficiencyCount": 30,
    "FoodContent": "",
    "FoodBackground": "",
    "RoleList": {
      "PKa": [],
      "length": 0
    }
  },
  {
    "Id": 10037,
    "FormulaItemId": 80010037,
    "FoodItemId": 80000037,
    "TypeId": 2,
    "Unlock": false,
    "Name": "月酿圆子",
    "ConsumeItems": [
      {
        "ItemId": 42310070,
        "Count": 1
      },
      {
        "ItemId": 80050000,
        "Count": 1
      },
      {
        "ItemId": 80050003,
        "Count": 1
      }
    ],
    "Proficiency": 10,
    "MaxProficiencyCount": 30,
    "FoodContent": "",
    "FoodBackground": "",
    "RoleList": {
      "PKa": [],
      "length": 0
    }
  },
  {
    "Id": 10038,
    "FormulaItemId": 80010038,
    "FoodItemId": 80000038,
    "TypeId": 1,
    "Unlock": false,
    "Name": "乡月饮",
    "ConsumeItems": [
      {
        "ItemId": 42310010,
        "Count": 1
      },
      {
        "ItemId": 42310040,
        "Count": 2
      }
    ],
    "Proficiency": 10,
    "MaxProficiencyCount": 30,
    "FoodContent": "",
    "FoodBackground": "",
    "RoleList": {
      "PKa": [],
      "length": 0
    }
  },
  {
    "Id": 10039,
    "FormulaItemId": 80010039,
    "FoodItemId": 80000039,
    "TypeId": 2,
    "Unlock": false,
    "Name": "海岸浓汤",
    "ConsumeItems": [
      {
        "ItemId": 42400120,
        "Count": 2
      },
      {
        "ItemId": 42310240,
        "Count": 2
      },
      {
        "ItemId": 80050005,
        "Count": 3
      },
      {
        "ItemId": 80050008,
        "Count": 2
      }
    ],
    "Proficiency": 40,
    "MaxProficiencyCount": 10,
    "FoodContent": "",
    "FoodBackground": "",
    "RoleList": [
      1505
    ]
  },
  {
    "Id": 10040,
    "FormulaItemId": 80010040,
    "FoodItemId": 80000040,
    "TypeId": 1,
    "Unlock": false,
    "Name": "鸳花饼",
    "ConsumeItems": [
      {
        "ItemId": 42310040,
        "Count": 2
      },
      {
        "ItemId": 80050000,
        "Count": 2
      },
      {
        "ItemId": 80050003,
        "Count": 1
      },
      {
        "ItemId": 80050001,
        "Count": 1
      }
    ],
    "Proficiency": 20,
    "MaxProficiencyCount": 20,
    "FoodContent": "",
    "FoodBackground": "",
    "RoleList": [
      1106
    ]
  }
]