[
  {
    "Id": 1,
    "Description": "CookProcessMsg_1_Description",
    "Introduce": "CookProcessMsg_1_Introduce"
  },
  {
    "Id": 2,
    "Description": "CookProcessMsg_2_Description",
    "Introduce": "CookProcessMsg_2_Introduce"
  },
  {
    "Id": 3,
    "Description": "CookProcessMsg_3_Description",
    "Introduce": "CookProcessMsg_3_Introduce"
  },
  {
    "Id": 4,
    "Description": "CookProcessMsg_4_Description",
    "Introduce": "CookProcessMsg_4_Introduce"
  },
  {
    "Id": 5,
    "Description": "CookProcessMsg_5_Description",
    "Introduce": "CookProcessMsg_5_Introduce"
  },
  {
    "Id": 6,
    "Description": "CookProcessMsg_6_Description",
    "Introduce": "CookProcessMsg_6_Introduce"
  },
  {
    "Id": 7,
    "Description": "CookProcessMsg_7_Description",
    "Introduce": "CookProcessMsg_7_Introduce"
  },
  {
    "Id": 8,
    "Description": "CookProcessMsg_8_Description",
    "Introduce": "CookProcessMsg_8_Introduce"
  },
  {
    "Id": 9,
    "Description": "CookProcessMsg_9_Description",
    "Introduce": "CookProcessMsg_9_Introduce"
  },
  {
    "Id": 10,
    "Description": "CookProcessMsg_10_Description",
    "Introduce": "CookProcessMsg_10_Introduce"
  }
]