[
  {
    "Id": 1,
    "KeyName": "Gamepad_FaceButton_Bottom",
    "KeyDescription": "A",
    "KeyDisplayName": "",
    "KeyIconPath": "/Game/Aki/UI/UIResources/Common/Image/UiIconPcBtn/T_IconPcBtn_XboxGamepad_FaceButton_Bottom_UI.T_IconPcBtn_XboxGamepad_FaceButton_Bottom_UI",
    "PsKeyIconPath": "/Game/Aki/UI/UIResources/Common/Image/UiIconPcBtn/T_IconPcBtn_PsCha_UI.T_IconPcBtn_PsCha_UI"
  },
  {
    "Id": 2,
    "KeyName": "Gamepad_FaceButton_Left",
    "KeyDescription": "X",
    "KeyDisplayName": "",
    "KeyIconPath": "/Game/Aki/UI/UIResources/Common/Image/UiIconPcBtn/T_IconPcBtn_XboxGamepad_FaceButton_Left_UI.T_IconPcBtn_XboxGamepad_FaceButton_Left_UI",
    "PsKeyIconPath": "/Game/Aki/UI/UIResources/Common/Image/UiIconPcBtn/T_IconPcBtn_PsKuang_UI.T_IconPcBtn_PsKuang_UI"
  },
  {
    "Id": 3,
    "KeyName": "Gamepad_FaceButton_Top",
    "KeyDescription": "Y",
    "KeyDisplayName": "",
    "KeyIconPath": "/Game/Aki/UI/UIResources/Common/Image/UiIconPcBtn/T_IconPcBtn_XboxGamepad_FaceButton_Top_UI.T_IconPcBtn_XboxGamepad_FaceButton_Top_UI",
    "PsKeyIconPath": "/Game/Aki/UI/UIResources/Common/Image/UiIconPcBtn/T_IconPcBtn_PsJian_UI.T_IconPcBtn_PsJian_UI"
  },
  {
    "Id": 4,
    "KeyName": "Gamepad_FaceButton_Right",
    "KeyDescription": "B",
    "KeyDisplayName": "",
    "KeyIconPath": "/Game/Aki/UI/UIResources/Common/Image/UiIconPcBtn/T_IconPcBtn_XboxGamepad_FaceButton_Right_UI.T_IconPcBtn_XboxGamepad_FaceButton_Right_UI",
    "PsKeyIconPath": "/Game/Aki/UI/UIResources/Common/Image/UiIconPcBtn/T_IconPcBtn_PsYuan_UI.T_IconPcBtn_PsYuan_UI"
  },
  {
    "Id": 5,
    "KeyName": "Gamepad_LeftX",
    "KeyDescription": "左摇杆X",
    "KeyDisplayName": "",
    "KeyIconPath": "/Game/Aki/UI/UIResources/Common/Image/UiIconPcBtn/T_IconPcBtn_Xbox29_UI.T_IconPcBtn_Xbox29_UI",
    "PsKeyIconPath": "/Game/Aki/UI/UIResources/Common/Image/UiIconPcBtn/T_IconPcBtn_Xbox29_UI.T_IconPcBtn_Xbox29_UI"
  },
  {
    "Id": 6,
    "KeyName": "Gamepad_LeftY",
    "KeyDescription": "左摇杆Y",
    "KeyDisplayName": "",
    "KeyIconPath": "/Game/Aki/UI/UIResources/Common/Image/UiIconPcBtn/T_IconPcBtn_Xbox19_UI.T_IconPcBtn_Xbox19_UI",
    "PsKeyIconPath": "/Game/Aki/UI/UIResources/Common/Image/UiIconPcBtn/T_IconPcBtn_Xbox19_UI.T_IconPcBtn_Xbox19_UI"
  },
  {
    "Id": 7,
    "KeyName": "Gamepad_RightX",
    "KeyDescription": "右摇杆X",
    "KeyDisplayName": "",
    "KeyIconPath": "/Game/Aki/UI/UIResources/Common/Image/UiIconPcBtn/T_IconPcBtn_Xbox10_UI.T_IconPcBtn_Xbox10_UI",
    "PsKeyIconPath": "/Game/Aki/UI/UIResources/Common/Image/UiIconPcBtn/T_IconPcBtn_Xbox10_UI.T_IconPcBtn_Xbox10_UI"
  },
  {
    "Id": 8,
    "KeyName": "Gamepad_RightY",
    "KeyDescription": "右摇杆Y",
    "KeyDisplayName": "",
    "KeyIconPath": "/Game/Aki/UI/UIResources/Common/Image/UiIconPcBtn/T_IconPcBtn_Xbox20_UI.T_IconPcBtn_Xbox20_UI",
    "PsKeyIconPath": "/Game/Aki/UI/UIResources/Common/Image/UiIconPcBtn/T_IconPcBtn_Xbox20_UI.T_IconPcBtn_Xbox20_UI"
  },
  {
    "Id": 9,
    "KeyName": "Gamepad_DPad_Down",
    "KeyDescription": "控制键下",
    "KeyDisplayName": "",
    "KeyIconPath": "/Game/Aki/UI/UIResources/Common/Image/UiIconPcBtn/T_IconPcBtn_Xbox16_UI.T_IconPcBtn_Xbox16_UI",
    "PsKeyIconPath": "/Game/Aki/UI/UIResources/Common/Image/UiIconPcBtn/T_IconPcBtn_Xbox16_UI.T_IconPcBtn_Xbox16_UI"
  },
  {
    "Id": 10,
    "KeyName": "Gamepad_DPad_Left",
    "KeyDescription": "控制键左",
    "KeyDisplayName": "",
    "KeyIconPath": "/Game/Aki/UI/UIResources/Common/Image/UiIconPcBtn/T_IconPcBtn_Xbox15_UI.T_IconPcBtn_Xbox15_UI",
    "PsKeyIconPath": "/Game/Aki/UI/UIResources/Common/Image/UiIconPcBtn/T_IconPcBtn_Xbox15_UI.T_IconPcBtn_Xbox15_UI"
  },
  {
    "Id": 11,
    "KeyName": "Gamepad_DPad_Up",
    "KeyDescription": "控制键上",
    "KeyDisplayName": "",
    "KeyIconPath": "/Game/Aki/UI/UIResources/Common/Image/UiIconPcBtn/T_IconPcBtn_Xbox14_UI.T_IconPcBtn_Xbox14_UI",
    "PsKeyIconPath": "/Game/Aki/UI/UIResources/Common/Image/UiIconPcBtn/T_IconPcBtn_Xbox14_UI.T_IconPcBtn_Xbox14_UI"
  },
  {
    "Id": 12,
    "KeyName": "Gamepad_DPad_Right",
    "KeyDescription": "控制键右",
    "KeyDisplayName": "",
    "KeyIconPath": "/Game/Aki/UI/UIResources/Common/Image/UiIconPcBtn/T_IconPcBtn_Xbox13_UI.T_IconPcBtn_Xbox13_UI",
    "PsKeyIconPath": "/Game/Aki/UI/UIResources/Common/Image/UiIconPcBtn/T_IconPcBtn_Xbox13_UI.T_IconPcBtn_Xbox13_UI"
  },
  {
    "Id": 13,
    "KeyName": "Gamepad_Special_Left",
    "KeyDescription": "左边特殊键",
    "KeyDisplayName": "",
    "KeyIconPath": "/Game/Aki/UI/UIResources/Common/Image/UiIconPcBtn/T_IconPcBtn_Xbox18_UI.T_IconPcBtn_Xbox18_UI",
    "PsKeyIconPath": "/Game/Aki/UI/UIResources/Common/Image/UiIconPcBtn/T_IconPcBtn_PsChu_UI.T_IconPcBtn_PsChu_UI"
  },
  {
    "Id": 14,
    "KeyName": "Gamepad_Special_Right",
    "KeyDescription": "右边特殊键",
    "KeyDisplayName": "",
    "KeyIconPath": "/Game/Aki/UI/UIResources/Common/Image/UiIconPcBtn/T_IconPcBtn_Xbox17_UI.T_IconPcBtn_Xbox17_UI",
    "PsKeyIconPath": "/Game/Aki/UI/UIResources/Common/Image/UiIconPcBtn/T_IconPcBtn_PsCai_UI.T_IconPcBtn_PsCai_UI"
  },
  {
    "Id": 15,
    "KeyName": "Gamepad_LeftShoulder",
    "KeyDescription": "左肩键",
    "KeyDisplayName": "",
    "KeyIconPath": "/Game/Aki/UI/UIResources/Common/Image/UiIconPcBtn/T_IconPcBtn_XboxGamepad_LeftShoulder_UI.T_IconPcBtn_XboxGamepad_LeftShoulder_UI",
    "PsKeyIconPath": "/Game/Aki/UI/UIResources/Common/Image/UiIconPcBtn/T_IconPcBtn_PsL1_UI.T_IconPcBtn_PsL1_UI"
  },
  {
    "Id": 16,
    "KeyName": "Gamepad_RightShoulder",
    "KeyDescription": "右肩键",
    "KeyDisplayName": "",
    "KeyIconPath": "/Game/Aki/UI/UIResources/Common/Image/UiIconPcBtn/T_IconPcBtn_XboxGamepad_RightShoulder_UI.T_IconPcBtn_XboxGamepad_RightShoulder_UI",
    "PsKeyIconPath": "/Game/Aki/UI/UIResources/Common/Image/UiIconPcBtn/T_IconPcBtn_PsR1_UI.T_IconPcBtn_PsR1_UI"
  },
  {
    "Id": 17,
    "KeyName": "Gamepad_LeftTriggerAxis",
    "KeyDescription": "左扳机（轴）",
    "KeyDisplayName": "",
    "KeyIconPath": "/Game/Aki/UI/UIResources/Common/Image/UiIconPcBtn/T_IconPcBtn_XboxGamepad_LeftTrigger_UI.T_IconPcBtn_XboxGamepad_LeftTrigger_UI",
    "PsKeyIconPath": "/Game/Aki/UI/UIResources/Common/Image/UiIconPcBtn/T_IconPcBtn_PsL2_UI.T_IconPcBtn_PsL2_UI"
  },
  {
    "Id": 18,
    "KeyName": "Gamepad_RightTriggerAxis",
    "KeyDescription": "右扳机（轴）",
    "KeyDisplayName": "",
    "KeyIconPath": "/Game/Aki/UI/UIResources/Common/Image/UiIconPcBtn/T_IconPcBtn_XboxGamepad_RightTrigger_UI.T_IconPcBtn_XboxGamepad_RightTrigger_UI",
    "PsKeyIconPath": "/Game/Aki/UI/UIResources/Common/Image/UiIconPcBtn/T_IconPcBtn_PsR2_UI.T_IconPcBtn_PsR2_UI"
  },
  {
    "Id": 19,
    "KeyName": "Gamepad_RightThumbstick",
    "KeyDescription": "右摇杆按下",
    "KeyDisplayName": "",
    "KeyIconPath": "/Game/Aki/UI/UIResources/Common/Image/UiIconPcBtn/T_IconPcBtn_XboxGamepad_RightThumbstickPress_UI.T_IconPcBtn_XboxGamepad_RightThumbstickPress_UI",
    "PsKeyIconPath": "/Game/Aki/UI/UIResources/Common/Image/UiIconPcBtn/T_IconPcBtn_XboxGamepad_RightThumbstickPress_UI.T_IconPcBtn_XboxGamepad_RightThumbstickPress_UI"
  },
  {
    "Id": 20,
    "KeyName": "Gamepad_LeftTrigger",
    "KeyDescription": "左触发杆",
    "KeyDisplayName": "",
    "KeyIconPath": "/Game/Aki/UI/UIResources/Common/Image/UiIconPcBtn/T_IconPcBtn_XboxGamepad_LeftTrigger_UI.T_IconPcBtn_XboxGamepad_LeftTrigger_UI",
    "PsKeyIconPath": "/Game/Aki/UI/UIResources/Common/Image/UiIconPcBtn/T_IconPcBtn_PsL2_UI.T_IconPcBtn_PsL2_UI"
  },
  {
    "Id": 21,
    "KeyName": "Gamepad_RightTrigger",
    "KeyDescription": "右触发杆",
    "KeyDisplayName": "",
    "KeyIconPath": "/Game/Aki/UI/UIResources/Common/Image/UiIconPcBtn/T_IconPcBtn_XboxGamepad_RightTrigger_UI.T_IconPcBtn_XboxGamepad_RightTrigger_UI",
    "PsKeyIconPath": "/Game/Aki/UI/UIResources/Common/Image/UiIconPcBtn/T_IconPcBtn_PsR2_UI.T_IconPcBtn_PsR2_UI"
  },
  {
    "Id": 22,
    "KeyName": "Gamepad_LeftThumbstick",
    "KeyDescription": "左摇杆按下",
    "KeyDisplayName": "",
    "KeyIconPath": "/Game/Aki/UI/UIResources/Common/Image/UiIconPcBtn/T_IconPcBtn_XboxGamepad_LeftThumbstickPress_UI.T_IconPcBtn_XboxGamepad_LeftThumbstickPress_UI",
    "PsKeyIconPath": "/Game/Aki/UI/UIResources/Common/Image/UiIconPcBtn/T_IconPcBtn_XboxGamepad_LeftThumbstickPress_UI.T_IconPcBtn_XboxGamepad_LeftThumbstickPress_UI"
  },
  {
    "Id": 23,
    "KeyName": "Gamepad_LeftStick_Up",
    "KeyDescription": "左摇杆上（按钮）",
    "KeyDisplayName": "",
    "KeyIconPath": "/Game/Aki/UI/UIResources/Common/Image/UiIconPcBtn/T_IconPcBtn_KeyLUp_UI.T_IconPcBtn_KeyLUp_UI",
    "PsKeyIconPath": "/Game/Aki/UI/UIResources/Common/Image/UiIconPcBtn/T_IconPcBtn_KeyLUp_UI.T_IconPcBtn_KeyLUp_UI"
  },
  {
    "Id": 24,
    "KeyName": "Gamepad_LeftStick_Down",
    "KeyDescription": "左摇杆下（按钮）",
    "KeyDisplayName": "",
    "KeyIconPath": "/Game/Aki/UI/UIResources/Common/Image/UiIconPcBtn/T_IconPcBtn_KeyLDown_UI.T_IconPcBtn_KeyLDown_UI",
    "PsKeyIconPath": "/Game/Aki/UI/UIResources/Common/Image/UiIconPcBtn/T_IconPcBtn_KeyLDown_UI.T_IconPcBtn_KeyLDown_UI"
  },
  {
    "Id": 25,
    "KeyName": "Gamepad_LeftStick_Right",
    "KeyDescription": "左摇杆右（按钮）",
    "KeyDisplayName": "",
    "KeyIconPath": "/Game/Aki/UI/UIResources/Common/Image/UiIconPcBtn/T_IconPcBtn_KeyLRight_UI.T_IconPcBtn_KeyLRight_UI",
    "PsKeyIconPath": "/Game/Aki/UI/UIResources/Common/Image/UiIconPcBtn/T_IconPcBtn_KeyLRight_UI.T_IconPcBtn_KeyLRight_UI"
  },
  {
    "Id": 26,
    "KeyName": "Gamepad_LeftStick_Left",
    "KeyDescription": "左摇杆左（按钮）",
    "KeyDisplayName": "",
    "KeyIconPath": "/Game/Aki/UI/UIResources/Common/Image/UiIconPcBtn/T_IconPcBtn_KeyLLeft_UI.T_IconPcBtn_KeyLLeft_UI",
    "PsKeyIconPath": "/Game/Aki/UI/UIResources/Common/Image/UiIconPcBtn/T_IconPcBtn_KeyLLeft_UI.T_IconPcBtn_KeyLLeft_UI"
  },
  {
    "Id": 27,
    "KeyName": "Gamepad_RightStick_Up",
    "KeyDescription": "右摇杆上（按钮）",
    "KeyDisplayName": "",
    "KeyIconPath": "/Game/Aki/UI/UIResources/Common/Image/UiIconPcBtn/T_IconPcBtn_KeyRUp_UI.T_IconPcBtn_KeyRUp_UI",
    "PsKeyIconPath": "/Game/Aki/UI/UIResources/Common/Image/UiIconPcBtn/T_IconPcBtn_KeyRUp_UI.T_IconPcBtn_KeyRUp_UI"
  },
  {
    "Id": 28,
    "KeyName": "Gamepad_RightStick_Down",
    "KeyDescription": "右摇杆下（按钮）",
    "KeyDisplayName": "",
    "KeyIconPath": "/Game/Aki/UI/UIResources/Common/Image/UiIconPcBtn/T_IconPcBtn_KeyRDown_UI.T_IconPcBtn_KeyRDown_UI",
    "PsKeyIconPath": "/Game/Aki/UI/UIResources/Common/Image/UiIconPcBtn/T_IconPcBtn_KeyRDown_UI.T_IconPcBtn_KeyRDown_UI"
  },
  {
    "Id": 29,
    "KeyName": "Gamepad_RightStick_Right",
    "KeyDescription": "右摇杆右（按钮）",
    "KeyDisplayName": "",
    "KeyIconPath": "/Game/Aki/UI/UIResources/Common/Image/UiIconPcBtn/T_IconPcBtn_KeyRRight_UI.T_IconPcBtn_KeyRRight_UI",
    "PsKeyIconPath": "/Game/Aki/UI/UIResources/Common/Image/UiIconPcBtn/T_IconPcBtn_KeyRRight_UI.T_IconPcBtn_KeyRRight_UI"
  },
  {
    "Id": 30,
    "KeyName": "Gamepad_RightStick_Left",
    "KeyDescription": "右摇杆左（按钮）",
    "KeyDisplayName": "",
    "KeyIconPath": "/Game/Aki/UI/UIResources/Common/Image/UiIconPcBtn/T_IconPcBtn_KeyRLeft_UI.T_IconPcBtn_KeyRLeft_UI",
    "PsKeyIconPath": "/Game/Aki/UI/UIResources/Common/Image/UiIconPcBtn/T_IconPcBtn_KeyRLeft_UI.T_IconPcBtn_KeyRLeft_UI"
  },
  {
    "Id": 31,
    "KeyName": "Gamepad_Left2D",
    "KeyDescription": "左摇杆",
    "KeyDisplayName": "",
    "KeyIconPath": "/Game/Aki/UI/UIResources/Common/Image/UiIconPcBtn/T_IconPcBtn_XboxL2_UI.T_IconPcBtn_XboxL2_UI",
    "PsKeyIconPath": "/Game/Aki/UI/UIResources/Common/Image/UiIconPcBtn/T_IconPcBtn_XboxL2_UI.T_IconPcBtn_XboxL2_UI"
  },
  {
    "Id": 32,
    "KeyName": "Gamepad_Right2D",
    "KeyDescription": "右摇杆",
    "KeyDisplayName": "",
    "KeyIconPath": "/Game/Aki/UI/UIResources/Common/Image/UiIconPcBtn/T_IconPcBtn_XboxR2_UI.T_IconPcBtn_XboxR2_UI",
    "PsKeyIconPath": "/Game/Aki/UI/UIResources/Common/Image/UiIconPcBtn/T_IconPcBtn_XboxR2_UI.T_IconPcBtn_XboxR2_UI"
  },
  {
    "Id": 55,
    "KeyName": "GenericUSBController_Button14",
    "KeyDescription": "触摸板",
    "KeyDisplayName": "",
    "KeyIconPath": "/Game/Aki/UI/UIResources/Common/Image/UiIconPcBtn/T_IconPcBtn_PsChu_UI.T_IconPcBtn_PsChu_UI",
    "PsKeyIconPath": "/Game/Aki/UI/UIResources/Common/Image/UiIconPcBtn/T_IconPcBtn_PsChu_UI.T_IconPcBtn_PsChu_UI"
  }
]