[
  {
    "Id": 1,
    "KeyName": "LeftMouseButton",
    "KeyDescription": "鼠标左键",
    "KeyDisplayName": "",
    "FrenchKeyName": "",
    "KeyIconPath": "/Game/Aki/UI/UIResources/Common/Image/UiIconPcBtn/T_IconPcBtn_MouseLeft_UI.T_IconPcBtn_MouseLeft_UI"
  },
  {
    "Id": 2,
    "KeyName": "RightMouseButton",
    "KeyDescription": "鼠标右键",
    "KeyDisplayName": "",
    "FrenchKeyName": "",
    "KeyIconPath": "/Game/Aki/UI/UIResources/Common/Image/UiIconPcBtn/T_IconPcBtn_MouseRight_UI.T_IconPcBtn_MouseRight_UI"
  },
  {
    "Id": 3,
    "KeyName": "SpaceBar",
    "KeyDescription": "空格",
    "KeyDisplayName": "",
    "FrenchKeyName": "",
    "KeyIconPath": "/Game/Aki/UI/UIResources/Common/Image/UiIconPcBtn/T_IconPcBtn_KeySpaceBar_UI.T_IconPcBtn_KeySpaceBar_UI"
  },
  {
    "Id": 4,
    "KeyName": "LeftShift",
    "KeyDescription": "左Shift",
    "KeyDisplayName": "",
    "FrenchKeyName": "",
    "KeyIconPath": "/Game/Aki/UI/UIResources/Common/Image/UiIconPcBtn/T_IconPcBtn_KeyLeftShift_UI.T_IconPcBtn_KeyLeftShift_UI"
  },
  {
    "Id": 5,
    "KeyName": "W",
    "KeyDescription": "键盘W",
    "KeyDisplayName": "",
    "FrenchKeyName": "Z",
    "KeyIconPath": "/Game/Aki/UI/UIResources/Common/Image/UiIconPcBtn/T_IconPcBtn_KeyW_UI.T_IconPcBtn_KeyW_UI"
  },
  {
    "Id": 6,
    "KeyName": "S",
    "KeyDescription": "键盘S",
    "KeyDisplayName": "",
    "FrenchKeyName": "",
    "KeyIconPath": "/Game/Aki/UI/UIResources/Common/Image/UiIconPcBtn/T_IconPcBtn_KeyS_UI.T_IconPcBtn_KeyS_UI"
  },
  {
    "Id": 7,
    "KeyName": "A",
    "KeyDescription": "键盘A",
    "KeyDisplayName": "",
    "FrenchKeyName": "Q",
    "KeyIconPath": "/Game/Aki/UI/UIResources/Common/Image/UiIconPcBtn/T_IconPcBtn_KeyA_UI.T_IconPcBtn_KeyA_UI"
  },
  {
    "Id": 8,
    "KeyName": "D",
    "KeyDescription": "键盘D",
    "KeyDisplayName": "",
    "FrenchKeyName": "",
    "KeyIconPath": "/Game/Aki/UI/UIResources/Common/Image/UiIconPcBtn/T_IconPcBtn_KeyD_UI.T_IconPcBtn_KeyD_UI"
  },
  {
    "Id": 9,
    "KeyName": "Q",
    "KeyDescription": "键盘Q",
    "KeyDisplayName": "",
    "FrenchKeyName": "A",
    "KeyIconPath": "/Game/Aki/UI/UIResources/Common/Image/UiIconPcBtn/T_IconPcBtn_KeyQ_UI.T_IconPcBtn_KeyQ_UI"
  },
  {
    "Id": 10,
    "KeyName": "E",
    "KeyDescription": "键盘E",
    "KeyDisplayName": "",
    "FrenchKeyName": "",
    "KeyIconPath": "/Game/Aki/UI/UIResources/Common/Image/UiIconPcBtn/T_IconPcBtn_KeyE_UI.T_IconPcBtn_KeyE_UI"
  },
  {
    "Id": 11,
    "KeyName": "R",
    "KeyDescription": "键盘R",
    "KeyDisplayName": "",
    "FrenchKeyName": "",
    "KeyIconPath": "/Game/Aki/UI/UIResources/Common/Image/UiIconPcBtn/T_IconPcBtn_KeyR_UI.T_IconPcBtn_KeyR_UI"
  },
  {
    "Id": 12,
    "KeyName": "T",
    "KeyDescription": "键盘T",
    "KeyDisplayName": "",
    "FrenchKeyName": "",
    "KeyIconPath": "/Game/Aki/UI/UIResources/Common/Image/UiIconPcBtn/T_IconPcBtn_KeyT_UI.T_IconPcBtn_KeyT_UI"
  },
  {
    "Id": 13,
    "KeyName": "O",
    "KeyDescription": "键盘O",
    "KeyDisplayName": "",
    "FrenchKeyName": "",
    "KeyIconPath": "/Game/Aki/UI/UIResources/Common/Image/UiIconPcBtn/T_IconPcBtn_KeyO_UI.T_IconPcBtn_KeyO_UI"
  },
  {
    "Id": 14,
    "KeyName": "P",
    "KeyDescription": "键盘P",
    "KeyDisplayName": "",
    "FrenchKeyName": "",
    "KeyIconPath": "/Game/Aki/UI/UIResources/Common/Image/UiIconPcBtn/T_IconPcBtn_KeyP_UI.T_IconPcBtn_KeyP_UI"
  },
  {
    "Id": 15,
    "KeyName": "F",
    "KeyDescription": "键盘F",
    "KeyDisplayName": "",
    "FrenchKeyName": "",
    "KeyIconPath": "/Game/Aki/UI/UIResources/Common/Image/UiIconPcBtn/T_IconPcBtn_KeyF_UI.T_IconPcBtn_KeyF_UI"
  },
  {
    "Id": 16,
    "KeyName": "J",
    "KeyDescription": "键盘J",
    "KeyDisplayName": "",
    "FrenchKeyName": "",
    "KeyIconPath": "/Game/Aki/UI/UIResources/Common/Image/UiIconPcBtn/T_IconPcBtn_KeyJ_UI.T_IconPcBtn_KeyJ_UI"
  },
  {
    "Id": 17,
    "KeyName": "V",
    "KeyDescription": "键盘V",
    "KeyDisplayName": "",
    "FrenchKeyName": "",
    "KeyIconPath": "/Game/Aki/UI/UIResources/Common/Image/UiIconPcBtn/T_IconPcBtn_KeyV_UI.T_IconPcBtn_KeyV_UI"
  },
  {
    "Id": 18,
    "KeyName": "B",
    "KeyDescription": "键盘B",
    "KeyDisplayName": "",
    "FrenchKeyName": "",
    "KeyIconPath": "/Game/Aki/UI/UIResources/Common/Image/UiIconPcBtn/T_IconPcBtn_KeyB_UI.T_IconPcBtn_KeyB_UI"
  },
  {
    "Id": 19,
    "KeyName": "M",
    "KeyDescription": "键盘M",
    "KeyDisplayName": "",
    "FrenchKeyName": "Comma",
    "KeyIconPath": "/Game/Aki/UI/UIResources/Common/Image/UiIconPcBtn/T_IconPcBtn_KeyM_UI.T_IconPcBtn_KeyM_UI"
  },
  {
    "Id": 20,
    "KeyName": "One",
    "KeyDescription": "键盘1",
    "KeyDisplayName": "",
    "FrenchKeyName": "Ampersand",
    "KeyIconPath": "/Game/Aki/UI/UIResources/Common/Image/UiIconPcBtn/T_IconPcBtn_Key1_UI.T_IconPcBtn_Key1_UI"
  },
  {
    "Id": 21,
    "KeyName": "Two",
    "KeyDescription": "键盘2",
    "KeyDisplayName": "",
    "FrenchKeyName": "E_AccentAigu",
    "KeyIconPath": "/Game/Aki/UI/UIResources/Common/Image/UiIconPcBtn/T_IconPcBtn_Key2_UI.T_IconPcBtn_Key2_UI"
  },
  {
    "Id": 22,
    "KeyName": "Three",
    "KeyDescription": "键盘3",
    "KeyDisplayName": "",
    "FrenchKeyName": "Quote",
    "KeyIconPath": "/Game/Aki/UI/UIResources/Common/Image/UiIconPcBtn/T_IconPcBtn_Key3_UI.T_IconPcBtn_Key3_UI"
  },
  {
    "Id": 23,
    "KeyName": "MiddleMouseButton",
    "KeyDescription": "鼠标中键",
    "KeyDisplayName": "",
    "FrenchKeyName": "",
    "KeyIconPath": "/Game/Aki/UI/UIResources/Common/Image/UiIconPcBtn/T_IconPcBtn_MouseMiddle_UI.T_IconPcBtn_MouseMiddle_UI"
  },
  {
    "Id": 24,
    "KeyName": "LeftAlt",
    "KeyDescription": "左Alt",
    "KeyDisplayName": "",
    "FrenchKeyName": "",
    "KeyIconPath": "/Game/Aki/UI/UIResources/Common/Image/UiIconPcBtn/T_IconPcBtn_KeyAlt_UI.T_IconPcBtn_KeyAlt_UI"
  },
  {
    "Id": 25,
    "KeyName": "X",
    "KeyDescription": "键盘X",
    "KeyDisplayName": "",
    "FrenchKeyName": "",
    "KeyIconPath": "/Game/Aki/UI/UIResources/Common/Image/UiIconPcBtn/T_IconPcBtn_KeyX_UI.T_IconPcBtn_KeyX_UI"
  },
  {
    "Id": 26,
    "KeyName": "Tilde",
    "KeyDescription": "键盘~",
    "KeyDisplayName": "",
    "FrenchKeyName": "²",
    "KeyIconPath": "/Game/Aki/UI/UIResources/Common/Image/UiIconPcBtn/T_IconPcBtn_KeyTilde_UI.T_IconPcBtn_KeyTilde_UI"
  },
  {
    "Id": 27,
    "KeyName": "G",
    "KeyDescription": "键盘G",
    "KeyDisplayName": "",
    "FrenchKeyName": "",
    "KeyIconPath": "/Game/Aki/UI/UIResources/Common/Image/UiIconPcBtn/T_IconPcBtn_KeyG_UI.T_IconPcBtn_KeyG_UI"
  },
  {
    "Id": 28,
    "KeyName": "H",
    "KeyDescription": "键盘H",
    "KeyDisplayName": "",
    "FrenchKeyName": "",
    "KeyIconPath": "/Game/Aki/UI/UIResources/Common/Image/UiIconPcBtn/T_IconPcBtn_KeyH_UI.T_IconPcBtn_KeyH_UI"
  },
  {
    "Id": 29,
    "KeyName": "Four",
    "KeyDescription": "键盘4",
    "KeyDisplayName": "",
    "FrenchKeyName": "Apostrophe",
    "KeyIconPath": "/Game/Aki/UI/UIResources/Common/Image/UiIconPcBtn/T_IconPcBtn_Key4_UI.T_IconPcBtn_Key4_UI"
  },
  {
    "Id": 30,
    "KeyName": "MouseWheelAxis",
    "KeyDescription": "鼠标滚轮",
    "KeyDisplayName": "",
    "FrenchKeyName": "",
    "KeyIconPath": "/Game/Aki/UI/UIResources/Common/Image/UiIconPcBtn/T_IconPcBtn_KeyWheelAxis_UI.T_IconPcBtn_KeyWheelAxis_UI"
  },
  {
    "Id": 31,
    "KeyName": "Tab",
    "KeyDescription": "键盘Tab",
    "KeyDisplayName": "",
    "FrenchKeyName": "",
    "KeyIconPath": "/Game/Aki/UI/UIResources/Common/Image/UiIconPcBtn/T_IconPcBtn_KeyTab_UI.T_IconPcBtn_KeyTab_UI"
  },
  {
    "Id": 32,
    "KeyName": "Zero",
    "KeyDescription": "",
    "KeyDisplayName": "",
    "FrenchKeyName": "",
    "KeyIconPath": "/Game/Aki/UI/UIResources/Common/Image/UiIconPcBtn/T_IconPcBtn_Key0_UI.T_IconPcBtn_Key0_UI"
  },
  {
    "Id": 33,
    "KeyName": "Five",
    "KeyDescription": "",
    "KeyDisplayName": "",
    "FrenchKeyName": "",
    "KeyIconPath": "/Game/Aki/UI/UIResources/Common/Image/UiIconPcBtn/T_IconPcBtn_Key5_UI.T_IconPcBtn_Key5_UI"
  },
  {
    "Id": 34,
    "KeyName": "Six",
    "KeyDescription": "",
    "KeyDisplayName": "",
    "FrenchKeyName": "",
    "KeyIconPath": "/Game/Aki/UI/UIResources/Common/Image/UiIconPcBtn/T_IconPcBtn_Key6_UI.T_IconPcBtn_Key6_UI"
  },
  {
    "Id": 35,
    "KeyName": "Seven",
    "KeyDescription": "",
    "KeyDisplayName": "",
    "FrenchKeyName": "",
    "KeyIconPath": "/Game/Aki/UI/UIResources/Common/Image/UiIconPcBtn/T_IconPcBtn_Key7_UI.T_IconPcBtn_Key7_UI"
  },
  {
    "Id": 36,
    "KeyName": "Eight",
    "KeyDescription": "",
    "KeyDisplayName": "",
    "FrenchKeyName": "",
    "KeyIconPath": "/Game/Aki/UI/UIResources/Common/Image/UiIconPcBtn/T_IconPcBtn_Key8_UI.T_IconPcBtn_Key8_UI"
  },
  {
    "Id": 37,
    "KeyName": "Nine",
    "KeyDescription": "",
    "KeyDisplayName": "",
    "FrenchKeyName": "",
    "KeyIconPath": "/Game/Aki/UI/UIResources/Common/Image/UiIconPcBtn/T_IconPcBtn_Key9_UI.T_IconPcBtn_Key9_UI"
  },
  {
    "Id": 38,
    "KeyName": "Add",
    "KeyDescription": "",
    "KeyDisplayName": "",
    "FrenchKeyName": "",
    "KeyIconPath": "/Game/Aki/UI/UIResources/Common/Image/UiIconPcBtn/T_IconPcBtn_KeyAdd_UI.T_IconPcBtn_KeyAdd_UI"
  },
  {
    "Id": 39,
    "KeyName": "Apostrophe",
    "KeyDescription": "",
    "KeyDisplayName": "",
    "FrenchKeyName": "",
    "KeyIconPath": "/Game/Aki/UI/UIResources/Common/Image/UiIconPcBtn/T_IconPcBtn_Key4_UI.T_IconPcBtn_Key4_UI"
  },
  {
    "Id": 40,
    "KeyName": "Backslash",
    "KeyDescription": "",
    "KeyDisplayName": "",
    "FrenchKeyName": "",
    "KeyIconPath": "/Game/Aki/UI/UIResources/Common/Image/UiIconPcBtn/T_IconPcBtn_KeyBackslash_UI.T_IconPcBtn_KeyBackslash_UI"
  },
  {
    "Id": 41,
    "KeyName": "BackSpace",
    "KeyDescription": "",
    "KeyDisplayName": "",
    "FrenchKeyName": "",
    "KeyIconPath": "/Game/Aki/UI/UIResources/Common/Image/UiIconPcBtn/T_IconPcBtn_KeyBackSpace_UI.T_IconPcBtn_KeyBackSpace_UI"
  },
  {
    "Id": 42,
    "KeyName": "C",
    "KeyDescription": "",
    "KeyDisplayName": "",
    "FrenchKeyName": "",
    "KeyIconPath": "/Game/Aki/UI/UIResources/Common/Image/UiIconPcBtn/T_IconPcBtn_KeyC_UI.T_IconPcBtn_KeyC_UI"
  },
  {
    "Id": 43,
    "KeyName": "CapsLock",
    "KeyDescription": "",
    "KeyDisplayName": "",
    "FrenchKeyName": "",
    "KeyIconPath": "/Game/Aki/UI/UIResources/Common/Image/UiIconPcBtn/T_IconPcBtn_KeyCapsLock_UI.T_IconPcBtn_KeyCapsLock_UI"
  },
  {
    "Id": 44,
    "KeyName": "Comma",
    "KeyDescription": "",
    "KeyDisplayName": "",
    "FrenchKeyName": "",
    "KeyIconPath": "/Game/Aki/UI/UIResources/Common/Image/UiIconPcBtn/T_IconPcBtn_KeyComma_UI.T_IconPcBtn_KeyComma_UI"
  },
  {
    "Id": 45,
    "KeyName": "Decimal",
    "KeyDescription": "",
    "KeyDisplayName": "",
    "FrenchKeyName": "",
    "KeyIconPath": "/Game/Aki/UI/UIResources/Common/Image/UiIconPcBtn/T_IconPcBtn_KeyDecimal_UI.T_IconPcBtn_KeyDecimal_UI"
  },
  {
    "Id": 46,
    "KeyName": "Delete",
    "KeyDescription": "",
    "KeyDisplayName": "",
    "FrenchKeyName": "",
    "KeyIconPath": "/Game/Aki/UI/UIResources/Common/Image/UiIconPcBtn/T_IconPcBtn_KeyDelete_UI.T_IconPcBtn_KeyDelete_UI"
  },
  {
    "Id": 47,
    "KeyName": "Divide",
    "KeyDescription": "",
    "KeyDisplayName": "",
    "FrenchKeyName": "",
    "KeyIconPath": "/Game/Aki/UI/UIResources/Common/Image/UiIconPcBtn/T_IconPcBtn_KeyDivide_UI.T_IconPcBtn_KeyDivide_UI"
  },
  {
    "Id": 48,
    "KeyName": "Down",
    "KeyDescription": "",
    "KeyDisplayName": "",
    "FrenchKeyName": "",
    "KeyIconPath": "/Game/Aki/UI/UIResources/Common/Image/UiIconPcBtn/T_IconPcBtn_KeyDown_UI.T_IconPcBtn_KeyDown_UI"
  },
  {
    "Id": 49,
    "KeyName": "End",
    "KeyDescription": "",
    "KeyDisplayName": "",
    "FrenchKeyName": "",
    "KeyIconPath": "/Game/Aki/UI/UIResources/Common/Image/UiIconPcBtn/T_IconPcBtn_KeyEnd_UI.T_IconPcBtn_KeyEnd_UI"
  },
  {
    "Id": 50,
    "KeyName": "Enter",
    "KeyDescription": "",
    "KeyDisplayName": "",
    "FrenchKeyName": "",
    "KeyIconPath": "/Game/Aki/UI/UIResources/Common/Image/UiIconPcBtn/T_IconPcBtn_KeyEnterUI.T_IconPcBtn_KeyEnterUI"
  },
  {
    "Id": 51,
    "KeyName": "Equals",
    "KeyDescription": "",
    "KeyDisplayName": "",
    "FrenchKeyName": "",
    "KeyIconPath": "/Game/Aki/UI/UIResources/Common/Image/UiIconPcBtn/T_IconPcBtn_KeyEquals_UI.T_IconPcBtn_KeyEquals_UI"
  },
  {
    "Id": 52,
    "KeyName": "Escape",
    "KeyDescription": "",
    "KeyDisplayName": "",
    "FrenchKeyName": "",
    "KeyIconPath": "/Game/Aki/UI/UIResources/Common/Image/UiIconPcBtn/T_IconPcBtn_KeyEsc_UI.T_IconPcBtn_KeyEsc_UI"
  },
  {
    "Id": 53,
    "KeyName": "F10",
    "KeyDescription": "",
    "KeyDisplayName": "",
    "FrenchKeyName": "",
    "KeyIconPath": "/Game/Aki/UI/UIResources/Common/Image/UiIconPcBtn/T_IconPcBtn_KeyF10_UI.T_IconPcBtn_KeyF10_UI"
  },
  {
    "Id": 54,
    "KeyName": "F11",
    "KeyDescription": "",
    "KeyDisplayName": "",
    "FrenchKeyName": "",
    "KeyIconPath": "/Game/Aki/UI/UIResources/Common/Image/UiIconPcBtn/T_IconPcBtn_KeyF11_UI.T_IconPcBtn_KeyF11_UI"
  },
  {
    "Id": 55,
    "KeyName": "F12",
    "KeyDescription": "",
    "KeyDisplayName": "",
    "FrenchKeyName": "",
    "KeyIconPath": "/Game/Aki/UI/UIResources/Common/Image/UiIconPcBtn/T_IconPcBtn_KeyF12_UI.T_IconPcBtn_KeyF12_UI"
  },
  {
    "Id": 56,
    "KeyName": "F1",
    "KeyDescription": "",
    "KeyDisplayName": "",
    "FrenchKeyName": "",
    "KeyIconPath": "/Game/Aki/UI/UIResources/Common/Image/UiIconPcBtn/T_IconPcBtn_KeyF1_UI.T_IconPcBtn_KeyF1_UI"
  },
  {
    "Id": 57,
    "KeyName": "F2",
    "KeyDescription": "",
    "KeyDisplayName": "",
    "FrenchKeyName": "",
    "KeyIconPath": "/Game/Aki/UI/UIResources/Common/Image/UiIconPcBtn/T_IconPcBtn_KeyF2_UI.T_IconPcBtn_KeyF2_UI"
  },
  {
    "Id": 58,
    "KeyName": "F3",
    "KeyDescription": "",
    "KeyDisplayName": "",
    "FrenchKeyName": "",
    "KeyIconPath": "/Game/Aki/UI/UIResources/Common/Image/UiIconPcBtn/T_IconPcBtn_KeyF3_UI.T_IconPcBtn_KeyF3_UI"
  },
  {
    "Id": 59,
    "KeyName": "F4",
    "KeyDescription": "",
    "KeyDisplayName": "",
    "FrenchKeyName": "",
    "KeyIconPath": "/Game/Aki/UI/UIResources/Common/Image/UiIconPcBtn/T_IconPcBtn_KeyF4_UI.T_IconPcBtn_KeyF4_UI"
  },
  {
    "Id": 60,
    "KeyName": "F5",
    "KeyDescription": "",
    "KeyDisplayName": "",
    "FrenchKeyName": "",
    "KeyIconPath": "/Game/Aki/UI/UIResources/Common/Image/UiIconPcBtn/T_IconPcBtn_KeyF5_UI.T_IconPcBtn_KeyF5_UI"
  },
  {
    "Id": 61,
    "KeyName": "F6",
    "KeyDescription": "",
    "KeyDisplayName": "",
    "FrenchKeyName": "",
    "KeyIconPath": "/Game/Aki/UI/UIResources/Common/Image/UiIconPcBtn/T_IconPcBtn_KeyF6_UI.T_IconPcBtn_KeyF6_UI"
  },
  {
    "Id": 62,
    "KeyName": "F7",
    "KeyDescription": "",
    "KeyDisplayName": "",
    "FrenchKeyName": "",
    "KeyIconPath": "/Game/Aki/UI/UIResources/Common/Image/UiIconPcBtn/T_IconPcBtn_KeyF7_UI.T_IconPcBtn_KeyF7_UI"
  },
  {
    "Id": 63,
    "KeyName": "F8",
    "KeyDescription": "",
    "KeyDisplayName": "",
    "FrenchKeyName": "",
    "KeyIconPath": "/Game/Aki/UI/UIResources/Common/Image/UiIconPcBtn/T_IconPcBtn_KeyF8_UI.T_IconPcBtn_KeyF8_UI"
  },
  {
    "Id": 64,
    "KeyName": "F9",
    "KeyDescription": "",
    "KeyDisplayName": "",
    "FrenchKeyName": "",
    "KeyIconPath": "/Game/Aki/UI/UIResources/Common/Image/UiIconPcBtn/T_IconPcBtn_KeyF9_UI.T_IconPcBtn_KeyF9_UI"
  },
  {
    "Id": 65,
    "KeyName": "Hyphen",
    "KeyDescription": "",
    "KeyDisplayName": "",
    "FrenchKeyName": "",
    "KeyIconPath": "/Game/Aki/UI/UIResources/Common/Image/UiIconPcBtn/T_IconPcBtn_KeyHyphen_UI.T_IconPcBtn_KeyHyphen_UI"
  },
  {
    "Id": 66,
    "KeyName": "I",
    "KeyDescription": "",
    "KeyDisplayName": "",
    "FrenchKeyName": "",
    "KeyIconPath": "/Game/Aki/UI/UIResources/Common/Image/UiIconPcBtn/T_IconPcBtn_KeyI_UI.T_IconPcBtn_KeyI_UI"
  },
  {
    "Id": 67,
    "KeyName": "Insert",
    "KeyDescription": "",
    "KeyDisplayName": "",
    "FrenchKeyName": "",
    "KeyIconPath": "/Game/Aki/UI/UIResources/Common/Image/UiIconPcBtn/T_IconPcBtn_KeyInsert_UI.T_IconPcBtn_KeyInsert_UI"
  },
  {
    "Id": 68,
    "KeyName": "K",
    "KeyDescription": "",
    "KeyDisplayName": "",
    "FrenchKeyName": "",
    "KeyIconPath": "/Game/Aki/UI/UIResources/Common/Image/UiIconPcBtn/T_IconPcBtn_KeyK_UI.T_IconPcBtn_KeyK_UI"
  },
  {
    "Id": 69,
    "KeyName": "L",
    "KeyDescription": "",
    "KeyDisplayName": "",
    "FrenchKeyName": "",
    "KeyIconPath": "/Game/Aki/UI/UIResources/Common/Image/UiIconPcBtn/T_IconPcBtn_KeyL_UI.T_IconPcBtn_KeyL_UI"
  },
  {
    "Id": 70,
    "KeyName": "Left",
    "KeyDescription": "",
    "KeyDisplayName": "",
    "FrenchKeyName": "",
    "KeyIconPath": "/Game/Aki/UI/UIResources/Common/Image/UiIconPcBtn/T_IconPcBtn_KeyLeft_UI.T_IconPcBtn_KeyLeft_UI"
  },
  {
    "Id": 71,
    "KeyName": "LeftBracket",
    "KeyDescription": "",
    "KeyDisplayName": "",
    "FrenchKeyName": "",
    "KeyIconPath": "/Game/Aki/UI/UIResources/Common/Image/UiIconPcBtn/T_IconPcBtn_KeyLeftBracket_UI.T_IconPcBtn_KeyLeftBracket_UI"
  },
  {
    "Id": 72,
    "KeyName": "LeftControl",
    "KeyDescription": "",
    "KeyDisplayName": "",
    "FrenchKeyName": "",
    "KeyIconPath": "/Game/Aki/UI/UIResources/Common/Image/UiIconPcBtn/T_IconPcBtn_KeyLeftCtrl_UI.T_IconPcBtn_KeyLeftCtrl_UI"
  },
  {
    "Id": 73,
    "KeyName": "Multiply",
    "KeyDescription": "",
    "KeyDisplayName": "",
    "FrenchKeyName": "",
    "KeyIconPath": "/Game/Aki/UI/UIResources/Common/Image/UiIconPcBtn/T_IconPcBtn_KeyMultiply_UI.T_IconPcBtn_KeyMultiply_UI"
  },
  {
    "Id": 74,
    "KeyName": "N",
    "KeyDescription": "",
    "KeyDisplayName": "",
    "FrenchKeyName": "",
    "KeyIconPath": "/Game/Aki/UI/UIResources/Common/Image/UiIconPcBtn/T_IconPcBtn_KeyN_UI.T_IconPcBtn_KeyN_UI"
  },
  {
    "Id": 75,
    "KeyName": "NumPadEight",
    "KeyDescription": "",
    "KeyDisplayName": "",
    "FrenchKeyName": "",
    "KeyIconPath": "/Game/Aki/UI/UIResources/Common/Image/UiIconPcBtn/T_IconPcBtn_KeyNumPadEight_UI.T_IconPcBtn_KeyNumPadEight_UI"
  },
  {
    "Id": 76,
    "KeyName": "NumPadFive",
    "KeyDescription": "",
    "KeyDisplayName": "",
    "FrenchKeyName": "",
    "KeyIconPath": "/Game/Aki/UI/UIResources/Common/Image/UiIconPcBtn/T_IconPcBtn_KeyNumPadFive_UI.T_IconPcBtn_KeyNumPadFive_UI"
  },
  {
    "Id": 77,
    "KeyName": "NumPadFour",
    "KeyDescription": "",
    "KeyDisplayName": "",
    "FrenchKeyName": "",
    "KeyIconPath": "/Game/Aki/UI/UIResources/Common/Image/UiIconPcBtn/T_IconPcBtn_KeyNumPadFour_UI.T_IconPcBtn_KeyNumPadFour_UI"
  },
  {
    "Id": 78,
    "KeyName": "NumPadNine",
    "KeyDescription": "",
    "KeyDisplayName": "",
    "FrenchKeyName": "",
    "KeyIconPath": "/Game/Aki/UI/UIResources/Common/Image/UiIconPcBtn/T_IconPcBtn_KeyNumPadNine_UI.T_IconPcBtn_KeyNumPadNine_UI"
  },
  {
    "Id": 79,
    "KeyName": "NumPadOne",
    "KeyDescription": "",
    "KeyDisplayName": "",
    "FrenchKeyName": "",
    "KeyIconPath": "/Game/Aki/UI/UIResources/Common/Image/UiIconPcBtn/T_IconPcBtn_KeyNumPadOne_UI.T_IconPcBtn_KeyNumPadOne_UI"
  },
  {
    "Id": 80,
    "KeyName": "NumPadSeven",
    "KeyDescription": "",
    "KeyDisplayName": "",
    "FrenchKeyName": "",
    "KeyIconPath": "/Game/Aki/UI/UIResources/Common/Image/UiIconPcBtn/T_IconPcBtn_KeyNumPadSeven_UI.T_IconPcBtn_KeyNumPadSeven_UI"
  },
  {
    "Id": 81,
    "KeyName": "NumPadSix",
    "KeyDescription": "",
    "KeyDisplayName": "",
    "FrenchKeyName": "",
    "KeyIconPath": "/Game/Aki/UI/UIResources/Common/Image/UiIconPcBtn/T_IconPcBtn_KeyNumPadSix_UI.T_IconPcBtn_KeyNumPadSix_UI"
  },
  {
    "Id": 82,
    "KeyName": "NumPadThree",
    "KeyDescription": "",
    "KeyDisplayName": "",
    "FrenchKeyName": "",
    "KeyIconPath": "/Game/Aki/UI/UIResources/Common/Image/UiIconPcBtn/T_IconPcBtn_KeyNumPadThree_UI.T_IconPcBtn_KeyNumPadThree_UI"
  },
  {
    "Id": 83,
    "KeyName": "NumPadTwo",
    "KeyDescription": "",
    "KeyDisplayName": "",
    "FrenchKeyName": "",
    "KeyIconPath": "/Game/Aki/UI/UIResources/Common/Image/UiIconPcBtn/T_IconPcBtn_KeyNumPadTwo_UI.T_IconPcBtn_KeyNumPadTwo_UI"
  },
  {
    "Id": 84,
    "KeyName": "NumPadZero",
    "KeyDescription": "",
    "KeyDisplayName": "",
    "FrenchKeyName": "",
    "KeyIconPath": "/Game/Aki/UI/UIResources/Common/Image/UiIconPcBtn/T_IconPcBtn_KeyNumPadZero_UI.T_IconPcBtn_KeyNumPadZero_UI"
  },
  {
    "Id": 85,
    "KeyName": "PageDown",
    "KeyDescription": "",
    "KeyDisplayName": "",
    "FrenchKeyName": "",
    "KeyIconPath": "/Game/Aki/UI/UIResources/Common/Image/UiIconPcBtn/T_IconPcBtn_KeyPageDown_UI.T_IconPcBtn_KeyPageDown_UI"
  },
  {
    "Id": 86,
    "KeyName": "PageUp",
    "KeyDescription": "",
    "KeyDisplayName": "",
    "FrenchKeyName": "",
    "KeyIconPath": "/Game/Aki/UI/UIResources/Common/Image/UiIconPcBtn/T_IconPcBtn_KeyPageUp_UI.T_IconPcBtn_KeyPageUp_UI"
  },
  {
    "Id": 87,
    "KeyName": "Period",
    "KeyDescription": "",
    "KeyDisplayName": "",
    "FrenchKeyName": "",
    "KeyIconPath": "/Game/Aki/UI/UIResources/Common/Image/UiIconPcBtn/T_IconPcBtn_KeyPeriod_UI.T_IconPcBtn_KeyPeriod_UI"
  },
  {
    "Id": 88,
    "KeyName": "Right",
    "KeyDescription": "",
    "KeyDisplayName": "",
    "FrenchKeyName": "",
    "KeyIconPath": "/Game/Aki/UI/UIResources/Common/Image/UiIconPcBtn/T_IconPcBtn_KeyRight_UI.T_IconPcBtn_KeyRight_UI"
  },
  {
    "Id": 89,
    "KeyName": "RightAlt",
    "KeyDescription": "",
    "KeyDisplayName": "",
    "FrenchKeyName": "",
    "KeyIconPath": "/Game/Aki/UI/UIResources/Common/Image/UiIconPcBtn/T_IconPcBtn_KeyRightAlt_UI.T_IconPcBtn_KeyRightAlt_UI"
  },
  {
    "Id": 90,
    "KeyName": "RightBracket",
    "KeyDescription": "",
    "KeyDisplayName": "",
    "FrenchKeyName": "",
    "KeyIconPath": "/Game/Aki/UI/UIResources/Common/Image/UiIconPcBtn/T_IconPcBtn_KeyRightBracket_UI.T_IconPcBtn_KeyRightBracket_UI"
  },
  {
    "Id": 91,
    "KeyName": "RightControl",
    "KeyDescription": "",
    "KeyDisplayName": "",
    "FrenchKeyName": "",
    "KeyIconPath": "/Game/Aki/UI/UIResources/Common/Image/UiIconPcBtn/T_IconPcBtn_KeyRightCtrl_UI.T_IconPcBtn_KeyRightCtrl_UI"
  },
  {
    "Id": 92,
    "KeyName": "RightShift",
    "KeyDescription": "",
    "KeyDisplayName": "",
    "FrenchKeyName": "",
    "KeyIconPath": "/Game/Aki/UI/UIResources/Common/Image/UiIconPcBtn/T_IconPcBtn_KeyRightShift_UI.T_IconPcBtn_KeyRightShift_UI"
  },
  {
    "Id": 93,
    "KeyName": "Semicolon",
    "KeyDescription": "",
    "KeyDisplayName": "",
    "FrenchKeyName": "",
    "KeyIconPath": "/Game/Aki/UI/UIResources/Common/Image/UiIconPcBtn/T_IconPcBtn_KeySemicolon_UI.T_IconPcBtn_KeySemicolon_UI"
  },
  {
    "Id": 94,
    "KeyName": "Slash",
    "KeyDescription": "",
    "KeyDisplayName": "",
    "FrenchKeyName": "",
    "KeyIconPath": "/Game/Aki/UI/UIResources/Common/Image/UiIconPcBtn/T_IconPcBtn_KeySlash_UI.T_IconPcBtn_KeySlash_UI"
  },
  {
    "Id": 95,
    "KeyName": "Subtract",
    "KeyDescription": "",
    "KeyDisplayName": "",
    "FrenchKeyName": "",
    "KeyIconPath": "/Game/Aki/UI/UIResources/Common/Image/UiIconPcBtn/T_IconPcBtn_KeySubtract_UI.T_IconPcBtn_KeySubtract_UI"
  },
  {
    "Id": 96,
    "KeyName": "U",
    "KeyDescription": "",
    "KeyDisplayName": "",
    "FrenchKeyName": "",
    "KeyIconPath": "/Game/Aki/UI/UIResources/Common/Image/UiIconPcBtn/T_IconPcBtn_KeyU_UI.T_IconPcBtn_KeyU_UI"
  },
  {
    "Id": 97,
    "KeyName": "Up",
    "KeyDescription": "",
    "KeyDisplayName": "",
    "FrenchKeyName": "",
    "KeyIconPath": "/Game/Aki/UI/UIResources/Common/Image/UiIconPcBtn/T_IconPcBtn_KeyUp_UI.T_IconPcBtn_KeyUp_UI"
  },
  {
    "Id": 98,
    "KeyName": "Y",
    "KeyDescription": "",
    "KeyDisplayName": "",
    "FrenchKeyName": "",
    "KeyIconPath": "/Game/Aki/UI/UIResources/Common/Image/UiIconPcBtn/T_IconPcBtn_KeyY_UI.T_IconPcBtn_KeyY_UI"
  },
  {
    "Id": 99,
    "KeyName": "Z",
    "KeyDescription": "",
    "KeyDisplayName": "",
    "FrenchKeyName": "W",
    "KeyIconPath": "/Game/Aki/UI/UIResources/Common/Image/UiIconPcBtn/T_IconPcBtn_KeyZ_UI.T_IconPcBtn_KeyZ_UI"
  },
  {
    "Id": 100,
    "KeyName": "Mouse2D",
    "KeyDescription": "",
    "KeyDisplayName": "",
    "FrenchKeyName": "",
    "KeyIconPath": "/Game/Aki/UI/UIResources/Common/Image/UiIconPcBtn/T_IconPcBtn_Mouse_UI.T_IconPcBtn_Mouse_UI"
  },
  {
    "Id": 101,
    "KeyName": "ThumbMouseButton",
    "KeyDescription": "",
    "KeyDisplayName": "",
    "FrenchKeyName": "",
    "KeyIconPath": "/Game/Aki/UI/UIResources/Common/Image/UiIconPcBtn/T_IconPcBtn_ThumbMouseButton2_UI.T_IconPcBtn_ThumbMouseButton2_UI"
  },
  {
    "Id": 102,
    "KeyName": "ThumbMouseButton2",
    "KeyDescription": "",
    "KeyDisplayName": "",
    "FrenchKeyName": "",
    "KeyIconPath": "/Game/Aki/UI/UIResources/Common/Image/UiIconPcBtn/T_IconPcBtn_ThumbMouseButton_UI.T_IconPcBtn_ThumbMouseButton_UI"
  },
  {
    "Id": 103,
    "KeyName": "Ampersand",
    "KeyDescription": "键盘1(法语)",
    "KeyDisplayName": "",
    "FrenchKeyName": "",
    "KeyIconPath": "/Game/Aki/UI/UIResources/Common/Image/UiIconPcBtn/T_IconPcBtn_Key1_UI.T_IconPcBtn_Key1_UI"
  },
  {
    "Id": 104,
    "KeyName": "E_AccentAigu",
    "KeyDescription": "键盘2(法语)",
    "KeyDisplayName": "",
    "FrenchKeyName": "",
    "KeyIconPath": "/Game/Aki/UI/UIResources/Common/Image/UiIconPcBtn/T_IconPcBtn_Key2_UI.T_IconPcBtn_Key2_UI"
  },
  {
    "Id": 105,
    "KeyName": "Quote",
    "KeyDescription": "键盘3(法语)",
    "KeyDisplayName": "",
    "FrenchKeyName": "",
    "KeyIconPath": "/Game/Aki/UI/UIResources/Common/Image/UiIconPcBtn/T_IconPcBtn_Key3_UI.T_IconPcBtn_Key3_UI"
  }
]