[
  {
    "Id": 1,
    "ExcelName": "幻象技能",
    "SheetName": "VisionSkill",
    "FieldName": "ElementId",
    "Value": 1,
    "Comment": "Mapping_1_Comment",
    "Icon": ""
  },
  {
    "Id": 2,
    "ExcelName": "幻象技能",
    "SheetName": "VisionSkill",
    "FieldName": "ElementId",
    "Value": 2,
    "Comment": "Mapping_2_Comment",
    "Icon": ""
  },
  {
    "Id": 3,
    "ExcelName": "幻象技能",
    "SheetName": "VisionSkill",
    "FieldName": "ElementId",
    "Value": 3,
    "Comment": "Mapping_3_Comment",
    "Icon": ""
  },
  {
    "Id": 4,
    "ExcelName": "幻象技能",
    "SheetName": "VisionSkill",
    "FieldName": "ElementId",
    "Value": 4,
    "Comment": "Mapping_4_Comment",
    "Icon": ""
  },
  {
    "Id": 5,
    "ExcelName": "幻象技能",
    "SheetName": "VisionSkill",
    "FieldName": "ElementId",
    "Value": 5,
    "Comment": "Mapping_5_Comment",
    "Icon": ""
  },
  {
    "Id": 6,
    "ExcelName": "幻象技能",
    "SheetName": "VisionSkill",
    "FieldName": "ElementId",
    "Value": 6,
    "Comment": "Mapping_6_Comment",
    "Icon": ""
  },
  {
    "Id": 7,
    "ExcelName": "幻象技能",
    "SheetName": "VisionSkill",
    "FieldName": "SkillType",
    "Value": 1,
    "Comment": "Mapping_7_Comment",
    "Icon": ""
  },
  {
    "Id": 8,
    "ExcelName": "幻象技能",
    "SheetName": "VisionSkill",
    "FieldName": "SkillType",
    "Value": 2,
    "Comment": "Mapping_8_Comment",
    "Icon": ""
  },
  {
    "Id": 9,
    "ExcelName": "幻象技能",
    "SheetName": "VisionSkill",
    "FieldName": "SkillType",
    "Value": 3,
    "Comment": "Mapping_9_Comment",
    "Icon": ""
  },
  {
    "Id": 10,
    "ExcelName": "武器基础配置",
    "SheetName": "WeaponConf",
    "FieldName": "WeaponType",
    "Value": 1,
    "Comment": "Mapping_10_Comment",
    "Icon": "/Game/Aki/UI/UIResources/Common/Atlas/SkillIcon/SkillIconNor/SP_IconNorSword.SP_IconNorSword"
  },
  {
    "Id": 11,
    "ExcelName": "武器基础配置",
    "SheetName": "WeaponConf",
    "FieldName": "WeaponType",
    "Value": 2,
    "Comment": "Mapping_11_Comment",
    "Icon": "/Game/Aki/UI/UIResources/Common/Atlas/SkillIcon/SkillIconNor/SP_IconNorKnife.SP_IconNorKnife"
  },
  {
    "Id": 12,
    "ExcelName": "武器基础配置",
    "SheetName": "WeaponConf",
    "FieldName": "WeaponType",
    "Value": 3,
    "Comment": "Mapping_12_Comment",
    "Icon": "/Game/Aki/UI/UIResources/Common/Atlas/SkillIcon/SkillIconNor/SP_IconNorGun.SP_IconNorGun"
  },
  {
    "Id": 13,
    "ExcelName": "武器基础配置",
    "SheetName": "WeaponConf",
    "FieldName": "WeaponType",
    "Value": 4,
    "Comment": "Mapping_13_Comment",
    "Icon": "/Game/Aki/UI/UIResources/Common/Atlas/SkillIcon/SkillIconNor/SP_IconNorFist.SP_IconNorFist"
  },
  {
    "Id": 14,
    "ExcelName": "武器基础配置",
    "SheetName": "WeaponConf",
    "FieldName": "WeaponType",
    "Value": 5,
    "Comment": "Mapping_14_Comment",
    "Icon": "/Game/Aki/UI/UIResources/Common/Atlas/SkillIcon/SkillIconNor/SP_IconNorMagic.SP_IconNorMagic"
  }
]