[
  {
    "Id": 1,
    "BaseIncrease": 150,
    "DecreaseByDist": 0.25,
    "MaxDist": -1,
    "ForwardAngle": 60,
    "BackwardRate": 0.5,
    "BaseDecrease": 10,
    "AlertnessType": 1,
    "ShowDist": 3000
  },
  {
    "Id": 2,
    "BaseIncrease": 150,
    "DecreaseByDist": 0.25,
    "MaxDist": -1,
    "ForwardAngle": 60,
    "BackwardRate": 0.5,
    "BaseDecrease": 10,
    "AlertnessType": 2,
    "ShowDist": 3000
  },
  {
    "Id": 3,
    "BaseIncrease": 150,
    "DecreaseByDist": 0.10000000149011612,
    "MaxDist": -1,
    "ForwardAngle": 60,
    "BackwardRate": 0.5,
    "BaseDecrease": 10,
    "AlertnessType": 2,
    "ShowDist": 3000
  },
  {
    "Id": 4,
    "BaseIncrease": 150,
    "DecreaseByDist": -1,
    "MaxDist": 300,
    "ForwardAngle": 60,
    "BackwardRate": 1,
    "BaseDecrease": 150,
    "AlertnessType": 3,
    "ShowDist": 2000
  }
]