[
  {
    "Id": 21001,
    "RandomSkills": [
      {
        "ArrayInt": [
          21001001
        ]
      }
    ]
  },
  {
    "Id": 21018,
    "RandomSkills": [
      {
        "ArrayInt": [
          21018001
        ]
      }
    ]
  },
  {
    "Id": 70001,
    "RandomSkills": [
      {
        "ArrayInt": [
          70001001,
          70001002,
          70001003
        ]
      }
    ]
  },
  {
    "Id": 70002,
    "RandomSkills": [
      {
        "ArrayInt": [
          70002001,
          70002002,
          70002003,
          70002004
        ]
      }
    ]
  },
  {
    "Id": 70006,
    "RandomSkills": [
      {
        "ArrayInt": [
          70006001,
          70006002
        ]
      }
    ]
  },
  {
    "Id": 70011,
    "RandomSkills": [
      {
        "ArrayInt": [
          70011001,
          70011002
        ]
      }
    ]
  },
  {
    "Id": 70013,
    "RandomSkills": [
      {
        "ArrayInt": [
          70013001,
          70013002,
          70013003
        ]
      }
    ]
  },
  {
    "Id": 70014,
    "RandomSkills": [
      {
        "ArrayInt": [
          70014001,
          70014002
        ]
      }
    ]
  },
  {
    "Id": 70015,
    "RandomSkills": [
      {
        "ArrayInt": [
          70015001,
          70015002,
          70015003,
          70015004
        ]
      }
    ]
  },
  {
    "Id": 70021,
    "RandomSkills": [
      {
        "ArrayInt": [
          70021001,
          70021002,
          70021003,
          70021004
        ]
      }
    ]
  },
  {
    "Id": 70027,
    "RandomSkills": [
      {
        "ArrayInt": [
          70027001,
          70027002
        ]
      }
    ]
  },
  {
    "Id": 70076,
    "RandomSkills": [
      {
        "ArrayInt": [
          70076001,
          70076002,
          70076003,
          70076101,
          70076102,
          70076103
        ]
      }
    ]
  },
  {
    "Id": 70051,
    "RandomSkills": [
      {
        "ArrayInt": [
          70051001,
          70051002
        ]
      },
      {
        "ArrayInt": [
          70051003,
          70051004,
          70051005
        ]
      }
    ]
  },
  {
    "Id": 70052,
    "RandomSkills": [
      {
        "ArrayInt": [
          70052001,
          70052003,
          70052004,
          70052008
        ]
      },
      {
        "ArrayInt": [
          70052002
        ]
      },
      {
        "ArrayInt": [
          70052005,
          70052006,
          70052007
        ]
      }
    ]
  },
  {
    "Id": 70064,
    "RandomSkills": [
      {
        "ArrayInt": [
          70064001,
          70064002,
          70064003,
          70064004,
          70064006,
          70064100,
          70064101
        ]
      },
      {
        "ArrayInt": [
          70064001,
          70064003,
          70064005
        ]
      }
    ]
  },
  {
    "Id": 70065,
    "RandomSkills": [
      {
        "ArrayInt": [
          70065001,
          70065002,
          70065003,
          70065004,
          70065100,
          70065101
        ]
      }
    ]
  },
  {
    "Id": 70067,
    "RandomSkills": [
      {
        "ArrayInt": [
          70067001,
          70067003,
          99999001
        ]
      },
      {
        "ArrayInt": [
          70067002
        ]
      }
    ]
  },
  {
    "Id": 70068,
    "RandomSkills": [
      {
        "ArrayInt": [
          70068001,
          70068002,
          70068003,
          99999001
        ]
      },
      {
        "ArrayInt": [
          70068004
        ]
      }
    ]
  },
  {
    "Id": 70069,
    "RandomSkills": [
      {
        "ArrayInt": [
          70069001,
          70069002,
          70069003,
          99999001
        ]
      },
      {
        "ArrayInt": [
          70069004
        ]
      }
    ]
  },
  {
    "Id": 70072,
    "RandomSkills": [
      {
        "ArrayInt": [
          70072100,
          70072101,
          70072102,
          70072103,
          70072104,
          70072105,
          70072106,
          70072107,
          70072108,
          70072109,
          70072110,
          70072111,
          70072112,
          70072113,
          70072114
        ]
      },
      {
        "ArrayInt": [
          70072001,
          70072003
        ]
      },
      {
        "ArrayInt": [
          70072011,
          70072012,
          70072013
        ]
      },
      {
        "ArrayInt": [
          70072021,
          70072022,
          70072023
        ]
      },
      {
        "ArrayInt": [
          70072031,
          70072032,
          70072033
        ]
      },
      {
        "ArrayInt": [
          70072041,
          70072042,
          70072043,
          70072044
        ]
      },
      {
        "ArrayInt": [
          70072051,
          70072052,
          70072053,
          70072054
        ]
      }
    ]
  },
  {
    "Id": 70073,
    "RandomSkills": [
      {
        "ArrayInt": [
          70073100,
          70073101,
          70073102,
          70073103,
          70073104,
          70073105,
          70073106,
          70073107,
          70073108,
          70073109,
          70073110,
          70073111,
          70073112,
          70073113,
          70073114
        ]
      },
      {
        "ArrayInt": [
          70073001,
          70073003
        ]
      },
      {
        "ArrayInt": [
          70073011,
          70073012,
          70073013
        ]
      },
      {
        "ArrayInt": [
          70073021,
          70073022,
          70073023
        ]
      },
      {
        "ArrayInt": [
          70073031,
          70073032,
          70073033
        ]
      },
      {
        "ArrayInt": [
          70073041,
          70073042,
          70073043,
          70073044
        ]
      },
      {
        "ArrayInt": [
          70073051,
          70073052,
          70073053,
          70073054
        ]
      }
    ]
  },
  {
    "Id": 70074,
    "RandomSkills": [
      {
        "ArrayInt": [
          70074001,
          70074002,
          70074003
        ]
      }
    ]
  },
  {
    "Id": 70075,
    "RandomSkills": [
      {
        "ArrayInt": [
          70075001,
          70075002,
          70075003,
          70075004,
          70075005,
          70075101,
          70075102
        ]
      }
    ]
  },
  {
    "Id": 70077,
    "RandomSkills": [
      {
        "ArrayInt": [
          70077001,
          70077002,
          70077003,
          70077004,
          70077101,
          70077102
        ]
      }
    ]
  },
  {
    "Id": 70078,
    "RandomSkills": [
      {
        "ArrayInt": [
          70078001,
          70078002,
          70078003,
          70078100,
          70078101,
          70078102
        ]
      }
    ]
  },
  {
    "Id": 70079,
    "RandomSkills": [
      {
        "ArrayInt": [
          70079001,
          70079002,
          70079003,
          70079004,
          70079005
        ]
      }
    ]
  },
  {
    "Id": 70092,
    "RandomSkills": [
      {
        "ArrayInt": [
          70092001,
          70092002,
          70092005,
          70092006,
          70092007,
          70092008,
          70092009,
          70092101,
          70092102,
          70092103
        ]
      }
    ]
  },
  {
    "Id": 70093,
    "RandomSkills": [
      {
        "ArrayInt": [
          70093001,
          70093002,
          70093003,
          70093101,
          70093102
        ]
      }
    ]
  },
  {
    "Id": 70094,
    "RandomSkills": [
      {
        "ArrayInt": [
          70094001,
          70094002,
          70094003,
          70094004,
          70094005,
          70094100
        ]
      }
    ]
  },
  {
    "Id": 70100,
    "RandomSkills": [
      {
        "ArrayInt": [
          70100100,
          70100101,
          70100102,
          70100103,
          70100011,
          70100012,
          70100013,
          70100017,
          70100018,
          70100019,
          70100111,
          70100112,
          70100021,
          70100024,
          70100031
        ]
      }
    ]
  },
  {
    "Id": 70105,
    "RandomSkills": [
      {
        "ArrayInt": [
          70105002,
          70105100
        ]
      },
      {
        "ArrayInt": [
          70105001,
          70105003,
          70105100
        ]
      }
    ]
  },
  {
    "Id": 70106,
    "RandomSkills": [
      {
        "ArrayInt": [
          70106001,
          70106002,
          70106003
        ]
      }
    ]
  },
  {
    "Id": 77004,
    "RandomSkills": [
      {
        "ArrayInt": [
          77004001,
          77004002,
          77004003,
          77004006,
          77004007,
          77004101,
          77004102,
          77004103
        ]
      },
      {
        "ArrayInt": [
          77004004
        ]
      },
      {
        "ArrayInt": [
          77004008
        ]
      },
      {
        "ArrayInt": [
          77004009
        ]
      },
      {
        "ArrayInt": [
          77004010
        ]
      },
      {
        "ArrayInt": [
          77004011
        ]
      },
      {
        "ArrayInt": [
          77004012,
          77004013,
          77004014,
          77004015,
          77004016,
          77004017
        ]
      },
      {
        "ArrayInt": [
          77004018
        ]
      }
    ]
  },
  {
    "Id": 77005,
    "RandomSkills": [
      {
        "ArrayInt": [
          77005001,
          77005002,
          77005003,
          77005004,
          77005007,
          77005101,
          77005102,
          77005103
        ]
      },
      {
        "ArrayInt": [
          77005018
        ]
      },
      {
        "ArrayInt": [
          77005008
        ]
      },
      {
        "ArrayInt": [
          77005009
        ]
      },
      {
        "ArrayInt": [
          77005010
        ]
      },
      {
        "ArrayInt": [
          77005011
        ]
      },
      {
        "ArrayInt": [
          77005005,
          77005012,
          77005013,
          77005014,
          77005015,
          77005016,
          77005017
        ]
      }
    ]
  },
  {
    "Id": 77012,
    "RandomSkills": [
      {
        "ArrayInt": [
          77012001,
          77012002,
          77012003,
          77012100,
          77012101,
          77012102
        ]
      },
      {
        "ArrayInt": [
          77012004
        ]
      }
    ]
  },
  {
    "Id": 77013,
    "RandomSkills": [
      {
        "ArrayInt": [
          77013001,
          77013002,
          77013003,
          77013100,
          77013101,
          77013102
        ]
      },
      {
        "ArrayInt": [
          77013004
        ]
      }
    ]
  },
  {
    "Id": 77016,
    "RandomSkills": [
      {
        "ArrayInt": [
          77016001,
          77016002,
          77016003,
          77016100,
          77016101,
          77016102
        ]
      },
      {
        "ArrayInt": [
          77016004
        ]
      }
    ]
  },
  {
    "Id": 77017,
    "RandomSkills": [
      {
        "ArrayInt": [
          77017001,
          77017002,
          77017003,
          77017100,
          77017101,
          77017102
        ]
      },
      {
        "ArrayInt": [
          77017004
        ]
      }
    ]
  },
  {
    "Id": 77021,
    "RandomSkills": [
      {
        "ArrayInt": [
          77021009,
          77021018,
          77021019,
          77021020,
          77021022,
          77021025
        ]
      },
      {
        "ArrayInt": [
          77021001,
          77021003,
          77021004,
          77021005,
          77021006,
          77021007,
          77021010,
          77021013
        ]
      },
      {
        "ArrayInt": [
          77021010,
          77021012
        ]
      },
      {
        "ArrayInt": [
          77021002,
          77021008,
          77021011,
          77021014,
          77021015,
          77021016
        ]
      }
    ]
  },
  {
    "Id": 77022,
    "RandomSkills": [
      {
        "ArrayInt": [
          77022004,
          77022009,
          77022010,
          77022011,
          77022012,
          77022013,
          77022100,
          77022101
        ]
      },
      {
        "ArrayInt": [
          77022001,
          77022002,
          77022003
        ]
      },
      {
        "ArrayInt": [
          77022002
        ]
      },
      {
        "ArrayInt": [
          77022003
        ]
      },
      {
        "ArrayInt": [
          77022005,
          77022006,
          77022007,
          77022008
        ]
      },
      {
        "ArrayInt": [
          77022006
        ]
      },
      {
        "ArrayInt": [
          77022007
        ]
      }
    ]
  },
  {
    "Id": 77023,
    "RandomSkills": [
      {
        "ArrayInt": [
          77023004,
          77023009,
          77023010,
          77023011,
          77023012,
          77023100,
          77023101
        ]
      },
      {
        "ArrayInt": [
          77023001,
          77023002,
          77023003
        ]
      },
      {
        "ArrayInt": [
          77023005,
          77023006,
          77023007,
          77023008
        ]
      }
    ]
  },
  {
    "Id": 77024,
    "RandomSkills": [
      {
        "ArrayInt": [
          77024009,
          77024016,
          77024017,
          77024100,
          77024101
        ]
      },
      {
        "ArrayInt": [
          77024001,
          77024002,
          77024031,
          77024004,
          77024017
        ]
      },
      {
        "ArrayInt": [
          77024008,
          77024032,
          77024004,
          77024005
        ]
      },
      {
        "ArrayInt": [
          77024007
        ]
      }
    ]
  },
  {
    "Id": 77025,
    "RandomSkills": [
      {
        "ArrayInt": [
          77025008,
          77025009,
          77025010,
          77025100,
          77025101,
          77025025
        ]
      },
      {
        "ArrayInt": [
          77025001,
          77025002,
          77025003
        ]
      },
      {
        "ArrayInt": [
          77025004,
          77025005,
          77025006,
          77025007
        ]
      }
    ]
  },
  {
    "Id": 77028,
    "RandomSkills": [
      {
        "ArrayInt": [
          77028004,
          77028008,
          77028009,
          77028010,
          77028011,
          77028101,
          77028102,
          77028103,
          77028104
        ]
      },
      {
        "ArrayInt": [
          77028001,
          77028002,
          77028003
        ]
      },
      {
        "ArrayInt": [
          77028001,
          77028002,
          77028003,
          77028006
        ]
      }
    ]
  },
  {
    "Id": 77029,
    "RandomSkills": [
      {
        "ArrayInt": [
          77029007,
          77029008,
          77029009,
          77029010,
          77029011,
          77029012,
          77029013,
          77029014,
          77029015
        ]
      },
      {
        "ArrayInt": [
          77029001,
          77029002,
          77029003
        ]
      },
      {
        "ArrayInt": [
          77029001,
          77029002,
          77029003,
          77029004
        ]
      }
    ]
  },
  {
    "Id": 77033,
    "RandomSkills": [
      {
        "ArrayInt": [
          77033011,
          77033012,
          77033013,
          77033016,
          77033017,
          77033021,
          77033026,
          77033041,
          77033051,
          77033101,
          77033102,
          77033103,
          77033104,
          77033105
        ]
      },
      {
        "ArrayInt": [
          77033061
        ]
      },
      {
        "ArrayInt": [
          77033071,
          77033072,
          77033073
        ]
      }
    ]
  },
  {
    "Id": 77036,
    "RandomSkills": [
      {
        "ArrayInt": [
          77036001,
          77036002,
          77036003,
          77036004,
          77036009,
          77036010,
          77036201,
          77036202,
          77036101,
          77036102,
          77036103
        ]
      },
      {
        "ArrayInt": [
          70000001
        ]
      }
    ]
  },
  {
    "Id": 77038,
    "RandomSkills": [
      {
        "ArrayInt": [
          77038001,
          77038002,
          77038003,
          77038004,
          77038100,
          77038101,
          77038102,
          77038103
        ]
      },
      {
        "ArrayInt": [
          77038006,
          77038007,
          77038008,
          77038009
        ]
      },
      {
        "ArrayInt": [
          77038005,
          77038010,
          77038011
        ]
      }
    ]
  },
  {
    "Id": 80002,
    "RandomSkills": [
      {
        "ArrayInt": [
          80002012,
          80002006,
          80002008,
          80002003,
          80002013,
          80002007,
          80002019,
          80002002,
          80002051,
          80002005,
          80002009,
          80002004,
          80002104,
          80002014,
          80002011,
          80002010,
          80002042,
          80002043,
          80002101,
          80002021,
          80002001,
          80002016,
          80002023,
          80002017
        ]
      }
    ]
  },
  {
    "Id": 80003,
    "RandomSkills": [
      {
        "ArrayInt": [
          80003001,
          80003002,
          80003003,
          80003004,
          80003005,
          80003006,
          80003007,
          80003008,
          80003009,
          80003010,
          80003011,
          80003012,
          80003013,
          80003014,
          80003015,
          80003016,
          80003017,
          80003018,
          80003019,
          80003020,
          80003021,
          80003022,
          80003023,
          80003024,
          80003025,
          80003031,
          80003032,
          80003033,
          80003034,
          80003041,
          80003042,
          80003043,
          80003044,
          80003051,
          80003052,
          80003053,
          80003054
        ]
      }
    ]
  },
  {
    "Id": 80004,
    "RandomSkills": [
      {
        "ArrayInt": [
          80004001,
          80004002,
          80004003,
          80004004,
          80004005,
          80004006,
          80004007,
          80004008,
          80004009,
          80004010,
          80004011,
          80004012,
          80004013,
          80004014,
          80004015,
          80004016,
          80004017,
          80004018,
          80004019,
          80004020,
          80004021,
          80004022,
          80004023,
          80004024,
          80004025,
          80004026,
          80004027,
          80004028,
          80004029,
          80004030,
          80004031,
          80004032,
          80004033,
          80004034,
          80004035,
          80004036,
          80004037,
          80004038,
          80004039,
          80004040,
          80004041,
          80004042,
          80004043,
          80004044,
          80004045,
          80004046,
          80004047,
          80004048,
          80004049,
          80004050,
          80004051,
          80004052,
          80004053,
          80004054,
          80004055,
          80004056,
          80004057,
          80004058,
          80004059,
          80004060,
          80004061,
          80004071,
          80004072,
          80004074,
          80004075,
          80004076,
          80004077,
          80004078,
          80004079,
          80004080,
          80004081,
          80004082,
          80004083,
          80004084,
          80004085,
          80004086,
          80004087,
          80004088,
          80004089,
          80004090,
          80004091,
          80004092,
          80004093,
          80004094,
          80004095,
          80004096,
          80004097,
          80004098,
          80004099
        ]
      }
    ]
  },
  {
    "Id": 80005,
    "RandomSkills": [
      {
        "ArrayInt": [
          80005001,
          80005002,
          80005003,
          80005004,
          80005005,
          80005006,
          80005007,
          80005008,
          80005009,
          80005010,
          80005011,
          80005012,
          80005013,
          80005014,
          80005015,
          80005016,
          80005017,
          80005018,
          80005019,
          80005020,
          80005021,
          80005022,
          80005023,
          80005024,
          80005025,
          80005026,
          80005027,
          80005028,
          80005029,
          80005030,
          80005031,
          80005032,
          80005033,
          80005034,
          80005035,
          80005036,
          80005037,
          80005038,
          80005039,
          80005040,
          80005041,
          80005042,
          80005043,
          80005044,
          80005045,
          80005046,
          80005047,
          80005048,
          80005049,
          80005050,
          80005051,
          80005052,
          80005053,
          80005054,
          80005055,
          80005056,
          80005057,
          80005058,
          80005059,
          80005060,
          80005061,
          80005062,
          80005063,
          80005064,
          80005065,
          80005066,
          80005067,
          80005068,
          80005069,
          80005070,
          80005071,
          80005072,
          80005073,
          80005074,
          80005075
        ]
      }
    ]
  },
  {
    "Id": 80006,
    "RandomSkills": [
      {
        "ArrayInt": [
          80006001,
          80006011,
          80006015,
          80006111,
          80006051,
          80006091,
          80006092,
          80006093,
          80006094,
          80006095,
          80006101,
          80006102,
          80006120,
          80006131,
          80006132,
          80006133,
          80006134,
          80006231,
          80006150,
          80006160,
          80006180,
          80006181,
          80006182,
          80006201,
          80006202,
          80006206,
          80006211,
          80006221,
          80006222,
          80006223,
          80006224
        ]
      },
      {
        "ArrayInt": [
          80006020,
          80006030,
          80006032,
          80006041,
          80006042,
          80006053,
          80006054,
          80006060,
          80006071,
          80006072,
          80006073,
          80006081,
          80006141,
          80006142
        ]
      },
      {
        "ArrayInt": [
          80006041,
          80006042,
          80006054,
          80006060,
          80006071,
          80006072,
          80006073,
          80006081,
          80006141,
          80006142
        ]
      }
    ]
  },
  {
    "Id": 80008,
    "RandomSkills": [
      {
        "ArrayInt": [
          80008003,
          80008004,
          80008005,
          80008002,
          80008033,
          80008006,
          80008063,
          80008064,
          80008055,
          80008056,
          80008099,
          80008036,
          80008059,
          80008007
        ]
      },
      {
        "ArrayInt": [
          80008012,
          80008030,
          80008031,
          80008059,
          80008036
        ]
      },
      {
        "ArrayInt": [
          80008034,
          80008032,
          80008031
        ]
      },
      {
        "ArrayInt": [
          80008052,
          80008011,
          80008031
        ]
      },
      {
        "ArrayInt": [
          80008012,
          80008030,
          80008065,
          80008061,
          80008032,
          80008034
        ]
      },
      {
        "ArrayInt": [
          80008057,
          80008051,
          80008058
        ]
      },
      {
        "ArrayInt": [
          80008060,
          80008001
        ]
      }
    ]
  },
  {
    "Id": 80015,
    "RandomSkills": [
      {
        "ArrayInt": [
          80015060,
          80015016,
          80015017,
          80015018,
          80015025,
          80015013,
          80015022,
          80015030,
          80015010,
          80015011,
          80015006,
          80015002,
          800150032,
          800150031,
          800150201,
          80015026,
          80015027,
          800150271
        ]
      },
      {
        "ArrayInt": [
          80015001,
          80015007,
          80015009,
          800150092
        ]
      },
      {
        "ArrayInt": [
          80015012,
          80015020
        ]
      },
      {
        "ArrayInt": [
          80015024,
          800150201,
          80015090,
          80015091,
          80015001,
          80015007
        ]
      },
      {
        "ArrayInt": [
          800150071,
          800150072,
          800150241,
          80015001,
          80015007,
          80015009,
          800150092
        ]
      },
      {
        "ArrayInt": [
          80015012,
          80015020,
          80015014,
          80015021
        ]
      },
      {
        "ArrayInt": [
          80015003,
          80015008,
          80015005
        ]
      },
      {
        "ArrayInt": [
          80015003,
          80015008,
          80015005
        ]
      },
      {
        "ArrayInt": [
          80015006,
          80015002,
          800150031
        ]
      },
      {
        "ArrayInt": [
          80015010,
          80015011,
          80015006,
          80015002,
          800150032,
          800150031
        ]
      },
      {
        "ArrayInt": [
          80015020,
          800150072,
          800150241
        ]
      },
      {
        "ArrayInt": [
          800150301
        ]
      }
    ]
  },
  {
    "Id": 80016,
    "RandomSkills": [
      {
        "ArrayInt": [
          80016001,
          80016002,
          80016003,
          80016004,
          80016005,
          80016006,
          80016007,
          80016008,
          80016009,
          80016010,
          80016011,
          80016012
        ]
      }
    ]
  },
  {
    "Id": 80009,
    "RandomSkills": [
      {
        "ArrayInt": [
          80009010,
          80009011,
          80009020,
          80009030,
          80009040,
          80009041,
          80009063,
          80009071,
          80009072,
          80009081,
          80009082,
          80009090,
          80009100,
          80009101,
          80009110,
          80009130,
          80009142,
          80009150,
          80009160,
          80009221,
          80009223,
          80009304,
          80009307
        ]
      }
    ]
  },
  {
    "Id": 80010,
    "RandomSkills": [
      {
        "ArrayInt": [
          80010001,
          80010002,
          80010003,
          80010004,
          80010005,
          80010006,
          80010007,
          80010008,
          80010009,
          80010010,
          80010011,
          80010012,
          80010013,
          80010014,
          80010015,
          80010016,
          80010017,
          80010018,
          80010019,
          80010020,
          80010021,
          80010022,
          80010023,
          80010024,
          80010025,
          80010026,
          80010027,
          80010028,
          80010029,
          80010030,
          80010031,
          80010032,
          80010033,
          80010034,
          80010035,
          80010036,
          80010037,
          80010038,
          80010039,
          80010040,
          80010041,
          80010042,
          80010043,
          80010044,
          80010045,
          80010046,
          80010047,
          80010048,
          80010049,
          80010050,
          80010051,
          80010052,
          80010053,
          80010054,
          80010055,
          80010056,
          80010057,
          80010058,
          80010059,
          80010060
        ]
      }
    ]
  },
  {
    "Id": 701103,
    "RandomSkills": [
      {
        "ArrayInt": [
          110301000,
          100701
        ]
      }
    ]
  },
  {
    "Id": 77026,
    "RandomSkills": [
      {
        "ArrayInt": [
          77026001,
          77026002,
          77026003,
          77026005,
          77026015,
          77026016,
          77026017,
          77026100,
          77026101,
          77026102,
          77026103,
          77026104,
          77026105,
          77026020
        ]
      },
      {
        "ArrayInt": [
          77026006,
          77026007,
          77026008,
          77026009,
          77026010,
          77026011,
          77026012,
          77026013,
          77026014,
          77026015,
          77026016,
          77026020
        ]
      },
      {
        "ArrayInt": [
          77026018,
          77026019
        ]
      }
    ]
  },
  {
    "Id": 77027,
    "RandomSkills": [
      {
        "ArrayInt": [
          77027001,
          77027003,
          77027004,
          77027005,
          77027006,
          77027009,
          77027010
        ]
      },
      {
        "ArrayInt": [
          77027002
        ]
      },
      {
        "ArrayInt": [
          77027007
        ]
      }
    ]
  },
  {
    "Id": 70070,
    "RandomSkills": [
      {
        "ArrayInt": [
          70070001,
          70070003,
          70070004,
          70070100,
          70070101
        ]
      },
      {
        "ArrayInt": [
          70070002
        ]
      }
    ]
  },
  {
    "Id": 70071,
    "RandomSkills": [
      {
        "ArrayInt": [
          70071001,
          70071002,
          70071004,
          70071100,
          70071101
        ]
      },
      {
        "ArrayInt": [
          70071003
        ]
      }
    ]
  },
  {
    "Id": 70066,
    "RandomSkills": [
      {
        "ArrayInt": [
          70066001,
          70066002,
          70066005,
          99999001
        ]
      },
      {
        "ArrayInt": [
          70066007
        ]
      }
    ]
  },
  {
    "Id": 70053,
    "RandomSkills": [
      {
        "ArrayInt": [
          70053001,
          70053501,
          70053502,
          70053100,
          70053101
        ]
      },
      {
        "ArrayInt": [
          70053002,
          70053003
        ]
      }
    ]
  },
  {
    "Id": 70054,
    "RandomSkills": [
      {
        "ArrayInt": [
          70054022,
          70054023,
          70054024,
          70054012
        ]
      }
    ]
  },
  {
    "Id": 80007,
    "RandomSkills": [
      {
        "ArrayInt": [
          80007001,
          80007002,
          80007003,
          80007004,
          80007005,
          80007006,
          80007007,
          80007008,
          80007009,
          80007010,
          80007011,
          80007012,
          80007013,
          80007014,
          80007015,
          80007016,
          80007017,
          80007018,
          80007019,
          80007020,
          80007021,
          80007022,
          80007023,
          80007024,
          80007025,
          80007026,
          80007027,
          80007028,
          80007029,
          80007030,
          80007031,
          80007032,
          80007033,
          80007034,
          80007035,
          80007036,
          80007037,
          80007038,
          80007039,
          80007040,
          80007041,
          80007042,
          80007043,
          80007044,
          80007045,
          80007046,
          80007047,
          80007048,
          80007049,
          80007050,
          80007051,
          80007052,
          80007053,
          80007054,
          80007055,
          80007056,
          80007057,
          80007058,
          80007059,
          80007060,
          80007070,
          80007071,
          80007072,
          80007073,
          80007074,
          80007075,
          80007076,
          80007077,
          80007078,
          80007079,
          80007080,
          80007081,
          80007082,
          80007083,
          80007084,
          80007085,
          80007086,
          80007087,
          80007088,
          80007089,
          80007090,
          80007091,
          80007092,
          80007093,
          80007094,
          80007095,
          80007096,
          80007097,
          80007098,
          80007099,
          80007999
        ]
      }
    ]
  },
  {
    "Id": 80011,
    "RandomSkills": [
      {
        "ArrayInt": [
          80011101,
          80011102,
          80011103,
          80011104,
          80011105
        ]
      },
      {
        "ArrayInt": [
          80011001,
          80011002
        ]
      },
      {
        "ArrayInt": [
          80011003,
          80011004,
          80011005,
          80011006,
          80011007,
          80011008,
          80011009,
          80011013,
          80011016,
          80011017,
          80011019,
          80011201,
          80011202,
          80011203
        ]
      }
    ]
  },
  {
    "Id": 77041,
    "RandomSkills": [
      {
        "ArrayInt": [
          77041001,
          77041002,
          77041003,
          77041007,
          77041009,
          77041010,
          77041011,
          77041013
        ]
      },
      {
        "ArrayInt": [
          77041001,
          77041002,
          77041003
        ]
      },
      {
        "ArrayInt": [
          77041002,
          77041003,
          77041004,
          77041005,
          77041006,
          77041008
        ]
      }
    ]
  },
  {
    "Id": 80012,
    "RandomSkills": [
      {
        "ArrayInt": [
          80012003,
          80012004,
          80012008,
          80012009,
          80012010,
          80012013,
          80012014,
          80012015,
          80012016,
          80012017,
          80012018,
          80012019,
          80012021,
          80012022,
          80012023,
          80012024,
          80012025,
          80012027,
          80012028,
          80012029,
          80012030,
          80012031,
          80012032
        ]
      },
      {
        "ArrayInt": [
          80012001,
          80012002,
          80012003,
          80012022
        ]
      },
      {
        "ArrayInt": [
          80012005,
          80012012,
          80012025,
          80012074
        ]
      },
      {
        "ArrayInt": [
          80012011,
          80012006,
          80012007,
          80012012
        ]
      },
      {
        "ArrayInt": [
          80012016,
          80012020,
          80012030
        ]
      },
      {
        "ArrayInt": [
          80012017,
          80012020,
          80012032
        ]
      },
      {
        "ArrayInt": [
          80012017
        ]
      }
    ]
  },
  {
    "Id": 77045,
    "RandomSkills": [
      {
        "ArrayInt": [
          77045001,
          77045002,
          77045003,
          77045005,
          77045006,
          77045007,
          77045008,
          77045010,
          77045011,
          77045012,
          77045100,
          77045300,
          77045400,
          77045401,
          77045403,
          77045700,
          77045701,
          77045800
        ]
      },
      {
        "ArrayInt": [
          77045001,
          77045002,
          77045003,
          77045005,
          77045006,
          77045007,
          77045008,
          77045010,
          77045011,
          77045012,
          77045100,
          77045300,
          77045500,
          77045700,
          77045701,
          77045800
        ]
      }
    ]
  },
  {
    "Id": 130201,
    "RandomSkills": [
      {
        "ArrayInt": [
          1302132,
          1302134
        ]
      }
    ]
  },
  {
    "Id": 70108,
    "RandomSkills": [
      {
        "ArrayInt": [
          70108001,
          70108002,
          70108003,
          70108004,
          70108005,
          70108006
        ]
      }
    ]
  },
  {
    "Id": 80014,
    "RandomSkills": [
      {
        "ArrayInt": [
          80014001,
          80014002,
          80014003,
          80014004,
          80014005,
          80014006,
          80014007,
          80014008,
          80014009,
          80014010,
          80014011,
          80014012,
          80014013,
          80014014,
          80014015,
          80014016,
          80014017,
          80014018,
          80014019,
          80014020,
          80014021,
          80014022,
          80014023,
          80014024,
          80014025,
          80014026,
          80014027,
          80014028,
          80014029,
          80014030,
          80014031,
          80014032,
          80014033,
          80014034,
          80014035,
          80014036,
          80014037,
          80014038,
          80014039,
          80014040,
          80014041,
          80014042,
          80014043,
          80014044,
          80014045,
          80014046,
          80014047,
          80014048,
          80014049,
          80014050,
          80014051,
          80014052,
          80014053,
          80014054,
          80014055,
          80014056,
          80014057,
          80014058,
          80014059,
          80014060
        ]
      }
    ]
  },
  {
    "Id": 8001001,
    "RandomSkills": [
      {
        "ArrayInt": [
          80010061,
          80010062,
          80010063,
          80010064,
          80010065
        ]
      }
    ]
  },
  {
    "Id": 770211,
    "RandomSkills": [
      {
        "ArrayInt": [
          77021002
        ]
      }
    ]
  },
  {
    "Id": 70109,
    "RandomSkills": [
      {
        "ArrayInt": [
          70109001,
          70109002,
          70109003,
          70109004,
          70109005
        ]
      }
    ]
  },
  {
    "Id": 70110,
    "RandomSkills": [
      {
        "ArrayInt": [
          70110001,
          70110002,
          70110003,
          70110004,
          70110006,
          70110007
        ]
      }
    ]
  },
  {
    "Id": 80013,
    "RandomSkills": [
      {
        "ArrayInt": [
          80013001,
          80013101,
          80013102,
          80013002,
          80013003,
          80013004,
          80013005,
          80013105,
          80013006,
          80013007,
          80013008,
          80013009,
          80013010,
          80013011,
          80013012,
          80013013,
          80013113,
          80013014,
          80013015,
          80013016,
          80013017,
          80013018,
          80013019,
          80013020,
          80013021,
          80013022,
          80013023,
          80013024,
          80013025,
          80013026,
          80013027,
          80013028,
          80013029,
          80013030,
          80013031,
          80013032,
          80013033,
          80013034,
          80013035,
          80013036,
          80013050,
          80013051,
          80013052,
          80013053,
          80013054,
          80013055,
          80013056,
          80013156,
          80013070,
          80013071,
          80013080,
          80013081
        ]
      }
    ]
  },
  {
    "Id": 70111,
    "RandomSkills": [
      {
        "ArrayInt": [
          70111001,
          70111002,
          70111003,
          70111004,
          70111005,
          70111006
        ]
      }
    ]
  },
  {
    "Id": 70112,
    "RandomSkills": [
      {
        "ArrayInt": [
          70112006
        ]
      },
      {
        "ArrayInt": [
          70112003
        ]
      },
      {
        "ArrayInt": [
          70112001,
          70112002
        ]
      },
      {
        "ArrayInt": [
          70112005
        ]
      },
      {
        "ArrayInt": [
          70112008
        ]
      }
    ]
  },
  {
    "Id": 80017,
    "RandomSkills": [
      {
        "ArrayInt": [
          80017003,
          80017004,
          80017005,
          80017006,
          80017010,
          80017011,
          80017012,
          80017014,
          80017015,
          80017029,
          80017030,
          80017031,
          80017036,
          80017037,
          80017040,
          80017304,
          80017305,
          80017306,
          80017307,
          80017308
        ]
      },
      {
        "ArrayInt": [
          80017001,
          80017005,
          80017006,
          80017010,
          80017011
        ]
      },
      {
        "ArrayInt": [
          80017013,
          80017042,
          80017301,
          80017302,
          80017303
        ]
      },
      {
        "ArrayInt": [
          80017301,
          80017302,
          80017303
        ]
      },
      {
        "ArrayInt": [
          80017024,
          80017008,
          80017038,
          80017040,
          80017041
        ]
      },
      {
        "ArrayInt": [
          800170401,
          80017020
        ]
      },
      {
        "ArrayInt": [
          80017001,
          80017003,
          80017004,
          80017005,
          80017006,
          80017008,
          80017009,
          80017010,
          80017011,
          80017012,
          80017013,
          80017014,
          80017015,
          80017020,
          80017024,
          80017029,
          80017030,
          80017031,
          80017036,
          80017037,
          80017038,
          80017039,
          80017040,
          80017041,
          80017042,
          80017301,
          80017302,
          80017303,
          80017304,
          80017305,
          80017306,
          80017307,
          80017308,
          800170401,
          80017016
        ]
      }
    ]
  },
  {
    "Id": 800051,
    "RandomSkills": [
      {
        "ArrayInt": [
          80005101
        ]
      }
    ]
  },
  {
    "Id": 77042,
    "RandomSkills": [
      {
        "ArrayInt": [
          77042001,
          77042003,
          77042005,
          77042006,
          77042007,
          77042011,
          77042013,
          77042014,
          77042015,
          77042016,
          77042017,
          77042018,
          77042021,
          77042023,
          77042024,
          77042025,
          77042026,
          77042028,
          77042029,
          77042030,
          77042031,
          77042032,
          77042033,
          77042034,
          77042035,
          77042037,
          77042038,
          77042039,
          77042040,
          77042041,
          77042050,
          77042051,
          77042060,
          77042061,
          77042062,
          77042065,
          77042066,
          77042067,
          77042068,
          77042069
        ]
      },
      {
        "ArrayInt": [
          77042001,
          77042003,
          77042005,
          77042006,
          77042007,
          77042008,
          77042011,
          77042014,
          77042015,
          77042017,
          77042018,
          77042021,
          77042023,
          77042024,
          77042025,
          77042026,
          77042028,
          77042029,
          77042030,
          77042031,
          77042033,
          77042034,
          77042035,
          77042050,
          77042051,
          77042060,
          77042061,
          77042062,
          77042065,
          77042066,
          77042067,
          77042068,
          77042069
        ]
      },
      {
        "ArrayInt": [
          77042001,
          77042003,
          77042005,
          77042006,
          77042007,
          77042008,
          77042011,
          77042013,
          77042014,
          77042015,
          77042016,
          77042017,
          77042018,
          77042021,
          77042023,
          77042024,
          77042025,
          77042026,
          77042028,
          77042029,
          77042030,
          77042031,
          77042032,
          77042033,
          77042034,
          77042035,
          77042037,
          77042038,
          77042039,
          77042050,
          77042051,
          77042060,
          77042061,
          77042062,
          77042065,
          77042066,
          77042067,
          77042068,
          77042069
        ]
      },
      {
        "ArrayInt": [
          77042001,
          77042003,
          77042007,
          77042014,
          77042018,
          77042023,
          77042024,
          77042025,
          77042026,
          77042028,
          77042029,
          77042030,
          77042031,
          77042033,
          77042050,
          77042051,
          77042060,
          77042061,
          77042062,
          77042065,
          77042066,
          77042067,
          77042068,
          77042069
        ]
      }
    ]
  },
  {
    "Id": 70113,
    "RandomSkills": [
      {
        "ArrayInt": [
          70113001,
          70113002,
          70113003,
          70113005,
          70113006
        ]
      }
    ]
  },
  {
    "Id": 77047,
    "RandomSkills": [
      {
        "ArrayInt": [
          77047001,
          77047002,
          77047004,
          77047005,
          77047007,
          77047011,
          77047012
        ]
      },
      {
        "ArrayInt": [
          70000001
        ]
      }
    ]
  },
  {
    "Id": 70114,
    "RandomSkills": [
      {
        "ArrayInt": [
          70114001,
          70114002
        ]
      }
    ]
  },
  {
    "Id": 770251,
    "RandomSkills": [
      {
        "ArrayInt": [
          77025008,
          77025009,
          77025010,
          77025043
        ]
      },
      {
        "ArrayInt": [
          77025041,
          77025042
        ]
      },
      {
        "ArrayInt": [
          77025041,
          77025042
        ]
      }
    ]
  },
  {
    "Id": 200003,
    "RandomSkills": [
      {
        "ArrayInt": [
          200003010,
          2000003,
          2000004,
          2000005,
          2000006,
          200003060
        ]
      }
    ]
  },
  {
    "Id": 200004,
    "RandomSkills": [
      {
        "ArrayInt": [
          200004020,
          2000003,
          2000004,
          2000005,
          2000006
        ]
      }
    ]
  },
  {
    "Id": 200015,
    "RandomSkills": [
      {
        "ArrayInt": [
          200015010,
          2000003,
          2000004,
          2000005,
          2000006
        ]
      }
    ]
  },
  {
    "Id": 200016,
    "RandomSkills": [
      {
        "ArrayInt": [
          200016010,
          2000003,
          2000004,
          2000005,
          2000006
        ]
      }
    ]
  },
  {
    "Id": 200031,
    "RandomSkills": [
      {
        "ArrayInt": [
          200031010,
          200031020,
          200031030,
          2000003,
          2000004,
          2000005,
          2000006
        ]
      }
    ]
  },
  {
    "Id": 200032,
    "RandomSkills": [
      {
        "ArrayInt": [
          200032010,
          200032020,
          200032030,
          2000003,
          2000004,
          2000005,
          2000006
        ]
      }
    ]
  },
  {
    "Id": 200006,
    "RandomSkills": [
      {
        "ArrayInt": [
          200006010,
          2000003,
          2000004,
          2000005,
          2000006
        ]
      }
    ]
  },
  {
    "Id": 70115,
    "RandomSkills": [
      {
        "ArrayInt": [
          70115001
        ]
      }
    ]
  },
  {
    "Id": 70116,
    "RandomSkills": [
      {
        "ArrayInt": [
          70116004,
          70116005
        ]
      },
      {
        "ArrayInt": [
          70116001,
          70116002
        ]
      },
      {
        "ArrayInt": [
          70116003
        ]
      }
    ]
  },
  {
    "Id": 200007,
    "RandomSkills": [
      {
        "ArrayInt": [
          2000003,
          2000004,
          2000005,
          2000006,
          200007050
        ]
      }
    ]
  },
  {
    "Id": 200014,
    "RandomSkills": [
      {
        "ArrayInt": [
          2000003,
          2000004,
          2000005,
          2000006,
          200014050
        ]
      }
    ]
  },
  {
    "Id": 200025,
    "RandomSkills": [
      {
        "ArrayInt": [
          2000003,
          2000004,
          2000005,
          2000006,
          200025050
        ]
      }
    ]
  },
  {
    "Id": 200039,
    "RandomSkills": [
      {
        "ArrayInt": [
          2000003,
          2000004,
          2000005,
          2000006,
          200039010
        ]
      }
    ]
  },
  {
    "Id": 200026,
    "RandomSkills": [
      {
        "ArrayInt": [
          2000003,
          2000004,
          2000005,
          2000006,
          200026010
        ]
      }
    ]
  },
  {
    "Id": 200027,
    "RandomSkills": [
      {
        "ArrayInt": [
          2000003,
          2000004,
          2000005,
          2000006,
          200027010
        ]
      }
    ]
  },
  {
    "Id": 200008,
    "RandomSkills": [
      {
        "ArrayInt": [
          2000003,
          2000004,
          2000005,
          2000006,
          200008010
        ]
      }
    ]
  },
  {
    "Id": 200009,
    "RandomSkills": [
      {
        "ArrayInt": [
          2000003,
          2000004,
          2000005,
          2000006,
          200009010
        ]
      }
    ]
  },
  {
    "Id": 200010,
    "RandomSkills": [
      {
        "ArrayInt": [
          2000003,
          2000004,
          2000005,
          2000006,
          200010010
        ]
      }
    ]
  },
  {
    "Id": 200011,
    "RandomSkills": [
      {
        "ArrayInt": [
          2000003,
          2000004,
          2000005,
          2000006,
          200011010
        ]
      }
    ]
  },
  {
    "Id": 70118,
    "RandomSkills": [
      {
        "ArrayInt": [
          70118001,
          70118002,
          70118005,
          70118006,
          70118007,
          70118008,
          70118009,
          70118101,
          70118102,
          70118103
        ]
      }
    ]
  },
  {
    "Id": 77048,
    "RandomSkills": [
      {
        "ArrayInt": [
          77048001,
          77048002,
          77048021,
          77048022,
          77048023,
          77048024
        ]
      },
      {
        "ArrayInt": [
          77048003,
          77048004
        ]
      }
    ]
  },
  {
    "Id": 200002,
    "RandomSkills": [
      {
        "ArrayInt": [
          200002,
          2000003,
          2000004,
          2000005,
          2000006
        ]
      }
    ]
  },
  {
    "Id": 200005,
    "RandomSkills": [
      {
        "ArrayInt": [
          200005010,
          2000003,
          2000004,
          2000005,
          2000006
        ]
      }
    ]
  },
  {
    "Id": 200029,
    "RandomSkills": [
      {
        "ArrayInt": [
          2000003,
          2000004,
          2000005,
          2000006,
          200029010
        ]
      }
    ]
  },
  {
    "Id": 70119,
    "RandomSkills": [
      {
        "ArrayInt": [
          70119001,
          70119002,
          70119003
        ]
      }
    ]
  },
  {
    "Id": 200024,
    "RandomSkills": [
      {
        "ArrayInt": [
          2000003,
          2000004,
          2000005,
          2000006,
          200024010
        ]
      }
    ]
  },
  {
    "Id": 800143,
    "RandomSkills": [
      {
        "ArrayInt": [
          80014990,
          80014991,
          80014992,
          80014993,
          80014994,
          80014995,
          80014996,
          80014997,
          80014998,
          80014980
        ]
      }
    ]
  },
  {
    "Id": 200034,
    "RandomSkills": [
      {
        "ArrayInt": [
          2000003,
          2000004,
          2000005,
          2000006,
          200034010
        ]
      }
    ]
  },
  {
    "Id": 200050,
    "RandomSkills": [
      {
        "ArrayInt": [
          2000003,
          2000004,
          2000005,
          2000006,
          200050001
        ]
      }
    ]
  },
  {
    "Id": 770212,
    "RandomSkills": [
      {
        "ArrayInt": [
          77021013,
          77021014
        ]
      }
    ]
  },
  {
    "Id": 200049,
    "RandomSkills": [
      {
        "ArrayInt": [
          2000003,
          2000004,
          2000005,
          2000006,
          200049001
        ]
      }
    ]
  },
  {
    "Id": 70120,
    "RandomSkills": [
      {
        "ArrayInt": [
          1402001,
          1402002,
          1402003,
          1402004,
          1402006,
          1402304,
          1402305,
          1402007,
          1402017,
          1402100,
          1402101,
          1402102,
          1402401,
          1402402,
          1402411,
          1402300,
          1402407,
          1402408,
          1402409,
          1402502,
          1402601,
          1402602,
          210001,
          100001,
          100002,
          100003,
          100004,
          100005,
          100006,
          100007,
          100010
        ]
      }
    ]
  },
  {
    "Id": 70121,
    "RandomSkills": [
      {
        "ArrayInt": [
          1303001,
          1303002,
          1303003,
          1303004,
          1303005,
          1303501,
          1303502,
          1303503,
          1303504,
          1303505,
          1303100,
          1303101,
          1303200,
          1303201,
          1303006,
          1303300,
          1303400,
          1303401,
          1303990,
          1303991,
          1303992,
          1303993,
          1303600,
          1303601,
          1303602,
          1303701,
          1303702,
          1303911,
          210001,
          100001,
          100002,
          100003,
          100004,
          100005,
          100006,
          100007,
          100010
        ]
      }
    ]
  },
  {
    "Id": 70122,
    "RandomSkills": [
      {
        "ArrayInt": [
          1601001,
          1601002,
          1601003,
          1601004,
          1601005,
          1601011,
          1601110,
          1601020,
          1601022,
          1601025,
          1601026,
          1601027,
          1601028,
          1601030,
          1601031,
          1601040,
          1601050,
          1601060,
          1601061,
          1601062,
          1601070,
          1601071,
          1601701,
          1601702,
          210001,
          100001,
          100002,
          100003,
          100004,
          100005,
          100006,
          100007,
          100010
        ]
      }
    ]
  },
  {
    "Id": 29170065,
    "RandomSkills": [
      {
        "ArrayInt": [
          70065801,
          70065811,
          70065812,
          70065813,
          70065004,
          70065100,
          70065101
        ]
      }
    ]
  },
  {
    "Id": 29177025,
    "RandomSkills": [
      {
        "ArrayInt": [
          77025901,
          77025008,
          77025009,
          77025010,
          77025100,
          77025101,
          77025025
        ]
      },
      {
        "ArrayInt": [
          77025001,
          77025002,
          77025003
        ]
      },
      {
        "ArrayInt": [
          77025004,
          77025005,
          77025006,
          77025007
        ]
      }
    ]
  },
  {
    "Id": 700701,
    "RandomSkills": [
      {
        "ArrayInt": [
          70070005,
          70070006
        ]
      }
    ]
  },
  {
    "Id": 700531,
    "RandomSkills": [
      {
        "ArrayInt": [
          70053004,
          70053005,
          70053006
        ]
      }
    ]
  },
  {
    "Id": 77049,
    "RandomSkills": [
      {
        "ArrayInt": [
          77049001,
          77049002,
          77049003,
          77049004,
          77049005,
          77049006,
          77049007,
          77049008,
          77049009,
          77049010
        ]
      }
    ]
  },
  {
    "Id": 77032,
    "RandomSkills": [
      {
        "ArrayInt": [
          77032011,
          77032012,
          77032013,
          77032014,
          77032015,
          77032016,
          77032017,
          77032018,
          77032019,
          77032020,
          77032021,
          77032022,
          77032024,
          77032028,
          77032029
        ]
      }
    ]
  },
  {
    "Id": 200000,
    "RandomSkills": [
      {
        "ArrayInt": [
          200002,
          2000003,
          2000004,
          2000005,
          2000006
        ]
      }
    ]
  },
  {
    "Id": 200051,
    "RandomSkills": [
      {
        "ArrayInt": [
          2000003,
          2000004,
          2000005,
          2000006,
          200051010,
          200051012
        ]
      }
    ]
  },
  {
    "Id": 200054,
    "RandomSkills": [
      {
        "ArrayInt": [
          2000003,
          2000004,
          2000005,
          2000006,
          200054010
        ]
      }
    ]
  },
  {
    "Id": 770411,
    "RandomSkills": [
      {
        "ArrayInt": [
          77041018,
          77041014,
          77041019,
          77041017,
          77041009,
          77041022,
          77041011,
          77041015
        ]
      },
      {
        "ArrayInt": [
          77041018,
          77041014,
          77041019
        ]
      },
      {
        "ArrayInt": [
          77041014,
          77041018,
          77041019,
          77041020,
          77041021,
          77041016,
          77041008
        ]
      }
    ]
  },
  {
    "Id": 80020,
    "RandomSkills": [
      {
        "ArrayInt": [
          80020101,
          80020102,
          80020103,
          80020104,
          80020105,
          80020106,
          80020107,
          80020108,
          80020109,
          80020110,
          80020201,
          80020202,
          80020203,
          80020204,
          80020205,
          80020206,
          80020207,
          80020208,
          80020209,
          80020210,
          80020211,
          80020212,
          80020213,
          80020214,
          80020215,
          80020216,
          80020217,
          80020218,
          80020219,
          80020220,
          80020221,
          80020222,
          80020223,
          80020224,
          80020225,
          80020226,
          80020227,
          80020228,
          80020229,
          80020230,
          80020231,
          80020232,
          80020233,
          80020234,
          80020235,
          80020236,
          80020237,
          80020238,
          80020239,
          80020240,
          80020241,
          80020242,
          80020243,
          80020244,
          80020245,
          80020246,
          80020247,
          80020248,
          80020249,
          80020250,
          80020251,
          80020252,
          80020253,
          80020254,
          80020255,
          80020256,
          80020257,
          80020258,
          80020259,
          80020260
        ]
      }
    ]
  },
  {
    "Id": 770214,
    "RandomSkills": [
      {
        "ArrayInt": [
          77021031,
          77021018,
          77021019,
          77021020,
          77021022,
          77021025
        ]
      },
      {
        "ArrayInt": [
          77021001,
          77021003,
          77021004,
          77021005,
          77021006,
          77021007,
          77021010,
          77021013
        ]
      },
      {
        "ArrayInt": [
          77021010,
          77021012
        ]
      },
      {
        "ArrayInt": [
          77021027,
          77021029,
          77021028,
          77021026,
          77021015,
          77021016,
          77021030
        ]
      }
    ]
  },
  {
    "Id": 700641,
    "RandomSkills": [
      {
        "ArrayInt": [
          70064001,
          70064002,
          70064003,
          70064005,
          70064017,
          70064018,
          70064019
        ]
      }
    ]
  },
  {
    "Id": 7702502,
    "RandomSkills": [
      {
        "ArrayInt": [
          77025008,
          77025009,
          77025056,
          77025100,
          77025101,
          77025025
        ]
      },
      {
        "ArrayInt": [
          77025001,
          77025002,
          77025003
        ]
      },
      {
        "ArrayInt": [
          77025051,
          77025052,
          77025053,
          77025054,
          77025055
        ]
      }
    ]
  },
  {
    "Id": 7702201,
    "RandomSkills": [
      {
        "ArrayInt": [
          77022004,
          77022009,
          77022010,
          77022011,
          77022012,
          77022013,
          77022100,
          77022101
        ]
      },
      {
        "ArrayInt": [
          77022001,
          77022002,
          77022003
        ]
      },
      {
        "ArrayInt": [
          77022002
        ]
      },
      {
        "ArrayInt": [
          77022003
        ]
      },
      {
        "ArrayInt": [
          77022015,
          77022014,
          77022016,
          77022017,
          77022018
        ]
      },
      {
        "ArrayInt": [
          77022014
        ]
      },
      {
        "ArrayInt": [
          77022016
        ]
      }
    ]
  },
  {
    "Id": 7703602,
    "RandomSkills": [
      {
        "ArrayInt": [
          77036014,
          77036020,
          77036003,
          77036004,
          77036009,
          77036019,
          77036201,
          77036202,
          77036101,
          77036102,
          77036103
        ]
      },
      {
        "ArrayInt": [
          77036014,
          77036020,
          77036013,
          77036015,
          77036016,
          77036019,
          77036017,
          77036018
        ]
      }
    ]
  },
  {
    "Id": 200199,
    "RandomSkills": [
      {
        "ArrayInt": [
          2000003,
          2000004,
          2000005,
          2000006,
          200008010,
          200008091
        ]
      }
    ]
  },
  {
    "Id": 7006402,
    "RandomSkills": [
      {
        "ArrayInt": [
          70064010,
          70064011,
          70064012,
          70064013,
          70064014,
          70064015,
          70064016,
          70064100,
          70064101
        ]
      }
    ]
  },
  {
    "Id": 7010902,
    "RandomSkills": [
      {
        "ArrayInt": [
          70109006,
          70109007,
          70109004,
          70109005
        ]
      }
    ]
  },
  {
    "Id": 80022,
    "RandomSkills": [
      {
        "ArrayInt": [
          80022041,
          80022042,
          80022043,
          80022044,
          80022045,
          80022046,
          80022047,
          80022048,
          80022049,
          80022050,
          80022051,
          80022052,
          80022053,
          80022056,
          80022057,
          80022058,
          80022060
        ]
      }
    ]
  },
  {
    "Id": 80021,
    "RandomSkills": [
      {
        "ArrayInt": [
          80021001
        ]
      }
    ]
  },
  {
    "Id": 70133,
    "RandomSkills": [
      {
        "ArrayInt": [
          70133001,
          70133002
        ]
      }
    ]
  },
  {
    "Id": 70134,
    "RandomSkills": [
      {
        "ArrayInt": [
          70134001,
          70134002,
          70134003
        ]
      }
    ]
  },
  {
    "Id": 700762,
    "RandomSkills": [
      {
        "ArrayInt": [
          70076011,
          70076013,
          70076014
        ]
      }
    ]
  },
  {
    "Id": 700763,
    "RandomSkills": [
      {
        "ArrayInt": [
          77076301,
          77076302,
          77076303,
          77076304,
          77076305,
          77076306,
          77076307
        ]
      }
    ]
  },
  {
    "Id": 5,
    "RandomSkills": [
      {
        "ArrayInt": [
          5,
          6
        ]
      }
    ]
  },
  {
    "Id": 280013,
    "RandomSkills": [
      {
        "ArrayInt": {
          "PKa": [],
          "length": 0
        }
      }
    ]
  },
  {
    "Id": 29170066,
    "RandomSkills": [
      {
        "ArrayInt": [
          70065804
        ]
      }
    ]
  }
]