[
  {
    "Id": 71103,
    "StateMachine": "",
    "AiController": "/Game/Aki/AI/AIMonster/Summon/MS1BailianMD10011_Pet/AIC_MS1BailianMD10011_Pet.AIC_MS1BailianMD10011_Pet",
    "BehaviorTree": "/Game/Aki/AI/AICommon/BehaviorTree/Bailian/BT_BailianTree.BT_BailianTree",
    "SubBehaviorConfigs": {
      "size": 1
    },
    "Team": true,
    "MonsterType": 4
  },
  {
    "Id": 4,
    "StateMachine": "",
    "AiController": "/Game/Aki/AI/AINPC/Common/AIC_CommonNPC.AIC_CommonNPC",
    "BehaviorTree": "/Game/Aki/AI/AICommon/BehaviorTree/BT_PlayerRunBack.BT_PlayerRunBack",
    "SubBehaviorConfigs": {},
    "Team": true,
    "MonsterType": 4
  },
  {
    "Id": 3,
    "StateMachine": "",
    "AiController": "/Game/Aki/AI/AIMonster/Summon/Common/AIC_Common_Summon.AIC_Common_Summon",
    "BehaviorTree": "/Game/Aki/AI/AIMonster/Summon/Common/BT_Common_Summon.BT_Common_Summon",
    "SubBehaviorConfigs": {},
    "Team": true,
    "MonsterType": 4
  },
  {
    "Id": 21001,
    "StateMachine": "",
    "AiController": "/Game/Aki/AI/AINPC/Animal/NA002/AIC_NA002.AIC_NA002",
    "BehaviorTree": "/Game/Aki/AI/AINPC/Animal/NA002/BT_NA002.BT_NA002",
    "SubBehaviorConfigs": {
      "size": 1
    },
    "Team": false,
    "MonsterType": 4
  },
  {
    "Id": 21004,
    "StateMachine": "",
    "AiController": "/Game/Aki/AI/AINPC/Animal/NA004/AIC_NA004.AIC_NA004",
    "BehaviorTree": "/Game/Aki/AI/AINPC/Animal/NA004/BT_NA004.BT_NA004",
    "SubBehaviorConfigs": {},
    "Team": false,
    "MonsterType": 4
  },
  {
    "Id": 21006,
    "StateMachine": "",
    "AiController": "/Game/Aki/AI/AINPC/Animal/NA006/AIC_NA006.AIC_NA006",
    "BehaviorTree": "/Game/Aki/AI/AINPC/Animal/NA006/BT_NA006.BT_NA006",
    "SubBehaviorConfigs": {
      "size": 1
    },
    "Team": false,
    "MonsterType": 4
  },
  {
    "Id": 21007,
    "StateMachine": "",
    "AiController": "/Game/Aki/AI/AINPC/Animal/NA007/AIC_NA007.AIC_NA007",
    "BehaviorTree": "/Game/Aki/AI/AINPC/Animal/NA007/BT_NA007.BT_NA007",
    "SubBehaviorConfigs": {
      "size": 1
    },
    "Team": false,
    "MonsterType": 4
  },
  {
    "Id": 21010,
    "StateMachine": "",
    "AiController": "/Game/Aki/AI/AINPC/Animal/NA010/AIC_NA010.AIC_NA010",
    "BehaviorTree": "/Game/Aki/AI/AINPC/Animal/NA010/BT_NA010.BT_NA010",
    "SubBehaviorConfigs": {},
    "Team": false,
    "MonsterType": 4
  },
  {
    "Id": 21012,
    "StateMachine": "",
    "AiController": "/Game/Aki/AI/AINPC/Animal/NA012/AIC_NA012.AIC_NA012",
    "BehaviorTree": "/Game/Aki/AI/AINPC/Animal/NA012/BT_NA012.BT_NA012",
    "SubBehaviorConfigs": {
      "size": 1
    },
    "Team": false,
    "MonsterType": 4
  },
  {
    "Id": 21015,
    "StateMachine": "",
    "AiController": "/Game/Aki/AI/AINPC/Animal/NA015/AIC_NA015.AIC_NA015",
    "BehaviorTree": "/Game/Aki/AI/AINPC/Animal/NA015/BT_NA015.BT_NA015",
    "SubBehaviorConfigs": {
      "size": 1
    },
    "Team": false,
    "MonsterType": 4
  },
  {
    "Id": 21017,
    "StateMachine": "",
    "AiController": "/Game/Aki/AI/AINPC/Animal/NA017/AIC_NA017.AIC_NA017",
    "BehaviorTree": "/Game/Aki/AI/AINPC/Animal/NA017/BT_NA017.BT_NA017",
    "SubBehaviorConfigs": {
      "size": 1
    },
    "Team": false,
    "MonsterType": 4
  },
  {
    "Id": 21018,
    "StateMachine": "",
    "AiController": "/Game/Aki/AI/AINPC/Animal/NA018/AIC_NA018.AIC_NA018",
    "BehaviorTree": "/Game/Aki/AI/AINPC/Animal/NA018/BT_NA018.BT_NA018",
    "SubBehaviorConfigs": {
      "size": 2
    },
    "Team": false,
    "MonsterType": 4
  },
  {
    "Id": 21023,
    "StateMachine": "",
    "AiController": "/Game/Aki/AI/AINPC/Animal/NA023/AIC_NA023.AIC_NA023",
    "BehaviorTree": "/Game/Aki/AI/AINPC/Animal/NA023/BT_NA023.BT_NA023",
    "SubBehaviorConfigs": {
      "size": 1
    },
    "Team": false,
    "MonsterType": 4
  },
  {
    "Id": 70051,
    "StateMachine": "SM_MO1QunJing1Md00001_New",
    "AiController": "/Game/Aki/AI/AIMonster/Ordinary/AIMO1QunJing1Md00001/AIC_MO1QunJing1Md00001_New.AIC_MO1QunJing1Md00001_New",
    "BehaviorTree": "/Game/Aki/AI/AIMonster/Ordinary/AIMO1QunJing1Md00001/BT_MO1QunJing1Md00001_New.BT_MO1QunJing1Md00001_New",
    "SubBehaviorConfigs": {
      "size": 6
    },
    "Team": true,
    "MonsterType": 4
  },
  {
    "Id": 70052,
    "StateMachine": "SM_MO1QunJing2Md00001_New",
    "AiController": "/Game/Aki/AI/AIMonster/Ordinary/AIMO1QunJing2Md00001/AIC_MO1QunJing2Md00001_New.AIC_MO1QunJing2Md00001_New",
    "BehaviorTree": "/Game/Aki/AI/AIMonster/Ordinary/AIMO1QunJing2Md00001/BT_MO1QunJing2Md00001_New.BT_MO1QunJing2Md00001_New",
    "SubBehaviorConfigs": {
      "size": 6
    },
    "Team": true,
    "MonsterType": 4
  },
  {
    "Id": 70053,
    "StateMachine": "SM_MO1LeilieMd00301",
    "AiController": "/Game/Aki/AI/AIMonster/Ordinary/AIMO1LeilieMd00301/AIC_MO1LeilieMd00301.AIC_MO1LeilieMd00301",
    "BehaviorTree": "/Game/Aki/AI/AIMonster/Ordinary/AIMO1LeilieMd00301/BT_MO1LeilieMd00301.BT_MO1LeilieMd00301",
    "SubBehaviorConfigs": {
      "size": 6
    },
    "Team": true,
    "MonsterType": 5
  },
  {
    "Id": 70070,
    "StateMachine": "SM_MO1BinglieMd00201",
    "AiController": "/Game/Aki/AI/AIMonster/Ordinary/AIMO1BinglieMd00201/AIC_MO1BinglieMd00201.AIC_MO1BinglieMd00201",
    "BehaviorTree": "/Game/Aki/AI/AIMonster/Ordinary/AIMO1BinglieMd00201/BT_MO1BinglieMd00201.BT_MO1BinglieMd00201",
    "SubBehaviorConfigs": {
      "size": 6
    },
    "Team": true,
    "MonsterType": 5
  },
  {
    "Id": 70071,
    "StateMachine": "SM_MO1FenglieMd00401",
    "AiController": "/Game/Aki/AI/AIMonster/Ordinary/AIMO1FenglieMd00401/AIC_MO1FenglieMd00401.AIC_MO1FenglieMd00401",
    "BehaviorTree": "/Game/Aki/AI/AIMonster/Ordinary/AIMO1FenglieMd00401/BT_MO1FenglieMd00401.BT_MO1FenglieMd00401",
    "SubBehaviorConfigs": {
      "size": 6
    },
    "Team": true,
    "MonsterType": 5
  },
  {
    "Id": 77026,
    "StateMachine": "SM_ME1LiufangzheleaderMd00601",
    "AiController": "/Game/Aki/AI/AIMonster/Elite/AIME1LiufangzheleaderMd00601/AIC_ME1LiufangzheleaderMd00601.AIC_ME1LiufangzheleaderMd00601",
    "BehaviorTree": "/Game/Aki/AI/AIMonster/Elite/AIME1LiufangzheleaderMd00601/BT_ME1LiufangzheleaderMd00601.BT_ME1LiufangzheleaderMd00601",
    "SubBehaviorConfigs": {
      "size": 6
    },
    "Team": true,
    "MonsterType": 3
  },
  {
    "Id": 77027,
    "StateMachine": "SM_ME1LiufanggongmingMd00501",
    "AiController": "/Game/Aki/AI/AIMonster/Elite/AIME1LiufanggongmingMd00501/AIC_ME1LiufanggongmingMd00501.AIC_ME1LiufanggongmingMd00501",
    "BehaviorTree": "/Game/Aki/AI/AIMonster/Elite/AIME1LiufanggongmingMd00501/BT_ME1LiufanggongmingMd00501.BT_ME1LiufanggongmingMd00501",
    "SubBehaviorConfigs": {
      "size": 6
    },
    "Team": true,
    "MonsterType": 2
  },
  {
    "Id": 70054,
    "StateMachine": "",
    "AiController": "/Game/Aki/AI/AIMonster/Ordinary/AIMingsuti_fenshen/AIC_Mingsuti_fenshen.AIC_Mingsuti_fenshen",
    "BehaviorTree": "/Game/Aki/AI/AIMonster/Ordinary/AIMingsuti_fenshen/BT_Mingsuti_fenshen.BT_Mingsuti_fenshen",
    "SubBehaviorConfigs": {
      "size": 6
    },
    "Team": false,
    "MonsterType": 4
  },
  {
    "Id": 70055,
    "StateMachine": "",
    "AiController": "/Game/Aki/AI/AIMonster/Ordinary/AIMingsuti_fenshen/AIC_Mingsuti_fenshen.AIC_Mingsuti_fenshen",
    "BehaviorTree": "/Game/Aki/AI/AIMonster/Ordinary/AIMingsuti_fenshen/BT_Mingsuti_fenshen.BT_Mingsuti_fenshen",
    "SubBehaviorConfigs": {
      "size": 6
    },
    "Team": false,
    "MonsterType": 4
  },
  {
    "Id": 70056,
    "StateMachine": "",
    "AiController": "/Game/Aki/AI/AIMonster/Ordinary/AIMingsuti_zhuan/AIC_mingsuti_zhuan.AIC_mingsuti_zhuan",
    "BehaviorTree": "/Game/Aki/AI/AIMonster/Ordinary/AIMingsuti_zhuan/BT_Mingsuti_zhuan.BT_Mingsuti_zhuan",
    "SubBehaviorConfigs": {
      "size": 6
    },
    "Team": false,
    "MonsterType": 4
  },
  {
    "Id": 70064,
    "StateMachine": "SM_MO1HuojinMd00101",
    "AiController": "/Game/Aki/AI/AIMonster/Ordinary/AIMO1HuojinMd00101/AIC_MO1HuojinMd00101.AIC_MO1HuojinMd00101",
    "BehaviorTree": "/Game/Aki/AI/AIMonster/Ordinary/AIMO1HuojinMd00101/BT_MO1HuojinMd00101.BT_MO1HuojinMd00101",
    "SubBehaviorConfigs": {
      "size": 6
    },
    "Team": true,
    "MonsterType": 4
  },
  {
    "Id": 70065,
    "StateMachine": "SM_MO1AnjinMd006001",
    "AiController": "/Game/Aki/AI/AIMonster/Ordinary/AIMO1AnjinMd00601/AIC_MO1AnjinMd00601.AIC_MO1AnjinMd00601",
    "BehaviorTree": "/Game/Aki/AI/AIMonster/Ordinary/AIMO1AnjinMd00601/BT_MO1AnjinMd00601.BT_MO1AnjinMd00601",
    "SubBehaviorConfigs": {
      "size": 6
    },
    "Team": true,
    "MonsterType": 4
  },
  {
    "Id": 70066,
    "StateMachine": "SM_MO1HKacacaMd00101",
    "AiController": "/Game/Aki/AI/AIMonster/Ordinary/AIMO1HKacacaMd00101/AIC_MO1HKacacaMd00101.AIC_MO1HKacacaMd00101",
    "BehaviorTree": "/Game/Aki/AI/AIMonster/Ordinary/AIMO1HKacacaMd00101/BT_MO1HKacacaMd00101.BT_MO1HKacacaMd00101",
    "SubBehaviorConfigs": {
      "size": 6
    },
    "Team": true,
    "MonsterType": 6
  },
  {
    "Id": 70067,
    "StateMachine": "SM_MO1GAziziMd00501",
    "AiController": "/Game/Aki/AI/AIMonster/Ordinary/AIMO1GAziziMd00501/AIC_MO1GAziziMd00501.AIC_MO1GAziziMd00501",
    "BehaviorTree": "/Game/Aki/AI/AIMonster/Ordinary/AIMO1GAziziMd00501/BT_MO1GAziziMd00501.BT_MO1GAziziMd00501",
    "SubBehaviorConfigs": {
      "size": 6
    },
    "Team": true,
    "MonsterType": 5
  },
  {
    "Id": 70068,
    "StateMachine": "SM_MO1FHuxiuxiuMd00401",
    "AiController": "/Game/Aki/AI/AIMonster/Ordinary/AIMO1FHuxiuxiuMd00401/AIC_MO1FHuxiuxiuMd00401.AIC_MO1FHuxiuxiuMd00401",
    "BehaviorTree": "/Game/Aki/AI/AIMonster/Ordinary/AIMO1FHuxiuxiuMd00401/BT_MO1FHuxiuxiuMd00401.BT_MO1FHuxiuxiuMd00401",
    "SubBehaviorConfigs": {
      "size": 6
    },
    "Team": true,
    "MonsterType": 5
  },
  {
    "Id": 70069,
    "StateMachine": "SM_MO1AWukakaMd00601",
    "AiController": "/Game/Aki/AI/AIMonster/Ordinary/AIMO1AWukakaMd00601/AIC_MO1AWukakaMd00601.AIC_MO1AWukakaMd00601",
    "BehaviorTree": "/Game/Aki/AI/AIMonster/Ordinary/AIMO1AWukakaMd00601/BT_MO1AWukakaMd00601.BT_MO1AWukakaMd00601",
    "SubBehaviorConfigs": {
      "size": 6
    },
    "Team": true,
    "MonsterType": 4
  },
  {
    "Id": 70072,
    "StateMachine": "SM_MO1LiufangzhemanMd00001",
    "AiController": "/Game/Aki/AI/AIMonster/Ordinary/AIMO1LiufangzhemanMd00001/AIC_MO1LiufangzhemanMd00001.AIC_MO1LiufangzhemanMd00001",
    "BehaviorTree": "/Game/Aki/AI/AIMonster/Ordinary/AIMO1LiufangzhemanMd00001/BT_MO1LiufangzhemanMd00001.BT_MO1LiufangzhemanMd00001",
    "SubBehaviorConfigs": {
      "size": 6
    },
    "Team": true,
    "MonsterType": 6
  },
  {
    "Id": 70073,
    "StateMachine": "SM_MO1LiufangzhemanMd00001",
    "AiController": "/Game/Aki/AI/AIMonster/Ordinary/AIMO1LiufangzhewomanMd00001/AIC_MO1LiufangzhewomanMd00001.AIC_MO1LiufangzhewomanMd00001",
    "BehaviorTree": "/Game/Aki/AI/AIMonster/Ordinary/AIMO1LiufangzhewomanMd00001/BT_MO1LiufangzhewomanMd00001.BT_MO1LiufangzhewomanMd00001",
    "SubBehaviorConfigs": {
      "size": 6
    },
    "Team": true,
    "MonsterType": 6
  },
  {
    "Id": 700720,
    "StateMachine": "SM_MO1LiufangzhemanMd00001",
    "AiController": "/Game/Aki/AI/AIMonster/Ordinary/AIMO1LiufangzhemanMd00001/AIC_MO1LiufangzhemanMd00001.AIC_MO1LiufangzhemanMd00001",
    "BehaviorTree": "/Game/Aki/AI/AIFunctionCommon/CommonBT/BT_CommonDuomaomao.BT_CommonDuomaomao",
    "SubBehaviorConfigs": {
      "size": 2
    },
    "Team": false,
    "MonsterType": 4
  },
  {
    "Id": 700721,
    "StateMachine": "SM_MO1LiufangzhemanMd00001",
    "AiController": "/Game/Aki/AI/AIMonster/Ordinary/AIMO1LiufangzhemanMd00001/AIC_MO1LiufangzhemanMd00001.AIC_MO1LiufangzhemanMd00001",
    "BehaviorTree": "/Game/Aki/AI/AIFunctionCommon/CommonBT/BT_CommonDuomaomao.BT_CommonDuomaomao",
    "SubBehaviorConfigs": {
      "size": 3
    },
    "Team": false,
    "MonsterType": 4
  },
  {
    "Id": 700722,
    "StateMachine": "SM_MO1LiufangzhemanMd00001",
    "AiController": "/Game/Aki/AI/AIMonster/Ordinary/AIMO1LiufangzhemanMd00001/AIC_MO1LiufangzhemanMd00001.AIC_MO1LiufangzhemanMd00001",
    "BehaviorTree": "/Game/Aki/AI/AIFunctionCommon/CommonBT/BT_CommonDuomaomao.BT_CommonDuomaomao",
    "SubBehaviorConfigs": {
      "size": 3
    },
    "Team": false,
    "MonsterType": 4
  },
  {
    "Id": 700723,
    "StateMachine": "SM_MO1LiufangzhemanMd00001",
    "AiController": "/Game/Aki/AI/AIMonster/Ordinary/AIMO1LiufangzhemanMd00001/AIC_MO1LiufangzhemanMd00001.AIC_MO1LiufangzhemanMd00001",
    "BehaviorTree": "/Game/Aki/AI/AIFunctionCommon/CommonBT/BT_CommonDuomaomao.BT_CommonDuomaomao",
    "SubBehaviorConfigs": {
      "size": 3
    },
    "Team": false,
    "MonsterType": 4
  },
  {
    "Id": 700724,
    "StateMachine": "SM_MO1LiufangzhemanMd00001",
    "AiController": "/Game/Aki/AI/AIMonster/Ordinary/AIMO1LiufangzhemanMd00001/AIC_MO1LiufangzhemanMd00001.AIC_MO1LiufangzhemanMd00001",
    "BehaviorTree": "/Game/Aki/AI/AIFunctionCommon/CommonBT/BT_CommonDuomaomao.BT_CommonDuomaomao",
    "SubBehaviorConfigs": {
      "size": 3
    },
    "Team": false,
    "MonsterType": 4
  },
  {
    "Id": 700725,
    "StateMachine": "SM_MO1LiufangzhemanMd00001",
    "AiController": "/Game/Aki/AI/AIMonster/Ordinary/AIMO1LiufangzhemanMd00001/AIC_MO1LiufangzhemanMd00001.AIC_MO1LiufangzhemanMd00001",
    "BehaviorTree": "/Game/Aki/AI/AIFunctionCommon/CommonBT/BT_CommonDuomaomao.BT_CommonDuomaomao",
    "SubBehaviorConfigs": {
      "size": 3
    },
    "Team": false,
    "MonsterType": 4
  },
  {
    "Id": 700726,
    "StateMachine": "SM_MO1LiufangzhemanMd00001",
    "AiController": "/Game/Aki/AI/AIMonster/Ordinary/AIMO1LiufangzhemanMd00001/AIC_MO1LiufangzhemanMd00001.AIC_MO1LiufangzhemanMd00001",
    "BehaviorTree": "/Game/Aki/AI/AIFunctionCommon/CommonBT/BT_CommonDuomaomao.BT_CommonDuomaomao",
    "SubBehaviorConfigs": {
      "size": 3
    },
    "Team": false,
    "MonsterType": 4
  },
  {
    "Id": 700727,
    "StateMachine": "SM_MO1LiufangzhemanMd00001",
    "AiController": "/Game/Aki/AI/AIMonster/Ordinary/AIMO1LiufangzhemanMd00001/AIC_MO1LiufangzhemanMd00001.AIC_MO1LiufangzhemanMd00001",
    "BehaviorTree": "/Game/Aki/AI/AIMonster/Ordinary/AIMO1LiufangzhemanMd00001/BT_MO1LiufangzhemanMd00001.BT_MO1LiufangzhemanMd00001",
    "SubBehaviorConfigs": {
      "size": 6
    },
    "Team": true,
    "MonsterType": 4
  },
  {
    "Id": 700728,
    "StateMachine": "SM_MO1LiufangzhemanMd00001",
    "AiController": "/Game/Aki/AI/AIMonster/Ordinary/AILiufangzhe_Qianxing/AIC_Liufangzheman_Qianxingman.AIC_Liufangzheman_Qianxingman",
    "BehaviorTree": "/Game/Aki/AI/AIMonster/Ordinary/AILiufangzhe_Qianxing/BT_Liufangzheman_Qianxing.BT_Liufangzheman_Qianxing",
    "SubBehaviorConfigs": {
      "size": 7
    },
    "Team": true,
    "MonsterType": 6
  },
  {
    "Id": 700729,
    "StateMachine": "SM_MO1LiufangzhewomanMd00001",
    "AiController": "/Game/Aki/AI/AIMonster/Ordinary/AILiufangzhe_Qianxing/AIC_Liufangzheman_Qianxingwoman.AIC_Liufangzheman_Qianxingwoman",
    "BehaviorTree": "/Game/Aki/AI/AIMonster/Ordinary/AILiufangzhe_Qianxing/BT_Liufangzheman_Qianxing.BT_Liufangzheman_Qianxing",
    "SubBehaviorConfigs": {
      "size": 7
    },
    "Team": true,
    "MonsterType": 6
  },
  {
    "Id": 70074,
    "StateMachine": "SM_MO1YouyidieMd00501",
    "AiController": "/Game/Aki/AI/AIMonster/Ordinary/AIMO1YouyidieMd00501/AIC_AIMO1YouyidieMd00501.AIC_AIMO1YouyidieMd00501",
    "BehaviorTree": "/Game/Aki/AI/AIMonster/Ordinary/AIMO1YouyidieMd00501/BT_AIMO1YouyidieMd00501.BT_AIMO1YouyidieMd00501",
    "SubBehaviorConfigs": {
      "size": 6
    },
    "Team": true,
    "MonsterType": 5
  },
  {
    "Id": 70075,
    "StateMachine": "SM_MO1DujiaoshouMd00001",
    "AiController": "/Game/Aki/AI/AIMonster/Ordinary/AIMO1DujiaoshouMd00001/AIC_MO1DujiaoshouMd00001.AIC_MO1DujiaoshouMd00001",
    "BehaviorTree": "/Game/Aki/AI/AIMonster/Ordinary/AIMO1DujiaoshouMd00001/BT_MO1DujiaoshouMd00001.BT_MO1DujiaoshouMd00001",
    "SubBehaviorConfigs": {
      "size": 6
    },
    "Team": true,
    "MonsterType": 4
  },
  {
    "Id": 70076,
    "StateMachine": "SM_MO1GuguhetunMd00201",
    "AiController": "/Game/Aki/AI/AIMonster/Ordinary/AIMO1GuguhetunMd00201/AIC_MO1GuguhetunMd00201.AIC_MO1GuguhetunMd00201",
    "BehaviorTree": "/Game/Aki/AI/AIMonster/Ordinary/AIMO1GuguhetunMd00201/BT_MO1GuguhetunMd00201.BT_MO1GuguhetunMd00201",
    "SubBehaviorConfigs": {
      "size": 6
    },
    "Team": true,
    "MonsterType": 4
  },
  {
    "Id": 70077,
    "StateMachine": "SM_MO1DundishuMd00601",
    "AiController": "/Game/Aki/AI/AIMonster/Ordinary/AIMO1DundishuMd00601/AIC_MO1DundishuMd00601.AIC_MO1DundishuMd00601",
    "BehaviorTree": "/Game/Aki/AI/AIMonster/Ordinary/AIMO1DundishuMd00601/BT_AIMO1DundishuMd00601.BT_AIMO1DundishuMd00601",
    "SubBehaviorConfigs": {
      "size": 6
    },
    "Team": true,
    "MonsterType": 4
  },
  {
    "Id": 70078,
    "StateMachine": "SM_MO1ShihuaxiMd00101",
    "AiController": "/Game/Aki/AI/AIMonster/Ordinary/AIMO1ShihuaxiMd00101/AIC_MO1ShihuaxiMd00101.AIC_MO1ShihuaxiMd00101",
    "BehaviorTree": "/Game/Aki/AI/AIMonster/Ordinary/AIMO1ShihuaxiMd00101/BT_MO1ShihuaxiMd00101.BT_MO1ShihuaxiMd00101",
    "SubBehaviorConfigs": {
      "size": 6
    },
    "Team": true,
    "MonsterType": 4
  },
  {
    "Id": 70079,
    "StateMachine": "SM_MO1ShuimuguMd00601",
    "AiController": "/Game/Aki/AI/AIMonster/Ordinary/AIMO1ShuimuguMd00601/AIC_MO1ShuimuguMd00601.AIC_MO1ShuimuguMd00601",
    "BehaviorTree": "/Game/Aki/AI/AIMonster/Ordinary/AIMO1ShuimuguMd00601/BT_MO1ShuimuguMd00601.BT_MO1ShuimuguMd00601",
    "SubBehaviorConfigs": {
      "size": 6
    },
    "Team": true,
    "MonsterType": 5
  },
  {
    "Id": 70092,
    "StateMachine": "SM_MO1DaodanyuanMd00401",
    "AiController": "/Game/Aki/AI/AIMonster/Ordinary/AIMO1DaodanyuanMd00401/AIC_MO1DaodanyuanMd00401.AIC_MO1DaodanyuanMd00401",
    "BehaviorTree": "/Game/Aki/AI/AIMonster/Ordinary/AIMO1DaodanyuanMd00401/BT_MO1DaodanyuanMd00401.BT_MO1DaodanyuanMd00401",
    "SubBehaviorConfigs": {
      "size": 6
    },
    "Team": true,
    "MonsterType": 5
  },
  {
    "Id": 70093,
    "StateMachine": "SM_MO1JiujiuhetunMd00401",
    "AiController": "/Game/Aki/AI/AIMonster/Ordinary/AIMO1JiujiuhetunMd00401/AIC_MO1JiujiuhetunMd00401.AIC_MO1JiujiuhetunMd00401",
    "BehaviorTree": "/Game/Aki/AI/AIMonster/Ordinary/AIMO1JiujiuhetunMd00401/BT_MO1JiujiuhetunMd00401.BT_MO1JiujiuhetunMd00401",
    "SubBehaviorConfigs": {
      "size": 6
    },
    "Team": true,
    "MonsterType": 4
  },
  {
    "Id": 70094,
    "StateMachine": "SM_MO1JingaoxieMd00001",
    "AiController": "/Game/Aki/AI/AIMonster/Ordinary/AIMO1JingaoxieMd00001/AIC_MO1JingaoxieMd00001.AIC_MO1JingaoxieMd00001",
    "BehaviorTree": "/Game/Aki/AI/AIMonster/Ordinary/AIMO1JingaoxieMd00001/BT_MO1JingaoxieMd00001.BT_MO1JingaoxieMd00001",
    "SubBehaviorConfigs": {
      "size": 6
    },
    "Team": true,
    "MonsterType": 4
  },
  {
    "Id": 70100,
    "StateMachine": "SM_MO1BinlangMd00101",
    "AiController": "/Game/Aki/AI/AIMonster/Ordinary/AIMO1BinlangMd00101/AIC_MO1BinlangMd00101.AIC_MO1BinlangMd00101",
    "BehaviorTree": "/Game/Aki/AI/AIMonster/Ordinary/AIMO1BinlangMd00101/BT_MO1BinlangMd00101.BT_MO1BinlangMd00101",
    "SubBehaviorConfigs": {
      "size": 6
    },
    "Team": true,
    "MonsterType": 4
  },
  {
    "Id": 70105,
    "StateMachine": "SM_MO1LuguiMd00201",
    "AiController": "/Game/Aki/AI/AIMonster/Ordinary/AIMO1LuguiMd00201/AIC_AIMO1LuguiMd00201.AIC_AIMO1LuguiMd00201",
    "BehaviorTree": "/Game/Aki/AI/AIMonster/Ordinary/AIMO1LuguiMd00201/BT_AIMO1LuguiMd00201.BT_AIMO1LuguiMd00201",
    "SubBehaviorConfigs": {
      "size": 6
    },
    "Team": true,
    "MonsterType": 4
  },
  {
    "Id": 70106,
    "StateMachine": "SM_MO1Bingjian1Md00201",
    "AiController": "/Game/Aki/AI/AIMonster/Ordinary/AIMO1Bingjian1Md00201/AIC_MO1Bingjian1Md00201.AIC_MO1Bingjian1Md00201",
    "BehaviorTree": "/Game/Aki/AI/AIMonster/Ordinary/AIMO1Bingjian1Md00201/BT_MO1Bingjian1Md00201.BT_MO1Bingjian1Md00201",
    "SubBehaviorConfigs": {
      "size": 4
    },
    "Team": true,
    "MonsterType": 4
  },
  {
    "Id": 77004,
    "StateMachine": "SM_ME1JingNiaoMd00301",
    "AiController": "/Game/Aki/AI/AIMonster/Elite/AIME1JingNiaoMd00301/AIC_ME1JingNiaoMd00301.AIC_ME1JingNiaoMd00301",
    "BehaviorTree": "/Game/Aki/AI/AIMonster/Elite/AIME1JingNiaoMd00301/BT_ME1JingNiaoMd00301.BT_ME1JingNiaoMd00301",
    "SubBehaviorConfigs": {
      "size": 6
    },
    "Team": true,
    "MonsterType": 1
  },
  {
    "Id": 77005,
    "StateMachine": "SM_ME1JingNiaoMd00401",
    "AiController": "/Game/Aki/AI/AIMonster/Elite/AIME1JingNiaoMd00401/AIC_ME1JingNiaoMd00401.AIC_ME1JingNiaoMd00401",
    "BehaviorTree": "/Game/Aki/AI/AIMonster/Elite/AIME1JingNiaoMd00401/BT_ME1JingNiaoMd00401.BT_ME1JingNiaoMd00401",
    "SubBehaviorConfigs": {
      "size": 6
    },
    "Team": true,
    "MonsterType": 1
  },
  {
    "Id": 77012,
    "StateMachine": "SM_ME1SiXiaoMd00101",
    "AiController": "/Game/Aki/AI/AIMonster/Elite/AIME1SiXiaoMd00101/AIC_ME1SiXiaoMd00101.AIC_ME1SiXiaoMd00101",
    "BehaviorTree": "/Game/Aki/AI/AIMonster/Elite/AIME1SiXiaoMd00101/BT_ME1SiXiaoMd00101.BT_ME1SiXiaoMd00101",
    "SubBehaviorConfigs": {
      "size": 6
    },
    "Team": true,
    "MonsterType": 5
  },
  {
    "Id": 77013,
    "StateMachine": "SM_ME1SiXiaoMd00201",
    "AiController": "/Game/Aki/AI/AIMonster/Elite/AIME1SiXiaoMd00201/AIC_ME1SiXiaoMd00201.AIC_ME1SiXiaoMd00201",
    "BehaviorTree": "/Game/Aki/AI/AIMonster/Elite/AIME1SiXiaoMd00201/BT_ME1SiXiaoMd00201.BT_ME1SiXiaoMd00201",
    "SubBehaviorConfigs": {
      "size": 6
    },
    "Team": true,
    "MonsterType": 5
  },
  {
    "Id": 77016,
    "StateMachine": "SM_ME1SiXiaoMd00501",
    "AiController": "/Game/Aki/AI/AIMonster/Elite/AIME1SiXiaoMd00501/AIC_ME1SiXiaoMd00501.AIC_ME1SiXiaoMd00501",
    "BehaviorTree": "/Game/Aki/AI/AIMonster/Elite/AIME1SiXiaoMd00501/BT_ME1SiXiaoMd00501.BT_ME1SiXiaoMd00501",
    "SubBehaviorConfigs": {
      "size": 6
    },
    "Team": true,
    "MonsterType": 5
  },
  {
    "Id": 77017,
    "StateMachine": "SM_ME1SiXiaoMd00601",
    "AiController": "/Game/Aki/AI/AIMonster/Elite/AIME1SiXiaoMd00601/AIC_ME1SiXiaoMd00601.AIC_ME1SiXiaoMd00601",
    "BehaviorTree": "/Game/Aki/AI/AIMonster/Elite/AIME1SiXiaoMd00601/BT_ME1SiXiaoMd00601.BT_ME1SiXiaoMd00601",
    "SubBehaviorConfigs": {
      "size": 6
    },
    "Team": true,
    "MonsterType": 5
  },
  {
    "Id": 77021,
    "StateMachine": "SM_ME1QunJingMd00001_New",
    "AiController": "/Game/Aki/AI/AIMonster/Elite/AIME1QunJingMd00001/AIC_ME1QunJingMd00001_New.AIC_ME1QunJingMd00001_New",
    "BehaviorTree": "/Game/Aki/AI/AIMonster/Elite/AIME1QunJingMd00001/BT_ME1QunJingMd00001_New.BT_ME1QunJingMd00001_New",
    "SubBehaviorConfigs": {
      "size": 6
    },
    "Team": true,
    "MonsterType": 1
  },
  {
    "Id": 77022,
    "StateMachine": "SM_ME1LeiFaMd00301",
    "AiController": "/Game/Aki/AI/AIMonster/Elite/AIME1LeiFaMd00301/AIC_ME1LeiFaMd00301.AIC_ME1LeiFaMd00301",
    "BehaviorTree": "/Game/Aki/AI/AIMonster/Elite/AIME1LeiFaMd00301/BT_ME1LeiFaMd00301.BT_ME1LeiFaMd00301",
    "SubBehaviorConfigs": {
      "size": 6
    },
    "Team": true,
    "MonsterType": 2
  },
  {
    "Id": 77023,
    "StateMachine": "SM_ME1AnFaMd00601",
    "AiController": "/Game/Aki/AI/AIMonster/Elite/AIME1AnFaMd00601/AIC_ME1AnFaMd00601.AIC_ME1AnFaMd00601",
    "BehaviorTree": "/Game/Aki/AI/AIMonster/Elite/AIME1AnFaMd00601/BT_ME1AnFaMd00601.BT_ME1AnFaMd00601",
    "SubBehaviorConfigs": {
      "size": 6
    },
    "Team": true,
    "MonsterType": 2
  },
  {
    "Id": 77024,
    "StateMachine": "SM_ME1GuangtankeMd00501",
    "AiController": "/Game/Aki/AI/AIMonster/Elite/AIME1GuangtankeMd00501/AIC_ME1GuangtankeMd00501.AIC_ME1GuangtankeMd00501",
    "BehaviorTree": "/Game/Aki/AI/AIMonster/Elite/AIME1GuangtankeMd00501/BT_ME1GuangtankeMd00501.BT_ME1GuangtankeMd00501",
    "SubBehaviorConfigs": {
      "size": 6
    },
    "Team": true,
    "MonsterType": 3
  },
  {
    "Id": 77025,
    "StateMachine": "SM_ME1AntankeMd00601",
    "AiController": "/Game/Aki/AI/AIMonster/Elite/AIME1AntankeMd00601/AIC_ME1AntankeMd00601.AIC_ME1AntankeMd00601",
    "BehaviorTree": "/Game/Aki/AI/AIMonster/Elite/AIME1AntankeMd00601/BT_ME1AntankeMd00601.BT_ME1AntankeMd00601",
    "SubBehaviorConfigs": {
      "size": 6
    },
    "Team": true,
    "MonsterType": 1
  },
  {
    "Id": 77028,
    "StateMachine": "SM_ME1ShihuaxiMd00101",
    "AiController": "/Game/Aki/AI/AIMonster/Elite/AIME1ShihuaxiMd00101/AIC_ME1ShihuaxiMd00101.AIC_ME1ShihuaxiMd00101",
    "BehaviorTree": "/Game/Aki/AI/AIMonster/Elite/AIME1ShihuaxiMd00101/BT_ME1ShihuaxiMd00101.BT_ME1ShihuaxiMd00101",
    "SubBehaviorConfigs": {
      "size": 6
    },
    "Team": true,
    "MonsterType": 3
  },
  {
    "Id": 77029,
    "StateMachine": "SM_ME1ShuimuguMd00601",
    "AiController": "/Game/Aki/AI/AIMonster/Elite/AIME1ShuimuguMd00601/AIC_ME1ShuimuguMd00601.AIC_ME1ShuimuguMd00601",
    "BehaviorTree": "/Game/Aki/AI/AIMonster/Elite/AIME1ShuimuguMd00601/BT_ME1ShuimuguMd00601.BT_ME1ShuimuguMd00601",
    "SubBehaviorConfigs": {
      "size": 6
    },
    "Team": true,
    "MonsterType": 2
  },
  {
    "Id": 77033,
    "StateMachine": "SM_ME1BinlangMd00601",
    "AiController": "/Game/Aki/AI/AIMonster/Elite/AIME1BinlangMd00601/AIC_ME1BinlangMd00601.AIC_ME1BinlangMd00601",
    "BehaviorTree": "/Game/Aki/AI/AIMonster/Elite/AIME1BinlangMd00601/BT_ME1BinlangMd00601.BT_ME1BinlangMd00601",
    "SubBehaviorConfigs": {
      "size": 6
    },
    "Team": true,
    "MonsterType": 1
  },
  {
    "Id": 77036,
    "StateMachine": "SM_ME1DaodanyuanMd00401",
    "AiController": "/Game/Aki/AI/AIMonster/Elite/AIME1DaodanyuanMd00401/AIC_ME1DaodanyuanMd00401.AIC_ME1DaodanyuanMd00401",
    "BehaviorTree": "/Game/Aki/AI/AIMonster/Elite/AIME1DaodanyuanMd00401/BT_ME1DaodanyuanMd00401.BT_ME1DaodanyuanMd00401",
    "SubBehaviorConfigs": {
      "size": 6
    },
    "Team": true,
    "MonsterType": 2
  },
  {
    "Id": 77038,
    "StateMachine": "SM_ME1JiancuxiongMd00001",
    "AiController": "/Game/Aki/AI/AIMonster/Elite/AIME1JiancuxiongMd00001/AIC_ME1JiancuxiongMd00001.AIC_ME1JiancuxiongMd00001",
    "BehaviorTree": "/Game/Aki/AI/AIMonster/Elite/AIME1JiancuxiongMd00001/BT_ME1JiancuxiongMd00001.BT_ME1JiancuxiongMd00001",
    "SubBehaviorConfigs": {
      "size": 6
    },
    "Team": true,
    "MonsterType": 1
  },
  {
    "Id": 80002,
    "StateMachine": "SM_ML1LinrenMd00301",
    "AiController": "/Game/Aki/AI/AIMonster/Lord/AIML1LinrenMd00301/AIC_ML1LinrenMd00301_01.AIC_ML1LinrenMd00301_01",
    "BehaviorTree": "/Game/Aki/AI/AIMonster/Lord/AIML1LinrenMd00301/BT_ML1LinrenMd00301_01.BT_ML1LinrenMd00301_01",
    "SubBehaviorConfigs": {
      "size": 5
    },
    "Team": false,
    "MonsterType": 4
  },
  {
    "Id": 80004,
    "StateMachine": "SM_MB1Wuguanzhe00601",
    "AiController": "/Game/Aki/AI/AIMonster/Boss/AIMB1Wuguanzhe00601/AIC_MB1Wuguanzhe00601.AIC_MB1Wuguanzhe00601",
    "BehaviorTree": "/Game/Aki/AI/AIMonster/Boss/AIMB1Wuguanzhe00601/BT_MB1Wuguanzhe00601.BT_MB1Wuguanzhe00601",
    "SubBehaviorConfigs": {
      "size": 5
    },
    "Team": false,
    "MonsterType": 4
  },
  {
    "Id": 80005,
    "StateMachine": "SM_MB1MingzhongzhiguiMd00201",
    "AiController": "/Game/Aki/AI/AIMonster/Boss/MB1MingzhongzhiguiMd00201/AIC_MB1MingzhongzhiguiMd00201.AIC_MB1MingzhongzhiguiMd00201",
    "BehaviorTree": "/Game/Aki/AI/AIMonster/Boss/MB1MingzhongzhiguiMd00201/BT_MB1MingzhongzhiguiMd00201.BT_MB1MingzhongzhiguiMd00201",
    "SubBehaviorConfigs": {
      "size": 4
    },
    "Team": false,
    "MonsterType": 4
  },
  {
    "Id": 80006,
    "StateMachine": "",
    "AiController": "/Game/Aki/AI/AIMonster/Lord/AIML1XunyinzhijingMd00201/AIC_ML1XunyinzhijingMd00201.AIC_ML1XunyinzhijingMd00201",
    "BehaviorTree": "/Game/Aki/AI/AIMonster/Lord/AIML1XunyinzhijingMd00201/BT_ML1XunyinzhijingMd00201.BT_ML1XunyinzhijingMd00201",
    "SubBehaviorConfigs": {
      "size": 4
    },
    "Team": false,
    "MonsterType": 4
  },
  {
    "Id": 80007,
    "StateMachine": "SM_ML1QiShiMd00001",
    "AiController": "/Game/Aki/AI/AIMonster/Lord/AIML1QiShiMd00001/AIC_AIML1QiShiMd00001.AIC_AIML1QiShiMd00001",
    "BehaviorTree": "/Game/Aki/AI/AIMonster/Lord/AIML1QiShiMd00001/BT_AIML1QiShiMd00001.BT_AIML1QiShiMd00001",
    "SubBehaviorConfigs": {
      "size": 5
    },
    "Team": false,
    "MonsterType": 4
  },
  {
    "Id": 80008,
    "StateMachine": "SM_AIR2T1ShanghenMd10011",
    "AiController": "/Game/Aki/AI/AIMonster/Boss/AIR2T1ShanghenMd10011/AIC_R2T1ShanghenMd10011.AIC_R2T1ShanghenMd10011",
    "BehaviorTree": "/Game/Aki/AI/AIMonster/Boss/AIR2T1ShanghenMd10011/BT_R2T1ShanghenMd10011.BT_R2T1ShanghenMd10011",
    "SubBehaviorConfigs": {
      "size": 5
    },
    "Team": false,
    "MonsterType": 4
  },
  {
    "Id": 80015,
    "StateMachine": "SM_AIMB1ShanghengMd00501",
    "AiController": "/Game/Aki/AI/AIMonster/Boss/AIMB1ShanghengMd00501/AIC_AIMB1ShanghengMd00501.AIC_AIMB1ShanghengMd00501",
    "BehaviorTree": "/Game/Aki/AI/AIMonster/Boss/AIMB1ShanghengMd00501/BT_AIMB1ShanghengMd00501.BT_AIMB1ShanghengMd00501",
    "SubBehaviorConfigs": {
      "size": 5
    },
    "Team": false,
    "MonsterType": 4
  },
  {
    "Id": 80016,
    "StateMachine": "",
    "AiController": "/Game/Aki/AI/AIMonster/Boss/AIMB1HeiAnkeMd10011/AIC_MB1HeiAnkeMd10011.AIC_MB1HeiAnkeMd10011",
    "BehaviorTree": "/Game/Aki/AI/AIMonster/Boss/AIMB1HeiAnkeMd10011/BT_MB1HeiAnkeMd10011.BT_MB1HeiAnkeMd10011",
    "SubBehaviorConfigs": {
      "size": 5
    },
    "Team": false,
    "MonsterType": 4
  },
  {
    "Id": 80009,
    "StateMachine": "SM_ML1WuChangluMd00601",
    "AiController": "/Game/Aki/AI/AIMonster/Lord/AIML1WuChangluMd00601/AIC_ML1WuChangluMd00601.AIC_ML1WuChangluMd00601",
    "BehaviorTree": "/Game/Aki/AI/AIMonster/Lord/AIML1WuChangluMd00601/BT_ML1WuChangluMd00601.BT_ML1WuChangluMd00601",
    "SubBehaviorConfigs": {
      "size": 5
    },
    "Team": false,
    "MonsterType": 4
  },
  {
    "Id": 80010,
    "StateMachine": "SM_ML1FerLianMd00201",
    "AiController": "/Game/Aki/AI/AIMonster/Lord/AIML1FerLianMd00201/AIC_ML1FerLianMd00201.AIC_ML1FerLianMd00201",
    "BehaviorTree": "/Game/Aki/AI/AIMonster/Lord/AIML1FerLianMd00201/BT_ML1FerLianMd00201.BT_ML1FerLianMd00201",
    "SubBehaviorConfigs": {
      "size": 4
    },
    "Team": false,
    "MonsterType": 4
  },
  {
    "Id": 80012,
    "StateMachine": "SM_ML1AiShengGuYuanMd00501",
    "AiController": "/Game/Aki/AI/AIMonster/Lord/AIML1AiShengGuYuanMd00501/AIC_ML1AiShengGuYuanMd00501.AIC_ML1AiShengGuYuanMd00501",
    "BehaviorTree": "/Game/Aki/AI/AIMonster/Lord/AIML1AiShengGuYuanMd00501/BT_ML1AiShengGuYuanMd00501.BT_ML1AiShengGuYuanMd00501",
    "SubBehaviorConfigs": {
      "size": 4
    },
    "Team": false,
    "MonsterType": 4
  },
  {
    "Id": 80011,
    "StateMachine": "SM_ML1HuiYingMd00101",
    "AiController": "/Game/Aki/AI/AIMonster/Lord/AIML1HuiYingMd00101/AIC_ML1HuiYingMd00101.AIC_ML1HuiYingMd00101",
    "BehaviorTree": "/Game/Aki/AI/AIMonster/Lord/AIML1HuiYingMd00101/BT_ML1HuiYingMd00101.BT_ML1HuiYingMd00101",
    "SubBehaviorConfigs": {
      "size": 5
    },
    "Team": false,
    "MonsterType": 4
  },
  {
    "Id": 1000001,
    "StateMachine": "",
    "AiController": "/Game/Aki/AI/AIMonster/Ordinary/shitou/AIC_shitou.AIC_shitou",
    "BehaviorTree": "/Game/Aki/AI/AIMonster/Ordinary/shitou/BT_shitou.BT_shitou",
    "SubBehaviorConfigs": {
      "size": 7
    },
    "Team": false,
    "MonsterType": 4
  },
  {
    "Id": 400090001,
    "StateMachine": "",
    "AiController": "/Game/Aki/AI/AINPC/Common/AIC_CommonNPC.AIC_CommonNPC",
    "BehaviorTree": "/Game/Aki/AI/AINPC/Common/BT_CommonNPC.BT_CommonNPC",
    "SubBehaviorConfigs": {},
    "Team": false,
    "MonsterType": 4
  },
  {
    "Id": 400090022,
    "StateMachine": "",
    "AiController": "/Game/Aki/AI/AINPC/Common/AIC_CommonNPC.AIC_CommonNPC",
    "BehaviorTree": "/Game/Aki/AI/AINPC/Common/BT_Common_Soldier.BT_Common_Soldier",
    "SubBehaviorConfigs": {},
    "Team": false,
    "MonsterType": 4
  },
  {
    "Id": 400090003,
    "StateMachine": "",
    "AiController": "/Game/Aki/AI/AINPC/Common/AIC_CommonNPC.AIC_CommonNPC",
    "BehaviorTree": "/Game/Aki/AI/AINPC/Common/BT_CommonNPC.BT_CommonNPC",
    "SubBehaviorConfigs": {
      "size": 1
    },
    "Team": false,
    "MonsterType": 4
  },
  {
    "Id": 400090032,
    "StateMachine": "",
    "AiController": "/Game/Aki/AI/AINPC/Common/AIC_CommonNPC.AIC_CommonNPC",
    "BehaviorTree": "/Game/Aki/AI/AINPC/Common/BT_Common_Soldier.BT_Common_Soldier",
    "SubBehaviorConfigs": {
      "size": 1
    },
    "Team": false,
    "MonsterType": 4
  },
  {
    "Id": 400090037,
    "StateMachine": "",
    "AiController": "/Game/Aki/AI/AINPC/Common/AIC_CommonNPC.AIC_CommonNPC",
    "BehaviorTree": "/Game/Aki/AI/AINPC/Common/BT_CommonNPC.BT_CommonNPC",
    "SubBehaviorConfigs": {
      "size": 1
    },
    "Team": false,
    "MonsterType": 4
  },
  {
    "Id": 400090043,
    "StateMachine": "",
    "AiController": "/Game/Aki/AI/AINPC/Common/AIC_CommonNPC.AIC_CommonNPC",
    "BehaviorTree": "/Game/Aki/AI/AINPC/Common/BT_Common_Soldier.BT_Common_Soldier",
    "SubBehaviorConfigs": {
      "size": 1
    },
    "Team": false,
    "MonsterType": 4
  },
  {
    "Id": 400090049,
    "StateMachine": "",
    "AiController": "/Game/Aki/AI/AINPC/Common/AIC_CommonNPC.AIC_CommonNPC",
    "BehaviorTree": "/Game/Aki/AI/AINPC/Common/BT_CommonNPC.BT_CommonNPC",
    "SubBehaviorConfigs": {
      "size": 1
    },
    "Team": false,
    "MonsterType": 4
  },
  {
    "Id": 400090080,
    "StateMachine": "",
    "AiController": "/Game/Aki/AI/AINPC/Common/AIC_CommonNPC.AIC_CommonNPC",
    "BehaviorTree": "/Game/Aki/AI/AINPC/Common/BT_CommonNPC.BT_CommonNPC",
    "SubBehaviorConfigs": {
      "size": 1
    },
    "Team": false,
    "MonsterType": 4
  },
  {
    "Id": 400090098,
    "StateMachine": "",
    "AiController": "/Game/Aki/AI/AINPC/Common/AIC_CommonNPC.AIC_CommonNPC",
    "BehaviorTree": "/Game/Aki/AI/AINPC/Common/BT_Common_Soldier.BT_Common_Soldier",
    "SubBehaviorConfigs": {
      "size": 1
    },
    "Team": false,
    "MonsterType": 4
  },
  {
    "Id": 400090121,
    "StateMachine": "",
    "AiController": "/Game/Aki/AI/AINPC/Common/AIC_CommonNPC.AIC_CommonNPC",
    "BehaviorTree": "/Game/Aki/AI/AINPC/Common/BT_CommonNPC.BT_CommonNPC",
    "SubBehaviorConfigs": {
      "size": 1
    },
    "Team": false,
    "MonsterType": 4
  },
  {
    "Id": 400090122,
    "StateMachine": "",
    "AiController": "/Game/Aki/AI/AINPC/Common/AIC_CommonNPC.AIC_CommonNPC",
    "BehaviorTree": "/Game/Aki/AI/AINPC/Common/BT_CommonNPC.BT_CommonNPC",
    "SubBehaviorConfigs": {
      "size": 1
    },
    "Team": false,
    "MonsterType": 4
  },
  {
    "Id": 400090179,
    "StateMachine": "",
    "AiController": "/Game/Aki/AI/AINPC/Common/AIC_CommonNPC.AIC_CommonNPC",
    "BehaviorTree": "/Game/Aki/AI/AINPC/Common/BT_CommonNPC.BT_CommonNPC",
    "SubBehaviorConfigs": {
      "size": 1
    },
    "Team": false,
    "MonsterType": 4
  },
  {
    "Id": 400090196,
    "StateMachine": "",
    "AiController": "/Game/Aki/AI/AINPC/Common/AIC_CommonNPC.AIC_CommonNPC",
    "BehaviorTree": "/Game/Aki/AI/AINPC/Common/BT_CommonNPC.BT_CommonNPC",
    "SubBehaviorConfigs": {
      "size": 1
    },
    "Team": false,
    "MonsterType": 4
  },
  {
    "Id": 400090345,
    "StateMachine": "",
    "AiController": "/Game/Aki/AI/AINPC/Common/AIC_CommonNPC.AIC_CommonNPC",
    "BehaviorTree": "/Game/Aki/AI/AINPC/Common/BT_CommonNPC.BT_CommonNPC",
    "SubBehaviorConfigs": {
      "size": 1
    },
    "Team": false,
    "MonsterType": 4
  },
  {
    "Id": 400090343,
    "StateMachine": "",
    "AiController": "/Game/Aki/AI/AINPC/Common/AIC_CommonNPC.AIC_CommonNPC",
    "BehaviorTree": "/Game/Aki/AI/AINPC/Common/BT_CommonNPC.BT_CommonNPC",
    "SubBehaviorConfigs": {
      "size": 1
    },
    "Team": false,
    "MonsterType": 4
  },
  {
    "Id": 400090325,
    "StateMachine": "",
    "AiController": "/Game/Aki/AI/AINPC/Common/AIC_CommonNPC.AIC_CommonNPC",
    "BehaviorTree": "/Game/Aki/AI/AINPC/Common/BT_Common_Soldier.BT_Common_Soldier",
    "SubBehaviorConfigs": {
      "size": 1
    },
    "Team": false,
    "MonsterType": 4
  },
  {
    "Id": 400090311,
    "StateMachine": "",
    "AiController": "/Game/Aki/AI/AINPC/Common/AIC_CommonNPC.AIC_CommonNPC",
    "BehaviorTree": "/Game/Aki/AI/AINPC/Common/BT_Common_Soldier.BT_Common_Soldier",
    "SubBehaviorConfigs": {
      "size": 1
    },
    "Team": false,
    "MonsterType": 4
  },
  {
    "Id": 400090310,
    "StateMachine": "",
    "AiController": "/Game/Aki/AI/AINPC/Common/AIC_CommonNPC.AIC_CommonNPC",
    "BehaviorTree": "/Game/Aki/AI/AINPC/Common/BT_Common_Soldier.BT_Common_Soldier",
    "SubBehaviorConfigs": {
      "size": 1
    },
    "Team": false,
    "MonsterType": 4
  },
  {
    "Id": 400090202,
    "StateMachine": "",
    "AiController": "/Game/Aki/AI/AINPC/Animal/NA006/AIC_NA006.AIC_NA006",
    "BehaviorTree": "/Game/Aki/AI/AINPC/Animal/NA006/BT_NA006_PathMove.BT_NA006_PathMove",
    "SubBehaviorConfigs": {
      "size": 1
    },
    "Team": false,
    "MonsterType": 4
  },
  {
    "Id": 400090203,
    "StateMachine": "",
    "AiController": "/Game/Aki/AI/AINPC/Animal/NA006/AIC_NA006.AIC_NA006",
    "BehaviorTree": "/Game/Aki/AI/AINPC/Animal/NA006/BT_NA006_PathMove.BT_NA006_PathMove",
    "SubBehaviorConfigs": {
      "size": 1
    },
    "Team": false,
    "MonsterType": 4
  },
  {
    "Id": 400090204,
    "StateMachine": "",
    "AiController": "/Game/Aki/AI/AINPC/Animal/NA006/AIC_NA006.AIC_NA006",
    "BehaviorTree": "/Game/Aki/AI/AINPC/Animal/NA006/BT_NA006_PathMove.BT_NA006_PathMove",
    "SubBehaviorConfigs": {
      "size": 1
    },
    "Team": false,
    "MonsterType": 4
  },
  {
    "Id": 90012,
    "StateMachine": "SM_MO1LiufangzhemanMd00001",
    "AiController": "/Game/Aki/AI/AIMonster/Ordinary/AIMO1LiufangzhemanMd00001/AIC_MO1LiufangzhemanMd00001.AIC_MO1LiufangzhemanMd00001",
    "BehaviorTree": "/Game/Aki/AI/AIMonster/Ordinary/AIMO1LiufangzhemanMd00001/BT_MO1LiufangzhemanMd00001_Task01.BT_MO1LiufangzhemanMd00001_Task01",
    "SubBehaviorConfigs": {
      "size": 5
    },
    "Team": false,
    "MonsterType": 4
  },
  {
    "Id": 90014,
    "StateMachine": "",
    "AiController": "/Game/Aki/AI/AIMonster/Ordinary/AIMO1ShouhuMd00001/AIC_MO1ShouhuMd00001.AIC_MO1ShouhuMd00001",
    "BehaviorTree": "/Game/Aki/AI/AIMonster/Ordinary/AIMO1ShouhuMd00001/BT_MO1ShouhuMd00001.BT_MO1ShouhuMd00001",
    "SubBehaviorConfigs": {
      "size": 2
    },
    "Team": false,
    "MonsterType": 4
  },
  {
    "Id": 90015,
    "StateMachine": "",
    "AiController": "/Game/Aki/AI/AIMonster/Ordinary/AIMO1ShouhuMd00002/AIC_MO1ShouhuMd00002.AIC_MO1ShouhuMd00002",
    "BehaviorTree": "/Game/Aki/AI/AIMonster/Ordinary/AIMO1ShouhuMd00002/BT_MO1ShouhuMd00002.BT_MO1ShouhuMd00002",
    "SubBehaviorConfigs": {
      "size": 2
    },
    "Team": false,
    "MonsterType": 4
  },
  {
    "Id": 600003001,
    "StateMachine": "",
    "AiController": "/Game/Aki/AI/AIMonster/Ordinary/AIMingsuti_fenshen/AIC_Mingsuti_fenshen.AIC_Mingsuti_fenshen",
    "BehaviorTree": "/Game/Aki/AI/AIMonster/Ordinary/AIMingsuti_fenshen/BT_Mingsuti_fenshen.BT_Mingsuti_fenshen",
    "SubBehaviorConfigs": {
      "size": 7
    },
    "Team": false,
    "MonsterType": 4
  },
  {
    "Id": 500001030,
    "StateMachine": "",
    "AiController": "/Game/Aki/AI/AIMonster/Ordinary/AIMingsuti_Patrol/AIC_Mingsuti_Patrol.AIC_Mingsuti_Patrol",
    "BehaviorTree": "/Game/Aki/AI/AIMonster/Ordinary/AIMingsuti_Patrol/BT_Mingsuti_Patrol.BT_Mingsuti_Patrol",
    "SubBehaviorConfigs": {
      "size": 6
    },
    "Team": false,
    "MonsterType": 4
  },
  {
    "Id": 410000001,
    "StateMachine": "",
    "AiController": "/Game/Aki/AI/AINPC/Common/AIC_CommonNPC.AIC_CommonNPC",
    "BehaviorTree": "/Game/Aki/AI/AINPC/Common/BT_CommonNPC_New.BT_CommonNPC_New",
    "SubBehaviorConfigs": {
      "size": 1
    },
    "Team": false,
    "MonsterType": 4
  },
  {
    "Id": 400091101,
    "StateMachine": "",
    "AiController": "/Game/Aki/AI/AINPC/Common/AIC_CommonNPC.AIC_CommonNPC",
    "BehaviorTree": "/Game/Aki/AI/AINPC/Demo/BT_SimplePatrol.BT_SimplePatrol",
    "SubBehaviorConfigs": {
      "size": 2
    },
    "Team": false,
    "MonsterType": 4
  },
  {
    "Id": 130201,
    "StateMachine": "",
    "AiController": "/Game/Aki/AI/AIMonster/Summon/MS1YinlinMd10011_Doll/AIC_Yinlin_Doll.AIC_Yinlin_Doll",
    "BehaviorTree": "/Game/Aki/AI/AIMonster/Summon/MS1YinlinMd10011_Doll/BT_Yinlin_Doll.BT_Yinlin_Doll",
    "SubBehaviorConfigs": {
      "size": 1
    },
    "Team": true,
    "MonsterType": 4
  },
  {
    "Id": 77041,
    "StateMachine": "SM_ME1ChuxingrenMd00601",
    "AiController": "/Game/Aki/AI/AIMonster/Elite/AIME1ChuxingrenMd00601/AIC_ME1ChuxingrenMd00601.AIC_ME1ChuxingrenMd00601",
    "BehaviorTree": "/Game/Aki/AI/AIMonster/Elite/AIME1ChuxingrenMd00601/BT_ME1ChuxingrenMd00601.BT_ME1ChuxingrenMd00601",
    "SubBehaviorConfigs": {
      "size": 6
    },
    "Team": true,
    "MonsterType": 1
  },
  {
    "Id": 8001001,
    "StateMachine": "",
    "AiController": "/Game/Aki/AI/AIMonster/Lord/AIML1FerLianMd00202/AIC_ML1FerLianMd00202.AIC_ML1FerLianMd00202",
    "BehaviorTree": "/Game/Aki/AI/AIMonster/Lord/AIML1FerLianMd00202/BT_ML1FerLianMd00202.BT_ML1FerLianMd00202",
    "SubBehaviorConfigs": {
      "size": 4
    },
    "Team": false,
    "MonsterType": 4
  },
  {
    "Id": 77045,
    "StateMachine": "SM_ME1FengrenlianMd00401",
    "AiController": "/Game/Aki/AI/AIMonster/Elite/AIME1FengrenlianMd00401/AIC_ME1FengrenlianMd00401.AIC_ME1FengrenlianMd00401",
    "BehaviorTree": "/Game/Aki/AI/AIMonster/Elite/AIME1FengrenlianMd00401/BT_ME1FengrenlianMd00401.BT_ME1FengrenlianMd00401",
    "SubBehaviorConfigs": {
      "size": 6
    },
    "Team": true,
    "MonsterType": 1
  },
  {
    "Id": 21028,
    "StateMachine": "",
    "AiController": "/Game/Aki/AI/AINPC/Animal/NA028/AIC_NA028.AIC_NA028",
    "BehaviorTree": "/Game/Aki/AI/AINPC/Animal/NA028/BT_NA028.BT_NA028",
    "SubBehaviorConfigs": {},
    "Team": false,
    "MonsterType": 4
  },
  {
    "Id": 800041,
    "StateMachine": "SM_MB1Wuguanzhe00601_Layer3",
    "AiController": "/Game/Aki/AI/AIMonster/Boss/AIMB1Wuguanzhe00601/AIC_MB1Wuguanzhe00601_Layer3.AIC_MB1Wuguanzhe00601_Layer3",
    "BehaviorTree": "/Game/Aki/AI/AIMonster/Boss/AIMB1Wuguanzhe00601/BT_MB1Wuguanzhe00601_Layer3.BT_MB1Wuguanzhe00601_Layer3",
    "SubBehaviorConfigs": {
      "size": 5
    },
    "Team": false,
    "MonsterType": 4
  },
  {
    "Id": 21026,
    "StateMachine": "",
    "AiController": "/Game/Aki/AI/AINPC/Animal/NA026/AIC_NA026.AIC_NA026",
    "BehaviorTree": "/Game/Aki/AI/AINPC/Animal/NA026/BT_NA026.BT_NA026",
    "SubBehaviorConfigs": {
      "size": 1
    },
    "Team": false,
    "MonsterType": 4
  },
  {
    "Id": 70108,
    "StateMachine": "SM_MO1ZhantuanlizuMd00001",
    "AiController": "/Game/Aki/AI/AIMonster/Ordinary/AIMO1ZhantuanlizuMd00001/AIC_MO1ZhantuanlizuMd00001.AIC_MO1ZhantuanlizuMd00001",
    "BehaviorTree": "/Game/Aki/AI/AIMonster/Ordinary/AIMO1ZhantuanlizuMd00001/BT_MO1ZhantuanlizuMd00001.BT_MO1ZhantuanlizuMd00001",
    "SubBehaviorConfigs": {
      "size": 6
    },
    "Team": true,
    "MonsterType": 4
  },
  {
    "Id": 70107,
    "StateMachine": "SM_MO1Bingjian2Md00201",
    "AiController": "/Game/Aki/AI/AIMonster/Ordinary/AIMO1Bingjian2Md00201/AIC_MO1Bingjian2Md00201.AIC_MO1Bingjian2Md00201",
    "BehaviorTree": "/Game/Aki/AI/AIMonster/Ordinary/AIMO1Bingjian2Md00201/BT_MO1Bingjian2Md00201.BT_MO1Bingjian2Md00201",
    "SubBehaviorConfigs": {
      "size": 4
    },
    "Team": true,
    "MonsterType": 4
  },
  {
    "Id": 80014,
    "StateMachine": "SM_MB1ZhenwuguanzheMd00601_Layer3_MainQuest",
    "AiController": "/Game/Aki/AI/AIMonster/Boss/AIMB1ZhenwuguanzheMd00601/AIC_MB1ZhenwuguanzheMd00601.AIC_MB1ZhenwuguanzheMd00601",
    "BehaviorTree": "/Game/Aki/AI/AIMonster/Boss/AIMB1ZhenwuguanzheMd00601/BT_MB1ZhenwuguanzheMd00601.BT_MB1ZhenwuguanzheMd00601",
    "SubBehaviorConfigs": {
      "size": 5
    },
    "Team": false,
    "MonsterType": 4
  },
  {
    "Id": 770211,
    "StateMachine": "SM_ME1QunJingMd00001_New",
    "AiController": "/Game/Aki/AI/AIMonster/Elite/AIME1QunJingMd00001/AIC_ME1QunJingMd00001_New.AIC_ME1QunJingMd00001_New",
    "BehaviorTree": "/Game/Aki/AI/AIMonster/Elite/AIME1QunJingMd00001/BT_ME1QunJingMd00001_Guide.BT_ME1QunJingMd00001_Guide",
    "SubBehaviorConfigs": {
      "size": 6
    },
    "Team": true,
    "MonsterType": 1
  },
  {
    "Id": 770241,
    "StateMachine": "SM_ME1GuangtankeMd00501",
    "AiController": "/Game/Aki/AI/AIMonster/Elite/AIME1GuangtankeMd00501/AIC_ME1GuangtankeMd00501.AIC_ME1GuangtankeMd00501",
    "BehaviorTree": "/Game/Aki/AI/AIMonster/Elite/AIME1GuangtankeMd00501/BT_ME1GuangtankeMd00501.BT_ME1GuangtankeMd00501",
    "SubBehaviorConfigs": {
      "size": 6
    },
    "Team": true,
    "MonsterType": 4
  },
  {
    "Id": 770291,
    "StateMachine": "SM_ME1ShuimuguMd00601",
    "AiController": "/Game/Aki/AI/AIMonster/Elite/AIME1ShuimuguMd00601/AIC_ME1ShuimuguMd00601.AIC_ME1ShuimuguMd00601",
    "BehaviorTree": "/Game/Aki/AI/AIMonster/Elite/AIME1ShuimuguMd00601/BT_ME1ShuimuguMd00601_MainTask.BT_ME1ShuimuguMd00601_MainTask",
    "SubBehaviorConfigs": {
      "size": 6
    },
    "Team": true,
    "MonsterType": 2
  },
  {
    "Id": 109002516,
    "StateMachine": "",
    "AiController": "/Game/Aki/AI/AINPC/Common/AIC_CommonNPC.AIC_CommonNPC",
    "BehaviorTree": "/Game/Aki/AI/AINPC/System/BT_NPC_Maqi.BT_NPC_Maqi",
    "SubBehaviorConfigs": {
      "size": 1
    },
    "Team": false,
    "MonsterType": 4
  },
  {
    "Id": 109002530,
    "StateMachine": "",
    "AiController": "/Game/Aki/AI/AINPC/Common/AIC_CommonNPC.AIC_CommonNPC",
    "BehaviorTree": "/Game/Aki/AI/AINPC/Demo/BT_NPC_Wuyi.BT_NPC_Wuyi",
    "SubBehaviorConfigs": {
      "size": 2
    },
    "Team": false,
    "MonsterType": 4
  },
  {
    "Id": 8001201,
    "StateMachine": "",
    "AiController": "/Game/Aki/AI/AIMonster/Lord/AIML1AiShengGuYuanMd00501/AIC_ML1AiShengGuYuanMd00501_2.AIC_ML1AiShengGuYuanMd00501_2",
    "BehaviorTree": "/Game/Aki/AI/AIMonster/Lord/AIML1AiShengGuYuanMd00501/BT_ML1AiShengGuYuanMd00501_2.BT_ML1AiShengGuYuanMd00501_2",
    "SubBehaviorConfigs": {
      "size": 1
    },
    "Team": false,
    "MonsterType": 4
  },
  {
    "Id": 700671,
    "StateMachine": "SM_MO1GAziziMd00501",
    "AiController": "/Game/Aki/AI/AIMonster/Ordinary/AIMO1GAziziMd00501/AIC_MO1GAziziMd00501_MainTask.AIC_MO1GAziziMd00501_MainTask",
    "BehaviorTree": "/Game/Aki/AI/AIMonster/Ordinary/AIMO1GAziziMd00501/BT_MO1GAziziMd00501.BT_MO1GAziziMd00501",
    "SubBehaviorConfigs": {
      "size": 6
    },
    "Team": true,
    "MonsterType": 5
  },
  {
    "Id": 2100401,
    "StateMachine": "",
    "AiController": "/Game/Aki/AI/AINPC/Animal/NA004/AIC_NA004.AIC_NA004",
    "BehaviorTree": "/Game/Aki/AI/AINPC/Animal/NA004/BT_NA004_Side_QTDWZS.BT_NA004_Side_QTDWZS",
    "SubBehaviorConfigs": {},
    "Team": false,
    "MonsterType": 4
  },
  {
    "Id": 2102601,
    "StateMachine": "",
    "AiController": "/Game/Aki/AI/AINPC/Animal/NA026/AIC_NA026.AIC_NA026",
    "BehaviorTree": "/Game/Aki/AI/AINPC/Animal/NA026/BT_NA026_Side_QTDWZS.BT_NA026_Side_QTDWZS",
    "SubBehaviorConfigs": {
      "size": 1
    },
    "Team": false,
    "MonsterType": 4
  },
  {
    "Id": 2102801,
    "StateMachine": "",
    "AiController": "/Game/Aki/AI/AINPC/Animal/NA028/AIC_NA028.AIC_NA028",
    "BehaviorTree": "/Game/Aki/AI/AINPC/Animal/NA028/BT_NA028_Side_QTDWZS.BT_NA028_Side_QTDWZS",
    "SubBehaviorConfigs": {},
    "Team": false,
    "MonsterType": 4
  },
  {
    "Id": 2102802,
    "StateMachine": "",
    "AiController": "/Game/Aki/AI/AINPC/Animal/NA028/AIC_NA028.AIC_NA028",
    "BehaviorTree": "/Game/Aki/AI/AINPC/Animal/NA028/BT_NA028_boss.BT_NA028_boss",
    "SubBehaviorConfigs": {},
    "Team": false,
    "MonsterType": 4
  },
  {
    "Id": 70112,
    "StateMachine": "SM_MO1DingdongdongMd00201",
    "AiController": "/Game/Aki/AI/AIMonster/Ordinary/AIMO1DingdongdongMd00201/AIC_AIMO1DingdongdongMd00201.AIC_AIMO1DingdongdongMd00201",
    "BehaviorTree": "/Game/Aki/AI/AIMonster/Ordinary/AIMO1DingdongdongMd00201/BT_AIMO1DingdongdongMd00201.BT_AIMO1DingdongdongMd00201",
    "SubBehaviorConfigs": {
      "size": 7
    },
    "Team": true,
    "MonsterType": 4
  },
  {
    "Id": 70109,
    "StateMachine": "SM_MO1ZhantuanjunshioneMd00001",
    "AiController": "/Game/Aki/AI/AIMonster/Ordinary/AIMO1ZhantuanjunshioneMd00001/AIC_MO1ZhantuanjunshioneMd00001.AIC_MO1ZhantuanjunshioneMd00001",
    "BehaviorTree": "/Game/Aki/AI/AIMonster/Ordinary/AIMO1ZhantuanjunshioneMd00001/BT_MO1ZhantuanjunshioneMd00001.BT_MO1ZhantuanjunshioneMd00001",
    "SubBehaviorConfigs": {
      "size": 6
    },
    "Team": true,
    "MonsterType": 5
  },
  {
    "Id": 70110,
    "StateMachine": "SM_MO1ZhantuanjunshitwoMd00001",
    "AiController": "/Game/Aki/AI/AIMonster/Ordinary/AIMO1ZhantuanjunshitwoMd00001/AIC_MO1ZhantuanjunshitwoMd00001.AIC_MO1ZhantuanjunshitwoMd00001",
    "BehaviorTree": "/Game/Aki/AI/AIMonster/Ordinary/AIMO1ZhantuanjunshitwoMd00001/BT_MO1ZhantuanjunshitwoMd00001.BT_MO1ZhantuanjunshitwoMd00001",
    "SubBehaviorConfigs": {
      "size": 6
    },
    "Team": true,
    "MonsterType": 4
  },
  {
    "Id": 70111,
    "StateMachine": "SM_MO1RonhuochongMd00101",
    "AiController": "/Game/Aki/AI/AIMonster/Ordinary/AIMO1RonhuochongMd00101/AIC_MO1RonhuochongMd00101.AIC_MO1RonhuochongMd00101",
    "BehaviorTree": "/Game/Aki/AI/AIMonster/Ordinary/AIMO1RonhuochongMd00101/BT_MO1RonhuochongMd00101.BT_MO1RonhuochongMd00101",
    "SubBehaviorConfigs": {
      "size": 6
    },
    "Team": true,
    "MonsterType": 5
  },
  {
    "Id": 80013,
    "StateMachine": "SM_ML1QunnieMd00401",
    "AiController": "/Game/Aki/AI/AIMonster/Lord/AIML1QunnieMd00401/AIC_ML1QunnieMd00401.AIC_ML1QunnieMd00401",
    "BehaviorTree": "/Game/Aki/AI/AIMonster/Lord/AIML1QunnieMd00401/BT_ML1QunnieMd00401.BT_ML1QunnieMd00401",
    "SubBehaviorConfigs": {
      "size": 4
    },
    "Team": false,
    "MonsterType": 4
  },
  {
    "Id": 500000001,
    "StateMachine": "SM_Common_Didi_JiyanInstance",
    "AiController": "/Game/Aki/AI/AIFunctionCommon/AIC_Common_Didi_JiyanInstance.AIC_Common_Didi_JiyanInstance",
    "BehaviorTree": "/Game/Aki/AI/AIFunctionCommon/CommonBT/BT_Common_Didi_JiyanInstance.BT_Common_Didi_JiyanInstance",
    "SubBehaviorConfigs": {
      "size": 6
    },
    "Team": true,
    "MonsterType": 4
  },
  {
    "Id": 2101201,
    "StateMachine": "",
    "AiController": "/Game/Aki/AI/AINPC/Animal/NA012/AIC_NA012.AIC_NA012",
    "BehaviorTree": "/Game/Aki/AI/AINPC/Animal/NA012/BT_NA012_1.BT_NA012_1",
    "SubBehaviorConfigs": {
      "size": 1
    },
    "Team": false,
    "MonsterType": 4
  },
  {
    "Id": 2101202,
    "StateMachine": "",
    "AiController": "/Game/Aki/AI/AINPC/Animal/NA012/AIC_NA012.AIC_NA012",
    "BehaviorTree": "/Game/Aki/AI/AINPC/Animal/NA012/BT_NA012_2.BT_NA012_2",
    "SubBehaviorConfigs": {
      "size": 1
    },
    "Team": false,
    "MonsterType": 4
  },
  {
    "Id": 2101501,
    "StateMachine": "",
    "AiController": "/Game/Aki/AI/AINPC/Animal/NA015/AIC_NA015.AIC_NA015",
    "BehaviorTree": "/Game/Aki/AI/AINPC/Animal/NA015/BT_NA015_1.BT_NA015_1",
    "SubBehaviorConfigs": {
      "size": 1
    },
    "Team": false,
    "MonsterType": 4
  },
  {
    "Id": 2101502,
    "StateMachine": "",
    "AiController": "/Game/Aki/AI/AINPC/Animal/NA015/AIC_NA015.AIC_NA015",
    "BehaviorTree": "/Game/Aki/AI/AINPC/Animal/NA015/BT_NA015_2.BT_NA015_2",
    "SubBehaviorConfigs": {
      "size": 1
    },
    "Team": false,
    "MonsterType": 4
  },
  {
    "Id": 800141,
    "StateMachine": "SM_MB1ZhenwuguanzheMd00601__Fushua",
    "AiController": "/Game/Aki/AI/AIMonster/Boss/AIMB1ZhenwuguanzheMd00601/AIC_MB1ZhenwuguanzheMd00601__Fushua.AIC_MB1ZhenwuguanzheMd00601__Fushua",
    "BehaviorTree": "/Game/Aki/AI/AIMonster/Boss/AIMB1ZhenwuguanzheMd00601/BT_MB1ZhenwuguanzheMd00601_Fushua.BT_MB1ZhenwuguanzheMd00601_Fushua",
    "SubBehaviorConfigs": {
      "size": 5
    },
    "Team": false,
    "MonsterType": 4
  },
  {
    "Id": 2102803,
    "StateMachine": "",
    "AiController": "/Game/Aki/AI/AINPC/Animal/NA028/AIC_NA028.AIC_NA028",
    "BehaviorTree": "/Game/Aki/AI/AINPC/Animal/NA028/BT_NA028_1.BT_NA028_1",
    "SubBehaviorConfigs": {},
    "Team": false,
    "MonsterType": 4
  },
  {
    "Id": 800051,
    "StateMachine": "",
    "AiController": "/Game/Aki/AI/AIMonster/Ordinary/AIMO1BingciqiuMd00201/AIC_MO1BingciqiuMd00201.AIC_MO1BingciqiuMd00201",
    "BehaviorTree": "/Game/Aki/AI/AIMonster/Ordinary/AIMO1BingciqiuMd00201/BT_MO1BingciqiuMd00201.BT_MO1BingciqiuMd00201",
    "SubBehaviorConfigs": {
      "size": 3
    },
    "Team": false,
    "MonsterType": 4
  },
  {
    "Id": 80017,
    "StateMachine": "SM_AIMB1SuiguangMd00501",
    "AiController": "/Game/Aki/AI/AIMonster/Boss/AIMB1SuiguangMd00501/AIC_MB1SuiguangMd00501.AIC_MB1SuiguangMd00501",
    "BehaviorTree": "/Game/Aki/AI/AIMonster/Boss/AIMB1SuiguangMd00501/BT_MB1SuiguangMd00501.BT_MB1SuiguangMd00501",
    "SubBehaviorConfigs": {
      "size": 5
    },
    "Team": false,
    "MonsterType": 4
  },
  {
    "Id": 77042,
    "StateMachine": "SM_MP1TaguanghuMd00501",
    "AiController": "/Game/Aki/AI/AIMonster/ElitePro/AIMP1TaguanghuMd00501/AIC_MP1TaguanghuMd00501.AIC_MP1TaguanghuMd00501",
    "BehaviorTree": "/Game/Aki/AI/AIMonster/ElitePro/AIMP1TaguanghuMd00501/BT_MP1TaguanghuMd00501_02.BT_MP1TaguanghuMd00501_02",
    "SubBehaviorConfigs": {
      "size": 6
    },
    "Team": true,
    "MonsterType": 3
  },
  {
    "Id": 178001,
    "StateMachine": "SM_MO1HuojinMd00101",
    "AiController": "/Game/Aki/AI/AIMonster/Ordinary/AIMO1HuojinMd00101/AIC_MO1HuojinMd00101.AIC_MO1HuojinMd00101",
    "BehaviorTree": "/Game/Aki/AI/AIMonster/Ordinary/AIMO1HuojinMd00101/BT_MO1HuojinMd00101.BT_MO1HuojinMd00101",
    "SubBehaviorConfigs": {
      "size": 6
    },
    "Team": true,
    "MonsterType": 4
  },
  {
    "Id": 178002,
    "StateMachine": "SM_MO1FenglieMd00401",
    "AiController": "/Game/Aki/AI/AIMonster/Ordinary/AIMO1FenglieMd00401/AIC_MO1FenglieMd00401.AIC_MO1FenglieMd00401",
    "BehaviorTree": "/Game/Aki/AI/AIMonster/Ordinary/AIMO1FenglieMd00401/BT_MO1FenglieMd00401.BT_MO1FenglieMd00401",
    "SubBehaviorConfigs": {
      "size": 6
    },
    "Team": true,
    "MonsterType": 5
  },
  {
    "Id": 70113,
    "StateMachine": "SM_MO1ZhuzhutuoMd00001",
    "AiController": "/Game/Aki/AI/AIMonster/Ordinary/AIMO1ZhuzhutuoMd00001/AIC_MO1ZhuzhutuoMd00001.AIC_MO1ZhuzhutuoMd00001",
    "BehaviorTree": "/Game/Aki/AI/AIMonster/Ordinary/AIMO1ZhuzhutuoMd00001/BT_MO1ZhuzhutuoMd00001.BT_MO1ZhuzhutuoMd00001",
    "SubBehaviorConfigs": {
      "size": 6
    },
    "Team": true,
    "MonsterType": 4
  },
  {
    "Id": 77047,
    "StateMachine": "SM_ME1DaodanyuanMd00411",
    "AiController": "/Game/Aki/AI/AIMonster/Elite/AIME1DaodanyuanMd00411/AIC_AIME1DaodanyuanMd00411.AIC_AIME1DaodanyuanMd00411",
    "BehaviorTree": "/Game/Aki/AI/AIMonster/Elite/AIME1DaodanyuanMd00411/BT_AIME1DaodanyuanMd00411.BT_AIME1DaodanyuanMd00411",
    "SubBehaviorConfigs": {
      "size": 6
    },
    "Team": true,
    "MonsterType": 1
  },
  {
    "Id": 70114,
    "StateMachine": "SM_MO1GuangZhuMd00003",
    "AiController": "/Game/Aki/AI/AIMonster/NoMesh/AIMO1GuangZhuMd00003/AIC_MO1GuangZhuMd00003.AIC_MO1GuangZhuMd00003",
    "BehaviorTree": "/Game/Aki/AI/AIMonster/NoMesh/AIMO1GuangZhuMd00003/BT_MO1GuangZhuMd00003.BT_MO1GuangZhuMd00003",
    "SubBehaviorConfigs": {
      "size": 3
    },
    "Team": false,
    "MonsterType": 4
  },
  {
    "Id": 770251,
    "StateMachine": "SM_ME1AntankeMd00601_Guide",
    "AiController": "/Game/Aki/AI/AIMonster/Elite/AIME1AntankeMd00601/AIC_ME1AntankeMd00601.AIC_ME1AntankeMd00601",
    "BehaviorTree": "/Game/Aki/AI/AIMonster/Elite/AIME1AntankeMd00601/BT_ME1AntankeMd00601.BT_ME1AntankeMd00601",
    "SubBehaviorConfigs": {
      "size": 6
    },
    "Team": true,
    "MonsterType": 1
  },
  {
    "Id": 200003,
    "StateMachine": "",
    "AiController": "/Game/Aki/AI/AIMonster/Vsion/VM_Ordinary/AIC_VM_Common.AIC_VM_Common",
    "BehaviorTree": "/Game/Aki/AI/AIMonster/Vsion/VM_Ordinary/VM_MO1QunJing2/BT_VM_MO1QunJing2.BT_VM_MO1QunJing2",
    "SubBehaviorConfigs": {
      "size": 1
    },
    "Team": true,
    "MonsterType": 4
  },
  {
    "Id": 200004,
    "StateMachine": "",
    "AiController": "/Game/Aki/AI/AIMonster/Vsion/VM_Ordinary/AIC_VM_Common.AIC_VM_Common",
    "BehaviorTree": "/Game/Aki/AI/AIMonster/Vsion/VM_Ordinary/VM_MO1HKacaca/BT_VM_MO1HKacaca.BT_VM_MO1HKacaca",
    "SubBehaviorConfigs": {
      "size": 1
    },
    "Team": true,
    "MonsterType": 4
  },
  {
    "Id": 200031,
    "StateMachine": "",
    "AiController": "/Game/Aki/AI/AIMonster/Vsion/VM_Ordinary/AIC_VM_Common.AIC_VM_Common",
    "BehaviorTree": "/Game/Aki/AI/AIMonster/Vsion/VM_Ordinary/VM_MO1Shuimugu/BT_VM_MO1Shuimugu.BT_VM_MO1Shuimugu",
    "SubBehaviorConfigs": {
      "size": 1
    },
    "Team": true,
    "MonsterType": 4
  },
  {
    "Id": 200032,
    "StateMachine": "",
    "AiController": "/Game/Aki/AI/AIMonster/Vsion/VM_Ordinary/AIC_VM_Common.AIC_VM_Common",
    "BehaviorTree": "/Game/Aki/AI/AIMonster/Vsion/VM_Elite/VM_ME1Shuimugu/BT_VM_ME1Shuimugu.BT_VM_ME1Shuimugu",
    "SubBehaviorConfigs": {
      "size": 1
    },
    "Team": true,
    "MonsterType": 4
  },
  {
    "Id": 200015,
    "StateMachine": "",
    "AiController": "/Game/Aki/AI/AIMonster/Vsion/VM_Ordinary/AIC_VM_Common.AIC_VM_Common",
    "BehaviorTree": "/Game/Aki/AI/AIMonster/Vsion/VM_Ordinary/VM_MO1Leilie/BT_VM_MO1Leilie.BT_VM_MO1Leilie",
    "SubBehaviorConfigs": {
      "size": 1
    },
    "Team": true,
    "MonsterType": 4
  },
  {
    "Id": 200016,
    "StateMachine": "",
    "AiController": "/Game/Aki/AI/AIMonster/Vsion/VM_Ordinary/AIC_VM_Common.AIC_VM_Common",
    "BehaviorTree": "/Game/Aki/AI/AIMonster/Vsion/VM_Ordinary/VM_MO1Fenglie/BT_VM_MO1Fenglie.BT_VM_MO1Fenglie",
    "SubBehaviorConfigs": {
      "size": 1
    },
    "Team": true,
    "MonsterType": 4
  },
  {
    "Id": 400092001,
    "StateMachine": "",
    "AiController": "/Game/Aki/AI/AINPC/Common/AIC_CommonNPC.AIC_CommonNPC",
    "BehaviorTree": "",
    "SubBehaviorConfigs": {
      "size": 2
    },
    "Team": false,
    "MonsterType": 4
  },
  {
    "Id": 200006,
    "StateMachine": "",
    "AiController": "/Game/Aki/AI/AIMonster/Vsion/VM_Ordinary/AIC_VM_Common.AIC_VM_Common",
    "BehaviorTree": "/Game/Aki/AI/AIMonster/Vsion/VM_Ordinary/VM_MO1GAzizi/BT_VM_MO1GAzizi.BT_VM_MO1GAzizi",
    "SubBehaviorConfigs": {
      "size": 1
    },
    "Team": true,
    "MonsterType": 4
  },
  {
    "Id": 77116,
    "StateMachine": "SM_ME1BaoZiMd00001",
    "AiController": "/Game/Aki/AI/AIMonster/Elite/AIME1BaoZiMd00001/AIC_ME1BaoZiMd00001.AIC_ME1BaoZiMd00001",
    "BehaviorTree": "/Game/Aki/AI/AIMonster/Elite/AIME1BaoZiMd00001/BT_ME1BaoZiMd00001.BT_ME1BaoZiMd00001",
    "SubBehaviorConfigs": {
      "size": 2
    },
    "Team": true,
    "MonsterType": 4
  },
  {
    "Id": 800142,
    "StateMachine": "",
    "AiController": "/Game/Aki/AI/AIMonster/Boss/AIMB1ZhenwuguanzheMd00611/AIC_MB1ZhenwuguanzheMd00611.AIC_MB1ZhenwuguanzheMd00611",
    "BehaviorTree": "/Game/Aki/AI/AIMonster/Boss/AIMB1ZhenwuguanzheMd00611/BT_MB1ZhenwuguanzheMd00611.BT_MB1ZhenwuguanzheMd00611",
    "SubBehaviorConfigs": {
      "size": 2
    },
    "Team": false,
    "MonsterType": 4
  },
  {
    "Id": 400092002,
    "StateMachine": "",
    "AiController": "/Game/Aki/AI/AINPC/Common/AIC_CommonNPC.AIC_CommonNPC",
    "BehaviorTree": "",
    "SubBehaviorConfigs": {
      "size": 1
    },
    "Team": false,
    "MonsterType": 4
  },
  {
    "Id": 800143,
    "StateMachine": "SM_MB1ZhenwuguanzheMd00612",
    "AiController": "/Game/Aki/AI/AIMonster/Boss/AIMB1ZhenwuguanzheMd00612/AIC_MB1ZhenwuguanzheMd00612.AIC_MB1ZhenwuguanzheMd00612",
    "BehaviorTree": "/Game/Aki/AI/AIMonster/Boss/AIMB1ZhenwuguanzheMd00612/BT_MB1ZhenwuguanzheMd00612.BT_MB1ZhenwuguanzheMd00612",
    "SubBehaviorConfigs": {
      "size": 3
    },
    "Team": false,
    "MonsterType": 4
  },
  {
    "Id": 70115,
    "StateMachine": "SM_MO1RonhuochongMd00001",
    "AiController": "/Game/Aki/AI/AIMonster/Ordinary/AIMO1RonhuochongMd00001/AIC_MO1RonhuochongMd00001.AIC_MO1RonhuochongMd00001",
    "BehaviorTree": "/Game/Aki/AI/AIMonster/Ordinary/AIMO1RonhuochongMd00001/BT_MO1RonhuochongMd00001.BT_MO1RonhuochongMd00001",
    "SubBehaviorConfigs": {
      "size": 6
    },
    "Team": false,
    "MonsterType": 4
  },
  {
    "Id": 70116,
    "StateMachine": "SM_MO1YeGuiManMd00001",
    "AiController": "/Game/Aki/AI/AIMonster/NPC/AIMO1YeGuiManMd00001/AIC_MO1YeGuiManMd00001.AIC_MO1YeGuiManMd00001",
    "BehaviorTree": "/Game/Aki/AI/AIMonster/NPC/AIMO1YeGuiManMd00001/BT_MO1YeGuiManMd00001.BT_MO1YeGuiManMd00001",
    "SubBehaviorConfigs": {
      "size": 6
    },
    "Team": false,
    "MonsterType": 6
  },
  {
    "Id": 70117,
    "StateMachine": "SM_MO1YeGuiManMd00001",
    "AiController": "/Game/Aki/AI/AIMonster/NPC/AIMO1YeGuiManMd00001/AIC_MO1YeGuiManMd00001.AIC_MO1YeGuiManMd00001",
    "BehaviorTree": "/Game/Aki/AI/AIMonster/NPC/AIMO1YeGuiManMd00001/BT_MO1YeGuiManMd00001.BT_MO1YeGuiManMd00001",
    "SubBehaviorConfigs": {
      "size": 6
    },
    "Team": false,
    "MonsterType": 6
  },
  {
    "Id": 200007,
    "StateMachine": "",
    "AiController": "/Game/Aki/AI/AIMonster/Vsion/VM_Ordinary/AIC_VM_Common.AIC_VM_Common",
    "BehaviorTree": "/Game/Aki/AI/AIMonster/Vsion/VM_Ordinary/VM_MO1AWukaka/BT_VM_MO1AWukaka.BT_VM_MO1AWukaka",
    "SubBehaviorConfigs": {
      "size": 1
    },
    "Team": true,
    "MonsterType": 4
  },
  {
    "Id": 200014,
    "StateMachine": "",
    "AiController": "/Game/Aki/AI/AIMonster/Vsion/VM_Ordinary/AIC_VM_Common.AIC_VM_Common",
    "BehaviorTree": "/Game/Aki/AI/AIMonster/Vsion/VM_Ordinary/VM_MO1Binglie/BT_VM_MO1Binglie.BT_VM_MO1Binglie",
    "SubBehaviorConfigs": {
      "size": 1
    },
    "Team": true,
    "MonsterType": 4
  },
  {
    "Id": 200025,
    "StateMachine": "",
    "AiController": "/Game/Aki/AI/AIMonster/Vsion/VM_Ordinary/AIC_VM_Common.AIC_VM_Common",
    "BehaviorTree": "/Game/Aki/AI/AIMonster/Vsion/VM_Ordinary/VM_MO1Dujiaoshou/BT_VM_MO1Dujiaoshou.BT_VM_MO1Dujiaoshou",
    "SubBehaviorConfigs": {
      "size": 1
    },
    "Team": true,
    "MonsterType": 4
  },
  {
    "Id": 2101504,
    "StateMachine": "",
    "AiController": "/Game/Aki/AI/AINPC/Animal/NA015/AIC_NA015.AIC_NA015",
    "BehaviorTree": "/Game/Aki/AI/AINPC/Animal/NA015/BT_NA015_4.BT_NA015_4",
    "SubBehaviorConfigs": {
      "size": 1
    },
    "Team": false,
    "MonsterType": 4
  },
  {
    "Id": 500000002,
    "StateMachine": "",
    "AiController": "/Game/Aki/AI/AIFunctionCommon/AIC_Common_Line_YinlinInstance.AIC_Common_Line_YinlinInstance",
    "BehaviorTree": "/Game/Aki/AI/AIFunctionCommon/CommonBT/BT_Common_Line_YinlinInstance.BT_Common_Line_YinlinInstance",
    "SubBehaviorConfigs": {
      "size": 6
    },
    "Team": true,
    "MonsterType": 4
  },
  {
    "Id": 200039,
    "StateMachine": "",
    "AiController": "/Game/Aki/AI/AIMonster/Vsion/VM_Ordinary/AIC_VM_Common.AIC_VM_Common",
    "BehaviorTree": "/Game/Aki/AI/AIMonster/Vsion/VM_Ordinary/VM_MO1Binlang/BT_VM_MO1Binlang.BT_VM_MO1Binlang",
    "SubBehaviorConfigs": {
      "size": 1
    },
    "Team": true,
    "MonsterType": 4
  },
  {
    "Id": 200026,
    "StateMachine": "",
    "AiController": "/Game/Aki/AI/AIMonster/Vsion/VM_Ordinary/AIC_VM_Common.AIC_VM_Common",
    "BehaviorTree": "/Game/Aki/AI/AIMonster/Vsion/VM_Ordinary/VM_MO1Hetun_GuGu/BT_VM_MO1Hetun_GuGu.BT_VM_MO1Hetun_GuGu",
    "SubBehaviorConfigs": {
      "size": 1
    },
    "Team": true,
    "MonsterType": 4
  },
  {
    "Id": 200027,
    "StateMachine": "",
    "AiController": "/Game/Aki/AI/AIMonster/Vsion/VM_Ordinary/AIC_VM_Common.AIC_VM_Common",
    "BehaviorTree": "/Game/Aki/AI/AIMonster/Vsion/VM_Ordinary/VM_MO1Jiujiuhetun/BT_VM_MO1Jiujiuhetun.BT_VM_MO1Jiujiuhetun",
    "SubBehaviorConfigs": {
      "size": 1
    },
    "Team": true,
    "MonsterType": 4
  },
  {
    "Id": 70118,
    "StateMachine": "SM_MO1DaodanyuanMd00411",
    "AiController": "/Game/Aki/AI/AIMonster/Ordinary/AIMO1DaodanyuanMd00411/AIC_MO1DaodanyuanMd00411.AIC_MO1DaodanyuanMd00411",
    "BehaviorTree": "/Game/Aki/AI/AIMonster/Ordinary/AIMO1DaodanyuanMd00411/BT_MO1DaodanyuanMd00411.BT_MO1DaodanyuanMd00411",
    "SubBehaviorConfigs": {
      "size": 6
    },
    "Team": true,
    "MonsterType": 4
  },
  {
    "Id": 200008,
    "StateMachine": "",
    "AiController": "/Game/Aki/AI/AIMonster/Vsion/VM_Ordinary/AIC_VM_Common.AIC_VM_Common",
    "BehaviorTree": "/Game/Aki/AI/AIMonster/Vsion/VM_Elite/VM_ME1SiXiao/BT_VM_ME1SiXiao.BT_VM_ME1SiXiao",
    "SubBehaviorConfigs": {
      "size": 1
    },
    "Team": true,
    "MonsterType": 4
  },
  {
    "Id": 200009,
    "StateMachine": "",
    "AiController": "/Game/Aki/AI/AIMonster/Vsion/VM_Ordinary/AIC_VM_Common.AIC_VM_Common",
    "BehaviorTree": "/Game/Aki/AI/AIMonster/Vsion/VM_Elite/VM_ME1SiXiao/BT_VM_ME1SiXiao.BT_VM_ME1SiXiao",
    "SubBehaviorConfigs": {
      "size": 1
    },
    "Team": true,
    "MonsterType": 4
  },
  {
    "Id": 200010,
    "StateMachine": "",
    "AiController": "/Game/Aki/AI/AIMonster/Vsion/VM_Ordinary/AIC_VM_Common.AIC_VM_Common",
    "BehaviorTree": "/Game/Aki/AI/AIMonster/Vsion/VM_Elite/VM_ME1SiXiao/BT_VM_ME1SiXiao.BT_VM_ME1SiXiao",
    "SubBehaviorConfigs": {
      "size": 1
    },
    "Team": true,
    "MonsterType": 4
  },
  {
    "Id": 200011,
    "StateMachine": "",
    "AiController": "/Game/Aki/AI/AIMonster/Vsion/VM_Ordinary/AIC_VM_Common.AIC_VM_Common",
    "BehaviorTree": "/Game/Aki/AI/AIMonster/Vsion/VM_Elite/VM_ME1SiXiao/BT_VM_ME1SiXiao.BT_VM_ME1SiXiao",
    "SubBehaviorConfigs": {
      "size": 1
    },
    "Team": true,
    "MonsterType": 4
  },
  {
    "Id": 700761,
    "StateMachine": "SM_MO1GuguhetunMd00201_JiYanTask",
    "AiController": "/Game/Aki/AI/AIMonster/Ordinary/AIMO1GuguhetunMd00201/AIC_MO1GuguhetunMd00201.AIC_MO1GuguhetunMd00201",
    "BehaviorTree": "/Game/Aki/AI/AIMonster/Ordinary/AIMO1GuguhetunMd00201/BT_MO1GuguhetunMd00201_JiYanTask.BT_MO1GuguhetunMd00201_JiYanTask",
    "SubBehaviorConfigs": {
      "size": 6
    },
    "Team": true,
    "MonsterType": 4
  },
  {
    "Id": 77048,
    "StateMachine": "SM_ME1BingPaoTaiMd00201",
    "AiController": "/Game/Aki/AI/AIMonster/Elite/AIME1BingPaoTaiMd00201/AIC_ME1BingPaoTaiMd00201.AIC_ME1BingPaoTaiMd00201",
    "BehaviorTree": "/Game/Aki/AI/AIMonster/Elite/AIME1BingPaoTaiMd00201/BT_ME1BingPaoTaiMd00201.BT_ME1BingPaoTaiMd00201",
    "SubBehaviorConfigs": {
      "size": 6
    },
    "Team": true,
    "MonsterType": 2
  },
  {
    "Id": 200002,
    "StateMachine": "",
    "AiController": "/Game/Aki/AI/AIMonster/Vsion/VM_Ordinary/AIC_VM_Common.AIC_VM_Common",
    "BehaviorTree": "/Game/Aki/AI/AIMonster/Vsion/VM_Ordinary/VM_MO1QunJing1/BT_VM_MO1QunJing1.BT_VM_MO1QunJing1",
    "SubBehaviorConfigs": {
      "size": 1
    },
    "Team": true,
    "MonsterType": 4
  },
  {
    "Id": 200005,
    "StateMachine": "",
    "AiController": "/Game/Aki/AI/AIMonster/Vsion/VM_Ordinary/AIC_VM_Common.AIC_VM_Common",
    "BehaviorTree": "/Game/Aki/AI/AIMonster/Vsion/VM_Ordinary/VM_MO1FHuxiuxiu/BT_VM_MO1FHuxiuxiu.BT_VM_MO1FHuxiuxiu",
    "SubBehaviorConfigs": {
      "size": 1
    },
    "Team": true,
    "MonsterType": 4
  },
  {
    "Id": 70119,
    "StateMachine": "SM_MO1HongLvDengMd00501",
    "AiController": "/Game/Aki/AI/AIMonster/Ordinary/AIMO1HongLvDengMd00501/AIC_MO1HongLvDengMd00501.AIC_MO1HongLvDengMd00501",
    "BehaviorTree": "/Game/Aki/AI/AIMonster/Ordinary/AIMO1HongLvDengMd00501/BT_MO1HongLvDengMd00501.BT_MO1HongLvDengMd00501",
    "SubBehaviorConfigs": {
      "size": 6
    },
    "Team": true,
    "MonsterType": 4
  },
  {
    "Id": 200024,
    "StateMachine": "",
    "AiController": "/Game/Aki/AI/AIMonster/Vsion/VM_Ordinary/VM_MO1Youyidie/AIC_VM_Youyidie.AIC_VM_Youyidie",
    "BehaviorTree": "/Game/Aki/AI/AIMonster/Vsion/VM_Ordinary/VM_MO1Youyidie/BT_VM_MO1Youyidie.BT_VM_MO1Youyidie",
    "SubBehaviorConfigs": {
      "size": 1
    },
    "Team": true,
    "MonsterType": 4
  },
  {
    "Id": 800144,
    "StateMachine": "SM_MB1ZhenwuguanzheMd00601_Layer3_MainQuest",
    "AiController": "/Game/Aki/AI/AIMonster/Boss/AIMB1ZhenwuguanzheMd00601/AIC_MB1ZhenwuguanzheMd00601_Layer3.AIC_MB1ZhenwuguanzheMd00601_Layer3",
    "BehaviorTree": "/Game/Aki/AI/AIMonster/Boss/AIMB1ZhenwuguanzheMd00601/BT_MB1ZhenwuguanzheMd00601.BT_MB1ZhenwuguanzheMd00601",
    "SubBehaviorConfigs": {
      "size": 5
    },
    "Team": false,
    "MonsterType": 4
  },
  {
    "Id": 800131,
    "StateMachine": "SM_ML1QunnieMd00401_Yinlin",
    "AiController": "/Game/Aki/AI/AIMonster/Lord/AIML1QunnieMd00401/AIC_ML1QunnieMd00401.AIC_ML1QunnieMd00401",
    "BehaviorTree": "/Game/Aki/AI/AIMonster/Lord/AIML1QunnieMd00401/BT_ML1QunnieMd00401.BT_ML1QunnieMd00401",
    "SubBehaviorConfigs": {
      "size": 4
    },
    "Team": false,
    "MonsterType": 4
  },
  {
    "Id": 21032,
    "StateMachine": "",
    "AiController": "/Game/Aki/AI/AINPC/Animal/NA032/AIC_NA032.AIC_NA032",
    "BehaviorTree": "/Game/Aki/AI/AINPC/Animal/NA032/BT_NA032.BT_NA032",
    "SubBehaviorConfigs": {
      "size": 3
    },
    "Team": false,
    "MonsterType": 4
  },
  {
    "Id": 701071,
    "StateMachine": "SM_MO1Bingjian3Md00201",
    "AiController": "/Game/Aki/AI/AIMonster/Ordinary/AIMO1Bingjian3Md00201/AIC_MO1Bingjian3Md00201.AIC_MO1Bingjian3Md00201",
    "BehaviorTree": "/Game/Aki/AI/AIMonster/Ordinary/AIMO1Bingjian3Md00201/BT_MO1Bingjian3Md00201.BT_MO1Bingjian3Md00201",
    "SubBehaviorConfigs": {
      "size": 4
    },
    "Team": true,
    "MonsterType": 4
  },
  {
    "Id": 200034,
    "StateMachine": "",
    "AiController": "/Game/Aki/AI/AIMonster/Vsion/VM_Ordinary/AIC_VM_Common.AIC_VM_Common",
    "BehaviorTree": "/Game/Aki/AI/AIMonster/Vsion/VM_Ordinary/BT_VM_CommonClose.BT_VM_CommonClose",
    "SubBehaviorConfigs": {
      "size": 1
    },
    "Team": true,
    "MonsterType": 4
  },
  {
    "Id": 21002,
    "StateMachine": "",
    "AiController": "/Game/Aki/AI/AINPC/Animal/NA002/AIC_NA002.AIC_NA002",
    "BehaviorTree": "/Game/Aki/AI/AINPC/Animal/NA002/BT_NA002_FurtherEscape.BT_NA002_FurtherEscape",
    "SubBehaviorConfigs": {
      "size": 1
    },
    "Team": false,
    "MonsterType": 4
  },
  {
    "Id": 21008,
    "StateMachine": "",
    "AiController": "/Game/Aki/AI/AINPC/Animal/NA006/AIC_NA006.AIC_NA006",
    "BehaviorTree": "/Game/Aki/AI/AINPC/Animal/NA006/BT_NA006_NoEscape.BT_NA006_NoEscape",
    "SubBehaviorConfigs": {
      "size": 1
    },
    "Team": false,
    "MonsterType": 4
  },
  {
    "Id": 21019,
    "StateMachine": "",
    "AiController": "/Game/Aki/AI/AINPC/Animal/NA018/AIC_NA018.AIC_NA018",
    "BehaviorTree": "/Game/Aki/AI/AINPC/Animal/NA018/BT_NA018_NoEscape.BT_NA018_NoEscape",
    "SubBehaviorConfigs": {
      "size": 2
    },
    "Team": false,
    "MonsterType": 4
  },
  {
    "Id": 400092003,
    "StateMachine": "",
    "AiController": "/Game/Aki/AI/AINPC/Common/AIC_CommonNPC.AIC_CommonNPC",
    "BehaviorTree": "",
    "SubBehaviorConfigs": {
      "size": 2
    },
    "Team": false,
    "MonsterType": 4
  },
  {
    "Id": 200050,
    "StateMachine": "",
    "AiController": "/Game/Aki/AI/AIMonster/Vsion/VM_Ordinary/AIC_VM_Common.AIC_VM_Common",
    "BehaviorTree": "/Game/Aki/AI/AIMonster/Vsion/VM_Ordinary/VM_MO1Dingdongdong/BT_VM_MO1Dingdongdong.BT_VM_MO1Dingdongdong",
    "SubBehaviorConfigs": {
      "size": 1
    },
    "Team": true,
    "MonsterType": 4
  },
  {
    "Id": 770212,
    "StateMachine": "SM_ME1QunJingMd00001_New",
    "AiController": "/Game/Aki/AI/AIMonster/Elite/AIME1QunJingMd00001/AIC_ME1QunJingMd00001_New.AIC_ME1QunJingMd00001_New",
    "BehaviorTree": "/Game/Aki/AI/AIMonster/Elite/AIME1QunJingMd00001/BT_ME1QunJingMd00001_Guide.BT_ME1QunJingMd00001_Guide",
    "SubBehaviorConfigs": {
      "size": 6
    },
    "Team": true,
    "MonsterType": 1
  },
  {
    "Id": 800042,
    "StateMachine": "SM_MB1Wuguanzhe00601_InZhenShenBOSSFight",
    "AiController": "/Game/Aki/AI/AIMonster/Boss/AIMB1Wuguanzhe00601/AIC_MB1Wuguanzhe00601_InZhenShenBOSSFight.AIC_MB1Wuguanzhe00601_InZhenShenBOSSFight",
    "BehaviorTree": "/Game/Aki/AI/AIMonster/Boss/AIMB1Wuguanzhe00601/BT_MB1Wuguanzhe00601_InZhenShenBOSSFight.BT_MB1Wuguanzhe00601_InZhenShenBOSSFight",
    "SubBehaviorConfigs": {
      "size": 5
    },
    "Team": false,
    "MonsterType": 4
  },
  {
    "Id": 700731,
    "StateMachine": "SM_MO1LiufangzhemanMd00001",
    "AiController": "/Game/Aki/AI/AIMonster/Ordinary/AIMO1LiufangzhemanMd00001/AIC_MO1LiufangzhemanMd00001_GamePlay.AIC_MO1LiufangzhemanMd00001_GamePlay",
    "BehaviorTree": "/Game/Aki/AI/AIMonster/Ordinary/AIMO1LiufangzhemanMd00001/BT_MO1LiufangzhemanMd00001_GamePlay.BT_MO1LiufangzhemanMd00001_GamePlay",
    "SubBehaviorConfigs": {
      "size": 6
    },
    "Team": true,
    "MonsterType": 4
  },
  {
    "Id": 200049,
    "StateMachine": "",
    "AiController": "/Game/Aki/AI/AIMonster/Vsion/VM_Ordinary/AIC_VM_Common.AIC_VM_Common",
    "BehaviorTree": "/Game/Aki/AI/AIMonster/Vsion/VM_Ordinary/VM_MO1Honglvdeng/BT_VM_MO1Honglvdeng.BT_VM_MO1Honglvdeng",
    "SubBehaviorConfigs": {
      "size": 1
    },
    "Team": true,
    "MonsterType": 4
  },
  {
    "Id": 800091,
    "StateMachine": "SM_ML1WuChangluMd00601",
    "AiController": "/Game/Aki/AI/AIMonster/Lord/AIML1WuChangluMd00601/AIC_ML1WuChangluMd00601.AIC_ML1WuChangluMd00601",
    "BehaviorTree": "/Game/Aki/AI/AIMonster/Lord/AIML1WuChangluMd00601/BT_ML1WuChangluMd00601.BT_ML1WuChangluMd00601",
    "SubBehaviorConfigs": {
      "size": 5
    },
    "Team": false,
    "MonsterType": 4
  },
  {
    "Id": 770213,
    "StateMachine": "SM_ME1QunJingMd00001_Chong",
    "AiController": "/Game/Aki/AI/AIMonster/Elite/AIME1QunJingMd00001/AIC_ME1QunJingMd00001_New.AIC_ME1QunJingMd00001_New",
    "BehaviorTree": "/Game/Aki/AI/AIMonster/Elite/AIME1QunJingMd00001/BT_ME1QunJingMd00001_New.BT_ME1QunJingMd00001_New",
    "SubBehaviorConfigs": {
      "size": 6
    },
    "Team": true,
    "MonsterType": 1
  },
  {
    "Id": 770242,
    "StateMachine": "SM_ME1GuangtankeMd00501",
    "AiController": "/Game/Aki/AI/AIMonster/Elite/AIME1GuangtankeMd00501/AIC_ME1GuangtankeMd00501.AIC_ME1GuangtankeMd00501",
    "BehaviorTree": "/Game/Aki/AI/AIMonster/Elite/AIME1GuangtankeMd00501/BT_ME1GuangtankeMd00501_BeiLuoYe1.BT_ME1GuangtankeMd00501_BeiLuoYe1",
    "SubBehaviorConfigs": {
      "size": 6
    },
    "Team": true,
    "MonsterType": 3
  },
  {
    "Id": 770381,
    "StateMachine": "SM_ME1JiancuxiongMd00001_Pai",
    "AiController": "/Game/Aki/AI/AIMonster/Elite/AIME1JiancuxiongMd00001/AIC_ME1JiancuxiongMd00001.AIC_ME1JiancuxiongMd00001",
    "BehaviorTree": "/Game/Aki/AI/AIMonster/Elite/AIME1JiancuxiongMd00001/BT_ME1JiancuxiongMd00001.BT_ME1JiancuxiongMd00001",
    "SubBehaviorConfigs": {
      "size": 6
    },
    "Team": true,
    "MonsterType": 1
  },
  {
    "Id": 70120,
    "StateMachine": "SM_ML1YangYangMd00001",
    "AiController": "/Game/Aki/AI/AIMonster/NPC/AIML1YangYangMd00001/AIC_ML1YangYangMd00001.AIC_ML1YangYangMd00001",
    "BehaviorTree": "/Game/Aki/AI/AIMonster/NPC/AIML1YangYangMd00001/BT_ML1YangYangMd00001.BT_ML1YangYangMd00001",
    "SubBehaviorConfigs": {
      "size": 6
    },
    "Team": false,
    "MonsterType": 1
  },
  {
    "Id": 70121,
    "StateMachine": "SM_ML1YuanWuMd00001",
    "AiController": "/Game/Aki/AI/AIMonster/NPC/AIML1YuanWuMd00001/AIC_ML1YuanWuMd00001.AIC_ML1YuanWuMd00001",
    "BehaviorTree": "/Game/Aki/AI/AIMonster/NPC/AIML1YuanWuMd00001/BT_ML1YuanWuMd00001.BT_ML1YuanWuMd00001",
    "SubBehaviorConfigs": {
      "size": 6
    },
    "Team": false,
    "MonsterType": 1
  },
  {
    "Id": 70122,
    "StateMachine": "SM_ML1TaoQiMd00001",
    "AiController": "/Game/Aki/AI/AIMonster/NPC/AIML1TaoQiMd00001/AIC_ML1TaoQiMd00001.AIC_ML1TaoQiMd00001",
    "BehaviorTree": "/Game/Aki/AI/AIMonster/NPC/AIML1TaoQiMd00001/BT_ML1TaoQiMd00001.BT_ML1TaoQiMd00001",
    "SubBehaviorConfigs": {
      "size": 6
    },
    "Team": false,
    "MonsterType": 1
  },
  {
    "Id": 24291001,
    "StateMachine": "SM_MO1AnjinMd006001",
    "AiController": "/Game/Aki/AI/AIMonster/Ordinary/AIMO1AnjinMd00601/AIC_MO1AnjinMd00601.AIC_MO1AnjinMd00601",
    "BehaviorTree": "/Game/Aki/AI/AIMonster/Ordinary/AIMO1AnjinMd00601/System/BT_MO1AnjinMd00601_Guide.BT_MO1AnjinMd00601_Guide",
    "SubBehaviorConfigs": {
      "size": 6
    },
    "Team": true,
    "MonsterType": 4
  },
  {
    "Id": 24291002,
    "StateMachine": "SM_ME1AntankeMd00601",
    "AiController": "/Game/Aki/AI/AIMonster/Elite/AIME1AntankeMd00601/AIC_ME1AntankeMd00601.AIC_ME1AntankeMd00601",
    "BehaviorTree": "/Game/Aki/AI/AIMonster/Elite/AIME1AntankeMd00601/BT_ME1AntankeMd00601_Guide.BT_ME1AntankeMd00601_Guide",
    "SubBehaviorConfigs": {
      "size": 6
    },
    "Team": true,
    "MonsterType": 1
  },
  {
    "Id": 700531,
    "StateMachine": "SM_MO1LeilieMd00301",
    "AiController": "/Game/Aki/AI/AIMonster/Ordinary/AIMO1LeilieMd00301/AIC_MO1LeilieMd00301.AIC_MO1LeilieMd00301",
    "BehaviorTree": "/Game/Aki/AI/AIMonster/Ordinary/AIMO1LeilieMd00301/BT_MO1LeilieMd00301.BT_MO1LeilieMd00301",
    "SubBehaviorConfigs": {
      "size": 6
    },
    "Team": true,
    "MonsterType": 5
  },
  {
    "Id": 700701,
    "StateMachine": "SM_MO1BinglieMd00201",
    "AiController": "/Game/Aki/AI/AIMonster/Ordinary/AIMO1BinglieMd00201/AIC_MO1BinglieMd00201.AIC_MO1BinglieMd00201",
    "BehaviorTree": "/Game/Aki/AI/AIMonster/Ordinary/AIMO1BinglieMd00201/BT_MO1BinglieMd00201.BT_MO1BinglieMd00201",
    "SubBehaviorConfigs": {
      "size": 6
    },
    "Team": true,
    "MonsterType": 5
  },
  {
    "Id": 77049,
    "StateMachine": "SM_ME1YouLinJiShuMd00201",
    "AiController": "/Game/Aki/AI/AIMonster/Elite/AIME1YouLinJiShuMd00201/AIC_ME1YouLinJiShuMd00201.AIC_ME1YouLinJiShuMd00201",
    "BehaviorTree": "/Game/Aki/AI/AIMonster/Elite/AIME1YouLinJiShuMd00201/BT_ME1YouLinJiShuMd00201.BT_ME1YouLinJiShuMd00201",
    "SubBehaviorConfigs": {
      "size": 6
    },
    "Team": true,
    "MonsterType": 4
  },
  {
    "Id": 800021,
    "StateMachine": "SM_ML1LinrenMd00301",
    "AiController": "/Game/Aki/AI/AIMonster/Lord/AIML1LinrenMd00301/AIC_ML1LinrenMd00301_01.AIC_ML1LinrenMd00301_01",
    "BehaviorTree": "/Game/Aki/AI/AIMonster/Lord/AIML1LinrenMd00301/BT_ML1LinrenMd00301_01.BT_ML1LinrenMd00301_01",
    "SubBehaviorConfigs": {
      "size": 5
    },
    "Team": false,
    "MonsterType": 4
  },
  {
    "Id": 800031,
    "StateMachine": "SM_ML1LinrenMd00311",
    "AiController": "/Game/Aki/AI/AIMonster/Lord/AIML1LinrenMd00311/AIC_ML1LinrenMd00311.AIC_ML1LinrenMd00311",
    "BehaviorTree": "/Game/Aki/AI/AIMonster/Lord/AIML1LinrenMd00311/BT_ML1LinrenMd00311.BT_ML1LinrenMd00311",
    "SubBehaviorConfigs": {
      "size": 5
    },
    "Team": false,
    "MonsterType": 4
  },
  {
    "Id": 800052,
    "StateMachine": "SM_MB1MingzhongzhiguiMd00201",
    "AiController": "/Game/Aki/AI/AIMonster/Boss/MB1MingzhongzhiguiMd00201/AIC_MB1MingzhongzhiguiMd00201.AIC_MB1MingzhongzhiguiMd00201",
    "BehaviorTree": "/Game/Aki/AI/AIMonster/Boss/MB1MingzhongzhiguiMd00201/BT_MB1MingzhongzhiguiMd00201.BT_MB1MingzhongzhiguiMd00201",
    "SubBehaviorConfigs": {
      "size": 4
    },
    "Team": false,
    "MonsterType": 4
  },
  {
    "Id": 800092,
    "StateMachine": "SM_ML1WuChangluMd00601",
    "AiController": "/Game/Aki/AI/AIMonster/Lord/AIML1WuChangluMd00601/AIC_ML1WuChangluMd00601.AIC_ML1WuChangluMd00601",
    "BehaviorTree": "/Game/Aki/AI/AIMonster/Lord/AIML1WuChangluMd00601/BT_ML1WuChangluMd00601.BT_ML1WuChangluMd00601",
    "SubBehaviorConfigs": {
      "size": 5
    },
    "Team": false,
    "MonsterType": 4
  },
  {
    "Id": 800101,
    "StateMachine": "SM_ML1FerLianMd00201",
    "AiController": "/Game/Aki/AI/AIMonster/Lord/AIML1FerLianMd00201/AIC_ML1FerLianMd00201.AIC_ML1FerLianMd00201",
    "BehaviorTree": "/Game/Aki/AI/AIMonster/Lord/AIML1FerLianMd00201/BT_ML1FerLianMd00201.BT_ML1FerLianMd00201",
    "SubBehaviorConfigs": {
      "size": 4
    },
    "Team": false,
    "MonsterType": 4
  },
  {
    "Id": 800111,
    "StateMachine": "SM_ML1HuiYingMd00101",
    "AiController": "/Game/Aki/AI/AIMonster/Lord/AIML1HuiYingMd00101/AIC_ML1HuiYingMd00101.AIC_ML1HuiYingMd00101",
    "BehaviorTree": "/Game/Aki/AI/AIMonster/Lord/AIML1HuiYingMd00101/BT_ML1HuiYingMd00101.BT_ML1HuiYingMd00101",
    "SubBehaviorConfigs": {
      "size": 5
    },
    "Team": false,
    "MonsterType": 4
  },
  {
    "Id": 800121,
    "StateMachine": "SM_ML1AiShengGuYuanMd00501",
    "AiController": "/Game/Aki/AI/AIMonster/Lord/AIML1AiShengGuYuanMd00501/AIC_ML1AiShengGuYuanMd00501.AIC_ML1AiShengGuYuanMd00501",
    "BehaviorTree": "/Game/Aki/AI/AIMonster/Lord/AIML1AiShengGuYuanMd00501/BT_ML1AiShengGuYuanMd00501.BT_ML1AiShengGuYuanMd00501",
    "SubBehaviorConfigs": {
      "size": 4
    },
    "Team": false,
    "MonsterType": 4
  },
  {
    "Id": 80003,
    "StateMachine": "SM_ML1LinrenMd00311",
    "AiController": "/Game/Aki/AI/AIMonster/Lord/AIML1LinrenMd00311/AIC_ML1LinrenMd00311.AIC_ML1LinrenMd00311",
    "BehaviorTree": "/Game/Aki/AI/AIMonster/Lord/AIML1LinrenMd00311/BT_ML1LinrenMd00311.BT_ML1LinrenMd00311",
    "SubBehaviorConfigs": {
      "size": 5
    },
    "Team": false,
    "MonsterType": 4
  },
  {
    "Id": 77032,
    "StateMachine": "SM_ME1BinlangMd00201",
    "AiController": "/Game/Aki/AI/AIMonster/Elite/AIME1BinlangMd00201/AIC_ME1BinlangMd00201.AIC_ME1BinlangMd00201",
    "BehaviorTree": "/Game/Aki/AI/AIMonster/Elite/AIME1BinlangMd00201/BT_ME1BinlangMd00201.BT_ME1BinlangMd00201",
    "SubBehaviorConfigs": {
      "size": 6
    },
    "Team": true,
    "MonsterType": 1
  },
  {
    "Id": 800043,
    "StateMachine": "SM_MB1Wuguanzhe00601_Layer3",
    "AiController": "/Game/Aki/AI/AIMonster/Boss/AIMB1Wuguanzhe00601/AIC_MB1Wuguanzhe00601_Layer3.AIC_MB1Wuguanzhe00601_Layer3",
    "BehaviorTree": "/Game/Aki/AI/AIMonster/Boss/AIMB1Wuguanzhe00601/BT_MB1Wuguanzhe00601_Layer3.BT_MB1Wuguanzhe00601_Layer3",
    "SubBehaviorConfigs": {
      "size": 5
    },
    "Team": false,
    "MonsterType": 4
  },
  {
    "Id": 701081,
    "StateMachine": "SM_MO1ZhantuanlizuMd00001",
    "AiController": "/Game/Aki/AI/AIMonster/Ordinary/AIMO1ZhantuanlizuMd00001/AIC_MO1ZhantuanlizuMd00001.AIC_MO1ZhantuanlizuMd00001",
    "BehaviorTree": "/Game/Aki/AI/AIMonster/Ordinary/AIMO1ZhantuanlizuMd00001/BT_MO1ZhantuanlizuMd00001.BT_MO1ZhantuanlizuMd00001",
    "SubBehaviorConfigs": {
      "size": 6
    },
    "Team": true,
    "MonsterType": 4
  },
  {
    "Id": 701091,
    "StateMachine": "SM_MO1ZhantuanjunshioneMd00001",
    "AiController": "/Game/Aki/AI/AIMonster/Ordinary/AIMO1ZhantuanjunshioneMd00001/AIC_MO1ZhantuanjunshioneMd00001.AIC_MO1ZhantuanjunshioneMd00001",
    "BehaviorTree": "/Game/Aki/AI/AIMonster/Ordinary/AIMO1ZhantuanjunshioneMd00001/BT_MO1ZhantuanjunshioneMd00001.BT_MO1ZhantuanjunshioneMd00001",
    "SubBehaviorConfigs": {
      "size": 6
    },
    "Team": true,
    "MonsterType": 5
  },
  {
    "Id": 200051,
    "StateMachine": "",
    "AiController": "/Game/Aki/AI/AIMonster/Vsion/VM_Ordinary/AIC_VM_Common.AIC_VM_Common",
    "BehaviorTree": "/Game/Aki/AI/AIMonster/Vsion/VM_Ordinary/VM_MO1Zhuzhutuo/BT_VM_MO1Zhuzhutuo.BT_VM_MO1Zhuzhutuo",
    "SubBehaviorConfigs": {
      "size": 1
    },
    "Team": true,
    "MonsterType": 4
  },
  {
    "Id": 200054,
    "StateMachine": "",
    "AiController": "/Game/Aki/AI/AIMonster/Vsion/VM_Ordinary/AIC_VM_Common.AIC_VM_Common",
    "BehaviorTree": "/Game/Aki/AI/AIMonster/Vsion/VM_Ordinary/VM_MO1Ronhuochong/BT_VM_MO1Ronhuochong.BT_VM_MO1Ronhuochong",
    "SubBehaviorConfigs": {
      "size": 3
    },
    "Team": true,
    "MonsterType": 4
  },
  {
    "Id": 21029,
    "StateMachine": "",
    "AiController": "/Game/Aki/AI/AINPC/Animal/NA034/AIC_NA034.AIC_NA034",
    "BehaviorTree": "/Game/Aki/AI/AINPC/Animal/NA034/BT_NA034.BT_NA034",
    "SubBehaviorConfigs": {
      "size": 1
    },
    "Team": false,
    "MonsterType": 4
  },
  {
    "Id": 21030,
    "StateMachine": "",
    "AiController": "/Game/Aki/AI/AINPC/Animal/NA035/AIC_NA035.AIC_NA035",
    "BehaviorTree": "/Game/Aki/AI/AINPC/Animal/NA035/BT_NA035.BT_NA035",
    "SubBehaviorConfigs": {},
    "Team": false,
    "MonsterType": 4
  },
  {
    "Id": 21031,
    "StateMachine": "",
    "AiController": "/Game/Aki/AI/AINPC/Animal/NA036/AIC_NA036.AIC_NA036",
    "BehaviorTree": "/Game/Aki/AI/AINPC/Animal/NA036/BT_NA036.BT_NA036",
    "SubBehaviorConfigs": {
      "size": 1
    },
    "Team": false,
    "MonsterType": 4
  },
  {
    "Id": 770292,
    "StateMachine": "SM_ME1ShuimuguMd00601",
    "AiController": "/Game/Aki/AI/AIMonster/Elite/AIME1ShuimuguMd00601/AIC_ME1ShuimuguMd00601.AIC_ME1ShuimuguMd00601",
    "BehaviorTree": "/Game/Aki/AI/AIMonster/Elite/AIME1ShuimuguMd00601/BT_ME1ShuimuguMd00601_1-3GamePlay.BT_ME1ShuimuguMd00601_1-3GamePlay",
    "SubBehaviorConfigs": {
      "size": 6
    },
    "Team": true,
    "MonsterType": 2
  },
  {
    "Id": 7704201,
    "StateMachine": "SM_MP1TaguanghuMd00501_02",
    "AiController": "/Game/Aki/AI/AIMonster/ElitePro/AIMP1TaguanghuMd00501/AIC_MP1TaguanghuMd00501_02.AIC_MP1TaguanghuMd00501_02",
    "BehaviorTree": "/Game/Aki/AI/AIMonster/ElitePro/AIMP1TaguanghuMd00501/BT_MP1TaguanghuMd00501_03.BT_MP1TaguanghuMd00501_03",
    "SubBehaviorConfigs": {
      "size": 6
    },
    "Team": false,
    "MonsterType": 3
  },
  {
    "Id": 80020,
    "StateMachine": "SM_ML1MiuwuMd00501",
    "AiController": "/Game/Aki/AI/AIMonster/Lord/AIML1MiuwuMd00501/AIC_ML1MiuwuMd00501.AIC_ML1MiuwuMd00501",
    "BehaviorTree": "/Game/Aki/AI/AIMonster/Lord/AIML1MiuwuMd00501/BT_ML1MiuwuMd00501.BT_ML1MiuwuMd00501",
    "SubBehaviorConfigs": {
      "size": 4
    },
    "Team": false,
    "MonsterType": 4
  },
  {
    "Id": 7704101,
    "StateMachine": "SM_ME1ChuxingrenMd00601",
    "AiController": "/Game/Aki/AI/AIMonster/Elite/AIME1ChuxingrenMd00601/AIC_ME1ChuxingrenMd00601_02.AIC_ME1ChuxingrenMd00601_02",
    "BehaviorTree": "/Game/Aki/AI/AIMonster/Elite/AIME1ChuxingrenMd00601/BT_ME1ChuxingrenMd00601_02.BT_ME1ChuxingrenMd00601_02",
    "SubBehaviorConfigs": {
      "size": 6
    },
    "Team": true,
    "MonsterType": 1
  },
  {
    "Id": 770214,
    "StateMachine": "SM_ME1QunJingMd00001_New",
    "AiController": "/Game/Aki/AI/AIMonster/Elite/AIME1QunJingMd00001/AIC_ME1QunJingMd00001_Rogue.AIC_ME1QunJingMd00001_Rogue",
    "BehaviorTree": "/Game/Aki/AI/AIMonster/Elite/AIME1QunJingMd00001/BT_ME1QunJingMd00001_New.BT_ME1QunJingMd00001_New",
    "SubBehaviorConfigs": {
      "size": 6
    },
    "Team": true,
    "MonsterType": 1
  },
  {
    "Id": 7704202,
    "StateMachine": "SM_MP1TaguanghuMd00501_ForTaskNew",
    "AiController": "/Game/Aki/AI/AIMonster/ElitePro/AIMP1TaguanghuMd00501/AIC_MP1TaguanghuMd00501.AIC_MP1TaguanghuMd00501",
    "BehaviorTree": "/Game/Aki/AI/AIMonster/ElitePro/AIMP1TaguanghuMd00501/BT_MP1TaguanghuMd00501_02.BT_MP1TaguanghuMd00501_02",
    "SubBehaviorConfigs": {
      "size": 6
    },
    "Team": true,
    "MonsterType": 3
  },
  {
    "Id": 800132,
    "StateMachine": "SM_ML1QunnieMd00401_ZhuiYue",
    "AiController": "/Game/Aki/AI/AIMonster/Lord/AIML1QunnieMd00401/AIC_ML1QunnieMd00401.AIC_ML1QunnieMd00401",
    "BehaviorTree": "/Game/Aki/AI/AIMonster/Lord/AIML1QunnieMd00401/BT_ML1QunnieMd00401_ZhuiYue.BT_ML1QunnieMd00401_ZhuiYue",
    "SubBehaviorConfigs": {
      "size": 4
    },
    "Team": false,
    "MonsterType": 4
  },
  {
    "Id": 701051,
    "StateMachine": "SM_MO1LuguiMd00201",
    "AiController": "/Game/Aki/AI/AIMonster/Ordinary/AIMO1LuguiMd00201/AIC_AIMO1LuguiMd00201.AIC_AIMO1LuguiMd00201",
    "BehaviorTree": "/Game/Aki/AI/AIMonster/Ordinary/AIMO1LuguiMd00201/BT_AIMO1LuguiMd00201.BT_AIMO1LuguiMd00201",
    "SubBehaviorConfigs": {
      "size": 7
    },
    "Team": true,
    "MonsterType": 4
  },
  {
    "Id": 700641,
    "StateMachine": "SM_MO1HuojinMd00101",
    "AiController": "/Game/Aki/AI/AIMonster/Ordinary/AIMO1HuojinMd00101/AIC_MO1HuojinMd00101_SpecialEliteMonster.AIC_MO1HuojinMd00101_SpecialEliteMonster",
    "BehaviorTree": "/Game/Aki/AI/AIMonster/Ordinary/AIMO1HuojinMd00101/BT_MO1HuojinMd00101_SpecialEliteMonster.BT_MO1HuojinMd00101_SpecialEliteMonster",
    "SubBehaviorConfigs": {
      "size": 6
    },
    "Team": false,
    "MonsterType": 4
  },
  {
    "Id": 7702502,
    "StateMachine": "SM_ME1AntankeMd00601",
    "AiController": "/Game/Aki/AI/AIMonster/Elite/AIME1AntankeMd00601/AIC_ME1AntankeMd00601_Rogue.AIC_ME1AntankeMd00601_Rogue",
    "BehaviorTree": "/Game/Aki/AI/AIMonster/Elite/AIME1AntankeMd00601/BT_ME1AntankeMd00601_Rogue.BT_ME1AntankeMd00601_Rogue",
    "SubBehaviorConfigs": {
      "size": 6
    },
    "Team": true,
    "MonsterType": 1
  },
  {
    "Id": 7702201,
    "StateMachine": "SM_ME1LeiFaMd00301",
    "AiController": "/Game/Aki/AI/AIMonster/Elite/AIME1LeiFaMd00301/AIC_ME1LeiFaMd00301.AIC_ME1LeiFaMd00301",
    "BehaviorTree": "/Game/Aki/AI/AIMonster/Elite/AIME1LeiFaMd00301/BT_ME1LeiFaMd00301.BT_ME1LeiFaMd00301",
    "SubBehaviorConfigs": {
      "size": 6
    },
    "Team": true,
    "MonsterType": 2
  },
  {
    "Id": 400150001,
    "StateMachine": "",
    "AiController": "/Game/Aki/AI/AIMonster/NPC/AIML1AiShengGuYuanMd00501_NPC/AIC_AiShengGuYuanNPC.AIC_AiShengGuYuanNPC",
    "BehaviorTree": "/Game/Aki/AI/AIMonster/NPC/AIML1AiShengGuYuanMd00501_NPC/BT_AiShengGuYuanNPC.BT_AiShengGuYuanNPC",
    "SubBehaviorConfigs": {
      "size": 1
    },
    "Team": false,
    "MonsterType": 4
  },
  {
    "Id": 7703602,
    "StateMachine": "SM_ME1DaodanyuanMd00401",
    "AiController": "/Game/Aki/AI/AIMonster/Elite/AIME1DaodanyuanMd00401/AIC_ME1DaodanyuanMd00401_Rogue.AIC_ME1DaodanyuanMd00401_Rogue",
    "BehaviorTree": "/Game/Aki/AI/AIMonster/Elite/AIME1DaodanyuanMd00401/BT_ME1DaodanyuanMd00401_Rogue.BT_ME1DaodanyuanMd00401_Rogue",
    "SubBehaviorConfigs": {
      "size": 6
    },
    "Team": true,
    "MonsterType": 2
  },
  {
    "Id": 200901,
    "StateMachine": "",
    "AiController": "/Game/Aki/AI/AIMonster/Vsion/VM_Elite/VM_ME1SiXiao/AIC_VM_Common_Tafang.AIC_VM_Common_Tafang",
    "BehaviorTree": "/Game/Aki/AI/AIMonster/Vsion/VM_Elite/VM_ME1SiXiao/BT_VM_ME1SiXiao_Tafang.BT_VM_ME1SiXiao_Tafang",
    "SubBehaviorConfigs": {
      "size": 3
    },
    "Team": true,
    "MonsterType": 4
  },
  {
    "Id": 500101,
    "StateMachine": "",
    "AiController": "/Game/Aki/AI/AICommon/AIC_Floater_NM013.AIC_Floater_NM013",
    "BehaviorTree": "/Game/Aki/AI/AICommon/BehaviorTree/BT_Floater_NM013.BT_Floater_NM013",
    "SubBehaviorConfigs": {},
    "Team": true,
    "MonsterType": 4
  },
  {
    "Id": 7006402,
    "StateMachine": "SM_MO1HuojinMd00101",
    "AiController": "/Game/Aki/AI/AIMonster/Ordinary/AIMO1HuojinMd00101/AIC_MO1HuojinMd00101_Rogue.AIC_MO1HuojinMd00101_Rogue",
    "BehaviorTree": "/Game/Aki/AI/AIMonster/Ordinary/AIMO1HuojinMd00101/BT_MO1HuojinMd00101_Rogue.BT_MO1HuojinMd00101_Rogue",
    "SubBehaviorConfigs": {
      "size": 6
    },
    "Team": true,
    "MonsterType": 4
  },
  {
    "Id": 500102,
    "StateMachine": "",
    "AiController": "/Game/Aki/AI/AICommon/AI_Floater_HeiHaiAn/AIC_Floater_NM018.AIC_Floater_NM018",
    "BehaviorTree": "/Game/Aki/AI/AICommon/AI_Floater_HeiHaiAn/BehaviorTree/BT_Floater_NM018_HeiHaiAn.BT_Floater_NM018_HeiHaiAn",
    "SubBehaviorConfigs": {},
    "Team": true,
    "MonsterType": 4
  },
  {
    "Id": 7010902,
    "StateMachine": "SM_MO1ZhantuanjunshioneMd00001",
    "AiController": "/Game/Aki/AI/AIMonster/Ordinary/AIMO1ZhantuanjunshioneMd00001/AIC_MO1ZhantuanjunshioneMd00001.AIC_MO1ZhantuanjunshioneMd00001",
    "BehaviorTree": "/Game/Aki/AI/AIMonster/Ordinary/AIMO1ZhantuanjunshioneMd00001/BT_MO1ZhantuanjunshioneMd00001.BT_MO1ZhantuanjunshioneMd00001",
    "SubBehaviorConfigs": {
      "size": 6
    },
    "Team": true,
    "MonsterType": 5
  },
  {
    "Id": 80021,
    "StateMachine": "",
    "AiController": "/Game/Aki/AI/AIMonster/Ordinary/AIMO1Liufangzhewoman_Test/AIC_MO1LiufangzhewomanMd00001.AIC_MO1LiufangzhewomanMd00001",
    "BehaviorTree": "/Game/Aki/AI/AIMonster/Ordinary/AIMO1Liufangzhewoman_Test/BT_MO1LiufangzhewomanMd00001.BT_MO1LiufangzhewomanMd00001",
    "SubBehaviorConfigs": {
      "size": 5
    },
    "Team": false,
    "MonsterType": 4
  },
  {
    "Id": 70133,
    "StateMachine": "SM_MO1JiQiangKuLuoLuoMd00001",
    "AiController": "/Game/Aki/AI/AIMonster/NPC/AIMO1JiQiangKuLuoLuoMd00001/AIC_MO1JiQiangKuLuoLuoMd00001.AIC_MO1JiQiangKuLuoLuoMd00001",
    "BehaviorTree": "/Game/Aki/AI/AIMonster/NPC/AIMO1JiQiangKuLuoLuoMd00001/BT_MO1JiQiangKuLuoLuoMd00001.BT_MO1JiQiangKuLuoLuoMd00001",
    "SubBehaviorConfigs": {
      "size": 6
    },
    "Team": true,
    "MonsterType": 4
  },
  {
    "Id": 70134,
    "StateMachine": "SM_MO1GuochankuluoluoMd00001",
    "AiController": "/Game/Aki/AI/AIMonster/NPC/AIMO1GuochankuluoluoMd00001/AIC_MO1GuochankuluoluoMd00001.AIC_MO1GuochankuluoluoMd00001",
    "BehaviorTree": "/Game/Aki/AI/AIMonster/NPC/AIMO1GuochankuluoluoMd00001/BT_MO1GuochankuluoluoMd00001.BT_MO1GuochankuluoluoMd00001",
    "SubBehaviorConfigs": {
      "size": 6
    },
    "Team": true,
    "MonsterType": 4
  },
  {
    "Id": 700762,
    "StateMachine": "SM_MO1GuguhetunMd00201_SpecialMonster",
    "AiController": "/Game/Aki/AI/AIMonster/Ordinary/AIMO1GuguhetunMd00201/AIC_MO1GuguhetunMd00201_SpecialMonster.AIC_MO1GuguhetunMd00201_SpecialMonster",
    "BehaviorTree": "/Game/Aki/AI/AIMonster/Ordinary/AIMO1GuguhetunMd00201/BT_MO1GuguhetunMd00201.BT_MO1GuguhetunMd00201",
    "SubBehaviorConfigs": {
      "size": 6
    },
    "Team": true,
    "MonsterType": 4
  },
  {
    "Id": 700763,
    "StateMachine": "SM_ME1GuguhetunMd00201_AnKeTask",
    "AiController": "/Game/Aki/AI/AIMonster/Elite/AIME1GuguhetunMd00201/AIC_ME1GuguhetunMd00201_AnKeTask.AIC_ME1GuguhetunMd00201_AnKeTask",
    "BehaviorTree": "/Game/Aki/AI/AIMonster/Elite/AIME1GuguhetunMd00201/BT_ME1GuguhetunMd00201_AnKeTask.BT_ME1GuguhetunMd00201_AnKeTask",
    "SubBehaviorConfigs": {
      "size": 6
    },
    "Team": true,
    "MonsterType": 4
  },
  {
    "Id": 5,
    "StateMachine": "SM_MO1ShouhuMd00002",
    "AiController": "/Game/Aki/AI/AIMonster/NoMesh/AIMO1ShouhuMd00002/AIC_MO1ShouhuMd00002.AIC_MO1ShouhuMd00002",
    "BehaviorTree": "/Game/Aki/AI/AIMonster/NoMesh/AIMO1ShouhuMd00002/BT_MO1ShouhuMd00002.BT_MO1ShouhuMd00002",
    "SubBehaviorConfigs": {
      "size": 3
    },
    "Team": true,
    "MonsterType": 4
  },
  {
    "Id": 8000171,
    "StateMachine": "SM_ML1QiShiMd00002",
    "AiController": "/Game/Aki/AI/AIMonster/Lord/AIML1QiShiMd00001/AIC_AIML1QiShiMd00001.AIC_AIML1QiShiMd00001",
    "BehaviorTree": "/Game/Aki/AI/AIMonster/Lord/AIML1QiShiMd00001/BT_AIML1QiShiMd00001.BT_AIML1QiShiMd00001",
    "SubBehaviorConfigs": {
      "size": 5
    },
    "Team": false,
    "MonsterType": 4
  },
  {
    "Id": 280013,
    "StateMachine": "",
    "AiController": "/Game/Aki/AI/AIMonster/Vsion/VM_Ordinary/AIC_VM_Common.AIC_VM_Common",
    "BehaviorTree": "/Game/Aki/AI/AIMonster/Vsion/VM_Lord/VM_ML1Miuwu/BT_VM_ML1Miuwu.BT_VM_ML1Miuwu",
    "SubBehaviorConfigs": {
      "size": 1
    },
    "Team": true,
    "MonsterType": 4
  },
  {
    "Id": 800151,
    "StateMachine": "SM_AIMB1ShanghengMd00501",
    "AiController": "/Game/Aki/AI/AIMonster/Boss/AIMB1ShanghengMd00501/AIC_AIMB1ShanghengMd00501_2.AIC_AIMB1ShanghengMd00501_2",
    "BehaviorTree": "/Game/Aki/AI/AIMonster/Boss/AIMB1ShanghengMd00501/BT_AIMB1ShanghengMd00501.BT_AIMB1ShanghengMd00501",
    "SubBehaviorConfigs": {
      "size": 5
    },
    "Team": false,
    "MonsterType": 4
  },
  {
    "Id": 8000172,
    "StateMachine": "SM_ML1QiShiMd00003",
    "AiController": "/Game/Aki/AI/AIMonster/Lord/AIML1QiShiMd00001/AIC_AIML1QiShiMd00001.AIC_AIML1QiShiMd00001",
    "BehaviorTree": "/Game/Aki/AI/AIMonster/Lord/AIML1QiShiMd00001/BT_AIML1QiShiMd00002.BT_AIML1QiShiMd00002",
    "SubBehaviorConfigs": {
      "size": 5
    },
    "Team": false,
    "MonsterType": 4
  },
  {
    "Id": 24291003,
    "StateMachine": "SM_MO1AnjinMd006001",
    "AiController": "/Game/Aki/AI/AIMonster/Ordinary/AIMO1AnjinMd00601/AIC_MO1AnjinMd00601.AIC_MO1AnjinMd00601",
    "BehaviorTree": "/Game/Aki/AI/AIMonster/Ordinary/AIMO1AnjinMd00601/System/BT_MO1AnjinMd00601_Guide.BT_MO1AnjinMd00601_Guide_2",
    "SubBehaviorConfigs": {
      "size": 6
    },
    "Team": true,
    "MonsterType": 4
  },
  {
    "Id": 800201,
    "StateMachine": "SM_ML1MiuwuMd00501",
    "AiController": "/Game/Aki/AI/AIMonster/Lord/AIML1MiuwuMd00501/AIC_ML1MiuwuMd00501.AIC_ML1MiuwuMd00501",
    "BehaviorTree": "/Game/Aki/AI/AIMonster/Lord/AIML1MiuwuMd00501/BT_ML1MiuwuMd00501.BT_ML1MiuwuMd00501",
    "SubBehaviorConfigs": {
      "size": 4
    },
    "Team": false,
    "MonsterType": 4
  }
]