[
  {
    "Id": 1,
    "GroupIds": [
      1
    ]
  },
  {
    "Id": 2,
    "GroupIds": [
      2
    ]
  },
  {
    "Id": 70051,
    "GroupIds": [
      70051,
      70052
    ]
  },
  {
    "Id": 70053,
    "GroupIds": [
      70053
    ]
  },
  {
    "Id": 70055,
    "GroupIds": [
      70055
    ]
  },
  {
    "Id": 70065,
    "GroupIds": [
      70065
    ]
  },
  {
    "Id": 70066,
    "GroupIds": [
      70066
    ]
  },
  {
    "Id": 70068,
    "GroupIds": [
      70068
    ]
  },
  {
    "Id": 70070,
    "GroupIds": [
      70070
    ]
  },
  {
    "Id": 70072,
    "GroupIds": [
      70072,
      70072001
    ]
  },
  {
    "Id": 700727,
    "GroupIds": [
      700727
    ]
  },
  {
    "Id": 70074,
    "GroupIds": [
      70074
    ]
  },
  {
    "Id": 70075,
    "GroupIds": [
      70075
    ]
  },
  {
    "Id": 70076,
    "GroupIds": [
      70076
    ]
  },
  {
    "Id": 70092,
    "GroupIds": [
      70092,
      70092001
    ]
  },
  {
    "Id": 70094,
    "GroupIds": [
      70094
    ]
  },
  {
    "Id": 70100,
    "GroupIds": [
      70100
    ]
  },
  {
    "Id": 77005,
    "GroupIds": [
      77005
    ]
  },
  {
    "Id": 77012,
    "GroupIds": [
      77012
    ]
  },
  {
    "Id": 77021,
    "GroupIds": [
      77021
    ]
  },
  {
    "Id": 77022,
    "GroupIds": [
      77022
    ]
  },
  {
    "Id": 77024,
    "GroupIds": [
      77024
    ]
  },
  {
    "Id": 77025,
    "GroupIds": [
      77025
    ]
  },
  {
    "Id": 77026,
    "GroupIds": [
      77026
    ]
  },
  {
    "Id": 77027,
    "GroupIds": [
      77027
    ]
  },
  {
    "Id": 77028,
    "GroupIds": [
      77028
    ]
  },
  {
    "Id": 77029,
    "GroupIds": [
      77029
    ]
  },
  {
    "Id": 77033,
    "GroupIds": [
      77033
    ]
  },
  {
    "Id": 77036,
    "GroupIds": [
      77036
    ]
  },
  {
    "Id": 77038,
    "GroupIds": [
      77038
    ]
  },
  {
    "Id": 80002,
    "GroupIds": [
      80002
    ]
  },
  {
    "Id": 80003,
    "GroupIds": [
      80003
    ]
  },
  {
    "Id": 80004,
    "GroupIds": [
      80004001,
      80004002,
      80004003
    ]
  },
  {
    "Id": 80004001,
    "GroupIds": [
      80004001
    ]
  },
  {
    "Id": 80008,
    "GroupIds": [
      80008
    ]
  },
  {
    "Id": 80009,
    "GroupIds": [
      80009
    ]
  },
  {
    "Id": 80015,
    "GroupIds": [
      80015
    ]
  },
  {
    "Id": 80016,
    "GroupIds": [
      80016
    ]
  },
  {
    "Id": 80011,
    "GroupIds": [
      80011
    ]
  },
  {
    "Id": 77041,
    "GroupIds": [
      77041
    ]
  },
  {
    "Id": 77045,
    "GroupIds": [
      77045
    ]
  },
  {
    "Id": 70108,
    "GroupIds": [
      70108
    ]
  },
  {
    "Id": 70078,
    "GroupIds": [
      70078
    ]
  },
  {
    "Id": 80014,
    "GroupIds": [
      80014001
    ]
  },
  {
    "Id": 70111,
    "GroupIds": [
      70111
    ]
  },
  {
    "Id": 70113,
    "GroupIds": [
      70113
    ]
  },
  {
    "Id": 77047,
    "GroupIds": [
      77047
    ]
  },
  {
    "Id": 70116,
    "GroupIds": [
      70116,
      701161
    ]
  },
  {
    "Id": 77048,
    "GroupIds": [
      77048
    ]
  },
  {
    "Id": 70119,
    "GroupIds": [
      70119
    ]
  },
  {
    "Id": 70109,
    "GroupIds": [
      70109
    ]
  },
  {
    "Id": 77042,
    "GroupIds": [
      77042
    ]
  },
  {
    "Id": 77049,
    "GroupIds": [
      77049
    ]
  },
  {
    "Id": 77032,
    "GroupIds": [
      77032
    ]
  },
  {
    "Id": 7703602,
    "GroupIds": [
      7703602
    ]
  },
  {
    "Id": 70133,
    "GroupIds": [
      70133
    ]
  },
  {
    "Id": 70134,
    "GroupIds": [
      70134
    ]
  }
]