[
  {
    "Id": 1,
    "FleeDistance": {
      "Min": 1000,
      "Max": 1500
    },
    "FleeAngle": {
      "Min": -45,
      "Max": 45
    },
    "FleeHeight": 0,
    "TimeMilliseconds": 1000
  },
  {
    "Id": 2,
    "FleeDistance": {
      "Min": 1000,
      "Max": 2000
    },
    "FleeAngle": {
      "Min": -180,
      "Max": 180
    },
    "FleeHeight": 0,
    "TimeMilliseconds": 5000
  },
  {
    "Id": 21001,
    "FleeDistance": {
      "Min": 1000,
      "Max": 2000
    },
    "FleeAngle": {
      "Min": -180,
      "Max": 180
    },
    "FleeHeight": 1500,
    "TimeMilliseconds": 10000
  },
  {
    "Id": 21006,
    "FleeDistance": {
      "Min": 1000,
      "Max": 2000
    },
    "FleeAngle": {
      "Min": -25,
      "Max": 25
    },
    "FleeHeight": 0,
    "TimeMilliseconds": 10000
  },
  {
    "Id": 21007,
    "FleeDistance": {
      "Min": 1000,
      "Max": 2000
    },
    "FleeAngle": {
      "Min": -180,
      "Max": 180
    },
    "FleeHeight": 1500,
    "TimeMilliseconds": 10000
  },
  {
    "Id": 21008,
    "FleeDistance": {
      "Min": 1000,
      "Max": 2000
    },
    "FleeAngle": {
      "Min": -90,
      "Max": 90
    },
    "FleeHeight": 0,
    "TimeMilliseconds": 10000
  },
  {
    "Id": 21012,
    "FleeDistance": {
      "Min": 1000,
      "Max": 2000
    },
    "FleeAngle": {
      "Min": -35,
      "Max": 35
    },
    "FleeHeight": 0,
    "TimeMilliseconds": 10000
  },
  {
    "Id": 21015,
    "FleeDistance": {
      "Min": 1000,
      "Max": 2000
    },
    "FleeAngle": {
      "Min": -35,
      "Max": 35
    },
    "FleeHeight": 0,
    "TimeMilliseconds": 10000
  },
  {
    "Id": 21017,
    "FleeDistance": {
      "Min": 1000,
      "Max": 2000
    },
    "FleeAngle": {
      "Min": -30,
      "Max": 30
    },
    "FleeHeight": 0,
    "TimeMilliseconds": 3000
  },
  {
    "Id": 21018,
    "FleeDistance": {
      "Min": 700,
      "Max": 1000
    },
    "FleeAngle": {
      "Min": -15,
      "Max": 15
    },
    "FleeHeight": 0,
    "TimeMilliseconds": 3000
  },
  {
    "Id": 21023,
    "FleeDistance": {
      "Min": 1000,
      "Max": 2000
    },
    "FleeAngle": {
      "Min": -25,
      "Max": 25
    },
    "FleeHeight": 0,
    "TimeMilliseconds": 10000
  },
  {
    "Id": 21026,
    "FleeDistance": {
      "Min": 500,
      "Max": 1000
    },
    "FleeAngle": {
      "Min": -25,
      "Max": 25
    },
    "FleeHeight": 0,
    "TimeMilliseconds": 10000
  },
  {
    "Id": 70112,
    "FleeDistance": {
      "Min": 600,
      "Max": 900
    },
    "FleeAngle": {
      "Min": -90,
      "Max": 90
    },
    "FleeHeight": 0,
    "TimeMilliseconds": 8000
  }
]