[
  {
    "Id": 1,
    "CirclePatrol": false,
    "PathSpline": "/Game/Aki/Data/PathLine/PathLine_NPC/PathLine_ZD_002.PathLine_ZD_002",
    "IsNavigation": false,
    "StartIndex": 1,
    "LimitNpcDistance": 100,
    "TurnSpeed": 180,
    "Loop": true,
    "EndDistance": 50,
    "Sampling": 50,
    "ContainZ": false
  },
  {
    "Id": 2,
    "CirclePatrol": false,
    "PathSpline": "/Game/Aki/Data/PathLine/PathLine_NPC/PathLine_ZD_002.PathLine_ZD_002",
    "IsNavigation": false,
    "StartIndex": 1,
    "LimitNpcDistance": 1000,
    "TurnSpeed": 180,
    "Loop": false,
    "EndDistance": 50,
    "Sampling": 0,
    "ContainZ": false
  },
  {
    "Id": 3,
    "CirclePatrol": false,
    "PathSpline": "/Game/Aki/Data/PathLine/PathLine_NPC/PathLine_ZD_005.PathLine_ZD_005",
    "IsNavigation": false,
    "StartIndex": 1,
    "LimitNpcDistance": 1000,
    "TurnSpeed": 180,
    "Loop": false,
    "EndDistance": 50,
    "Sampling": 0,
    "ContainZ": false
  },
  {
    "Id": 1001,
    "CirclePatrol": true,
    "PathSpline": "/Game/Aki/Data/PathLine/PathLine_Enemy/ZQTD/EnemyMovePath_ZQTD_test.EnemyMovePath_ZQTD_test",
    "IsNavigation": false,
    "StartIndex": 0,
    "LimitNpcDistance": 1000,
    "TurnSpeed": 180,
    "Loop": true,
    "EndDistance": 50,
    "Sampling": 150,
    "ContainZ": false
  },
  {
    "Id": 1002,
    "CirclePatrol": true,
    "PathSpline": "/Game/Aki/Data/PathLine/PathLine_Enemy/ZQTD/EnemyMovePath_ZQTD_test1.EnemyMovePath_ZQTD_test1",
    "IsNavigation": false,
    "StartIndex": 0,
    "LimitNpcDistance": 1000,
    "TurnSpeed": 180,
    "Loop": true,
    "EndDistance": 50,
    "Sampling": 150,
    "ContainZ": false
  },
  {
    "Id": 1010,
    "CirclePatrol": true,
    "PathSpline": "/Game/Aki/Data/PathLine/PathLine_NPC/MingSuTi/PathLine_Mingsuti_001.PathLine_Mingsuti_001",
    "IsNavigation": false,
    "StartIndex": 0,
    "LimitNpcDistance": 1000,
    "TurnSpeed": 180,
    "Loop": true,
    "EndDistance": 50,
    "Sampling": 50,
    "ContainZ": false
  },
  {
    "Id": 90002,
    "CirclePatrol": false,
    "PathSpline": "/Game/Aki/Data/PathLine/PathLine_NPC/LanternCat/PathLine_Cat_001.PathLine_Cat_001",
    "IsNavigation": false,
    "StartIndex": 0,
    "LimitNpcDistance": 3000,
    "TurnSpeed": 360,
    "Loop": false,
    "EndDistance": 50,
    "Sampling": 150,
    "ContainZ": true
  },
  {
    "Id": 10,
    "CirclePatrol": false,
    "PathSpline": "/Game/Aki/Data/PathLine/PathLine_NPC/PathLine_ZQ_MST_000.PathLine_ZQ_MST_000",
    "IsNavigation": false,
    "StartIndex": 1,
    "LimitNpcDistance": 1000,
    "TurnSpeed": 180,
    "Loop": false,
    "EndDistance": 50,
    "Sampling": 0,
    "ContainZ": true
  },
  {
    "Id": 90004,
    "CirclePatrol": false,
    "PathSpline": "/Game/Aki/Data/PathLine/PathLine_NPC/MingSuTi/PathLine_Mingsuti_001.PathLine_Mingsuti_001",
    "IsNavigation": false,
    "StartIndex": 0,
    "LimitNpcDistance": 1000,
    "TurnSpeed": 180,
    "Loop": false,
    "EndDistance": 50,
    "Sampling": 0,
    "ContainZ": true
  },
  {
    "Id": 101,
    "CirclePatrol": false,
    "PathSpline": "/Game/Aki/Data/PathLine/PathLine_NPC/Main_Task/Maintask_ZD_002.Maintask_ZD_002",
    "IsNavigation": false,
    "StartIndex": 1,
    "LimitNpcDistance": 1000,
    "TurnSpeed": 360,
    "Loop": false,
    "EndDistance": 50,
    "Sampling": 0,
    "ContainZ": false
  },
  {
    "Id": 90005,
    "CirclePatrol": false,
    "PathSpline": "/Game/Aki/Data/PathLine/PathLine_NPC/LanternCat/ZangDi/PL003.PL003",
    "IsNavigation": false,
    "StartIndex": 0,
    "LimitNpcDistance": 3000,
    "TurnSpeed": 360,
    "Loop": false,
    "EndDistance": 50,
    "Sampling": 150,
    "ContainZ": true
  },
  {
    "Id": 90006,
    "CirclePatrol": false,
    "PathSpline": "/Game/Aki/Data/PathLine/PathLine_NPC/LanternCat/ZangDi/PL004.PL004",
    "IsNavigation": false,
    "StartIndex": 0,
    "LimitNpcDistance": 3000,
    "TurnSpeed": 360,
    "Loop": false,
    "EndDistance": 50,
    "Sampling": 150,
    "ContainZ": true
  },
  {
    "Id": 90007,
    "CirclePatrol": false,
    "PathSpline": "/Game/Aki/Data/PathLine/PathLine_NPC/LanternCat/ZangDi/PL013.PL013",
    "IsNavigation": false,
    "StartIndex": 0,
    "LimitNpcDistance": 3000,
    "TurnSpeed": 360,
    "Loop": false,
    "EndDistance": 50,
    "Sampling": 150,
    "ContainZ": true
  },
  {
    "Id": 90008,
    "CirclePatrol": false,
    "PathSpline": "/Game/Aki/Data/PathLine/PathLine_NPC/LanternCat/ZangDi/PL014.PL014",
    "IsNavigation": false,
    "StartIndex": 0,
    "LimitNpcDistance": 3000,
    "TurnSpeed": 360,
    "Loop": false,
    "EndDistance": 50,
    "Sampling": 150,
    "ContainZ": true
  },
  {
    "Id": 90009,
    "CirclePatrol": false,
    "PathSpline": "/Game/Aki/Data/PathLine/PathLine_NPC/LanternCat/ZangDi/PL023.PL023",
    "IsNavigation": false,
    "StartIndex": 0,
    "LimitNpcDistance": 3000,
    "TurnSpeed": 360,
    "Loop": false,
    "EndDistance": 50,
    "Sampling": 150,
    "ContainZ": true
  },
  {
    "Id": 90010,
    "CirclePatrol": false,
    "PathSpline": "/Game/Aki/Data/PathLine/PathLine_NPC/LanternCat/ZangDi/PL024.PL024",
    "IsNavigation": false,
    "StartIndex": 0,
    "LimitNpcDistance": 3000,
    "TurnSpeed": 360,
    "Loop": false,
    "EndDistance": 50,
    "Sampling": 150,
    "ContainZ": true
  },
  {
    "Id": 90011,
    "CirclePatrol": false,
    "PathSpline": "/Game/Aki/Data/PathLine/PathLine_NPC/LanternCat/ZangDi/PL025.PL025",
    "IsNavigation": false,
    "StartIndex": 0,
    "LimitNpcDistance": 3000,
    "TurnSpeed": 360,
    "Loop": false,
    "EndDistance": 50,
    "Sampling": 150,
    "ContainZ": true
  },
  {
    "Id": 90020,
    "CirclePatrol": false,
    "PathSpline": "/Game/Aki/Data/PathLine/PathLine_NPC/LanternCat/ZangDi/PathLine_Cat_test.PathLine_Cat_test",
    "IsNavigation": false,
    "StartIndex": 0,
    "LimitNpcDistance": 3000,
    "TurnSpeed": 360,
    "Loop": false,
    "EndDistance": 50,
    "Sampling": 150,
    "ContainZ": true
  },
  {
    "Id": 400110001,
    "CirclePatrol": false,
    "PathSpline": "/Game/Aki/Data/PathLine/PathLine_NPC/LanternCat/ZhongQu/PathLine_Cat_001.PathLine_Cat_001",
    "IsNavigation": false,
    "StartIndex": 0,
    "LimitNpcDistance": 3000,
    "TurnSpeed": 360,
    "Loop": false,
    "EndDistance": 50,
    "Sampling": 50,
    "ContainZ": true
  },
  {
    "Id": 400110002,
    "CirclePatrol": false,
    "PathSpline": "/Game/Aki/Data/PathLine/PathLine_NPC/LanternCat/ZhongQu/PathLine_Cat_002.PathLine_Cat_002",
    "IsNavigation": false,
    "StartIndex": 0,
    "LimitNpcDistance": 3000,
    "TurnSpeed": 360,
    "Loop": false,
    "EndDistance": 50,
    "Sampling": 50,
    "ContainZ": true
  },
  {
    "Id": 400110003,
    "CirclePatrol": false,
    "PathSpline": "/Game/Aki/Data/PathLine/PathLine_NPC/LanternCat/ZhongQu/PathLine_Cat_003.PathLine_Cat_003",
    "IsNavigation": false,
    "StartIndex": 0,
    "LimitNpcDistance": 3000,
    "TurnSpeed": 360,
    "Loop": false,
    "EndDistance": 50,
    "Sampling": 50,
    "ContainZ": true
  },
  {
    "Id": 400110004,
    "CirclePatrol": false,
    "PathSpline": "/Game/Aki/Data/PathLine/PathLine_NPC/LanternCat/ZhongQu/PathLine_Cat_004.PathLine_Cat_004",
    "IsNavigation": false,
    "StartIndex": 0,
    "LimitNpcDistance": 3000,
    "TurnSpeed": 360,
    "Loop": false,
    "EndDistance": 50,
    "Sampling": 50,
    "ContainZ": true
  },
  {
    "Id": 400120001,
    "CirclePatrol": false,
    "PathSpline": "/Game/Aki/Data/PathLine/PathLine_NPC/LanternCat/HuanXiang/PathLine_Cat_001.PathLine_Cat_001",
    "IsNavigation": false,
    "StartIndex": 0,
    "LimitNpcDistance": 3000,
    "TurnSpeed": 360,
    "Loop": false,
    "EndDistance": 50,
    "Sampling": 50,
    "ContainZ": true
  },
  {
    "Id": 400120002,
    "CirclePatrol": false,
    "PathSpline": "/Game/Aki/Data/PathLine/PathLine_NPC/LanternCat/ZhongQu/PathLine_Cat_005.PathLine_Cat_005",
    "IsNavigation": false,
    "StartIndex": 0,
    "LimitNpcDistance": 3000,
    "TurnSpeed": 360,
    "Loop": false,
    "EndDistance": 50,
    "Sampling": 50,
    "ContainZ": true
  },
  {
    "Id": 400120003,
    "CirclePatrol": false,
    "PathSpline": "/Game/Aki/Data/PathLine/PathLine_NPC/LanternCat/ZhongQu/PathLine_Cat_006.PathLine_Cat_006",
    "IsNavigation": false,
    "StartIndex": 0,
    "LimitNpcDistance": 3000,
    "TurnSpeed": 360,
    "Loop": false,
    "EndDistance": 50,
    "Sampling": 50,
    "ContainZ": true
  },
  {
    "Id": 400120004,
    "CirclePatrol": false,
    "PathSpline": "/Game/Aki/Data/PathLine/PathLine_NPC/LanternCat/ZhongQu/PathLine_Cat_007.PathLine_Cat_007",
    "IsNavigation": false,
    "StartIndex": 0,
    "LimitNpcDistance": 3000,
    "TurnSpeed": 360,
    "Loop": false,
    "EndDistance": 50,
    "Sampling": 50,
    "ContainZ": true
  },
  {
    "Id": 400120005,
    "CirclePatrol": false,
    "PathSpline": "/Game/Aki/Data/PathLine/PathLine_NPC/LanternCat/ZhongQu/PathLine_Cat_008.PathLine_Cat_008",
    "IsNavigation": false,
    "StartIndex": 0,
    "LimitNpcDistance": 3000,
    "TurnSpeed": 360,
    "Loop": false,
    "EndDistance": 50,
    "Sampling": 50,
    "ContainZ": true
  },
  {
    "Id": 400091001,
    "CirclePatrol": false,
    "PathSpline": "/Game/Aki/Data/PathLine/PathLine_NPC/LanternCat/ZangDi/PathLine_Cat_001.PathLine_Cat_001",
    "IsNavigation": false,
    "StartIndex": 0,
    "LimitNpcDistance": 3000,
    "TurnSpeed": 360,
    "Loop": false,
    "EndDistance": 50,
    "Sampling": 50,
    "ContainZ": true
  },
  {
    "Id": 400091002,
    "CirclePatrol": false,
    "PathSpline": "/Game/Aki/Data/PathLine/PathLine_NPC/LanternCat/ZangDi/PathLine_Cat_002.PathLine_Cat_002",
    "IsNavigation": false,
    "StartIndex": 0,
    "LimitNpcDistance": 3000,
    "TurnSpeed": 360,
    "Loop": false,
    "EndDistance": 50,
    "Sampling": 50,
    "ContainZ": true
  },
  {
    "Id": 400091003,
    "CirclePatrol": false,
    "PathSpline": "/Game/Aki/Data/PathLine/PathLine_NPC/LanternCat/ZangDi/PathLine_Cat_003.PathLine_Cat_003",
    "IsNavigation": false,
    "StartIndex": 0,
    "LimitNpcDistance": 3000,
    "TurnSpeed": 360,
    "Loop": false,
    "EndDistance": 50,
    "Sampling": 50,
    "ContainZ": true
  },
  {
    "Id": 400090003,
    "CirclePatrol": true,
    "PathSpline": "/Game/Aki/Data/PathLine/PathLine_NPC/NPCMove/NPCMovePath_ZD_003.NPCMovePath_ZD_003",
    "IsNavigation": true,
    "StartIndex": 0,
    "LimitNpcDistance": 1000,
    "TurnSpeed": 180,
    "Loop": true,
    "EndDistance": 50,
    "Sampling": 150,
    "ContainZ": false
  },
  {
    "Id": 400090032,
    "CirclePatrol": true,
    "PathSpline": "/Game/Aki/Data/PathLine/PathLine_NPC/NPCMove/NPCMovePath_ZD_032.NPCMovePath_ZD_032",
    "IsNavigation": true,
    "StartIndex": 0,
    "LimitNpcDistance": 1000,
    "TurnSpeed": 180,
    "Loop": true,
    "EndDistance": 50,
    "Sampling": 150,
    "ContainZ": false
  },
  {
    "Id": 400090037,
    "CirclePatrol": true,
    "PathSpline": "/Game/Aki/Data/PathLine/PathLine_NPC/NPCMove/NPCMovePath_ZD_037.NPCMovePath_ZD_037",
    "IsNavigation": true,
    "StartIndex": 0,
    "LimitNpcDistance": 1000,
    "TurnSpeed": 180,
    "Loop": true,
    "EndDistance": 50,
    "Sampling": 150,
    "ContainZ": false
  },
  {
    "Id": 400090043,
    "CirclePatrol": true,
    "PathSpline": "/Game/Aki/Data/PathLine/PathLine_NPC/NPCMove/NPCMovePath_ZD_043.NPCMovePath_ZD_043",
    "IsNavigation": true,
    "StartIndex": 0,
    "LimitNpcDistance": 1000,
    "TurnSpeed": 180,
    "Loop": true,
    "EndDistance": 50,
    "Sampling": 150,
    "ContainZ": false
  },
  {
    "Id": 400090049,
    "CirclePatrol": true,
    "PathSpline": "/Game/Aki/Data/PathLine/PathLine_NPC/NPCMove/NPCMovePath_ZD_049.NPCMovePath_ZD_049",
    "IsNavigation": true,
    "StartIndex": 0,
    "LimitNpcDistance": 1000,
    "TurnSpeed": 180,
    "Loop": true,
    "EndDistance": 50,
    "Sampling": 150,
    "ContainZ": false
  },
  {
    "Id": 400090080,
    "CirclePatrol": true,
    "PathSpline": "/Game/Aki/Data/PathLine/PathLine_NPC/NPCMove/NPCMovePath_ZD_080.NPCMovePath_ZD_080",
    "IsNavigation": true,
    "StartIndex": 0,
    "LimitNpcDistance": 1000,
    "TurnSpeed": 180,
    "Loop": true,
    "EndDistance": 50,
    "Sampling": 150,
    "ContainZ": false
  },
  {
    "Id": 400090098,
    "CirclePatrol": true,
    "PathSpline": "/Game/Aki/Data/PathLine/PathLine_NPC/NPCMove/NPCMovePath_ZD_098.NPCMovePath_ZD_098",
    "IsNavigation": true,
    "StartIndex": 0,
    "LimitNpcDistance": 1000,
    "TurnSpeed": 180,
    "Loop": true,
    "EndDistance": 50,
    "Sampling": 150,
    "ContainZ": false
  },
  {
    "Id": 400090121,
    "CirclePatrol": true,
    "PathSpline": "/Game/Aki/Data/PathLine/PathLine_NPC/NPCMove/NPCMovePath_ZD_121.NPCMovePath_ZD_121",
    "IsNavigation": true,
    "StartIndex": 0,
    "LimitNpcDistance": 1000,
    "TurnSpeed": 180,
    "Loop": false,
    "EndDistance": 50,
    "Sampling": 150,
    "ContainZ": false
  },
  {
    "Id": 400090122,
    "CirclePatrol": true,
    "PathSpline": "/Game/Aki/Data/PathLine/PathLine_NPC/NPCMove/NPCMovePath_ZD_122.NPCMovePath_ZD_122",
    "IsNavigation": true,
    "StartIndex": 0,
    "LimitNpcDistance": 1000,
    "TurnSpeed": 180,
    "Loop": true,
    "EndDistance": 50,
    "Sampling": 150,
    "ContainZ": false
  },
  {
    "Id": 400090179,
    "CirclePatrol": true,
    "PathSpline": "/Game/Aki/Data/PathLine/PathLine_NPC/NPCMove/NPCMovePath_ZD_179.NPCMovePath_ZD_179",
    "IsNavigation": true,
    "StartIndex": 0,
    "LimitNpcDistance": 1000,
    "TurnSpeed": 180,
    "Loop": true,
    "EndDistance": 50,
    "Sampling": 150,
    "ContainZ": false
  },
  {
    "Id": 400090196,
    "CirclePatrol": true,
    "PathSpline": "/Game/Aki/Data/PathLine/PathLine_NPC/NPCMove/NPCMovePath_ZD_196.NPCMovePath_ZD_196",
    "IsNavigation": true,
    "StartIndex": 0,
    "LimitNpcDistance": 1000,
    "TurnSpeed": 180,
    "Loop": true,
    "EndDistance": 50,
    "Sampling": 150,
    "ContainZ": false
  },
  {
    "Id": 400090345,
    "CirclePatrol": true,
    "PathSpline": "/Game/Aki/Data/PathLine/PathLine_NPC/NPCMove/NPCMovePath_ZQTD_45.NPCMovePath_ZQTD_45",
    "IsNavigation": true,
    "StartIndex": 0,
    "LimitNpcDistance": 1000,
    "TurnSpeed": 180,
    "Loop": true,
    "EndDistance": 50,
    "Sampling": 150,
    "ContainZ": false
  },
  {
    "Id": 400090343,
    "CirclePatrol": true,
    "PathSpline": "/Game/Aki/Data/PathLine/PathLine_NPC/NPCMove/NPCMovePath_ZQTD_43.NPCMovePath_ZQTD_43",
    "IsNavigation": true,
    "StartIndex": 0,
    "LimitNpcDistance": 1000,
    "TurnSpeed": 180,
    "Loop": true,
    "EndDistance": 50,
    "Sampling": 150,
    "ContainZ": false
  },
  {
    "Id": 400090325,
    "CirclePatrol": true,
    "PathSpline": "/Game/Aki/Data/PathLine/PathLine_NPC/NPCMove/NPCMovePath_ZQTD_25.NPCMovePath_ZQTD_25",
    "IsNavigation": true,
    "StartIndex": 0,
    "LimitNpcDistance": 1000,
    "TurnSpeed": 180,
    "Loop": true,
    "EndDistance": 50,
    "Sampling": 150,
    "ContainZ": false
  },
  {
    "Id": 400090311,
    "CirclePatrol": true,
    "PathSpline": "/Game/Aki/Data/PathLine/PathLine_NPC/NPCMove/NPCMovePath_ZQTD_11.NPCMovePath_ZQTD_11",
    "IsNavigation": true,
    "StartIndex": 0,
    "LimitNpcDistance": 1000,
    "TurnSpeed": 180,
    "Loop": true,
    "EndDistance": 50,
    "Sampling": 150,
    "ContainZ": false
  },
  {
    "Id": 400090310,
    "CirclePatrol": true,
    "PathSpline": "/Game/Aki/Data/PathLine/PathLine_NPC/NPCMove/NPCMovePath_ZQTD_10.NPCMovePath_ZQTD_10",
    "IsNavigation": true,
    "StartIndex": 0,
    "LimitNpcDistance": 1000,
    "TurnSpeed": 180,
    "Loop": true,
    "EndDistance": 50,
    "Sampling": 150,
    "ContainZ": false
  },
  {
    "Id": 500050001,
    "CirclePatrol": false,
    "PathSpline": "/Game/Aki/Data/PathLine/PathLine_NPC/LanternCat/Heishi/PL_MingYing_HSGD1.PL_MingYing_HSGD1",
    "IsNavigation": false,
    "StartIndex": 0,
    "LimitNpcDistance": 1000,
    "TurnSpeed": 180,
    "Loop": false,
    "EndDistance": 50,
    "Sampling": 50,
    "ContainZ": true
  },
  {
    "Id": 500050002,
    "CirclePatrol": false,
    "PathSpline": "/Game/Aki/Data/PathLine/PathLine_NPC/LanternCat/Heishi/PL_MingYing_HSGD2.PL_MingYing_HSGD2",
    "IsNavigation": false,
    "StartIndex": 0,
    "LimitNpcDistance": 1000,
    "TurnSpeed": 360,
    "Loop": false,
    "EndDistance": 50,
    "Sampling": 50,
    "ContainZ": true
  },
  {
    "Id": 500050003,
    "CirclePatrol": false,
    "PathSpline": "/Game/Aki/Data/PathLine/PathLine_NPC/LanternCat/Heishi/PL_MingYing_HSGD3.PL_MingYing_HSGD3",
    "IsNavigation": false,
    "StartIndex": 0,
    "LimitNpcDistance": 1000,
    "TurnSpeed": 360,
    "Loop": false,
    "EndDistance": 50,
    "Sampling": 50,
    "ContainZ": true
  },
  {
    "Id": 500050004,
    "CirclePatrol": false,
    "PathSpline": "/Game/Aki/Data/PathLine/PathLine_NPC/LanternCat/Heishi/PL_MingYing_HSGD4.PL_MingYing_HSGD4",
    "IsNavigation": false,
    "StartIndex": 0,
    "LimitNpcDistance": 1000,
    "TurnSpeed": 360,
    "Loop": false,
    "EndDistance": 50,
    "Sampling": 50,
    "ContainZ": true
  },
  {
    "Id": 500050005,
    "CirclePatrol": false,
    "PathSpline": "/Game/Aki/Data/PathLine/PathLine_NPC/LanternCat/Heishi/PL_MingYing_HSGD5.PL_MingYing_HSGD5",
    "IsNavigation": false,
    "StartIndex": 0,
    "LimitNpcDistance": 1000,
    "TurnSpeed": 360,
    "Loop": false,
    "EndDistance": 50,
    "Sampling": 50,
    "ContainZ": true
  },
  {
    "Id": 500050006,
    "CirclePatrol": false,
    "PathSpline": "/Game/Aki/Data/PathLine/PathLine_NPC/LanternCat/Heishi/PL_MingYing_HSGD6.PL_MingYing_HSGD6",
    "IsNavigation": false,
    "StartIndex": 0,
    "LimitNpcDistance": 1000,
    "TurnSpeed": 360,
    "Loop": false,
    "EndDistance": 50,
    "Sampling": 50,
    "ContainZ": true
  },
  {
    "Id": 500050007,
    "CirclePatrol": false,
    "PathSpline": "/Game/Aki/Data/PathLine/PathLine_NPC/LanternCat/Heishi/PL_MingYing_HSGD7.PL_MingYing_HSGD7",
    "IsNavigation": false,
    "StartIndex": 0,
    "LimitNpcDistance": 1000,
    "TurnSpeed": 360,
    "Loop": false,
    "EndDistance": 50,
    "Sampling": 50,
    "ContainZ": true
  },
  {
    "Id": 500050008,
    "CirclePatrol": false,
    "PathSpline": "/Game/Aki/Data/PathLine/PathLine_NPC/LanternCat/Heishi/PL_MingYing_HSGD8.PL_MingYing_HSGD8",
    "IsNavigation": false,
    "StartIndex": 0,
    "LimitNpcDistance": 1000,
    "TurnSpeed": 360,
    "Loop": false,
    "EndDistance": 50,
    "Sampling": 50,
    "ContainZ": true
  },
  {
    "Id": 50005001,
    "CirclePatrol": true,
    "PathSpline": "/Game/Aki/Data/PathLine/PathLine_NPC/MingSuTi/HSGD/PathLine_Mingsuti_001.PathLine_Mingsuti_001",
    "IsNavigation": false,
    "StartIndex": 0,
    "LimitNpcDistance": 1000,
    "TurnSpeed": 180,
    "Loop": true,
    "EndDistance": 50,
    "Sampling": 30,
    "ContainZ": true
  },
  {
    "Id": 50005002,
    "CirclePatrol": true,
    "PathSpline": "/Game/Aki/Data/PathLine/PathLine_NPC/MingSuTi/HSGD/PathLine_Mingsuti_002.PathLine_Mingsuti_002",
    "IsNavigation": false,
    "StartIndex": 0,
    "LimitNpcDistance": 1000,
    "TurnSpeed": 180,
    "Loop": true,
    "EndDistance": 50,
    "Sampling": 30,
    "ContainZ": true
  },
  {
    "Id": 50005003,
    "CirclePatrol": true,
    "PathSpline": "/Game/Aki/Data/PathLine/PathLine_NPC/MingSuTi/HSGD/PathLine_Mingsuti_003.PathLine_Mingsuti_003",
    "IsNavigation": false,
    "StartIndex": 0,
    "LimitNpcDistance": 1000,
    "TurnSpeed": 180,
    "Loop": true,
    "EndDistance": 50,
    "Sampling": 30,
    "ContainZ": true
  },
  {
    "Id": 50005004,
    "CirclePatrol": false,
    "PathSpline": "/Game/Aki/Data/PathLine/PathLine_NPC/MingSuTi/HSGD/PathLine_Mingsuti_004.PathLine_Mingsuti_004",
    "IsNavigation": false,
    "StartIndex": 0,
    "LimitNpcDistance": 1000,
    "TurnSpeed": 180,
    "Loop": true,
    "EndDistance": 50,
    "Sampling": 30,
    "ContainZ": true
  },
  {
    "Id": 50005005,
    "CirclePatrol": false,
    "PathSpline": "/Game/Aki/Data/PathLine/PathLine_NPC/MingSuTi/HSGD/PathLine_Mingsuti_005.PathLine_Mingsuti_005",
    "IsNavigation": false,
    "StartIndex": 0,
    "LimitNpcDistance": 1000,
    "TurnSpeed": 180,
    "Loop": true,
    "EndDistance": 50,
    "Sampling": 30,
    "ContainZ": true
  },
  {
    "Id": 400070001,
    "CirclePatrol": false,
    "PathSpline": "/Game/Aki/Data/PathLine/PathLine_NPC/LanternCat/ZhongQu/West/PathLine_Cat_0001.PathLine_Cat_0001",
    "IsNavigation": false,
    "StartIndex": 0,
    "LimitNpcDistance": 3000,
    "TurnSpeed": 360,
    "Loop": false,
    "EndDistance": 50,
    "Sampling": 150,
    "ContainZ": true
  },
  {
    "Id": 400070002,
    "CirclePatrol": false,
    "PathSpline": "/Game/Aki/Data/PathLine/PathLine_NPC/LanternCat/ZhongQu/West/PathLine_Cat_0002.PathLine_Cat_0002",
    "IsNavigation": false,
    "StartIndex": 0,
    "LimitNpcDistance": 3000,
    "TurnSpeed": 360,
    "Loop": false,
    "EndDistance": 50,
    "Sampling": 150,
    "ContainZ": true
  },
  {
    "Id": 400070003,
    "CirclePatrol": false,
    "PathSpline": "/Game/Aki/Data/PathLine/PathLine_NPC/LanternCat/ZhongQu/West/PathLine_Cat_0003.PathLine_Cat_0003",
    "IsNavigation": false,
    "StartIndex": 0,
    "LimitNpcDistance": 3000,
    "TurnSpeed": 360,
    "Loop": false,
    "EndDistance": 50,
    "Sampling": 150,
    "ContainZ": true
  },
  {
    "Id": 400070004,
    "CirclePatrol": false,
    "PathSpline": "/Game/Aki/Data/PathLine/PathLine_NPC/LanternCat/ZhongQu/West/PathLine_Cat_0004.PathLine_Cat_0004",
    "IsNavigation": false,
    "StartIndex": 0,
    "LimitNpcDistance": 3000,
    "TurnSpeed": 360,
    "Loop": false,
    "EndDistance": 50,
    "Sampling": 150,
    "ContainZ": true
  },
  {
    "Id": 406100001,
    "CirclePatrol": false,
    "PathSpline": "/Game/Aki/Data/PathLine/PathLine_NPC/LanternCat/GamePlayTest/PathLine_Cat_001.PathLine_Cat_001",
    "IsNavigation": false,
    "StartIndex": 0,
    "LimitNpcDistance": 3000,
    "TurnSpeed": 360,
    "Loop": false,
    "EndDistance": 50,
    "Sampling": 50,
    "ContainZ": true
  },
  {
    "Id": 406100002,
    "CirclePatrol": false,
    "PathSpline": "/Game/Aki/Data/PathLine/PathLine_NPC/LanternCat/GamePlayTest/PathLine_Cat_002.PathLine_Cat_002",
    "IsNavigation": false,
    "StartIndex": 0,
    "LimitNpcDistance": 3000,
    "TurnSpeed": 360,
    "Loop": false,
    "EndDistance": 50,
    "Sampling": 50,
    "ContainZ": true
  },
  {
    "Id": 406100003,
    "CirclePatrol": false,
    "PathSpline": "/Game/Aki/Data/PathLine/PathLine_NPC/LanternCat/GamePlayTest/PathLine_Cat_003.PathLine_Cat_003",
    "IsNavigation": false,
    "StartIndex": 0,
    "LimitNpcDistance": 3000,
    "TurnSpeed": 360,
    "Loop": false,
    "EndDistance": 50,
    "Sampling": 50,
    "ContainZ": true
  },
  {
    "Id": 406100004,
    "CirclePatrol": false,
    "PathSpline": "/Game/Aki/Data/PathLine/PathLine_NPC/LanternCat/GamePlayTest/PathLine_Cat_004.PathLine_Cat_004",
    "IsNavigation": false,
    "StartIndex": 0,
    "LimitNpcDistance": 3000,
    "TurnSpeed": 360,
    "Loop": false,
    "EndDistance": 50,
    "Sampling": 50,
    "ContainZ": true
  },
  {
    "Id": 173200031,
    "CirclePatrol": false,
    "PathSpline": "/Game/Aki/Data/PathLine/PathLine_NPC/Side_Task/SideTask_ZQTD_1.SideTask_ZQTD_1",
    "IsNavigation": false,
    "StartIndex": 0,
    "LimitNpcDistance": 1000,
    "TurnSpeed": 360,
    "Loop": false,
    "EndDistance": 50,
    "Sampling": 150,
    "ContainZ": false
  },
  {
    "Id": 400090202,
    "CirclePatrol": false,
    "PathSpline": "/Game/Aki/Data/PathLine/PathLine_NPC/AnimalMove/AnimalMovePath_TiGu_001.AnimalMovePath_TiGu_001",
    "IsNavigation": true,
    "StartIndex": 0,
    "LimitNpcDistance": 1000,
    "TurnSpeed": 180,
    "Loop": false,
    "EndDistance": 50,
    "Sampling": 150,
    "ContainZ": false
  },
  {
    "Id": 400090203,
    "CirclePatrol": false,
    "PathSpline": "/Game/Aki/Data/PathLine/PathLine_NPC/AnimalMove/AnimalMovePath_TiGu_002.AnimalMovePath_TiGu_002",
    "IsNavigation": true,
    "StartIndex": 0,
    "LimitNpcDistance": 1000,
    "TurnSpeed": 180,
    "Loop": false,
    "EndDistance": 50,
    "Sampling": 150,
    "ContainZ": false
  },
  {
    "Id": 400090204,
    "CirclePatrol": false,
    "PathSpline": "/Game/Aki/Data/PathLine/PathLine_NPC/AnimalMove/AnimalMovePath_TiGu_003.AnimalMovePath_TiGu_003",
    "IsNavigation": true,
    "StartIndex": 0,
    "LimitNpcDistance": 1000,
    "TurnSpeed": 180,
    "Loop": false,
    "EndDistance": 50,
    "Sampling": 150,
    "ContainZ": false
  },
  {
    "Id": 420130004,
    "CirclePatrol": false,
    "PathSpline": "/Game/Aki/Data/PathLine/PathLine_NPC/Side_Task/SideTask_ZD_1.SideTask_ZD_1",
    "IsNavigation": true,
    "StartIndex": 0,
    "LimitNpcDistance": 3000,
    "TurnSpeed": 360,
    "Loop": false,
    "EndDistance": 50,
    "Sampling": 150,
    "ContainZ": false
  },
  {
    "Id": 31000001,
    "CirclePatrol": false,
    "PathSpline": "/Game/Aki/Data/PathLine/PathLine_NPC/NPCMove/NPCMovePath_ZQTD_YYG_01.NPCMovePath_ZQTD_YYG_01",
    "IsNavigation": true,
    "StartIndex": 0,
    "LimitNpcDistance": 1000,
    "TurnSpeed": 180,
    "Loop": true,
    "EndDistance": 50,
    "Sampling": 50,
    "ContainZ": false
  },
  {
    "Id": 31000002,
    "CirclePatrol": false,
    "PathSpline": "/Game/Aki/Data/PathLine/PathLine_NPC/NPCMove/NPCMovePath_ZQTD_YYG_02.NPCMovePath_ZQTD_YYG_02",
    "IsNavigation": true,
    "StartIndex": 0,
    "LimitNpcDistance": 1000,
    "TurnSpeed": 180,
    "Loop": true,
    "EndDistance": 50,
    "Sampling": 50,
    "ContainZ": false
  },
  {
    "Id": 31000003,
    "CirclePatrol": false,
    "PathSpline": "/Game/Aki/Data/PathLine/PathLine_NPC/NPCMove/NPCMovePath_ZQTD_YYG_03.NPCMovePath_ZQTD_YYG_03",
    "IsNavigation": true,
    "StartIndex": 0,
    "LimitNpcDistance": 1000,
    "TurnSpeed": 180,
    "Loop": true,
    "EndDistance": 50,
    "Sampling": 50,
    "ContainZ": false
  },
  {
    "Id": 31000004,
    "CirclePatrol": false,
    "PathSpline": "/Game/Aki/Data/PathLine/PathLine_NPC/NPCMove/NPCMovePath_ZQTD_YYG_04.NPCMovePath_ZQTD_YYG_04",
    "IsNavigation": true,
    "StartIndex": 0,
    "LimitNpcDistance": 1000,
    "TurnSpeed": 180,
    "Loop": true,
    "EndDistance": 50,
    "Sampling": 50,
    "ContainZ": false
  },
  {
    "Id": 31000005,
    "CirclePatrol": false,
    "PathSpline": "/Game/Aki/Data/PathLine/PathLine_NPC/NPCMove/NPCMovePath_ZQTD_YYG_05.NPCMovePath_ZQTD_YYG_05",
    "IsNavigation": true,
    "StartIndex": 0,
    "LimitNpcDistance": 1000,
    "TurnSpeed": 180,
    "Loop": true,
    "EndDistance": 50,
    "Sampling": 50,
    "ContainZ": false
  },
  {
    "Id": 31000006,
    "CirclePatrol": false,
    "PathSpline": "/Game/Aki/Data/PathLine/PathLine_NPC/NPCMove/NPCMovePath_ZQTD_YYG_06.NPCMovePath_ZQTD_YYG_06",
    "IsNavigation": true,
    "StartIndex": 0,
    "LimitNpcDistance": 1000,
    "TurnSpeed": 180,
    "Loop": true,
    "EndDistance": 50,
    "Sampling": 50,
    "ContainZ": false
  },
  {
    "Id": 500181001,
    "CirclePatrol": false,
    "PathSpline": "/Game/Aki/Data/PathLine/PathLine_Enemy/ZQTD/EnemyMovePath_HSGY_1.EnemyMovePath_HSGY_1",
    "IsNavigation": false,
    "StartIndex": 0,
    "LimitNpcDistance": 1000,
    "TurnSpeed": 180,
    "Loop": true,
    "EndDistance": 50,
    "Sampling": 50,
    "ContainZ": false
  },
  {
    "Id": 500181002,
    "CirclePatrol": false,
    "PathSpline": "/Game/Aki/Data/PathLine/PathLine_Enemy/ZQTD/EnemyMovePath_HSGY_2.EnemyMovePath_HSGY_2",
    "IsNavigation": false,
    "StartIndex": 0,
    "LimitNpcDistance": 1000,
    "TurnSpeed": 180,
    "Loop": true,
    "EndDistance": 50,
    "Sampling": 50,
    "ContainZ": false
  },
  {
    "Id": 500181003,
    "CirclePatrol": false,
    "PathSpline": "/Game/Aki/Data/PathLine/PathLine_Enemy/ZQTD/EnemyMovePath_HSGY_3.EnemyMovePath_HSGY_3",
    "IsNavigation": false,
    "StartIndex": 0,
    "LimitNpcDistance": 1000,
    "TurnSpeed": 180,
    "Loop": true,
    "EndDistance": 50,
    "Sampling": 50,
    "ContainZ": false
  },
  {
    "Id": 400121001,
    "CirclePatrol": false,
    "PathSpline": "/Game/Aki/Data/PathLine/PathLine_Enemy/ZQTD/EnemyMovePath_ZQTD_1.EnemyMovePath_ZQTD_1",
    "IsNavigation": false,
    "StartIndex": 0,
    "LimitNpcDistance": 1000,
    "TurnSpeed": 180,
    "Loop": true,
    "EndDistance": 50,
    "Sampling": 50,
    "ContainZ": false
  },
  {
    "Id": 400121002,
    "CirclePatrol": false,
    "PathSpline": "/Game/Aki/Data/PathLine/PathLine_Enemy/ZQTD/EnemyMovePath_ZQTD_2.EnemyMovePath_ZQTD_2",
    "IsNavigation": false,
    "StartIndex": 0,
    "LimitNpcDistance": 1000,
    "TurnSpeed": 180,
    "Loop": true,
    "EndDistance": 50,
    "Sampling": 50,
    "ContainZ": false
  },
  {
    "Id": 400121003,
    "CirclePatrol": false,
    "PathSpline": "/Game/Aki/Data/PathLine/PathLine_Enemy/ZQTD/EnemyMovePath_ZQTD_3.EnemyMovePath_ZQTD_3",
    "IsNavigation": false,
    "StartIndex": 0,
    "LimitNpcDistance": 1000,
    "TurnSpeed": 180,
    "Loop": true,
    "EndDistance": 50,
    "Sampling": 50,
    "ContainZ": true
  },
  {
    "Id": 400121004,
    "CirclePatrol": false,
    "PathSpline": "/Game/Aki/Data/PathLine/PathLine_Enemy/ZQTD/EnemyMovePath_ZQTD_4.EnemyMovePath_ZQTD_4",
    "IsNavigation": false,
    "StartIndex": 0,
    "LimitNpcDistance": 1000,
    "TurnSpeed": 180,
    "Loop": true,
    "EndDistance": 50,
    "Sampling": 50,
    "ContainZ": true
  },
  {
    "Id": 400121005,
    "CirclePatrol": false,
    "PathSpline": "/Game/Aki/Data/PathLine/PathLine_Enemy/ZQTD/EnemyMovePath_ZQTD_5.EnemyMovePath_ZQTD_5",
    "IsNavigation": false,
    "StartIndex": 0,
    "LimitNpcDistance": 1000,
    "TurnSpeed": 180,
    "Loop": true,
    "EndDistance": 50,
    "Sampling": 50,
    "ContainZ": true
  },
  {
    "Id": 400121006,
    "CirclePatrol": false,
    "PathSpline": "/Game/Aki/Data/PathLine/PathLine_Enemy/ZQTD/EnemyMovePath_ZQTD_6.EnemyMovePath_ZQTD_6",
    "IsNavigation": false,
    "StartIndex": 0,
    "LimitNpcDistance": 1000,
    "TurnSpeed": 180,
    "Loop": true,
    "EndDistance": 50,
    "Sampling": 50,
    "ContainZ": true
  },
  {
    "Id": 500181004,
    "CirclePatrol": false,
    "PathSpline": "/Game/Aki/Data/PathLine/PathLine_Enemy/HSGD/EnemyMovePath_HSGD_4.EnemyMovePath_HSGD_4",
    "IsNavigation": false,
    "StartIndex": 0,
    "LimitNpcDistance": 1000,
    "TurnSpeed": 180,
    "Loop": true,
    "EndDistance": 50,
    "Sampling": 50,
    "ContainZ": false
  },
  {
    "Id": 500181005,
    "CirclePatrol": false,
    "PathSpline": "/Game/Aki/Data/PathLine/PathLine_Enemy/HSGD/EnemyMovePath_HSGD_5.EnemyMovePath_HSGD_5",
    "IsNavigation": false,
    "StartIndex": 0,
    "LimitNpcDistance": 1000,
    "TurnSpeed": 180,
    "Loop": true,
    "EndDistance": 50,
    "Sampling": 50,
    "ContainZ": false
  },
  {
    "Id": 500181006,
    "CirclePatrol": false,
    "PathSpline": "/Game/Aki/Data/PathLine/PathLine_Enemy/HSGD/EnemyMovePath_HSGD_6.EnemyMovePath_HSGD_6",
    "IsNavigation": false,
    "StartIndex": 0,
    "LimitNpcDistance": 1000,
    "TurnSpeed": 180,
    "Loop": true,
    "EndDistance": 50,
    "Sampling": 50,
    "ContainZ": false
  },
  {
    "Id": 500181007,
    "CirclePatrol": false,
    "PathSpline": "/Game/Aki/Data/PathLine/PathLine_Enemy/HSGD/EnemyMovePath_HSGD_7.EnemyMovePath_HSGD_7",
    "IsNavigation": false,
    "StartIndex": 0,
    "LimitNpcDistance": 1000,
    "TurnSpeed": 180,
    "Loop": true,
    "EndDistance": 50,
    "Sampling": 50,
    "ContainZ": false
  },
  {
    "Id": 500181008,
    "CirclePatrol": false,
    "PathSpline": "/Game/Aki/Data/PathLine/PathLine_Enemy/HSGD/EnemyMovePath_HSGD_8.EnemyMovePath_HSGD_8",
    "IsNavigation": false,
    "StartIndex": 0,
    "LimitNpcDistance": 1000,
    "TurnSpeed": 180,
    "Loop": true,
    "EndDistance": 50,
    "Sampling": 50,
    "ContainZ": false
  },
  {
    "Id": 500181009,
    "CirclePatrol": false,
    "PathSpline": "/Game/Aki/Data/PathLine/PathLine_Enemy/HSGD/EnemyMovePath_HSGD_9.EnemyMovePath_HSGD_9",
    "IsNavigation": false,
    "StartIndex": 0,
    "LimitNpcDistance": 1000,
    "TurnSpeed": 180,
    "Loop": true,
    "EndDistance": 50,
    "Sampling": 50,
    "ContainZ": false
  },
  {
    "Id": 500181010,
    "CirclePatrol": false,
    "PathSpline": "/Game/Aki/Data/PathLine/PathLine_Enemy/HSGD/EnemyMovePath_HSGD_10.EnemyMovePath_HSGD_10",
    "IsNavigation": false,
    "StartIndex": 0,
    "LimitNpcDistance": 1000,
    "TurnSpeed": 180,
    "Loop": true,
    "EndDistance": 50,
    "Sampling": 50,
    "ContainZ": false
  },
  {
    "Id": 500181011,
    "CirclePatrol": false,
    "PathSpline": "/Game/Aki/Data/PathLine/PathLine_Enemy/HSGD/EnemyMovePath_HSGD_11.EnemyMovePath_HSGD_11",
    "IsNavigation": false,
    "StartIndex": 0,
    "LimitNpcDistance": 1000,
    "TurnSpeed": 180,
    "Loop": true,
    "EndDistance": 50,
    "Sampling": 50,
    "ContainZ": false
  },
  {
    "Id": 500001030,
    "CirclePatrol": true,
    "PathSpline": "/Game/Aki/Data/PathLine/PathLine_MingSuTi/PL_MingST_CBT2.PL_MingST_CBT2",
    "IsNavigation": false,
    "StartIndex": 0,
    "LimitNpcDistance": 1000,
    "TurnSpeed": 180,
    "Loop": true,
    "EndDistance": 50,
    "Sampling": 50,
    "ContainZ": true
  },
  {
    "Id": 400111001,
    "CirclePatrol": false,
    "PathSpline": "/Game/Aki/Data/PathLine/PathLine_Enemy/ZQTD/EnemyMovePath_ZQTD_WCQ_1.EnemyMovePath_ZQTD_WCQ_1",
    "IsNavigation": false,
    "StartIndex": 0,
    "LimitNpcDistance": 1000,
    "TurnSpeed": 180,
    "Loop": true,
    "EndDistance": 50,
    "Sampling": 50,
    "ContainZ": false
  },
  {
    "Id": 400111002,
    "CirclePatrol": false,
    "PathSpline": "/Game/Aki/Data/PathLine/PathLine_Enemy/ZQTD/EnemyMovePath_ZQTD_WCQ_2.EnemyMovePath_ZQTD_WCQ_2",
    "IsNavigation": false,
    "StartIndex": 0,
    "LimitNpcDistance": 1000,
    "TurnSpeed": 180,
    "Loop": true,
    "EndDistance": 50,
    "Sampling": 50,
    "ContainZ": false
  },
  {
    "Id": 400111003,
    "CirclePatrol": false,
    "PathSpline": "/Game/Aki/Data/PathLine/PathLine_Enemy/ZQTD/EnemyMovePath_ZQTD_WCQ_3.EnemyMovePath_ZQTD_WCQ_3",
    "IsNavigation": false,
    "StartIndex": 0,
    "LimitNpcDistance": 1000,
    "TurnSpeed": 180,
    "Loop": true,
    "EndDistance": 50,
    "Sampling": 50,
    "ContainZ": false
  },
  {
    "Id": 400111004,
    "CirclePatrol": false,
    "PathSpline": "/Game/Aki/Data/PathLine/PathLine_Enemy/ZQTD/EnemyMovePath_ZQTD_WCQ_4.EnemyMovePath_ZQTD_WCQ_4",
    "IsNavigation": false,
    "StartIndex": 0,
    "LimitNpcDistance": 1000,
    "TurnSpeed": 180,
    "Loop": true,
    "EndDistance": 50,
    "Sampling": 50,
    "ContainZ": false
  },
  {
    "Id": 400111005,
    "CirclePatrol": false,
    "PathSpline": "/Game/Aki/Data/PathLine/PathLine_Enemy/ZQTD/EnemyMovePath_ZQTD_WCQ_5.EnemyMovePath_ZQTD_WCQ_5",
    "IsNavigation": false,
    "StartIndex": 0,
    "LimitNpcDistance": 1000,
    "TurnSpeed": 180,
    "Loop": true,
    "EndDistance": 50,
    "Sampling": 50,
    "ContainZ": false
  },
  {
    "Id": 400111006,
    "CirclePatrol": false,
    "PathSpline": "/Game/Aki/Data/PathLine/PathLine_Enemy/ZQTD/EnemyMovePath_ZQTD_WCQ_6.EnemyMovePath_ZQTD_WCQ_6",
    "IsNavigation": false,
    "StartIndex": 0,
    "LimitNpcDistance": 1000,
    "TurnSpeed": 180,
    "Loop": true,
    "EndDistance": 50,
    "Sampling": 50,
    "ContainZ": false
  },
  {
    "Id": 400112001,
    "CirclePatrol": true,
    "PathSpline": "/Game/Aki/Data/PathLine/PathLine_NPC/MingSuTi/ZQTD/PathLine_Mingsuti_WCQ_001.PathLine_Mingsuti_WCQ_001",
    "IsNavigation": false,
    "StartIndex": 0,
    "LimitNpcDistance": 1000,
    "TurnSpeed": 180,
    "Loop": true,
    "EndDistance": 50,
    "Sampling": 30,
    "ContainZ": true
  },
  {
    "Id": 400112002,
    "CirclePatrol": true,
    "PathSpline": "/Game/Aki/Data/PathLine/PathLine_NPC/MingSuTi/ZQTD/PathLine_Mingsuti_WCQ_002.PathLine_Mingsuti_WCQ_002",
    "IsNavigation": false,
    "StartIndex": 0,
    "LimitNpcDistance": 1000,
    "TurnSpeed": 180,
    "Loop": true,
    "EndDistance": 50,
    "Sampling": 30,
    "ContainZ": true
  },
  {
    "Id": 400112003,
    "CirclePatrol": true,
    "PathSpline": "/Game/Aki/Data/PathLine/PathLine_NPC/MingSuTi/ZQTD/PathLine_Mingsuti_WCQ_003.PathLine_Mingsuti_WCQ_003",
    "IsNavigation": false,
    "StartIndex": 0,
    "LimitNpcDistance": 1000,
    "TurnSpeed": 180,
    "Loop": true,
    "EndDistance": 50,
    "Sampling": 30,
    "ContainZ": true
  },
  {
    "Id": 400112004,
    "CirclePatrol": true,
    "PathSpline": "/Game/Aki/Data/PathLine/PathLine_NPC/MingSuTi/ZQTD/PathLine_Mingsuti_WCQ_004.PathLine_Mingsuti_WCQ_004",
    "IsNavigation": false,
    "StartIndex": 0,
    "LimitNpcDistance": 1000,
    "TurnSpeed": 180,
    "Loop": true,
    "EndDistance": 50,
    "Sampling": 30,
    "ContainZ": true
  },
  {
    "Id": 70057,
    "CirclePatrol": true,
    "PathSpline": "/Game/Aki/Data/PathLine/PathLine_AnkeDungeon/AnkeGem/PathLine_AnkeGem_001.PathLine_AnkeGem_001",
    "IsNavigation": false,
    "StartIndex": 0,
    "LimitNpcDistance": 1000,
    "TurnSpeed": 180,
    "Loop": true,
    "EndDistance": 50,
    "Sampling": 50,
    "ContainZ": true
  },
  {
    "Id": 410000001,
    "CirclePatrol": true,
    "PathSpline": "/Game/Aki/Data/PathLine/PathLine_NPC/Demo/Patrol_NewCommonNpc.Patrol_NewCommonNpc",
    "IsNavigation": false,
    "StartIndex": 0,
    "LimitNpcDistance": 1000,
    "TurnSpeed": 180,
    "Loop": true,
    "EndDistance": 50,
    "Sampling": 0,
    "ContainZ": false
  },
  {
    "Id": 400150001,
    "CirclePatrol": true,
    "PathSpline": "",
    "IsNavigation": true,
    "StartIndex": 0,
    "LimitNpcDistance": 1000,
    "TurnSpeed": 180,
    "Loop": true,
    "EndDistance": 500,
    "Sampling": 50,
    "ContainZ": true
  }
]