[
  {
    "Id": 1,
    "LoseDelay": {
      "Min": 2000,
      "Max": 3000
    },
    "AiSenseIds": [
      1,
      170001
    ],
    "ShareDis": 0
  },
  {
    "Id": 21001,
    "LoseDelay": {
      "Min": 2000,
      "Max": 3000
    },
    "AiSenseIds": [
      21001
    ],
    "ShareDis": 0
  },
  {
    "Id": 21005,
    "LoseDelay": {
      "Min": 2000,
      "Max": 3000
    },
    "AiSenseIds": [
      21005
    ],
    "ShareDis": 0
  },
  {
    "Id": 21006,
    "LoseDelay": {
      "Min": 2000,
      "Max": 3000
    },
    "AiSenseIds": [
      21006
    ],
    "ShareDis": 0
  },
  {
    "Id": 21007,
    "LoseDelay": {
      "Min": 2000,
      "Max": 3000
    },
    "AiSenseIds": [
      21007
    ],
    "ShareDis": 0
  },
  {
    "Id": 70051,
    "LoseDelay": {
      "Min": 2000,
      "Max": 3000
    },
    "AiSenseIds": [
      70051,
      170001
    ],
    "ShareDis": 0
  },
  {
    "Id": 70053,
    "LoseDelay": {
      "Min": 2000,
      "Max": 3000
    },
    "AiSenseIds": [
      70053,
      170001
    ],
    "ShareDis": 0
  },
  {
    "Id": 70092,
    "LoseDelay": {
      "Min": 2000,
      "Max": 3000
    },
    "AiSenseIds": [
      70092,
      170001
    ],
    "ShareDis": 0
  },
  {
    "Id": 77026,
    "LoseDelay": {
      "Min": 2000,
      "Max": 3000
    },
    "AiSenseIds": [
      77026,
      170001
    ],
    "ShareDis": 0
  },
  {
    "Id": 70054,
    "LoseDelay": {
      "Min": 2000,
      "Max": 3000
    },
    "AiSenseIds": [
      70054
    ],
    "ShareDis": 0
  },
  {
    "Id": 70056,
    "LoseDelay": {
      "Min": 2000,
      "Max": 3000
    },
    "AiSenseIds": [
      70056
    ],
    "ShareDis": 0
  },
  {
    "Id": 70065,
    "LoseDelay": {
      "Min": 2000,
      "Max": 3000
    },
    "AiSenseIds": [
      70065,
      170001
    ],
    "ShareDis": 0
  },
  {
    "Id": 70068,
    "LoseDelay": {
      "Min": 2000,
      "Max": 3000
    },
    "AiSenseIds": [
      70068,
      170001
    ],
    "ShareDis": 0
  },
  {
    "Id": 70074,
    "LoseDelay": {
      "Min": 2000,
      "Max": 3000
    },
    "AiSenseIds": [
      70074,
      170001
    ],
    "ShareDis": 0
  },
  {
    "Id": 70075,
    "LoseDelay": {
      "Min": 2000,
      "Max": 3000
    },
    "AiSenseIds": [
      70075,
      170001
    ],
    "ShareDis": 0
  },
  {
    "Id": 70093,
    "LoseDelay": {
      "Min": 2000,
      "Max": 3000
    },
    "AiSenseIds": [
      70093,
      170001
    ],
    "ShareDis": 0
  },
  {
    "Id": 70100,
    "LoseDelay": {
      "Min": 2000,
      "Max": 3000
    },
    "AiSenseIds": [
      70100,
      170001
    ],
    "ShareDis": 0
  },
  {
    "Id": 70105,
    "LoseDelay": {
      "Min": 2000,
      "Max": 3000
    },
    "AiSenseIds": [
      70105,
      170001
    ],
    "ShareDis": 0
  },
  {
    "Id": 77021,
    "LoseDelay": {
      "Min": 2000,
      "Max": 3000
    },
    "AiSenseIds": [
      77021,
      170001
    ],
    "ShareDis": 0
  },
  {
    "Id": 77022,
    "LoseDelay": {
      "Min": 2000,
      "Max": 3000
    },
    "AiSenseIds": [
      77022,
      170001
    ],
    "ShareDis": 0
  },
  {
    "Id": 77027,
    "LoseDelay": {
      "Min": 2000,
      "Max": 3000
    },
    "AiSenseIds": [
      77027,
      170001
    ],
    "ShareDis": 0
  },
  {
    "Id": 77028,
    "LoseDelay": {
      "Min": 2000,
      "Max": 3000
    },
    "AiSenseIds": [
      77028,
      170001
    ],
    "ShareDis": 0
  },
  {
    "Id": 77029,
    "LoseDelay": {
      "Min": 2000,
      "Max": 3000
    },
    "AiSenseIds": [
      77029,
      170001
    ],
    "ShareDis": 0
  },
  {
    "Id": 77033,
    "LoseDelay": {
      "Min": 2000,
      "Max": 3000
    },
    "AiSenseIds": [
      77033,
      170001
    ],
    "ShareDis": 0
  },
  {
    "Id": 77036,
    "LoseDelay": {
      "Min": 2000,
      "Max": 3000
    },
    "AiSenseIds": [
      77036,
      170001
    ],
    "ShareDis": 0
  },
  {
    "Id": 77038,
    "LoseDelay": {
      "Min": 2000,
      "Max": 3000
    },
    "AiSenseIds": [
      77038,
      170001
    ],
    "ShareDis": 0
  },
  {
    "Id": 75001,
    "LoseDelay": {
      "Min": 1000,
      "Max": 2000
    },
    "AiSenseIds": [
      75005,
      2,
      75008
    ],
    "ShareDis": 0
  },
  {
    "Id": 80002,
    "LoseDelay": {
      "Min": 0,
      "Max": 0
    },
    "AiSenseIds": [
      80002,
      170001
    ],
    "ShareDis": 0
  },
  {
    "Id": 80003,
    "LoseDelay": {
      "Min": 0,
      "Max": 0
    },
    "AiSenseIds": [
      80003,
      170001
    ],
    "ShareDis": 0
  },
  {
    "Id": 80004,
    "LoseDelay": {
      "Min": 0,
      "Max": 0
    },
    "AiSenseIds": [
      80004,
      170001
    ],
    "ShareDis": 0
  },
  {
    "Id": 80005,
    "LoseDelay": {
      "Min": 0,
      "Max": 0
    },
    "AiSenseIds": [
      800051,
      80005
    ],
    "ShareDis": 0
  },
  {
    "Id": 80006,
    "LoseDelay": {
      "Min": 0,
      "Max": 0
    },
    "AiSenseIds": [
      80006
    ],
    "ShareDis": 0
  },
  {
    "Id": 80007,
    "LoseDelay": {
      "Min": 0,
      "Max": 0
    },
    "AiSenseIds": [
      80007
    ],
    "ShareDis": 0
  },
  {
    "Id": 80008,
    "LoseDelay": {
      "Min": 0,
      "Max": 0
    },
    "AiSenseIds": [
      80008
    ],
    "ShareDis": 0
  },
  {
    "Id": 80009,
    "LoseDelay": {
      "Min": 0,
      "Max": 0
    },
    "AiSenseIds": [
      80009
    ],
    "ShareDis": 0
  },
  {
    "Id": 80010,
    "LoseDelay": {
      "Min": 0,
      "Max": 0
    },
    "AiSenseIds": [
      80010
    ],
    "ShareDis": 0
  },
  {
    "Id": 80011,
    "LoseDelay": {
      "Min": 0,
      "Max": 0
    },
    "AiSenseIds": [
      80011
    ],
    "ShareDis": 0
  },
  {
    "Id": 80015,
    "LoseDelay": {
      "Min": 0,
      "Max": 0
    },
    "AiSenseIds": [
      80015
    ],
    "ShareDis": 0
  },
  {
    "Id": 80016,
    "LoseDelay": {
      "Min": 0,
      "Max": 0
    },
    "AiSenseIds": [
      80016
    ],
    "ShareDis": 0
  },
  {
    "Id": 90001,
    "LoseDelay": {
      "Min": 0,
      "Max": 0
    },
    "AiSenseIds": [
      90001
    ],
    "ShareDis": 0
  },
  {
    "Id": 90004,
    "LoseDelay": {
      "Min": 0,
      "Max": 0
    },
    "AiSenseIds": [
      90004
    ],
    "ShareDis": 0
  },
  {
    "Id": 70072,
    "LoseDelay": {
      "Min": 2000,
      "Max": 3000
    },
    "AiSenseIds": [
      70072,
      170001,
      700721
    ],
    "ShareDis": 0
  },
  {
    "Id": 77041,
    "LoseDelay": {
      "Min": 2000,
      "Max": 3000
    },
    "AiSenseIds": [
      77041
    ],
    "ShareDis": 0
  },
  {
    "Id": 77045,
    "LoseDelay": {
      "Min": 2000,
      "Max": 3000
    },
    "AiSenseIds": [
      770450,
      770451
    ],
    "ShareDis": 0
  },
  {
    "Id": 77012,
    "LoseDelay": {
      "Min": 2000,
      "Max": 3000
    },
    "AiSenseIds": [
      1,
      75006,
      170001
    ],
    "ShareDis": 0
  },
  {
    "Id": 80012,
    "LoseDelay": {
      "Min": 0,
      "Max": 0
    },
    "AiSenseIds": [
      80012
    ],
    "ShareDis": 0
  },
  {
    "Id": 80014,
    "LoseDelay": {
      "Min": 0,
      "Max": 0
    },
    "AiSenseIds": [
      80014
    ],
    "ShareDis": 0
  },
  {
    "Id": 70078,
    "LoseDelay": {
      "Min": 2000,
      "Max": 3000
    },
    "AiSenseIds": [
      70078,
      170001
    ],
    "ShareDis": 0
  },
  {
    "Id": 70106,
    "LoseDelay": {
      "Min": 2000,
      "Max": 3000
    },
    "AiSenseIds": [
      80011
    ],
    "ShareDis": 0
  },
  {
    "Id": 80013,
    "LoseDelay": {
      "Min": 0,
      "Max": 0
    },
    "AiSenseIds": [
      80013
    ],
    "ShareDis": 0
  },
  {
    "Id": 70111,
    "LoseDelay": {
      "Min": 2000,
      "Max": 3000
    },
    "AiSenseIds": [
      70111,
      170001
    ],
    "ShareDis": 0
  },
  {
    "Id": 80017,
    "LoseDelay": {
      "Min": 0,
      "Max": 0
    },
    "AiSenseIds": [
      80017
    ],
    "ShareDis": 0
  },
  {
    "Id": 800051,
    "LoseDelay": {
      "Min": 0,
      "Max": 0
    },
    "AiSenseIds": [
      800052
    ],
    "ShareDis": 0
  },
  {
    "Id": 77042,
    "LoseDelay": {
      "Min": 2000,
      "Max": 3000
    },
    "AiSenseIds": [
      77042
    ],
    "ShareDis": 0
  },
  {
    "Id": 178001,
    "LoseDelay": {
      "Min": 0,
      "Max": 0
    },
    "AiSenseIds": [
      178001
    ],
    "ShareDis": 0
  },
  {
    "Id": 77047,
    "LoseDelay": {
      "Min": 2000,
      "Max": 3000
    },
    "AiSenseIds": [
      77047,
      170001
    ],
    "ShareDis": 0
  },
  {
    "Id": 800041,
    "LoseDelay": {
      "Min": 0,
      "Max": 0
    },
    "AiSenseIds": [
      800041,
      170001
    ],
    "ShareDis": 0
  },
  {
    "Id": 70116,
    "LoseDelay": {
      "Min": 2000,
      "Max": 3000
    },
    "AiSenseIds": [
      70116
    ],
    "ShareDis": 0
  },
  {
    "Id": 77048,
    "LoseDelay": {
      "Min": 2000,
      "Max": 3000
    },
    "AiSenseIds": [
      77048,
      170001
    ],
    "ShareDis": 0
  },
  {
    "Id": 800131,
    "LoseDelay": {
      "Min": 0,
      "Max": 0
    },
    "AiSenseIds": [
      800131
    ],
    "ShareDis": 0
  },
  {
    "Id": 77024,
    "LoseDelay": {
      "Min": 2000,
      "Max": 3000
    },
    "AiSenseIds": [
      77024,
      170001
    ],
    "ShareDis": 0
  },
  {
    "Id": 70119,
    "LoseDelay": {
      "Min": 2000,
      "Max": 3000
    },
    "AiSenseIds": [
      70119
    ],
    "ShareDis": 0
  },
  {
    "Id": 70107,
    "LoseDelay": {
      "Min": 2000,
      "Max": 3000
    },
    "AiSenseIds": [
      70107
    ],
    "ShareDis": 0
  },
  {
    "Id": 800091,
    "LoseDelay": {
      "Min": 0,
      "Max": 0
    },
    "AiSenseIds": [
      800091
    ],
    "ShareDis": 0
  },
  {
    "Id": 70120,
    "LoseDelay": {
      "Min": 5000,
      "Max": 9000
    },
    "AiSenseIds": [
      70120
    ],
    "ShareDis": 0
  },
  {
    "Id": 700531,
    "LoseDelay": {
      "Min": 2000,
      "Max": 3000
    },
    "AiSenseIds": [
      700531,
      170001
    ],
    "ShareDis": 0
  },
  {
    "Id": 77049,
    "LoseDelay": {
      "Min": 2000,
      "Max": 3000
    },
    "AiSenseIds": [
      77049
    ],
    "ShareDis": 0
  },
  {
    "Id": 800021,
    "LoseDelay": {
      "Min": 0,
      "Max": 0
    },
    "AiSenseIds": [
      800021,
      170001
    ],
    "ShareDis": 0
  },
  {
    "Id": 800031,
    "LoseDelay": {
      "Min": 0,
      "Max": 0
    },
    "AiSenseIds": [
      800031,
      170001
    ],
    "ShareDis": 0
  },
  {
    "Id": 800052,
    "LoseDelay": {
      "Min": 0,
      "Max": 0
    },
    "AiSenseIds": [
      800053
    ],
    "ShareDis": 0
  },
  {
    "Id": 800092,
    "LoseDelay": {
      "Min": 0,
      "Max": 0
    },
    "AiSenseIds": [
      800092
    ],
    "ShareDis": 0
  },
  {
    "Id": 800111,
    "LoseDelay": {
      "Min": 0,
      "Max": 0
    },
    "AiSenseIds": [
      800111
    ],
    "ShareDis": 0
  },
  {
    "Id": 800121,
    "LoseDelay": {
      "Min": 0,
      "Max": 0
    },
    "AiSenseIds": [
      800121
    ],
    "ShareDis": 0
  },
  {
    "Id": 800101,
    "LoseDelay": {
      "Min": 0,
      "Max": 0
    },
    "AiSenseIds": [
      800101
    ],
    "ShareDis": 0
  },
  {
    "Id": 77032,
    "LoseDelay": {
      "Min": 2000,
      "Max": 3000
    },
    "AiSenseIds": [
      77032,
      170001
    ],
    "ShareDis": 0
  },
  {
    "Id": 770292,
    "LoseDelay": {
      "Min": 2000,
      "Max": 3000
    },
    "AiSenseIds": [
      770292
    ],
    "ShareDis": 0
  },
  {
    "Id": 70109,
    "LoseDelay": {
      "Min": 2000,
      "Max": 3000
    },
    "AiSenseIds": [
      70109
    ],
    "ShareDis": 0
  },
  {
    "Id": 70133,
    "LoseDelay": {
      "Min": 2000,
      "Max": 3000
    },
    "AiSenseIds": [
      70133
    ],
    "ShareDis": 0
  },
  {
    "Id": 70134,
    "LoseDelay": {
      "Min": 2000,
      "Max": 3000
    },
    "AiSenseIds": [
      70134
    ],
    "ShareDis": 0
  },
  {
    "Id": 80020,
    "LoseDelay": {
      "Min": 0,
      "Max": 0
    },
    "AiSenseIds": [
      80020
    ],
    "ShareDis": 0
  },
  {
    "Id": 200054,
    "LoseDelay": {
      "Min": 0,
      "Max": 0
    },
    "AiSenseIds": [
      200054
    ],
    "ShareDis": 0
  },
  {
    "Id": 800201,
    "LoseDelay": {
      "Min": 0,
      "Max": 0
    },
    "AiSenseIds": [
      800201
    ],
    "ShareDis": 0
  }
]