[
  {
    "Id": 1,
    "MaxCharacter": 2,
    "ReactionTime": {
      "Min": 1500,
      "Max": 2500
    },
    "CharTypes": [
      1,
      3,
      4,
      6
    ],
    "AreaAngle": 70,
    "AreaDistance": {
      "Min": 100,
      "Max": 500
    },
    "AttackWeightId": 1
  },
  {
    "Id": 2,
    "MaxCharacter": 4,
    "ReactionTime": {
      "Min": 0,
      "Max": 1500
    },
    "CharTypes": [
      4,
      6,
      3,
      1
    ],
    "AreaAngle": 65,
    "AreaDistance": {
      "Min": 500,
      "Max": 1000
    },
    "AttackWeightId": 2
  },
  {
    "Id": 3,
    "MaxCharacter": 99,
    "ReactionTime": {
      "Min": 0,
      "Max": 2000
    },
    "CharTypes": [
      2,
      5
    ],
    "AreaAngle": 75,
    "AreaDistance": {
      "Min": 1000,
      "Max": 2000
    },
    "AttackWeightId": 3
  },
  {
    "Id": 4,
    "MaxCharacter": 5,
    "ReactionTime": {
      "Min": 1500,
      "Max": 2500
    },
    "CharTypes": [
      1,
      3,
      4,
      6
    ],
    "AreaAngle": 60,
    "AreaDistance": {
      "Min": 100,
      "Max": 500
    },
    "AttackWeightId": 1
  },
  {
    "Id": 5,
    "MaxCharacter": 5,
    "ReactionTime": {
      "Min": 0,
      "Max": 1500
    },
    "CharTypes": [
      4,
      6,
      3,
      1
    ],
    "AreaAngle": 60,
    "AreaDistance": {
      "Min": 500,
      "Max": 800
    },
    "AttackWeightId": 2
  },
  {
    "Id": 6,
    "MaxCharacter": 99,
    "ReactionTime": {
      "Min": 0,
      "Max": 2000
    },
    "CharTypes": [
      2,
      5
    ],
    "AreaAngle": 50,
    "AreaDistance": {
      "Min": 800,
      "Max": 1300
    },
    "AttackWeightId": 3
  }
]