[
  {
    "Id": 1,
    "TurnSpeed": 360,
    "WanderMoveState": 2,
    "ResetMoveState": 2,
    "MoveStateGA": 0,
    "CompleteDistance": 30,
    "ShowEffectDaPath": "",
    "HideEffectDaPath": "",
    "ShowMaterialDaPath": "",
    "HideMaterialDaPath": ""
  },
  {
    "Id": 2,
    "TurnSpeed": 360,
    "WanderMoveState": 1,
    "ResetMoveState": 2,
    "MoveStateGA": 0,
    "CompleteDistance": 30,
    "ShowEffectDaPath": "",
    "HideEffectDaPath": "",
    "ShowMaterialDaPath": "/Game/Aki/Effect/MaterialController/DA_Lord/DA_Fx_JingNiao_Born.DA_Fx_JingNiao_Born",
    "HideMaterialDaPath": "/Game/Aki/Effect/MaterialController/DA_Character/DA_Fx_Ordinary_Human_Death.DA_Fx_Ordinary_Human_Death"
  },
  {
    "Id": 3,
    "TurnSpeed": 360,
    "WanderMoveState": 1,
    "ResetMoveState": 3,
    "MoveStateGA": 0,
    "CompleteDistance": 30,
    "ShowEffectDaPath": "/Game/Aki/Effect/EffectGroup/Common/DA_Fx_Group_Monster_Nengliangti.DA_Fx_Group_Monster_Nengliangti",
    "HideEffectDaPath": "/Game/Aki/Effect/EffectGroup/Common/DA_Fx_Group_Monster_Nengliangti1.DA_Fx_Group_Monster_Nengliangti1",
    "ShowMaterialDaPath": "/Game/Aki/Effect/MaterialController/Common/DA_Fx_MonsterMask.DA_Fx_MonsterMask",
    "HideMaterialDaPath": "/Game/Aki/Effect/MaterialController/Common/DA_Fx_Monster_Hide.DA_Fx_Monster_Hide"
  },
  {
    "Id": 4,
    "TurnSpeed": 360,
    "WanderMoveState": 1,
    "ResetMoveState": 3,
    "MoveStateGA": 0,
    "CompleteDistance": 30,
    "ShowEffectDaPath": "/Game/Aki/Effect/EffectGroup/Common/DA_Fx_Group_Monster_Nengliangti.DA_Fx_Group_Monster_Nengliangti",
    "HideEffectDaPath": "/Game/Aki/Effect/EffectGroup/Common/DA_Fx_Group_Monster_Nengliangti1.DA_Fx_Group_Monster_Nengliangti1",
    "ShowMaterialDaPath": "/Game/Aki/Effect/MaterialController/DA_Lord/DA_Fx_JingNiao_Born.DA_Fx_JingNiao_Born",
    "HideMaterialDaPath": "/Game/Aki/Effect/MaterialController/DA_Character/DA_Fx_Ordinary_Death.DA_Fx_Ordinary_Death"
  },
  {
    "Id": 5,
    "TurnSpeed": 540,
    "WanderMoveState": 1,
    "ResetMoveState": 2,
    "MoveStateGA": 0,
    "CompleteDistance": 300,
    "ShowEffectDaPath": "",
    "HideEffectDaPath": "",
    "ShowMaterialDaPath": "/Game/Aki/Effect/MaterialController/DA_Lord/DA_Fx_JingNiao_Born.DA_Fx_JingNiao_Born",
    "HideMaterialDaPath": "/Game/Aki/Effect/MaterialController/DA_Character/DA_Fx_Ordinary_Death.DA_Fx_Ordinary_Death"
  },
  {
    "Id": 80002,
    "TurnSpeed": 300,
    "WanderMoveState": 2,
    "ResetMoveState": 3,
    "MoveStateGA": 0,
    "CompleteDistance": 30,
    "ShowEffectDaPath": "/Game/Aki/Effect/EffectGroup/ML1LinrenMd00301/DA_Fx_Group_Shunyi01.DA_Fx_Group_Shunyi01",
    "HideEffectDaPath": "/Game/Aki/Effect/EffectGroup/ML1LinrenMd00301/DA_Fx_Group_Shunyi01.DA_Fx_Group_Shunyi01",
    "ShowMaterialDaPath": "/Game/Aki/Effect/MaterialController/DA_Lord/DA_Fx_Lord_Linren_Shanxian_40001.DA_Fx_Lord_Linren_Shanxian_40001",
    "HideMaterialDaPath": "/Game/Aki/Effect/MaterialController/DA_Lord/DA_Fx_Lord_Linren_Shanxian_40001.DA_Fx_Lord_Linren_Shanxian_40001"
  },
  {
    "Id": 80003,
    "TurnSpeed": 300,
    "WanderMoveState": 2,
    "ResetMoveState": 3,
    "MoveStateGA": 0,
    "CompleteDistance": 30,
    "ShowEffectDaPath": "/Game/Aki/Effect/EffectGroup/ML1LinrenMd00301/DA_Fx_Group_Shunyi01.DA_Fx_Group_Shunyi01",
    "HideEffectDaPath": "/Game/Aki/Effect/EffectGroup/ML1LinrenMd00301/DA_Fx_Group_Shunyi01.DA_Fx_Group_Shunyi01",
    "ShowMaterialDaPath": "/Game/Aki/Effect/MaterialController/DA_Lord/DA_Fx_Lord_Linren_Shanxian_40004.DA_Fx_Lord_Linren_Shanxian_40004",
    "HideMaterialDaPath": "/Game/Aki/Effect/MaterialController/DA_Lord/DA_Fx_Lord_Linren_Shanxian_40004.DA_Fx_Lord_Linren_Shanxian_40004"
  },
  {
    "Id": 100001,
    "TurnSpeed": 180,
    "WanderMoveState": 2,
    "ResetMoveState": 2,
    "MoveStateGA": 0,
    "CompleteDistance": 10,
    "ShowEffectDaPath": "",
    "HideEffectDaPath": "",
    "ShowMaterialDaPath": "",
    "HideMaterialDaPath": ""
  },
  {
    "Id": 90001,
    "TurnSpeed": 5,
    "WanderMoveState": 2,
    "ResetMoveState": 2,
    "MoveStateGA": 0,
    "CompleteDistance": 10,
    "ShowEffectDaPath": "",
    "HideEffectDaPath": "",
    "ShowMaterialDaPath": "",
    "HideMaterialDaPath": ""
  },
  {
    "Id": 21017,
    "TurnSpeed": 80,
    "WanderMoveState": 2,
    "ResetMoveState": 2,
    "MoveStateGA": 0,
    "CompleteDistance": 10,
    "ShowEffectDaPath": "",
    "HideEffectDaPath": "",
    "ShowMaterialDaPath": "",
    "HideMaterialDaPath": ""
  },
  {
    "Id": 21018,
    "TurnSpeed": 80,
    "WanderMoveState": 2,
    "ResetMoveState": 2,
    "MoveStateGA": 0,
    "CompleteDistance": 10,
    "ShowEffectDaPath": "",
    "HideEffectDaPath": "",
    "ShowMaterialDaPath": "",
    "HideMaterialDaPath": ""
  },
  {
    "Id": 21015,
    "TurnSpeed": 120,
    "WanderMoveState": 2,
    "ResetMoveState": 2,
    "MoveStateGA": 0,
    "CompleteDistance": 10,
    "ShowEffectDaPath": "",
    "HideEffectDaPath": "",
    "ShowMaterialDaPath": "",
    "HideMaterialDaPath": ""
  },
  {
    "Id": 6,
    "TurnSpeed": 360,
    "WanderMoveState": 1,
    "ResetMoveState": 1,
    "MoveStateGA": 0,
    "CompleteDistance": 30,
    "ShowEffectDaPath": "",
    "HideEffectDaPath": "",
    "ShowMaterialDaPath": "/Game/Aki/Effect/MaterialController/DA_Lord/DA_Fx_JingNiao_Born.DA_Fx_JingNiao_Born",
    "HideMaterialDaPath": "/Game/Aki/Effect/MaterialController/DA_Character/DA_Fx_Ordinary_Death.DA_Fx_Ordinary_Death"
  },
  {
    "Id": 80004,
    "TurnSpeed": 480,
    "WanderMoveState": 2,
    "ResetMoveState": 2,
    "MoveStateGA": 0,
    "CompleteDistance": 10,
    "ShowEffectDaPath": "",
    "HideEffectDaPath": "",
    "ShowMaterialDaPath": "",
    "HideMaterialDaPath": ""
  },
  {
    "Id": 80008,
    "TurnSpeed": 480,
    "WanderMoveState": 2,
    "ResetMoveState": 2,
    "MoveStateGA": 0,
    "CompleteDistance": 10,
    "ShowEffectDaPath": "",
    "HideEffectDaPath": "",
    "ShowMaterialDaPath": "",
    "HideMaterialDaPath": ""
  },
  {
    "Id": 80005,
    "TurnSpeed": 300,
    "WanderMoveState": 2,
    "ResetMoveState": 3,
    "MoveStateGA": 0,
    "CompleteDistance": 10,
    "ShowEffectDaPath": "",
    "HideEffectDaPath": "",
    "ShowMaterialDaPath": "",
    "HideMaterialDaPath": ""
  }
]