[
  {
    "Key": "COM_StopAI"
  },
  {
    "Key": "COM_StopFightAI"
  },
  {
    "Key": "HateTarget"
  },
  {
    "Key": "Target"
  },
  {
    "Key": "SkillTarget"
  },
  {
    "Key": "InitLocation"
  },
  {
    "Key": "进入过战斗"
  },
  {
    "Key": "战斗游荡类型"
  },
  {
    "Key": "Ifcanfly1"
  },
  {
    "Key": "Ifcanfly2"
  },
  {
    "Key": "Ifcanfly3"
  },
  {
    "Key": "Ifcanfly4"
  },
  {
    "Key": "FindWeapon"
  },
  {
    "Key": "HaveWeapon"
  },
  {
    "Key": "ItemId"
  },
  {
    "Key": "ItemDistance"
  },
  {
    "Key": "ItemLocation"
  },
  {
    "Key": "attacker"
  },
  {
    "Key": "柱子脱皮次数"
  },
  {
    "Key": "连线数量"
  },
  {
    "Key": "已经出生"
  },
  {
    "Key": "摩托战斗范围"
  },
  {
    "Key": "HPP_Round"
  },
  {
    "Key": "后跳"
  },
  {
    "Key": "WingAttacked2"
  },
  {
    "Key": "WingAttacked"
  },
  {
    "Key": "IfAttacked?"
  },
  {
    "Key": "BackAttack"
  },
  {
    "Key": "随机主动出招"
  },
  {
    "Key": "瘫痪时长"
  },
  {
    "Key": "猩猩出生"
  },
  {
    "Key": "猩猩攻击"
  },
  {
    "Key": "猩猩技能"
  },
  {
    "Key": "猩猩攀爬点"
  },
  {
    "Key": "gyyali3"
  },
  {
    "Key": "gyjinzhancs"
  },
  {
    "Key": "gyjiguangcs"
  },
  {
    "Key": "gyzhuaqucs"
  },
  {
    "Key": "gyxiubegin"
  },
  {
    "Key": "gyxiucs"
  },
  {
    "Key": "gyhoutiaocs"
  },
  {
    "Key": "gyjiguangbg"
  },
  {
    "Key": "gygongmingbegin"
  },
  {
    "Key": "gyruozhecs"
  },
  {
    "Key": "gyzhuziID"
  },
  {
    "Key": "猩猩阶段"
  },
  {
    "Key": "猩猩攀爬状态"
  },
  {
    "Key": "猩猩攀爬技能"
  },
  {
    "Key": "猩猩瘫痪"
  },
  {
    "Key": "猩猩二节奏"
  },
  {
    "Key": "鳞人出生"
  },
  {
    "Key": "鳞人瘫痪"
  },
  {
    "Key": "鳞人大循环"
  },
  {
    "Key": "鳞人小循环"
  },
  {
    "Key": "骑士出生"
  },
  {
    "Key": "骑士阶段"
  },
  {
    "Key": "骑士瘫痪"
  },
  {
    "Key": "骑士五连"
  },
  {
    "Key": "骑士瘫痪状态"
  },
  {
    "Key": "摩托战斗次数"
  },
  {
    "Key": "瘫痪"
  },
  {
    "Key": "鳞人是否低血"
  }
]