[
  {
    "Level": 1,
    "Abnormal1001": 100,
    "Abnormal1002": 100,
    "Abnormal1003": 100,
    "Abnormal1004": 100,
    "Abnormal1005": 100,
    "Abnormal1006": 100
  },
  {
    "Level": 2,
    "Abnormal1001": 106,
    "Abnormal1002": 106,
    "Abnormal1003": 106,
    "Abnormal1004": 106,
    "Abnormal1005": 106,
    "Abnormal1006": 106
  },
  {
    "Level": 3,
    "Abnormal1001": 111,
    "Abnormal1002": 111,
    "Abnormal1003": 111,
    "Abnormal1004": 111,
    "Abnormal1005": 111,
    "Abnormal1006": 111
  },
  {
    "Level": 4,
    "Abnormal1001": 116,
    "Abnormal1002": 116,
    "Abnormal1003": 116,
    "Abnormal1004": 116,
    "Abnormal1005": 116,
    "Abnormal1006": 116
  },
  {
    "Level": 5,
    "Abnormal1001": 122,
    "Abnormal1002": 122,
    "Abnormal1003": 122,
    "Abnormal1004": 122,
    "Abnormal1005": 122,
    "Abnormal1006": 122
  },
  {
    "Level": 6,
    "Abnormal1001": 127,
    "Abnormal1002": 127,
    "Abnormal1003": 127,
    "Abnormal1004": 127,
    "Abnormal1005": 127,
    "Abnormal1006": 127
  },
  {
    "Level": 7,
    "Abnormal1001": 133,
    "Abnormal1002": 133,
    "Abnormal1003": 133,
    "Abnormal1004": 133,
    "Abnormal1005": 133,
    "Abnormal1006": 133
  },
  {
    "Level": 8,
    "Abnormal1001": 138,
    "Abnormal1002": 138,
    "Abnormal1003": 138,
    "Abnormal1004": 138,
    "Abnormal1005": 138,
    "Abnormal1006": 138
  },
  {
    "Level": 9,
    "Abnormal1001": 143,
    "Abnormal1002": 143,
    "Abnormal1003": 143,
    "Abnormal1004": 143,
    "Abnormal1005": 143,
    "Abnormal1006": 143
  },
  {
    "Level": 10,
    "Abnormal1001": 149,
    "Abnormal1002": 149,
    "Abnormal1003": 149,
    "Abnormal1004": 149,
    "Abnormal1005": 149,
    "Abnormal1006": 149
  },
  {
    "Level": 11,
    "Abnormal1001": 156,
    "Abnormal1002": 156,
    "Abnormal1003": 156,
    "Abnormal1004": 156,
    "Abnormal1005": 156,
    "Abnormal1006": 156
  },
  {
    "Level": 12,
    "Abnormal1001": 163,
    "Abnormal1002": 163,
    "Abnormal1003": 163,
    "Abnormal1004": 163,
    "Abnormal1005": 163,
    "Abnormal1006": 163
  },
  {
    "Level": 13,
    "Abnormal1001": 170,
    "Abnormal1002": 170,
    "Abnormal1003": 170,
    "Abnormal1004": 170,
    "Abnormal1005": 170,
    "Abnormal1006": 170
  },
  {
    "Level": 14,
    "Abnormal1001": 177,
    "Abnormal1002": 177,
    "Abnormal1003": 177,
    "Abnormal1004": 177,
    "Abnormal1005": 177,
    "Abnormal1006": 177
  },
  {
    "Level": 15,
    "Abnormal1001": 184,
    "Abnormal1002": 184,
    "Abnormal1003": 184,
    "Abnormal1004": 184,
    "Abnormal1005": 184,
    "Abnormal1006": 184
  },
  {
    "Level": 16,
    "Abnormal1001": 191,
    "Abnormal1002": 191,
    "Abnormal1003": 191,
    "Abnormal1004": 191,
    "Abnormal1005": 191,
    "Abnormal1006": 191
  },
  {
    "Level": 17,
    "Abnormal1001": 198,
    "Abnormal1002": 198,
    "Abnormal1003": 198,
    "Abnormal1004": 198,
    "Abnormal1005": 198,
    "Abnormal1006": 198
  },
  {
    "Level": 18,
    "Abnormal1001": 205,
    "Abnormal1002": 205,
    "Abnormal1003": 205,
    "Abnormal1004": 205,
    "Abnormal1005": 205,
    "Abnormal1006": 205
  },
  {
    "Level": 19,
    "Abnormal1001": 213,
    "Abnormal1002": 213,
    "Abnormal1003": 213,
    "Abnormal1004": 213,
    "Abnormal1005": 213,
    "Abnormal1006": 213
  },
  {
    "Level": 20,
    "Abnormal1001": 220,
    "Abnormal1002": 220,
    "Abnormal1003": 220,
    "Abnormal1004": 220,
    "Abnormal1005": 220,
    "Abnormal1006": 220
  },
  {
    "Level": 21,
    "Abnormal1001": 254,
    "Abnormal1002": 254,
    "Abnormal1003": 254,
    "Abnormal1004": 254,
    "Abnormal1005": 254,
    "Abnormal1006": 254
  },
  {
    "Level": 22,
    "Abnormal1001": 288,
    "Abnormal1002": 288,
    "Abnormal1003": 288,
    "Abnormal1004": 288,
    "Abnormal1005": 288,
    "Abnormal1006": 288
  },
  {
    "Level": 23,
    "Abnormal1001": 323,
    "Abnormal1002": 323,
    "Abnormal1003": 323,
    "Abnormal1004": 323,
    "Abnormal1005": 323,
    "Abnormal1006": 323
  },
  {
    "Level": 24,
    "Abnormal1001": 357,
    "Abnormal1002": 357,
    "Abnormal1003": 357,
    "Abnormal1004": 357,
    "Abnormal1005": 357,
    "Abnormal1006": 357
  },
  {
    "Level": 25,
    "Abnormal1001": 391,
    "Abnormal1002": 391,
    "Abnormal1003": 391,
    "Abnormal1004": 391,
    "Abnormal1005": 391,
    "Abnormal1006": 391
  },
  {
    "Level": 26,
    "Abnormal1001": 425,
    "Abnormal1002": 425,
    "Abnormal1003": 425,
    "Abnormal1004": 425,
    "Abnormal1005": 425,
    "Abnormal1006": 425
  },
  {
    "Level": 27,
    "Abnormal1001": 460,
    "Abnormal1002": 460,
    "Abnormal1003": 460,
    "Abnormal1004": 460,
    "Abnormal1005": 460,
    "Abnormal1006": 460
  },
  {
    "Level": 28,
    "Abnormal1001": 494,
    "Abnormal1002": 494,
    "Abnormal1003": 494,
    "Abnormal1004": 494,
    "Abnormal1005": 494,
    "Abnormal1006": 494
  },
  {
    "Level": 29,
    "Abnormal1001": 528,
    "Abnormal1002": 528,
    "Abnormal1003": 528,
    "Abnormal1004": 528,
    "Abnormal1005": 528,
    "Abnormal1006": 528
  },
  {
    "Level": 30,
    "Abnormal1001": 563,
    "Abnormal1002": 563,
    "Abnormal1003": 563,
    "Abnormal1004": 563,
    "Abnormal1005": 563,
    "Abnormal1006": 563
  },
  {
    "Level": 31,
    "Abnormal1001": 586,
    "Abnormal1002": 586,
    "Abnormal1003": 586,
    "Abnormal1004": 586,
    "Abnormal1005": 586,
    "Abnormal1006": 586
  },
  {
    "Level": 32,
    "Abnormal1001": 609,
    "Abnormal1002": 609,
    "Abnormal1003": 609,
    "Abnormal1004": 609,
    "Abnormal1005": 609,
    "Abnormal1006": 609
  },
  {
    "Level": 33,
    "Abnormal1001": 633,
    "Abnormal1002": 633,
    "Abnormal1003": 633,
    "Abnormal1004": 633,
    "Abnormal1005": 633,
    "Abnormal1006": 633
  },
  {
    "Level": 34,
    "Abnormal1001": 656,
    "Abnormal1002": 656,
    "Abnormal1003": 656,
    "Abnormal1004": 656,
    "Abnormal1005": 656,
    "Abnormal1006": 656
  },
  {
    "Level": 35,
    "Abnormal1001": 679,
    "Abnormal1002": 679,
    "Abnormal1003": 679,
    "Abnormal1004": 679,
    "Abnormal1005": 679,
    "Abnormal1006": 679
  },
  {
    "Level": 36,
    "Abnormal1001": 703,
    "Abnormal1002": 703,
    "Abnormal1003": 703,
    "Abnormal1004": 703,
    "Abnormal1005": 703,
    "Abnormal1006": 703
  },
  {
    "Level": 37,
    "Abnormal1001": 726,
    "Abnormal1002": 726,
    "Abnormal1003": 726,
    "Abnormal1004": 726,
    "Abnormal1005": 726,
    "Abnormal1006": 726
  },
  {
    "Level": 38,
    "Abnormal1001": 749,
    "Abnormal1002": 749,
    "Abnormal1003": 749,
    "Abnormal1004": 749,
    "Abnormal1005": 749,
    "Abnormal1006": 749
  },
  {
    "Level": 39,
    "Abnormal1001": 773,
    "Abnormal1002": 773,
    "Abnormal1003": 773,
    "Abnormal1004": 773,
    "Abnormal1005": 773,
    "Abnormal1006": 773
  },
  {
    "Level": 40,
    "Abnormal1001": 796,
    "Abnormal1002": 796,
    "Abnormal1003": 796,
    "Abnormal1004": 796,
    "Abnormal1005": 796,
    "Abnormal1006": 796
  },
  {
    "Level": 41,
    "Abnormal1001": 931,
    "Abnormal1002": 931,
    "Abnormal1003": 931,
    "Abnormal1004": 931,
    "Abnormal1005": 931,
    "Abnormal1006": 931
  },
  {
    "Level": 42,
    "Abnormal1001": 1066,
    "Abnormal1002": 1066,
    "Abnormal1003": 1066,
    "Abnormal1004": 1066,
    "Abnormal1005": 1066,
    "Abnormal1006": 1066
  },
  {
    "Level": 43,
    "Abnormal1001": 1201,
    "Abnormal1002": 1201,
    "Abnormal1003": 1201,
    "Abnormal1004": 1201,
    "Abnormal1005": 1201,
    "Abnormal1006": 1201
  },
  {
    "Level": 44,
    "Abnormal1001": 1336,
    "Abnormal1002": 1336,
    "Abnormal1003": 1336,
    "Abnormal1004": 1336,
    "Abnormal1005": 1336,
    "Abnormal1006": 1336
  },
  {
    "Level": 45,
    "Abnormal1001": 1471,
    "Abnormal1002": 1471,
    "Abnormal1003": 1471,
    "Abnormal1004": 1471,
    "Abnormal1005": 1471,
    "Abnormal1006": 1471
  },
  {
    "Level": 46,
    "Abnormal1001": 1606,
    "Abnormal1002": 1606,
    "Abnormal1003": 1606,
    "Abnormal1004": 1606,
    "Abnormal1005": 1606,
    "Abnormal1006": 1606
  },
  {
    "Level": 47,
    "Abnormal1001": 1741,
    "Abnormal1002": 1741,
    "Abnormal1003": 1741,
    "Abnormal1004": 1741,
    "Abnormal1005": 1741,
    "Abnormal1006": 1741
  },
  {
    "Level": 48,
    "Abnormal1001": 1876,
    "Abnormal1002": 1876,
    "Abnormal1003": 1876,
    "Abnormal1004": 1876,
    "Abnormal1005": 1876,
    "Abnormal1006": 1876
  },
  {
    "Level": 49,
    "Abnormal1001": 2012,
    "Abnormal1002": 2012,
    "Abnormal1003": 2012,
    "Abnormal1004": 2012,
    "Abnormal1005": 2012,
    "Abnormal1006": 2012
  },
  {
    "Level": 50,
    "Abnormal1001": 2147,
    "Abnormal1002": 2147,
    "Abnormal1003": 2147,
    "Abnormal1004": 2147,
    "Abnormal1005": 2147,
    "Abnormal1006": 2147
  },
  {
    "Level": 51,
    "Abnormal1001": 2288,
    "Abnormal1002": 2288,
    "Abnormal1003": 2288,
    "Abnormal1004": 2288,
    "Abnormal1005": 2288,
    "Abnormal1006": 2288
  },
  {
    "Level": 52,
    "Abnormal1001": 2428,
    "Abnormal1002": 2428,
    "Abnormal1003": 2428,
    "Abnormal1004": 2428,
    "Abnormal1005": 2428,
    "Abnormal1006": 2428
  },
  {
    "Level": 53,
    "Abnormal1001": 2569,
    "Abnormal1002": 2569,
    "Abnormal1003": 2569,
    "Abnormal1004": 2569,
    "Abnormal1005": 2569,
    "Abnormal1006": 2569
  },
  {
    "Level": 54,
    "Abnormal1001": 2710,
    "Abnormal1002": 2710,
    "Abnormal1003": 2710,
    "Abnormal1004": 2710,
    "Abnormal1005": 2710,
    "Abnormal1006": 2710
  },
  {
    "Level": 55,
    "Abnormal1001": 2851,
    "Abnormal1002": 2851,
    "Abnormal1003": 2851,
    "Abnormal1004": 2851,
    "Abnormal1005": 2851,
    "Abnormal1006": 2851
  },
  {
    "Level": 56,
    "Abnormal1001": 2992,
    "Abnormal1002": 2992,
    "Abnormal1003": 2992,
    "Abnormal1004": 2992,
    "Abnormal1005": 2992,
    "Abnormal1006": 2992
  },
  {
    "Level": 57,
    "Abnormal1001": 3133,
    "Abnormal1002": 3133,
    "Abnormal1003": 3133,
    "Abnormal1004": 3133,
    "Abnormal1005": 3133,
    "Abnormal1006": 3133
  },
  {
    "Level": 58,
    "Abnormal1001": 3274,
    "Abnormal1002": 3274,
    "Abnormal1003": 3274,
    "Abnormal1004": 3274,
    "Abnormal1005": 3274,
    "Abnormal1006": 3274
  },
  {
    "Level": 59,
    "Abnormal1001": 3415,
    "Abnormal1002": 3415,
    "Abnormal1003": 3415,
    "Abnormal1004": 3415,
    "Abnormal1005": 3415,
    "Abnormal1006": 3415
  },
  {
    "Level": 60,
    "Abnormal1001": 3556,
    "Abnormal1002": 3556,
    "Abnormal1003": 3556,
    "Abnormal1004": 3556,
    "Abnormal1005": 3556,
    "Abnormal1006": 3556
  },
  {
    "Level": 61,
    "Abnormal1001": 4141,
    "Abnormal1002": 4141,
    "Abnormal1003": 4141,
    "Abnormal1004": 4141,
    "Abnormal1005": 4141,
    "Abnormal1006": 4141
  },
  {
    "Level": 62,
    "Abnormal1001": 4726,
    "Abnormal1002": 4726,
    "Abnormal1003": 4726,
    "Abnormal1004": 4726,
    "Abnormal1005": 4726,
    "Abnormal1006": 4726
  },
  {
    "Level": 63,
    "Abnormal1001": 5311,
    "Abnormal1002": 5311,
    "Abnormal1003": 5311,
    "Abnormal1004": 5311,
    "Abnormal1005": 5311,
    "Abnormal1006": 5311
  },
  {
    "Level": 64,
    "Abnormal1001": 5896,
    "Abnormal1002": 5896,
    "Abnormal1003": 5896,
    "Abnormal1004": 5896,
    "Abnormal1005": 5896,
    "Abnormal1006": 5896
  },
  {
    "Level": 65,
    "Abnormal1001": 6481,
    "Abnormal1002": 6481,
    "Abnormal1003": 6481,
    "Abnormal1004": 6481,
    "Abnormal1005": 6481,
    "Abnormal1006": 6481
  },
  {
    "Level": 66,
    "Abnormal1001": 7066,
    "Abnormal1002": 7066,
    "Abnormal1003": 7066,
    "Abnormal1004": 7066,
    "Abnormal1005": 7066,
    "Abnormal1006": 7066
  },
  {
    "Level": 67,
    "Abnormal1001": 7652,
    "Abnormal1002": 7652,
    "Abnormal1003": 7652,
    "Abnormal1004": 7652,
    "Abnormal1005": 7652,
    "Abnormal1006": 7652
  },
  {
    "Level": 68,
    "Abnormal1001": 8237,
    "Abnormal1002": 8237,
    "Abnormal1003": 8237,
    "Abnormal1004": 8237,
    "Abnormal1005": 8237,
    "Abnormal1006": 8237
  },
  {
    "Level": 69,
    "Abnormal1001": 8822,
    "Abnormal1002": 8822,
    "Abnormal1003": 8822,
    "Abnormal1004": 8822,
    "Abnormal1005": 8822,
    "Abnormal1006": 8822
  },
  {
    "Level": 70,
    "Abnormal1001": 9407,
    "Abnormal1002": 9407,
    "Abnormal1003": 9407,
    "Abnormal1004": 9407,
    "Abnormal1005": 9407,
    "Abnormal1006": 9407
  },
  {
    "Level": 71,
    "Abnormal1001": 10342,
    "Abnormal1002": 10342,
    "Abnormal1003": 10342,
    "Abnormal1004": 10342,
    "Abnormal1005": 10342,
    "Abnormal1006": 10342
  },
  {
    "Level": 72,
    "Abnormal1001": 11277,
    "Abnormal1002": 11277,
    "Abnormal1003": 11277,
    "Abnormal1004": 11277,
    "Abnormal1005": 11277,
    "Abnormal1006": 11277
  },
  {
    "Level": 73,
    "Abnormal1001": 12212,
    "Abnormal1002": 12212,
    "Abnormal1003": 12212,
    "Abnormal1004": 12212,
    "Abnormal1005": 12212,
    "Abnormal1006": 12212
  },
  {
    "Level": 74,
    "Abnormal1001": 13147,
    "Abnormal1002": 13147,
    "Abnormal1003": 13147,
    "Abnormal1004": 13147,
    "Abnormal1005": 13147,
    "Abnormal1006": 13147
  },
  {
    "Level": 75,
    "Abnormal1001": 14082,
    "Abnormal1002": 14082,
    "Abnormal1003": 14082,
    "Abnormal1004": 14082,
    "Abnormal1005": 14082,
    "Abnormal1006": 14082
  },
  {
    "Level": 76,
    "Abnormal1001": 15016,
    "Abnormal1002": 15016,
    "Abnormal1003": 15016,
    "Abnormal1004": 15016,
    "Abnormal1005": 15016,
    "Abnormal1006": 15016
  },
  {
    "Level": 77,
    "Abnormal1001": 15951,
    "Abnormal1002": 15951,
    "Abnormal1003": 15951,
    "Abnormal1004": 15951,
    "Abnormal1005": 15951,
    "Abnormal1006": 15951
  },
  {
    "Level": 78,
    "Abnormal1001": 16886,
    "Abnormal1002": 16886,
    "Abnormal1003": 16886,
    "Abnormal1004": 16886,
    "Abnormal1005": 16886,
    "Abnormal1006": 16886
  },
  {
    "Level": 79,
    "Abnormal1001": 17821,
    "Abnormal1002": 17821,
    "Abnormal1003": 17821,
    "Abnormal1004": 17821,
    "Abnormal1005": 17821,
    "Abnormal1006": 17821
  },
  {
    "Level": 80,
    "Abnormal1001": 18756,
    "Abnormal1002": 18756,
    "Abnormal1003": 18756,
    "Abnormal1004": 18756,
    "Abnormal1005": 18756,
    "Abnormal1006": 18756
  },
  {
    "Level": 81,
    "Abnormal1001": 20318,
    "Abnormal1002": 20318,
    "Abnormal1003": 20318,
    "Abnormal1004": 20318,
    "Abnormal1005": 20318,
    "Abnormal1006": 20318
  },
  {
    "Level": 82,
    "Abnormal1001": 21880,
    "Abnormal1002": 21880,
    "Abnormal1003": 21880,
    "Abnormal1004": 21880,
    "Abnormal1005": 21880,
    "Abnormal1006": 21880
  },
  {
    "Level": 83,
    "Abnormal1001": 23442,
    "Abnormal1002": 23442,
    "Abnormal1003": 23442,
    "Abnormal1004": 23442,
    "Abnormal1005": 23442,
    "Abnormal1006": 23442
  },
  {
    "Level": 84,
    "Abnormal1001": 25004,
    "Abnormal1002": 25004,
    "Abnormal1003": 25004,
    "Abnormal1004": 25004,
    "Abnormal1005": 25004,
    "Abnormal1006": 25004
  },
  {
    "Level": 85,
    "Abnormal1001": 26566,
    "Abnormal1002": 26566,
    "Abnormal1003": 26566,
    "Abnormal1004": 26566,
    "Abnormal1005": 26566,
    "Abnormal1006": 26566
  },
  {
    "Level": 86,
    "Abnormal1001": 28128,
    "Abnormal1002": 28128,
    "Abnormal1003": 28128,
    "Abnormal1004": 28128,
    "Abnormal1005": 28128,
    "Abnormal1006": 28128
  },
  {
    "Level": 87,
    "Abnormal1001": 29690,
    "Abnormal1002": 29690,
    "Abnormal1003": 29690,
    "Abnormal1004": 29690,
    "Abnormal1005": 29690,
    "Abnormal1006": 29690
  },
  {
    "Level": 88,
    "Abnormal1001": 31253,
    "Abnormal1002": 31253,
    "Abnormal1003": 31253,
    "Abnormal1004": 31253,
    "Abnormal1005": 31253,
    "Abnormal1006": 31253
  },
  {
    "Level": 89,
    "Abnormal1001": 32815,
    "Abnormal1002": 32815,
    "Abnormal1003": 32815,
    "Abnormal1004": 32815,
    "Abnormal1005": 32815,
    "Abnormal1006": 32815
  },
  {
    "Level": 90,
    "Abnormal1001": 34377,
    "Abnormal1002": 34377,
    "Abnormal1003": 34377,
    "Abnormal1004": 34377,
    "Abnormal1005": 34377,
    "Abnormal1006": 34377
  },
  {
    "Level": 91,
    "Abnormal1001": 34758,
    "Abnormal1002": 34758,
    "Abnormal1003": 34758,
    "Abnormal1004": 34758,
    "Abnormal1005": 34758,
    "Abnormal1006": 34758
  },
  {
    "Level": 92,
    "Abnormal1001": 35139,
    "Abnormal1002": 35139,
    "Abnormal1003": 35139,
    "Abnormal1004": 35139,
    "Abnormal1005": 35139,
    "Abnormal1006": 35139
  },
  {
    "Level": 93,
    "Abnormal1001": 35521,
    "Abnormal1002": 35521,
    "Abnormal1003": 35521,
    "Abnormal1004": 35521,
    "Abnormal1005": 35521,
    "Abnormal1006": 35521
  },
  {
    "Level": 94,
    "Abnormal1001": 35902,
    "Abnormal1002": 35902,
    "Abnormal1003": 35902,
    "Abnormal1004": 35902,
    "Abnormal1005": 35902,
    "Abnormal1006": 35902
  },
  {
    "Level": 95,
    "Abnormal1001": 36284,
    "Abnormal1002": 36284,
    "Abnormal1003": 36284,
    "Abnormal1004": 36284,
    "Abnormal1005": 36284,
    "Abnormal1006": 36284
  },
  {
    "Level": 96,
    "Abnormal1001": 36665,
    "Abnormal1002": 36665,
    "Abnormal1003": 36665,
    "Abnormal1004": 36665,
    "Abnormal1005": 36665,
    "Abnormal1006": 36665
  },
  {
    "Level": 97,
    "Abnormal1001": 37047,
    "Abnormal1002": 37047,
    "Abnormal1003": 37047,
    "Abnormal1004": 37047,
    "Abnormal1005": 37047,
    "Abnormal1006": 37047
  },
  {
    "Level": 98,
    "Abnormal1001": 37428,
    "Abnormal1002": 37428,
    "Abnormal1003": 37428,
    "Abnormal1004": 37428,
    "Abnormal1005": 37428,
    "Abnormal1006": 37428
  },
  {
    "Level": 99,
    "Abnormal1001": 37810,
    "Abnormal1002": 37810,
    "Abnormal1003": 37810,
    "Abnormal1004": 37810,
    "Abnormal1005": 37810,
    "Abnormal1006": 37810
  },
  {
    "Level": 100,
    "Abnormal1001": 38191,
    "Abnormal1002": 38191,
    "Abnormal1003": 38191,
    "Abnormal1004": 38191,
    "Abnormal1005": 38191,
    "Abnormal1006": 38191
  }
]