[
  {
    "Id": 201,
    "FormulaItemId": 0,
    "ItemId": 21010034,
    "TypeId": 1,
    "Unlock": true,
    "Name": "改进型重刃·正则贰",
    "ConsumeItems": [
      {
        "ItemId": 42500010,
        "Count": 150
      },
      {
        "ItemId": 42500070,
        "Count": 2
      },
      {
        "ItemId": 2,
        "Count": 150000
      }
    ],
    "ForgeContent": "",
    "Background": "",
    "RoleList": {
      "PKa": [],
      "length": 0
    }
  },
  {
    "Id": 202,
    "FormulaItemId": 0,
    "ItemId": 21020034,
    "TypeId": 1,
    "Unlock": true,
    "Name": "改进型鸣刀·锋镝贰",
    "ConsumeItems": [
      {
        "ItemId": 42500010,
        "Count": 150
      },
      {
        "ItemId": 42500070,
        "Count": 2
      },
      {
        "ItemId": 2,
        "Count": 150000
      }
    ],
    "ForgeContent": "",
    "Background": "",
    "RoleList": {
      "PKa": [],
      "length": 0
    }
  },
  {
    "Id": 203,
    "FormulaItemId": 0,
    "ItemId": 21030034,
    "TypeId": 1,
    "Unlock": true,
    "Name": "test/改进型手枪",
    "ConsumeItems": [
      {
        "ItemId": 42500010,
        "Count": 150
      },
      {
        "ItemId": 42500070,
        "Count": 2
      },
      {
        "ItemId": 2,
        "Count": 150000
      }
    ],
    "ForgeContent": "",
    "Background": "",
    "RoleList": {
      "PKa": [],
      "length": 0
    }
  },
  {
    "Id": 204,
    "FormulaItemId": 0,
    "ItemId": 21040034,
    "TypeId": 1,
    "Unlock": true,
    "Name": "test/改进型拳套",
    "ConsumeItems": [
      {
        "ItemId": 42500030,
        "Count": 150
      },
      {
        "ItemId": 42500070,
        "Count": 2
      },
      {
        "ItemId": 2,
        "Count": 150000
      }
    ],
    "ForgeContent": "",
    "Background": "",
    "RoleList": {
      "PKa": [],
      "length": 0
    }
  },
  {
    "Id": 205,
    "FormulaItemId": 0,
    "ItemId": 21050034,
    "TypeId": 1,
    "Unlock": true,
    "Name": "改进型音感仪·定序贰",
    "ConsumeItems": [
      {
        "ItemId": 42500030,
        "Count": 150
      },
      {
        "ItemId": 42500070,
        "Count": 2
      },
      {
        "ItemId": 2,
        "Count": 150000
      }
    ],
    "ForgeContent": "",
    "Background": "",
    "RoleList": {
      "PKa": [],
      "length": 0
    }
  },
  {
    "Id": 206,
    "FormulaItemId": 0,
    "ItemId": 21010053,
    "TypeId": 1,
    "Unlock": true,
    "Name": "test/T3-5天城系列大剑",
    "ConsumeItems": [
      {
        "ItemId": 42500010,
        "Count": 10
      },
      {
        "ItemId": 2,
        "Count": 10000
      }
    ],
    "ForgeContent": "",
    "Background": "",
    "RoleList": {
      "PKa": [],
      "length": 0
    }
  },
  {
    "Id": 207,
    "FormulaItemId": 0,
    "ItemId": 21020053,
    "TypeId": 1,
    "Unlock": true,
    "Name": "test/T3-5天城系列短剑",
    "ConsumeItems": [
      {
        "ItemId": 42500010,
        "Count": 10
      },
      {
        "ItemId": 2,
        "Count": 10000
      }
    ],
    "ForgeContent": "",
    "Background": "",
    "RoleList": {
      "PKa": [],
      "length": 0
    }
  },
  {
    "Id": 208,
    "FormulaItemId": 0,
    "ItemId": 21030053,
    "TypeId": 1,
    "Unlock": true,
    "Name": "test/T3-5天城系列手枪",
    "ConsumeItems": [
      {
        "ItemId": 42500010,
        "Count": 10
      },
      {
        "ItemId": 2,
        "Count": 10000
      }
    ],
    "ForgeContent": "",
    "Background": "",
    "RoleList": {
      "PKa": [],
      "length": 0
    }
  },
  {
    "Id": 209,
    "FormulaItemId": 0,
    "ItemId": 21040053,
    "TypeId": 1,
    "Unlock": true,
    "Name": "test/T3-5天城系列拳套",
    "ConsumeItems": [
      {
        "ItemId": 42500030,
        "Count": 10
      },
      {
        "ItemId": 2,
        "Count": 10000
      }
    ],
    "ForgeContent": "",
    "Background": "",
    "RoleList": {
      "PKa": [],
      "length": 0
    }
  },
  {
    "Id": 210,
    "FormulaItemId": 0,
    "ItemId": 21050053,
    "TypeId": 1,
    "Unlock": true,
    "Name": "test/T3-5天城系列法器",
    "ConsumeItems": [
      {
        "ItemId": 42500030,
        "Count": 10
      },
      {
        "ItemId": 2,
        "Count": 10000
      }
    ],
    "ForgeContent": "",
    "Background": "",
    "RoleList": {
      "PKa": [],
      "length": 0
    }
  }
]