[
  {
    "Id": 1,
    "GetTargetStage": 1,
    "ParamGetTarget": {
      "PKa": [],
      "length": 0
    },
    "EffectStage": 1,
    "ParamEffect": {
      "PKa": [],
      "length": 0
    }
  },
  {
    "Id": 2,
    "GetTargetStage": 1,
    "ParamGetTarget": {
      "PKa": [],
      "length": 0
    },
    "EffectStage": 2,
    "ParamEffect": {
      "PKa": [],
      "length": 0
    }
  },
  {
    "Id": 3,
    "GetTargetStage": 2,
    "ParamGetTarget": {
      "PKa": [],
      "length": 0
    },
    "EffectStage": 2,
    "ParamEffect": {
      "PKa": [],
      "length": 0
    }
  },
  {
    "Id": 4,
    "GetTargetStage": 3,
    "ParamGetTarget": {
      "PKa": [],
      "length": 0
    },
    "EffectStage": 5,
    "ParamEffect": [
      "show collision",
      "stat unit",
      "stat rhi",
      "r.SetRes"
    ]
  },
  {
    "Id": 5,
    "GetTargetStage": 3,
    "ParamGetTarget": {
      "PKa": [],
      "length": 0
    },
    "EffectStage": 4,
    "ParamEffect": {
      "PKa": [],
      "length": 0
    }
  },
  {
    "Id": 6,
    "GetTargetStage": 1,
    "ParamGetTarget": {
      "PKa": [],
      "length": 0
    },
    "EffectStage": 3,
    "ParamEffect": {
      "PKa": [],
      "length": 0
    }
  },
  {
    "Id": 7,
    "GetTargetStage": 0,
    "ParamGetTarget": {
      "PKa": [],
      "length": 0
    },
    "EffectStage": 0,
    "ParamEffect": [
      "Buff信息",
      "0",
      "600"
    ]
  },
  {
    "Id": 8,
    "GetTargetStage": 0,
    "ParamGetTarget": {
      "PKa": [],
      "length": 0
    },
    "EffectStage": 1,
    "ParamEffect": [
      "Tag信息",
      "1600",
      "600"
    ]
  },
  {
    "Id": 9,
    "GetTargetStage": 0,
    "ParamGetTarget": {
      "PKa": [],
      "length": 0
    },
    "EffectStage": 2,
    "ParamEffect": [
      "属性信息1600",
      "0"
    ]
  },
  {
    "Id": 10,
    "GetTargetStage": 0,
    "ParamGetTarget": {
      "PKa": [],
      "length": 0
    },
    "EffectStage": 3,
    "ParamEffect": [
      "被攻击者",
      "0",
      "0"
    ]
  },
  {
    "Id": 11,
    "GetTargetStage": 0,
    "ParamGetTarget": {
      "PKa": [],
      "length": 0
    },
    "EffectStage": 4,
    "ParamEffect": [
      "运动历史信息",
      "0",
      "600"
    ]
  },
  {
    "Id": 12,
    "GetTargetStage": 0,
    "ParamGetTarget": {
      "PKa": [],
      "length": 0
    },
    "EffectStage": 5,
    "ParamEffect": [
      "所有属性信息",
      "1600",
      "600"
    ]
  },
  {
    "Id": 13,
    "GetTargetStage": 0,
    "ParamGetTarget": {
      "PKa": [],
      "length": 0
    },
    "EffectStage": 6,
    "ParamEffect": [
      "GE历史信息",
      "1600",
      "0"
    ]
  },
  {
    "Id": 14,
    "GetTargetStage": 0,
    "ParamGetTarget": {
      "PKa": [],
      "length": 0
    },
    "EffectStage": 7,
    "ParamEffect": [
      "黑板信息",
      "0",
      "0"
    ]
  },
  {
    "Id": 15,
    "GetTargetStage": 0,
    "ParamGetTarget": {
      "PKa": [],
      "length": 0
    },
    "EffectStage": 8,
    "ParamEffect": [
      "添加Buff",
      "20",
      "30",
      "1008",
      "1009",
      "2000",
      "1008",
      "1009",
      "2000"
    ]
  },
  {
    "Id": 16,
    "GetTargetStage": 0,
    "ParamGetTarget": {
      "PKa": [],
      "length": 0
    },
    "EffectStage": 9,
    "ParamEffect": [
      "移动参数",
      "40",
      "50"
    ]
  },
  {
    "Id": 17,
    "GetTargetStage": 0,
    "ParamGetTarget": {
      "PKa": [],
      "length": 0
    },
    "EffectStage": 10,
    "ParamEffect": [
      "命令行参数",
      "40",
      "50",
      "show collision",
      "stat unit",
      "stat rhi",
      "r.SetRes"
    ]
  },
  {
    "Id": 18,
    "GetTargetStage": 0,
    "ParamGetTarget": {
      "PKa": [],
      "length": 0
    },
    "EffectStage": 11,
    "ParamEffect": [
      "设置位置",
      "50",
      "60"
    ]
  },
  {
    "Id": 19,
    "GetTargetStage": 0,
    "ParamGetTarget": {
      "PKa": [],
      "length": 0
    },
    "EffectStage": 12,
    "ParamEffect": {
      "PKa": [],
      "length": 0
    }
  }
]