[
  {
    "Id": 1,
    "Type": 1,
    "Name": "无限体力",
    "Desc": "描述：无限体力",
    "Keywords": "wxtl",
    "Commands": [
      1
    ],
    "UiEssential": true
  },
  {
    "Id": 2,
    "Type": 1,
    "Name": "主角到出生点",
    "Desc": "描述：主角到出生点",
    "Keywords": "zjdcsd",
    "Commands": [
      2
    ],
    "UiEssential": true
  },
  {
    "Id": 3,
    "Type": 1,
    "Name": "怪物到出生点",
    "Desc": "描述：怪物到出生点",
    "Keywords": "gwdcsd",
    "Commands": [
      3
    ],
    "UiEssential": true
  },
  {
    "Id": 4,
    "Type": 1,
    "Name": "执行命令行",
    "Desc": "描述:执行命令行",
    "Keywords": "zxml",
    "Commands": [
      4
    ],
    "UiEssential": false
  },
  {
    "Id": 5,
    "Type": 1,
    "Name": "修改光照",
    "Desc": "描述: 修改全局光照",
    "Keywords": "wxtl",
    "Commands": [
      5
    ],
    "UiEssential": true
  },
  {
    "Id": 6,
    "Type": 1,
    "Name": "主角运动参数",
    "Desc": "描述：修改主角运动参数",
    "Keywords": "zjydcsxg",
    "Commands": [
      6
    ],
    "UiEssential": true
  },
  {
    "Id": 7,
    "Type": 2,
    "Name": "显示Debug信息",
    "Desc": "描述:显示Debug信息",
    "Keywords": "xsdxx",
    "Commands": [
      7,
      8,
      9,
      10
    ],
    "UiEssential": true
  },
  {
    "Id": 8,
    "Type": 2,
    "Name": "运动历史&属性",
    "Desc": "描述:运动历史&属性",
    "Keywords": "ydls",
    "Commands": [
      11,
      12
    ],
    "UiEssential": true
  },
  {
    "Id": 9,
    "Type": 2,
    "Name": "GE使用历史",
    "Desc": "描述:GE使用历史",
    "Keywords": "gels",
    "Commands": [
      13,
      14
    ],
    "UiEssential": true
  },
  {
    "Id": 10,
    "Type": 2,
    "Name": "添加buff、命令",
    "Desc": "描述:添加buff、命令",
    "Keywords": "tkb",
    "Commands": [
      15,
      17
    ],
    "UiEssential": true
  },
  {
    "Id": 11,
    "Type": 2,
    "Name": "修改位置、命令",
    "Desc": "描述:修改位置、命令",
    "Keywords": "xgwz",
    "Commands": [
      17,
      18
    ],
    "UiEssential": true
  },
  {
    "Id": 12,
    "Type": 2,
    "Name": "移动参数、命令",
    "Desc": "描述:移动参数、修改位置",
    "Keywords": "ydcs",
    "Commands": [
      16,
      17
    ],
    "UiEssential": true
  },
  {
    "Id": 13,
    "Type": 1,
    "Name": "场景物件信息",
    "Desc": "描述:场景物件信息",
    "Keywords": "cjwj",
    "Commands": [
      19
    ],
    "UiEssential": true
  },
  {
    "Id": 14,
    "Type": 1,
    "Name": "标题14",
    "Desc": "描述:14",
    "Keywords": "biaoti12",
    "Commands": [
      14
    ],
    "UiEssential": true
  },
  {
    "Id": 15,
    "Type": 6,
    "Name": "标题15",
    "Desc": "描述:15",
    "Keywords": "biaoti13",
    "Commands": [
      15
    ],
    "UiEssential": true
  },
  {
    "Id": 16,
    "Type": 4,
    "Name": "标题16",
    "Desc": "描述:16",
    "Keywords": "biaoti14",
    "Commands": [
      16
    ],
    "UiEssential": true
  },
  {
    "Id": 17,
    "Type": 4,
    "Name": "标题17",
    "Desc": "描述:17",
    "Keywords": "biaoti15",
    "Commands": [
      17
    ],
    "UiEssential": true
  },
  {
    "Id": 18,
    "Type": 2,
    "Name": "标题18",
    "Desc": "描述:18",
    "Keywords": "biaoti16",
    "Commands": [
      18
    ],
    "UiEssential": true
  },
  {
    "Id": 19,
    "Type": 5,
    "Name": "标题19",
    "Desc": "描述:19",
    "Keywords": "biaoti17",
    "Commands": [
      19
    ],
    "UiEssential": true
  },
  {
    "Id": 20,
    "Type": 1,
    "Name": "标题20",
    "Desc": "描述:20",
    "Keywords": "biaoti18",
    "Commands": [
      20
    ],
    "UiEssential": true
  },
  {
    "Id": 21,
    "Type": 9,
    "Name": "标题21",
    "Desc": "描述:21",
    "Keywords": "biaoti19",
    "Commands": [
      21
    ],
    "UiEssential": true
  },
  {
    "Id": 22,
    "Type": 7,
    "Name": "标题22",
    "Desc": "描述:22",
    "Keywords": "biaoti20",
    "Commands": [
      22
    ],
    "UiEssential": true
  },
  {
    "Id": 23,
    "Type": 4,
    "Name": "标题23",
    "Desc": "描述:23",
    "Keywords": "biaoti21",
    "Commands": [
      23
    ],
    "UiEssential": true
  },
  {
    "Id": 24,
    "Type": 2,
    "Name": "标题24",
    "Desc": "描述:24",
    "Keywords": "biaoti22",
    "Commands": [
      24
    ],
    "UiEssential": true
  },
  {
    "Id": 25,
    "Type": 7,
    "Name": "标题25",
    "Desc": "描述:25",
    "Keywords": "biaoti23",
    "Commands": [
      25
    ],
    "UiEssential": true
  },
  {
    "Id": 26,
    "Type": 9,
    "Name": "标题26",
    "Desc": "描述:26",
    "Keywords": "biaoti24",
    "Commands": [
      26
    ],
    "UiEssential": true
  },
  {
    "Id": 27,
    "Type": 4,
    "Name": "标题27",
    "Desc": "描述:27",
    "Keywords": "biaoti25",
    "Commands": [
      27
    ],
    "UiEssential": true
  },
  {
    "Id": 28,
    "Type": 5,
    "Name": "标题28",
    "Desc": "描述:28",
    "Keywords": "biaoti26",
    "Commands": [
      28
    ],
    "UiEssential": true
  },
  {
    "Id": 29,
    "Type": 5,
    "Name": "标题29",
    "Desc": "描述:29",
    "Keywords": "biaoti27",
    "Commands": [
      29
    ],
    "UiEssential": true
  },
  {
    "Id": 30,
    "Type": 3,
    "Name": "标题30",
    "Desc": "描述:30",
    "Keywords": "biaoti28",
    "Commands": [
      30
    ],
    "UiEssential": true
  },
  {
    "Id": 31,
    "Type": 2,
    "Name": "标题31",
    "Desc": "描述:31",
    "Keywords": "biaoti29",
    "Commands": [
      31
    ],
    "UiEssential": true
  },
  {
    "Id": 32,
    "Type": 8,
    "Name": "标题32",
    "Desc": "描述:32",
    "Keywords": "biaoti30",
    "Commands": [
      32
    ],
    "UiEssential": true
  },
  {
    "Id": 33,
    "Type": 9,
    "Name": "标题33",
    "Desc": "描述:33",
    "Keywords": "biaoti31",
    "Commands": [
      33
    ],
    "UiEssential": true
  },
  {
    "Id": 34,
    "Type": 1,
    "Name": "标题34",
    "Desc": "描述:34",
    "Keywords": "biaoti32",
    "Commands": [
      34
    ],
    "UiEssential": true
  },
  {
    "Id": 35,
    "Type": 5,
    "Name": "标题35",
    "Desc": "描述:35",
    "Keywords": "biaoti33",
    "Commands": [
      35
    ],
    "UiEssential": true
  },
  {
    "Id": 36,
    "Type": 1,
    "Name": "标题36",
    "Desc": "描述:36",
    "Keywords": "biaoti34",
    "Commands": [
      36
    ],
    "UiEssential": true
  },
  {
    "Id": 37,
    "Type": 1,
    "Name": "标题37",
    "Desc": "描述:37",
    "Keywords": "biaoti35",
    "Commands": [
      37
    ],
    "UiEssential": true
  },
  {
    "Id": 38,
    "Type": 9,
    "Name": "标题38",
    "Desc": "描述:38",
    "Keywords": "biaoti36",
    "Commands": [
      38
    ],
    "UiEssential": true
  },
  {
    "Id": 39,
    "Type": 7,
    "Name": "标题39",
    "Desc": "描述:39",
    "Keywords": "biaoti37",
    "Commands": [
      39
    ],
    "UiEssential": true
  },
  {
    "Id": 40,
    "Type": 8,
    "Name": "标题40",
    "Desc": "描述:40",
    "Keywords": "biaoti38",
    "Commands": [
      40
    ],
    "UiEssential": true
  },
  {
    "Id": 41,
    "Type": 3,
    "Name": "标题41",
    "Desc": "描述:41",
    "Keywords": "biaoti39",
    "Commands": [
      41
    ],
    "UiEssential": true
  },
  {
    "Id": 42,
    "Type": 2,
    "Name": "标题42",
    "Desc": "描述:42",
    "Keywords": "biaoti40",
    "Commands": [
      42
    ],
    "UiEssential": true
  },
  {
    "Id": 43,
    "Type": 6,
    "Name": "标题43",
    "Desc": "描述:43",
    "Keywords": "biaoti41",
    "Commands": [
      43
    ],
    "UiEssential": true
  },
  {
    "Id": 44,
    "Type": 5,
    "Name": "标题44",
    "Desc": "描述:44",
    "Keywords": "biaoti42",
    "Commands": [
      44
    ],
    "UiEssential": true
  },
  {
    "Id": 45,
    "Type": 3,
    "Name": "标题45",
    "Desc": "描述:45",
    "Keywords": "biaoti43",
    "Commands": [
      45
    ],
    "UiEssential": true
  },
  {
    "Id": 46,
    "Type": 9,
    "Name": "标题46",
    "Desc": "描述:46",
    "Keywords": "biaoti44",
    "Commands": [
      46
    ],
    "UiEssential": true
  },
  {
    "Id": 47,
    "Type": 10,
    "Name": "标题47",
    "Desc": "描述:47",
    "Keywords": "biaoti45",
    "Commands": [
      47
    ],
    "UiEssential": true
  },
  {
    "Id": 48,
    "Type": 6,
    "Name": "标题48",
    "Desc": "描述:48",
    "Keywords": "biaoti46",
    "Commands": [
      48
    ],
    "UiEssential": true
  },
  {
    "Id": 49,
    "Type": 10,
    "Name": "标题49",
    "Desc": "描述:49",
    "Keywords": "biaoti47",
    "Commands": [
      49
    ],
    "UiEssential": true
  },
  {
    "Id": 50,
    "Type": 3,
    "Name": "标题50",
    "Desc": "描述:50",
    "Keywords": "biaoti48",
    "Commands": [
      50
    ],
    "UiEssential": true
  },
  {
    "Id": 51,
    "Type": 7,
    "Name": "标题51",
    "Desc": "描述:51",
    "Keywords": "biaoti49",
    "Commands": [
      51
    ],
    "UiEssential": true
  },
  {
    "Id": 52,
    "Type": 8,
    "Name": "标题52",
    "Desc": "描述:52",
    "Keywords": "biaoti50",
    "Commands": [
      52
    ],
    "UiEssential": true
  },
  {
    "Id": 53,
    "Type": 2,
    "Name": "标题53",
    "Desc": "描述:53",
    "Keywords": "biaoti51",
    "Commands": [
      53
    ],
    "UiEssential": true
  },
  {
    "Id": 54,
    "Type": 3,
    "Name": "标题54",
    "Desc": "描述:54",
    "Keywords": "biaoti52",
    "Commands": [
      54
    ],
    "UiEssential": true
  },
  {
    "Id": 55,
    "Type": 5,
    "Name": "标题55",
    "Desc": "描述:55",
    "Keywords": "biaoti53",
    "Commands": [
      55
    ],
    "UiEssential": true
  },
  {
    "Id": 56,
    "Type": 6,
    "Name": "标题56",
    "Desc": "描述:56",
    "Keywords": "biaoti54",
    "Commands": [
      56
    ],
    "UiEssential": true
  },
  {
    "Id": 57,
    "Type": 10,
    "Name": "标题57",
    "Desc": "描述:57",
    "Keywords": "biaoti55",
    "Commands": [
      57
    ],
    "UiEssential": true
  },
  {
    "Id": 58,
    "Type": 1,
    "Name": "标题58",
    "Desc": "描述:58",
    "Keywords": "biaoti56",
    "Commands": [
      58
    ],
    "UiEssential": true
  },
  {
    "Id": 59,
    "Type": 7,
    "Name": "标题59",
    "Desc": "描述:59",
    "Keywords": "biaoti57",
    "Commands": [
      59
    ],
    "UiEssential": true
  },
  {
    "Id": 60,
    "Type": 7,
    "Name": "标题60",
    "Desc": "描述:60",
    "Keywords": "biaoti58",
    "Commands": [
      60
    ],
    "UiEssential": true
  },
  {
    "Id": 61,
    "Type": 3,
    "Name": "标题61",
    "Desc": "描述:61",
    "Keywords": "biaoti59",
    "Commands": [
      61
    ],
    "UiEssential": true
  },
  {
    "Id": 62,
    "Type": 2,
    "Name": "标题62",
    "Desc": "描述:62",
    "Keywords": "biaoti60",
    "Commands": [
      62
    ],
    "UiEssential": true
  },
  {
    "Id": 63,
    "Type": 2,
    "Name": "标题63",
    "Desc": "描述:63",
    "Keywords": "biaoti61",
    "Commands": [
      63
    ],
    "UiEssential": true
  },
  {
    "Id": 64,
    "Type": 3,
    "Name": "标题64",
    "Desc": "描述:64",
    "Keywords": "biaoti62",
    "Commands": [
      64
    ],
    "UiEssential": true
  },
  {
    "Id": 65,
    "Type": 5,
    "Name": "标题65",
    "Desc": "描述:65",
    "Keywords": "biaoti63",
    "Commands": [
      65
    ],
    "UiEssential": true
  },
  {
    "Id": 66,
    "Type": 8,
    "Name": "标题66",
    "Desc": "描述:66",
    "Keywords": "biaoti64",
    "Commands": [
      66
    ],
    "UiEssential": true
  },
  {
    "Id": 67,
    "Type": 7,
    "Name": "标题67",
    "Desc": "描述:67",
    "Keywords": "biaoti65",
    "Commands": [
      67
    ],
    "UiEssential": true
  },
  {
    "Id": 68,
    "Type": 5,
    "Name": "标题68",
    "Desc": "描述:68",
    "Keywords": "biaoti66",
    "Commands": [
      68
    ],
    "UiEssential": true
  },
  {
    "Id": 69,
    "Type": 6,
    "Name": "标题69",
    "Desc": "描述:69",
    "Keywords": "biaoti67",
    "Commands": [
      69
    ],
    "UiEssential": true
  }
]