[
  {
    "Id": 1,
    "Icon": "/Game/Aki/UI/UIResources/UiActivity/Image/ActivityDarkshore/T_ActivityDarkBtnMonster1.T_ActivityDarkBtnMonster1",
    "LevelTexture": "/Game/Aki/UI/UIResources/UiActivity/Image/ActivityDarkshore/T_ActivityDarkNumLv1.T_ActivityDarkNumLv1",
    "LevelIcon": "/Game/Aki/UI/UIResources/UiActivity/Atlas/ActivityDarkshore/SP_ActivityDarkNum01.SP_ActivityDarkNum01",
    "LevelSelectIcon": "/Game/Aki/UI/UIResources/UiActivity/Atlas/ActivityDarkshore/SP_ActivityDarkNumSle01.SP_ActivityDarkNumSle01",
    "TipIcon": "/Game/Aki/UI/UIResources/UiActivity/Image/ActivityDarkshore/T_ActivityDarkMonster1.T_ActivityDarkMonster1",
    "TipLockIcon": "/Game/Aki/UI/UIResources/UiActivity/Image/ActivityDarkshore/T_ActivityDarkMonster1.T_ActivityDarkMonster1",
    "TipName": "DarkCoastDelivery_Name_1",
    "TipDesc": "DarkCoastDelivery_Desc_1",
    "RewardCount": 3,
    "UnlockCondition": "DarkCoastDelivery_Unlock_1",
    "VisionTexture": "/Game/Aki/UI/UIResources/UiActivity/Image/ActivityDarkshore/T_ActivityDarkMonsterIcon1.T_ActivityDarkMonsterIcon1",
    "JumpId": 850003,
    "LevelPlayId": 136000101
  },
  {
    "Id": 2,
    "Icon": "/Game/Aki/UI/UIResources/UiActivity/Image/ActivityDarkshore/T_ActivityDarkBtnMonster3.T_ActivityDarkBtnMonster3",
    "LevelTexture": "/Game/Aki/UI/UIResources/UiActivity/Image/ActivityDarkshore/T_ActivityDarkNumLv2.T_ActivityDarkNumLv2",
    "LevelIcon": "/Game/Aki/UI/UIResources/UiActivity/Atlas/ActivityDarkshore/SP_ActivityDarkNum02.SP_ActivityDarkNum02",
    "LevelSelectIcon": "/Game/Aki/UI/UIResources/UiActivity/Atlas/ActivityDarkshore/SP_ActivityDarkNumSle02.SP_ActivityDarkNumSle02",
    "TipIcon": "/Game/Aki/UI/UIResources/UiActivity/Image/ActivityDarkshore/T_ActivityDarkMonster3.T_ActivityDarkMonster3",
    "TipLockIcon": "/Game/Aki/UI/UIResources/UiActivity/Image/ActivityDarkshore/T_ActivityDarkMonster3.T_ActivityDarkMonster3",
    "TipName": "DarkCoastDelivery_Name_3",
    "TipDesc": "DarkCoastDelivery_Desc_3",
    "RewardCount": 3,
    "UnlockCondition": "DarkCoastDelivery_Unlock_2",
    "VisionTexture": "/Game/Aki/UI/UIResources/UiActivity/Image/ActivityDarkshore/T_ActivityDarkMonsterIcon3.T_ActivityDarkMonsterIcon3",
    "JumpId": 850004,
    "LevelPlayId": 136000102
  },
  {
    "Id": 3,
    "Icon": "/Game/Aki/UI/UIResources/UiActivity/Image/ActivityDarkshore/T_ActivityDarkBtnMonster2.T_ActivityDarkBtnMonster2",
    "LevelTexture": "/Game/Aki/UI/UIResources/UiActivity/Image/ActivityDarkshore/T_ActivityDarkNumLv3.T_ActivityDarkNumLv3",
    "LevelIcon": "/Game/Aki/UI/UIResources/UiActivity/Atlas/ActivityDarkshore/SP_ActivityDarkNum03.SP_ActivityDarkNum03",
    "LevelSelectIcon": "/Game/Aki/UI/UIResources/UiActivity/Atlas/ActivityDarkshore/SP_ActivityDarkNumSle03.SP_ActivityDarkNumSle03",
    "TipIcon": "/Game/Aki/UI/UIResources/UiActivity/Image/ActivityDarkshore/T_ActivityDarkMonster2.T_ActivityDarkMonster2",
    "TipLockIcon": "/Game/Aki/UI/UIResources/UiActivity/Image/ActivityDarkshore/T_ActivityDarkMonster2.T_ActivityDarkMonster2",
    "TipName": "DarkCoastDelivery_Name_2",
    "TipDesc": "DarkCoastDelivery_Desc_2",
    "RewardCount": 3,
    "UnlockCondition": "DarkCoastDelivery_Unlock_3",
    "VisionTexture": "/Game/Aki/UI/UIResources/UiActivity/Image/ActivityDarkshore/T_ActivityDarkMonsterIcon2.T_ActivityDarkMonsterIcon2",
    "JumpId": 850005,
    "LevelPlayId": 136000104
  },
  {
    "Id": 4,
    "Icon": "/Game/Aki/UI/UIResources/UiActivity/Image/ActivityDarkshore/T_ActivityDarkBtnMonster5.T_ActivityDarkBtnMonster5",
    "LevelTexture": "/Game/Aki/UI/UIResources/UiActivity/Image/ActivityDarkshore/T_ActivityDarkNumLv4.T_ActivityDarkNumLv4",
    "LevelIcon": "/Game/Aki/UI/UIResources/UiActivity/Atlas/ActivityDarkshore/SP_ActivityDarkNum04.SP_ActivityDarkNum04",
    "LevelSelectIcon": "/Game/Aki/UI/UIResources/UiActivity/Atlas/ActivityDarkshore/SP_ActivityDarkNumSle04.SP_ActivityDarkNumSle04",
    "TipIcon": "/Game/Aki/UI/UIResources/UiActivity/Image/ActivityDarkshore/T_ActivityDarkMonster5.T_ActivityDarkMonster5",
    "TipLockIcon": "/Game/Aki/UI/UIResources/UiActivity/Image/ActivityDarkshore/T_ActivityDarkMonster5.T_ActivityDarkMonster5",
    "TipName": "DarkCoastDelivery_Name_5",
    "TipDesc": "DarkCoastDelivery_Desc_5",
    "RewardCount": 3,
    "UnlockCondition": "DarkCoastDelivery_Unlock_4",
    "VisionTexture": "/Game/Aki/UI/UIResources/UiActivity/Image/ActivityDarkshore/T_ActivityDarkMonsterIcon5.T_ActivityDarkMonsterIcon5",
    "JumpId": 850006,
    "LevelPlayId": 136000105
  },
  {
    "Id": 5,
    "Icon": "/Game/Aki/UI/UIResources/UiActivity/Image/ActivityDarkshore/T_ActivityDarkBtnMonster4.T_ActivityDarkBtnMonster4",
    "LevelTexture": "/Game/Aki/UI/UIResources/UiActivity/Image/ActivityDarkshore/T_ActivityDarkNumLv5.T_ActivityDarkNumLv5",
    "LevelIcon": "/Game/Aki/UI/UIResources/UiActivity/Atlas/ActivityDarkshore/SP_ActivityDarkNum05.SP_ActivityDarkNum05",
    "LevelSelectIcon": "/Game/Aki/UI/UIResources/UiActivity/Atlas/ActivityDarkshore/SP_ActivityDarkNumSle05.SP_ActivityDarkNumSle05",
    "TipIcon": "/Game/Aki/UI/UIResources/UiActivity/Image/ActivityDarkshore/T_ActivityDarkMonster4.T_ActivityDarkMonster4",
    "TipLockIcon": "/Game/Aki/UI/UIResources/UiActivity/Image/ActivityDarkshore/T_ActivityDarkMonster4.T_ActivityDarkMonster4",
    "TipName": "DarkCoastDelivery_Name_4",
    "TipDesc": "DarkCoastDelivery_Desc_4",
    "RewardCount": 3,
    "UnlockCondition": "DarkCoastDelivery_Unlock_5",
    "VisionTexture": "/Game/Aki/UI/UIResources/UiActivity/Image/ActivityDarkshore/T_ActivityDarkMonsterIcon4.T_ActivityDarkMonsterIcon4",
    "JumpId": 850007,
    "LevelPlayId": 136000106
  }
]