[
  {
    "Id": 1,
    "CoreId": 40040001,
    "Goal": [
      1,
      3,
      6,
      9,
      12,
      12,
      16,
      16,
      20,
      20
    ],
    "DropIds": [
      4001,
      4002,
      4003,
      4004,
      4005,
      4006,
      4007,
      4008,
      4009,
      4010
    ],
    "DarkCoastDeliveryList": [
      4001,
      4002,
      4003,
      4004,
      4005,
      4006,
      4007,
      4008,
      4009,
      4010
    ],
    "AutoTake": true
  },
  {
    "Id": 2,
    "CoreId": 40040002,
    "Goal": [
      3,
      6,
      9,
      12,
      12,
      15
    ],
    "DropIds": [
      4021,
      4022,
      4023,
      4024,
      4025,
      4026
    ],
    "DarkCoastDeliveryList": [
      4021,
      4022,
      4023,
      4024,
      4025,
      4026
    ],
    "AutoTake": true
  },
  {
    "Id": 3,
    "CoreId": 40040003,
    "Goal": [
      1,
      2,
      2,
      2,
      3
    ],
    "DropIds": [
      4031,
      4032,
      4033,
      4034,
      4035
    ],
    "DarkCoastDeliveryList": [
      1,
      2,
      3,
      4,
      5
    ],
    "AutoTake": false
  }
]