[
  {
    "Id": 0,
    "DeviceId": 1,
    "QualityType": 0,
    "DefaultQuality": 0,
    "FPS": 30,
    "ShadowQuality": 0,
    "FxQuality": 0,
    "ImageDetail": 0,
    "AntiAliasing": 1,
    "AO": 0,
    "VolumeFog": 0,
    "VolumeLight": 0,
    "MotionBlur": 0,
    "StreamLevel": 0,
    "VSync": 0,
    "ScreenPercentage": 0,
    "SuperResolution": 2,
    "NpcDensity": 2,
    "Bloom": 1,
    "OtherCommand": ""
  },
  {
    "Id": 1,
    "DeviceId": 1,
    "QualityType": 1,
    "DefaultQuality": 0,
    "FPS": 45,
    "ShadowQuality": 1,
    "FxQuality": 0,
    "ImageDetail": 0,
    "AntiAliasing": 1,
    "AO": 0,
    "VolumeFog": 0,
    "VolumeLight": 0,
    "MotionBlur": 1,
    "StreamLevel": 0,
    "VSync": 1,
    "ScreenPercentage": 1,
    "SuperResolution": 2,
    "NpcDensity": 2,
    "Bloom": 1,
    "OtherCommand": ""
  },
  {
    "Id": 2,
    "DeviceId": 1,
    "QualityType": 2,
    "DefaultQuality": 0,
    "FPS": 60,
    "ShadowQuality": 2,
    "FxQuality": 1,
    "ImageDetail": 1,
    "AntiAliasing": 1,
    "AO": 1,
    "VolumeFog": 1,
    "VolumeLight": 1,
    "MotionBlur": 1,
    "StreamLevel": 1,
    "VSync": 1,
    "ScreenPercentage": 2,
    "SuperResolution": 2,
    "NpcDensity": 2,
    "Bloom": 1,
    "OtherCommand": ""
  },
  {
    "Id": 3,
    "DeviceId": 1,
    "QualityType": 3,
    "DefaultQuality": 1,
    "FPS": 60,
    "ShadowQuality": 3,
    "FxQuality": 1,
    "ImageDetail": 2,
    "AntiAliasing": 1,
    "AO": 1,
    "VolumeFog": 1,
    "VolumeLight": 1,
    "MotionBlur": 1,
    "StreamLevel": 2,
    "VSync": 1,
    "ScreenPercentage": 3,
    "SuperResolution": 2,
    "NpcDensity": 2,
    "Bloom": 1,
    "OtherCommand": ""
  },
  {
    "Id": 4,
    "DeviceId": 2,
    "QualityType": 0,
    "DefaultQuality": 0,
    "FPS": 30,
    "ShadowQuality": 0,
    "FxQuality": 0,
    "ImageDetail": 0,
    "AntiAliasing": 0,
    "AO": 0,
    "VolumeFog": 0,
    "VolumeLight": 0,
    "MotionBlur": 0,
    "StreamLevel": 0,
    "VSync": 0,
    "ScreenPercentage": 0,
    "SuperResolution": 0,
    "NpcDensity": 2,
    "Bloom": 1,
    "OtherCommand": ""
  },
  {
    "Id": 5,
    "DeviceId": 2,
    "QualityType": 1,
    "DefaultQuality": 0,
    "FPS": 30,
    "ShadowQuality": 1,
    "FxQuality": 0,
    "ImageDetail": 1,
    "AntiAliasing": 1,
    "AO": 0,
    "VolumeFog": 0,
    "VolumeLight": 0,
    "MotionBlur": 0,
    "StreamLevel": 0,
    "VSync": 0,
    "ScreenPercentage": 0,
    "SuperResolution": 0,
    "NpcDensity": 2,
    "Bloom": 1,
    "OtherCommand": ""
  },
  {
    "Id": 6,
    "DeviceId": 2,
    "QualityType": 2,
    "DefaultQuality": 1,
    "FPS": 30,
    "ShadowQuality": 2,
    "FxQuality": 1,
    "ImageDetail": 1,
    "AntiAliasing": 1,
    "AO": 0,
    "VolumeFog": 0,
    "VolumeLight": 0,
    "MotionBlur": 0,
    "StreamLevel": 1,
    "VSync": 0,
    "ScreenPercentage": 1,
    "SuperResolution": 0,
    "NpcDensity": 2,
    "Bloom": 1,
    "OtherCommand": ""
  },
  {
    "Id": 7,
    "DeviceId": 2,
    "QualityType": 3,
    "DefaultQuality": 0,
    "FPS": 60,
    "ShadowQuality": 2,
    "FxQuality": 1,
    "ImageDetail": 1,
    "AntiAliasing": 1,
    "AO": 1,
    "VolumeFog": 0,
    "VolumeLight": 0,
    "MotionBlur": 0,
    "StreamLevel": 2,
    "VSync": 0,
    "ScreenPercentage": 2,
    "SuperResolution": 0,
    "NpcDensity": 2,
    "Bloom": 1,
    "OtherCommand": ""
  },
  {
    "Id": 8,
    "DeviceId": 3,
    "QualityType": 0,
    "DefaultQuality": 0,
    "FPS": 30,
    "ShadowQuality": 0,
    "FxQuality": 0,
    "ImageDetail": 0,
    "AntiAliasing": 0,
    "AO": 0,
    "VolumeFog": 0,
    "VolumeLight": 0,
    "MotionBlur": 0,
    "StreamLevel": 0,
    "VSync": 0,
    "ScreenPercentage": 0,
    "SuperResolution": 0,
    "NpcDensity": 2,
    "Bloom": 1,
    "OtherCommand": ""
  },
  {
    "Id": 9,
    "DeviceId": 3,
    "QualityType": 1,
    "DefaultQuality": 0,
    "FPS": 30,
    "ShadowQuality": 1,
    "FxQuality": 0,
    "ImageDetail": 1,
    "AntiAliasing": 1,
    "AO": 0,
    "VolumeFog": 0,
    "VolumeLight": 0,
    "MotionBlur": 0,
    "StreamLevel": 0,
    "VSync": 0,
    "ScreenPercentage": 0,
    "SuperResolution": 0,
    "NpcDensity": 2,
    "Bloom": 1,
    "OtherCommand": ""
  },
  {
    "Id": 10,
    "DeviceId": 3,
    "QualityType": 2,
    "DefaultQuality": 1,
    "FPS": 30,
    "ShadowQuality": 2,
    "FxQuality": 1,
    "ImageDetail": 1,
    "AntiAliasing": 1,
    "AO": 0,
    "VolumeFog": 0,
    "VolumeLight": 0,
    "MotionBlur": 0,
    "StreamLevel": 1,
    "VSync": 0,
    "ScreenPercentage": 1,
    "SuperResolution": 0,
    "NpcDensity": 2,
    "Bloom": 1,
    "OtherCommand": ""
  },
  {
    "Id": 11,
    "DeviceId": 3,
    "QualityType": 3,
    "DefaultQuality": 0,
    "FPS": 60,
    "ShadowQuality": 2,
    "FxQuality": 1,
    "ImageDetail": 1,
    "AntiAliasing": 1,
    "AO": 1,
    "VolumeFog": 0,
    "VolumeLight": 0,
    "MotionBlur": 0,
    "StreamLevel": 2,
    "VSync": 0,
    "ScreenPercentage": 2,
    "SuperResolution": 0,
    "NpcDensity": 2,
    "Bloom": 1,
    "OtherCommand": ""
  },
  {
    "Id": 12,
    "DeviceId": 4,
    "QualityType": 0,
    "DefaultQuality": 0,
    "FPS": 30,
    "ShadowQuality": 0,
    "FxQuality": 0,
    "ImageDetail": 0,
    "AntiAliasing": 0,
    "AO": 0,
    "VolumeFog": 0,
    "VolumeLight": 0,
    "MotionBlur": 0,
    "StreamLevel": 0,
    "VSync": 0,
    "ScreenPercentage": 0,
    "SuperResolution": 0,
    "NpcDensity": 2,
    "Bloom": 1,
    "OtherCommand": ""
  },
  {
    "Id": 13,
    "DeviceId": 4,
    "QualityType": 1,
    "DefaultQuality": 1,
    "FPS": 30,
    "ShadowQuality": 1,
    "FxQuality": 0,
    "ImageDetail": 1,
    "AntiAliasing": 1,
    "AO": 0,
    "VolumeFog": 0,
    "VolumeLight": 0,
    "MotionBlur": 0,
    "StreamLevel": 0,
    "VSync": 0,
    "ScreenPercentage": 0,
    "SuperResolution": 0,
    "NpcDensity": 2,
    "Bloom": 1,
    "OtherCommand": ""
  },
  {
    "Id": 14,
    "DeviceId": 4,
    "QualityType": 2,
    "DefaultQuality": 0,
    "FPS": 30,
    "ShadowQuality": 2,
    "FxQuality": 1,
    "ImageDetail": 1,
    "AntiAliasing": 1,
    "AO": 0,
    "VolumeFog": 0,
    "VolumeLight": 0,
    "MotionBlur": 0,
    "StreamLevel": 1,
    "VSync": 0,
    "ScreenPercentage": 1,
    "SuperResolution": 0,
    "NpcDensity": 2,
    "Bloom": 1,
    "OtherCommand": ""
  },
  {
    "Id": 15,
    "DeviceId": 4,
    "QualityType": 3,
    "DefaultQuality": 0,
    "FPS": 30,
    "ShadowQuality": 2,
    "FxQuality": 1,
    "ImageDetail": 1,
    "AntiAliasing": 1,
    "AO": 0,
    "VolumeFog": 0,
    "VolumeLight": 0,
    "MotionBlur": 0,
    "StreamLevel": 2,
    "VSync": 0,
    "ScreenPercentage": 2,
    "SuperResolution": 0,
    "NpcDensity": 2,
    "Bloom": 1,
    "OtherCommand": ""
  },
  {
    "Id": 16,
    "DeviceId": 5,
    "QualityType": 0,
    "DefaultQuality": 0,
    "FPS": 30,
    "ShadowQuality": 0,
    "FxQuality": 0,
    "ImageDetail": 0,
    "AntiAliasing": 1,
    "AO": 0,
    "VolumeFog": 0,
    "VolumeLight": 0,
    "MotionBlur": 0,
    "StreamLevel": 0,
    "VSync": 0,
    "ScreenPercentage": 0,
    "SuperResolution": 2,
    "NpcDensity": 2,
    "Bloom": 1,
    "OtherCommand": ""
  },
  {
    "Id": 17,
    "DeviceId": 5,
    "QualityType": 1,
    "DefaultQuality": 0,
    "FPS": 45,
    "ShadowQuality": 1,
    "FxQuality": 0,
    "ImageDetail": 0,
    "AntiAliasing": 1,
    "AO": 0,
    "VolumeFog": 0,
    "VolumeLight": 0,
    "MotionBlur": 1,
    "StreamLevel": 0,
    "VSync": 0,
    "ScreenPercentage": 1,
    "SuperResolution": 2,
    "NpcDensity": 2,
    "Bloom": 1,
    "OtherCommand": ""
  },
  {
    "Id": 18,
    "DeviceId": 5,
    "QualityType": 2,
    "DefaultQuality": 1,
    "FPS": 60,
    "ShadowQuality": 2,
    "FxQuality": 1,
    "ImageDetail": 1,
    "AntiAliasing": 1,
    "AO": 1,
    "VolumeFog": 1,
    "VolumeLight": 1,
    "MotionBlur": 1,
    "StreamLevel": 1,
    "VSync": 1,
    "ScreenPercentage": 2,
    "SuperResolution": 2,
    "NpcDensity": 2,
    "Bloom": 1,
    "OtherCommand": ""
  },
  {
    "Id": 19,
    "DeviceId": 5,
    "QualityType": 3,
    "DefaultQuality": 0,
    "FPS": 60,
    "ShadowQuality": 3,
    "FxQuality": 1,
    "ImageDetail": 2,
    "AntiAliasing": 1,
    "AO": 1,
    "VolumeFog": 1,
    "VolumeLight": 1,
    "MotionBlur": 1,
    "StreamLevel": 2,
    "VSync": 1,
    "ScreenPercentage": 3,
    "SuperResolution": 2,
    "NpcDensity": 2,
    "Bloom": 1,
    "OtherCommand": ""
  },
  {
    "Id": 20,
    "DeviceId": 6,
    "QualityType": 0,
    "DefaultQuality": 0,
    "FPS": 30,
    "ShadowQuality": 0,
    "FxQuality": 0,
    "ImageDetail": 0,
    "AntiAliasing": 1,
    "AO": 0,
    "VolumeFog": 0,
    "VolumeLight": 0,
    "MotionBlur": 0,
    "StreamLevel": 0,
    "VSync": 0,
    "ScreenPercentage": 0,
    "SuperResolution": 2,
    "NpcDensity": 2,
    "Bloom": 1,
    "OtherCommand": ""
  },
  {
    "Id": 21,
    "DeviceId": 6,
    "QualityType": 1,
    "DefaultQuality": 1,
    "FPS": 45,
    "ShadowQuality": 1,
    "FxQuality": 0,
    "ImageDetail": 0,
    "AntiAliasing": 1,
    "AO": 0,
    "VolumeFog": 0,
    "VolumeLight": 0,
    "MotionBlur": 1,
    "StreamLevel": 0,
    "VSync": 1,
    "ScreenPercentage": 1,
    "SuperResolution": 2,
    "NpcDensity": 2,
    "Bloom": 1,
    "OtherCommand": ""
  },
  {
    "Id": 22,
    "DeviceId": 6,
    "QualityType": 2,
    "DefaultQuality": 0,
    "FPS": 45,
    "ShadowQuality": 2,
    "FxQuality": 1,
    "ImageDetail": 1,
    "AntiAliasing": 1,
    "AO": 0,
    "VolumeFog": 0,
    "VolumeLight": 1,
    "MotionBlur": 1,
    "StreamLevel": 1,
    "VSync": 1,
    "ScreenPercentage": 2,
    "SuperResolution": 2,
    "NpcDensity": 2,
    "Bloom": 1,
    "OtherCommand": ""
  },
  {
    "Id": 23,
    "DeviceId": 6,
    "QualityType": 3,
    "DefaultQuality": 0,
    "FPS": 60,
    "ShadowQuality": 3,
    "FxQuality": 1,
    "ImageDetail": 2,
    "AntiAliasing": 1,
    "AO": 1,
    "VolumeFog": 1,
    "VolumeLight": 1,
    "MotionBlur": 1,
    "StreamLevel": 2,
    "VSync": 1,
    "ScreenPercentage": 3,
    "SuperResolution": 2,
    "NpcDensity": 2,
    "Bloom": 1,
    "OtherCommand": ""
  },
  {
    "Id": 24,
    "DeviceId": 7,
    "QualityType": 0,
    "DefaultQuality": 0,
    "FPS": 30,
    "ShadowQuality": 0,
    "FxQuality": 0,
    "ImageDetail": 0,
    "AntiAliasing": 0,
    "AO": 0,
    "VolumeFog": 0,
    "VolumeLight": 0,
    "MotionBlur": 0,
    "StreamLevel": 0,
    "VSync": 0,
    "ScreenPercentage": 0,
    "SuperResolution": 0,
    "NpcDensity": 2,
    "Bloom": 1,
    "OtherCommand": ""
  },
  {
    "Id": 25,
    "DeviceId": 7,
    "QualityType": 1,
    "DefaultQuality": 0,
    "FPS": 30,
    "ShadowQuality": 1,
    "FxQuality": 0,
    "ImageDetail": 1,
    "AntiAliasing": 1,
    "AO": 0,
    "VolumeFog": 0,
    "VolumeLight": 0,
    "MotionBlur": 0,
    "StreamLevel": 0,
    "VSync": 0,
    "ScreenPercentage": 0,
    "SuperResolution": 0,
    "NpcDensity": 2,
    "Bloom": 1,
    "OtherCommand": ""
  },
  {
    "Id": 26,
    "DeviceId": 7,
    "QualityType": 2,
    "DefaultQuality": 1,
    "FPS": 30,
    "ShadowQuality": 2,
    "FxQuality": 1,
    "ImageDetail": 1,
    "AntiAliasing": 1,
    "AO": 0,
    "VolumeFog": 0,
    "VolumeLight": 0,
    "MotionBlur": 0,
    "StreamLevel": 0,
    "VSync": 0,
    "ScreenPercentage": 1,
    "SuperResolution": 0,
    "NpcDensity": 2,
    "Bloom": 1,
    "OtherCommand": ""
  },
  {
    "Id": 27,
    "DeviceId": 7,
    "QualityType": 3,
    "DefaultQuality": 0,
    "FPS": 60,
    "ShadowQuality": 2,
    "FxQuality": 1,
    "ImageDetail": 1,
    "AntiAliasing": 1,
    "AO": 1,
    "VolumeFog": 0,
    "VolumeLight": 0,
    "MotionBlur": 0,
    "StreamLevel": 0,
    "VSync": 0,
    "ScreenPercentage": 2,
    "SuperResolution": 0,
    "NpcDensity": 2,
    "Bloom": 1,
    "OtherCommand": ""
  },
  {
    "Id": 101,
    "DeviceId": 11,
    "QualityType": 0,
    "DefaultQuality": 1,
    "FPS": 30,
    "ShadowQuality": 1,
    "FxQuality": 0,
    "ImageDetail": 0,
    "AntiAliasing": 1,
    "AO": 0,
    "VolumeFog": 0,
    "VolumeLight": 0,
    "MotionBlur": 0,
    "StreamLevel": 0,
    "VSync": 0,
    "ScreenPercentage": 0,
    "SuperResolution": 2,
    "NpcDensity": 0,
    "Bloom": 1,
    "OtherCommand": ""
  },
  {
    "Id": 102,
    "DeviceId": 11,
    "QualityType": 1,
    "DefaultQuality": 0,
    "FPS": 30,
    "ShadowQuality": 1,
    "FxQuality": 0,
    "ImageDetail": 0,
    "AntiAliasing": 1,
    "AO": 0,
    "VolumeFog": 0,
    "VolumeLight": 0,
    "MotionBlur": 1,
    "StreamLevel": 0,
    "VSync": 1,
    "ScreenPercentage": 1,
    "SuperResolution": 2,
    "NpcDensity": 1,
    "Bloom": 1,
    "OtherCommand": ""
  },
  {
    "Id": 103,
    "DeviceId": 11,
    "QualityType": 2,
    "DefaultQuality": 0,
    "FPS": 45,
    "ShadowQuality": 2,
    "FxQuality": 1,
    "ImageDetail": 1,
    "AntiAliasing": 1,
    "AO": 0,
    "VolumeFog": 0,
    "VolumeLight": 1,
    "MotionBlur": 1,
    "StreamLevel": 1,
    "VSync": 1,
    "ScreenPercentage": 2,
    "SuperResolution": 2,
    "NpcDensity": 2,
    "Bloom": 1,
    "OtherCommand": ""
  },
  {
    "Id": 104,
    "DeviceId": 11,
    "QualityType": 3,
    "DefaultQuality": 0,
    "FPS": 45,
    "ShadowQuality": 3,
    "FxQuality": 1,
    "ImageDetail": 2,
    "AntiAliasing": 1,
    "AO": 1,
    "VolumeFog": 1,
    "VolumeLight": 1,
    "MotionBlur": 1,
    "StreamLevel": 2,
    "VSync": 1,
    "ScreenPercentage": 3,
    "SuperResolution": 2,
    "NpcDensity": 2,
    "Bloom": 1,
    "OtherCommand": ""
  },
  {
    "Id": 105,
    "DeviceId": 12,
    "QualityType": 0,
    "DefaultQuality": 0,
    "FPS": 30,
    "ShadowQuality": 1,
    "FxQuality": 0,
    "ImageDetail": 0,
    "AntiAliasing": 1,
    "AO": 0,
    "VolumeFog": 0,
    "VolumeLight": 0,
    "MotionBlur": 0,
    "StreamLevel": 0,
    "VSync": 0,
    "ScreenPercentage": 0,
    "SuperResolution": 2,
    "NpcDensity": 0,
    "Bloom": 1,
    "OtherCommand": ""
  },
  {
    "Id": 106,
    "DeviceId": 12,
    "QualityType": 1,
    "DefaultQuality": 1,
    "FPS": 45,
    "ShadowQuality": 1,
    "FxQuality": 0,
    "ImageDetail": 0,
    "AntiAliasing": 1,
    "AO": 0,
    "VolumeFog": 0,
    "VolumeLight": 0,
    "MotionBlur": 1,
    "StreamLevel": 0,
    "VSync": 1,
    "ScreenPercentage": 1,
    "SuperResolution": 2,
    "NpcDensity": 1,
    "Bloom": 1,
    "OtherCommand": ""
  },
  {
    "Id": 107,
    "DeviceId": 12,
    "QualityType": 2,
    "DefaultQuality": 0,
    "FPS": 45,
    "ShadowQuality": 2,
    "FxQuality": 1,
    "ImageDetail": 1,
    "AntiAliasing": 1,
    "AO": 0,
    "VolumeFog": 0,
    "VolumeLight": 1,
    "MotionBlur": 1,
    "StreamLevel": 1,
    "VSync": 1,
    "ScreenPercentage": 2,
    "SuperResolution": 2,
    "NpcDensity": 2,
    "Bloom": 1,
    "OtherCommand": ""
  },
  {
    "Id": 108,
    "DeviceId": 12,
    "QualityType": 3,
    "DefaultQuality": 0,
    "FPS": 60,
    "ShadowQuality": 3,
    "FxQuality": 1,
    "ImageDetail": 2,
    "AntiAliasing": 1,
    "AO": 1,
    "VolumeFog": 1,
    "VolumeLight": 1,
    "MotionBlur": 1,
    "StreamLevel": 2,
    "VSync": 1,
    "ScreenPercentage": 3,
    "SuperResolution": 2,
    "NpcDensity": 2,
    "Bloom": 1,
    "OtherCommand": ""
  },
  {
    "Id": 109,
    "DeviceId": 13,
    "QualityType": 0,
    "DefaultQuality": 0,
    "FPS": 45,
    "ShadowQuality": 1,
    "FxQuality": 0,
    "ImageDetail": 0,
    "AntiAliasing": 1,
    "AO": 0,
    "VolumeFog": 0,
    "VolumeLight": 0,
    "MotionBlur": 0,
    "StreamLevel": 0,
    "VSync": 0,
    "ScreenPercentage": 0,
    "SuperResolution": 2,
    "NpcDensity": 0,
    "Bloom": 1,
    "OtherCommand": ""
  },
  {
    "Id": 110,
    "DeviceId": 13,
    "QualityType": 1,
    "DefaultQuality": 0,
    "FPS": 45,
    "ShadowQuality": 1,
    "FxQuality": 0,
    "ImageDetail": 0,
    "AntiAliasing": 1,
    "AO": 0,
    "VolumeFog": 0,
    "VolumeLight": 0,
    "MotionBlur": 1,
    "StreamLevel": 0,
    "VSync": 1,
    "ScreenPercentage": 1,
    "SuperResolution": 2,
    "NpcDensity": 1,
    "Bloom": 1,
    "OtherCommand": ""
  },
  {
    "Id": 111,
    "DeviceId": 13,
    "QualityType": 2,
    "DefaultQuality": 1,
    "FPS": 60,
    "ShadowQuality": 2,
    "FxQuality": 1,
    "ImageDetail": 1,
    "AntiAliasing": 1,
    "AO": 1,
    "VolumeFog": 1,
    "VolumeLight": 1,
    "MotionBlur": 1,
    "StreamLevel": 1,
    "VSync": 1,
    "ScreenPercentage": 2,
    "SuperResolution": 2,
    "NpcDensity": 2,
    "Bloom": 1,
    "OtherCommand": ""
  },
  {
    "Id": 112,
    "DeviceId": 13,
    "QualityType": 3,
    "DefaultQuality": 0,
    "FPS": 60,
    "ShadowQuality": 3,
    "FxQuality": 1,
    "ImageDetail": 2,
    "AntiAliasing": 1,
    "AO": 1,
    "VolumeFog": 1,
    "VolumeLight": 1,
    "MotionBlur": 1,
    "StreamLevel": 2,
    "VSync": 1,
    "ScreenPercentage": 3,
    "SuperResolution": 2,
    "NpcDensity": 2,
    "Bloom": 1,
    "OtherCommand": ""
  },
  {
    "Id": 113,
    "DeviceId": 14,
    "QualityType": 0,
    "DefaultQuality": 0,
    "FPS": 45,
    "ShadowQuality": 1,
    "FxQuality": 0,
    "ImageDetail": 0,
    "AntiAliasing": 1,
    "AO": 0,
    "VolumeFog": 0,
    "VolumeLight": 0,
    "MotionBlur": 0,
    "StreamLevel": 0,
    "VSync": 0,
    "ScreenPercentage": 0,
    "SuperResolution": 2,
    "NpcDensity": 0,
    "Bloom": 1,
    "OtherCommand": ""
  },
  {
    "Id": 114,
    "DeviceId": 14,
    "QualityType": 1,
    "DefaultQuality": 0,
    "FPS": 45,
    "ShadowQuality": 1,
    "FxQuality": 0,
    "ImageDetail": 0,
    "AntiAliasing": 1,
    "AO": 0,
    "VolumeFog": 0,
    "VolumeLight": 0,
    "MotionBlur": 1,
    "StreamLevel": 0,
    "VSync": 1,
    "ScreenPercentage": 1,
    "SuperResolution": 2,
    "NpcDensity": 1,
    "Bloom": 1,
    "OtherCommand": ""
  },
  {
    "Id": 115,
    "DeviceId": 14,
    "QualityType": 2,
    "DefaultQuality": 0,
    "FPS": 60,
    "ShadowQuality": 2,
    "FxQuality": 1,
    "ImageDetail": 1,
    "AntiAliasing": 1,
    "AO": 1,
    "VolumeFog": 1,
    "VolumeLight": 1,
    "MotionBlur": 1,
    "StreamLevel": 1,
    "VSync": 1,
    "ScreenPercentage": 2,
    "SuperResolution": 2,
    "NpcDensity": 2,
    "Bloom": 1,
    "OtherCommand": ""
  },
  {
    "Id": 116,
    "DeviceId": 14,
    "QualityType": 3,
    "DefaultQuality": 1,
    "FPS": 60,
    "ShadowQuality": 3,
    "FxQuality": 1,
    "ImageDetail": 2,
    "AntiAliasing": 1,
    "AO": 1,
    "VolumeFog": 1,
    "VolumeLight": 1,
    "MotionBlur": 1,
    "StreamLevel": 2,
    "VSync": 1,
    "ScreenPercentage": 3,
    "SuperResolution": 2,
    "NpcDensity": 2,
    "Bloom": 1,
    "OtherCommand": ""
  },
  {
    "Id": 201,
    "DeviceId": 21,
    "QualityType": 0,
    "DefaultQuality": 0,
    "FPS": 30,
    "ShadowQuality": 0,
    "FxQuality": 0,
    "ImageDetail": 0,
    "AntiAliasing": 1,
    "AO": 0,
    "VolumeFog": 0,
    "VolumeLight": 0,
    "MotionBlur": 0,
    "StreamLevel": 0,
    "VSync": 0,
    "ScreenPercentage": 0,
    "SuperResolution": 0,
    "NpcDensity": 0,
    "Bloom": 0,
    "OtherCommand": ""
  },
  {
    "Id": 202,
    "DeviceId": 21,
    "QualityType": 1,
    "DefaultQuality": 1,
    "FPS": 30,
    "ShadowQuality": 1,
    "FxQuality": 0,
    "ImageDetail": 0,
    "AntiAliasing": 1,
    "AO": 0,
    "VolumeFog": 0,
    "VolumeLight": 0,
    "MotionBlur": 0,
    "StreamLevel": 0,
    "VSync": 0,
    "ScreenPercentage": 0,
    "SuperResolution": 0,
    "NpcDensity": 0,
    "Bloom": 0,
    "OtherCommand": ""
  },
  {
    "Id": 203,
    "DeviceId": 21,
    "QualityType": 2,
    "DefaultQuality": 0,
    "FPS": 30,
    "ShadowQuality": 2,
    "FxQuality": 0,
    "ImageDetail": 1,
    "AntiAliasing": 1,
    "AO": 0,
    "VolumeFog": 0,
    "VolumeLight": 0,
    "MotionBlur": 0,
    "StreamLevel": 1,
    "VSync": 0,
    "ScreenPercentage": 1,
    "SuperResolution": 0,
    "NpcDensity": 1,
    "Bloom": 1,
    "OtherCommand": ""
  },
  {
    "Id": 204,
    "DeviceId": 21,
    "QualityType": 3,
    "DefaultQuality": 0,
    "FPS": 30,
    "ShadowQuality": 2,
    "FxQuality": 1,
    "ImageDetail": 1,
    "AntiAliasing": 1,
    "AO": 0,
    "VolumeFog": 0,
    "VolumeLight": 0,
    "MotionBlur": 0,
    "StreamLevel": 2,
    "VSync": 0,
    "ScreenPercentage": 2,
    "SuperResolution": 0,
    "NpcDensity": 2,
    "Bloom": 1,
    "OtherCommand": ""
  },
  {
    "Id": 205,
    "DeviceId": 22,
    "QualityType": 0,
    "DefaultQuality": 0,
    "FPS": 30,
    "ShadowQuality": 0,
    "FxQuality": 0,
    "ImageDetail": 0,
    "AntiAliasing": 1,
    "AO": 0,
    "VolumeFog": 0,
    "VolumeLight": 0,
    "MotionBlur": 0,
    "StreamLevel": 0,
    "VSync": 0,
    "ScreenPercentage": 0,
    "SuperResolution": 0,
    "NpcDensity": 0,
    "Bloom": 0,
    "OtherCommand": ""
  },
  {
    "Id": 206,
    "DeviceId": 22,
    "QualityType": 1,
    "DefaultQuality": 0,
    "FPS": 30,
    "ShadowQuality": 1,
    "FxQuality": 0,
    "ImageDetail": 1,
    "AntiAliasing": 1,
    "AO": 0,
    "VolumeFog": 0,
    "VolumeLight": 0,
    "MotionBlur": 0,
    "StreamLevel": 0,
    "VSync": 0,
    "ScreenPercentage": 0,
    "SuperResolution": 0,
    "NpcDensity": 0,
    "Bloom": 0,
    "OtherCommand": ""
  },
  {
    "Id": 207,
    "DeviceId": 22,
    "QualityType": 2,
    "DefaultQuality": 1,
    "FPS": 30,
    "ShadowQuality": 2,
    "FxQuality": 1,
    "ImageDetail": 1,
    "AntiAliasing": 1,
    "AO": 0,
    "VolumeFog": 0,
    "VolumeLight": 0,
    "MotionBlur": 0,
    "StreamLevel": 1,
    "VSync": 0,
    "ScreenPercentage": 1,
    "SuperResolution": 0,
    "NpcDensity": 1,
    "Bloom": 1,
    "OtherCommand": ""
  },
  {
    "Id": 208,
    "DeviceId": 22,
    "QualityType": 3,
    "DefaultQuality": 0,
    "FPS": 30,
    "ShadowQuality": 2,
    "FxQuality": 1,
    "ImageDetail": 1,
    "AntiAliasing": 1,
    "AO": 0,
    "VolumeFog": 0,
    "VolumeLight": 0,
    "MotionBlur": 0,
    "StreamLevel": 2,
    "VSync": 0,
    "ScreenPercentage": 2,
    "SuperResolution": 0,
    "NpcDensity": 2,
    "Bloom": 1,
    "OtherCommand": ""
  },
  {
    "Id": 209,
    "DeviceId": 23,
    "QualityType": 0,
    "DefaultQuality": 0,
    "FPS": 30,
    "ShadowQuality": 0,
    "FxQuality": 0,
    "ImageDetail": 0,
    "AntiAliasing": 1,
    "AO": 0,
    "VolumeFog": 0,
    "VolumeLight": 0,
    "MotionBlur": 0,
    "StreamLevel": 0,
    "VSync": 0,
    "ScreenPercentage": 0,
    "SuperResolution": 0,
    "NpcDensity": 0,
    "Bloom": 0,
    "OtherCommand": ""
  },
  {
    "Id": 210,
    "DeviceId": 23,
    "QualityType": 1,
    "DefaultQuality": 0,
    "FPS": 30,
    "ShadowQuality": 1,
    "FxQuality": 0,
    "ImageDetail": 1,
    "AntiAliasing": 1,
    "AO": 0,
    "VolumeFog": 0,
    "VolumeLight": 0,
    "MotionBlur": 0,
    "StreamLevel": 0,
    "VSync": 0,
    "ScreenPercentage": 0,
    "SuperResolution": 0,
    "NpcDensity": 0,
    "Bloom": 0,
    "OtherCommand": ""
  },
  {
    "Id": 211,
    "DeviceId": 23,
    "QualityType": 2,
    "DefaultQuality": 1,
    "FPS": 30,
    "ShadowQuality": 2,
    "FxQuality": 1,
    "ImageDetail": 1,
    "AntiAliasing": 1,
    "AO": 0,
    "VolumeFog": 0,
    "VolumeLight": 0,
    "MotionBlur": 0,
    "StreamLevel": 1,
    "VSync": 0,
    "ScreenPercentage": 1,
    "SuperResolution": 0,
    "NpcDensity": 1,
    "Bloom": 1,
    "OtherCommand": ""
  },
  {
    "Id": 212,
    "DeviceId": 23,
    "QualityType": 3,
    "DefaultQuality": 0,
    "FPS": 30,
    "ShadowQuality": 2,
    "FxQuality": 1,
    "ImageDetail": 1,
    "AntiAliasing": 1,
    "AO": 1,
    "VolumeFog": 0,
    "VolumeLight": 1,
    "MotionBlur": 0,
    "StreamLevel": 2,
    "VSync": 0,
    "ScreenPercentage": 2,
    "SuperResolution": 0,
    "NpcDensity": 2,
    "Bloom": 1,
    "OtherCommand": ""
  },
  {
    "Id": 213,
    "DeviceId": 24,
    "QualityType": 0,
    "DefaultQuality": 0,
    "FPS": 30,
    "ShadowQuality": 0,
    "FxQuality": 0,
    "ImageDetail": 0,
    "AntiAliasing": 1,
    "AO": 0,
    "VolumeFog": 0,
    "VolumeLight": 0,
    "MotionBlur": 0,
    "StreamLevel": 0,
    "VSync": 0,
    "ScreenPercentage": 0,
    "SuperResolution": 0,
    "NpcDensity": 0,
    "Bloom": 0,
    "OtherCommand": ""
  },
  {
    "Id": 214,
    "DeviceId": 24,
    "QualityType": 1,
    "DefaultQuality": 0,
    "FPS": 30,
    "ShadowQuality": 1,
    "FxQuality": 0,
    "ImageDetail": 1,
    "AntiAliasing": 1,
    "AO": 0,
    "VolumeFog": 0,
    "VolumeLight": 0,
    "MotionBlur": 0,
    "StreamLevel": 0,
    "VSync": 0,
    "ScreenPercentage": 0,
    "SuperResolution": 0,
    "NpcDensity": 0,
    "Bloom": 0,
    "OtherCommand": ""
  },
  {
    "Id": 215,
    "DeviceId": 24,
    "QualityType": 2,
    "DefaultQuality": 1,
    "FPS": 30,
    "ShadowQuality": 2,
    "FxQuality": 1,
    "ImageDetail": 1,
    "AntiAliasing": 1,
    "AO": 0,
    "VolumeFog": 0,
    "VolumeLight": 0,
    "MotionBlur": 0,
    "StreamLevel": 1,
    "VSync": 0,
    "ScreenPercentage": 1,
    "SuperResolution": 0,
    "NpcDensity": 1,
    "Bloom": 1,
    "OtherCommand": ""
  },
  {
    "Id": 216,
    "DeviceId": 24,
    "QualityType": 3,
    "DefaultQuality": 0,
    "FPS": 30,
    "ShadowQuality": 3,
    "FxQuality": 1,
    "ImageDetail": 2,
    "AntiAliasing": 1,
    "AO": 1,
    "VolumeFog": 0,
    "VolumeLight": 1,
    "MotionBlur": 0,
    "StreamLevel": 2,
    "VSync": 0,
    "ScreenPercentage": 2,
    "SuperResolution": 0,
    "NpcDensity": 2,
    "Bloom": 1,
    "OtherCommand": ""
  },
  {
    "Id": 301,
    "DeviceId": 31,
    "QualityType": 0,
    "DefaultQuality": 0,
    "FPS": 30,
    "ShadowQuality": 0,
    "FxQuality": 0,
    "ImageDetail": 0,
    "AntiAliasing": 1,
    "AO": 0,
    "VolumeFog": 0,
    "VolumeLight": 0,
    "MotionBlur": 0,
    "StreamLevel": 0,
    "VSync": 0,
    "ScreenPercentage": 0,
    "SuperResolution": 0,
    "NpcDensity": 0,
    "Bloom": 0,
    "OtherCommand": ""
  },
  {
    "Id": 302,
    "DeviceId": 31,
    "QualityType": 1,
    "DefaultQuality": 0,
    "FPS": 30,
    "ShadowQuality": 1,
    "FxQuality": 0,
    "ImageDetail": 0,
    "AntiAliasing": 1,
    "AO": 0,
    "VolumeFog": 0,
    "VolumeLight": 0,
    "MotionBlur": 0,
    "StreamLevel": 0,
    "VSync": 0,
    "ScreenPercentage": 0,
    "SuperResolution": 0,
    "NpcDensity": 0,
    "Bloom": 0,
    "OtherCommand": ""
  },
  {
    "Id": 303,
    "DeviceId": 31,
    "QualityType": 2,
    "DefaultQuality": 1,
    "FPS": 30,
    "ShadowQuality": 2,
    "FxQuality": 0,
    "ImageDetail": 1,
    "AntiAliasing": 1,
    "AO": 0,
    "VolumeFog": 0,
    "VolumeLight": 0,
    "MotionBlur": 0,
    "StreamLevel": 0,
    "VSync": 0,
    "ScreenPercentage": 1,
    "SuperResolution": 0,
    "NpcDensity": 1,
    "Bloom": 1,
    "OtherCommand": ""
  },
  {
    "Id": 304,
    "DeviceId": 31,
    "QualityType": 3,
    "DefaultQuality": 0,
    "FPS": 30,
    "ShadowQuality": 2,
    "FxQuality": 1,
    "ImageDetail": 1,
    "AntiAliasing": 1,
    "AO": 0,
    "VolumeFog": 0,
    "VolumeLight": 0,
    "MotionBlur": 0,
    "StreamLevel": 0,
    "VSync": 0,
    "ScreenPercentage": 2,
    "SuperResolution": 0,
    "NpcDensity": 2,
    "Bloom": 1,
    "OtherCommand": ""
  },
  {
    "Id": 305,
    "DeviceId": 32,
    "QualityType": 0,
    "DefaultQuality": 0,
    "FPS": 30,
    "ShadowQuality": 0,
    "FxQuality": 0,
    "ImageDetail": 0,
    "AntiAliasing": 1,
    "AO": 0,
    "VolumeFog": 0,
    "VolumeLight": 0,
    "MotionBlur": 0,
    "StreamLevel": 0,
    "VSync": 0,
    "ScreenPercentage": 0,
    "SuperResolution": 0,
    "NpcDensity": 0,
    "Bloom": 0,
    "OtherCommand": ""
  },
  {
    "Id": 306,
    "DeviceId": 32,
    "QualityType": 1,
    "DefaultQuality": 0,
    "FPS": 30,
    "ShadowQuality": 1,
    "FxQuality": 0,
    "ImageDetail": 1,
    "AntiAliasing": 1,
    "AO": 0,
    "VolumeFog": 0,
    "VolumeLight": 0,
    "MotionBlur": 0,
    "StreamLevel": 0,
    "VSync": 0,
    "ScreenPercentage": 0,
    "SuperResolution": 0,
    "NpcDensity": 0,
    "Bloom": 0,
    "OtherCommand": ""
  },
  {
    "Id": 307,
    "DeviceId": 32,
    "QualityType": 2,
    "DefaultQuality": 1,
    "FPS": 30,
    "ShadowQuality": 2,
    "FxQuality": 1,
    "ImageDetail": 1,
    "AntiAliasing": 1,
    "AO": 0,
    "VolumeFog": 0,
    "VolumeLight": 0,
    "MotionBlur": 0,
    "StreamLevel": 1,
    "VSync": 0,
    "ScreenPercentage": 1,
    "SuperResolution": 0,
    "NpcDensity": 1,
    "Bloom": 1,
    "OtherCommand": ""
  },
  {
    "Id": 308,
    "DeviceId": 32,
    "QualityType": 3,
    "DefaultQuality": 0,
    "FPS": 30,
    "ShadowQuality": 2,
    "FxQuality": 1,
    "ImageDetail": 1,
    "AntiAliasing": 1,
    "AO": 0,
    "VolumeFog": 0,
    "VolumeLight": 0,
    "MotionBlur": 0,
    "StreamLevel": 2,
    "VSync": 0,
    "ScreenPercentage": 2,
    "SuperResolution": 0,
    "NpcDensity": 2,
    "Bloom": 1,
    "OtherCommand": ""
  },
  {
    "Id": 309,
    "DeviceId": 33,
    "QualityType": 0,
    "DefaultQuality": 0,
    "FPS": 30,
    "ShadowQuality": 0,
    "FxQuality": 0,
    "ImageDetail": 0,
    "AntiAliasing": 1,
    "AO": 0,
    "VolumeFog": 0,
    "VolumeLight": 0,
    "MotionBlur": 0,
    "StreamLevel": 0,
    "VSync": 0,
    "ScreenPercentage": 0,
    "SuperResolution": 0,
    "NpcDensity": 0,
    "Bloom": 0,
    "OtherCommand": ""
  },
  {
    "Id": 310,
    "DeviceId": 33,
    "QualityType": 1,
    "DefaultQuality": 0,
    "FPS": 30,
    "ShadowQuality": 1,
    "FxQuality": 0,
    "ImageDetail": 1,
    "AntiAliasing": 1,
    "AO": 0,
    "VolumeFog": 0,
    "VolumeLight": 0,
    "MotionBlur": 0,
    "StreamLevel": 0,
    "VSync": 0,
    "ScreenPercentage": 0,
    "SuperResolution": 0,
    "NpcDensity": 0,
    "Bloom": 0,
    "OtherCommand": ""
  },
  {
    "Id": 311,
    "DeviceId": 33,
    "QualityType": 2,
    "DefaultQuality": 1,
    "FPS": 30,
    "ShadowQuality": 2,
    "FxQuality": 1,
    "ImageDetail": 1,
    "AntiAliasing": 1,
    "AO": 0,
    "VolumeFog": 0,
    "VolumeLight": 0,
    "MotionBlur": 0,
    "StreamLevel": 1,
    "VSync": 0,
    "ScreenPercentage": 1,
    "SuperResolution": 0,
    "NpcDensity": 1,
    "Bloom": 1,
    "OtherCommand": ""
  },
  {
    "Id": 312,
    "DeviceId": 33,
    "QualityType": 3,
    "DefaultQuality": 0,
    "FPS": 30,
    "ShadowQuality": 2,
    "FxQuality": 1,
    "ImageDetail": 1,
    "AntiAliasing": 1,
    "AO": 1,
    "VolumeFog": 0,
    "VolumeLight": 1,
    "MotionBlur": 0,
    "StreamLevel": 2,
    "VSync": 0,
    "ScreenPercentage": 2,
    "SuperResolution": 0,
    "NpcDensity": 2,
    "Bloom": 1,
    "OtherCommand": ""
  },
  {
    "Id": 313,
    "DeviceId": 34,
    "QualityType": 0,
    "DefaultQuality": 0,
    "FPS": 30,
    "ShadowQuality": 0,
    "FxQuality": 0,
    "ImageDetail": 0,
    "AntiAliasing": 1,
    "AO": 0,
    "VolumeFog": 0,
    "VolumeLight": 0,
    "MotionBlur": 0,
    "StreamLevel": 0,
    "VSync": 0,
    "ScreenPercentage": 0,
    "SuperResolution": 0,
    "NpcDensity": 0,
    "Bloom": 0,
    "OtherCommand": ""
  },
  {
    "Id": 314,
    "DeviceId": 34,
    "QualityType": 1,
    "DefaultQuality": 0,
    "FPS": 30,
    "ShadowQuality": 1,
    "FxQuality": 0,
    "ImageDetail": 1,
    "AntiAliasing": 1,
    "AO": 0,
    "VolumeFog": 0,
    "VolumeLight": 0,
    "MotionBlur": 0,
    "StreamLevel": 0,
    "VSync": 0,
    "ScreenPercentage": 0,
    "SuperResolution": 0,
    "NpcDensity": 0,
    "Bloom": 0,
    "OtherCommand": ""
  },
  {
    "Id": 315,
    "DeviceId": 34,
    "QualityType": 2,
    "DefaultQuality": 0,
    "FPS": 30,
    "ShadowQuality": 2,
    "FxQuality": 1,
    "ImageDetail": 1,
    "AntiAliasing": 1,
    "AO": 0,
    "VolumeFog": 0,
    "VolumeLight": 0,
    "MotionBlur": 0,
    "StreamLevel": 1,
    "VSync": 0,
    "ScreenPercentage": 1,
    "SuperResolution": 0,
    "NpcDensity": 1,
    "Bloom": 1,
    "OtherCommand": ""
  },
  {
    "Id": 316,
    "DeviceId": 34,
    "QualityType": 3,
    "DefaultQuality": 1,
    "FPS": 30,
    "ShadowQuality": 3,
    "FxQuality": 1,
    "ImageDetail": 2,
    "AntiAliasing": 1,
    "AO": 1,
    "VolumeFog": 0,
    "VolumeLight": 1,
    "MotionBlur": 0,
    "StreamLevel": 2,
    "VSync": 0,
    "ScreenPercentage": 2,
    "SuperResolution": 0,
    "NpcDensity": 2,
    "Bloom": 1,
    "OtherCommand": ""
  }
]