[
  {
    "ProtocolId": 6808,
    "ActionId": 12010001
  },
  {
    "ProtocolId": 7106,
    "ActionId": 12010002
  },
  {
    "ProtocolId": 7112,
    "ActionId": 12010003
  },
  {
    "ProtocolId": 7108,
    "ActionId": 12010003
  },
  {
    "ProtocolId": 7126,
    "ActionId": 12010003
  },
  {
    "ProtocolId": 5408,
    "ActionId": 12010004
  },
  {
    "ProtocolId": 7201,
    "ActionId": 12010005
  },
  {
    "ProtocolId": 5012,
    "ActionId": 12015012
  },
  {
    "ProtocolId": 5014,
    "ActionId": 12015014
  },
  {
    "ProtocolId": 5030,
    "ActionId": 12015030
  },
  {
    "ProtocolId": 5020,
    "ActionId": 12015020
  },
  {
    "ProtocolId": 5016,
    "ActionId": 12015016
  },
  {
    "ProtocolId": 5502,
    "ActionId": 12015502
  },
  {
    "ProtocolId": 5504,
    "ActionId": 12015504
  },
  {
    "ProtocolId": 5506,
    "ActionId": 12015506
  },
  {
    "ProtocolId": 6707,
    "ActionId": 12016707
  },
  {
    "ProtocolId": 7402,
    "ActionId": 12017402
  },
  {
    "ProtocolId": 5703,
    "ActionId": 12010003
  },
  {
    "ProtocolId": 6705,
    "ActionId": 12010002
  },
  {
    "ProtocolId": 6703,
    "ActionId": 12010003
  },
  {
    "ProtocolId": 6701,
    "ActionId": 12010003
  },
  {
    "ProtocolId": 5927,
    "ActionId": 12010006
  },
  {
    "ProtocolId": 5925,
    "ActionId": 12010006
  }
]