[
  {
    "Id": "RoleIcon1",
    "ConfigParam": "RoleHeadIcon"
  },
  {
    "Id": "RoleIcon2",
    "ConfigParam": "Card"
  },
  {
    "Id": "RoleIcon3",
    "ConfigParam": "FormationRoleCard"
  },
  {
    "Id": "RoleIcon4",
    "ConfigParam": "RoleStand"
  },
  {
    "Id": "RoleIcon5",
    "ConfigParam": "RoleHeadIconBig"
  },
  {
    "Id": "ItemIcon160",
    "ConfigParam": "RoleHeadIcon"
  },
  {
    "Id": "RoleIcon6",
    "ConfigParam": "RoleHeadIconLarge"
  },
  {
    "Id": "RoleIcon7",
    "ConfigParam": "RoleHeadIconCircle"
  }
]