[
  {
    "Id": 1,
    "Title": "ConfirmBox_1_Title",
    "Content": "ConfirmBox_1_Content",
    "SecondaryContent": "",
    "ButtonText": [
      "ConfirmBox_1_ButtonText_0",
      "ConfirmBox_1_ButtonText_1"
    ],
    "DelayTime": 0,
    "DelayButtonIndex": 0,
    "NeedMaskClose": true,
    "UiShowType": 0,
    "NeedClose": true
  },
  {
    "Id": 2,
    "Title": "ConfirmBox_1_Title",
    "Content": "ConfirmBox_2_Content",
    "SecondaryContent": "",
    "ButtonText": [
      "ConfirmBox_1_ButtonText_0",
      "ConfirmBox_1_ButtonText_1"
    ],
    "DelayTime": 0,
    "DelayButtonIndex": 0,
    "NeedMaskClose": true,
    "UiShowType": 0,
    "NeedClose": true
  },
  {
    "Id": 3,
    "Title": "ConfirmBox_1_Title",
    "Content": "ConfirmBox_3_Content",
    "SecondaryContent": "",
    "ButtonText": [
      "ConfirmBox_1_ButtonText_0",
      "ConfirmBox_1_ButtonText_1"
    ],
    "DelayTime": 0,
    "DelayButtonIndex": 0,
    "NeedMaskClose": true,
    "UiShowType": 0,
    "NeedClose": true
  },
  {
    "Id": 4,
    "Title": "ConfirmBox_1_Title",
    "Content": "ConfirmBox_4_Content",
    "SecondaryContent": "",
    "ButtonText": [
      "ConfirmBox_1_ButtonText_0",
      "ConfirmBox_1_ButtonText_1"
    ],
    "DelayTime": 0,
    "DelayButtonIndex": 0,
    "NeedMaskClose": true,
    "UiShowType": 0,
    "NeedClose": true
  },
  {
    "Id": 5,
    "Title": "ConfirmBox_1_Title",
    "Content": "ConfirmBox_5_Content",
    "SecondaryContent": "",
    "ButtonText": [
      "ConfirmBox_1_ButtonText_0",
      "ConfirmBox_1_ButtonText_1"
    ],
    "DelayTime": 0,
    "DelayButtonIndex": 0,
    "NeedMaskClose": true,
    "UiShowType": 0,
    "NeedClose": true
  },
  {
    "Id": 6,
    "Title": "ConfirmBox_1_Title",
    "Content": "ConfirmBox_6_Content",
    "SecondaryContent": "",
    "ButtonText": [
      "ConfirmBox_1_ButtonText_0",
      "ConfirmBox_1_ButtonText_1"
    ],
    "DelayTime": 0,
    "DelayButtonIndex": 0,
    "NeedMaskClose": true,
    "UiShowType": 0,
    "NeedClose": true
  },
  {
    "Id": 7,
    "Title": "ConfirmBox_1_Title",
    "Content": "ConfirmBox_7_Content",
    "SecondaryContent": "",
    "ButtonText": [
      "ConfirmBox_1_ButtonText_0",
      "ConfirmBox_1_ButtonText_1"
    ],
    "DelayTime": 0,
    "DelayButtonIndex": 0,
    "NeedMaskClose": true,
    "UiShowType": 0,
    "NeedClose": true
  },
  {
    "Id": 8,
    "Title": "ConfirmBox_1_Title",
    "Content": "ConfirmBox_8_Content",
    "SecondaryContent": "",
    "ButtonText": [
      "ConfirmBox_1_ButtonText_0",
      "ConfirmBox_1_ButtonText_1"
    ],
    "DelayTime": 0,
    "DelayButtonIndex": 0,
    "NeedMaskClose": true,
    "UiShowType": 0,
    "NeedClose": true
  },
  {
    "Id": 9,
    "Title": "ConfirmBox_9_Title",
    "Content": "ConfirmBox_9_Content",
    "SecondaryContent": "",
    "ButtonText": [
      "ConfirmBox_1_ButtonText_0",
      "ConfirmBox_1_ButtonText_1"
    ],
    "DelayTime": 0,
    "DelayButtonIndex": 0,
    "NeedMaskClose": true,
    "UiShowType": 0,
    "NeedClose": true
  },
  {
    "Id": 10,
    "Title": "ConfirmBox_10_Title",
    "Content": "ConfirmBox_10_Content",
    "SecondaryContent": "",
    "ButtonText": [
      "ConfirmBox_10_ButtonText_0"
    ],
    "DelayTime": 0,
    "DelayButtonIndex": 0,
    "NeedMaskClose": false,
    "UiShowType": 0,
    "NeedClose": true
  },
  {
    "Id": 11,
    "Title": "ConfirmBox_1_Title",
    "Content": "ConfirmBox_11_Content",
    "SecondaryContent": "",
    "ButtonText": [
      "ConfirmBox_1_ButtonText_0",
      "ConfirmBox_1_ButtonText_1"
    ],
    "DelayTime": 0,
    "DelayButtonIndex": 0,
    "NeedMaskClose": true,
    "UiShowType": 0,
    "NeedClose": true
  },
  {
    "Id": 12,
    "Title": "ConfirmBox_12_Title",
    "Content": "ConfirmBox_12_Content",
    "SecondaryContent": "",
    "ButtonText": [
      "ConfirmBox_1_ButtonText_0",
      "ConfirmBox_1_ButtonText_1"
    ],
    "DelayTime": 0,
    "DelayButtonIndex": 0,
    "NeedMaskClose": true,
    "UiShowType": 0,
    "NeedClose": true
  },
  {
    "Id": 13,
    "Title": "ConfirmBox_13_Title",
    "Content": "ConfirmBox_13_Content",
    "SecondaryContent": "",
    "ButtonText": [
      "ConfirmBox_1_ButtonText_0",
      "ConfirmBox_1_ButtonText_1"
    ],
    "DelayTime": 0,
    "DelayButtonIndex": 0,
    "NeedMaskClose": true,
    "UiShowType": 0,
    "NeedClose": true
  },
  {
    "Id": 14,
    "Title": "ConfirmBox_14_Title",
    "Content": "ConfirmBox_14_Content",
    "SecondaryContent": "",
    "ButtonText": [
      "ConfirmBox_1_ButtonText_0",
      "ConfirmBox_1_ButtonText_1"
    ],
    "DelayTime": 0,
    "DelayButtonIndex": 0,
    "NeedMaskClose": true,
    "UiShowType": 0,
    "NeedClose": true
  },
  {
    "Id": 15,
    "Title": "ConfirmBox_15_Title",
    "Content": "ConfirmBox_15_Content",
    "SecondaryContent": "",
    "ButtonText": [
      "ConfirmBox_1_ButtonText_0",
      "ConfirmBox_1_ButtonText_1"
    ],
    "DelayTime": 0,
    "DelayButtonIndex": 0,
    "NeedMaskClose": true,
    "UiShowType": 0,
    "NeedClose": true
  },
  {
    "Id": 16,
    "Title": "ConfirmBox_16_Title",
    "Content": "ConfirmBox_16_Content",
    "SecondaryContent": "",
    "ButtonText": [
      "ConfirmBox_1_ButtonText_0",
      "ConfirmBox_1_ButtonText_1"
    ],
    "DelayTime": 0,
    "DelayButtonIndex": 0,
    "NeedMaskClose": true,
    "UiShowType": 0,
    "NeedClose": true
  },
  {
    "Id": 17,
    "Title": "ConfirmBox_17_Title",
    "Content": "ConfirmBox_17_Content",
    "SecondaryContent": "",
    "ButtonText": [
      "ConfirmBox_1_ButtonText_0",
      "ConfirmBox_1_ButtonText_1"
    ],
    "DelayTime": 0,
    "DelayButtonIndex": 0,
    "NeedMaskClose": true,
    "UiShowType": 0,
    "NeedClose": true
  },
  {
    "Id": 18,
    "Title": "ConfirmBox_18_Title",
    "Content": "ConfirmBox_18_Content",
    "SecondaryContent": "",
    "ButtonText": [
      "ConfirmBox_1_ButtonText_0",
      "ConfirmBox_1_ButtonText_1"
    ],
    "DelayTime": 0,
    "DelayButtonIndex": 0,
    "NeedMaskClose": true,
    "UiShowType": 0,
    "NeedClose": true
  },
  {
    "Id": 19,
    "Title": "ConfirmBox_19_Title",
    "Content": "ConfirmBox_19_Content",
    "SecondaryContent": "",
    "ButtonText": [
      "ConfirmBox_1_ButtonText_0",
      "ConfirmBox_1_ButtonText_1"
    ],
    "DelayTime": 0,
    "DelayButtonIndex": 0,
    "NeedMaskClose": true,
    "UiShowType": 0,
    "NeedClose": true
  },
  {
    "Id": 20,
    "Title": "ConfirmBox_20_Title",
    "Content": "ConfirmBox_20_Content",
    "SecondaryContent": "",
    "ButtonText": [
      "ConfirmBox_1_ButtonText_0",
      "ConfirmBox_1_ButtonText_1"
    ],
    "DelayTime": 0,
    "DelayButtonIndex": 0,
    "NeedMaskClose": true,
    "UiShowType": 0,
    "NeedClose": true
  },
  {
    "Id": 21,
    "Title": "ConfirmBox_21_Title",
    "Content": "ConfirmBox_21_Content",
    "SecondaryContent": "",
    "ButtonText": [
      "ConfirmBox_1_ButtonText_0",
      "ConfirmBox_1_ButtonText_1"
    ],
    "DelayTime": 0,
    "DelayButtonIndex": 0,
    "NeedMaskClose": true,
    "UiShowType": 0,
    "NeedClose": true
  },
  {
    "Id": 22,
    "Title": "ConfirmBox_22_Title",
    "Content": "ConfirmBox_22_Content",
    "SecondaryContent": "",
    "ButtonText": [
      "ConfirmBox_1_ButtonText_0",
      "ConfirmBox_1_ButtonText_1"
    ],
    "DelayTime": 0,
    "DelayButtonIndex": 0,
    "NeedMaskClose": true,
    "UiShowType": 0,
    "NeedClose": true
  },
  {
    "Id": 23,
    "Title": "ConfirmBox_23_Title",
    "Content": "ConfirmBox_23_Content",
    "SecondaryContent": "",
    "ButtonText": [
      "ConfirmBox_1_ButtonText_0",
      "ConfirmBox_1_ButtonText_1"
    ],
    "DelayTime": 0,
    "DelayButtonIndex": 0,
    "NeedMaskClose": false,
    "UiShowType": 0,
    "NeedClose": true
  },
  {
    "Id": 24,
    "Title": "ConfirmBox_24_Title",
    "Content": "ConfirmBox_24_Content",
    "SecondaryContent": "",
    "ButtonText": [
      "ConfirmBox_1_ButtonText_0",
      "ConfirmBox_1_ButtonText_1"
    ],
    "DelayTime": 0,
    "DelayButtonIndex": 0,
    "NeedMaskClose": false,
    "UiShowType": 1,
    "NeedClose": true
  },
  {
    "Id": 25,
    "Title": "ConfirmBox_25_Title",
    "Content": "ConfirmBox_25_Content",
    "SecondaryContent": "",
    "ButtonText": [
      "ConfirmBox_1_ButtonText_0",
      "ConfirmBox_1_ButtonText_1"
    ],
    "DelayTime": 0,
    "DelayButtonIndex": 0,
    "NeedMaskClose": true,
    "UiShowType": 0,
    "NeedClose": true
  },
  {
    "Id": 26,
    "Title": "ConfirmBox_26_Title",
    "Content": "ConfirmBox_26_Content",
    "SecondaryContent": "",
    "ButtonText": [
      "ConfirmBox_1_ButtonText_0",
      "ConfirmBox_1_ButtonText_1"
    ],
    "DelayTime": 0,
    "DelayButtonIndex": 0,
    "NeedMaskClose": true,
    "UiShowType": 0,
    "NeedClose": true
  },
  {
    "Id": 27,
    "Title": "ConfirmBox_27_Title",
    "Content": "ConfirmBox_27_Content",
    "SecondaryContent": "",
    "ButtonText": [
      "ConfirmBox_1_ButtonText_0",
      "ConfirmBox_1_ButtonText_1"
    ],
    "DelayTime": 0,
    "DelayButtonIndex": 0,
    "NeedMaskClose": true,
    "UiShowType": 0,
    "NeedClose": true
  },
  {
    "Id": 28,
    "Title": "ConfirmBox_28_Title",
    "Content": "ConfirmBox_28_Content",
    "SecondaryContent": "",
    "ButtonText": [
      "ConfirmBox_1_ButtonText_0",
      "ConfirmBox_1_ButtonText_1"
    ],
    "DelayTime": 0,
    "DelayButtonIndex": 0,
    "NeedMaskClose": true,
    "UiShowType": 0,
    "NeedClose": true
  },
  {
    "Id": 29,
    "Title": "ConfirmBox_29_Title",
    "Content": "ConfirmBox_29_Content",
    "SecondaryContent": "",
    "ButtonText": [
      "ConfirmBox_1_ButtonText_0",
      "ConfirmBox_1_ButtonText_1"
    ],
    "DelayTime": 0,
    "DelayButtonIndex": 0,
    "NeedMaskClose": true,
    "UiShowType": 0,
    "NeedClose": true
  },
  {
    "Id": 30,
    "Title": "ConfirmBox_1_Title",
    "Content": "ConfirmBox_30_Content",
    "SecondaryContent": "",
    "ButtonText": [
      "ConfirmBox_30_ButtonText_0",
      "ConfirmBox_30_ButtonText_1"
    ],
    "DelayTime": 15,
    "DelayButtonIndex": 2,
    "NeedMaskClose": false,
    "UiShowType": 0,
    "NeedClose": true
  },
  {
    "Id": 31,
    "Title": "ConfirmBox_31_Title",
    "Content": "ConfirmBox_31_Content",
    "SecondaryContent": "",
    "ButtonText": [
      "ConfirmBox_1_ButtonText_0",
      "ConfirmBox_1_ButtonText_1"
    ],
    "DelayTime": 0,
    "DelayButtonIndex": 0,
    "NeedMaskClose": true,
    "UiShowType": 0,
    "NeedClose": true
  },
  {
    "Id": 32,
    "Title": "ConfirmBox_32_Title",
    "Content": "ConfirmBox_32_Content",
    "SecondaryContent": "",
    "ButtonText": [
      "ConfirmBox_1_ButtonText_0",
      "ConfirmBox_1_ButtonText_1"
    ],
    "DelayTime": 0,
    "DelayButtonIndex": 0,
    "NeedMaskClose": true,
    "UiShowType": 0,
    "NeedClose": true
  },
  {
    "Id": 33,
    "Title": "ConfirmBox_33_Title",
    "Content": "ConfirmBox_33_Content",
    "SecondaryContent": "",
    "ButtonText": [
      "ConfirmBox_33_ButtonText_0"
    ],
    "DelayTime": 0,
    "DelayButtonIndex": 0,
    "NeedMaskClose": false,
    "UiShowType": 0,
    "NeedClose": true
  },
  {
    "Id": 34,
    "Title": "ConfirmBox_34_Title",
    "Content": "ConfirmBox_34_Content",
    "SecondaryContent": "",
    "ButtonText": [
      "ConfirmBox_1_ButtonText_0",
      "ConfirmBox_1_ButtonText_1"
    ],
    "DelayTime": 0,
    "DelayButtonIndex": 0,
    "NeedMaskClose": true,
    "UiShowType": 0,
    "NeedClose": true
  },
  {
    "Id": 35,
    "Title": "ConfirmBox_1_Title",
    "Content": "ConfirmBox_35_Content",
    "SecondaryContent": "",
    "ButtonText": [
      "ConfirmBox_1_ButtonText_0",
      "ConfirmBox_1_ButtonText_1"
    ],
    "DelayTime": 0,
    "DelayButtonIndex": 0,
    "NeedMaskClose": true,
    "UiShowType": 0,
    "NeedClose": true
  },
  {
    "Id": 36,
    "Title": "ConfirmBox_36_Title",
    "Content": "ConfirmBox_36_Content",
    "SecondaryContent": "",
    "ButtonText": [
      "ConfirmBox_36_ButtonText_0"
    ],
    "DelayTime": 0,
    "DelayButtonIndex": 0,
    "NeedMaskClose": true,
    "UiShowType": 0,
    "NeedClose": true
  },
  {
    "Id": 37,
    "Title": "ConfirmBox_37_Title",
    "Content": "ConfirmBox_37_Content",
    "SecondaryContent": "",
    "ButtonText": [
      "ConfirmBox_1_ButtonText_0",
      "ConfirmBox_1_ButtonText_1"
    ],
    "DelayTime": 0,
    "DelayButtonIndex": 0,
    "NeedMaskClose": true,
    "UiShowType": 0,
    "NeedClose": true
  },
  {
    "Id": 38,
    "Title": "ConfirmBox_38_Title",
    "Content": "ConfirmBox_38_Content",
    "SecondaryContent": "",
    "ButtonText": [
      "ConfirmBox_38_ButtonText_0"
    ],
    "DelayTime": 0,
    "DelayButtonIndex": 0,
    "NeedMaskClose": false,
    "UiShowType": 0,
    "NeedClose": true
  },
  {
    "Id": 39,
    "Title": "ConfirmBox_1_Title",
    "Content": "ConfirmBox_39_Content",
    "SecondaryContent": "",
    "ButtonText": [
      "ConfirmBox_39_ButtonText_0",
      "ConfirmBox_39_ButtonText_1"
    ],
    "DelayTime": 5,
    "DelayButtonIndex": 2,
    "NeedMaskClose": false,
    "UiShowType": 0,
    "NeedClose": true
  },
  {
    "Id": 40,
    "Title": "ConfirmBox_1_Title",
    "Content": "ConfirmBox_40_Content",
    "SecondaryContent": "",
    "ButtonText": [
      "ConfirmBox_40_ButtonText_0",
      "ConfirmBox_40_ButtonText_1"
    ],
    "DelayTime": 0,
    "DelayButtonIndex": 0,
    "NeedMaskClose": false,
    "UiShowType": 0,
    "NeedClose": true
  },
  {
    "Id": 41,
    "Title": "ConfirmBox_1_Title",
    "Content": "ConfirmBox_41_Content",
    "SecondaryContent": "",
    "ButtonText": [
      "ConfirmBox_41_ButtonText_0",
      "ConfirmBox_41_ButtonText_1"
    ],
    "DelayTime": 0,
    "DelayButtonIndex": 0,
    "NeedMaskClose": false,
    "UiShowType": 0,
    "NeedClose": true
  },
  {
    "Id": 42,
    "Title": "ConfirmBox_1_Title",
    "Content": "ConfirmBox_42_Content",
    "SecondaryContent": "",
    "ButtonText": [
      "ConfirmBox_42_ButtonText_0"
    ],
    "DelayTime": 0,
    "DelayButtonIndex": 0,
    "NeedMaskClose": false,
    "UiShowType": 0,
    "NeedClose": true
  },
  {
    "Id": 43,
    "Title": "ConfirmBox_1_Title",
    "Content": "ConfirmBox_43_Content",
    "SecondaryContent": "",
    "ButtonText": [
      "ConfirmBox_43_ButtonText_0",
      "ConfirmBox_43_ButtonText_1"
    ],
    "DelayTime": 0,
    "DelayButtonIndex": 0,
    "NeedMaskClose": false,
    "UiShowType": 0,
    "NeedClose": true
  },
  {
    "Id": 44,
    "Title": "ConfirmBox_1_Title",
    "Content": "ConfirmBox_44_Content",
    "SecondaryContent": "",
    "ButtonText": [
      "ConfirmBox_44_ButtonText_0",
      "ConfirmBox_44_ButtonText_1"
    ],
    "DelayTime": 0,
    "DelayButtonIndex": 0,
    "NeedMaskClose": false,
    "UiShowType": 0,
    "NeedClose": true
  },
  {
    "Id": 45,
    "Title": "ConfirmBox_45_Title",
    "Content": "ConfirmBox_45_Content",
    "SecondaryContent": "",
    "ButtonText": [
      "ConfirmBox_45_ButtonText_0",
      "ConfirmBox_45_ButtonText_1"
    ],
    "DelayTime": 0,
    "DelayButtonIndex": 0,
    "NeedMaskClose": false,
    "UiShowType": 0,
    "NeedClose": true
  },
  {
    "Id": 46,
    "Title": "ConfirmBox_46_Title",
    "Content": "ConfirmBox_46_Content",
    "SecondaryContent": "",
    "ButtonText": [
      "ConfirmBox_46_ButtonText_0",
      "ConfirmBox_46_ButtonText_1"
    ],
    "DelayTime": 0,
    "DelayButtonIndex": 0,
    "NeedMaskClose": true,
    "UiShowType": 0,
    "NeedClose": true
  },
  {
    "Id": 47,
    "Title": "ConfirmBox_1_Title",
    "Content": "ConfirmBox_47_Content",
    "SecondaryContent": "",
    "ButtonText": [
      "ConfirmBox_47_ButtonText_0",
      "ConfirmBox_47_ButtonText_1"
    ],
    "DelayTime": 0,
    "DelayButtonIndex": 0,
    "NeedMaskClose": false,
    "UiShowType": 0,
    "NeedClose": true
  },
  {
    "Id": 48,
    "Title": "ConfirmBox_48_Title",
    "Content": "ConfirmBox_48_Content",
    "SecondaryContent": "",
    "ButtonText": [
      "ConfirmBox_48_ButtonText_0",
      "ConfirmBox_48_ButtonText_1"
    ],
    "DelayTime": 0,
    "DelayButtonIndex": 0,
    "NeedMaskClose": true,
    "UiShowType": 0,
    "NeedClose": true
  },
  {
    "Id": 49,
    "Title": "ConfirmBox_49_Title",
    "Content": "ConfirmBox_49_Content",
    "SecondaryContent": "",
    "ButtonText": [
      "ConfirmBox_49_ButtonText_0",
      "ConfirmBox_49_ButtonText_1"
    ],
    "DelayTime": 0,
    "DelayButtonIndex": 0,
    "NeedMaskClose": true,
    "UiShowType": 0,
    "NeedClose": true
  },
  {
    "Id": 50,
    "Title": "ConfirmBox_50_Title",
    "Content": "ConfirmBox_50_Content",
    "SecondaryContent": "",
    "ButtonText": [
      "ConfirmBox_50_ButtonText_0"
    ],
    "DelayTime": 0,
    "DelayButtonIndex": 0,
    "NeedMaskClose": false,
    "UiShowType": 0,
    "NeedClose": true
  },
  {
    "Id": 51,
    "Title": "ConfirmBox_51_Title",
    "Content": "ConfirmBox_51_Content",
    "SecondaryContent": "",
    "ButtonText": [
      "ConfirmBox_51_ButtonText_0",
      "ConfirmBox_51_ButtonText_1"
    ],
    "DelayTime": 0,
    "DelayButtonIndex": 0,
    "NeedMaskClose": true,
    "UiShowType": 0,
    "NeedClose": true
  },
  {
    "Id": 52,
    "Title": "ConfirmBox_52_Title",
    "Content": "ConfirmBox_52_Content",
    "SecondaryContent": "",
    "ButtonText": [
      "ConfirmBox_52_ButtonText_0"
    ],
    "DelayTime": 0,
    "DelayButtonIndex": 0,
    "NeedMaskClose": false,
    "UiShowType": 0,
    "NeedClose": true
  },
  {
    "Id": 53,
    "Title": "ConfirmBox_53_Title",
    "Content": "ConfirmBox_53_Content",
    "SecondaryContent": "",
    "ButtonText": [
      "ConfirmBox_53_ButtonText_0"
    ],
    "DelayTime": 0,
    "DelayButtonIndex": 0,
    "NeedMaskClose": false,
    "UiShowType": 0,
    "NeedClose": true
  },
  {
    "Id": 54,
    "Title": "ConfirmBox_54_Title",
    "Content": "ConfirmBox_54_Content",
    "SecondaryContent": "",
    "ButtonText": [
      "ConfirmBox_54_ButtonText_0"
    ],
    "DelayTime": 0,
    "DelayButtonIndex": 0,
    "NeedMaskClose": false,
    "UiShowType": 0,
    "NeedClose": true
  },
  {
    "Id": 55,
    "Title": "ConfirmBox_55_Title",
    "Content": "ConfirmBox_55_Content",
    "SecondaryContent": "",
    "ButtonText": [
      "ConfirmBox_55_ButtonText_0",
      "ConfirmBox_55_ButtonText_1"
    ],
    "DelayTime": 0,
    "DelayButtonIndex": 0,
    "NeedMaskClose": false,
    "UiShowType": 0,
    "NeedClose": true
  },
  {
    "Id": 56,
    "Title": "ConfirmBox_56_Title",
    "Content": "ConfirmBox_56_Content",
    "SecondaryContent": "",
    "ButtonText": [
      "ConfirmBox_56_ButtonText_0",
      "ConfirmBox_56_ButtonText_1"
    ],
    "DelayTime": 0,
    "DelayButtonIndex": 0,
    "NeedMaskClose": false,
    "UiShowType": 0,
    "NeedClose": true
  },
  {
    "Id": 57,
    "Title": "ConfirmBox_57_Title",
    "Content": "ConfirmBox_57_Content",
    "SecondaryContent": "",
    "ButtonText": [
      "ConfirmBox_57_ButtonText_0",
      "ConfirmBox_57_ButtonText_1"
    ],
    "DelayTime": 0,
    "DelayButtonIndex": 0,
    "NeedMaskClose": false,
    "UiShowType": 0,
    "NeedClose": true
  },
  {
    "Id": 58,
    "Title": "ConfirmBox_58_Title",
    "Content": "ConfirmBox_58_Content",
    "SecondaryContent": "",
    "ButtonText": [
      "ConfirmBox_58_ButtonText_0",
      "ConfirmBox_58_ButtonText_1"
    ],
    "DelayTime": 0,
    "DelayButtonIndex": 0,
    "NeedMaskClose": false,
    "UiShowType": 0,
    "NeedClose": true
  },
  {
    "Id": 59,
    "Title": "ConfirmBox_59_Title",
    "Content": "ConfirmBox_59_Content",
    "SecondaryContent": "",
    "ButtonText": [
      "ConfirmBox_59_ButtonText_0",
      "ConfirmBox_59_ButtonText_1"
    ],
    "DelayTime": 0,
    "DelayButtonIndex": 0,
    "NeedMaskClose": false,
    "UiShowType": 0,
    "NeedClose": true
  },
  {
    "Id": 60,
    "Title": "ConfirmBox_60_Title",
    "Content": "ConfirmBox_60_Content",
    "SecondaryContent": "",
    "ButtonText": [
      "ConfirmBox_60_ButtonText_0",
      "ConfirmBox_60_ButtonText_1"
    ],
    "DelayTime": 0,
    "DelayButtonIndex": 0,
    "NeedMaskClose": false,
    "UiShowType": 0,
    "NeedClose": true
  },
  {
    "Id": 61,
    "Title": "ConfirmBox_61_Title",
    "Content": "ConfirmBox_61_Content",
    "SecondaryContent": "",
    "ButtonText": [
      "ConfirmBox_61_ButtonText_0",
      "ConfirmBox_61_ButtonText_1"
    ],
    "DelayTime": 0,
    "DelayButtonIndex": 0,
    "NeedMaskClose": false,
    "UiShowType": 0,
    "NeedClose": true
  },
  {
    "Id": 62,
    "Title": "ConfirmBox_62_Title",
    "Content": "ConfirmBox_62_Content",
    "SecondaryContent": "",
    "ButtonText": [
      "ConfirmBox_62_ButtonText_0",
      "ConfirmBox_62_ButtonText_1"
    ],
    "DelayTime": 0,
    "DelayButtonIndex": 0,
    "NeedMaskClose": false,
    "UiShowType": 0,
    "NeedClose": true
  },
  {
    "Id": 63,
    "Title": "ConfirmBox_63_Title",
    "Content": "ConfirmBox_63_Content",
    "SecondaryContent": "",
    "ButtonText": [
      "ConfirmBox_63_ButtonText_0",
      "ConfirmBox_63_ButtonText_1"
    ],
    "DelayTime": 0,
    "DelayButtonIndex": 0,
    "NeedMaskClose": false,
    "UiShowType": 0,
    "NeedClose": true
  },
  {
    "Id": 64,
    "Title": "ConfirmBox_64_Title",
    "Content": "ConfirmBox_64_Content",
    "SecondaryContent": "",
    "ButtonText": [
      "ConfirmBox_64_ButtonText_0",
      "ConfirmBox_64_ButtonText_1"
    ],
    "DelayTime": 0,
    "DelayButtonIndex": 0,
    "NeedMaskClose": false,
    "UiShowType": 0,
    "NeedClose": true
  },
  {
    "Id": 65,
    "Title": "ConfirmBox_65_Title",
    "Content": "ConfirmBox_65_Content",
    "SecondaryContent": "",
    "ButtonText": [
      "ConfirmBox_65_ButtonText_0",
      "ConfirmBox_65_ButtonText_1"
    ],
    "DelayTime": 0,
    "DelayButtonIndex": 0,
    "NeedMaskClose": true,
    "UiShowType": 0,
    "NeedClose": true
  },
  {
    "Id": 66,
    "Title": "ConfirmBox_66_Title",
    "Content": "ConfirmBox_66_Content",
    "SecondaryContent": "",
    "ButtonText": [
      "ConfirmBox_66_ButtonText_0",
      "ConfirmBox_66_ButtonText_1"
    ],
    "DelayTime": 0,
    "DelayButtonIndex": 0,
    "NeedMaskClose": true,
    "UiShowType": 0,
    "NeedClose": true
  },
  {
    "Id": 67,
    "Title": "ConfirmBox_67_Title",
    "Content": "ConfirmBox_67_Content",
    "SecondaryContent": "",
    "ButtonText": [
      "ConfirmBox_67_ButtonText_0"
    ],
    "DelayTime": 0,
    "DelayButtonIndex": 0,
    "NeedMaskClose": true,
    "UiShowType": 0,
    "NeedClose": true
  },
  {
    "Id": 68,
    "Title": "ConfirmBox_68_Title",
    "Content": "ConfirmBox_68_Content",
    "SecondaryContent": "",
    "ButtonText": [
      "ConfirmBox_68_ButtonText_0"
    ],
    "DelayTime": 0,
    "DelayButtonIndex": 0,
    "NeedMaskClose": true,
    "UiShowType": 0,
    "NeedClose": true
  },
  {
    "Id": 69,
    "Title": "ConfirmBox_69_Title",
    "Content": "ConfirmBox_69_Content",
    "SecondaryContent": "",
    "ButtonText": [
      "ConfirmBox_69_ButtonText_0"
    ],
    "DelayTime": 0,
    "DelayButtonIndex": 0,
    "NeedMaskClose": true,
    "UiShowType": 0,
    "NeedClose": true
  },
  {
    "Id": 70,
    "Title": "ConfirmBox_70_Title",
    "Content": "ConfirmBox_70_Content",
    "SecondaryContent": "",
    "ButtonText": [
      "ConfirmBox_70_ButtonText_0",
      "ConfirmBox_70_ButtonText_1"
    ],
    "DelayTime": 0,
    "DelayButtonIndex": 0,
    "NeedMaskClose": true,
    "UiShowType": 0,
    "NeedClose": true
  },
  {
    "Id": 71,
    "Title": "ConfirmBox_71_Title",
    "Content": "ConfirmBox_71_Content",
    "SecondaryContent": "",
    "ButtonText": [
      "ConfirmBox_71_ButtonText_0",
      "ConfirmBox_71_ButtonText_1"
    ],
    "DelayTime": 0,
    "DelayButtonIndex": 0,
    "NeedMaskClose": true,
    "UiShowType": 0,
    "NeedClose": true
  },
  {
    "Id": 72,
    "Title": "ConfirmBox_72_Title",
    "Content": "ConfirmBox_72_Content",
    "SecondaryContent": "",
    "ButtonText": [
      "ConfirmBox_72_ButtonText_0",
      "ConfirmBox_72_ButtonText_1"
    ],
    "DelayTime": 0,
    "DelayButtonIndex": 0,
    "NeedMaskClose": true,
    "UiShowType": 0,
    "NeedClose": true
  },
  {
    "Id": 73,
    "Title": "ConfirmBox_73_Title",
    "Content": "ConfirmBox_73_Content",
    "SecondaryContent": "",
    "ButtonText": [
      "ConfirmBox_73_ButtonText_0"
    ],
    "DelayTime": 0,
    "DelayButtonIndex": 0,
    "NeedMaskClose": true,
    "UiShowType": 0,
    "NeedClose": true
  },
  {
    "Id": 74,
    "Title": "ConfirmBox_74_Title",
    "Content": "ConfirmBox_74_Content",
    "SecondaryContent": "",
    "ButtonText": [
      "ConfirmBox_74_ButtonText_0"
    ],
    "DelayTime": 0,
    "DelayButtonIndex": 0,
    "NeedMaskClose": true,
    "UiShowType": 0,
    "NeedClose": true
  },
  {
    "Id": 75,
    "Title": "ConfirmBox_75_Title",
    "Content": "ConfirmBox_75_Content",
    "SecondaryContent": "",
    "ButtonText": [
      "ConfirmBox_75_ButtonText_0",
      "ConfirmBox_75_ButtonText_1"
    ],
    "DelayTime": 0,
    "DelayButtonIndex": 0,
    "NeedMaskClose": true,
    "UiShowType": 0,
    "NeedClose": true
  },
  {
    "Id": 76,
    "Title": "ConfirmBox_76_Title",
    "Content": "ConfirmBox_76_Content",
    "SecondaryContent": "",
    "ButtonText": [
      "ConfirmBox_76_ButtonText_0",
      "ConfirmBox_76_ButtonText_1"
    ],
    "DelayTime": 0,
    "DelayButtonIndex": 0,
    "NeedMaskClose": true,
    "UiShowType": 0,
    "NeedClose": true
  },
  {
    "Id": 77,
    "Title": "ConfirmBox_77_Title",
    "Content": "ConfirmBox_77_Content",
    "SecondaryContent": "",
    "ButtonText": [
      "ConfirmBox_77_ButtonText_0",
      "ConfirmBox_77_ButtonText_1"
    ],
    "DelayTime": 0,
    "DelayButtonIndex": 0,
    "NeedMaskClose": false,
    "UiShowType": 0,
    "NeedClose": false
  },
  {
    "Id": 78,
    "Title": "ConfirmBox_78_Title",
    "Content": "ConfirmBox_78_Content",
    "SecondaryContent": "",
    "ButtonText": [
      "ConfirmBox_78_ButtonText_0",
      "ConfirmBox_78_ButtonText_1"
    ],
    "DelayTime": 0,
    "DelayButtonIndex": 0,
    "NeedMaskClose": true,
    "UiShowType": 0,
    "NeedClose": true
  },
  {
    "Id": 79,
    "Title": "ConfirmBox_79_Title",
    "Content": "ConfirmBox_79_Content",
    "SecondaryContent": "",
    "ButtonText": [
      "ConfirmBox_79_ButtonText_0",
      "ConfirmBox_79_ButtonText_1"
    ],
    "DelayTime": 0,
    "DelayButtonIndex": 0,
    "NeedMaskClose": true,
    "UiShowType": 0,
    "NeedClose": true
  },
  {
    "Id": 80,
    "Title": "ConfirmBox_80_Title",
    "Content": "ConfirmBox_80_Content",
    "SecondaryContent": "",
    "ButtonText": [
      "ConfirmBox_80_ButtonText_0",
      "ConfirmBox_80_ButtonText_1"
    ],
    "DelayTime": 0,
    "DelayButtonIndex": 0,
    "NeedMaskClose": true,
    "UiShowType": 0,
    "NeedClose": true
  },
  {
    "Id": 81,
    "Title": "ConfirmBox_81_Title",
    "Content": "ConfirmBox_81_Content",
    "SecondaryContent": "",
    "ButtonText": [
      "ConfirmBox_81_ButtonText_0",
      "ConfirmBox_81_ButtonText_1"
    ],
    "DelayTime": 0,
    "DelayButtonIndex": 0,
    "NeedMaskClose": true,
    "UiShowType": 0,
    "NeedClose": true
  },
  {
    "Id": 82,
    "Title": "ConfirmBox_82_Title",
    "Content": "ConfirmBox_82_Content",
    "SecondaryContent": "",
    "ButtonText": [
      "ConfirmBox_82_ButtonText_0",
      "ConfirmBox_82_ButtonText_1"
    ],
    "DelayTime": 0,
    "DelayButtonIndex": 0,
    "NeedMaskClose": false,
    "UiShowType": 0,
    "NeedClose": false
  },
  {
    "Id": 83,
    "Title": "ConfirmBox_83_Title",
    "Content": "ConfirmBox_83_Content",
    "SecondaryContent": "",
    "ButtonText": [
      "ConfirmBox_83_ButtonText_0",
      "ConfirmBox_83_ButtonText_1"
    ],
    "DelayTime": 0,
    "DelayButtonIndex": 0,
    "NeedMaskClose": true,
    "UiShowType": 0,
    "NeedClose": true
  },
  {
    "Id": 84,
    "Title": "ConfirmBox_84_Title",
    "Content": "ConfirmBox_84_Content",
    "SecondaryContent": "",
    "ButtonText": [
      "ConfirmBox_84_ButtonText_0",
      "ConfirmBox_84_ButtonText_1"
    ],
    "DelayTime": 0,
    "DelayButtonIndex": 0,
    "NeedMaskClose": true,
    "UiShowType": 0,
    "NeedClose": true
  },
  {
    "Id": 85,
    "Title": "ConfirmBox_85_Title",
    "Content": "ConfirmBox_85_Content",
    "SecondaryContent": "",
    "ButtonText": [
      "ConfirmBox_85_ButtonText_0",
      "ConfirmBox_85_ButtonText_1"
    ],
    "DelayTime": 0,
    "DelayButtonIndex": 0,
    "NeedMaskClose": true,
    "UiShowType": 0,
    "NeedClose": true
  },
  {
    "Id": 86,
    "Title": "ConfirmBox_86_Title",
    "Content": "ConfirmBox_86_Content",
    "SecondaryContent": "",
    "ButtonText": [
      "ConfirmBox_86_ButtonText_0"
    ],
    "DelayTime": 0,
    "DelayButtonIndex": 0,
    "NeedMaskClose": true,
    "UiShowType": 0,
    "NeedClose": true
  },
  {
    "Id": 87,
    "Title": "ConfirmBox_87_Title",
    "Content": "ConfirmBox_87_Content",
    "SecondaryContent": "",
    "ButtonText": [
      "ConfirmBox_87_ButtonText_0",
      "ConfirmBox_87_ButtonText_1"
    ],
    "DelayTime": 0,
    "DelayButtonIndex": 0,
    "NeedMaskClose": true,
    "UiShowType": 0,
    "NeedClose": true
  },
  {
    "Id": 88,
    "Title": "ConfirmBox_88_Title",
    "Content": "ConfirmBox_88_Content",
    "SecondaryContent": "",
    "ButtonText": [
      "ConfirmBox_88_ButtonText_0",
      "ConfirmBox_88_ButtonText_1"
    ],
    "DelayTime": 0,
    "DelayButtonIndex": 0,
    "NeedMaskClose": false,
    "UiShowType": 0,
    "NeedClose": false
  },
  {
    "Id": 89,
    "Title": "ConfirmBox_89_Title",
    "Content": "ConfirmBox_89_Content",
    "SecondaryContent": "",
    "ButtonText": [
      "ConfirmBox_89_ButtonText_0",
      "ConfirmBox_89_ButtonText_1"
    ],
    "DelayTime": 0,
    "DelayButtonIndex": 0,
    "NeedMaskClose": true,
    "UiShowType": 0,
    "NeedClose": true
  },
  {
    "Id": 90,
    "Title": "ConfirmBox_90_Title",
    "Content": "ConfirmBox_90_Content",
    "SecondaryContent": "",
    "ButtonText": [
      "ConfirmBox_90_ButtonText_0",
      "ConfirmBox_90_ButtonText_1"
    ],
    "DelayTime": 0,
    "DelayButtonIndex": 0,
    "NeedMaskClose": true,
    "UiShowType": 0,
    "NeedClose": true
  },
  {
    "Id": 91,
    "Title": "ConfirmBox_91_Title",
    "Content": "ConfirmBox_91_Content",
    "SecondaryContent": "",
    "ButtonText": [
      "ConfirmBox_91_ButtonText_0",
      "ConfirmBox_91_ButtonText_1"
    ],
    "DelayTime": 0,
    "DelayButtonIndex": 0,
    "NeedMaskClose": true,
    "UiShowType": 0,
    "NeedClose": true
  },
  {
    "Id": 92,
    "Title": "ConfirmBox_92_Title",
    "Content": "ConfirmBox_92_Content",
    "SecondaryContent": "",
    "ButtonText": [
      "ConfirmBox_92_ButtonText_0",
      "ConfirmBox_92_ButtonText_1"
    ],
    "DelayTime": 0,
    "DelayButtonIndex": 0,
    "NeedMaskClose": true,
    "UiShowType": 0,
    "NeedClose": true
  },
  {
    "Id": 93,
    "Title": "ConfirmBox_93_Title",
    "Content": "ConfirmBox_93_Content",
    "SecondaryContent": "",
    "ButtonText": [
      "ConfirmBox_93_ButtonText_0"
    ],
    "DelayTime": 0,
    "DelayButtonIndex": 0,
    "NeedMaskClose": true,
    "UiShowType": 0,
    "NeedClose": true
  },
  {
    "Id": 94,
    "Title": "ConfirmBox_94_Title",
    "Content": "ConfirmBox_94_Content",
    "SecondaryContent": "",
    "ButtonText": [
      "ConfirmBox_1_ButtonText_0",
      "ConfirmBox_1_ButtonText_1"
    ],
    "DelayTime": 0,
    "DelayButtonIndex": 0,
    "NeedMaskClose": true,
    "UiShowType": 0,
    "NeedClose": true
  },
  {
    "Id": 95,
    "Title": "ConfirmBox_95_Title",
    "Content": "ConfirmBox_95_Content",
    "SecondaryContent": "",
    "ButtonText": [
      "ConfirmBox_95_ButtonText_0",
      "ConfirmBox_95_ButtonText_1"
    ],
    "DelayTime": 0,
    "DelayButtonIndex": 0,
    "NeedMaskClose": true,
    "UiShowType": 0,
    "NeedClose": true
  },
  {
    "Id": 96,
    "Title": "ConfirmBox_96_Title",
    "Content": "ConfirmBox_96_Content",
    "SecondaryContent": "",
    "ButtonText": [
      "ConfirmBox_96_ButtonText_0",
      "ConfirmBox_96_ButtonText_1"
    ],
    "DelayTime": 0,
    "DelayButtonIndex": 0,
    "NeedMaskClose": true,
    "UiShowType": 0,
    "NeedClose": true
  },
  {
    "Id": 97,
    "Title": "ConfirmBox_97_Title",
    "Content": "ConfirmBox_97_Content",
    "SecondaryContent": "",
    "ButtonText": [
      "ConfirmBox_97_ButtonText_0",
      "ConfirmBox_97_ButtonText_1"
    ],
    "DelayTime": 0,
    "DelayButtonIndex": 0,
    "NeedMaskClose": true,
    "UiShowType": 0,
    "NeedClose": true
  },
  {
    "Id": 98,
    "Title": "ConfirmBox_98_Title",
    "Content": "ConfirmBox_98_Content",
    "SecondaryContent": "",
    "ButtonText": [
      "ConfirmBox_98_ButtonText_0",
      "ConfirmBox_98_ButtonText_1"
    ],
    "DelayTime": 0,
    "DelayButtonIndex": 0,
    "NeedMaskClose": true,
    "UiShowType": 0,
    "NeedClose": true
  },
  {
    "Id": 99,
    "Title": "ConfirmBox_99_Title",
    "Content": "ConfirmBox_99_Content",
    "SecondaryContent": "",
    "ButtonText": [
      "ConfirmBox_99_ButtonText_0"
    ],
    "DelayTime": 0,
    "DelayButtonIndex": 0,
    "NeedMaskClose": false,
    "UiShowType": 0,
    "NeedClose": false
  },
  {
    "Id": 100,
    "Title": "ConfirmBox_100_Title",
    "Content": "ConfirmBox_100_Content",
    "SecondaryContent": "",
    "ButtonText": [
      "ConfirmBox_100_ButtonText_0",
      "ConfirmBox_100_ButtonText_1"
    ],
    "DelayTime": 0,
    "DelayButtonIndex": 0,
    "NeedMaskClose": true,
    "UiShowType": 0,
    "NeedClose": true
  },
  {
    "Id": 101,
    "Title": "ConfirmBox_101_Title",
    "Content": "ConfirmBox_101_Content",
    "SecondaryContent": "",
    "ButtonText": [
      "ConfirmBox_101_ButtonText_0",
      "ConfirmBox_101_ButtonText_1"
    ],
    "DelayTime": 0,
    "DelayButtonIndex": 0,
    "NeedMaskClose": true,
    "UiShowType": 0,
    "NeedClose": true
  },
  {
    "Id": 102,
    "Title": "ConfirmBox_102_Title",
    "Content": "ConfirmBox_102_Content",
    "SecondaryContent": "",
    "ButtonText": [
      "ConfirmBox_102_ButtonText_0",
      "ConfirmBox_102_ButtonText_1"
    ],
    "DelayTime": 0,
    "DelayButtonIndex": 0,
    "NeedMaskClose": true,
    "UiShowType": 0,
    "NeedClose": true
  },
  {
    "Id": 103,
    "Title": "ConfirmBox_103_Title",
    "Content": "ConfirmBox_103_Content",
    "SecondaryContent": "",
    "ButtonText": [
      "ConfirmBox_103_ButtonText_0",
      "ConfirmBox_103_ButtonText_1"
    ],
    "DelayTime": 0,
    "DelayButtonIndex": 0,
    "NeedMaskClose": true,
    "UiShowType": 0,
    "NeedClose": true
  },
  {
    "Id": 104,
    "Title": "ConfirmBox_104_Title",
    "Content": "ConfirmBox_104_Content",
    "SecondaryContent": "",
    "ButtonText": [
      "ConfirmBox_104_ButtonText_0",
      "ConfirmBox_104_ButtonText_1"
    ],
    "DelayTime": 0,
    "DelayButtonIndex": 0,
    "NeedMaskClose": true,
    "UiShowType": 0,
    "NeedClose": true
  },
  {
    "Id": 105,
    "Title": "ConfirmBox_105_Title",
    "Content": "ConfirmBox_105_Content",
    "SecondaryContent": "",
    "ButtonText": [
      "ConfirmBox_105_ButtonText_0",
      "ConfirmBox_105_ButtonText_1"
    ],
    "DelayTime": 0,
    "DelayButtonIndex": 0,
    "NeedMaskClose": true,
    "UiShowType": 0,
    "NeedClose": true
  },
  {
    "Id": 106,
    "Title": "ConfirmBox_106_Title",
    "Content": "ConfirmBox_106_Content",
    "SecondaryContent": "",
    "ButtonText": [
      "ConfirmBox_106_ButtonText_0"
    ],
    "DelayTime": 0,
    "DelayButtonIndex": 0,
    "NeedMaskClose": true,
    "UiShowType": 0,
    "NeedClose": true
  },
  {
    "Id": 107,
    "Title": "ConfirmBox_107_Title",
    "Content": "ConfirmBox_107_Content",
    "SecondaryContent": "",
    "ButtonText": [
      "ConfirmBox_107_ButtonText_0",
      "ConfirmBox_107_ButtonText_1"
    ],
    "DelayTime": 0,
    "DelayButtonIndex": 0,
    "NeedMaskClose": true,
    "UiShowType": 1,
    "NeedClose": true
  },
  {
    "Id": 108,
    "Title": "ConfirmBox_108_Title",
    "Content": "ConfirmBox_108_Content",
    "SecondaryContent": "",
    "ButtonText": [
      "ConfirmBox_108_ButtonText_0",
      "ConfirmBox_108_ButtonText_1"
    ],
    "DelayTime": 0,
    "DelayButtonIndex": 0,
    "NeedMaskClose": true,
    "UiShowType": 0,
    "NeedClose": true
  },
  {
    "Id": 109,
    "Title": "ConfirmBox_109_Title",
    "Content": "ConfirmBox_109_Content",
    "SecondaryContent": "",
    "ButtonText": [
      "ConfirmBox_109_ButtonText_0",
      "ConfirmBox_109_ButtonText_1"
    ],
    "DelayTime": 0,
    "DelayButtonIndex": 0,
    "NeedMaskClose": true,
    "UiShowType": 0,
    "NeedClose": true
  },
  {
    "Id": 110,
    "Title": "ConfirmBox_110_Title",
    "Content": "ConfirmBox_110_Content",
    "SecondaryContent": "",
    "ButtonText": [
      "ConfirmBox_110_ButtonText_0",
      "ConfirmBox_110_ButtonText_1"
    ],
    "DelayTime": 0,
    "DelayButtonIndex": 0,
    "NeedMaskClose": true,
    "UiShowType": 0,
    "NeedClose": true
  },
  {
    "Id": 111,
    "Title": "ConfirmBox_111_Title",
    "Content": "ConfirmBox_111_Content",
    "SecondaryContent": "",
    "ButtonText": [
      "ConfirmBox_111_ButtonText_0",
      "ConfirmBox_111_ButtonText_1"
    ],
    "DelayTime": 0,
    "DelayButtonIndex": 0,
    "NeedMaskClose": true,
    "UiShowType": 0,
    "NeedClose": true
  },
  {
    "Id": 112,
    "Title": "ConfirmBox_112_Title",
    "Content": "ConfirmBox_112_Content",
    "SecondaryContent": "",
    "ButtonText": [
      "ConfirmBox_112_ButtonText_0"
    ],
    "DelayTime": 0,
    "DelayButtonIndex": 0,
    "NeedMaskClose": false,
    "UiShowType": 0,
    "NeedClose": true
  },
  {
    "Id": 113,
    "Title": "ConfirmBox_113_Title",
    "Content": "ConfirmBox_113_Content",
    "SecondaryContent": "",
    "ButtonText": [
      "ConfirmBox_113_ButtonText_0"
    ],
    "DelayTime": 0,
    "DelayButtonIndex": 0,
    "NeedMaskClose": false,
    "UiShowType": 0,
    "NeedClose": true
  },
  {
    "Id": 114,
    "Title": "ConfirmBox_114_Title",
    "Content": "ConfirmBox_114_Content",
    "SecondaryContent": "",
    "ButtonText": [
      "ConfirmBox_114_ButtonText_0",
      "ConfirmBox_114_ButtonText_1"
    ],
    "DelayTime": 0,
    "DelayButtonIndex": 0,
    "NeedMaskClose": true,
    "UiShowType": 0,
    "NeedClose": true
  },
  {
    "Id": 115,
    "Title": "ConfirmBox_115_Title",
    "Content": "ConfirmBox_115_Content",
    "SecondaryContent": "",
    "ButtonText": [
      "ConfirmBox_115_ButtonText_0"
    ],
    "DelayTime": 0,
    "DelayButtonIndex": 0,
    "NeedMaskClose": true,
    "UiShowType": 0,
    "NeedClose": true
  },
  {
    "Id": 116,
    "Title": "ConfirmBox_116_Title",
    "Content": "ConfirmBox_116_Content",
    "SecondaryContent": "",
    "ButtonText": [
      "ConfirmBox_111_ButtonText_0",
      "ConfirmBox_111_ButtonText_1"
    ],
    "DelayTime": 0,
    "DelayButtonIndex": 0,
    "NeedMaskClose": true,
    "UiShowType": 0,
    "NeedClose": true
  },
  {
    "Id": 117,
    "Title": "ConfirmBox_117_Title",
    "Content": "ConfirmBox_117_Content",
    "SecondaryContent": "",
    "ButtonText": [
      "ConfirmBox_111_ButtonText_0",
      "ConfirmBox_111_ButtonText_1"
    ],
    "DelayTime": 0,
    "DelayButtonIndex": 0,
    "NeedMaskClose": true,
    "UiShowType": 0,
    "NeedClose": true
  },
  {
    "Id": 118,
    "Title": "ConfirmBox_118_Title",
    "Content": "ConfirmBox_118_Content",
    "SecondaryContent": "",
    "ButtonText": [
      "ConfirmBox_111_ButtonText_0",
      "ConfirmBox_111_ButtonText_1"
    ],
    "DelayTime": 0,
    "DelayButtonIndex": 0,
    "NeedMaskClose": true,
    "UiShowType": 0,
    "NeedClose": true
  },
  {
    "Id": 119,
    "Title": "ConfirmBox_119_Title",
    "Content": "ConfirmBox_119_Content",
    "SecondaryContent": "",
    "ButtonText": [
      "ConfirmBox_115_ButtonText_0"
    ],
    "DelayTime": 0,
    "DelayButtonIndex": 0,
    "NeedMaskClose": true,
    "UiShowType": 0,
    "NeedClose": true
  },
  {
    "Id": 120,
    "Title": "ConfirmBox_120_Title",
    "Content": "ConfirmBox_120_Content",
    "SecondaryContent": "",
    "ButtonText": [
      "ConfirmBox_115_ButtonText_0"
    ],
    "DelayTime": 0,
    "DelayButtonIndex": 0,
    "NeedMaskClose": true,
    "UiShowType": 0,
    "NeedClose": true
  },
  {
    "Id": 121,
    "Title": "ConfirmBox_121_Title",
    "Content": "ConfirmBox_121_Content",
    "SecondaryContent": "",
    "ButtonText": [
      "ConfirmBox_115_ButtonText_0"
    ],
    "DelayTime": 0,
    "DelayButtonIndex": 0,
    "NeedMaskClose": true,
    "UiShowType": 0,
    "NeedClose": true
  },
  {
    "Id": 122,
    "Title": "ConfirmBox_122_Title",
    "Content": "ConfirmBox_122_Content",
    "SecondaryContent": "",
    "ButtonText": [
      "ConfirmBox_122_ButtonText_0"
    ],
    "DelayTime": 0,
    "DelayButtonIndex": 0,
    "NeedMaskClose": true,
    "UiShowType": 0,
    "NeedClose": true
  },
  {
    "Id": 123,
    "Title": "ConfirmBox_121_Title",
    "Content": "ConfirmBox_123_Content",
    "SecondaryContent": "",
    "ButtonText": [
      "ConfirmBox_111_ButtonText_0",
      "ConfirmBox_111_ButtonText_1"
    ],
    "DelayTime": 0,
    "DelayButtonIndex": 0,
    "NeedMaskClose": true,
    "UiShowType": 0,
    "NeedClose": true
  },
  {
    "Id": 124,
    "Title": "ConfirmBox_121_Title",
    "Content": "ConfirmBox_124_Content",
    "SecondaryContent": "",
    "ButtonText": [
      "ConfirmBox_111_ButtonText_0",
      "ConfirmBox_111_ButtonText_1"
    ],
    "DelayTime": 0,
    "DelayButtonIndex": 0,
    "NeedMaskClose": true,
    "UiShowType": 0,
    "NeedClose": true
  },
  {
    "Id": 125,
    "Title": "ConfirmBox_116_Title",
    "Content": "VisionLevel_ConfirmBox_1_Content",
    "SecondaryContent": "",
    "ButtonText": [
      "ConfirmBox_111_ButtonText_0",
      "ConfirmBox_111_ButtonText_1"
    ],
    "DelayTime": 0,
    "DelayButtonIndex": 0,
    "NeedMaskClose": true,
    "UiShowType": 0,
    "NeedClose": true
  },
  {
    "Id": 126,
    "Title": "ConfirmBox_117_Title",
    "Content": "VisionLevel_ConfirmBox_2_Content",
    "SecondaryContent": "",
    "ButtonText": [
      "ConfirmBox_111_ButtonText_0",
      "ConfirmBox_111_ButtonText_1"
    ],
    "DelayTime": 0,
    "DelayButtonIndex": 0,
    "NeedMaskClose": true,
    "UiShowType": 0,
    "NeedClose": true
  },
  {
    "Id": 127,
    "Title": "ConfirmBox_118_Title",
    "Content": "VisionLevel_ConfirmBox_3_Content",
    "SecondaryContent": "",
    "ButtonText": [
      "ConfirmBox_111_ButtonText_0",
      "ConfirmBox_111_ButtonText_1"
    ],
    "DelayTime": 0,
    "DelayButtonIndex": 0,
    "NeedMaskClose": true,
    "UiShowType": 0,
    "NeedClose": true
  },
  {
    "Id": 128,
    "Title": "ConfirmBox_121_Title",
    "Content": "ConfirmBox_125_Content",
    "SecondaryContent": "",
    "ButtonText": [
      "ConfirmBox_111_ButtonText_0",
      "ConfirmBox_111_ButtonText_1"
    ],
    "DelayTime": 0,
    "DelayButtonIndex": 0,
    "NeedMaskClose": true,
    "UiShowType": 0,
    "NeedClose": true
  },
  {
    "Id": 129,
    "Title": "ConfirmBox_129_Title",
    "Content": "ConfirmBox_129_Content",
    "SecondaryContent": "",
    "ButtonText": [
      "ConfirmBox_129_ButtonText_0"
    ],
    "DelayTime": 0,
    "DelayButtonIndex": 0,
    "NeedMaskClose": true,
    "UiShowType": 0,
    "NeedClose": true
  },
  {
    "Id": 130,
    "Title": "ConfirmBox_130_Title",
    "Content": "ConfirmBox_130_Content",
    "SecondaryContent": "",
    "ButtonText": [
      "ConfirmBox_130_ButtonText_0"
    ],
    "DelayTime": 0,
    "DelayButtonIndex": 0,
    "NeedMaskClose": true,
    "UiShowType": 0,
    "NeedClose": true
  },
  {
    "Id": 131,
    "Title": "ConfirmBox_131_Title",
    "Content": "ConfirmBox_132_Content",
    "SecondaryContent": "",
    "ButtonText": [
      "ConfirmBox_131_ButtonText_0"
    ],
    "DelayTime": 0,
    "DelayButtonIndex": 0,
    "NeedMaskClose": true,
    "UiShowType": 0,
    "NeedClose": true
  },
  {
    "Id": 132,
    "Title": "ConfirmBox_132_Title",
    "Content": "ConfirmBox_131_Content",
    "SecondaryContent": "",
    "ButtonText": [
      "ConfirmBox_132_ButtonText_0",
      "ConfirmBox_132_ButtonText_1"
    ],
    "DelayTime": 0,
    "DelayButtonIndex": 0,
    "NeedMaskClose": true,
    "UiShowType": 0,
    "NeedClose": true
  },
  {
    "Id": 133,
    "Title": "ConfirmBox_133_Title",
    "Content": "ConfirmBox_133_Content",
    "SecondaryContent": "",
    "ButtonText": [
      "ConfirmBox_133_ButtonText_0",
      "ConfirmBox_133_ButtonText_1"
    ],
    "DelayTime": 0,
    "DelayButtonIndex": 0,
    "NeedMaskClose": true,
    "UiShowType": 0,
    "NeedClose": true
  },
  {
    "Id": 134,
    "Title": "ConfirmBox_134_Title",
    "Content": "ConfirmBox_134_Content",
    "SecondaryContent": "",
    "ButtonText": [
      "ConfirmBox_134_ButtonText_0"
    ],
    "DelayTime": 0,
    "DelayButtonIndex": 0,
    "NeedMaskClose": true,
    "UiShowType": 0,
    "NeedClose": true
  },
  {
    "Id": 135,
    "Title": "ConfirmBox_135_Title",
    "Content": "ConfirmBox_135_Content",
    "SecondaryContent": "",
    "ButtonText": [
      "ConfirmBox_135_ButtonText_0",
      "ConfirmBox_135_ButtonText_1"
    ],
    "DelayTime": 0,
    "DelayButtonIndex": 0,
    "NeedMaskClose": true,
    "UiShowType": 0,
    "NeedClose": true
  },
  {
    "Id": 136,
    "Title": "ConfirmBox_1_Title",
    "Content": "ConfirmBox_136_Content",
    "SecondaryContent": "",
    "ButtonText": [
      "ConfirmBox_136_ButtonText_0"
    ],
    "DelayTime": 0,
    "DelayButtonIndex": 0,
    "NeedMaskClose": false,
    "UiShowType": 0,
    "NeedClose": true
  },
  {
    "Id": 137,
    "Title": "ConfirmBox_111_Title",
    "Content": "ConfirmBox_137_Content",
    "SecondaryContent": "",
    "ButtonText": [
      "ConfirmBox_111_ButtonText_0",
      "ConfirmBox_111_ButtonText_1"
    ],
    "DelayTime": 0,
    "DelayButtonIndex": 0,
    "NeedMaskClose": true,
    "UiShowType": 0,
    "NeedClose": true
  },
  {
    "Id": 138,
    "Title": "ConfirmBox_138_Title",
    "Content": "ConfirmBox_138_Content",
    "SecondaryContent": "",
    "ButtonText": [
      "ConfirmBox_138_ButtonText_0"
    ],
    "DelayTime": 0,
    "DelayButtonIndex": 0,
    "NeedMaskClose": true,
    "UiShowType": 0,
    "NeedClose": true
  },
  {
    "Id": 139,
    "Title": "ConfirmBox_139_Title",
    "Content": "ConfirmBox_139_Content",
    "SecondaryContent": "",
    "ButtonText": [
      "ConfirmBox_139_ButtonText_1",
      "ConfirmBox_139_ButtonText_0"
    ],
    "DelayTime": 0,
    "DelayButtonIndex": 0,
    "NeedMaskClose": true,
    "UiShowType": 1,
    "NeedClose": true
  },
  {
    "Id": 140,
    "Title": "ConfirmBox_140_Title",
    "Content": "ConfirmBox_140_Content",
    "SecondaryContent": "",
    "ButtonText": [
      "ConfirmBox_140_ButtonText_1",
      "ConfirmBox_140_ButtonText_0"
    ],
    "DelayTime": 0,
    "DelayButtonIndex": 0,
    "NeedMaskClose": true,
    "UiShowType": 0,
    "NeedClose": true
  },
  {
    "Id": 141,
    "Title": "ConfirmBox_141_Title",
    "Content": "ConfirmBox_141_Content",
    "SecondaryContent": "",
    "ButtonText": [
      "ConfirmBox_141_ButtonText_1",
      "ConfirmBox_141_ButtonText_0"
    ],
    "DelayTime": 0,
    "DelayButtonIndex": 0,
    "NeedMaskClose": true,
    "UiShowType": 1,
    "NeedClose": true
  },
  {
    "Id": 142,
    "Title": "ConfirmBox_142_Title",
    "Content": "ConfirmBox_142_Content",
    "SecondaryContent": "",
    "ButtonText": [
      "ConfirmBox_142_ButtonText_1",
      "ConfirmBox_142_ButtonText_0"
    ],
    "DelayTime": 0,
    "DelayButtonIndex": 0,
    "NeedMaskClose": true,
    "UiShowType": 1,
    "NeedClose": true
  },
  {
    "Id": 143,
    "Title": "ConfirmBox_143_Title",
    "Content": "ConfirmBox_143_Content",
    "SecondaryContent": "",
    "ButtonText": [
      "ConfirmBox_143_ButtonText_1",
      "ConfirmBox_143_ButtonText_0"
    ],
    "DelayTime": 0,
    "DelayButtonIndex": 0,
    "NeedMaskClose": true,
    "UiShowType": 0,
    "NeedClose": true
  },
  {
    "Id": 144,
    "Title": "ConfirmBox_1_Title",
    "Content": "ConfirmBox_144_Content",
    "SecondaryContent": "",
    "ButtonText": [
      "ConfirmBox_1_ButtonText_0",
      "ConfirmBox_1_ButtonText_1"
    ],
    "DelayTime": 0,
    "DelayButtonIndex": 0,
    "NeedMaskClose": true,
    "UiShowType": 0,
    "NeedClose": true
  },
  {
    "Id": 145,
    "Title": "ConfirmBox_145_Title",
    "Content": "ConfirmBox_145_Content",
    "SecondaryContent": "",
    "ButtonText": [
      "ConfirmBox_145_ButtonText_0"
    ],
    "DelayTime": 0,
    "DelayButtonIndex": 0,
    "NeedMaskClose": true,
    "UiShowType": 0,
    "NeedClose": true
  },
  {
    "Id": 146,
    "Title": "ConfirmBox_146_Title",
    "Content": "ConfirmBox_146_Content",
    "SecondaryContent": "",
    "ButtonText": [
      "ConfirmBox_146_ButtonText_0"
    ],
    "DelayTime": 0,
    "DelayButtonIndex": 0,
    "NeedMaskClose": true,
    "UiShowType": 0,
    "NeedClose": true
  },
  {
    "Id": 147,
    "Title": "ConfirmBox_147_Title",
    "Content": "ConfirmBox_147_Content",
    "SecondaryContent": "",
    "ButtonText": [
      "ConfirmBox_147_ButtonText_0",
      "ConfirmBox_147_ButtonText_1"
    ],
    "DelayTime": 0,
    "DelayButtonIndex": 0,
    "NeedMaskClose": true,
    "UiShowType": 0,
    "NeedClose": true
  },
  {
    "Id": 148,
    "Title": "ConfirmBox_148_Title",
    "Content": "ConfirmBox_148_Content",
    "SecondaryContent": "",
    "ButtonText": [
      "ConfirmBox_148_ButtonText_0"
    ],
    "DelayTime": 0,
    "DelayButtonIndex": 0,
    "NeedMaskClose": true,
    "UiShowType": 0,
    "NeedClose": true
  },
  {
    "Id": 149,
    "Title": "ConfirmBox_149_Title",
    "Content": "ConfirmBox_149_Content",
    "SecondaryContent": "",
    "ButtonText": [
      "ConfirmBox_149_ButtonText_0"
    ],
    "DelayTime": 0,
    "DelayButtonIndex": 0,
    "NeedMaskClose": true,
    "UiShowType": 0,
    "NeedClose": true
  },
  {
    "Id": 150,
    "Title": "ConfirmBox_150_Title",
    "Content": "ConfirmBox_150_Content",
    "SecondaryContent": "",
    "ButtonText": [
      "ConfirmBox_150_ButtonText_0"
    ],
    "DelayTime": 0,
    "DelayButtonIndex": 0,
    "NeedMaskClose": true,
    "UiShowType": 0,
    "NeedClose": true
  },
  {
    "Id": 151,
    "Title": "ConfirmBox_151_Title",
    "Content": "ConfirmBox_151_Content",
    "SecondaryContent": "",
    "ButtonText": [
      "ConfirmBox_151_ButtonText_0"
    ],
    "DelayTime": 0,
    "DelayButtonIndex": 0,
    "NeedMaskClose": true,
    "UiShowType": 0,
    "NeedClose": true
  },
  {
    "Id": 152,
    "Title": "ConfirmBox_152_Title",
    "Content": "ConfirmBox_152_Content",
    "SecondaryContent": "",
    "ButtonText": [
      "ConfirmBox_152_ButtonText_0",
      "ConfirmBox_152_ButtonText_1"
    ],
    "DelayTime": 0,
    "DelayButtonIndex": 0,
    "NeedMaskClose": true,
    "UiShowType": 0,
    "NeedClose": true
  },
  {
    "Id": 153,
    "Title": "ConfirmBox_153_Title",
    "Content": "ConfirmBox_153_Content",
    "SecondaryContent": "",
    "ButtonText": [
      "ConfirmBox_153_ButtonText_0",
      "ConfirmBox_153_ButtonText_1"
    ],
    "DelayTime": 0,
    "DelayButtonIndex": 0,
    "NeedMaskClose": true,
    "UiShowType": 0,
    "NeedClose": true
  },
  {
    "Id": 154,
    "Title": "ConfirmBox_154_Title",
    "Content": "ConfirmBox_154_Content",
    "SecondaryContent": "",
    "ButtonText": [
      "ConfirmBox_154_ButtonText_0",
      "ConfirmBox_154_ButtonText_1"
    ],
    "DelayTime": 0,
    "DelayButtonIndex": 0,
    "NeedMaskClose": true,
    "UiShowType": 0,
    "NeedClose": true
  },
  {
    "Id": 155,
    "Title": "ConfirmBox_155_Title",
    "Content": "ConfirmBox_155_Content",
    "SecondaryContent": "",
    "ButtonText": [
      "ConfirmBox_155_ButtonText_0"
    ],
    "DelayTime": 0,
    "DelayButtonIndex": 0,
    "NeedMaskClose": true,
    "UiShowType": 0,
    "NeedClose": true
  },
  {
    "Id": 156,
    "Title": "ConfirmBox_156_Title",
    "Content": "ConfirmBox_156_Content",
    "SecondaryContent": "",
    "ButtonText": [
      "ConfirmBox_156_ButtonText_0",
      "ConfirmBox_156_ButtonText_1"
    ],
    "DelayTime": 0,
    "DelayButtonIndex": 0,
    "NeedMaskClose": true,
    "UiShowType": 0,
    "NeedClose": true
  },
  {
    "Id": 157,
    "Title": "ConfirmBox_157_Title",
    "Content": "ConfirmBox_157_Content",
    "SecondaryContent": "",
    "ButtonText": [
      "ConfirmBox_157_ButtonText_1",
      "ConfirmBox_157_ButtonText_0"
    ],
    "DelayTime": 0,
    "DelayButtonIndex": 0,
    "NeedMaskClose": true,
    "UiShowType": 0,
    "NeedClose": true
  },
  {
    "Id": 158,
    "Title": "ConfirmBox_158_Title",
    "Content": "ConfirmBox_158_Content",
    "SecondaryContent": "",
    "ButtonText": [
      "ConfirmBox_158_ButtonText_0"
    ],
    "DelayTime": 0,
    "DelayButtonIndex": 0,
    "NeedMaskClose": true,
    "UiShowType": 0,
    "NeedClose": true
  },
  {
    "Id": 159,
    "Title": "ConfirmBox_159_Title",
    "Content": "ConfirmBox_159_Content",
    "SecondaryContent": "",
    "ButtonText": [
      "ConfirmBox_159_ButtonText_0",
      "ConfirmBox_159_ButtonText_1"
    ],
    "DelayTime": 0,
    "DelayButtonIndex": 0,
    "NeedMaskClose": true,
    "UiShowType": 0,
    "NeedClose": true
  },
  {
    "Id": 160,
    "Title": "ConfirmBox_160_Title",
    "Content": "ConfirmBox_160_Content",
    "SecondaryContent": "",
    "ButtonText": [
      "ConfirmBox_1_ButtonText_1"
    ],
    "DelayTime": 0,
    "DelayButtonIndex": 0,
    "NeedMaskClose": true,
    "UiShowType": 0,
    "NeedClose": true
  },
  {
    "Id": 161,
    "Title": "ConfirmBox_161_Title",
    "Content": "ConfirmBox_161_Content",
    "SecondaryContent": "",
    "ButtonText": [
      "ConfirmBox_161_ButtonText_0"
    ],
    "DelayTime": 0,
    "DelayButtonIndex": 0,
    "NeedMaskClose": true,
    "UiShowType": 0,
    "NeedClose": true
  },
  {
    "Id": 162,
    "Title": "ConfirmBox_162_Title",
    "Content": "ConfirmBox_162_Content",
    "SecondaryContent": "",
    "ButtonText": [
      "ConfirmBox_162_ButtonText_0",
      "ConfirmBox_162_ButtonText_1"
    ],
    "DelayTime": 0,
    "DelayButtonIndex": 0,
    "NeedMaskClose": true,
    "UiShowType": 0,
    "NeedClose": true
  },
  {
    "Id": 163,
    "Title": "ConfirmBox_163_Title",
    "Content": "ConfirmBox_163_Content",
    "SecondaryContent": "",
    "ButtonText": [
      "ConfirmBox_1_ButtonText_1"
    ],
    "DelayTime": 0,
    "DelayButtonIndex": 0,
    "NeedMaskClose": true,
    "UiShowType": 0,
    "NeedClose": true
  },
  {
    "Id": 164,
    "Title": "ConfirmBox_164_Title",
    "Content": "ConfirmBox_164_Content",
    "SecondaryContent": "",
    "ButtonText": [
      "ConfirmBox_164_ButtonText_0",
      "ConfirmBox_164_ButtonText_1"
    ],
    "DelayTime": 0,
    "DelayButtonIndex": 0,
    "NeedMaskClose": true,
    "UiShowType": 0,
    "NeedClose": true
  },
  {
    "Id": 165,
    "Title": "ConfirmBox_165_Title",
    "Content": "ConfirmBox_165_Content",
    "SecondaryContent": "",
    "ButtonText": [
      "ConfirmBox_165_ButtonText_0"
    ],
    "DelayTime": 0,
    "DelayButtonIndex": 0,
    "NeedMaskClose": true,
    "UiShowType": 0,
    "NeedClose": true
  },
  {
    "Id": 166,
    "Title": "ConfirmBox_166_Title",
    "Content": "ConfirmBox_166_Content",
    "SecondaryContent": "",
    "ButtonText": [
      "ConfirmBox_166_ButtonText_0"
    ],
    "DelayTime": 0,
    "DelayButtonIndex": 0,
    "NeedMaskClose": true,
    "UiShowType": 0,
    "NeedClose": true
  },
  {
    "Id": 167,
    "Title": "ConfirmBox_167_Title",
    "Content": "ConfirmBox_167_Content",
    "SecondaryContent": "",
    "ButtonText": [
      "ConfirmBox_167_ButtonText_0",
      "ConfirmBox_167_ButtonText_1"
    ],
    "DelayTime": 0,
    "DelayButtonIndex": 0,
    "NeedMaskClose": false,
    "UiShowType": 0,
    "NeedClose": false
  },
  {
    "Id": 168,
    "Title": "ConfirmBox_168_Title",
    "Content": "ConfirmBox_168_Content",
    "SecondaryContent": "",
    "ButtonText": [
      "ConfirmBox_168_ButtonText_0",
      "ConfirmBox_168_ButtonText_1"
    ],
    "DelayTime": 0,
    "DelayButtonIndex": 0,
    "NeedMaskClose": true,
    "UiShowType": 0,
    "NeedClose": true
  },
  {
    "Id": 169,
    "Title": "ConfirmBox_169_Title",
    "Content": "ConfirmBox_169_Content",
    "SecondaryContent": "",
    "ButtonText": [
      "ConfirmBox_169_ButtonText_0",
      "ConfirmBox_169_ButtonText_1"
    ],
    "DelayTime": 0,
    "DelayButtonIndex": 0,
    "NeedMaskClose": true,
    "UiShowType": 0,
    "NeedClose": true
  },
  {
    "Id": 170,
    "Title": "ConfirmBox_170_Title",
    "Content": "ConfirmBox_170_Content",
    "SecondaryContent": "",
    "ButtonText": [
      "ConfirmBox_1_ButtonText_0",
      "ConfirmBox_1_ButtonText_1"
    ],
    "DelayTime": 0,
    "DelayButtonIndex": 0,
    "NeedMaskClose": true,
    "UiShowType": 0,
    "NeedClose": true
  },
  {
    "Id": 171,
    "Title": "ConfirmBox_170_Title",
    "Content": "ConfirmBox_171_Content",
    "SecondaryContent": "",
    "ButtonText": [
      "ConfirmBox_157_ButtonText_1",
      "ConfirmBox_157_ButtonText_0"
    ],
    "DelayTime": 0,
    "DelayButtonIndex": 0,
    "NeedMaskClose": true,
    "UiShowType": 0,
    "NeedClose": true
  },
  {
    "Id": 172,
    "Title": "ConfirmBox_172_Title",
    "Content": "ConfirmBox_172_Content",
    "SecondaryContent": "",
    "ButtonText": [
      "ConfirmBox_1_ButtonText_1",
      "ConfirmBox_157_ButtonText_1"
    ],
    "DelayTime": 0,
    "DelayButtonIndex": 0,
    "NeedMaskClose": true,
    "UiShowType": 0,
    "NeedClose": true
  },
  {
    "Id": 173,
    "Title": "ConfirmBox_173_Title",
    "Content": "ConfirmBox_173_Content",
    "SecondaryContent": "",
    "ButtonText": [
      "ConfirmBox_173_ButtonText_1"
    ],
    "DelayTime": 0,
    "DelayButtonIndex": 0,
    "NeedMaskClose": true,
    "UiShowType": 0,
    "NeedClose": true
  },
  {
    "Id": 174,
    "Title": "ConfirmBox_174_Title",
    "Content": "ConfirmBox_174_Content",
    "SecondaryContent": "",
    "ButtonText": [
      "ConfirmBox_174_ButtonText_1"
    ],
    "DelayTime": 0,
    "DelayButtonIndex": 0,
    "NeedMaskClose": true,
    "UiShowType": 0,
    "NeedClose": true
  },
  {
    "Id": 175,
    "Title": "ConfirmBox_175_Title",
    "Content": "ConfirmBox_175_Content",
    "SecondaryContent": "",
    "ButtonText": [
      "ConfirmBox_178_ButtonText_0",
      "ConfirmBox_175_ButtonText_0"
    ],
    "DelayTime": 0,
    "DelayButtonIndex": 0,
    "NeedMaskClose": true,
    "UiShowType": 2,
    "NeedClose": true
  },
  {
    "Id": 176,
    "Title": "ConfirmBox_176_Title",
    "Content": "ConfirmBox_176_Content",
    "SecondaryContent": "",
    "ButtonText": [
      "ConfirmBox_1_ButtonText_0",
      "ConfirmBox_1_ButtonText_1"
    ],
    "DelayTime": 0,
    "DelayButtonIndex": 0,
    "NeedMaskClose": true,
    "UiShowType": 0,
    "NeedClose": true
  },
  {
    "Id": 177,
    "Title": "ConfirmBox_177_Title",
    "Content": "ConfirmBox_177_Content",
    "SecondaryContent": "",
    "ButtonText": [
      "ConfirmBox_177_ButtonText_0"
    ],
    "DelayTime": 0,
    "DelayButtonIndex": 0,
    "NeedMaskClose": false,
    "UiShowType": 0,
    "NeedClose": true
  },
  {
    "Id": 178,
    "Title": "ConfirmBox_178_Title",
    "Content": "ConfirmBox_178_Content",
    "SecondaryContent": "",
    "ButtonText": [
      "ConfirmBox_178_ButtonText_0",
      "ConfirmBox_178_ButtonText_1"
    ],
    "DelayTime": 0,
    "DelayButtonIndex": 0,
    "NeedMaskClose": true,
    "UiShowType": 0,
    "NeedClose": true
  },
  {
    "Id": 179,
    "Title": "ConfirmBox_178_Title",
    "Content": "ConfirmBox_179_Content",
    "SecondaryContent": "",
    "ButtonText": [
      "ConfirmBox_179_ButtonText_0",
      "ConfirmBox_179_ButtonText_1"
    ],
    "DelayTime": 0,
    "DelayButtonIndex": 0,
    "NeedMaskClose": true,
    "UiShowType": 0,
    "NeedClose": true
  },
  {
    "Id": 180,
    "Title": "ConfirmBox_180_Title",
    "Content": "ConfirmBox_180_Content",
    "SecondaryContent": "",
    "ButtonText": [
      "ConfirmBox_180_ButtonText_0",
      "ConfirmBox_180_ButtonText_1"
    ],
    "DelayTime": 0,
    "DelayButtonIndex": 0,
    "NeedMaskClose": false,
    "UiShowType": 0,
    "NeedClose": true
  },
  {
    "Id": 181,
    "Title": "ConfirmBox_180_Title",
    "Content": "ConfirmBox_181_Content",
    "SecondaryContent": "",
    "ButtonText": [
      "ConfirmBox_1_ButtonText_1"
    ],
    "DelayTime": 0,
    "DelayButtonIndex": 0,
    "NeedMaskClose": true,
    "UiShowType": 0,
    "NeedClose": true
  },
  {
    "Id": 182,
    "Title": "ConfirmBox_180_Title",
    "Content": "ConfirmBox_182_Content",
    "SecondaryContent": "",
    "ButtonText": [
      "ConfirmBox_1_ButtonText_1"
    ],
    "DelayTime": 0,
    "DelayButtonIndex": 0,
    "NeedMaskClose": true,
    "UiShowType": 0,
    "NeedClose": true
  },
  {
    "Id": 183,
    "Title": "ConfirmBox_180_Title",
    "Content": "ConfirmBox_183_Content",
    "SecondaryContent": "",
    "ButtonText": [
      "ConfirmBox_1_ButtonText_0",
      "ConfirmBox_1_ButtonText_1"
    ],
    "DelayTime": 0,
    "DelayButtonIndex": 0,
    "NeedMaskClose": true,
    "UiShowType": 0,
    "NeedClose": true
  },
  {
    "Id": 184,
    "Title": "ConfirmBox_184_Title",
    "Content": "ConfirmBox_184_Content",
    "SecondaryContent": "",
    "ButtonText": [
      "ConfirmBox_184_ButtonText_0",
      "ConfirmBox_184_ButtonText_1"
    ],
    "DelayTime": 0,
    "DelayButtonIndex": 0,
    "NeedMaskClose": true,
    "UiShowType": 0,
    "NeedClose": true
  },
  {
    "Id": 185,
    "Title": "ConfirmBox_185_Title",
    "Content": "ConfirmBox_185_Content",
    "SecondaryContent": "",
    "ButtonText": [
      "ConfirmBox_1_ButtonText_1"
    ],
    "DelayTime": 0,
    "DelayButtonIndex": 0,
    "NeedMaskClose": false,
    "UiShowType": 0,
    "NeedClose": true
  },
  {
    "Id": 186,
    "Title": "ConfirmBox_186_Title",
    "Content": "ConfirmBox_186_Content",
    "SecondaryContent": "",
    "ButtonText": {
      "PKa": [],
      "length": 0
    },
    "DelayTime": 0,
    "DelayButtonIndex": 0,
    "NeedMaskClose": false,
    "UiShowType": 0,
    "NeedClose": false
  },
  {
    "Id": 187,
    "Title": "ConfirmBox_1_Title",
    "Content": "Moonfiesta_TeamNotFull_Text",
    "SecondaryContent": "",
    "ButtonText": [
      "ConfirmBox_1_ButtonText_0",
      "ConfirmBox_1_ButtonText_1"
    ],
    "DelayTime": 0,
    "DelayButtonIndex": 0,
    "NeedMaskClose": true,
    "UiShowType": 0,
    "NeedClose": true
  },
  {
    "Id": 188,
    "Title": "ConfirmBox_1_Title",
    "Content": "Bossrush_TeamNotFull_Text",
    "SecondaryContent": "",
    "ButtonText": [
      "ConfirmBox_1_ButtonText_0",
      "ConfirmBox_1_ButtonText_1"
    ],
    "DelayTime": 0,
    "DelayButtonIndex": 0,
    "NeedMaskClose": true,
    "UiShowType": 0,
    "NeedClose": true
  },
  {
    "Id": 189,
    "Title": "ConfirmBox_189_Title",
    "Content": "ConfirmBox_189_Content",
    "SecondaryContent": "",
    "ButtonText": [
      "ConfirmBox_100_ButtonText_0",
      "ConfirmBox_100_ButtonText_1"
    ],
    "DelayTime": 0,
    "DelayButtonIndex": 0,
    "NeedMaskClose": true,
    "UiShowType": 0,
    "NeedClose": true
  },
  {
    "Id": 190,
    "Title": "ConfirmBox_190_Title",
    "Content": "ConfirmBox_190_Content",
    "SecondaryContent": "",
    "ButtonText": [
      "ConfirmBox_100_ButtonText_0",
      "ConfirmBox_100_ButtonText_1"
    ],
    "DelayTime": 0,
    "DelayButtonIndex": 0,
    "NeedMaskClose": true,
    "UiShowType": 0,
    "NeedClose": true
  },
  {
    "Id": 191,
    "Title": "ConfirmBox_161_Title",
    "Content": "ConfirmBox_161_Content",
    "SecondaryContent": "",
    "ButtonText": [
      "ConfirmBox_161_ButtonText_0"
    ],
    "DelayTime": 0,
    "DelayButtonIndex": 0,
    "NeedMaskClose": true,
    "UiShowType": 0,
    "NeedClose": true
  },
  {
    "Id": 192,
    "Title": "ConfirmBox_161_Title",
    "Content": "ConfirmBox_161_Content",
    "SecondaryContent": "",
    "ButtonText": [
      "ConfirmBox_161_ButtonText_0"
    ],
    "DelayTime": 0,
    "DelayButtonIndex": 0,
    "NeedMaskClose": true,
    "UiShowType": 0,
    "NeedClose": true
  },
  {
    "Id": 193,
    "Title": "ConfirmBox_161_Title",
    "Content": "ConfirmBox_161_Content",
    "SecondaryContent": "",
    "ButtonText": [
      "ConfirmBox_161_ButtonText_0"
    ],
    "DelayTime": 0,
    "DelayButtonIndex": 0,
    "NeedMaskClose": true,
    "UiShowType": 0,
    "NeedClose": true
  },
  {
    "Id": 194,
    "Title": "ConfirmBox_161_Title",
    "Content": "ConfirmBox_161_Content",
    "SecondaryContent": "",
    "ButtonText": [
      "ConfirmBox_161_ButtonText_0"
    ],
    "DelayTime": 0,
    "DelayButtonIndex": 0,
    "NeedMaskClose": true,
    "UiShowType": 0,
    "NeedClose": true
  },
  {
    "Id": 195,
    "Title": "ConfirmBox_195_Title",
    "Content": "ConfirmBox_195_Content",
    "SecondaryContent": "",
    "ButtonText": [
      "ConfirmBox_195_ButtonText_0"
    ],
    "DelayTime": 0,
    "DelayButtonIndex": 0,
    "NeedMaskClose": true,
    "UiShowType": 0,
    "NeedClose": true
  },
  {
    "Id": 200,
    "Title": "ConfirmBox_1_Title",
    "Content": "ConfirmBox_200_Content",
    "SecondaryContent": "",
    "ButtonText": [
      "ConfirmBox_1_ButtonText_0",
      "ConfirmBox_1_ButtonText_1"
    ],
    "DelayTime": 0,
    "DelayButtonIndex": 0,
    "NeedMaskClose": true,
    "UiShowType": 0,
    "NeedClose": true
  },
  {
    "Id": 196,
    "Title": "ConfirmBox_195_Title",
    "Content": "ConfirmBox_196_Content",
    "SecondaryContent": "",
    "ButtonText": [
      "ConfirmBox_100_ButtonText_0",
      "ConfirmBox_100_ButtonText_1"
    ],
    "DelayTime": 0,
    "DelayButtonIndex": 0,
    "NeedMaskClose": true,
    "UiShowType": 0,
    "NeedClose": true
  },
  {
    "Id": 197,
    "Title": "ConfirmBox_195_Title",
    "Content": "ConfirmBox_197_Content",
    "SecondaryContent": "",
    "ButtonText": [
      "ConfirmBox_100_ButtonText_0",
      "ConfirmBox_100_ButtonText_1"
    ],
    "DelayTime": 0,
    "DelayButtonIndex": 0,
    "NeedMaskClose": true,
    "UiShowType": 0,
    "NeedClose": true
  },
  {
    "Id": 198,
    "Title": "ConfirmBox_195_Title",
    "Content": "ConfirmBox_198_Content",
    "SecondaryContent": "",
    "ButtonText": [
      "ConfirmBox_100_ButtonText_0",
      "ConfirmBox_100_ButtonText_1"
    ],
    "DelayTime": 0,
    "DelayButtonIndex": 0,
    "NeedMaskClose": true,
    "UiShowType": 0,
    "NeedClose": true
  },
  {
    "Id": 199,
    "Title": "ConfirmBox_195_Title",
    "Content": "ConfirmBox_199_Content",
    "SecondaryContent": "",
    "ButtonText": [
      "ConfirmBox_100_ButtonText_0",
      "ConfirmBox_100_ButtonText_1"
    ],
    "DelayTime": 0,
    "DelayButtonIndex": 0,
    "NeedMaskClose": true,
    "UiShowType": 0,
    "NeedClose": true
  },
  {
    "Id": 201,
    "Title": "ConfirmBox_195_Title",
    "Content": "ConfirmBox_201_Content",
    "SecondaryContent": "",
    "ButtonText": [
      "ConfirmBox_100_ButtonText_0",
      "ConfirmBox_100_ButtonText_1"
    ],
    "DelayTime": 0,
    "DelayButtonIndex": 0,
    "NeedMaskClose": true,
    "UiShowType": 0,
    "NeedClose": true
  },
  {
    "Id": 202,
    "Title": "ConfirmBox_195_Title",
    "Content": "ConfirmBox_202_Content",
    "SecondaryContent": "",
    "ButtonText": [
      "ConfirmBox_100_ButtonText_1"
    ],
    "DelayTime": 0,
    "DelayButtonIndex": 0,
    "NeedMaskClose": true,
    "UiShowType": 0,
    "NeedClose": true
  },
  {
    "Id": 203,
    "Title": "ConfirmBox_1_Title",
    "Content": "ConfirmBox_203_Content",
    "SecondaryContent": "",
    "ButtonText": [
      "ConfirmBox_100_ButtonText_1"
    ],
    "DelayTime": 0,
    "DelayButtonIndex": 0,
    "NeedMaskClose": true,
    "UiShowType": 0,
    "NeedClose": true
  },
  {
    "Id": 204,
    "Title": "ConfirmBox_1_Title",
    "Content": "ConfirmBox_204_Content",
    "SecondaryContent": "",
    "ButtonText": [
      "ConfirmBox_100_ButtonText_1"
    ],
    "DelayTime": 0,
    "DelayButtonIndex": 0,
    "NeedMaskClose": true,
    "UiShowType": 0,
    "NeedClose": true
  },
  {
    "Id": 205,
    "Title": "ConfirmBox_195_Title",
    "Content": "ConfirmBox_205_Content",
    "SecondaryContent": "",
    "ButtonText": [
      "ConfirmBox_100_ButtonText_1",
      "ConfirmBox_205_ButtonText_0"
    ],
    "DelayTime": 0,
    "DelayButtonIndex": 0,
    "NeedMaskClose": true,
    "UiShowType": 0,
    "NeedClose": true
  },
  {
    "Id": 206,
    "Title": "ConfirmBox_195_Title",
    "Content": "ConfirmBox_206_Content",
    "SecondaryContent": "",
    "ButtonText": [
      "ConfirmBox_100_ButtonText_1",
      "ConfirmBox_205_ButtonText_0"
    ],
    "DelayTime": 0,
    "DelayButtonIndex": 0,
    "NeedMaskClose": true,
    "UiShowType": 0,
    "NeedClose": true
  },
  {
    "Id": 207,
    "Title": "ConfirmBox_195_Title",
    "Content": "TowerDefence_dead2",
    "SecondaryContent": "",
    "ButtonText": [
      "ConfirmBox_180_ButtonText_0",
      "ConfirmBox_180_ButtonText_1"
    ],
    "DelayTime": 0,
    "DelayButtonIndex": 0,
    "NeedMaskClose": true,
    "UiShowType": 0,
    "NeedClose": true
  },
  {
    "Id": 211,
    "Title": "ConfirmBox_211_Title",
    "Content": "ConfirmBox_211_Content",
    "SecondaryContent": "",
    "ButtonText": [
      "ConfirmBox_211_ButtonText_0",
      "ConfirmBox_211_ButtonText_1"
    ],
    "DelayTime": 0,
    "DelayButtonIndex": 0,
    "NeedMaskClose": false,
    "UiShowType": 0,
    "NeedClose": true
  },
  {
    "Id": 212,
    "Title": "ConfirmBox_212_Title",
    "Content": "ConfirmBox_212_Content",
    "SecondaryContent": "",
    "ButtonText": [
      "ConfirmBox_212_ButtonText_0",
      "ConfirmBox_1_ButtonText_1"
    ],
    "DelayTime": 0,
    "DelayButtonIndex": 0,
    "NeedMaskClose": false,
    "UiShowType": 0,
    "NeedClose": true
  },
  {
    "Id": 215,
    "Title": "ConfirmBox_215_Title",
    "Content": "ConfirmBox_215_Content",
    "SecondaryContent": "",
    "ButtonText": [
      "ConfirmBox_215_ButtonText_0"
    ],
    "DelayTime": 0,
    "DelayButtonIndex": 0,
    "NeedMaskClose": true,
    "UiShowType": 0,
    "NeedClose": true
  },
  {
    "Id": 216,
    "Title": "ConfirmBox_216_Title",
    "Content": "ConfirmBox_216_Content",
    "SecondaryContent": "",
    "ButtonText": [
      "ConfirmBox_216_ButtonText_0",
      "ConfirmBox_216_ButtonText_1"
    ],
    "DelayTime": 0,
    "DelayButtonIndex": 0,
    "NeedMaskClose": true,
    "UiShowType": 0,
    "NeedClose": true
  },
  {
    "Id": 217,
    "Title": "ConfirmBox_217_Title",
    "Content": "ConfirmBox_217_Content",
    "SecondaryContent": "",
    "ButtonText": [
      "ConfirmBox_217_ButtonText_0",
      "ConfirmBox_217_ButtonText_1"
    ],
    "DelayTime": 0,
    "DelayButtonIndex": 0,
    "NeedMaskClose": true,
    "UiShowType": 0,
    "NeedClose": true
  },
  {
    "Id": 218,
    "Title": "ConfirmBox_218_Title",
    "Content": "ConfirmBox_218_Content",
    "SecondaryContent": "",
    "ButtonText": [
      "ConfirmBox_218_ButtonText_0",
      "ConfirmBox_218_ButtonText_1"
    ],
    "DelayTime": 0,
    "DelayButtonIndex": 0,
    "NeedMaskClose": true,
    "UiShowType": 0,
    "NeedClose": true
  },
  {
    "Id": 219,
    "Title": "ConfirmBox_219_Title",
    "Content": "ConfirmBox_219_Content",
    "SecondaryContent": "",
    "ButtonText": [
      "ConfirmBox_219_ButtonText_0",
      "ConfirmBox_219_ButtonText_1"
    ],
    "DelayTime": 0,
    "DelayButtonIndex": 0,
    "NeedMaskClose": true,
    "UiShowType": 0,
    "NeedClose": true
  },
  {
    "Id": 220,
    "Title": "ConfirmBox_220_Title",
    "Content": "ConfirmBox_220_Content",
    "SecondaryContent": "",
    "ButtonText": [
      "ConfirmBox_220_ButtonText_0",
      "ConfirmBox_220_ButtonText_1"
    ],
    "DelayTime": 0,
    "DelayButtonIndex": 0,
    "NeedMaskClose": true,
    "UiShowType": 0,
    "NeedClose": true
  },
  {
    "Id": 221,
    "Title": "ConfirmBox_221_Title",
    "Content": "ConfirmBox_221_Content",
    "SecondaryContent": "",
    "ButtonText": [
      "ConfirmBox_221_ButtonText_0",
      "ConfirmBox_221_ButtonText_1"
    ],
    "DelayTime": 0,
    "DelayButtonIndex": 0,
    "NeedMaskClose": true,
    "UiShowType": 0,
    "NeedClose": true
  },
  {
    "Id": 222,
    "Title": "ConfirmBox_222_Title",
    "Content": "ConfirmBox_222_Content",
    "SecondaryContent": "",
    "ButtonText": [
      "ConfirmBox_222_ButtonText_0",
      "ConfirmBox_222_ButtonText_1"
    ],
    "DelayTime": 0,
    "DelayButtonIndex": 0,
    "NeedMaskClose": true,
    "UiShowType": 0,
    "NeedClose": true
  },
  {
    "Id": 223,
    "Title": "ConfirmBox_216_Title",
    "Content": "ConfirmBox_223_Content",
    "SecondaryContent": "",
    "ButtonText": [
      "ConfirmBox_216_ButtonText_0",
      "ConfirmBox_216_ButtonText_1"
    ],
    "DelayTime": 0,
    "DelayButtonIndex": 0,
    "NeedMaskClose": true,
    "UiShowType": 0,
    "NeedClose": true
  },
  {
    "Id": 224,
    "Title": "ConfirmBox_224_Title",
    "Content": "ConfirmBox_224_Content",
    "SecondaryContent": "",
    "ButtonText": [
      "ConfirmBox_224_ButtonText_0"
    ],
    "DelayTime": 0,
    "DelayButtonIndex": 0,
    "NeedMaskClose": true,
    "UiShowType": 0,
    "NeedClose": true
  }
]