[
  {
    "MapId": 2,
    "MapPath": "/Game/Aki/Map/Startup/NetTest"
  },
  {
    "MapId": 3,
    "MapPath": "/Game/Aki/Map/MonsterTestMap"
  },
  {
    "MapId": 4,
    "MapPath": "/Game/Aki/Map/FightTest/AudioTest"
  },
  {
    "MapId": 6,
    "MapPath": "/Game/Aki/Map/MonsterTestMap1"
  },
  {
    "MapId": 7,
    "MapPath": "/Game/Aki/Map/WuYinQu/WuYinQu"
  },
  {
    "MapId": 8,
    "MapPath": "/Game/Aki/Map/AkiWorld_WP"
  },
  {
    "MapId": 14,
    "MapPath": "/Game/Aki/Map/LevelWB/FightPlayTest"
  },
  {
    "MapId": 15,
    "MapPath": "/Game/Aki/Map/NPCTestMap"
  },
  {
    "MapId": 16,
    "MapPath": "/Game/Aki/Map/Towers/Main"
  },
  {
    "MapId": 20,
    "MapPath": "/Game/Aki/Map/BossArena/PL_BossArena"
  },
  {
    "MapId": 23,
    "MapPath": "/Game/Aki/Map/AnimalTestMap"
  },
  {
    "MapId": 30,
    "MapPath": "/Game/Aki/UniverseEditor/Test/UniverseEditorTest"
  },
  {
    "MapId": 31,
    "MapPath": "/Game/Aki/UniverseEditor/Test/InteractTest"
  },
  {
    "MapId": 32,
    "MapPath": "/Game/Aki/UniverseEditor/Test/QuestTest"
  },
  {
    "MapId": 33,
    "MapPath": "/Game/Aki/UniverseEditor/Test/QATest"
  },
  {
    "MapId": 34,
    "MapPath": "/Game/Aki/Map/FightTest/ControlItemTest"
  },
  {
    "MapId": 35,
    "MapPath": "/Game/Aki/UniverseEditor/Test/MonsterStock"
  },
  {
    "MapId": 36,
    "MapPath": "/Game/Aki/Map/Action/BlendPoseReview"
  },
  {
    "MapId": 37,
    "MapPath": "/Game/Aki/UniverseEditor/Test/LevelPlayTest"
  },
  {
    "MapId": 39,
    "MapPath": "/Game/Aki/Map/CopyPrototypeTest/TestMap/SoundArea_1"
  },
  {
    "MapId": 40,
    "MapPath": "/Game/Aki/Map/Level/Main/Longzhujusuo/InstanceTree_longzhujusuo-02"
  },
  {
    "MapId": 41,
    "MapPath": "/Game/Aki/Map/PostProcessLevel"
  },
  {
    "MapId": 42,
    "MapPath": "/Game/Aki/UniverseEditor/Test/ActionTest"
  },
  {
    "MapId": 43,
    "MapPath": "/Game/Aki/UniverseEditor/Test/FlowTest"
  },
  {
    "MapId": 44,
    "MapPath": "/Game/Aki/UniverseEditor/Test/ComponentTest"
  },
  {
    "MapId": 45,
    "MapPath": "/Game/Aki/UniverseEditor/Test/GearTest"
  },
  {
    "MapId": 46,
    "MapPath": "/Game/Aki/UniverseEditor/Test/Dungeon/DungeonTest"
  },
  {
    "MapId": 49,
    "MapPath": "/Game/Aki/Map/Level/Main/Longzhujusuo/InstanceTree_longzhujusuo"
  },
  {
    "MapId": 50,
    "MapPath": "/Game/Aki/Map/CopyPrototypeTest/CopyTemplate/Laboratory/Laboratory_001"
  },
  {
    "MapId": 53,
    "MapPath": "/Game/Aki/UniverseEditor/Test/TeleControlTest"
  },
  {
    "MapId": 60,
    "MapPath": "/Game/Aki/Map/TaTest"
  },
  {
    "MapId": 61,
    "MapPath": "/Game/Aki/Map/CopyPrototypeTest/InstanceTree_000"
  },
  {
    "MapId": 68,
    "MapPath": "/Game/Aki/Map/Level/WorldInstance/Longzhujusuo-W/InstanceTree_longzhujusuo-W"
  },
  {
    "MapId": 71,
    "MapPath": "/Game/Aki/Map/Level/Test/LevelTest/StreamingLevelTest01"
  },
  {
    "MapId": 72,
    "MapPath": "/Game/Aki/Map/Level/Test/LevelTest/StreamingLevelTest04"
  },
  {
    "MapId": 73,
    "MapPath": "/Game/Aki/Map/Level/Test/LevelTest/StreamingLevelTest05"
  },
  {
    "MapId": 77,
    "MapPath": "/Game/Aki/Map/Level/Test/LevelTest/InstanceTree_LevelTest02"
  },
  {
    "MapId": 80,
    "MapPath": "/Game/Aki/Map/Level/Test/LevelTest/InstanceTree_LevelTest01"
  },
  {
    "MapId": 88,
    "MapPath": "/Game/Aki/UniverseEditor/Test/Dungeon/DungeonTest_2"
  },
  {
    "MapId": 90,
    "MapPath": "/Game/Aki/Map/Level/System/NewTower/InstanceTree_NewTower"
  },
  {
    "MapId": 91,
    "MapPath": "/Game/Aki/Map/Level/Roles/Jiyan/InstanceTree_Jiyan_1"
  },
  {
    "MapId": 92,
    "MapPath": "/Game/Aki/Map/Level/Test/LevelTest/InstanceTree_LevelTest03"
  },
  {
    "MapId": 93,
    "MapPath": "/Game/Aki/UniverseEditor/Test/Test_SubLevel/Test_SubLevel"
  },
  {
    "MapId": 94,
    "MapPath": "/Game/Aki/Map/Level/Roles/Lingyang/InstanceTree_Lingyang"
  },
  {
    "MapId": 95,
    "MapPath": "/Game/Aki/Map/Level/Roles/Yinlin/yinlinMain"
  },
  {
    "MapId": 100,
    "MapPath": "/Game/Aki/Map/WPMapTest/AkiWorld_WPTest"
  },
  {
    "MapId": 101,
    "MapPath": "/Game/Aki/Map/FightTest/CommonFightTest"
  },
  {
    "MapId": 102,
    "MapPath": "/Game/Aki/Map/QuestTestMap"
  },
  {
    "MapId": 110,
    "MapPath": "/Game/Aki/Map/WPMapTest/AkiWorld_UseCaseTest"
  },
  {
    "MapId": 111,
    "MapPath": "/Game/Aki/UniverseEditor/Test/ZhanyongTest"
  },
  {
    "MapId": 121,
    "MapPath": "/Game/Aki/Map/Compare_Test/EntityNPCTest"
  },
  {
    "MapId": 122,
    "MapPath": "/Game/Aki/Map/Compare_Test/SimpleNPCTest"
  },
  {
    "MapId": 123,
    "MapPath": "/Game/Aki/Map/FightTest/WuyinquTest"
  },
  {
    "MapId": 201,
    "MapPath": "/Game/Aki/Map/PerfTest/PerfTest_Fight6"
  },
  {
    "MapId": 1501,
    "MapPath": "/Game/Aki/Map/Level/Main/ShangHen/InstanceTree_ShangHen1"
  },
  {
    "MapId": 1504,
    "MapPath": "/Game/Aki/Map/Level/Main/BeiLuoYe/InstanceTree_BeiLuoYe"
  },
  {
    "MapId": 1505,
    "MapPath": "/Game/Aki/Map/Level/Main/Yanjiusuo/InstanceTree_YanjiusuoBattle"
  },
  {
    "MapId": 2002,
    "MapPath": "/Game/Aki/Map/Level/Onetime/2DParkour/InstanceTree_2DParkour"
  },
  {
    "MapId": 2021,
    "MapPath": "/Game/Aki/Map/Level/Main/ShangHen/InstanceTree_ShangHen2"
  },
  {
    "MapId": 2041,
    "MapPath": "/Game/Aki/Map/Level/Main/1_1_SuiGuang/InstanceTree_SuiGuang"
  },
  {
    "MapId": 2501,
    "MapPath": "/Game/Aki/Map/Level/Test/LevelTest/WorldInstanceTest"
  },
  {
    "MapId": 2502,
    "MapPath": "/Game/Aki/Map/Level/WorldInstance/Yanjiusuo/InstanceTree_yanjiusuo"
  },
  {
    "MapId": 3000,
    "MapPath": "/Game/Aki/Map/InstanceMap/TestInstance"
  },
  {
    "MapId": 3001,
    "MapPath": "/Game/Aki/Map/InstanceMap/TestInstance_2_hql"
  },
  {
    "MapId": 3002,
    "MapPath": "/Game/Aki/Map/InstanceMap/TestInstance_3002_shouhu"
  },
  {
    "MapId": 3003,
    "MapPath": "/Game/Aki/Map/InstanceMap/TestInstance_3003"
  },
  {
    "MapId": 3900,
    "MapPath": "/Game/Aki/Map/FightTest/GaoYuanTest"
  },
  {
    "MapId": 3901,
    "MapPath": "/Game/Aki/Map/FightTest/GuanYaoPengTest"
  },
  {
    "MapId": 3902,
    "MapPath": "/Game/Aki/Map/FightTest/HuQingLinTest"
  },
  {
    "MapId": 3903,
    "MapPath": "/Game/Aki/Map/FightTest/JinZhaoWenTest"
  },
  {
    "MapId": 3904,
    "MapPath": "/Game/Aki/Map/FightTest/LiShangYuanTest"
  },
  {
    "MapId": 3905,
    "MapPath": "/Game/Aki/Map/FightTest/LiZhengHuiTest"
  },
  {
    "MapId": 3906,
    "MapPath": "/Game/Aki/Map/FightTest/MiaoJiaWeiTest"
  },
  {
    "MapId": 3907,
    "MapPath": "/Game/Aki/Map/FightTest/NingBoTest"
  },
  {
    "MapId": 3908,
    "MapPath": "/Game/Aki/Map/FightTest/NingZhiTongTest"
  },
  {
    "MapId": 3909,
    "MapPath": "/Game/Aki/Map/FightTest/ShuaiYuYangTest"
  },
  {
    "MapId": 3910,
    "MapPath": "/Game/Aki/Map/FightTest/GuoZiKangTest"
  },
  {
    "MapId": 3911,
    "MapPath": "/Game/Aki/Map/FightTest/WuRunDongTest"
  },
  {
    "MapId": 3912,
    "MapPath": "/Game/Aki/Map/FightTest/WuYiJunTest"
  },
  {
    "MapId": 3913,
    "MapPath": "/Game/Aki/Map/FightTest/ZiYuanTest"
  },
  {
    "MapId": 3914,
    "MapPath": "/Game/Aki/Map/FightTest/HuQingLin_MonsterGroup_Test"
  },
  {
    "MapId": 3915,
    "MapPath": "/Game/Aki/Map/FightTest/TangQiaoTest"
  },
  {
    "MapId": 3916,
    "MapPath": "/Game/Aki/Map/FightTest/MaChengMingTest"
  },
  {
    "MapId": 3917,
    "MapPath": "/Game/Aki/Map/NotInFinalPackage/PL_LookDev_Preview"
  },
  {
    "MapId": 3919,
    "MapPath": "/Game/Aki/Map/NotInFinalPackage/Fight_AllBoss"
  },
  {
    "MapId": 3920,
    "MapPath": "/Game/Aki/Map/NotInFinalPackage/Fight_AllBoss2"
  },
  {
    "MapId": 4001,
    "MapPath": "/Game/Aki/Map/Level/System/Xiezou/InstanceTree_Xiezou"
  },
  {
    "MapId": 4002,
    "MapPath": "/Game/Aki/Map/Level/System/Rookie_trials/InstanceTree_Rookie_trials"
  },
  {
    "MapId": 4021,
    "MapPath": "/Game/Aki/Map/Level/System/LevelBreak/InstanceTree_Break"
  },
  {
    "MapId": 4041,
    "MapPath": "/Game/Aki/Map/Level/System/Material/InstanceTree_JZ_Material"
  },
  {
    "MapId": 4901,
    "MapPath": "/Game/Aki/Map/Level/Test/CE_Common/InstanceTree_CE_Common"
  },
  {
    "MapId": 5001,
    "MapPath": "/Game/Aki/Map/Level/System/Role_trials/InstanceTree_RoleTrials"
  },
  {
    "MapId": 6001,
    "MapPath": "/Game/Aki/Map/Level/Onetime/RotateRoom/InstanceTree_RotateRoom"
  },
  {
    "MapId": 8000,
    "MapPath": "/Game/Aki/Map/Level/Huodong/Huodong001/InstanceTree_Huodong001"
  },
  {
    "MapId": 8001,
    "MapPath": "/Game/Aki/Map/Level/System/Rogue/InstanceTree_Rogue"
  },
  {
    "MapId": 8002,
    "MapPath": "/Game/Aki/Map/Level/System/Rogue/InstanceTree_Rogue_A"
  },
  {
    "MapId": 8150,
    "MapPath": "/Game/Aki/Map/Level/Huodong/huodong002_gecao/InstanceTree_Huodong002"
  },
  {
    "MapId": 201000,
    "MapPath": "/Game/Aki/Map/Level/System/Material/InstanceTree_Skill"
  },
  {
    "MapId": 301000,
    "MapPath": "/Game/Aki/Map/Level/System/Material/InstanceTree_Weapon"
  },
  {
    "MapId": 8101,
    "MapPath": "/Game/Aki/Map/Level/System/Activity_Role_trials/InstanceTree_Activity_Role_trials"
  },
  {
    "MapId": 900,
    "MapPath": "/Game/Aki/Map/Level/WP/Heihaian_Underground/WP_HHA_Underground"
  },
  {
    "MapId": 1001,
    "MapPath": "/Game/Aki/Map/Level/Roles/1_1_Changli/InstanceTree_Changli"
  },
  {
    "MapId": 2031,
    "MapPath": "/Game/Aki/Map/Level/Main/BeiLuoYe/InstanceTree_BeiLuoYe_fushua"
  },
  {
    "MapId": 1506,
    "MapPath": "/Game/Aki/Map/Level/Main/1_3_HHAU_Escape/InstanceTree_HHA_Underground_Escape"
  },
  {
    "MapId": 8400,
    "MapPath": "/Game/Aki/Map/Level/Huodong/1_2_BOSS/InstanceTree_1_2_BOSS"
  },
  {
    "MapId": 1002,
    "MapPath": "/Game/Aki/Map/Level/Roles/1_2_Zhezhi/InstanceTree_Zhezhi"
  },
  {
    "MapId": 2506,
    "MapPath": "/Game/Aki/Map/Level/WorldInstance/1_2_Fating/InstanceTree_Fating"
  },
  {
    "MapId": 8160,
    "MapPath": "/Game/Aki/Map/Level/Huodong/1_1_BossRush/InstanceTree_Huodong003"
  },
  {
    "MapId": 1507,
    "MapPath": "/Game/Aki/Map/Level/Main/1_1_SuiGuang/InstanceTree_SuiGuang"
  },
  {
    "MapId": 1508,
    "MapPath": "/Game/Aki/Map/Level/Main/1_1_TunLongZhu/InstanceTree_TunLongZhu"
  },
  {
    "MapId": 1510,
    "MapPath": "/Game/Aki/Map/Level/Main/1_3_HHAU_Portal/InstanceTree_HeiHaian_Portal"
  },
  {
    "MapId": 8170,
    "MapPath": "/Game/Aki/Map/Level/Huodong/1_2_Tafang/InstanceTree_Tafang"
  },
  {
    "MapId": 8200,
    "MapPath": "/Game/Aki/Map/Level/System/Activity_Role_trials/1_2_InstanceTree_Activity_Role_trials"
  },
  {
    "MapId": 1007,
    "MapPath": "/Game/Aki/Map/Level/Roles/1_3_Anke/InstanceTree_Anke_1"
  },
  {
    "MapId": 1008,
    "MapPath": "/Game/Aki/Map/Level/Roles/1_3_Anke/InstanceTree_Anke_2"
  },
  {
    "MapId": 8151,
    "MapPath": "/Game/Aki/Map/Level/Huodong/huodong002_gecao/InstanceTree_1_2_gecao"
  },
  {
    "MapId": 8201,
    "MapPath": "/Game/Aki/Map/Level/Huodong/huodong002_gecao/InstanceTree_1_2_gecao"
  },
  {
    "MapId": 1512,
    "MapPath": "/Game/Aki/Map/Level/Main/1_3_HHA_Yuehui/InstanceTree_HeiHaian_Yuehui"
  },
  {
    "MapId": 8180,
    "MapPath": "/Game/Aki/Map/Level/Huodong/1_3_LJboss/InstanceTree_LJboss"
  }
]