[
  {
    "Id": 14,
    "MarkId": 0,
    "Name": "InstanceDungeonEntrance_14_Name",
    "Description": "InstanceDungeonEntrance_14_Description",
    "InstanceDungeonList": [
      92,
      91,
      77,
      78,
      79,
      80
    ],
    "FlowId": 1,
    "HelpButtonId": 0,
    "TitleSprite": "/Game/Aki/UI/UIResources/Common/Atlas/TabIcon/SP_Checkpoints1.SP_Checkpoints1",
    "TeleportEntityConfigId": 0,
    "UnLockCondition": 0,
    "RegularReward": {
      "PKa": [],
      "length": 0
    },
    "PowerCostShow": 0,
    "MapBgPath": "/Game/Aki/UI/UIResources/Common/Image/ImgCopy/T_ImgCopy_001_UI.T_ImgCopy_001_UI"
  },
  {
    "Id": 201,
    "MarkId": 0,
    "Name": "InstanceDungeonEntrance_995_Name",
    "Description": "InstanceDungeonEntrance_995_Description",
    "InstanceDungeonList": [
      201
    ],
    "FlowId": 1,
    "HelpButtonId": 0,
    "TitleSprite": "/Game/Aki/UI/UIResources/Common/Atlas/TabIcon/SP_Checkpoints1.SP_Checkpoints1",
    "TeleportEntityConfigId": 0,
    "UnLockCondition": 0,
    "RegularReward": {
      "PKa": [],
      "length": 0
    },
    "PowerCostShow": 0,
    "MapBgPath": "/Game/Aki/UI/UIResources/Common/Image/ImgCopy/T_ImgCopy_001_UI.T_ImgCopy_001_UI"
  },
  {
    "Id": 202,
    "MarkId": 0,
    "Name": "InstanceDungeonEntrance_201000_Name",
    "Description": "InstanceDungeonEntrance_201000_Description",
    "InstanceDungeonList": [
      800,
      801,
      802,
      803,
      804,
      805
    ],
    "FlowId": 1,
    "HelpButtonId": 0,
    "TitleSprite": "/Game/Aki/UI/UIResources/Common/Atlas/TabIcon/SP_Checkpoints1.SP_Checkpoints1",
    "TeleportEntityConfigId": 0,
    "UnLockCondition": 0,
    "RegularReward": {
      "PKa": [],
      "length": 0
    },
    "PowerCostShow": 40,
    "MapBgPath": "/Game/Aki/UI/UIResources/Common/Image/ImgCopy/T_ImgCopy_001_UI.T_ImgCopy_001_UI"
  },
  {
    "Id": 203,
    "MarkId": 0,
    "Name": "InstanceDungeonEntrance_2021_Name",
    "Description": "InstanceDungeonEntrance_2021_Description",
    "InstanceDungeonList": [
      806,
      807
    ],
    "FlowId": 1,
    "HelpButtonId": 0,
    "TitleSprite": "/Game/Aki/UI/UIResources/Common/Atlas/TabIcon/SP_Checkpoints1.SP_Checkpoints1",
    "TeleportEntityConfigId": 0,
    "UnLockCondition": 0,
    "RegularReward": {
      "PKa": [],
      "length": 0
    },
    "PowerCostShow": 90,
    "MapBgPath": "/Game/Aki/UI/UIResources/Common/Image/ImgCopy/T_ImgCopy_001_UI.T_ImgCopy_001_UI"
  },
  {
    "Id": 993,
    "MarkId": 0,
    "Name": "InstanceDungeonEntrance_993_Name",
    "Description": "InstanceDungeonEntrance_993_Description",
    "InstanceDungeonList": [
      3004,
      3005
    ],
    "FlowId": 1,
    "HelpButtonId": 0,
    "TitleSprite": "/Game/Aki/UI/UIResources/Common/Atlas/TabIcon/SP_Checkpoints1.SP_Checkpoints1",
    "TeleportEntityConfigId": 0,
    "UnLockCondition": 0,
    "RegularReward": {
      "PKa": [],
      "length": 0
    },
    "PowerCostShow": 0,
    "MapBgPath": "/Game/Aki/UI/UIResources/Common/Image/ImgCopy/T_ImgCopy_001_UI.T_ImgCopy_001_UI"
  },
  {
    "Id": 995,
    "MarkId": 380017,
    "Name": "InstanceDungeonEntrance_995_Name",
    "Description": "InstanceDungeonEntrance_995_Description",
    "InstanceDungeonList": [
      3100,
      3101,
      3102,
      3103,
      3104,
      3105,
      3110,
      3111,
      3112,
      3113,
      3114,
      3115,
      3116,
      3117,
      3118,
      3120,
      3121,
      3122,
      3130,
      3131,
      3132,
      3133,
      3140,
      3141,
      3142,
      3150,
      3151,
      3152,
      3160,
      3161,
      3162,
      3163,
      3164,
      3165,
      3166,
      3167,
      3168,
      3169,
      3170,
      3171,
      3172,
      3180,
      3181,
      3182,
      3183,
      3190,
      3191,
      3192,
      3200,
      3201,
      3202,
      3210,
      3211,
      3212,
      3220,
      3221,
      3222
    ],
    "FlowId": 1,
    "HelpButtonId": 0,
    "TitleSprite": "/Game/Aki/UI/UIResources/Common/Atlas/TabIcon/SP_Checkpoints1.SP_Checkpoints1",
    "TeleportEntityConfigId": 610000005,
    "UnLockCondition": 0,
    "RegularReward": {
      "PKa": [],
      "length": 0
    },
    "PowerCostShow": 0,
    "MapBgPath": "/Game/Aki/UI/UIResources/Common/Image/ImgCopy/T_ImgCopy_001_UI.T_ImgCopy_001_UI"
  },
  {
    "Id": 996,
    "MarkId": 0,
    "Name": "InstanceDungeonEntrance_995_Name",
    "Description": "InstanceDungeonEntrance_995_Description",
    "InstanceDungeonList": [
      3801,
      3802,
      3803,
      3804,
      3805,
      3806,
      3807,
      3808,
      3809,
      3810,
      3811,
      3812,
      3813,
      3814,
      3815,
      3816,
      3817,
      3818,
      3819,
      3820,
      3821,
      3822,
      3828,
      3827
    ],
    "FlowId": 1,
    "HelpButtonId": 0,
    "TitleSprite": "/Game/Aki/UI/UIResources/Common/Atlas/TabIcon/SP_Checkpoints1.SP_Checkpoints1",
    "TeleportEntityConfigId": 0,
    "UnLockCondition": 0,
    "RegularReward": {
      "PKa": [],
      "length": 0
    },
    "PowerCostShow": 0,
    "MapBgPath": "/Game/Aki/UI/UIResources/Common/Image/ImgCopy/T_ImgCopy_001_UI.T_ImgCopy_001_UI"
  },
  {
    "Id": 998,
    "MarkId": 0,
    "Name": "InstanceDungeonEntrance_998_Name",
    "Description": "InstanceDungeonEntrance_998_Description",
    "InstanceDungeonList": [
      46,
      88,
      111,
      123,
      103
    ],
    "FlowId": 1,
    "HelpButtonId": 0,
    "TitleSprite": "/Game/Aki/UI/UIResources/Common/Atlas/TabIcon/SP_Checkpoints1.SP_Checkpoints1",
    "TeleportEntityConfigId": 2000004,
    "UnLockCondition": 0,
    "RegularReward": {
      "PKa": [],
      "length": 0
    },
    "PowerCostShow": 0,
    "MapBgPath": "/Game/Aki/UI/UIResources/Common/Image/ImgCopy/T_ImgCopy_001_UI.T_ImgCopy_001_UI"
  },
  {
    "Id": 97,
    "MarkId": 0,
    "Name": "InstanceDungeonEntrance_97_Name",
    "Description": "InstanceDungeonEntrance_97_Description",
    "InstanceDungeonList": [
      91
    ],
    "FlowId": 1,
    "HelpButtonId": 0,
    "TitleSprite": "/Game/Aki/UI/UIResources/Common/Atlas/TabIcon/SP_Checkpoints1.SP_Checkpoints1",
    "TeleportEntityConfigId": 102001434,
    "UnLockCondition": 0,
    "RegularReward": {
      "PKa": [],
      "length": 0
    },
    "PowerCostShow": 60,
    "MapBgPath": "/Game/Aki/UI/UIResources/Common/Image/ImgCopy/T_ImgCopy_001_UI.T_ImgCopy_001_UI"
  },
  {
    "Id": 98,
    "MarkId": 0,
    "Name": "InstanceDungeonEntrance_98_Name",
    "Description": "InstanceDungeonEntrance_98_Description",
    "InstanceDungeonList": [
      94
    ],
    "FlowId": 2,
    "HelpButtonId": 0,
    "TitleSprite": "/Game/Aki/UI/UIResources/Common/Atlas/TabIcon/SP_Checkpoints1.SP_Checkpoints1",
    "TeleportEntityConfigId": 0,
    "UnLockCondition": 0,
    "RegularReward": {
      "PKa": [],
      "length": 0
    },
    "PowerCostShow": 60,
    "MapBgPath": "/Game/Aki/UI/UIResources/Common/Image/ImgCopy/T_ImgCopy_001_UI.T_ImgCopy_001_UI"
  },
  {
    "Id": 99,
    "MarkId": 0,
    "Name": "InstanceDungeonEntrance_99_Name",
    "Description": "InstanceDungeonEntrance_99_Description",
    "InstanceDungeonList": [
      95
    ],
    "FlowId": 1,
    "HelpButtonId": 0,
    "TitleSprite": "/Game/Aki/UI/UIResources/Common/Atlas/TabIcon/SP_Checkpoints1.SP_Checkpoints1",
    "TeleportEntityConfigId": 0,
    "UnLockCondition": 0,
    "RegularReward": {
      "PKa": [],
      "length": 0
    },
    "PowerCostShow": 0,
    "MapBgPath": "/Game/Aki/UI/UIResources/Common/Image/ImgCopy/T_ImgCopy_001_UI.T_ImgCopy_001_UI"
  },
  {
    "Id": 1001,
    "MarkId": 0,
    "Name": "InstanceDungeonEntrance_1001_Name",
    "Description": "InstanceDungeonEntrance_1001_Description",
    "InstanceDungeonList": [
      1001
    ],
    "FlowId": 1,
    "HelpButtonId": 0,
    "TitleSprite": "/Game/Aki/UI/UIResources/Common/Atlas/TabIcon/SP_Checkpoints1.SP_Checkpoints1",
    "TeleportEntityConfigId": 0,
    "UnLockCondition": 0,
    "RegularReward": {
      "PKa": [],
      "length": 0
    },
    "PowerCostShow": 60,
    "MapBgPath": "/Game/Aki/UI/UIResources/Common/Image/ImgCopy/T_ImgCopy_001_UI.T_ImgCopy_001_UI"
  },
  {
    "Id": 1002,
    "MarkId": 0,
    "Name": "InstanceDungeonEntrance_1002_Name",
    "Description": "InstanceDungeonEntrance_1002_Description",
    "InstanceDungeonList": [
      1002
    ],
    "FlowId": 1,
    "HelpButtonId": 0,
    "TitleSprite": "/Game/Aki/UI/UIResources/Common/Atlas/TabIcon/SP_Checkpoints1.SP_Checkpoints1",
    "TeleportEntityConfigId": 0,
    "UnLockCondition": 0,
    "RegularReward": {
      "PKa": [],
      "length": 0
    },
    "PowerCostShow": 0,
    "MapBgPath": "/Game/Aki/UI/UIResources/Common/Image/ImgCopy/T_ImgCopy_001_UI.T_ImgCopy_001_UI"
  },
  {
    "Id": 4,
    "MarkId": 0,
    "Name": "InstanceDungeonEntrance_4_Name",
    "Description": "InstanceDungeonEntrance_4_Description",
    "InstanceDungeonList": [
      49
    ],
    "FlowId": 1,
    "HelpButtonId": 0,
    "TitleSprite": "/Game/Aki/UI/UIResources/Common/Atlas/TabIcon/SP_Checkpoints1.SP_Checkpoints1",
    "TeleportEntityConfigId": 0,
    "UnLockCondition": 0,
    "RegularReward": {
      "PKa": [],
      "length": 0
    },
    "PowerCostShow": 60,
    "MapBgPath": "/Game/Aki/UI/UIResources/Common/Image/ImgCopy/T_ImgCopy_001_UI.T_ImgCopy_001_UI"
  },
  {
    "Id": 1501,
    "MarkId": 0,
    "Name": "InstanceDungeonEntrance_1501_Name",
    "Description": "InstanceDungeonEntrance_1501_Description",
    "InstanceDungeonList": [
      1501
    ],
    "FlowId": 1,
    "HelpButtonId": 0,
    "TitleSprite": "/Game/Aki/UI/UIResources/Common/Atlas/TabIcon/SP_Checkpoints1.SP_Checkpoints1",
    "TeleportEntityConfigId": 0,
    "UnLockCondition": 0,
    "RegularReward": {
      "PKa": [],
      "length": 0
    },
    "PowerCostShow": 0,
    "MapBgPath": "/Game/Aki/UI/UIResources/Common/Image/ImgCopy/T_ImgCopy_001_UI.T_ImgCopy_001_UI"
  },
  {
    "Id": 1504,
    "MarkId": 380019,
    "Name": "InstanceDungeonEntrance_1504_Name",
    "Description": "InstanceDungeonEntrance_1504_Description",
    "InstanceDungeonList": [
      1504
    ],
    "FlowId": 2,
    "HelpButtonId": 0,
    "TitleSprite": "/Game/Aki/UI/UIResources/Common/Atlas/TabIcon/SP_Checkpoints1.SP_Checkpoints1",
    "TeleportEntityConfigId": 102002233,
    "UnLockCondition": 0,
    "RegularReward": {
      "PKa": [],
      "length": 0
    },
    "PowerCostShow": 0,
    "MapBgPath": "/Game/Aki/UI/UIResources/Common/Image/ImgCopy/T_ImgCopy_001_UI.T_ImgCopy_001_UI"
  },
  {
    "Id": 1505,
    "MarkId": 0,
    "Name": "InstanceDungeonEntrance_1505_Name",
    "Description": "InstanceDungeonEntrance_1505_Description",
    "InstanceDungeonList": [
      1505
    ],
    "FlowId": 2,
    "HelpButtonId": 0,
    "TitleSprite": "/Game/Aki/UI/UIResources/Common/Atlas/TabIcon/SP_Checkpoints1.SP_Checkpoints1",
    "TeleportEntityConfigId": 0,
    "UnLockCondition": 0,
    "RegularReward": {
      "PKa": [],
      "length": 0
    },
    "PowerCostShow": 0,
    "MapBgPath": "/Game/Aki/UI/UIResources/Common/Image/ImgCopy/T_ImgCopy_001_UI.T_ImgCopy_001_UI"
  },
  {
    "Id": 2021,
    "MarkId": 380015,
    "Name": "InstanceDungeonEntrance_2021_Name",
    "Description": "InstanceDungeonEntrance_2021_Description",
    "InstanceDungeonList": [
      2022,
      2023,
      2024,
      2025,
      2026,
      2027
    ],
    "FlowId": 1,
    "HelpButtonId": 0,
    "TitleSprite": "/Game/Aki/UI/UIResources/Common/Atlas/TabIcon/SP_Checkpoints1.SP_Checkpoints1",
    "TeleportEntityConfigId": 102001787,
    "UnLockCondition": 0,
    "RegularReward": {
      "PKa": [],
      "length": 0
    },
    "PowerCostShow": 50,
    "MapBgPath": "/Game/Aki/UI/UIResources/Common/Image/ImgCopy/T_ImgCopy_001_UI.T_ImgCopy_001_UI"
  },
  {
    "Id": 2031,
    "MarkId": 380016,
    "Name": "InstanceDungeonEntrance_2031_Name",
    "Description": "InstanceDungeonEntrance_2031_Description",
    "InstanceDungeonList": [
      2032,
      2033,
      2034,
      2035,
      2036,
      2037
    ],
    "FlowId": 1,
    "HelpButtonId": 0,
    "TitleSprite": "/Game/Aki/UI/UIResources/Common/Atlas/TabIcon/SP_Checkpoints1.SP_Checkpoints1",
    "TeleportEntityConfigId": 102001788,
    "UnLockCondition": 0,
    "RegularReward": {
      "PKa": [],
      "length": 0
    },
    "PowerCostShow": 50,
    "MapBgPath": "/Game/Aki/UI/UIResources/Common/Image/ImgCopy/T_ImgCopy_001_UI.T_ImgCopy_001_UI"
  },
  {
    "Id": 2041,
    "MarkId": 380021,
    "Name": "InstanceDungeonEntrance_2022_Name",
    "Description": "InstanceDungeonEntrance_2022_Description",
    "InstanceDungeonList": [
      2042,
      2043,
      2044,
      2045,
      2046,
      2047
    ],
    "FlowId": 1,
    "HelpButtonId": 0,
    "TitleSprite": "/Game/Aki/UI/UIResources/Common/Atlas/TabIcon/SP_Checkpoints1.SP_Checkpoints1",
    "TeleportEntityConfigId": 133900564,
    "UnLockCondition": 0,
    "RegularReward": {
      "PKa": [],
      "length": 0
    },
    "PowerCostShow": 0,
    "MapBgPath": "/Game/Aki/UI/UIResources/Common/Image/ImgCopy/T_ImgCopy_001_UI.T_ImgCopy_001_UI"
  },
  {
    "Id": 89,
    "MarkId": 301203,
    "Name": "InstanceDungeonEntrance_89_Name",
    "Description": "InstanceDungeonEntrance_89_Description",
    "InstanceDungeonList": [
      20001,
      20002,
      20003,
      20004,
      20005,
      20006,
      20007,
      20008,
      20009,
      20010,
      20011,
      20012,
      20013,
      20014,
      20015,
      20016,
      20017,
      20018,
      20019,
      20020,
      20021,
      20022,
      20023,
      20024,
      20025,
      20026,
      20027,
      20028,
      20029,
      20030,
      20031,
      20032,
      20033,
      20034,
      20035,
      20036
    ],
    "FlowId": 5,
    "HelpButtonId": 0,
    "TitleSprite": "/Game/Aki/UI/UIResources/Common/Atlas/TabIcon/SP_Checkpoints1.SP_Checkpoints1",
    "TeleportEntityConfigId": 131700001,
    "UnLockCondition": 0,
    "RegularReward": {
      "PKa": [],
      "length": 0
    },
    "PowerCostShow": 0,
    "MapBgPath": "/Game/Aki/UI/UIResources/Common/Image/ImgCopy/T_ImgCopy_001_UI.T_ImgCopy_001_UI"
  },
  {
    "Id": 4006,
    "MarkId": 0,
    "Name": "InstanceDungeonEntrance_4006_Name",
    "Description": "InstanceDungeonEntrance_4006_Description",
    "InstanceDungeonList": [
      4006,
      4008
    ],
    "FlowId": 2,
    "HelpButtonId": 0,
    "TitleSprite": "/Game/Aki/UI/UIResources/Common/Atlas/TabIcon/SP_Checkpoints1.SP_Checkpoints1",
    "TeleportEntityConfigId": 0,
    "UnLockCondition": 0,
    "RegularReward": {
      "PKa": [],
      "length": 0
    },
    "PowerCostShow": 0,
    "MapBgPath": "/Game/Aki/UI/UIResources/Common/Image/ImgCopy/T_ImgCopy_001_UI.T_ImgCopy_001_UI"
  },
  {
    "Id": 4021,
    "MarkId": 0,
    "Name": "InstanceDungeonEntrance_4021_Name",
    "Description": "InstanceDungeonEntrance_4021_Description",
    "InstanceDungeonList": [
      4021
    ],
    "FlowId": 1,
    "HelpButtonId": 0,
    "TitleSprite": "/Game/Aki/UI/UIResources/Common/Atlas/TabIcon/SP_Checkpoints1.SP_Checkpoints1",
    "TeleportEntityConfigId": 0,
    "UnLockCondition": 0,
    "RegularReward": {
      "PKa": [],
      "length": 0
    },
    "PowerCostShow": 0,
    "MapBgPath": "/Game/Aki/UI/UIResources/Common/Image/ImgCopy/T_ImgCopy_001_UI.T_ImgCopy_001_UI"
  },
  {
    "Id": 4022,
    "MarkId": 0,
    "Name": "InstanceDungeonEntrance_4021_Name",
    "Description": "InstanceDungeonEntrance_4021_Description",
    "InstanceDungeonList": [
      4022
    ],
    "FlowId": 1,
    "HelpButtonId": 0,
    "TitleSprite": "/Game/Aki/UI/UIResources/Common/Atlas/TabIcon/SP_Checkpoints1.SP_Checkpoints1",
    "TeleportEntityConfigId": 0,
    "UnLockCondition": 0,
    "RegularReward": {
      "PKa": [],
      "length": 0
    },
    "PowerCostShow": 0,
    "MapBgPath": "/Game/Aki/UI/UIResources/Common/Image/ImgCopy/T_ImgCopy_001_UI.T_ImgCopy_001_UI"
  },
  {
    "Id": 4023,
    "MarkId": 0,
    "Name": "InstanceDungeonEntrance_4021_Name",
    "Description": "InstanceDungeonEntrance_4021_Description",
    "InstanceDungeonList": [
      4023
    ],
    "FlowId": 1,
    "HelpButtonId": 0,
    "TitleSprite": "/Game/Aki/UI/UIResources/Common/Atlas/TabIcon/SP_Checkpoints1.SP_Checkpoints1",
    "TeleportEntityConfigId": 0,
    "UnLockCondition": 0,
    "RegularReward": {
      "PKa": [],
      "length": 0
    },
    "PowerCostShow": 0,
    "MapBgPath": "/Game/Aki/UI/UIResources/Common/Image/ImgCopy/T_ImgCopy_001_UI.T_ImgCopy_001_UI"
  },
  {
    "Id": 4040,
    "MarkId": 0,
    "Name": "InstanceDungeonEntrance_4041_Name",
    "Description": "InstanceDungeonEntrance_4041_Description",
    "InstanceDungeonList": [
      4040
    ],
    "FlowId": 1,
    "HelpButtonId": 0,
    "TitleSprite": "/Game/Aki/UI/UIResources/Common/Atlas/TabIcon/SP_Checkpoints1.SP_Checkpoints1",
    "TeleportEntityConfigId": 0,
    "UnLockCondition": 0,
    "RegularReward": {
      "PKa": [],
      "length": 0
    },
    "PowerCostShow": 60,
    "MapBgPath": "/Game/Aki/UI/UIResources/Common/Image/ImgCopy/T_ImgCopy_001_UI.T_ImgCopy_001_UI"
  },
  {
    "Id": 4041,
    "MarkId": 380000,
    "Name": "InstanceDungeonEntrance_4041_Name",
    "Description": "InstanceDungeonEntrance_4041_Description",
    "InstanceDungeonList": [
      4041,
      4042,
      4044
    ],
    "FlowId": 1,
    "HelpButtonId": 0,
    "TitleSprite": "/Game/Aki/UI/UIResources/Common/Atlas/TabIcon/SP_Checkpoints1.SP_Checkpoints1",
    "TeleportEntityConfigId": 610000001,
    "UnLockCondition": 0,
    "RegularReward": {
      "PKa": [],
      "length": 0
    },
    "PowerCostShow": 60,
    "MapBgPath": "/Game/Aki/UI/UIResources/Common/Image/ImgCopy/T_ImgCopy_001_UI.T_ImgCopy_001_UI"
  },
  {
    "Id": 4045,
    "MarkId": 0,
    "Name": "InstanceDungeonEntrance_4041_Name",
    "Description": "InstanceDungeonEntrance_4041_Description",
    "InstanceDungeonList": [
      4043
    ],
    "FlowId": 1,
    "HelpButtonId": 0,
    "TitleSprite": "/Game/Aki/UI/UIResources/Common/Atlas/TabIcon/SP_Checkpoints1.SP_Checkpoints1",
    "TeleportEntityConfigId": 0,
    "UnLockCondition": 0,
    "RegularReward": {
      "PKa": [],
      "length": 0
    },
    "PowerCostShow": 60,
    "MapBgPath": "/Game/Aki/UI/UIResources/Common/Image/ImgCopy/T_ImgCopy_001_UI.T_ImgCopy_001_UI"
  },
  {
    "Id": 4901,
    "MarkId": 0,
    "Name": "InstanceDungeonEntrance_4901_Name",
    "Description": "InstanceDungeonEntrance_4901_Description",
    "InstanceDungeonList": [
      4901,
      4902
    ],
    "FlowId": 1,
    "HelpButtonId": 0,
    "TitleSprite": "/Game/Aki/UI/UIResources/Common/Atlas/TabIcon/SP_Checkpoints1.SP_Checkpoints1",
    "TeleportEntityConfigId": 0,
    "UnLockCondition": 0,
    "RegularReward": {
      "PKa": [],
      "length": 0
    },
    "PowerCostShow": 0,
    "MapBgPath": "/Game/Aki/UI/UIResources/Common/Image/ImgCopy/T_ImgCopy_001_UI.T_ImgCopy_001_UI"
  },
  {
    "Id": 5001,
    "MarkId": 300919,
    "Name": "InstanceDungeonEntrance_5001_Name",
    "Description": "InstanceDungeonEntrance_5001_Description",
    "InstanceDungeonList": [
      5001,
      5002,
      5004,
      5005,
      5006,
      5007,
      5008,
      5009,
      5010,
      5011,
      5012,
      5013,
      5014,
      5015,
      5016,
      5017
    ],
    "FlowId": 2,
    "HelpButtonId": 0,
    "TitleSprite": "/Game/Aki/UI/UIResources/Common/Atlas/TabIcon/SP_Checkpoints1.SP_Checkpoints1",
    "TeleportEntityConfigId": 0,
    "UnLockCondition": 0,
    "RegularReward": {
      "PKa": [],
      "length": 0
    },
    "PowerCostShow": 0,
    "MapBgPath": "/Game/Aki/UI/UIResources/Common/Image/ImgCopy/T_ImgCopy_001_UI.T_ImgCopy_001_UI"
  },
  {
    "Id": 201000,
    "MarkId": 380004,
    "Name": "InstanceDungeonEntrance_201000_Name",
    "Description": "InstanceDungeonEntrance_201000_Description",
    "InstanceDungeonList": [
      201010,
      201020,
      201030,
      201040,
      201050,
      201060
    ],
    "FlowId": 1,
    "HelpButtonId": 0,
    "TitleSprite": "/Game/Aki/UI/UIResources/Common/Atlas/TabIcon/SP_Checkpoints1.SP_Checkpoints1",
    "TeleportEntityConfigId": 106002499,
    "UnLockCondition": 0,
    "RegularReward": {
      "PKa": [],
      "length": 0
    },
    "PowerCostShow": 60,
    "MapBgPath": "/Game/Aki/UI/UIResources/Common/Image/ImgCopy/T_ImgCopy_001_UI.T_ImgCopy_001_UI"
  },
  {
    "Id": 202000,
    "MarkId": 380007,
    "Name": "InstanceDungeonEntrance_202000_Name",
    "Description": "InstanceDungeonEntrance_202000_Description",
    "InstanceDungeonList": [
      202010,
      202020,
      202030,
      202040,
      202050,
      202060
    ],
    "FlowId": 1,
    "HelpButtonId": 0,
    "TitleSprite": "/Game/Aki/UI/UIResources/Common/Atlas/TabIcon/SP_Checkpoints1.SP_Checkpoints1",
    "TeleportEntityConfigId": 130000050,
    "UnLockCondition": 0,
    "RegularReward": {
      "PKa": [],
      "length": 0
    },
    "PowerCostShow": 60,
    "MapBgPath": "/Game/Aki/UI/UIResources/Common/Image/ImgCopy/T_ImgCopy_001_UI.T_ImgCopy_001_UI"
  },
  {
    "Id": 203000,
    "MarkId": 380002,
    "Name": "InstanceDungeonEntrance_203000_Name",
    "Description": "InstanceDungeonEntrance_203000_Description",
    "InstanceDungeonList": [
      203010,
      203020,
      203030,
      203040,
      203050,
      203060
    ],
    "FlowId": 1,
    "HelpButtonId": 0,
    "TitleSprite": "/Game/Aki/UI/UIResources/Common/Atlas/TabIcon/SP_Checkpoints1.SP_Checkpoints1",
    "TeleportEntityConfigId": 133000508,
    "UnLockCondition": 0,
    "RegularReward": {
      "PKa": [],
      "length": 0
    },
    "PowerCostShow": 60,
    "MapBgPath": "/Game/Aki/UI/UIResources/Common/Image/ImgCopy/T_ImgCopy_001_UI.T_ImgCopy_001_UI"
  },
  {
    "Id": 301000,
    "MarkId": 380003,
    "Name": "InstanceDungeonEntrance_301000_Name",
    "Description": "InstanceDungeonEntrance_301000_Description",
    "InstanceDungeonList": [
      301010,
      301020,
      301030,
      301040,
      301050,
      301060
    ],
    "FlowId": 1,
    "HelpButtonId": 0,
    "TitleSprite": "/Game/Aki/UI/UIResources/Common/Atlas/TabIcon/SP_Checkpoints1.SP_Checkpoints1",
    "TeleportEntityConfigId": 111003623,
    "UnLockCondition": 0,
    "RegularReward": {
      "PKa": [],
      "length": 0
    },
    "PowerCostShow": 60,
    "MapBgPath": "/Game/Aki/UI/UIResources/Common/Image/ImgCopy/T_ImgCopy_001_UI.T_ImgCopy_001_UI"
  },
  {
    "Id": 302000,
    "MarkId": 380006,
    "Name": "InstanceDungeonEntrance_302000_Name",
    "Description": "InstanceDungeonEntrance_302000_Description",
    "InstanceDungeonList": [
      302010,
      302020,
      302030,
      302040,
      302050,
      302060
    ],
    "FlowId": 1,
    "HelpButtonId": 0,
    "TitleSprite": "/Game/Aki/UI/UIResources/Common/Atlas/TabIcon/SP_Checkpoints1.SP_Checkpoints1",
    "TeleportEntityConfigId": 142000073,
    "UnLockCondition": 0,
    "RegularReward": {
      "PKa": [],
      "length": 0
    },
    "PowerCostShow": 60,
    "MapBgPath": "/Game/Aki/UI/UIResources/Common/Image/ImgCopy/T_ImgCopy_001_UI.T_ImgCopy_001_UI"
  },
  {
    "Id": 6001,
    "MarkId": 380013,
    "Name": "InstanceDungeonEntrance_6001_Name",
    "Description": "InstanceDungeonEntrance_6001_Description",
    "InstanceDungeonList": [
      6001
    ],
    "FlowId": 1,
    "HelpButtonId": 0,
    "TitleSprite": "/Game/Aki/UI/UIResources/Common/Atlas/TabIcon/SP_Checkpoints1.SP_Checkpoints1",
    "TeleportEntityConfigId": 142000071,
    "UnLockCondition": 0,
    "RegularReward": {
      "PKa": [],
      "length": 0
    },
    "PowerCostShow": 0,
    "MapBgPath": "/Game/Aki/UI/UIResources/Common/Image/ImgCopy/T_ImgCopy_001_UI.T_ImgCopy_001_UI"
  },
  {
    "Id": 6002,
    "MarkId": 380014,
    "Name": "InstanceDungeonEntrance_6002_Name",
    "Description": "InstanceDungeonEntrance_6002_Description",
    "InstanceDungeonList": [
      6002
    ],
    "FlowId": 1,
    "HelpButtonId": 0,
    "TitleSprite": "/Game/Aki/UI/UIResources/Common/Atlas/TabIcon/SP_Checkpoints1.SP_Checkpoints1",
    "TeleportEntityConfigId": 106002637,
    "UnLockCondition": 0,
    "RegularReward": {
      "PKa": [],
      "length": 0
    },
    "PowerCostShow": 0,
    "MapBgPath": "/Game/Aki/UI/UIResources/Common/Image/ImgCopy/T_ImgCopy_001_UI.T_ImgCopy_001_UI"
  },
  {
    "Id": 8000,
    "MarkId": 0,
    "Name": "InstanceDungeonEntrance_8000_Name",
    "Description": "InstanceDungeonEntrance_8000_Description",
    "InstanceDungeonList": [
      8000
    ],
    "FlowId": 1,
    "HelpButtonId": 0,
    "TitleSprite": "/Game/Aki/UI/UIResources/Common/Atlas/TabIcon/SP_Checkpoints1.SP_Checkpoints1",
    "TeleportEntityConfigId": 0,
    "UnLockCondition": 0,
    "RegularReward": {
      "PKa": [],
      "length": 0
    },
    "PowerCostShow": 0,
    "MapBgPath": "/Game/Aki/UI/UIResources/Common/Image/ImgCopy/T_ImgCopy_001_UI.T_ImgCopy_001_UI"
  },
  {
    "Id": 8001,
    "MarkId": 0,
    "Name": "InstanceDungeonEntrance_8001_Name",
    "Description": "InstanceDungeonEntrance_8001_Description",
    "InstanceDungeonList": [
      8001
    ],
    "FlowId": 6,
    "HelpButtonId": 0,
    "TitleSprite": "/Game/Aki/UI/UIResources/Common/Atlas/TabIcon/SP_Checkpoints1.SP_Checkpoints1",
    "TeleportEntityConfigId": 0,
    "UnLockCondition": 0,
    "RegularReward": {
      "PKa": [],
      "length": 0
    },
    "PowerCostShow": 0,
    "MapBgPath": "/Game/Aki/UI/UIResources/Common/Image/ImgCopy/T_ImgCopy_001_UI.T_ImgCopy_001_UI"
  },
  {
    "Id": 8100,
    "MarkId": 0,
    "Name": "InstanceDungeonEntrance_8100_Name",
    "Description": "InstanceDungeonEntrance_8001_Description",
    "InstanceDungeonList": [
      8100
    ],
    "FlowId": 6,
    "HelpButtonId": 0,
    "TitleSprite": "/Game/Aki/UI/UIResources/Common/Atlas/TabIcon/SP_Checkpoints1.SP_Checkpoints1",
    "TeleportEntityConfigId": 129000000,
    "UnLockCondition": 0,
    "RegularReward": {
      "PKa": [],
      "length": 0
    },
    "PowerCostShow": 0,
    "MapBgPath": "/Game/Aki/UI/UIResources/Common/Image/ImgCopy/T_ImgCopy_001_UI.T_ImgCopy_001_UI"
  },
  {
    "Id": 8101,
    "MarkId": 0,
    "Name": "InstanceDungeonEntrance_8000_Name",
    "Description": "InstanceDungeonEntrance_8000_Description",
    "InstanceDungeonList": [
      8101,
      8102,
      8103,
      8104,
      8105,
      8106,
      8107,
      8108,
      8109,
      8110,
      8111
    ],
    "FlowId": 2,
    "HelpButtonId": 0,
    "TitleSprite": "/Game/Aki/UI/UIResources/Common/Atlas/TabIcon/SP_Checkpoints1.SP_Checkpoints1",
    "TeleportEntityConfigId": 0,
    "UnLockCondition": 0,
    "RegularReward": {
      "PKa": [],
      "length": 0
    },
    "PowerCostShow": 0,
    "MapBgPath": "/Game/Aki/UI/UIResources/Common/Image/ImgCopy/T_ImgCopy_001_UI.T_ImgCopy_001_UI"
  },
  {
    "Id": 8150,
    "MarkId": 380018,
    "Name": "InstanceDungeonEntrance_8150_Name",
    "Description": "InstanceDungeonEntrance_8150_Description",
    "InstanceDungeonList": [
      8151,
      8152,
      8153,
      8154,
      8155,
      8156,
      8157,
      8158,
      8159,
      8160
    ],
    "FlowId": 1,
    "HelpButtonId": 0,
    "TitleSprite": "/Game/Aki/UI/UIResources/Common/Atlas/TabIcon/SP_IconActivityMowing.SP_IconActivityMowing",
    "TeleportEntityConfigId": 200800011,
    "UnLockCondition": 0,
    "RegularReward": {
      "PKa": [],
      "length": 0
    },
    "PowerCostShow": 0,
    "MapBgPath": "/Game/Aki/UI/UIResources/Common/Image/ImgCopy/T_ImgCopy_001_UI.T_ImgCopy_001_UI"
  },
  {
    "Id": 8160,
    "MarkId": 380020,
    "Name": "Activity_100805001_Title",
    "Description": "Activity_100805001_Desc",
    "InstanceDungeonList": [
      8301,
      8302,
      8303,
      8304,
      8305,
      8306
    ],
    "FlowId": 7,
    "HelpButtonId": 0,
    "TitleSprite": "/Game/Aki/UI/UIResources/Common/Atlas/TabIcon/SP_IconActivityBossrush.SP_IconActivityBossrush",
    "TeleportEntityConfigId": 0,
    "UnLockCondition": 0,
    "RegularReward": {
      "PKa": [],
      "length": 0
    },
    "PowerCostShow": 0,
    "MapBgPath": "/Game/Aki/UI/UIResources/Common/Image/ImgCopy/T_ImgCopy_001_UI.T_ImgCopy_001_UI"
  },
  {
    "Id": 1507,
    "MarkId": 0,
    "Name": "InstanceDungeonEntrance_1507_Name",
    "Description": "InstanceDungeonEntrance_1507_Description",
    "InstanceDungeonList": [
      1507
    ],
    "FlowId": 2,
    "HelpButtonId": 0,
    "TitleSprite": "/Game/Aki/UI/UIResources/Common/Atlas/TabIcon/SP_Checkpoints1.SP_Checkpoints1",
    "TeleportEntityConfigId": 0,
    "UnLockCondition": 0,
    "RegularReward": {
      "PKa": [],
      "length": 0
    },
    "PowerCostShow": 0,
    "MapBgPath": "/Game/Aki/UI/UIResources/Common/Image/ImgCopy/T_ImgCopy_001_UI.T_ImgCopy_001_UI"
  },
  {
    "Id": 1508,
    "MarkId": 0,
    "Name": "InstanceDungeonEntrance_1508_Name",
    "Description": "InstanceDungeonEntrance_1508_Description",
    "InstanceDungeonList": [
      1508
    ],
    "FlowId": 1,
    "HelpButtonId": 0,
    "TitleSprite": "/Game/Aki/UI/UIResources/Common/Atlas/TabIcon/SP_Checkpoints1.SP_Checkpoints1",
    "TeleportEntityConfigId": 141000156,
    "UnLockCondition": 0,
    "RegularReward": {
      "PKa": [],
      "length": 0
    },
    "PowerCostShow": 0,
    "MapBgPath": "/Game/Aki/UI/UIResources/Common/Image/ImgCopy/T_ImgCopy_001_UI.T_ImgCopy_001_UI"
  },
  {
    "Id": 8170,
    "MarkId": 380022,
    "Name": "InstanceDungeonEntrance_8170_Name",
    "Description": "InstanceDungeonEntrance_8170_Description",
    "InstanceDungeonList": [
      8170,
      8171,
      8172,
      8173,
      8174
    ],
    "FlowId": 8,
    "HelpButtonId": 0,
    "TitleSprite": "/Game/Aki/UI/UIResources/Common/Atlas/TabIcon/SP_IconActivityTD.SP_IconActivityTD",
    "TeleportEntityConfigId": 0,
    "UnLockCondition": 0,
    "RegularReward": {
      "PKa": [],
      "length": 0
    },
    "PowerCostShow": 0,
    "MapBgPath": "/Game/Aki/UI/UIResources/Common/Image/ImgCopy/T_ImgCopy_005_UI.T_ImgCopy_005_UI"
  },
  {
    "Id": 8200,
    "MarkId": 0,
    "Name": "InstanceDungeonEntrance_8000_Name",
    "Description": "InstanceDungeonEntrance_8000_Description",
    "InstanceDungeonList": [
      8200
    ],
    "FlowId": 2,
    "HelpButtonId": 0,
    "TitleSprite": "/Game/Aki/UI/UIResources/Common/Atlas/TabIcon/SP_Checkpoints1.SP_Checkpoints1",
    "TeleportEntityConfigId": 0,
    "UnLockCondition": 0,
    "RegularReward": {
      "PKa": [],
      "length": 0
    },
    "PowerCostShow": 0,
    "MapBgPath": "/Game/Aki/UI/UIResources/Common/Image/ImgCopy/T_ImgCopy_001_UI.T_ImgCopy_001_UI"
  },
  {
    "Id": 1007,
    "MarkId": 0,
    "Name": "InstanceDungeonEntrance_1007_Name",
    "Description": "InstanceDungeonEntrance_1007_Description",
    "InstanceDungeonList": [
      1007
    ],
    "FlowId": 1,
    "HelpButtonId": 0,
    "TitleSprite": "/Game/Aki/UI/UIResources/Common/Atlas/TabIcon/SP_Checkpoints1.SP_Checkpoints1",
    "TeleportEntityConfigId": 0,
    "UnLockCondition": 0,
    "RegularReward": {
      "PKa": [],
      "length": 0
    },
    "PowerCostShow": 0,
    "MapBgPath": "/Game/Aki/UI/UIResources/Common/Image/ImgCopy/T_ImgCopy_001_UI.T_ImgCopy_001_UI"
  },
  {
    "Id": 1008,
    "MarkId": 0,
    "Name": "InstanceDungeonEntrance_1008_Name",
    "Description": "InstanceDungeonEntrance_1008_Description",
    "InstanceDungeonList": [
      1008
    ],
    "FlowId": 1,
    "HelpButtonId": 0,
    "TitleSprite": "/Game/Aki/UI/UIResources/Common/Atlas/TabIcon/SP_Checkpoints1.SP_Checkpoints1",
    "TeleportEntityConfigId": 0,
    "UnLockCondition": 0,
    "RegularReward": {
      "PKa": [],
      "length": 0
    },
    "PowerCostShow": 0,
    "MapBgPath": "/Game/Aki/UI/UIResources/Common/Image/ImgCopy/T_ImgCopy_001_UI.T_ImgCopy_001_UI"
  },
  {
    "Id": 2506,
    "MarkId": 0,
    "Name": "InstanceDungeonEntrance_2506_Name",
    "Description": "InstanceDungeonEntrance_2506_Description",
    "InstanceDungeonList": [
      2506
    ],
    "FlowId": 1,
    "HelpButtonId": 0,
    "TitleSprite": "/Game/Aki/UI/UIResources/Common/Atlas/TabIcon/SP_Checkpoints1.SP_Checkpoints1",
    "TeleportEntityConfigId": 0,
    "UnLockCondition": 0,
    "RegularReward": {
      "PKa": [],
      "length": 0
    },
    "PowerCostShow": 0,
    "MapBgPath": "/Game/Aki/UI/UIResources/Common/Image/ImgCopy/T_ImgCopy_001_UI.T_ImgCopy_001_UI"
  },
  {
    "Id": 8151,
    "MarkId": 380025,
    "Name": "InstanceDungeonEntrance_8151_Name",
    "Description": "InstanceDungeonEntrance_8151_Description",
    "InstanceDungeonList": [
      8161,
      8162,
      8163,
      8164,
      8165,
      8166,
      8167
    ],
    "FlowId": 1,
    "HelpButtonId": 0,
    "TitleSprite": "/Game/Aki/UI/UIResources/Common/Atlas/TabIcon/SP_IconActivityMowing.SP_IconActivityMowing",
    "TeleportEntityConfigId": 225700000,
    "UnLockCondition": 0,
    "RegularReward": {
      "PKa": [],
      "length": 0
    },
    "PowerCostShow": 0,
    "MapBgPath": "/Game/Aki/UI/UIResources/Common/Image/ImgCopy/T_ImgCopy_001_UI.T_ImgCopy_001_UI"
  },
  {
    "Id": 8002,
    "MarkId": 301204,
    "Name": "InstanceDungeonEntrance_8001_Name",
    "Description": "InstanceDungeonEntrance_8001_Description",
    "InstanceDungeonList": [
      8012,
      8013,
      8014,
      8015,
      8016,
      8017
    ],
    "FlowId": 6,
    "HelpButtonId": 0,
    "TitleSprite": "/Game/Aki/UI/UIResources/Common/Atlas/TabIcon/SP_Checkpoints1.SP_Checkpoints1",
    "TeleportEntityConfigId": 129000000,
    "UnLockCondition": 0,
    "RegularReward": {
      "PKa": [],
      "length": 0
    },
    "PowerCostShow": 0,
    "MapBgPath": "/Game/Aki/UI/UIResources/Common/Image/ImgCopy/T_ImgCopy_001_UI.T_ImgCopy_001_UI"
  },
  {
    "Id": 8500,
    "MarkId": 0,
    "Name": "InstanceDungeonEntrance_8500_Name",
    "Description": "InstanceDungeonEntrance_8500_Description",
    "InstanceDungeonList": [
      8501,
      8502,
      8503,
      8510,
      8511,
      8512
    ],
    "FlowId": 9,
    "HelpButtonId": 115,
    "TitleSprite": "/Game/Aki/UI/UIResources/Common/Atlas/TabIcon/SP_IconActivityMowing1.SP_IconActivityMowing1",
    "TeleportEntityConfigId": 0,
    "UnLockCondition": 0,
    "RegularReward": {
      "PKa": [],
      "length": 0
    },
    "PowerCostShow": 0,
    "MapBgPath": "/Game/Aki/UI/UIResources/Common/Image/ImgCopy/T_ImgCopy_001_UI.T_ImgCopy_001_UI"
  },
  {
    "Id": 8180,
    "MarkId": 380023,
    "Name": "InstanceDungeonEntrance_8180_Name",
    "Description": "InstanceDungeonEntrance_8180_Description",
    "InstanceDungeonList": [
      8180,
      8181,
      8182,
      8183,
      8184,
      8185,
      8186,
      8187,
      8188,
      8189,
      8190,
      8191
    ],
    "FlowId": 8,
    "HelpButtonId": 0,
    "TitleSprite": "/Game/Aki/UI/UIResources/Common/Atlas/TabIcon/SP_IconOnlineBoss.SP_IconOnlineBoss",
    "TeleportEntityConfigId": 0,
    "UnLockCondition": 0,
    "RegularReward": {
      "PKa": [],
      "length": 0
    },
    "PowerCostShow": 0,
    "MapBgPath": "/Game/Aki/UI/UIResources/Common/Image/ImgCopy/T_ImgCopy_005_UI.T_ImgCopy_005_UI"
  },
  {
    "Id": 1510,
    "MarkId": 0,
    "Name": "InstanceDungeonEntrance_1510_Name",
    "Description": "InstanceDungeonEntrance_1510_Description",
    "InstanceDungeonList": [
      1510
    ],
    "FlowId": 1,
    "HelpButtonId": 0,
    "TitleSprite": "/Game/Aki/UI/UIResources/Common/Atlas/TabIcon/SP_Checkpoints1.SP_Checkpoints1",
    "TeleportEntityConfigId": 138750106,
    "UnLockCondition": 0,
    "RegularReward": {
      "PKa": [],
      "length": 0
    },
    "PowerCostShow": 0,
    "MapBgPath": "/Game/Aki/UI/UIResources/Common/Image/ImgCopy/T_ImgCopy_001_UI.T_ImgCopy_001_UI"
  },
  {
    "Id": 1506,
    "MarkId": 0,
    "Name": "InstanceDungeonEntrance_1506_Name",
    "Description": "InstanceDungeonEntrance_1506_Description",
    "InstanceDungeonList": [
      1506
    ],
    "FlowId": 1,
    "HelpButtonId": 0,
    "TitleSprite": "/Game/Aki/UI/UIResources/Common/Atlas/TabIcon/SP_Checkpoints1.SP_Checkpoints1",
    "TeleportEntityConfigId": 138750107,
    "UnLockCondition": 0,
    "RegularReward": {
      "PKa": [],
      "length": 0
    },
    "PowerCostShow": 0,
    "MapBgPath": "/Game/Aki/UI/UIResources/Common/Image/ImgCopy/T_ImgCopy_001_UI.T_ImgCopy_001_UI"
  },
  {
    "Id": 8501,
    "MarkId": 0,
    "Name": "InstanceDungeonEntrance_8500_Name",
    "Description": "InstanceDungeonEntrance_8500_Description",
    "InstanceDungeonList": [
      8501,
      8502,
      8503,
      8510,
      8511,
      8512,
      8500
    ],
    "FlowId": 9,
    "HelpButtonId": 115,
    "TitleSprite": "/Game/Aki/UI/UIResources/Common/Atlas/TabIcon/SP_IconActivityMowing1.SP_IconActivityMowing1",
    "TeleportEntityConfigId": 0,
    "UnLockCondition": 0,
    "RegularReward": {
      "PKa": [],
      "length": 0
    },
    "PowerCostShow": 0,
    "MapBgPath": "/Game/Aki/UI/UIResources/Common/Image/ImgCopy/T_ImgCopy_001_UI.T_ImgCopy_001_UI"
  }
]