[
  {
    "Id": 1,
    "CommonText": "InstanceDungeonTitle_1_CommonText",
    "IconTexture": ""
  },
  {
    "Id": 2,
    "CommonText": "InstanceDungeonTitle_2_CommonText",
    "IconTexture": ""
  },
  {
    "Id": 3,
    "CommonText": "InstanceDungeonTitle_3_CommonText",
    "IconTexture": ""
  },
  {
    "Id": 4,
    "CommonText": "InstanceDungeonTitle_4_CommonText",
    "IconTexture": ""
  },
  {
    "Id": 5,
    "CommonText": "InstanceDungeonTitle_5_CommonText",
    "IconTexture": ""
  },
  {
    "Id": 6,
    "CommonText": "InstanceDungeonTitle_6_CommonText",
    "IconTexture": ""
  },
  {
    "Id": 11,
    "CommonText": "InstanceDungeonTitle_11_CommonText",
    "IconTexture": ""
  },
  {
    "Id": 12,
    "CommonText": "InstanceDungeonTitle_12_CommonText",
    "IconTexture": ""
  },
  {
    "Id": 13,
    "CommonText": "InstanceDungeonTitle_13_CommonText",
    "IconTexture": ""
  },
  {
    "Id": 14,
    "CommonText": "InstanceDungeonTitle_14_CommonText",
    "IconTexture": ""
  },
  {
    "Id": 15,
    "CommonText": "InstanceDungeonTitle_15_CommonText",
    "IconTexture": ""
  },
  {
    "Id": 16,
    "CommonText": "InstanceDungeonTitle_16_CommonText",
    "IconTexture": ""
  },
  {
    "Id": 17,
    "CommonText": "InstanceDungeonTitle_17_CommonText",
    "IconTexture": ""
  },
  {
    "Id": 18,
    "CommonText": "InstanceDungeonTitle_18_CommonText",
    "IconTexture": ""
  },
  {
    "Id": 19,
    "CommonText": "InstanceDungeonTitle_19_CommonText",
    "IconTexture": ""
  },
  {
    "Id": 20,
    "CommonText": "InstanceDungeonTitle_20_CommonText",
    "IconTexture": ""
  },
  {
    "Id": 21,
    "CommonText": "InstanceDungeonTitle_21_CommonText",
    "IconTexture": ""
  },
  {
    "Id": 7,
    "CommonText": "InstanceDungeonTitle_7_CommonText",
    "IconTexture": ""
  },
  {
    "Id": 30,
    "CommonText": "InstanceDungeonTitle_30_CommonText",
    "IconTexture": ""
  },
  {
    "Id": 999,
    "CommonText": "InstanceDungeonTitle_999_CommonText",
    "IconTexture": ""
  },
  {
    "Id": 40,
    "CommonText": "InstanceDungeonEntrance_201000_Name",
    "IconTexture": "/Game/Aki/UI/UIResources/Common/Image/IconMout80/T_IconMout80_O_002_1_UI.T_IconMout80_O_002_1_UI"
  },
  {
    "Id": 41,
    "CommonText": "InstanceDungeonEntrance_301000_Name",
    "IconTexture": "/Game/Aki/UI/UIResources/UiDevelopmentGuide/Image/T_IconDevelopment01.T_IconDevelopment01"
  },
  {
    "Id": 3110,
    "CommonText": "InstanceDungeonTitle_3110_CommonText",
    "IconTexture": ""
  },
  {
    "Id": 3801,
    "CommonText": "InstanceDungeonTitle_3240_CommonText",
    "IconTexture": ""
  },
  {
    "Id": 3803,
    "CommonText": "InstanceDungeonTitle_3250_CommonText",
    "IconTexture": ""
  },
  {
    "Id": 3805,
    "CommonText": "InstanceDungeonTitle_3260_CommonText",
    "IconTexture": ""
  },
  {
    "Id": 3807,
    "CommonText": "InstanceDungeonTitle_3270_CommonText",
    "IconTexture": ""
  },
  {
    "Id": 3809,
    "CommonText": "InstanceDungeonTitle_3280_CommonText",
    "IconTexture": ""
  },
  {
    "Id": 3811,
    "CommonText": "InstanceDungeonTitle_3290_CommonText",
    "IconTexture": ""
  },
  {
    "Id": 3813,
    "CommonText": "InstanceDungeonTitle_3300_CommonText",
    "IconTexture": ""
  },
  {
    "Id": 3815,
    "CommonText": "InstanceDungeonTitle_3310_CommonText",
    "IconTexture": ""
  },
  {
    "Id": 3817,
    "CommonText": "InstanceDungeonTitle_3320_CommonText",
    "IconTexture": ""
  },
  {
    "Id": 3819,
    "CommonText": "InstanceDungeonTitle_3330_CommonText",
    "IconTexture": ""
  },
  {
    "Id": 3821,
    "CommonText": "InstanceDungeonTitle_3340_CommonText",
    "IconTexture": ""
  },
  {
    "Id": 3823,
    "CommonText": "InstanceDungeonTitle_3350_CommonText",
    "IconTexture": ""
  },
  {
    "Id": 3825,
    "CommonText": "InstanceDungeonTitle_3360_CommonText",
    "IconTexture": ""
  },
  {
    "Id": 3501,
    "CommonText": "InstanceDungeonTitle_3230_CommonText",
    "IconTexture": ""
  },
  {
    "Id": 3004,
    "CommonText": "InstanceDungeonTitle_3003_CommonText",
    "IconTexture": ""
  },
  {
    "Id": 3100,
    "CommonText": "InstanceDungeonTitle_3100_CommonText",
    "IconTexture": ""
  },
  {
    "Id": 3120,
    "CommonText": "InstanceDungeonTitle_3120_CommonText",
    "IconTexture": ""
  },
  {
    "Id": 3130,
    "CommonText": "InstanceDungeonTitle_3130_CommonText",
    "IconTexture": ""
  },
  {
    "Id": 3140,
    "CommonText": "InstanceDungeonTitle_3140_CommonText",
    "IconTexture": ""
  },
  {
    "Id": 3150,
    "CommonText": "InstanceDungeonTitle_3150_CommonText",
    "IconTexture": ""
  },
  {
    "Id": 3160,
    "CommonText": "InstanceDungeonTitle_3160_CommonText",
    "IconTexture": ""
  },
  {
    "Id": 3170,
    "CommonText": "InstanceDungeonTitle_3170_CommonText",
    "IconTexture": ""
  },
  {
    "Id": 3180,
    "CommonText": "InstanceDungeonTitle_3180_CommonText",
    "IconTexture": ""
  },
  {
    "Id": 3190,
    "CommonText": "InstanceDungeonTitle_3190_CommonText",
    "IconTexture": ""
  },
  {
    "Id": 3200,
    "CommonText": "InstanceDungeonTitle_3200_CommonText",
    "IconTexture": ""
  },
  {
    "Id": 3210,
    "CommonText": "InstanceDungeonTitle_3210_CommonText",
    "IconTexture": ""
  },
  {
    "Id": 3220,
    "CommonText": "InstanceDungeonTitle_3220_CommonText",
    "IconTexture": ""
  },
  {
    "Id": 1001,
    "CommonText": "InstanceDungeon_4041_MapName",
    "IconTexture": "/Game/Aki/UI/UIResources/UiCheckpoints/Image/T_IconLevel_02.T_IconLevel_02"
  },
  {
    "Id": 1002,
    "CommonText": "InstanceDungeon_4042_MapName",
    "IconTexture": "/Game/Aki/UI/UIResources/UiCheckpoints/Image/T_IconLevel_01.T_IconLevel_01"
  },
  {
    "Id": 1003,
    "CommonText": "InstanceDungeon_4043_MapName",
    "IconTexture": "/Game/Aki/UI/UIResources/UiCheckpoints/Image/T_IconLevel_03.T_IconLevel_03"
  },
  {
    "Id": 1004,
    "CommonText": "InstanceDungeon_4044_MapName",
    "IconTexture": "/Game/Aki/UI/UIResources/UiCheckpoints/Image/T_IconLevel_04.T_IconLevel_04"
  },
  {
    "Id": 1101,
    "CommonText": "InstanceDungeon_8151_MapName",
    "IconTexture": ""
  },
  {
    "Id": 1102,
    "CommonText": "InstanceDungeon_8152_MapName",
    "IconTexture": ""
  },
  {
    "Id": 1103,
    "CommonText": "InstanceDungeon_8153_MapName",
    "IconTexture": ""
  },
  {
    "Id": 1104,
    "CommonText": "InstanceDungeon_8154_MapName",
    "IconTexture": ""
  },
  {
    "Id": 1105,
    "CommonText": "InstanceDungeon_8155_MapName",
    "IconTexture": ""
  },
  {
    "Id": 1106,
    "CommonText": "InstanceDungeon_8156_MapName",
    "IconTexture": ""
  },
  {
    "Id": 1107,
    "CommonText": "InstanceDungeon_8157_MapName",
    "IconTexture": ""
  },
  {
    "Id": 1108,
    "CommonText": "InstanceDungeon_8158_MapName",
    "IconTexture": ""
  },
  {
    "Id": 1109,
    "CommonText": "InstanceDungeon_8159_MapName",
    "IconTexture": ""
  },
  {
    "Id": 1110,
    "CommonText": "InstanceDungeon_8160_MapName",
    "IconTexture": ""
  },
  {
    "Id": 8171,
    "CommonText": "InstanceDungeon_8172_Name",
    "IconTexture": ""
  },
  {
    "Id": 8172,
    "CommonText": "InstanceDungeon_8173_Name",
    "IconTexture": ""
  },
  {
    "Id": 8173,
    "CommonText": "InstanceDungeon_8175_Name",
    "IconTexture": ""
  },
  {
    "Id": 8174,
    "CommonText": "InstanceDungeon_8176_Name",
    "IconTexture": ""
  },
  {
    "Id": 8175,
    "CommonText": "InstanceDungeon_8176_Name",
    "IconTexture": ""
  },
  {
    "Id": 1111,
    "CommonText": "InstanceDungeon_8161_MapName",
    "IconTexture": ""
  },
  {
    "Id": 1112,
    "CommonText": "InstanceDungeon_8162_MapName",
    "IconTexture": ""
  },
  {
    "Id": 1113,
    "CommonText": "InstanceDungeon_8163_MapName",
    "IconTexture": ""
  },
  {
    "Id": 1114,
    "CommonText": "InstanceDungeon_8164_MapName",
    "IconTexture": ""
  },
  {
    "Id": 1115,
    "CommonText": "InstanceDungeon_8165_MapName",
    "IconTexture": ""
  },
  {
    "Id": 1116,
    "CommonText": "InstanceDungeon_8166_MapName",
    "IconTexture": ""
  },
  {
    "Id": 1117,
    "CommonText": "InstanceDungeon_8167_MapName",
    "IconTexture": ""
  },
  {
    "Id": 3826,
    "CommonText": "InstanceDungeonTitle_3370_CommonText",
    "IconTexture": ""
  },
  {
    "Id": 8170,
    "CommonText": "InstanceDungeon_8171_Name",
    "IconTexture": ""
  },
  {
    "Id": 1200,
    "CommonText": "InstanceDungeon_8501_MapName",
    "IconTexture": ""
  },
  {
    "Id": 1201,
    "CommonText": "InstanceDungeon_8502_MapName",
    "IconTexture": ""
  },
  {
    "Id": 1202,
    "CommonText": "InstanceDungeon_8503_MapName",
    "IconTexture": ""
  },
  {
    "Id": 1203,
    "CommonText": "InstanceDungeon_8510_MapName",
    "IconTexture": ""
  },
  {
    "Id": 1204,
    "CommonText": "InstanceDungeon_8511_MapName",
    "IconTexture": ""
  },
  {
    "Id": 1205,
    "CommonText": "InstanceDungeon_8512_MapName",
    "IconTexture": ""
  }
]