[
  {
    "TaskId": 101,
    "TaskName": "LivenessTask_101_TaskName",
    "UpdateType": 0,
    "TaskReward": {
      "size": 1
    },
    "TaskFunc": [
      "2"
    ],
    "UnlockCondition": 0,
    "SortRank": 1
  },
  {
    "TaskId": 102,
    "TaskName": "LivenessTask_102_TaskName",
    "UpdateType": 1,
    "TaskReward": {
      "size": 1
    },
    "TaskFunc": [
      "4",
      "NewSoundAreaView",
      "19"
    ],
    "UnlockCondition": 12005124,
    "SortRank": 3
  },
  {
    "TaskId": 103,
    "TaskName": "LivenessTask_103_TaskName",
    "UpdateType": 1,
    "TaskReward": {
      "size": 1
    },
    "TaskFunc": [
      "4",
      "NewSoundAreaView",
      "4"
    ],
    "UnlockCondition": 12005118,
    "SortRank": 3
  },
  {
    "TaskId": 104,
    "TaskName": "LivenessTask_104_TaskName",
    "UpdateType": 1,
    "TaskReward": {
      "size": 1
    },
    "TaskFunc": [
      "4",
      "NewSoundAreaView",
      "22"
    ],
    "UnlockCondition": 12005113,
    "SortRank": 3
  },
  {
    "TaskId": 107,
    "TaskName": "LivenessTask_107_TaskName",
    "UpdateType": 1,
    "TaskReward": {
      "size": 1
    },
    "TaskFunc": [
      "5",
      "RolePhantomTabView"
    ],
    "UnlockCondition": 0,
    "SortRank": 4
  },
  {
    "TaskId": 108,
    "TaskName": "LivenessTask_108_TaskName",
    "UpdateType": 1,
    "TaskReward": {
      "size": 1
    },
    "TaskFunc": [
      "5",
      "RolePhantomTabView"
    ],
    "UnlockCondition": 1020,
    "SortRank": 4
  },
  {
    "TaskId": 109,
    "TaskName": "LivenessTask_109_TaskName",
    "UpdateType": 1,
    "TaskReward": {
      "size": 1
    },
    "TaskFunc": [
      "5",
      "RoleWeaponTabView"
    ],
    "UnlockCondition": 0,
    "SortRank": 4
  },
  {
    "TaskId": 110,
    "TaskName": "LivenessTask_110_TaskName",
    "UpdateType": 0,
    "TaskReward": {
      "size": 1
    },
    "TaskFunc": [
      "4",
      "MonsterDetectView",
      "-3"
    ],
    "UnlockCondition": 12005106,
    "SortRank": 1
  },
  {
    "TaskId": 105,
    "TaskName": "LivenessTask_105_TaskName",
    "UpdateType": 1,
    "TaskReward": {
      "size": 1
    },
    "TaskFunc": [
      "4",
      "NewSoundAreaView",
      "21"
    ],
    "UnlockCondition": 12005111,
    "SortRank": 3
  },
  {
    "TaskId": 106,
    "TaskName": "LivenessTask_106_TaskName",
    "UpdateType": 1,
    "TaskReward": {
      "size": 1
    },
    "TaskFunc": [
      "4",
      "NewSoundAreaView",
      "7"
    ],
    "UnlockCondition": 12005120,
    "SortRank": 3
  },
  {
    "TaskId": 111,
    "TaskName": "LivenessTask_111_TaskName",
    "UpdateType": 1,
    "TaskReward": {
      "size": 1
    },
    "TaskFunc": [
      "1"
    ],
    "UnlockCondition": 0,
    "SortRank": 6
  },
  {
    "TaskId": 112,
    "TaskName": "LivenessTask_112_TaskName",
    "UpdateType": 1,
    "TaskReward": {
      "size": 1
    },
    "TaskFunc": [
      "3",
      "3003"
    ],
    "UnlockCondition": 0,
    "SortRank": 6
  },
  {
    "TaskId": 113,
    "TaskName": "LivenessTask_113_TaskName",
    "UpdateType": 1,
    "TaskReward": {
      "size": 1
    },
    "TaskFunc": [
      "3",
      "3010"
    ],
    "UnlockCondition": 0,
    "SortRank": 6
  },
  {
    "TaskId": 114,
    "TaskName": "LivenessTask_114_TaskName",
    "UpdateType": 1,
    "TaskReward": {
      "size": 1
    },
    "TaskFunc": [
      "3",
      "3002"
    ],
    "UnlockCondition": 0,
    "SortRank": 6
  },
  {
    "TaskId": 115,
    "TaskName": "LivenessTask_115_TaskName",
    "UpdateType": 1,
    "TaskReward": {
      "size": 1
    },
    "TaskFunc": [
      "1"
    ],
    "UnlockCondition": 0,
    "SortRank": 6
  },
  {
    "TaskId": 116,
    "TaskName": "LivenessTask_116_TaskName",
    "UpdateType": 1,
    "TaskReward": {
      "size": 1
    },
    "TaskFunc": [
      "1"
    ],
    "UnlockCondition": 0,
    "SortRank": 7
  },
  {
    "TaskId": 117,
    "TaskName": "LivenessTask_117_TaskName",
    "UpdateType": 1,
    "TaskReward": {
      "size": 1
    },
    "TaskFunc": [
      "1"
    ],
    "UnlockCondition": 0,
    "SortRank": 7
  },
  {
    "TaskId": 118,
    "TaskName": "LivenessTask_118_TaskName",
    "UpdateType": 1,
    "TaskReward": {
      "size": 1
    },
    "TaskFunc": [
      "1"
    ],
    "UnlockCondition": 0,
    "SortRank": 7
  },
  {
    "TaskId": 119,
    "TaskName": "LivenessTask_119_TaskName",
    "UpdateType": 1,
    "TaskReward": {
      "size": 1
    },
    "TaskFunc": [
      "1"
    ],
    "UnlockCondition": 0,
    "SortRank": 7
  },
  {
    "TaskId": 120,
    "TaskName": "LivenessTask_120_TaskName",
    "UpdateType": 1,
    "TaskReward": {
      "size": 1
    },
    "TaskFunc": [
      "5",
      "RoleAttributeTabView"
    ],
    "UnlockCondition": 0,
    "SortRank": 4
  },
  {
    "TaskId": 121,
    "TaskName": "LivenessTask_121_TaskName",
    "UpdateType": 2,
    "TaskReward": {
      "size": 1
    },
    "TaskFunc": [
      "1"
    ],
    "UnlockCondition": 0,
    "SortRank": 5
  },
  {
    "TaskId": 122,
    "TaskName": "LivenessTask_122_TaskName",
    "UpdateType": 2,
    "TaskReward": {
      "size": 1
    },
    "TaskFunc": [
      "1"
    ],
    "UnlockCondition": 0,
    "SortRank": 5
  },
  {
    "TaskId": 123,
    "TaskName": "LivenessTask_123_TaskName",
    "UpdateType": 2,
    "TaskReward": {
      "size": 1
    },
    "TaskFunc": [
      "1"
    ],
    "UnlockCondition": 0,
    "SortRank": 5
  },
  {
    "TaskId": 124,
    "TaskName": "LivenessTask_124_TaskName",
    "UpdateType": 3,
    "TaskReward": {
      "size": 1
    },
    "TaskFunc": [
      "7",
      "1"
    ],
    "UnlockCondition": 0,
    "SortRank": 2
  },
  {
    "TaskId": 125,
    "TaskName": "LivenessTask_125_TaskName",
    "UpdateType": 3,
    "TaskReward": {
      "size": 1
    },
    "TaskFunc": [
      "7",
      "2"
    ],
    "UnlockCondition": 0,
    "SortRank": 2
  },
  {
    "TaskId": 126,
    "TaskName": "LivenessTask_126_TaskName",
    "UpdateType": 3,
    "TaskReward": {
      "size": 1
    },
    "TaskFunc": [
      "7",
      "9"
    ],
    "UnlockCondition": 0,
    "SortRank": 2
  },
  {
    "TaskId": 127,
    "TaskName": "LivenessTask_127_TaskName",
    "UpdateType": 1,
    "TaskReward": {
      "size": 1
    },
    "TaskFunc": [
      "1"
    ],
    "UnlockCondition": 0,
    "SortRank": 3
  },
  {
    "TaskId": 128,
    "TaskName": "LivenessTask_128_TaskName",
    "UpdateType": 1,
    "TaskReward": {
      "size": 1
    },
    "TaskFunc": [
      "4",
      "NewSoundAreaView",
      "5"
    ],
    "UnlockCondition": 12980063,
    "SortRank": 3
  }
]