[
  {
    "Id": 1,
    "Condition": 4,
    "ConditionParam": [
      2
    ],
    "Description": "CalabashDevelopCondition_1_Description",
    "RewardExp": {
      "size": 2
    }
  },
  {
    "Id": 2,
    "Condition": 4,
    "ConditionParam": [
      3
    ],
    "Description": "CalabashDevelopCondition_2_Description",
    "RewardExp": {
      "size": 1
    }
  },
  {
    "Id": 3,
    "Condition": 4,
    "ConditionParam": [
      4
    ],
    "Description": "CalabashDevelopCondition_3_Description",
    "RewardExp": {
      "size": 1
    }
  },
  {
    "Id": 4,
    "Condition": 4,
    "ConditionParam": [
      5
    ],
    "Description": "CalabashDevelopCondition_4_Description",
    "RewardExp": {
      "size": 1
    }
  },
  {
    "Id": 5,
    "Condition": 4,
    "ConditionParam": [
      2
    ],
    "Description": "CalabashDevelopCondition_1_Description",
    "RewardExp": {
      "size": 1
    }
  },
  {
    "Id": 6,
    "Condition": 4,
    "ConditionParam": [
      3
    ],
    "Description": "CalabashDevelopCondition_2_Description",
    "RewardExp": {
      "size": 1
    }
  },
  {
    "Id": 7,
    "Condition": 4,
    "ConditionParam": [
      4
    ],
    "Description": "CalabashDevelopCondition_3_Description",
    "RewardExp": {
      "size": 1
    }
  },
  {
    "Id": 8,
    "Condition": 4,
    "ConditionParam": [
      5
    ],
    "Description": "CalabashDevelopCondition_4_Description",
    "RewardExp": {
      "size": 1
    }
  }
]