[
  {
    "Level": 1,
    "LevelUpExp": 30,
    "LevelUpCondition": 502001,
    "TempCatchGain": 200,
    "BuffIds": {
      "PKa": [],
      "length": 0
    },
    "BuffDescription": "",
    "LevelUpDescription": "CalabashLevel_1_LevelUpDescription",
    "QualityDescription": "CalabashLevel_2_QualityDescription",
    "BuffDescriptionMap": {
      "size": 4
    },
    "Cost": 8,
    "RewardId": 4301,
    "QualityDropWeight": {
      "size": 4
    }
  },
  {
    "Level": 2,
    "LevelUpExp": 30,
    "LevelUpCondition": 502001,
    "TempCatchGain": 200,
    "BuffIds": {
      "PKa": [],
      "length": 0
    },
    "BuffDescription": "",
    "LevelUpDescription": "CalabashLevel_2_LevelUpDescription",
    "QualityDescription": "CalabashLevel_2_QualityDescription",
    "BuffDescriptionMap": {
      "size": 4
    },
    "Cost": 10,
    "RewardId": 4302,
    "QualityDropWeight": {
      "size": 4
    }
  },
  {
    "Level": 3,
    "LevelUpExp": 60,
    "LevelUpCondition": 502001,
    "TempCatchGain": 400,
    "BuffIds": {
      "PKa": [],
      "length": 0
    },
    "BuffDescription": "",
    "LevelUpDescription": "CalabashLevel_3_LevelUpDescription",
    "QualityDescription": "CalabashLevel_2_QualityDescription",
    "BuffDescriptionMap": {
      "size": 4
    },
    "Cost": 10,
    "RewardId": 4303,
    "QualityDropWeight": {
      "size": 4
    }
  },
  {
    "Level": 4,
    "LevelUpExp": 100,
    "LevelUpCondition": 502001,
    "TempCatchGain": 400,
    "BuffIds": {
      "PKa": [],
      "length": 0
    },
    "BuffDescription": "",
    "LevelUpDescription": "CalabashLevel_4_LevelUpDescription",
    "QualityDescription": "CalabashLevel_2_QualityDescription",
    "BuffDescriptionMap": {
      "size": 4
    },
    "Cost": 10,
    "RewardId": 4304,
    "QualityDropWeight": {
      "size": 4
    }
  },
  {
    "Level": 5,
    "LevelUpExp": 120,
    "LevelUpCondition": 502001,
    "TempCatchGain": 400,
    "BuffIds": {
      "PKa": [],
      "length": 0
    },
    "BuffDescription": "",
    "LevelUpDescription": "CalabashLevel_5_LevelUpDescription",
    "QualityDescription": "CalabashLevel_3_QualityDescription",
    "BuffDescriptionMap": {
      "size": 4
    },
    "Cost": 10,
    "RewardId": 4305,
    "QualityDropWeight": {
      "size": 4
    }
  },
  {
    "Level": 6,
    "LevelUpExp": 140,
    "LevelUpCondition": 502001,
    "TempCatchGain": 400,
    "BuffIds": {
      "PKa": [],
      "length": 0
    },
    "BuffDescription": "",
    "LevelUpDescription": "CalabashLevel_6_LevelUpDescription",
    "QualityDescription": "CalabashLevel_3_QualityDescription",
    "BuffDescriptionMap": {
      "size": 4
    },
    "Cost": 10,
    "RewardId": 4306,
    "QualityDropWeight": {
      "size": 4
    }
  },
  {
    "Level": 7,
    "LevelUpExp": 160,
    "LevelUpCondition": 502003,
    "TempCatchGain": 400,
    "BuffIds": {
      "PKa": [],
      "length": 0
    },
    "BuffDescription": "",
    "LevelUpDescription": "CalabashLevel_7_LevelUpDescription",
    "QualityDescription": "CalabashLevel_3_QualityDescription",
    "BuffDescriptionMap": {
      "size": 4
    },
    "Cost": 10,
    "RewardId": 4307,
    "QualityDropWeight": {
      "size": 4
    }
  },
  {
    "Level": 8,
    "LevelUpExp": 160,
    "LevelUpCondition": 502003,
    "TempCatchGain": 400,
    "BuffIds": {
      "PKa": [],
      "length": 0
    },
    "BuffDescription": "",
    "LevelUpDescription": "CalabashLevel_8_LevelUpDescription",
    "QualityDescription": "CalabashLevel_4_QualityDescription",
    "BuffDescriptionMap": {
      "size": 4
    },
    "Cost": 10,
    "RewardId": 4308,
    "QualityDropWeight": {
      "size": 4
    }
  },
  {
    "Level": 9,
    "LevelUpExp": 180,
    "LevelUpCondition": 502003,
    "TempCatchGain": 400,
    "BuffIds": {
      "PKa": [],
      "length": 0
    },
    "BuffDescription": "",
    "LevelUpDescription": "CalabashLevel_9_LevelUpDescription",
    "QualityDescription": "CalabashLevel_4_QualityDescription",
    "BuffDescriptionMap": {
      "size": 4
    },
    "Cost": 12,
    "RewardId": 4309,
    "QualityDropWeight": {
      "size": 4
    }
  },
  {
    "Level": 10,
    "LevelUpExp": 180,
    "LevelUpCondition": 502003,
    "TempCatchGain": 400,
    "BuffIds": {
      "PKa": [],
      "length": 0
    },
    "BuffDescription": "",
    "LevelUpDescription": "CalabashLevel_10_LevelUpDescription",
    "QualityDescription": "CalabashLevel_4_QualityDescription",
    "BuffDescriptionMap": {
      "size": 4
    },
    "Cost": 12,
    "RewardId": 4310,
    "QualityDropWeight": {
      "size": 4
    }
  },
  {
    "Level": 11,
    "LevelUpExp": 180,
    "LevelUpCondition": 502003,
    "TempCatchGain": 400,
    "BuffIds": {
      "PKa": [],
      "length": 0
    },
    "BuffDescription": "",
    "LevelUpDescription": "CalabashLevel_11_LevelUpDescription",
    "QualityDescription": "CalabashLevel_4_QualityDescription",
    "BuffDescriptionMap": {
      "size": 4
    },
    "Cost": 12,
    "RewardId": 4311,
    "QualityDropWeight": {
      "size": 4
    }
  },
  {
    "Level": 12,
    "LevelUpExp": 180,
    "LevelUpCondition": 502003,
    "TempCatchGain": 500,
    "BuffIds": {
      "PKa": [],
      "length": 0
    },
    "BuffDescription": "",
    "LevelUpDescription": "CalabashLevel_12_LevelUpDescription",
    "QualityDescription": "CalabashLevel_4_QualityDescription",
    "BuffDescriptionMap": {
      "size": 4
    },
    "Cost": 12,
    "RewardId": 4312,
    "QualityDropWeight": {
      "size": 4
    }
  },
  {
    "Level": 13,
    "LevelUpExp": 180,
    "LevelUpCondition": 502003,
    "TempCatchGain": 500,
    "BuffIds": {
      "PKa": [],
      "length": 0
    },
    "BuffDescription": "",
    "LevelUpDescription": "CalabashLevel_13_LevelUpDescription",
    "QualityDescription": "CalabashLevel_4_QualityDescription",
    "BuffDescriptionMap": {
      "size": 4
    },
    "Cost": 12,
    "RewardId": 4313,
    "QualityDropWeight": {
      "size": 4
    }
  },
  {
    "Level": 14,
    "LevelUpExp": 200,
    "LevelUpCondition": 502004,
    "TempCatchGain": 600,
    "BuffIds": {
      "PKa": [],
      "length": 0
    },
    "BuffDescription": "",
    "LevelUpDescription": "CalabashLevel_14_LevelUpDescription",
    "QualityDescription": "CalabashLevel_4_QualityDescription",
    "BuffDescriptionMap": {
      "size": 4
    },
    "Cost": 12,
    "RewardId": 4314,
    "QualityDropWeight": {
      "size": 4
    }
  },
  {
    "Level": 15,
    "LevelUpExp": 200,
    "LevelUpCondition": 502004,
    "TempCatchGain": 600,
    "BuffIds": {
      "PKa": [],
      "length": 0
    },
    "BuffDescription": "",
    "LevelUpDescription": "CalabashLevel_15_LevelUpDescription",
    "QualityDescription": "CalabashLevel_5_QualityDescription",
    "BuffDescriptionMap": {
      "size": 4
    },
    "Cost": 12,
    "RewardId": 4315,
    "QualityDropWeight": {
      "size": 4
    }
  },
  {
    "Level": 16,
    "LevelUpExp": 200,
    "LevelUpCondition": 502004,
    "TempCatchGain": 800,
    "BuffIds": {
      "PKa": [],
      "length": 0
    },
    "BuffDescription": "",
    "LevelUpDescription": "CalabashLevel_16_LevelUpDescription",
    "QualityDescription": "CalabashLevel_5_QualityDescription",
    "BuffDescriptionMap": {
      "size": 4
    },
    "Cost": 12,
    "RewardId": 4316,
    "QualityDropWeight": {
      "size": 4
    }
  },
  {
    "Level": 17,
    "LevelUpExp": 200,
    "LevelUpCondition": 502004,
    "TempCatchGain": 800,
    "BuffIds": {
      "PKa": [],
      "length": 0
    },
    "BuffDescription": "",
    "LevelUpDescription": "CalabashLevel_17_LevelUpDescription",
    "QualityDescription": "CalabashLevel_5_QualityDescription",
    "BuffDescriptionMap": {
      "size": 4
    },
    "Cost": 12,
    "RewardId": 4317,
    "QualityDropWeight": {
      "size": 4
    }
  },
  {
    "Level": 18,
    "LevelUpExp": 220,
    "LevelUpCondition": 502005,
    "TempCatchGain": 900,
    "BuffIds": {
      "PKa": [],
      "length": 0
    },
    "BuffDescription": "",
    "LevelUpDescription": "CalabashLevel_18_LevelUpDescription",
    "QualityDescription": "CalabashLevel_5_QualityDescription",
    "BuffDescriptionMap": {
      "size": 4
    },
    "Cost": 12,
    "RewardId": 4318,
    "QualityDropWeight": {
      "size": 4
    }
  },
  {
    "Level": 19,
    "LevelUpExp": 250,
    "LevelUpCondition": 502005,
    "TempCatchGain": 900,
    "BuffIds": {
      "PKa": [],
      "length": 0
    },
    "BuffDescription": "",
    "LevelUpDescription": "CalabashLevel_19_LevelUpDescription",
    "QualityDescription": "CalabashLevel_5_QualityDescription",
    "BuffDescriptionMap": {
      "size": 4
    },
    "Cost": 12,
    "RewardId": 4319,
    "QualityDropWeight": {
      "size": 4
    }
  },
  {
    "Level": 20,
    "LevelUpExp": 350,
    "LevelUpCondition": 502005,
    "TempCatchGain": 1000,
    "BuffIds": {
      "PKa": [],
      "length": 0
    },
    "BuffDescription": "",
    "LevelUpDescription": "CalabashLevel_20_LevelUpDescription",
    "QualityDescription": "CalabashLevel_5_QualityDescription",
    "BuffDescriptionMap": {
      "size": 4
    },
    "Cost": 12,
    "RewardId": 4320,
    "QualityDropWeight": {
      "size": 4
    }
  },
  {
    "Level": 0,
    "LevelUpExp": 30,
    "LevelUpCondition": 502001,
    "TempCatchGain": 200,
    "BuffIds": {
      "PKa": [],
      "length": 0
    },
    "BuffDescription": "",
    "LevelUpDescription": "",
    "QualityDescription": "CalabashLevel_2_QualityDescription",
    "BuffDescriptionMap": {
      "size": 4
    },
    "Cost": 8,
    "RewardId": 0,
    "QualityDropWeight": {
      "size": 4
    }
  },
  {
    "Level": 21,
    "LevelUpExp": 9999999,
    "LevelUpCondition": 502005,
    "TempCatchGain": 1000,
    "BuffIds": {
      "PKa": [],
      "length": 0
    },
    "BuffDescription": "",
    "LevelUpDescription": "CalabashLevel_21_LevelUpDescription",
    "QualityDescription": "CalabashLevel_5_QualityDescription",
    "BuffDescriptionMap": {
      "size": 4
    },
    "Cost": 12,
    "RewardId": 4321,
    "QualityDropWeight": {
      "size": 4
    }
  }
]