[
  {
    "MonsterId": 390070051,
    "DevelopCondition": [
      1,
      2,
      3,
      4
    ],
    "MonsterInfoId": 310000010,
    "AllExp": 100,
    "SortId": 1602,
    "MonsterProbeId": 310000010,
    "HandBookBp": "/Game/Aki/Character/Kpose/Ordinary/MO1QunJing1Md00001.MO1QunJing1Md00001",
    "MonsterBodyType": 1,
    "HandBookCamera": "800021",
    "MonsterNumber": "S08-",
    "InteractionRadius": 150,
    "IsShow": true
  },
  {
    "MonsterId": 390070052,
    "DevelopCondition": [
      1,
      2,
      3,
      4
    ],
    "MonsterInfoId": 310000020,
    "AllExp": 100,
    "SortId": 1603,
    "MonsterProbeId": 310000020,
    "HandBookBp": "/Game/Aki/Character/Kpose/Ordinary/MO1QunJing2Md00001.MO1QunJing2Md00001",
    "MonsterBodyType": 1,
    "HandBookCamera": "800021",
    "MonsterNumber": "S09-",
    "InteractionRadius": 150,
    "IsShow": true
  },
  {
    "MonsterId": 390070053,
    "DevelopCondition": [
      1,
      2,
      3,
      4
    ],
    "MonsterInfoId": 310000030,
    "AllExp": 100,
    "SortId": 2001,
    "MonsterProbeId": 310000030,
    "HandBookBp": "/Game/Aki/Character/Kpose/Ordinary/MO1LeilieMd00301.MO1LeilieMd00301",
    "MonsterBodyType": 3,
    "HandBookCamera": "800021",
    "MonsterNumber": "W25-",
    "InteractionRadius": 200,
    "IsShow": true
  },
  {
    "MonsterId": 390070064,
    "DevelopCondition": [
      1,
      2,
      3,
      4
    ],
    "MonsterInfoId": 310000060,
    "AllExp": 100,
    "SortId": 2004,
    "MonsterProbeId": 310000060,
    "HandBookBp": "/Game/Aki/Character/Kpose/Ordinary/MO1HuojinMd00101.MO1HuojinMd00101",
    "MonsterBodyType": 3,
    "HandBookCamera": "800021",
    "MonsterNumber": "W30-",
    "InteractionRadius": 200,
    "IsShow": true
  },
  {
    "MonsterId": 390070065,
    "DevelopCondition": [
      1,
      2,
      3,
      4
    ],
    "MonsterInfoId": 310000070,
    "AllExp": 100,
    "SortId": 2005,
    "MonsterProbeId": 310000070,
    "HandBookBp": "/Game/Aki/Character/Kpose/Ordinary/MO1AnjinMd00601.MO1AnjinMd00601",
    "MonsterBodyType": 3,
    "HandBookCamera": "800021",
    "MonsterNumber": "W31-",
    "InteractionRadius": 200,
    "IsShow": true
  },
  {
    "MonsterId": 390070066,
    "DevelopCondition": [
      1,
      2,
      3,
      4
    ],
    "MonsterInfoId": 310000080,
    "AllExp": 100,
    "SortId": 2,
    "MonsterProbeId": 310000080,
    "HandBookBp": "/Game/Aki/Character/Kpose/Ordinary/MO1HKacacaMd00101.MO1HKacacaMd00101",
    "MonsterBodyType": 1,
    "HandBookCamera": "800021",
    "MonsterNumber": "G02-",
    "InteractionRadius": 150,
    "IsShow": true
  },
  {
    "MonsterId": 390070067,
    "DevelopCondition": [
      1,
      2,
      3,
      4
    ],
    "MonsterInfoId": 310000090,
    "AllExp": 100,
    "SortId": 3,
    "MonsterProbeId": 310000090,
    "HandBookBp": "/Game/Aki/Character/Kpose/Ordinary/MO1GAziziMd00501.MO1GAziziMd00501",
    "MonsterBodyType": 1,
    "HandBookCamera": "800021",
    "MonsterNumber": "G03-",
    "InteractionRadius": 150,
    "IsShow": true
  },
  {
    "MonsterId": 390070068,
    "DevelopCondition": [
      1,
      2,
      3,
      4
    ],
    "MonsterInfoId": 310000100,
    "AllExp": 100,
    "SortId": 1,
    "MonsterProbeId": 310000100,
    "HandBookBp": "/Game/Aki/Character/Kpose/Ordinary/MO1FHuxiuxiuMd00401.MO1FHuxiuxiuMd00401",
    "MonsterBodyType": 1,
    "HandBookCamera": "800021",
    "MonsterNumber": "G01-",
    "InteractionRadius": 150,
    "IsShow": true
  },
  {
    "MonsterId": 390070069,
    "DevelopCondition": [
      1,
      2,
      3,
      4
    ],
    "MonsterInfoId": 310000110,
    "AllExp": 100,
    "SortId": 4,
    "MonsterProbeId": 310000110,
    "HandBookBp": "/Game/Aki/Character/Kpose/Ordinary/MO1AWukakaMd00601.MO1AWukakaMd00601",
    "MonsterBodyType": 1,
    "HandBookCamera": "800021",
    "MonsterNumber": "G04-",
    "InteractionRadius": 150,
    "IsShow": true
  },
  {
    "MonsterId": 390070070,
    "DevelopCondition": [
      1,
      2,
      3,
      4
    ],
    "MonsterInfoId": 310000040,
    "AllExp": 100,
    "SortId": 2002,
    "MonsterProbeId": 310000040,
    "HandBookBp": "/Game/Aki/Character/Kpose/Ordinary/MO1BinglieMd00201.MO1BinglieMd00201",
    "MonsterBodyType": 3,
    "HandBookCamera": "800021",
    "MonsterNumber": "W26-",
    "InteractionRadius": 200,
    "IsShow": true
  },
  {
    "MonsterId": 390070076,
    "DevelopCondition": [
      1,
      2,
      3,
      4
    ],
    "MonsterInfoId": 310000120,
    "AllExp": 100,
    "SortId": 401,
    "MonsterProbeId": 310000120,
    "HandBookBp": "/Game/Aki/Character/Kpose/Ordinary/MO1GuguhetunMd00201.MO1GuguhetunMd00201",
    "MonsterBodyType": 1,
    "HandBookCamera": "800021",
    "MonsterNumber": "H01-",
    "InteractionRadius": 150,
    "IsShow": true
  },
  {
    "MonsterId": 390077004,
    "DevelopCondition": [
      1,
      2,
      3,
      4
    ],
    "MonsterInfoId": 320000020,
    "AllExp": 100,
    "SortId": 502,
    "MonsterProbeId": 320000020,
    "HandBookBp": "/Game/Aki/Character/Kpose/Elite/ME1JingNiaoMd00301.ME1JingNiaoMd00301",
    "MonsterBodyType": 2,
    "HandBookCamera": "800022",
    "MonsterNumber": "H42-",
    "InteractionRadius": 200,
    "IsShow": true
  },
  {
    "MonsterId": 390077005,
    "DevelopCondition": [
      1,
      2,
      3,
      4
    ],
    "MonsterInfoId": 320000030,
    "AllExp": 100,
    "SortId": 501,
    "MonsterProbeId": 320000030,
    "HandBookBp": "/Game/Aki/Character/Kpose/Elite/ME1JingNiaoMd00401.ME1JingNiaoMd00401",
    "MonsterBodyType": 2,
    "HandBookCamera": "800022",
    "MonsterNumber": "H41-",
    "InteractionRadius": 200,
    "IsShow": true
  },
  {
    "MonsterId": 390077012,
    "DevelopCondition": [
      1,
      2,
      3,
      4
    ],
    "MonsterInfoId": 310000150,
    "AllExp": 100,
    "SortId": 802,
    "MonsterProbeId": 310000150,
    "HandBookBp": "/Game/Aki/Character/Kpose/Ordinary/ME1SiXiaoMd00101.ME1SiXiaoMd00101",
    "MonsterBodyType": 2,
    "HandBookCamera": "800022",
    "MonsterNumber": "N12-",
    "InteractionRadius": 200,
    "IsShow": true
  },
  {
    "MonsterId": 390077013,
    "DevelopCondition": [
      1,
      2,
      3,
      4
    ],
    "MonsterInfoId": 310000140,
    "AllExp": 100,
    "SortId": 801,
    "MonsterProbeId": 310000140,
    "HandBookBp": "/Game/Aki/Character/Kpose/Ordinary/ME1SiXiaoMd00201.ME1SiXiaoMd00201",
    "MonsterBodyType": 2,
    "HandBookCamera": "800022",
    "MonsterNumber": "N11-",
    "InteractionRadius": 200,
    "IsShow": true
  },
  {
    "MonsterId": 390077017,
    "DevelopCondition": [
      1,
      2,
      3,
      4
    ],
    "MonsterInfoId": 310000170,
    "AllExp": 100,
    "SortId": 803,
    "MonsterProbeId": 310000170,
    "HandBookBp": "/Game/Aki/Character/Kpose/Ordinary/ME1SiXiaoMd00601.ME1SiXiaoMd00601",
    "MonsterBodyType": 2,
    "HandBookCamera": "800022",
    "MonsterNumber": "N13-",
    "InteractionRadius": 200,
    "IsShow": true
  },
  {
    "MonsterId": 390077021,
    "DevelopCondition": [
      1,
      2,
      3,
      4
    ],
    "MonsterInfoId": 320000010,
    "AllExp": 100,
    "SortId": 1703,
    "MonsterProbeId": 320000010,
    "HandBookBp": "/Game/Aki/Character/Kpose/Elite/ME1QunJingMd00001.ME1QunJingMd00001",
    "MonsterBodyType": 4,
    "HandBookCamera": "800022",
    "MonsterNumber": "S55-",
    "InteractionRadius": 200,
    "IsShow": true
  },
  {
    "MonsterId": 390077022,
    "DevelopCondition": [
      1,
      2,
      3,
      4
    ],
    "MonsterInfoId": 320000040,
    "AllExp": 100,
    "SortId": 2102,
    "MonsterProbeId": 320000040,
    "HandBookBp": "/Game/Aki/Character/Kpose/Elite/ME1LeiFaMd00301.ME1LeiFaMd00301",
    "MonsterBodyType": 4,
    "HandBookCamera": "800022",
    "MonsterNumber": "W61-",
    "InteractionRadius": 150,
    "IsShow": true
  },
  {
    "MonsterId": 390077023,
    "DevelopCondition": [
      1,
      2,
      3,
      4
    ],
    "MonsterInfoId": 320000050,
    "AllExp": 100,
    "SortId": 2101,
    "MonsterProbeId": 320000050,
    "HandBookBp": "/Game/Aki/Character/Kpose/Elite/ME1AnFaMd00601.ME1AnFaMd00601",
    "MonsterBodyType": 4,
    "HandBookCamera": "800022",
    "MonsterNumber": "W60-",
    "InteractionRadius": 150,
    "IsShow": true
  },
  {
    "MonsterId": 390077025,
    "DevelopCondition": [
      1,
      2,
      3,
      4
    ],
    "MonsterInfoId": 320000070,
    "AllExp": 100,
    "SortId": 2103,
    "MonsterProbeId": 320000070,
    "HandBookBp": "/Game/Aki/Character/Kpose/Elite/ME1AntankeMd00601.ME1AntankeMd00601",
    "MonsterBodyType": 5,
    "HandBookCamera": "800011",
    "MonsterNumber": "W62-",
    "InteractionRadius": 300,
    "IsShow": true
  },
  {
    "MonsterId": 390080003,
    "DevelopCondition": [
      1,
      2,
      3,
      4
    ],
    "MonsterInfoId": 340000080,
    "AllExp": 100,
    "SortId": 2202,
    "MonsterProbeId": 340000080,
    "HandBookBp": "/Game/Aki/Character/Kpose/BOSS/ML1LinrenMd00311.ML1LinrenMd00311",
    "MonsterBodyType": 6,
    "HandBookCamera": "800022",
    "MonsterNumber": "W76-",
    "InteractionRadius": 250,
    "IsShow": true
  },
  {
    "MonsterId": 390077016,
    "DevelopCondition": [
      1,
      2,
      3,
      4
    ],
    "MonsterInfoId": 310000160,
    "AllExp": 100,
    "SortId": 804,
    "MonsterProbeId": 310000160,
    "HandBookBp": "/Game/Aki/Character/Kpose/Ordinary/ME1SiXiaoMd00501.ME1SiXiaoMd00501",
    "MonsterBodyType": 2,
    "HandBookCamera": "800022",
    "MonsterNumber": "N14-",
    "InteractionRadius": 200,
    "IsShow": true
  },
  {
    "MonsterId": 390070071,
    "DevelopCondition": [
      1,
      2,
      3,
      4
    ],
    "MonsterInfoId": 310000050,
    "AllExp": 100,
    "SortId": 2003,
    "MonsterProbeId": 310000050,
    "HandBookBp": "/Game/Aki/Character/Kpose/Ordinary/MO1FenglieMd00401.MO1FenglieMd00401",
    "MonsterBodyType": 3,
    "HandBookCamera": "800021",
    "MonsterNumber": "W27-",
    "InteractionRadius": 200,
    "IsShow": true
  },
  {
    "MonsterId": 390077024,
    "DevelopCondition": [
      1,
      2,
      3,
      4
    ],
    "MonsterInfoId": 320000060,
    "AllExp": 100,
    "SortId": 2104,
    "MonsterProbeId": 320000060,
    "HandBookBp": "/Game/Aki/Character/Kpose/Elite/ME1GuangtankeMd00501.ME1GuangtankeMd00501",
    "MonsterBodyType": 5,
    "HandBookCamera": "800011",
    "MonsterNumber": "W63-",
    "InteractionRadius": 300,
    "IsShow": true
  },
  {
    "MonsterId": 390070074,
    "DevelopCondition": [
      1,
      2,
      3,
      4
    ],
    "MonsterInfoId": 310000180,
    "AllExp": 100,
    "SortId": 408,
    "MonsterProbeId": 310000180,
    "HandBookBp": "/Game/Aki/Character/Kpose/Ordinary/MO1YouyidieMd00501.MO1YouyidieMd00501",
    "MonsterBodyType": 1,
    "HandBookCamera": "800021",
    "MonsterNumber": "H12-",
    "InteractionRadius": 150,
    "IsShow": true
  },
  {
    "MonsterId": 390070075,
    "DevelopCondition": [
      1,
      2,
      3,
      4
    ],
    "MonsterInfoId": 310000190,
    "AllExp": 100,
    "SortId": 405,
    "MonsterProbeId": 310000190,
    "HandBookBp": "/Game/Aki/Character/Kpose/Ordinary/MO1DujiaoshouMd00001.MO1DujiaoshouMd00001",
    "MonsterBodyType": 3,
    "HandBookCamera": "800021",
    "MonsterNumber": "H08-",
    "InteractionRadius": 200,
    "IsShow": true
  },
  {
    "MonsterId": 390070077,
    "DevelopCondition": [
      1,
      2,
      3,
      4
    ],
    "MonsterInfoId": 310000200,
    "AllExp": 100,
    "SortId": 403,
    "MonsterProbeId": 310000200,
    "HandBookBp": "/Game/Aki/Character/Kpose/Ordinary/MO1DundishuMd00601.MO1DundishuMd00601",
    "MonsterBodyType": 1,
    "HandBookCamera": "800021",
    "MonsterNumber": "H05-",
    "InteractionRadius": 150,
    "IsShow": true
  },
  {
    "MonsterId": 390070078,
    "DevelopCondition": [
      1,
      2,
      3,
      4
    ],
    "MonsterInfoId": 310000210,
    "AllExp": 100,
    "SortId": 404,
    "MonsterProbeId": 310000210,
    "HandBookBp": "/Game/Aki/Character/Kpose/Ordinary/MO1ShihuaxiMd00101.MO1ShihuaxiMd00101",
    "MonsterBodyType": 1,
    "HandBookCamera": "800021",
    "MonsterNumber": "H06-",
    "InteractionRadius": 200,
    "IsShow": true
  },
  {
    "MonsterId": 390077028,
    "DevelopCondition": [
      1,
      2,
      3,
      4
    ],
    "MonsterInfoId": 320000080,
    "AllExp": 100,
    "SortId": 503,
    "MonsterProbeId": 320000080,
    "HandBookBp": "/Game/Aki/Character/Kpose/Elite/ME1ShihuaxiMd00101.ME1ShihuaxiMd00101",
    "MonsterBodyType": 2,
    "HandBookCamera": "800022",
    "MonsterNumber": "H46-",
    "InteractionRadius": 250,
    "IsShow": true
  },
  {
    "MonsterId": 390070079,
    "DevelopCondition": [
      1,
      2,
      3,
      4
    ],
    "MonsterInfoId": 310000220,
    "AllExp": 100,
    "SortId": 1601,
    "MonsterProbeId": 310000220,
    "HandBookBp": "/Game/Aki/Character/Kpose/Ordinary/MO1ShuimuguMd00601.MO1ShuimuguMd00601",
    "MonsterBodyType": 1,
    "HandBookCamera": "800021",
    "MonsterNumber": "S05-",
    "InteractionRadius": 150,
    "IsShow": true
  },
  {
    "MonsterId": 390077029,
    "DevelopCondition": [
      1,
      2,
      3,
      4
    ],
    "MonsterInfoId": 320000090,
    "AllExp": 100,
    "SortId": 1701,
    "MonsterProbeId": 320000090,
    "HandBookBp": "/Game/Aki/Character/Kpose/Elite/ME1ShuimuguMd00601.ME1ShuimuguMd00601",
    "MonsterBodyType": 2,
    "HandBookCamera": "800011",
    "MonsterNumber": "S06-",
    "InteractionRadius": 150,
    "IsShow": true
  },
  {
    "MonsterId": 390080007,
    "DevelopCondition": [
      1,
      2,
      3,
      4
    ],
    "MonsterInfoId": 330000020,
    "AllExp": 100,
    "SortId": 2203,
    "MonsterProbeId": 330000020,
    "HandBookBp": "/Game/Aki/Character/Kpose/BOSS/ML1QiShiMd00001.ML1QiShiMd00001",
    "MonsterBodyType": 2,
    "HandBookCamera": "800011",
    "MonsterNumber": "W77-",
    "InteractionRadius": 500,
    "IsShow": true
  },
  {
    "MonsterId": 390077038,
    "DevelopCondition": [
      1,
      2,
      3,
      4
    ],
    "MonsterInfoId": 320000120,
    "AllExp": 100,
    "SortId": 504,
    "MonsterProbeId": 320000120,
    "HandBookBp": "/Game/Aki/Character/Kpose/Elite/ME1JiancuxiongMd00001.ME1JiancuxiongMd00001",
    "MonsterBodyType": 5,
    "HandBookCamera": "800022",
    "MonsterNumber": "H48-",
    "InteractionRadius": 300,
    "IsShow": true
  },
  {
    "MonsterId": 390070105,
    "DevelopCondition": [
      1,
      2,
      3,
      4
    ],
    "MonsterInfoId": 310000270,
    "AllExp": 100,
    "SortId": 409,
    "MonsterProbeId": 310000270,
    "HandBookBp": "/Game/Aki/Character/Kpose/Ordinary/MO1LuguiMd00201.MO1LuguiMd00201",
    "MonsterBodyType": 10,
    "HandBookCamera": "800022",
    "MonsterNumber": "H15-",
    "InteractionRadius": 200,
    "IsShow": true
  },
  {
    "MonsterId": 390077033,
    "DevelopCondition": [
      1,
      2,
      3,
      4
    ],
    "MonsterInfoId": 320000100,
    "AllExp": 100,
    "SortId": 505,
    "MonsterProbeId": 320000100,
    "HandBookBp": "/Game/Aki/Character/Kpose/Elite/ME1BinlangMd00601.ME1BinlangMd00601",
    "MonsterBodyType": 5,
    "HandBookCamera": "800022",
    "MonsterNumber": "H49-",
    "InteractionRadius": 300,
    "IsShow": true
  },
  {
    "MonsterId": 390070100,
    "DevelopCondition": [
      1,
      2,
      3,
      4
    ],
    "MonsterInfoId": 310000280,
    "AllExp": 100,
    "SortId": 406,
    "MonsterProbeId": 310000280,
    "HandBookBp": "/Game/Aki/Character/Kpose/Ordinary/MO1BinlangMd00101.MO1BinlangMd00101",
    "MonsterBodyType": 3,
    "HandBookCamera": "800021",
    "MonsterNumber": "H09-",
    "InteractionRadius": 200,
    "IsShow": true
  },
  {
    "MonsterId": 390080005,
    "DevelopCondition": [
      1,
      2,
      3,
      4
    ],
    "MonsterInfoId": 340000020,
    "AllExp": 100,
    "SortId": 701,
    "MonsterProbeId": 340000020,
    "HandBookBp": "/Game/Aki/Character/Kpose/BOSS/MB1MingzhongzhiguiMd00201.MB1MingzhongzhiguiMd00201",
    "MonsterBodyType": 11,
    "HandBookCamera": "800024",
    "MonsterNumber": "H91-",
    "InteractionRadius": 800,
    "IsShow": true
  },
  {
    "MonsterId": 6000038,
    "DevelopCondition": [
      1,
      2,
      3,
      4
    ],
    "MonsterInfoId": 310000251,
    "AllExp": 100,
    "SortId": 410,
    "MonsterProbeId": 310000250,
    "HandBookBp": "/Game/Aki/Character/Kpose/Ordinary/MO1DaodanyuanMd00401.MO1DaodanyuanMd00401",
    "MonsterBodyType": 3,
    "HandBookCamera": "800021",
    "MonsterNumber": "H19-",
    "InteractionRadius": 200,
    "IsShow": true
  },
  {
    "MonsterId": 6000039,
    "DevelopCondition": [
      1,
      2,
      3,
      4
    ],
    "MonsterInfoId": 330000010,
    "AllExp": 100,
    "SortId": 2201,
    "MonsterProbeId": 330000010,
    "HandBookBp": "/Game/Aki/Character/Kpose/BOSS/ML1LinrenMd00301.ML1LinrenMd00301",
    "MonsterBodyType": 5,
    "HandBookCamera": "800011",
    "MonsterNumber": "W75-",
    "InteractionRadius": 200,
    "IsShow": true
  },
  {
    "MonsterId": 6000040,
    "DevelopCondition": [
      1,
      2,
      3,
      4
    ],
    "MonsterInfoId": 320000111,
    "AllExp": 100,
    "SortId": 506,
    "MonsterProbeId": 320000110,
    "HandBookBp": "/Game/Aki/Character/Kpose/Elite/ME1DaodanyuanMd00401.ME1DaodanyuanMd00401",
    "MonsterBodyType": 2,
    "HandBookCamera": "800022",
    "MonsterNumber": "H51-",
    "InteractionRadius": 200,
    "IsShow": true
  },
  {
    "MonsterId": 6000041,
    "DevelopCondition": [
      1,
      2,
      3,
      4
    ],
    "MonsterInfoId": 310000260,
    "AllExp": 100,
    "SortId": 407,
    "MonsterProbeId": 310000260,
    "HandBookBp": "/Game/Aki/Character/Kpose/Ordinary/MO1JingaoxieMd00001.MO1JingaoxieMd00001",
    "MonsterBodyType": 2,
    "HandBookCamera": "800022",
    "MonsterNumber": "H11-",
    "InteractionRadius": 200,
    "IsShow": true
  },
  {
    "MonsterId": 6000042,
    "DevelopCondition": [
      1,
      2,
      3,
      4
    ],
    "MonsterInfoId": 340000010,
    "AllExp": 100,
    "SortId": 604,
    "MonsterProbeId": 340000010,
    "HandBookBp": "/Game/Aki/Character/Kpose/BOSS/MB1Wuguanzhe00601.MB1Wuguanzhe00601",
    "MonsterBodyType": 4,
    "HandBookCamera": "800011",
    "MonsterNumber": "H80-",
    "InteractionRadius": 250,
    "IsShow": true
  },
  {
    "MonsterId": 6000043,
    "DevelopCondition": [
      1,
      2,
      3,
      4
    ],
    "MonsterInfoId": 330000050,
    "AllExp": 100,
    "SortId": 601,
    "MonsterProbeId": 330000050,
    "HandBookBp": "/Game/Aki/Character/Kpose/BOSS/ML1FerLianMd00201.ML1FerLianMd00201",
    "MonsterBodyType": 8,
    "HandBookCamera": "800023",
    "MonsterNumber": "H71-",
    "InteractionRadius": 500,
    "IsShow": true
  },
  {
    "MonsterId": 6000044,
    "DevelopCondition": [
      1,
      2,
      3,
      4
    ],
    "MonsterInfoId": 330000040,
    "AllExp": 100,
    "SortId": 1001,
    "MonsterProbeId": 330000040,
    "HandBookBp": "/Game/Aki/Character/Kpose/BOSS/ML1HuiYingMd00101.ML1HuiYingMd00101",
    "MonsterBodyType": 9,
    "HandBookCamera": "800023",
    "MonsterNumber": "N74-",
    "InteractionRadius": 450,
    "IsShow": true
  },
  {
    "MonsterId": 6000045,
    "DevelopCondition": [
      1,
      2,
      3,
      4
    ],
    "MonsterInfoId": 330000060,
    "AllExp": 100,
    "SortId": 603,
    "MonsterProbeId": 330000060,
    "HandBookBp": "/Game/Aki/Character/Kpose/BOSS/ML1AiShengGuYuanMd00501.ML1AiShengGuYuanMd00501",
    "MonsterBodyType": 9,
    "HandBookCamera": "800023",
    "MonsterNumber": "H73-",
    "InteractionRadius": 500,
    "IsShow": true
  },
  {
    "MonsterId": 6000046,
    "DevelopCondition": [
      1,
      2,
      3,
      4
    ],
    "MonsterInfoId": 320000130,
    "AllExp": 100,
    "SortId": 1301,
    "MonsterProbeId": 320000130,
    "HandBookBp": "/Game/Aki/Character/Kpose/Elite/ME1FengrenlianMd00401.ME1FengrenlianMd00401",
    "MonsterBodyType": 5,
    "HandBookCamera": "800011",
    "MonsterNumber": "R55-",
    "InteractionRadius": 400,
    "IsShow": true
  },
  {
    "MonsterId": 6000047,
    "DevelopCondition": [
      1,
      2,
      3,
      4
    ],
    "MonsterInfoId": 310000130,
    "AllExp": 100,
    "SortId": 402,
    "MonsterProbeId": 310000130,
    "HandBookBp": "/Game/Aki/Character/Kpose/Ordinary/MO1JiujiuhetunMd00401.MO1JiujiuhetunMd00401",
    "MonsterBodyType": 1,
    "HandBookCamera": "800021",
    "MonsterNumber": "H02-",
    "InteractionRadius": 150,
    "IsShow": true
  },
  {
    "MonsterId": 6000048,
    "DevelopCondition": [
      1,
      2,
      3,
      4
    ],
    "MonsterInfoId": 340000060,
    "AllExp": 100,
    "SortId": 1401,
    "MonsterProbeId": 340000060,
    "HandBookBp": "/Game/Aki/Character/Kpose/BOSS/ML1QunnieMd00401.ML1QunnieMd00401",
    "MonsterBodyType": 12,
    "HandBookCamera": "800024",
    "MonsterNumber": "R56-",
    "InteractionRadius": 800,
    "IsShow": true
  },
  {
    "MonsterId": 6000049,
    "DevelopCondition": [
      1,
      2,
      3,
      4
    ],
    "MonsterInfoId": 320000180,
    "AllExp": 100,
    "SortId": 2501,
    "MonsterProbeId": 320000180,
    "HandBookBp": "/Game/Aki/Character/Kpose/Elite/ME1BingPaoTaiMd00201.ME1BingPaoTaiMd00201",
    "MonsterBodyType": 5,
    "HandBookCamera": "800011",
    "MonsterNumber": "X53-",
    "InteractionRadius": 450,
    "IsShow": true
  },
  {
    "MonsterId": 6000050,
    "DevelopCondition": [
      1,
      2,
      3,
      4
    ],
    "MonsterInfoId": 310000330,
    "AllExp": 100,
    "SortId": 2401,
    "MonsterProbeId": 310000330,
    "HandBookBp": "/Game/Aki/Character/Kpose/Ordinary/MO1HongLvDengMd00501.MO1HongLvDengMd00501",
    "MonsterBodyType": 1,
    "HandBookCamera": "800021",
    "MonsterNumber": "X54-",
    "InteractionRadius": 150,
    "IsShow": true
  },
  {
    "MonsterId": 6000051,
    "DevelopCondition": [
      1,
      2,
      3,
      4
    ],
    "MonsterInfoId": 310000340,
    "AllExp": 100,
    "SortId": 5,
    "MonsterProbeId": 310000340,
    "HandBookBp": "/Game/Aki/Character/Kpose/Ordinary/MO1DingdongdongMd00201.MO1DingdongdongMd00201",
    "MonsterBodyType": 1,
    "HandBookCamera": "800021",
    "MonsterNumber": "G05-",
    "InteractionRadius": 150,
    "IsShow": true
  },
  {
    "MonsterId": 6000052,
    "DevelopCondition": [
      1,
      2,
      3,
      4
    ],
    "MonsterInfoId": 330000030,
    "AllExp": 100,
    "SortId": 602,
    "MonsterProbeId": 330000030,
    "HandBookBp": "/Game/Aki/Character/Kpose/BOSS/ML1WuChangluMd00601.ML1WuChangluMd00601",
    "MonsterBodyType": 9,
    "HandBookCamera": "800023",
    "MonsterNumber": "H72-",
    "InteractionRadius": 450,
    "IsShow": true
  },
  {
    "MonsterId": 391070105,
    "DevelopCondition": [
      5,
      6,
      7,
      8
    ],
    "MonsterInfoId": 350000030,
    "AllExp": 25,
    "SortId": 409,
    "MonsterProbeId": 310000270,
    "HandBookBp": "/Game/Aki/Character/Kpose/Ordinary/MO1LuguiMd10201.MO1LuguiMd10201",
    "MonsterBodyType": 10,
    "HandBookCamera": "800022",
    "MonsterNumber": "H15-",
    "InteractionRadius": 200,
    "IsShow": false
  },
  {
    "MonsterId": 391077024,
    "DevelopCondition": [
      5,
      6,
      7,
      8
    ],
    "MonsterInfoId": 350000020,
    "AllExp": 25,
    "SortId": 2104,
    "MonsterProbeId": 320000060,
    "HandBookBp": "/Game/Aki/Character/Kpose/Elite/ME1GuangtankeMd10501.ME1GuangtankeMd10501",
    "MonsterBodyType": 5,
    "HandBookCamera": "800011",
    "MonsterNumber": "W63-",
    "InteractionRadius": 300,
    "IsShow": false
  },
  {
    "MonsterId": 391080003,
    "DevelopCondition": [
      5,
      6,
      7,
      8
    ],
    "MonsterInfoId": 350000040,
    "AllExp": 25,
    "SortId": 2202,
    "MonsterProbeId": 340000080,
    "HandBookBp": "/Game/Aki/Character/Kpose/BOSS/ML1LinrenMd10311.ML1LinrenMd10311",
    "MonsterBodyType": 6,
    "HandBookCamera": "800022",
    "MonsterNumber": "W76-",
    "InteractionRadius": 250,
    "IsShow": false
  },
  {
    "MonsterId": 390180010,
    "DevelopCondition": [
      5,
      6,
      7,
      8
    ],
    "MonsterInfoId": 350000050,
    "AllExp": 100,
    "SortId": 601,
    "MonsterProbeId": 330000050,
    "HandBookBp": "/Game/Aki/Character/Kpose/BOSS/ML1FerLianMd10201.ML1FerLianMd10201",
    "MonsterBodyType": 8,
    "HandBookCamera": "800023",
    "MonsterNumber": "H71-",
    "InteractionRadius": 500,
    "IsShow": false
  },
  {
    "MonsterId": 6000145,
    "DevelopCondition": [
      5,
      6,
      7,
      8
    ],
    "MonsterInfoId": 350000010,
    "AllExp": 25,
    "SortId": 603,
    "MonsterProbeId": 330000060,
    "HandBookBp": "/Game/Aki/Character/Kpose/BOSS/ML1AiShengGuYuanMd10501.ML1AiShengGuYuanMd10501",
    "MonsterBodyType": 9,
    "HandBookCamera": "800023",
    "MonsterNumber": "H73-",
    "InteractionRadius": 500,
    "IsShow": false
  },
  {
    "MonsterId": 6010052,
    "DevelopCondition": [
      5,
      6,
      7,
      8
    ],
    "MonsterInfoId": 350000060,
    "AllExp": 25,
    "SortId": 602,
    "MonsterProbeId": 330000030,
    "HandBookBp": "/Game/Aki/Character/Kpose/BOSS/ML1WuChangluMd10601.ML1WuChangluMd10601",
    "MonsterBodyType": 9,
    "HandBookCamera": "800023",
    "MonsterNumber": "H72-",
    "InteractionRadius": 500,
    "IsShow": false
  },
  {
    "MonsterId": 6000053,
    "DevelopCondition": [
      1,
      2,
      3,
      4
    ],
    "MonsterInfoId": 340000070,
    "AllExp": 100,
    "SortId": 605,
    "MonsterProbeId": 340000070,
    "HandBookBp": "/Game/Aki/Character/Kpose/BOSS/MB1ZhenwuguanzheMd00601.MB1ZhenwuguanzheMd00601",
    "MonsterBodyType": 5,
    "HandBookCamera": "800011",
    "MonsterNumber": "H81-",
    "InteractionRadius": 300,
    "IsShow": true
  },
  {
    "MonsterId": 6000054,
    "DevelopCondition": [
      1,
      2,
      3,
      4
    ],
    "MonsterInfoId": 310000350,
    "AllExp": 100,
    "SortId": 412,
    "MonsterProbeId": 310000350,
    "HandBookBp": "/Game/Aki/Character/Kpose/Ordinary/MO1RonhuochongMd00101.MO1RonhuochongMd00101",
    "MonsterBodyType": 1,
    "HandBookCamera": "800021",
    "MonsterNumber": "H21-",
    "InteractionRadius": 150,
    "IsShow": true
  },
  {
    "MonsterId": 6000055,
    "DevelopCondition": [
      1,
      2,
      3,
      4
    ],
    "MonsterInfoId": 310000360,
    "AllExp": 100,
    "SortId": 413,
    "MonsterProbeId": 310000360,
    "HandBookBp": "/Game/Aki/Character/Kpose/Ordinary/MO1ZhuzhutuoMd00001.MO1ZhuzhutuoMd00001",
    "MonsterBodyType": 1,
    "HandBookCamera": "800021",
    "MonsterNumber": "H22-",
    "InteractionRadius": 150,
    "IsShow": true
  },
  {
    "MonsterId": 6000056,
    "DevelopCondition": [
      1,
      2,
      3,
      4
    ],
    "MonsterInfoId": 320000190,
    "AllExp": 100,
    "SortId": 508,
    "MonsterProbeId": 320000190,
    "HandBookBp": "/Game/Aki/Character/Kpose/Elite/ME1BinlangMd00201.ME1BinlangMd00201",
    "MonsterBodyType": 1,
    "HandBookCamera": "800022",
    "MonsterNumber": "H53-",
    "InteractionRadius": 300,
    "IsShow": true
  },
  {
    "MonsterId": 6000057,
    "DevelopCondition": [
      1,
      2,
      3,
      4
    ],
    "MonsterInfoId": 320000200,
    "AllExp": 100,
    "SortId": 3201,
    "MonsterProbeId": 320000200,
    "HandBookBp": "/Game/Aki/Character/Kpose/Elite/ME1YouLinJiShuMd00201.ME1YouLinJiShuMd00201",
    "MonsterBodyType": 1,
    "HandBookCamera": "800011",
    "MonsterNumber": "Z11-",
    "InteractionRadius": 300,
    "IsShow": true
  },
  {
    "MonsterId": 6000058,
    "DevelopCondition": [
      1,
      2,
      3,
      4
    ],
    "MonsterInfoId": 320000210,
    "AllExp": 100,
    "SortId": 509,
    "MonsterProbeId": 320000210,
    "HandBookBp": "/Game/Aki/Character/Kpose/Elite/MP1TaguanghuMd00501.MP1TaguanghuMd00501",
    "MonsterBodyType": 1,
    "HandBookCamera": "800022",
    "MonsterNumber": "H54-",
    "InteractionRadius": 450,
    "IsShow": true
  },
  {
    "MonsterId": 6000059,
    "DevelopCondition": [
      1,
      2,
      3,
      4
    ],
    "MonsterInfoId": 340000090,
    "AllExp": 100,
    "SortId": 3202,
    "MonsterProbeId": 340000090,
    "HandBookBp": "/Game/Aki/Character/Kpose/BOSS/MB1SuiguangMd00501.MB1SuiguangMd00501",
    "MonsterBodyType": 1,
    "HandBookCamera": "800012",
    "MonsterNumber": "Z01-",
    "InteractionRadius": 800,
    "IsShow": true
  },
  {
    "MonsterId": 6010051,
    "DevelopCondition": [
      5,
      6,
      7,
      8
    ],
    "MonsterInfoId": 350000070,
    "AllExp": 25,
    "SortId": 5,
    "MonsterProbeId": 310000340,
    "HandBookBp": "/Game/Aki/Character/Kpose/Ordinary/MO1DingdongdongMd10201.MO1DingdongdongMd10201",
    "MonsterBodyType": 1,
    "HandBookCamera": "800021",
    "MonsterNumber": "G05-",
    "InteractionRadius": 150,
    "IsShow": false
  },
  {
    "MonsterId": 6010058,
    "DevelopCondition": [
      5,
      6,
      7,
      8
    ],
    "MonsterInfoId": 350000080,
    "AllExp": 25,
    "SortId": 509,
    "MonsterProbeId": 320000210,
    "HandBookBp": "/Game/Aki/Character/Kpose/Elite/MP1TaguanghuMd10501.MP1TaguanghuMd10501",
    "MonsterBodyType": 1,
    "HandBookCamera": "800022",
    "MonsterNumber": "H54-",
    "InteractionRadius": 450,
    "IsShow": false
  },
  {
    "MonsterId": 6020001,
    "DevelopCondition": [
      5,
      6,
      7,
      8
    ],
    "MonsterInfoId": 350000030,
    "AllExp": 25,
    "SortId": 409,
    "MonsterProbeId": 310000270,
    "HandBookBp": "/Game/Aki/Character/Kpose/Ordinary/MO1LuguiMd10201.MO1LuguiMd10201",
    "MonsterBodyType": 10,
    "HandBookCamera": "800022",
    "MonsterNumber": "H15-",
    "InteractionRadius": 200,
    "IsShow": false
  },
  {
    "MonsterId": 6020002,
    "DevelopCondition": [
      1,
      2,
      3,
      4
    ],
    "MonsterInfoId": 310000140,
    "AllExp": 100,
    "SortId": 801,
    "MonsterProbeId": 310000140,
    "HandBookBp": "/Game/Aki/Character/Kpose/Ordinary/ME1SiXiaoMd00201.ME1SiXiaoMd00201",
    "MonsterBodyType": 2,
    "HandBookCamera": "800022",
    "MonsterNumber": "N11-",
    "InteractionRadius": 200,
    "IsShow": false
  },
  {
    "MonsterId": 6020003,
    "DevelopCondition": [
      1,
      2,
      3,
      4
    ],
    "MonsterInfoId": 320000180,
    "AllExp": 100,
    "SortId": 2501,
    "MonsterProbeId": 320000180,
    "HandBookBp": "/Game/Aki/Character/Kpose/Elite/ME1BingPaoTaiMd00201.ME1BingPaoTaiMd00201",
    "MonsterBodyType": 5,
    "HandBookCamera": "800011",
    "MonsterNumber": "X53-",
    "InteractionRadius": 450,
    "IsShow": false
  },
  {
    "MonsterId": 6020004,
    "DevelopCondition": [
      1,
      2,
      3,
      4
    ],
    "MonsterInfoId": 310000110,
    "AllExp": 100,
    "SortId": 4,
    "MonsterProbeId": 310000110,
    "HandBookBp": "/Game/Aki/Character/Kpose/Ordinary/MO1AWukakaMd00601.MO1AWukakaMd00601",
    "MonsterBodyType": 1,
    "HandBookCamera": "800021",
    "MonsterNumber": "G04-",
    "InteractionRadius": 150,
    "IsShow": false
  },
  {
    "MonsterId": 6020005,
    "DevelopCondition": [
      5,
      6,
      7,
      8
    ],
    "MonsterInfoId": 350000020,
    "AllExp": 25,
    "SortId": 2104,
    "MonsterProbeId": 320000060,
    "HandBookBp": "/Game/Aki/Character/Kpose/Elite/ME1GuangtankeMd10501.ME1GuangtankeMd10501",
    "MonsterBodyType": 5,
    "HandBookCamera": "800011",
    "MonsterNumber": "W63-",
    "InteractionRadius": 300,
    "IsShow": false
  },
  {
    "MonsterId": 6020006,
    "DevelopCondition": [
      1,
      2,
      3,
      4
    ],
    "MonsterInfoId": 310000100,
    "AllExp": 100,
    "SortId": 1,
    "MonsterProbeId": 310000100,
    "HandBookBp": "/Game/Aki/Character/Kpose/Ordinary/MO1FHuxiuxiuMd00401.MO1FHuxiuxiuMd00401",
    "MonsterBodyType": 1,
    "HandBookCamera": "800021",
    "MonsterNumber": "G01-",
    "InteractionRadius": 150,
    "IsShow": false
  },
  {
    "MonsterId": 6020007,
    "DevelopCondition": [
      1,
      2,
      3,
      4
    ],
    "MonsterInfoId": 320000040,
    "AllExp": 100,
    "SortId": 2102,
    "MonsterProbeId": 320000040,
    "HandBookBp": "/Game/Aki/Character/Kpose/Elite/ME1LeiFaMd00301.ME1LeiFaMd00301",
    "MonsterBodyType": 4,
    "HandBookCamera": "800022",
    "MonsterNumber": "W61-",
    "InteractionRadius": 150,
    "IsShow": false
  },
  {
    "MonsterId": 6020008,
    "DevelopCondition": [
      5,
      6,
      7,
      8
    ],
    "MonsterInfoId": 350000050,
    "AllExp": 100,
    "SortId": 601,
    "MonsterProbeId": 330000050,
    "HandBookBp": "/Game/Aki/Character/Kpose/BOSS/ML1FerLianMd10201.ML1FerLianMd10201",
    "MonsterBodyType": 8,
    "HandBookCamera": "800023",
    "MonsterNumber": "H71-",
    "InteractionRadius": 500,
    "IsShow": false
  },
  {
    "MonsterId": 6020009,
    "DevelopCondition": [
      5,
      6,
      7,
      8
    ],
    "MonsterInfoId": 350000060,
    "AllExp": 25,
    "SortId": 602,
    "MonsterProbeId": 330000030,
    "HandBookBp": "/Game/Aki/Character/Kpose/BOSS/ML1WuChangluMd10601.ML1WuChangluMd10601",
    "MonsterBodyType": 9,
    "HandBookCamera": "800023",
    "MonsterNumber": "H72-",
    "InteractionRadius": 500,
    "IsShow": false
  },
  {
    "MonsterId": 6010053,
    "DevelopCondition": [
      5,
      6,
      7,
      8
    ],
    "MonsterInfoId": 350000090,
    "AllExp": 100,
    "SortId": 605,
    "MonsterProbeId": 340000070,
    "HandBookBp": "/Game/Aki/Character/Kpose/BOSS/MB1ZhenwuguanzheMd10601.MB1ZhenwuguanzheMd10601",
    "MonsterBodyType": 5,
    "HandBookCamera": "800011",
    "MonsterNumber": "H81-",
    "InteractionRadius": 300,
    "IsShow": false
  },
  {
    "MonsterId": 6020054,
    "DevelopCondition": [
      5,
      6,
      7,
      8
    ],
    "MonsterInfoId": 350000090,
    "AllExp": 100,
    "SortId": 605,
    "MonsterProbeId": 340000070,
    "HandBookBp": "/Game/Aki/Character/Kpose/BOSS/MB1ZhenwuguanzheMd10601.MB1ZhenwuguanzheMd10601",
    "MonsterBodyType": 5,
    "HandBookCamera": "800011",
    "MonsterNumber": "H81-",
    "InteractionRadius": 300,
    "IsShow": false
  },
  {
    "MonsterId": 391070076,
    "DevelopCondition": [
      1,
      2,
      3,
      4
    ],
    "MonsterInfoId": 350000100,
    "AllExp": 100,
    "SortId": 401,
    "MonsterProbeId": 310000120,
    "HandBookBp": "/Game/Aki/Character/Kpose/Ordinary/MO1GuguhetunMd10201.MO1GuguhetunMd10201",
    "MonsterBodyType": 1,
    "HandBookCamera": "800021",
    "MonsterNumber": "H01-",
    "InteractionRadius": 150,
    "IsShow": false
  },
  {
    "MonsterId": 6010057,
    "DevelopCondition": [
      1,
      2,
      3,
      4
    ],
    "MonsterInfoId": 350000110,
    "AllExp": 100,
    "SortId": 3201,
    "MonsterProbeId": 320000200,
    "HandBookBp": "/Game/Aki/Character/Kpose/BOSS/ML1MiuwuMd00501.ML1MiuwuMd00501",
    "MonsterBodyType": 1,
    "HandBookCamera": "800011",
    "MonsterNumber": "Z11-",
    "InteractionRadius": 300,
    "IsShow": false
  },
  {
    "MonsterId": 6000060,
    "DevelopCondition": [
      1,
      2,
      3,
      4
    ],
    "MonsterInfoId": 330000070,
    "AllExp": 100,
    "SortId": 2502,
    "MonsterProbeId": 330000070,
    "HandBookBp": "/Game/Aki/Character/Kpose/BOSS/ML1MiuwuMd00501.ML1MiuwuMd00501",
    "MonsterBodyType": 1,
    "HandBookCamera": "800032",
    "MonsterNumber": "X78-",
    "InteractionRadius": 600,
    "IsShow": true
  },
  {
    "MonsterId": 6020011,
    "DevelopCondition": [
      5,
      6,
      7,
      8
    ],
    "MonsterInfoId": 350000030,
    "AllExp": 25,
    "SortId": 409,
    "MonsterProbeId": 310000270,
    "HandBookBp": "/Game/Aki/Character/Kpose/Elite/ME1GuangtankeMd10501.ME1GuangtankeMd10501",
    "MonsterBodyType": 10,
    "HandBookCamera": "800022",
    "MonsterNumber": "H15-",
    "InteractionRadius": 200,
    "IsShow": false
  },
  {
    "MonsterId": 6020012,
    "DevelopCondition": [
      1,
      2,
      3,
      4
    ],
    "MonsterInfoId": 310000140,
    "AllExp": 100,
    "SortId": 801,
    "MonsterProbeId": 310000140,
    "HandBookBp": "/Game/Aki/Character/Kpose/Ordinary/MO1GuguhetunMd10201.MO1GuguhetunMd10201",
    "MonsterBodyType": 2,
    "HandBookCamera": "800022",
    "MonsterNumber": "N11-",
    "InteractionRadius": 200,
    "IsShow": false
  },
  {
    "MonsterId": 6020013,
    "DevelopCondition": [
      1,
      2,
      3,
      4
    ],
    "MonsterInfoId": 320000180,
    "AllExp": 100,
    "SortId": 2501,
    "MonsterProbeId": 320000180,
    "HandBookBp": "/Game/Aki/Character/Kpose/BOSS/ML1LinrenMd00301.ML1LinrenMd00301",
    "MonsterBodyType": 5,
    "HandBookCamera": "800011",
    "MonsterNumber": "X53-",
    "InteractionRadius": 450,
    "IsShow": false
  },
  {
    "MonsterId": 6020014,
    "DevelopCondition": [
      1,
      2,
      3,
      4
    ],
    "MonsterInfoId": 310000110,
    "AllExp": 100,
    "SortId": 4,
    "MonsterProbeId": 310000110,
    "HandBookBp": "/Game/Aki/Character/Kpose/BOSS/MB1ZhenwuguanzheMd10601.MB1ZhenwuguanzheMd10601",
    "MonsterBodyType": 1,
    "HandBookCamera": "800021",
    "MonsterNumber": "G04-",
    "InteractionRadius": 150,
    "IsShow": false
  },
  {
    "MonsterId": 6020015,
    "DevelopCondition": [
      5,
      6,
      7,
      8
    ],
    "MonsterInfoId": 350000020,
    "AllExp": 25,
    "SortId": 2104,
    "MonsterProbeId": 320000060,
    "HandBookBp": "/Game/Aki/Character/Kpose/BOSS/ML1FerLianMd10201.ML1FerLianMd10201",
    "MonsterBodyType": 5,
    "HandBookCamera": "800011",
    "MonsterNumber": "W63-",
    "InteractionRadius": 300,
    "IsShow": false
  },
  {
    "MonsterId": 6020016,
    "DevelopCondition": [
      1,
      2,
      3,
      4
    ],
    "MonsterInfoId": 310000100,
    "AllExp": 100,
    "SortId": 1,
    "MonsterProbeId": 310000100,
    "HandBookBp": "/Game/Aki/Character/Kpose/Ordinary/MO1LuguiMd10201.MO1LuguiMd10201",
    "MonsterBodyType": 1,
    "HandBookCamera": "800021",
    "MonsterNumber": "G01-",
    "InteractionRadius": 150,
    "IsShow": false
  },
  {
    "MonsterId": 6020017,
    "DevelopCondition": [
      1,
      2,
      3,
      4
    ],
    "MonsterInfoId": 320000040,
    "AllExp": 100,
    "SortId": 2102,
    "MonsterProbeId": 320000040,
    "HandBookBp": "/Game/Aki/Character/Kpose/Elite/ME1LeiFaMd00301.ME1LeiFaMd00301",
    "MonsterBodyType": 4,
    "HandBookCamera": "800022",
    "MonsterNumber": "W61-",
    "InteractionRadius": 150,
    "IsShow": false
  },
  {
    "MonsterId": 6020018,
    "DevelopCondition": [
      5,
      6,
      7,
      8
    ],
    "MonsterInfoId": 350000050,
    "AllExp": 100,
    "SortId": 601,
    "MonsterProbeId": 330000050,
    "HandBookBp": "/Game/Aki/Character/Kpose/BOSS/MB1SuiguangMd00501.MB1SuiguangMd00501",
    "MonsterBodyType": 8,
    "HandBookCamera": "800023",
    "MonsterNumber": "H71-",
    "InteractionRadius": 500,
    "IsShow": false
  },
  {
    "MonsterId": 6020019,
    "DevelopCondition": [
      1,
      2,
      3,
      4
    ],
    "MonsterInfoId": 310000090,
    "AllExp": 100,
    "SortId": 3,
    "MonsterProbeId": 310000090,
    "HandBookBp": "/Game/Aki/Character/Kpose/Ordinary/MO1GAziziMd00501.MO1GAziziMd00501",
    "MonsterBodyType": 1,
    "HandBookCamera": "800021",
    "MonsterNumber": "G03-",
    "InteractionRadius": 150,
    "IsShow": false
  }
]