[
  {
    "Id": 1,
    "RegionId": 5,
    "MpcData": "/Game/Aki/Effect/MaterialController/ItemMaterial/DA_Fx_Item_MPC_Test_3.DA_Fx_Item_MPC_Test_3"
  },
  {
    "Id": 2,
    "RegionId": 5,
    "MpcData": "/Game/Aki/Effect/MaterialController/ItemMaterial/DA_Fx_Item_MPC_wzgs_01.DA_Fx_Item_MPC_wzgs_01"
  },
  {
    "Id": 3,
    "RegionId": 5,
    "MpcData": "/Game/Aki/Effect/MaterialController/ItemMaterial/DA_Fx_Item_MPC_wzgs_02.DA_Fx_Item_MPC_wzgs_02"
  },
  {
    "Id": 4,
    "RegionId": 9,
    "MpcData": "/Game/Aki/Effect/MaterialController/ItemMaterial/DA_Fx_Item_MPC_YNZ_01.DA_Fx_Item_MPC_YNZ_01"
  },
  {
    "Id": 750001,
    "RegionId": 10,
    "MpcData": "/Game/Aki/Effect/MaterialController/ItemMaterial/DA_Fx_Item_MPC_BLY_02.DA_Fx_Item_MPC_BLY_02"
  }
]