[
  {
    "Id": 1,
    "ChapterNum": "QuestChapter_1_ChapterNum",
    "SectionNum": "QuestChapter_1_SectionNum",
    "ActName": "QuestChapter_1_ActName",
    "ChapterName": "QuestChapter_1_ChapterName",
    "ChapterIcon": "/Game/Aki/UI/UIResources/Common/Image/IconForceLogo/T_Logo_03_UI.T_Logo_03_UI"
  },
  {
    "Id": 2,
    "ChapterNum": "QuestChapter_2_ChapterNum",
    "SectionNum": "QuestChapter_2_SectionNum",
    "ActName": "QuestChapter_2_ActName",
    "ChapterName": "QuestChapter_2_ChapterName",
    "ChapterIcon": "/Game/Aki/UI/UIResources/Common/Image/IconForceLogo/T_Logo_03_UI.T_Logo_03_UI"
  },
  {
    "Id": 3,
    "ChapterNum": "QuestChapter_3_ChapterNum",
    "SectionNum": "QuestChapter_3_SectionNum",
    "ActName": "QuestChapter_3_ActName",
    "ChapterName": "QuestChapter_3_ChapterName",
    "ChapterIcon": "/Game/Aki/UI/UIResources/Common/Image/IconForceLogo/T_Logo_03_UI.T_Logo_03_UI"
  },
  {
    "Id": 4,
    "ChapterNum": "QuestChapter_4_ChapterNum",
    "SectionNum": "QuestChapter_4_SectionNum",
    "ActName": "QuestChapter_4_ActName",
    "ChapterName": "QuestChapter_4_ChapterName",
    "ChapterIcon": "/Game/Aki/UI/UIResources/Common/Image/IconForceLogo/T_Logo_03_UI.T_Logo_03_UI"
  },
  {
    "Id": 5,
    "ChapterNum": "QuestChapter_5_ChapterNum",
    "SectionNum": "QuestChapter_5_SectionNum",
    "ActName": "QuestChapter_5_ActName",
    "ChapterName": "QuestChapter_5_ChapterName",
    "ChapterIcon": "/Game/Aki/UI/UIResources/Common/Image/IconForceLogo/T_Logo_03_UI.T_Logo_03_UI"
  },
  {
    "Id": 6,
    "ChapterNum": "QuestChapter_6_ChapterNum",
    "SectionNum": "QuestChapter_6_SectionNum",
    "ActName": "QuestChapter_6_ActName",
    "ChapterName": "QuestChapter_6_ChapterName",
    "ChapterIcon": "/Game/Aki/UI/UIResources/Common/Image/IconForceLogo/T_Logo_03_UI.T_Logo_03_UI"
  },
  {
    "Id": 7,
    "ChapterNum": "QuestChapter_7_ChapterNum",
    "SectionNum": "QuestChapter_7_SectionNum",
    "ActName": "QuestChapter_7_ActName",
    "ChapterName": "QuestChapter_7_ChapterName",
    "ChapterIcon": "/Game/Aki/UI/UIResources/Common/Image/IconForceLogo/T_Logo_03_UI.T_Logo_03_UI"
  },
  {
    "Id": 8,
    "ChapterNum": "QuestChapter_8_ChapterNum_new",
    "SectionNum": "QuestChapter_8_SectionNum_new",
    "ActName": "QuestChapter_8_ActName_new",
    "ChapterName": "QuestChapter_8_ChapterName_new",
    "ChapterIcon": "/Game/Aki/UI/UIResources/Common/Image/IconForceLogo/T_Logo_03_UI.T_Logo_03_UI"
  },
  {
    "Id": 999,
    "ChapterNum": "QuestChapter_999_ChapterNum",
    "SectionNum": "QuestChapter_999_SectionNum",
    "ActName": "QuestChapter_999_ChapterName",
    "ChapterName": "QuestChapter_999_ChapterName",
    "ChapterIcon": "/Game/Aki/UI/UIResources/Common/Image/IconForceLogo/T_Logo_03_UI.T_Logo_03_UI"
  },
  {
    "Id": 1001,
    "ChapterNum": "QuestChapter_1001_ChapterNum",
    "SectionNum": "QuestChapter_1001_SectionNum",
    "ActName": "QuestChapter_1001_ChapterName",
    "ChapterName": "QuestChapter_1001_ChapterName",
    "ChapterIcon": "/Game/Aki/UI/UIResources/Common/Image/IconForceLogo/T_Logo_03_UI.T_Logo_03_UI"
  },
  {
    "Id": 1002,
    "ChapterNum": "QuestChapter_1002_ChapterNum",
    "SectionNum": "QuestChapter_1002_SectionNum",
    "ActName": "QuestChapter_1002_ChapterName",
    "ChapterName": "QuestChapter_1002_ChapterName",
    "ChapterIcon": "/Game/Aki/UI/UIResources/Common/Image/IconForceLogo/T_Logo_03_UI.T_Logo_03_UI"
  },
  {
    "Id": 1003,
    "ChapterNum": "QuestChapter_1003_ChapterNum",
    "SectionNum": "QuestChapter_1003_SectionNum",
    "ActName": "QuestChapter_1003_ChapterName",
    "ChapterName": "QuestChapter_1003_ChapterName",
    "ChapterIcon": "/Game/Aki/UI/UIResources/Common/Image/IconForceLogo/T_Logo_03_UI.T_Logo_03_UI"
  },
  {
    "Id": 1004,
    "ChapterNum": "QuestChapter_1004_ChapterNum",
    "SectionNum": "QuestChapter_1004_SectionNum",
    "ActName": "QuestChapter_1004_ChapterName",
    "ChapterName": "QuestChapter_1004_ChapterName",
    "ChapterIcon": "/Game/Aki/UI/UIResources/Common/Image/IconForceLogo/T_Logo_03_UI.T_Logo_03_UI"
  },
  {
    "Id": 1005,
    "ChapterNum": "QuestChapter_1005_ChapterNum",
    "SectionNum": "QuestChapter_1005_SectionNum",
    "ActName": "QuestChapter_1005_ChapterName",
    "ChapterName": "QuestChapter_1005_ChapterName",
    "ChapterIcon": "/Game/Aki/UI/UIResources/Common/Image/IconForceLogo/T_Logo_03_UI.T_Logo_03_UI"
  },
  {
    "Id": 1006,
    "ChapterNum": "QuestChapter_1006_ChapterNum",
    "SectionNum": "QuestChapter_1006_SectionNum",
    "ActName": "QuestChapter_1006_ChapterName",
    "ChapterName": "QuestChapter_1006_ChapterName",
    "ChapterIcon": "/Game/Aki/UI/UIResources/Common/Image/IconForceLogo/T_Logo_03_UI.T_Logo_03_UI"
  },
  {
    "Id": 1007,
    "ChapterNum": "QuestChapter_1007_ChapterNum",
    "SectionNum": "QuestChapter_1007_SectionNum",
    "ActName": "QuestChapter_1007_ChapterName",
    "ChapterName": "QuestChapter_1007_ChapterName",
    "ChapterIcon": "/Game/Aki/UI/UIResources/Common/Image/IconForceLogo/T_Logo_03_UI.T_Logo_03_UI"
  },
  {
    "Id": 1008,
    "ChapterNum": "QuestChapter_1008_ChapterNum",
    "SectionNum": "QuestChapter_1008_SectionNum",
    "ActName": "QuestChapter_1008_ChapterName",
    "ChapterName": "QuestChapter_1008_ChapterName",
    "ChapterIcon": "/Game/Aki/UI/UIResources/Common/Image/IconForceLogo/T_Logo_03_UI.T_Logo_03_UI"
  },
  {
    "Id": 2001,
    "ChapterNum": "QuestChapter_2001_ChapterNum",
    "SectionNum": "QuestChapter_2001_SectionNum",
    "ActName": "QuestChapter_2001_ChapterName",
    "ChapterName": "QuestChapter_2001_ChapterName",
    "ChapterIcon": "/Game/Aki/UI/UIResources/Common/Image/IconForceLogo/T_Logo_03_UI.T_Logo_03_UI"
  },
  {
    "Id": 2002,
    "ChapterNum": "QuestChapter_2002_ChapterNum",
    "SectionNum": "QuestChapter_2002_SectionNum",
    "ActName": "QuestChapter_2002_ChapterName",
    "ChapterName": "QuestChapter_2002_ChapterName",
    "ChapterIcon": "/Game/Aki/UI/UIResources/Common/Image/IconForceLogo/T_Logo_03_UI.T_Logo_03_UI"
  },
  {
    "Id": 2003,
    "ChapterNum": "QuestChapter_2003_ChapterNum",
    "SectionNum": "QuestChapter_2003_SectionNum",
    "ActName": "QuestChapter_2003_ChapterName",
    "ChapterName": "QuestChapter_2003_ChapterName",
    "ChapterIcon": "/Game/Aki/UI/UIResources/Common/Image/IconForceLogo/T_Logo_03_UI.T_Logo_03_UI"
  },
  {
    "Id": 2004,
    "ChapterNum": "QuestChapter_2004_ChapterNum",
    "SectionNum": "QuestChapter_2004_SectionNum",
    "ActName": "QuestChapter_2004_ChapterName",
    "ChapterName": "QuestChapter_2004_ChapterName",
    "ChapterIcon": "/Game/Aki/UI/UIResources/Common/Image/IconForceLogo/T_Logo_03_UI.T_Logo_03_UI"
  },
  {
    "Id": 2010,
    "ChapterNum": "QuestChapter_2010_ChapterNum",
    "SectionNum": "QuestChapter_2010_SectionNum",
    "ActName": "QuestChapter_2010_ChapterName",
    "ChapterName": "QuestChapter_2010_ChapterName",
    "ChapterIcon": "/Game/Aki/UI/UIResources/Common/Image/IconForceLogo/T_Logo_03_UI.T_Logo_03_UI"
  },
  {
    "Id": 2011,
    "ChapterNum": "QuestChapter_2011_ChapterNum",
    "SectionNum": "QuestChapter_2011_SectionNum",
    "ActName": "QuestChapter_2011_ChapterName",
    "ChapterName": "QuestChapter_2011_ChapterName",
    "ChapterIcon": "/Game/Aki/UI/UIResources/Common/Image/IconForceLogo/T_Logo_03_UI.T_Logo_03_UI"
  },
  {
    "Id": 2012,
    "ChapterNum": "QuestChapter_2012_ChapterNum",
    "SectionNum": "QuestChapter_2012_SectionNum",
    "ActName": "QuestChapter_2012_ChapterName",
    "ChapterName": "QuestChapter_2012_ChapterName",
    "ChapterIcon": "/Game/Aki/UI/UIResources/Common/Image/IconForceLogo/T_Logo_03_UI.T_Logo_03_UI"
  },
  {
    "Id": 1009,
    "ChapterNum": "QuestChapter_1009_ChapterNum",
    "SectionNum": "QuestChapter_1009_SectionNum",
    "ActName": "QuestChapter_1009_ChapterName",
    "ChapterName": "QuestChapter_1009_ChapterName",
    "ChapterIcon": "/Game/Aki/UI/UIResources/Common/Image/IconForceLogo/T_Logo_03_UI.T_Logo_03_UI"
  },
  {
    "Id": 2013,
    "ChapterNum": "QuestChapter_2013_ChapterNum",
    "SectionNum": "QuestChapter_2013_SectionNum",
    "ActName": "QuestChapter_2013_ChapterName",
    "ChapterName": "QuestChapter_2013_ChapterName",
    "ChapterIcon": "/Game/Aki/UI/UIResources/Common/Image/IconForceLogo/T_Logo_03_UI.T_Logo_03_UI"
  },
  {
    "Id": 10,
    "ChapterNum": "QuestChapter_10_ChapterNum",
    "SectionNum": "QuestChapter_10_SectionNum",
    "ActName": "QuestChapter_10_ActName",
    "ChapterName": "QuestChapter_10_ChapterName",
    "ChapterIcon": "/Game/Aki/UI/UIResources/Common/Image/IconForceLogo/T_Logo_02_UI.T_Logo_02_UI"
  },
  {
    "Id": 3001,
    "ChapterNum": "QuestChapter_3001_ChapterNum",
    "SectionNum": "QuestChapter_3001_SectionNum",
    "ActName": "QuestChapter_3001_ChapterName",
    "ChapterName": "QuestChapter_3001_ChapterName",
    "ChapterIcon": "/Game/Aki/UI/UIResources/Common/Image/IconForceLogo/T_Logo_03_UI.T_Logo_03_UI"
  },
  {
    "Id": 3002,
    "ChapterNum": "QuestChapter_3002_ChapterNum",
    "SectionNum": "QuestChapter_3002_SectionNum",
    "ActName": "QuestChapter_3002_ChapterName",
    "ChapterName": "QuestChapter_3002_ChapterName",
    "ChapterIcon": "/Game/Aki/UI/UIResources/Common/Image/IconForceLogo/T_Logo_03_UI.T_Logo_03_UI"
  },
  {
    "Id": 1010,
    "ChapterNum": "QuestChapter_1010_ChapterNum",
    "SectionNum": "QuestChapter_1010_SectionNum",
    "ActName": "QuestChapter_1010_ChapterName",
    "ChapterName": "QuestChapter_1010_ChapterName",
    "ChapterIcon": "/Game/Aki/UI/UIResources/Common/Image/IconForceLogo/T_Logo_03_UI.T_Logo_03_UI"
  }
]