[
  {
    "Id": 0,
    "DamageRatio": 10000
  },
  {
    "Id": 1,
    "DamageRatio": 10008
  },
  {
    "Id": 2,
    "DamageRatio": 10016
  },
  {
    "Id": 3,
    "DamageRatio": 10024
  },
  {
    "Id": 4,
    "DamageRatio": 10032
  },
  {
    "Id": 5,
    "DamageRatio": 10040
  },
  {
    "Id": 6,
    "DamageRatio": 10048
  },
  {
    "Id": 7,
    "DamageRatio": 10056
  },
  {
    "Id": 8,
    "DamageRatio": 10064
  },
  {
    "Id": 9,
    "DamageRatio": 10072
  },
  {
    "Id": 10,
    "DamageRatio": 10080
  },
  {
    "Id": 11,
    "DamageRatio": 10088
  },
  {
    "Id": 12,
    "DamageRatio": 10096
  },
  {
    "Id": 13,
    "DamageRatio": 10104
  },
  {
    "Id": 14,
    "DamageRatio": 10112
  },
  {
    "Id": 15,
    "DamageRatio": 10120
  },
  {
    "Id": 16,
    "DamageRatio": 10128
  },
  {
    "Id": 17,
    "DamageRatio": 10136
  },
  {
    "Id": 18,
    "DamageRatio": 10144
  },
  {
    "Id": 19,
    "DamageRatio": 10152
  },
  {
    "Id": 20,
    "DamageRatio": 10160
  },
  {
    "Id": 21,
    "DamageRatio": 10168
  },
  {
    "Id": 22,
    "DamageRatio": 10176
  },
  {
    "Id": 23,
    "DamageRatio": 10184
  },
  {
    "Id": 24,
    "DamageRatio": 10192
  },
  {
    "Id": 25,
    "DamageRatio": 10200
  },
  {
    "Id": 26,
    "DamageRatio": 10208
  },
  {
    "Id": 27,
    "DamageRatio": 10216
  },
  {
    "Id": 28,
    "DamageRatio": 10224
  },
  {
    "Id": 29,
    "DamageRatio": 10232
  },
  {
    "Id": 30,
    "DamageRatio": 10250
  },
  {
    "Id": 31,
    "DamageRatio": 10403
  },
  {
    "Id": 32,
    "DamageRatio": 10557
  },
  {
    "Id": 33,
    "DamageRatio": 10711
  },
  {
    "Id": 34,
    "DamageRatio": 10865
  },
  {
    "Id": 35,
    "DamageRatio": 11018
  },
  {
    "Id": 36,
    "DamageRatio": 11172
  },
  {
    "Id": 37,
    "DamageRatio": 11326
  },
  {
    "Id": 38,
    "DamageRatio": 11480
  },
  {
    "Id": 39,
    "DamageRatio": 11633
  },
  {
    "Id": 40,
    "DamageRatio": 11787
  },
  {
    "Id": 41,
    "DamageRatio": 11941
  },
  {
    "Id": 42,
    "DamageRatio": 12095
  },
  {
    "Id": 43,
    "DamageRatio": 12248
  },
  {
    "Id": 44,
    "DamageRatio": 12402
  },
  {
    "Id": 45,
    "DamageRatio": 12556
  },
  {
    "Id": 46,
    "DamageRatio": 12710
  },
  {
    "Id": 47,
    "DamageRatio": 12863
  },
  {
    "Id": 48,
    "DamageRatio": 13017
  },
  {
    "Id": 49,
    "DamageRatio": 13171
  },
  {
    "Id": 50,
    "DamageRatio": 13325
  },
  {
    "Id": 51,
    "DamageRatio": 13478
  },
  {
    "Id": 52,
    "DamageRatio": 13632
  },
  {
    "Id": 53,
    "DamageRatio": 13786
  },
  {
    "Id": 54,
    "DamageRatio": 13940
  },
  {
    "Id": 55,
    "DamageRatio": 14093
  },
  {
    "Id": 56,
    "DamageRatio": 14247
  },
  {
    "Id": 57,
    "DamageRatio": 14401
  },
  {
    "Id": 58,
    "DamageRatio": 14555
  },
  {
    "Id": 59,
    "DamageRatio": 14708
  },
  {
    "Id": 60,
    "DamageRatio": 14862
  },
  {
    "Id": 61,
    "DamageRatio": 15016
  },
  {
    "Id": 62,
    "DamageRatio": 15170
  },
  {
    "Id": 63,
    "DamageRatio": 15323
  },
  {
    "Id": 64,
    "DamageRatio": 15477
  },
  {
    "Id": 65,
    "DamageRatio": 15631
  },
  {
    "Id": 66,
    "DamageRatio": 15785
  },
  {
    "Id": 67,
    "DamageRatio": 15938
  },
  {
    "Id": 68,
    "DamageRatio": 16092
  },
  {
    "Id": 69,
    "DamageRatio": 16246
  },
  {
    "Id": 70,
    "DamageRatio": 16400
  },
  {
    "Id": 71,
    "DamageRatio": 16553
  },
  {
    "Id": 72,
    "DamageRatio": 16707
  },
  {
    "Id": 73,
    "DamageRatio": 16861
  },
  {
    "Id": 74,
    "DamageRatio": 17015
  },
  {
    "Id": 75,
    "DamageRatio": 17168
  },
  {
    "Id": 76,
    "DamageRatio": 17322
  },
  {
    "Id": 77,
    "DamageRatio": 17476
  },
  {
    "Id": 78,
    "DamageRatio": 17630
  },
  {
    "Id": 79,
    "DamageRatio": 17783
  },
  {
    "Id": 80,
    "DamageRatio": 17937
  },
  {
    "Id": 81,
    "DamageRatio": 18091
  },
  {
    "Id": 82,
    "DamageRatio": 18245
  },
  {
    "Id": 83,
    "DamageRatio": 18398
  },
  {
    "Id": 84,
    "DamageRatio": 18552
  },
  {
    "Id": 85,
    "DamageRatio": 18706
  },
  {
    "Id": 86,
    "DamageRatio": 18860
  },
  {
    "Id": 87,
    "DamageRatio": 19013
  },
  {
    "Id": 88,
    "DamageRatio": 19167
  },
  {
    "Id": 89,
    "DamageRatio": 19321
  },
  {
    "Id": 90,
    "DamageRatio": 19475
  },
  {
    "Id": 91,
    "DamageRatio": 19628
  },
  {
    "Id": 92,
    "DamageRatio": 19782
  },
  {
    "Id": 93,
    "DamageRatio": 19936
  },
  {
    "Id": 94,
    "DamageRatio": 20090
  },
  {
    "Id": 95,
    "DamageRatio": 20243
  },
  {
    "Id": 96,
    "DamageRatio": 20397
  },
  {
    "Id": 97,
    "DamageRatio": 20551
  },
  {
    "Id": 98,
    "DamageRatio": 20705
  },
  {
    "Id": 99,
    "DamageRatio": 20858
  },
  {
    "Id": 100,
    "DamageRatio": 21012
  },
  {
    "Id": 101,
    "DamageRatio": 21166
  },
  {
    "Id": 102,
    "DamageRatio": 21320
  },
  {
    "Id": 103,
    "DamageRatio": 21473
  },
  {
    "Id": 104,
    "DamageRatio": 21627
  },
  {
    "Id": 105,
    "DamageRatio": 21781
  },
  {
    "Id": 106,
    "DamageRatio": 21935
  },
  {
    "Id": 107,
    "DamageRatio": 22264
  },
  {
    "Id": 108,
    "DamageRatio": 22593
  },
  {
    "Id": 109,
    "DamageRatio": 22922
  },
  {
    "Id": 110,
    "DamageRatio": 23251
  },
  {
    "Id": 111,
    "DamageRatio": 23580
  },
  {
    "Id": 112,
    "DamageRatio": 23909
  },
  {
    "Id": 113,
    "DamageRatio": 24238
  },
  {
    "Id": 114,
    "DamageRatio": 24567
  },
  {
    "Id": 115,
    "DamageRatio": 24896
  },
  {
    "Id": 116,
    "DamageRatio": 25225
  },
  {
    "Id": 117,
    "DamageRatio": 25554
  },
  {
    "Id": 118,
    "DamageRatio": 25883
  },
  {
    "Id": 119,
    "DamageRatio": 26212
  },
  {
    "Id": 120,
    "DamageRatio": 26541
  },
  {
    "Id": 121,
    "DamageRatio": 26870
  },
  {
    "Id": 122,
    "DamageRatio": 27199
  },
  {
    "Id": 123,
    "DamageRatio": 27528
  },
  {
    "Id": 124,
    "DamageRatio": 27857
  },
  {
    "Id": 125,
    "DamageRatio": 28186
  },
  {
    "Id": 126,
    "DamageRatio": 28515
  },
  {
    "Id": 127,
    "DamageRatio": 28844
  },
  {
    "Id": 128,
    "DamageRatio": 29173
  },
  {
    "Id": 129,
    "DamageRatio": 29502
  },
  {
    "Id": 130,
    "DamageRatio": 29831
  },
  {
    "Id": 131,
    "DamageRatio": 30160
  },
  {
    "Id": 132,
    "DamageRatio": 30489
  },
  {
    "Id": 133,
    "DamageRatio": 30818
  },
  {
    "Id": 134,
    "DamageRatio": 31147
  },
  {
    "Id": 135,
    "DamageRatio": 31476
  },
  {
    "Id": 136,
    "DamageRatio": 31805
  },
  {
    "Id": 137,
    "DamageRatio": 32134
  },
  {
    "Id": 138,
    "DamageRatio": 32463
  },
  {
    "Id": 139,
    "DamageRatio": 32792
  },
  {
    "Id": 140,
    "DamageRatio": 33121
  },
  {
    "Id": 141,
    "DamageRatio": 33450
  },
  {
    "Id": 142,
    "DamageRatio": 33779
  },
  {
    "Id": 143,
    "DamageRatio": 34108
  },
  {
    "Id": 144,
    "DamageRatio": 34437
  },
  {
    "Id": 145,
    "DamageRatio": 34766
  },
  {
    "Id": 146,
    "DamageRatio": 35096
  },
  {
    "Id": 147,
    "DamageRatio": 35425
  },
  {
    "Id": 148,
    "DamageRatio": 35754
  },
  {
    "Id": 149,
    "DamageRatio": 36083
  },
  {
    "Id": 150,
    "DamageRatio": 36412
  },
  {
    "Id": 151,
    "DamageRatio": 36741
  },
  {
    "Id": 152,
    "DamageRatio": 37070
  },
  {
    "Id": 153,
    "DamageRatio": 37399
  },
  {
    "Id": 154,
    "DamageRatio": 37728
  },
  {
    "Id": 155,
    "DamageRatio": 38057
  },
  {
    "Id": 156,
    "DamageRatio": 38386
  },
  {
    "Id": 157,
    "DamageRatio": 38715
  },
  {
    "Id": 158,
    "DamageRatio": 39044
  },
  {
    "Id": 159,
    "DamageRatio": 39373
  },
  {
    "Id": 160,
    "DamageRatio": 39702
  },
  {
    "Id": 161,
    "DamageRatio": 40031
  },
  {
    "Id": 162,
    "DamageRatio": 40360
  },
  {
    "Id": 163,
    "DamageRatio": 40689
  },
  {
    "Id": 164,
    "DamageRatio": 41018
  },
  {
    "Id": 165,
    "DamageRatio": 41347
  },
  {
    "Id": 166,
    "DamageRatio": 41676
  },
  {
    "Id": 167,
    "DamageRatio": 42005
  },
  {
    "Id": 168,
    "DamageRatio": 42334
  },
  {
    "Id": 169,
    "DamageRatio": 42663
  },
  {
    "Id": 170,
    "DamageRatio": 42992
  },
  {
    "Id": 171,
    "DamageRatio": 43321
  },
  {
    "Id": 172,
    "DamageRatio": 43650
  },
  {
    "Id": 173,
    "DamageRatio": 43979
  },
  {
    "Id": 174,
    "DamageRatio": 44308
  },
  {
    "Id": 175,
    "DamageRatio": 44637
  },
  {
    "Id": 176,
    "DamageRatio": 44966
  },
  {
    "Id": 177,
    "DamageRatio": 45295
  },
  {
    "Id": 178,
    "DamageRatio": 45624
  },
  {
    "Id": 179,
    "DamageRatio": 45953
  },
  {
    "Id": 180,
    "DamageRatio": 46282
  },
  {
    "Id": 181,
    "DamageRatio": 46611
  },
  {
    "Id": 182,
    "DamageRatio": 46940
  },
  {
    "Id": 183,
    "DamageRatio": 47269
  },
  {
    "Id": 184,
    "DamageRatio": 47598
  },
  {
    "Id": 185,
    "DamageRatio": 47927
  },
  {
    "Id": 186,
    "DamageRatio": 48257
  },
  {
    "Id": 187,
    "DamageRatio": 48586
  },
  {
    "Id": 188,
    "DamageRatio": 48915
  },
  {
    "Id": 189,
    "DamageRatio": 49244
  },
  {
    "Id": 190,
    "DamageRatio": 49573
  },
  {
    "Id": 191,
    "DamageRatio": 49902
  },
  {
    "Id": 192,
    "DamageRatio": 50231
  },
  {
    "Id": 193,
    "DamageRatio": 50560
  },
  {
    "Id": 194,
    "DamageRatio": 50889
  },
  {
    "Id": 195,
    "DamageRatio": 51137
  },
  {
    "Id": 196,
    "DamageRatio": 51385
  },
  {
    "Id": 197,
    "DamageRatio": 51633
  },
  {
    "Id": 198,
    "DamageRatio": 51882
  },
  {
    "Id": 199,
    "DamageRatio": 52130
  },
  {
    "Id": 200,
    "DamageRatio": 52378
  },
  {
    "Id": 201,
    "DamageRatio": 52626
  },
  {
    "Id": 202,
    "DamageRatio": 52875
  },
  {
    "Id": 203,
    "DamageRatio": 53123
  },
  {
    "Id": 204,
    "DamageRatio": 53371
  },
  {
    "Id": 205,
    "DamageRatio": 53619
  },
  {
    "Id": 206,
    "DamageRatio": 53868
  },
  {
    "Id": 207,
    "DamageRatio": 54116
  },
  {
    "Id": 208,
    "DamageRatio": 54364
  },
  {
    "Id": 209,
    "DamageRatio": 54612
  },
  {
    "Id": 210,
    "DamageRatio": 54861
  },
  {
    "Id": 211,
    "DamageRatio": 55109
  },
  {
    "Id": 212,
    "DamageRatio": 55357
  },
  {
    "Id": 213,
    "DamageRatio": 55605
  },
  {
    "Id": 214,
    "DamageRatio": 55854
  },
  {
    "Id": 215,
    "DamageRatio": 56102
  },
  {
    "Id": 216,
    "DamageRatio": 56360
  },
  {
    "Id": 217,
    "DamageRatio": 56618
  },
  {
    "Id": 218,
    "DamageRatio": 56886
  },
  {
    "Id": 219,
    "DamageRatio": 57154
  },
  {
    "Id": 220,
    "DamageRatio": 57432
  },
  {
    "Id": 221,
    "DamageRatio": 57710
  },
  {
    "Id": 222,
    "DamageRatio": 57998
  },
  {
    "Id": 223,
    "DamageRatio": 58286
  },
  {
    "Id": 224,
    "DamageRatio": 58584
  },
  {
    "Id": 225,
    "DamageRatio": 58882
  },
  {
    "Id": 226,
    "DamageRatio": 59190
  },
  {
    "Id": 227,
    "DamageRatio": 59498
  },
  {
    "Id": 228,
    "DamageRatio": 59815
  },
  {
    "Id": 229,
    "DamageRatio": 60133
  },
  {
    "Id": 230,
    "DamageRatio": 60461
  },
  {
    "Id": 231,
    "DamageRatio": 60789
  },
  {
    "Id": 232,
    "DamageRatio": 61126
  },
  {
    "Id": 233,
    "DamageRatio": 61464
  },
  {
    "Id": 234,
    "DamageRatio": 61811
  },
  {
    "Id": 235,
    "DamageRatio": 62159
  },
  {
    "Id": 236,
    "DamageRatio": 62516
  },
  {
    "Id": 237,
    "DamageRatio": 62874
  },
  {
    "Id": 238,
    "DamageRatio": 63241
  },
  {
    "Id": 239,
    "DamageRatio": 63609
  },
  {
    "Id": 240,
    "DamageRatio": 63986
  },
  {
    "Id": 241,
    "DamageRatio": 64363
  },
  {
    "Id": 242,
    "DamageRatio": 64750
  },
  {
    "Id": 243,
    "DamageRatio": 65138
  },
  {
    "Id": 244,
    "DamageRatio": 65535
  },
  {
    "Id": 245,
    "DamageRatio": 65932
  },
  {
    "Id": 246,
    "DamageRatio": 66339
  },
  {
    "Id": 247,
    "DamageRatio": 66746
  },
  {
    "Id": 248,
    "DamageRatio": 67163
  },
  {
    "Id": 249,
    "DamageRatio": 67580
  },
  {
    "Id": 250,
    "DamageRatio": 68007
  },
  {
    "Id": 251,
    "DamageRatio": 68434
  },
  {
    "Id": 252,
    "DamageRatio": 68871
  },
  {
    "Id": 253,
    "DamageRatio": 69308
  },
  {
    "Id": 254,
    "DamageRatio": 69755
  },
  {
    "Id": 255,
    "DamageRatio": 70202
  },
  {
    "Id": 256,
    "DamageRatio": 70659
  },
  {
    "Id": 257,
    "DamageRatio": 71115
  },
  {
    "Id": 258,
    "DamageRatio": 71582
  },
  {
    "Id": 259,
    "DamageRatio": 72049
  },
  {
    "Id": 260,
    "DamageRatio": 72525
  },
  {
    "Id": 261,
    "DamageRatio": 73002
  },
  {
    "Id": 262,
    "DamageRatio": 73488
  },
  {
    "Id": 263,
    "DamageRatio": 73975
  },
  {
    "Id": 264,
    "DamageRatio": 74472
  },
  {
    "Id": 265,
    "DamageRatio": 74968
  },
  {
    "Id": 266,
    "DamageRatio": 75474
  },
  {
    "Id": 267,
    "DamageRatio": 75981
  },
  {
    "Id": 268,
    "DamageRatio": 76497
  },
  {
    "Id": 269,
    "DamageRatio": 77013
  },
  {
    "Id": 270,
    "DamageRatio": 77540
  },
  {
    "Id": 271,
    "DamageRatio": 78066
  },
  {
    "Id": 272,
    "DamageRatio": 78602
  },
  {
    "Id": 273,
    "DamageRatio": 79138
  },
  {
    "Id": 274,
    "DamageRatio": 79685
  },
  {
    "Id": 275,
    "DamageRatio": 80231
  },
  {
    "Id": 276,
    "DamageRatio": 80777
  },
  {
    "Id": 277,
    "DamageRatio": 81323
  },
  {
    "Id": 278,
    "DamageRatio": 81869
  },
  {
    "Id": 279,
    "DamageRatio": 82455
  },
  {
    "Id": 280,
    "DamageRatio": 83041
  },
  {
    "Id": 281,
    "DamageRatio": 83627
  },
  {
    "Id": 282,
    "DamageRatio": 84212
  },
  {
    "Id": 283,
    "DamageRatio": 84798
  },
  {
    "Id": 284,
    "DamageRatio": 85394
  },
  {
    "Id": 285,
    "DamageRatio": 85990
  },
  {
    "Id": 286,
    "DamageRatio": 86596
  },
  {
    "Id": 287,
    "DamageRatio": 87201
  },
  {
    "Id": 288,
    "DamageRatio": 87817
  },
  {
    "Id": 289,
    "DamageRatio": 88433
  },
  {
    "Id": 290,
    "DamageRatio": 89058
  },
  {
    "Id": 291,
    "DamageRatio": 89684
  },
  {
    "Id": 292,
    "DamageRatio": 90319
  },
  {
    "Id": 293,
    "DamageRatio": 90955
  },
  {
    "Id": 294,
    "DamageRatio": 91600
  },
  {
    "Id": 295,
    "DamageRatio": 92245
  },
  {
    "Id": 296,
    "DamageRatio": 92901
  },
  {
    "Id": 297,
    "DamageRatio": 93556
  },
  {
    "Id": 298,
    "DamageRatio": 94221
  },
  {
    "Id": 299,
    "DamageRatio": 94887
  },
  {
    "Id": 300,
    "DamageRatio": 95562
  },
  {
    "Id": 301,
    "DamageRatio": 96237
  },
  {
    "Id": 302,
    "DamageRatio": 96922
  },
  {
    "Id": 303,
    "DamageRatio": 97607
  },
  {
    "Id": 304,
    "DamageRatio": 98303
  },
  {
    "Id": 305,
    "DamageRatio": 98998
  },
  {
    "Id": 306,
    "DamageRatio": 99703
  },
  {
    "Id": 307,
    "DamageRatio": 100408
  },
  {
    "Id": 308,
    "DamageRatio": 101123
  },
  {
    "Id": 309,
    "DamageRatio": 101837
  },
  {
    "Id": 310,
    "DamageRatio": 102562
  },
  {
    "Id": 311,
    "DamageRatio": 103287
  },
  {
    "Id": 312,
    "DamageRatio": 104022
  },
  {
    "Id": 313,
    "DamageRatio": 104757
  },
  {
    "Id": 314,
    "DamageRatio": 105502
  },
  {
    "Id": 315,
    "DamageRatio": 106246
  },
  {
    "Id": 316,
    "DamageRatio": 107001
  },
  {
    "Id": 317,
    "DamageRatio": 107756
  },
  {
    "Id": 318,
    "DamageRatio": 108520
  },
  {
    "Id": 319,
    "DamageRatio": 109285
  },
  {
    "Id": 320,
    "DamageRatio": 110059
  },
  {
    "Id": 321,
    "DamageRatio": 110834
  },
  {
    "Id": 322,
    "DamageRatio": 111618
  },
  {
    "Id": 323,
    "DamageRatio": 112403
  },
  {
    "Id": 324,
    "DamageRatio": 113197
  },
  {
    "Id": 325,
    "DamageRatio": 113991
  },
  {
    "Id": 326,
    "DamageRatio": 114796
  },
  {
    "Id": 327,
    "DamageRatio": 115600
  },
  {
    "Id": 328,
    "DamageRatio": 116414
  },
  {
    "Id": 329,
    "DamageRatio": 117228
  },
  {
    "Id": 330,
    "DamageRatio": 118043
  },
  {
    "Id": 331,
    "DamageRatio": 118857
  },
  {
    "Id": 332,
    "DamageRatio": 119671
  },
  {
    "Id": 333,
    "DamageRatio": 120485
  },
  {
    "Id": 334,
    "DamageRatio": 121299
  },
  {
    "Id": 335,
    "DamageRatio": 122114
  },
  {
    "Id": 336,
    "DamageRatio": 122970
  },
  {
    "Id": 337,
    "DamageRatio": 123826
  },
  {
    "Id": 338,
    "DamageRatio": 124682
  },
  {
    "Id": 339,
    "DamageRatio": 125537
  },
  {
    "Id": 340,
    "DamageRatio": 126393
  },
  {
    "Id": 341,
    "DamageRatio": 127249
  },
  {
    "Id": 342,
    "DamageRatio": 128105
  },
  {
    "Id": 343,
    "DamageRatio": 128961
  },
  {
    "Id": 344,
    "DamageRatio": 129817
  },
  {
    "Id": 345,
    "DamageRatio": 130673
  },
  {
    "Id": 346,
    "DamageRatio": 131529
  },
  {
    "Id": 347,
    "DamageRatio": 132385
  },
  {
    "Id": 348,
    "DamageRatio": 133241
  },
  {
    "Id": 349,
    "DamageRatio": 134097
  },
  {
    "Id": 350,
    "DamageRatio": 134953
  },
  {
    "Id": 351,
    "DamageRatio": 135809
  },
  {
    "Id": 352,
    "DamageRatio": 136665
  },
  {
    "Id": 353,
    "DamageRatio": 137521
  },
  {
    "Id": 354,
    "DamageRatio": 138377
  },
  {
    "Id": 355,
    "DamageRatio": 139233
  },
  {
    "Id": 356,
    "DamageRatio": 140088
  },
  {
    "Id": 357,
    "DamageRatio": 140944
  },
  {
    "Id": 358,
    "DamageRatio": 141800
  },
  {
    "Id": 359,
    "DamageRatio": 142656
  },
  {
    "Id": 360,
    "DamageRatio": 143512
  },
  {
    "Id": 361,
    "DamageRatio": 144368
  },
  {
    "Id": 362,
    "DamageRatio": 145224
  },
  {
    "Id": 363,
    "DamageRatio": 146080
  },
  {
    "Id": 364,
    "DamageRatio": 146936
  },
  {
    "Id": 365,
    "DamageRatio": 147792
  },
  {
    "Id": 366,
    "DamageRatio": 148648
  },
  {
    "Id": 367,
    "DamageRatio": 149504
  },
  {
    "Id": 368,
    "DamageRatio": 150360
  },
  {
    "Id": 369,
    "DamageRatio": 151216
  },
  {
    "Id": 370,
    "DamageRatio": 152072
  },
  {
    "Id": 371,
    "DamageRatio": 152928
  },
  {
    "Id": 372,
    "DamageRatio": 153784
  },
  {
    "Id": 373,
    "DamageRatio": 154639
  },
  {
    "Id": 374,
    "DamageRatio": 155495
  },
  {
    "Id": 375,
    "DamageRatio": 156351
  },
  {
    "Id": 376,
    "DamageRatio": 157207
  },
  {
    "Id": 377,
    "DamageRatio": 158063
  },
  {
    "Id": 378,
    "DamageRatio": 158919
  },
  {
    "Id": 379,
    "DamageRatio": 159775
  },
  {
    "Id": 380,
    "DamageRatio": 160631
  },
  {
    "Id": 381,
    "DamageRatio": 161487
  },
  {
    "Id": 382,
    "DamageRatio": 162343
  },
  {
    "Id": 383,
    "DamageRatio": 163199
  },
  {
    "Id": 384,
    "DamageRatio": 164055
  },
  {
    "Id": 385,
    "DamageRatio": 164911
  },
  {
    "Id": 386,
    "DamageRatio": 165977
  },
  {
    "Id": 387,
    "DamageRatio": 167043
  },
  {
    "Id": 388,
    "DamageRatio": 168109
  },
  {
    "Id": 389,
    "DamageRatio": 169176
  },
  {
    "Id": 390,
    "DamageRatio": 170242
  },
  {
    "Id": 391,
    "DamageRatio": 171308
  },
  {
    "Id": 392,
    "DamageRatio": 172374
  },
  {
    "Id": 393,
    "DamageRatio": 173441
  },
  {
    "Id": 394,
    "DamageRatio": 174507
  },
  {
    "Id": 395,
    "DamageRatio": 175573
  },
  {
    "Id": 396,
    "DamageRatio": 176639
  },
  {
    "Id": 397,
    "DamageRatio": 177706
  },
  {
    "Id": 398,
    "DamageRatio": 178772
  },
  {
    "Id": 399,
    "DamageRatio": 179838
  },
  {
    "Id": 400,
    "DamageRatio": 180904
  },
  {
    "Id": 401,
    "DamageRatio": 181971
  },
  {
    "Id": 402,
    "DamageRatio": 183037
  },
  {
    "Id": 403,
    "DamageRatio": 184103
  },
  {
    "Id": 404,
    "DamageRatio": 185169
  },
  {
    "Id": 405,
    "DamageRatio": 186235
  },
  {
    "Id": 406,
    "DamageRatio": 187302
  },
  {
    "Id": 407,
    "DamageRatio": 188368
  },
  {
    "Id": 408,
    "DamageRatio": 189434
  },
  {
    "Id": 409,
    "DamageRatio": 190500
  },
  {
    "Id": 410,
    "DamageRatio": 191567
  },
  {
    "Id": 411,
    "DamageRatio": 192633
  },
  {
    "Id": 412,
    "DamageRatio": 193699
  },
  {
    "Id": 413,
    "DamageRatio": 194765
  },
  {
    "Id": 414,
    "DamageRatio": 195832
  },
  {
    "Id": 415,
    "DamageRatio": 196898
  },
  {
    "Id": 416,
    "DamageRatio": 197964
  },
  {
    "Id": 417,
    "DamageRatio": 199030
  },
  {
    "Id": 418,
    "DamageRatio": 200097
  },
  {
    "Id": 419,
    "DamageRatio": 201163
  },
  {
    "Id": 420,
    "DamageRatio": 202229
  },
  {
    "Id": 421,
    "DamageRatio": 203295
  },
  {
    "Id": 422,
    "DamageRatio": 204362
  },
  {
    "Id": 423,
    "DamageRatio": 205428
  },
  {
    "Id": 424,
    "DamageRatio": 206494
  },
  {
    "Id": 425,
    "DamageRatio": 207560
  }
]