[
  {
    "Id": 1,
    "SecondName": "",
    "FunctionPath": ""
  },
  {
    "Id": 2,
    "SecondName": "NpcHeadInfo_2_SecondName",
    "FunctionPath": "/Game/Aki/UI/UIResources/Common/Image/IconWorldMap/T_IconMap_Shop_08_UI.T_IconMap_Shop_08_UI"
  },
  {
    "Id": 3,
    "SecondName": "NpcHeadInfo_3_SecondName",
    "FunctionPath": "/Game/Aki/UI/UIResources/Common/Image/IconWorldMap/T_IconMap_Shop_01_UI.T_IconMap_Shop_01_UI"
  },
  {
    "Id": 4,
    "SecondName": "",
    "FunctionPath": "/Game/Aki/UI/UIResources/Common/Image/IconWorldMap/T_IconMap_Shop_02_UI.T_IconMap_Shop_02_UI"
  },
  {
    "Id": 5,
    "SecondName": "NpcHeadInfo_5_SecondName",
    "FunctionPath": "/Game/Aki/UI/UIResources/Common/Image/IconWorldMap/T_IconMap_Shop_03_UI.T_IconMap_Shop_03_UI"
  },
  {
    "Id": 6,
    "SecondName": "NpcHeadInfo_6_SecondName",
    "FunctionPath": "/Game/Aki/UI/UIResources/Common/Image/IconWorldMap/T_IconMap_Shop_10_UI.T_IconMap_Shop_10_UI"
  },
  {
    "Id": 7,
    "SecondName": "NpcHeadInfo_7_SecondName",
    "FunctionPath": "/Game/Aki/UI/UIResources/Common/Image/IconWorldMap/T_IconMap_Play_06_UI.T_IconMap_Play_06_UI"
  },
  {
    "Id": 8,
    "SecondName": "NpcHeadInfo_8_SecondName",
    "FunctionPath": "/Game/Aki/UI/UIResources/Common/Image/IconWorldMap/T_IconMap_Shop_06_UI.T_IconMap_Shop_06_UI"
  },
  {
    "Id": 9,
    "SecondName": "NpcHeadInfo_9_SecondName",
    "FunctionPath": "/Game/Aki/UI/UIResources/Common/Image/IconWorldMap/T_IconMap_Play_07_UI.T_IconMap_Play_07_UI"
  },
  {
    "Id": 10,
    "SecondName": "",
    "FunctionPath": "/Game/Aki/UI/UIResources/Common/Image/IconWorldMap/T_IconMap_Shop_06_UI.T_IconMap_Shop_06_UI"
  },
  {
    "Id": 11,
    "SecondName": "NpcHeadInfo_11_SecondName",
    "FunctionPath": "/Game/Aki/UI/UIResources/Common/Image/IconWorldMap/T_IconMap_Shop_04_UI.T_IconMap_Shop_04_UI"
  },
  {
    "Id": 12,
    "SecondName": "",
    "FunctionPath": "/Game/Aki/UI/UIResources/Common/Image/IconWorldMap/T_IconMap_Shop_07_UI.T_IconMap_Shop_07_UI"
  },
  {
    "Id": 13,
    "SecondName": "NpcHeadInfo_13_SecondName",
    "FunctionPath": "/Game/Aki/UI/UIResources/Common/Image/IconWorldMap/T_IconMap_Shop_11_UI.T_IconMap_Shop_11_UI"
  },
  {
    "Id": 14,
    "SecondName": "NpcHeadInfo_14_SecondName",
    "FunctionPath": "/Game/Aki/UI/UIResources/Common/Image/IconWorldMap/T_IconMap_Shop_06_UI.T_IconMap_Shop_06_UI"
  },
  {
    "Id": 15,
    "SecondName": "NpcHeadInfo_15_SecondName",
    "FunctionPath": "/Game/Aki/UI/UIResources/Common/Image/IconWorldMap/T_IconMap_Shop_03_UI.T_IconMap_Shop_03_UI"
  },
  {
    "Id": 16,
    "SecondName": "NpcHeadInfo_16_SecondName",
    "FunctionPath": "/Game/Aki/UI/UIResources/Common/Image/IconWorldMap/T_IconMap_Play_01_UI.T_IconMap_Play_01_UI"
  },
  {
    "Id": 17,
    "SecondName": "NpcHeadInfo_17_SecondName",
    "FunctionPath": "/Game/Aki/UI/UIResources/Common/Image/IconWorldMap/T_IconMap_Play_13_UI.T_IconMap_Play_13_UI"
  },
  {
    "Id": 19,
    "SecondName": "NpcHeadInfo_19_SecondName",
    "FunctionPath": "/Game/Aki/UI/UIResources/Common/Image/IconWorldMap/T_IconMap_Shop_10_UI.T_IconMap_Shop_10_UI"
  },
  {
    "Id": 20,
    "SecondName": "NpcHeadInfo_20_SecondName",
    "FunctionPath": "/Game/Aki/UI/UIResources/Common/Image/IconWorldMap/T_IconActMoon_05.T_IconActMoon_05"
  },
  {
    "Id": 21,
    "SecondName": "NpcHeadInfo_21_SecondName",
    "FunctionPath": "/Game/Aki/UI/UIResources/Common/Image/IconWorldMap/T_IconActMoon_06.T_IconActMoon_06"
  },
  {
    "Id": 22,
    "SecondName": "NpcHeadInfo_22_SecondName",
    "FunctionPath": "/Game/Aki/UI/UIResources/Common/Image/IconWorldMap/T_IconActMoon_07.T_IconActMoon_07"
  },
  {
    "Id": 23,
    "SecondName": "NpcHeadInfo_23_SecondName",
    "FunctionPath": "/Game/Aki/UI/UIResources/Common/Image/IconWorldMap/T_IconActMoon_02.T_IconActMoon_02"
  },
  {
    "Id": 25,
    "SecondName": "NpcHeadInfo_25_SecondName",
    "FunctionPath": "/Game/Aki/UI/UIResources/Common/Image/IconWorldMap/T_IconActMoon_04.T_IconActMoon_04"
  },
  {
    "Id": 26,
    "SecondName": "NpcHeadInfo_26_SecondName",
    "FunctionPath": "/Game/Aki/UI/UIResources/Common/Image/IconWorldMap/T_IconActMoon_08.T_IconActMoon_08"
  },
  {
    "Id": 27,
    "SecondName": "NpcHeadInfo_27_SecondName",
    "FunctionPath": "/Game/Aki/UI/UIResources/Common/Image/IconWorldMap/T_IconActMoon_09.T_IconActMoon_09"
  },
  {
    "Id": 28,
    "SecondName": "NpcHeadInfo_28_SecondName",
    "FunctionPath": "/Game/Aki/UI/UIResources/Common/Image/IconWorldMap/T_IconActMoon_01.T_IconActMoon_01"
  },
  {
    "Id": 29,
    "SecondName": "NpcHeadInfo_29_SecondName",
    "FunctionPath": "/Game/Aki/UI/UIResources/Common/Image/IconWorldMap/T_IconActMoon_10.T_IconActMoon_10"
  },
  {
    "Id": 30,
    "SecondName": "",
    "FunctionPath": "/Game/Aki/UI/UIResources/Common/Image/IconWorldMap/T_IconActMoon_12.T_IconActMoon_12"
  },
  {
    "Id": 31,
    "SecondName": "",
    "FunctionPath": "/Game/Aki/UI/UIResources/Common/Image/IconWorldMap/T_IconActMoon_11.T_IconActMoon_11"
  },
  {
    "Id": 32,
    "SecondName": "",
    "FunctionPath": "/Game/Aki/UI/UIResources/Common/Image/IconWorldMap/T_IconActMoon_03.T_IconActMoon_03"
  },
  {
    "Id": 33,
    "SecondName": "NpcHeadInfo_33_SecondName",
    "FunctionPath": "/Game/Aki/UI/UIResources/Common/Image/IconWorldMap/T_IconMap_Shop_12_UI.T_IconMap_Shop_12_UI"
  },
  {
    "Id": 34,
    "SecondName": "NpcHeadInfo_34_SecondName",
    "FunctionPath": "/Game/Aki/UI/UIResources/Common/Image/IconWorldMap/T_IconMap_Play_14_UI.T_IconMap_Play_14_UI"
  }
]