[
  {
    "Id": 1,
    "Name": "SynthesisLevel_1_Name",
    "Completeness": 0,
    "Effect": 0,
    "AttributesDescription": "SynthesisLevel_1_AttributesDescription",
    "DropIds": 0
  },
  {
    "Id": 2,
    "Name": "SynthesisLevel_2_Name",
    "Completeness": 500,
    "Effect": 0,
    "AttributesDescription": "SynthesisLevel_2_AttributesDescription",
    "DropIds": 91001
  },
  {
    "Id": 3,
    "Name": "SynthesisLevel_3_Name",
    "Completeness": 1500,
    "Effect": 0,
    "AttributesDescription": "SynthesisLevel_3_AttributesDescription",
    "DropIds": 91002
  },
  {
    "Id": 4,
    "Name": "SynthesisLevel_4_Name",
    "Completeness": 3000,
    "Effect": 0,
    "AttributesDescription": "SynthesisLevel_4_AttributesDescription",
    "DropIds": 91003
  },
  {
    "Id": 5,
    "Name": "SynthesisLevel_5_Name",
    "Completeness": 6000,
    "Effect": 0,
    "AttributesDescription": "SynthesisLevel_5_AttributesDescription",
    "DropIds": 91004
  }
]