[
  {
    "Id": 1,
    "RoleId": 1202,
    "Texture": "/Game/Aki/UI/UIResources/Common/Image/IconRolePile/T_IconRole_Pile_maxiaofang_UI.T_IconRole_Pile_maxiaofang_UI",
    "Description": "RoleDescription_1_Description"
  },
  {
    "Id": 2,
    "RoleId": 1402,
    "Texture": "/Game/Aki/UI/UIResources/Common/Image/IconRolePile/T_IconRole_Pile_yangyang_UI.T_IconRole_Pile_yangyang_UI",
    "Description": "RoleDescription_2_Description"
  },
  {
    "Id": 3,
    "RoleId": 1103,
    "Texture": "/Game/Aki/UI/UIResources/Common/Image/IconRolePile/T_IconRole_Pile_bailian_UI.T_IconRole_Pile_bailian_UI",
    "Description": "RoleDescription_3_Description"
  }
]