[
  {
    "Id": 10010,
    "MarkId": 4020,
    "LordGymList": [
      1001,
      1002,
      1003,
      1004,
      1005,
      1006
    ],
    "EntranceTitle": "BossEn_title_01",
    "EntranceDescription": "BossEn_detail_01",
    "IsDebug": false
  },
  {
    "Id": 11010,
    "MarkId": 4021,
    "LordGymList": [
      1101,
      1102,
      1103,
      1104,
      1105,
      1106
    ],
    "EntranceTitle": "BossEn_title_02",
    "EntranceDescription": "BossEn_detail_02",
    "IsDebug": false
  },
  {
    "Id": 12010,
    "MarkId": 4022,
    "LordGymList": [
      1201,
      1202,
      1203,
      1204,
      1205,
      1206
    ],
    "EntranceTitle": "BossEn_title_03",
    "EntranceDescription": "BossEn_detail_03",
    "IsDebug": false
  },
  {
    "Id": 13010,
    "MarkId": 4023,
    "LordGymList": [
      1301,
      1302,
      1303,
      1304,
      1305,
      1306
    ],
    "EntranceTitle": "BossEn_title_04",
    "EntranceDescription": "BossEn_detail_04",
    "IsDebug": false
  },
  {
    "Id": 14010,
    "MarkId": 4024,
    "LordGymList": [
      1401,
      1402,
      1403,
      1404,
      1405,
      1406
    ],
    "EntranceTitle": "BossEn_title_05",
    "EntranceDescription": "BossEn_detail_05",
    "IsDebug": false
  },
  {
    "Id": 15010,
    "MarkId": 4025,
    "LordGymList": [
      1501,
      1502,
      1503,
      1504,
      1505,
      1506
    ],
    "EntranceTitle": "BossEn_title_06",
    "EntranceDescription": "BossEn_detail_06",
    "IsDebug": false
  }
]