[
  {
    "Id": 1001,
    "Difficulty": 1,
    "RewardId": 48301,
    "PlayId": 130000008,
    "GymTitle": "Bossch_title_01",
    "IconPath": "/Game/Aki/UI/UIResources/Common/Atlas/SP_ComRomeText_01.SP_ComRomeText_01",
    "PlayDescription": "Bossch_detail_01",
    "HelpId": 0,
    "MonsterList": [
      330000010
    ],
    "MonsterLevel": 45,
    "LockCon": 12005001,
    "LockDescription": "ConditionGroup_12005001_HintText",
    "FilterType": 1,
    "IsDebug": false
  },
  {
    "Id": 1002,
    "Difficulty": 2,
    "RewardId": 48302,
    "PlayId": 130000008,
    "GymTitle": "Bossch_title_02",
    "IconPath": "/Game/Aki/UI/UIResources/Common/Atlas/SP_ComRomeText_02.SP_ComRomeText_02",
    "PlayDescription": "Bossch_detail_02",
    "HelpId": 0,
    "MonsterList": [
      330000010
    ],
    "MonsterLevel": 55,
    "LockCon": 12005002,
    "LockDescription": "ConditionGroup_12005002_HintText",
    "FilterType": 1,
    "IsDebug": false
  },
  {
    "Id": 1003,
    "Difficulty": 3,
    "RewardId": 48303,
    "PlayId": 130000008,
    "GymTitle": "Bossch_title_03",
    "IconPath": "/Game/Aki/UI/UIResources/Common/Atlas/SP_ComRomeText_03.SP_ComRomeText_03",
    "PlayDescription": "Bossch_detail_03",
    "HelpId": 0,
    "MonsterList": [
      330000010
    ],
    "MonsterLevel": 60,
    "LockCon": 12005003,
    "LockDescription": "ConditionGroup_12005003_HintText",
    "FilterType": 1,
    "IsDebug": false
  },
  {
    "Id": 1004,
    "Difficulty": 4,
    "RewardId": 48304,
    "PlayId": 130000008,
    "GymTitle": "Bossch_title_04",
    "IconPath": "/Game/Aki/UI/UIResources/Common/Atlas/SP_ComRomeText_04.SP_ComRomeText_04",
    "PlayDescription": "Bossch_detail_04",
    "HelpId": 0,
    "MonsterList": [
      330000010
    ],
    "MonsterLevel": 70,
    "LockCon": 12005004,
    "LockDescription": "ConditionGroup_12005004_HintText",
    "FilterType": 1,
    "IsDebug": false
  },
  {
    "Id": 1005,
    "Difficulty": 5,
    "RewardId": 48305,
    "PlayId": 130000008,
    "GymTitle": "Bossch_title_05",
    "IconPath": "/Game/Aki/UI/UIResources/Common/Atlas/SP_ComRomeText_05.SP_ComRomeText_05",
    "PlayDescription": "Bossch_detail_05",
    "HelpId": 0,
    "MonsterList": [
      330000010
    ],
    "MonsterLevel": 80,
    "LockCon": 12005005,
    "LockDescription": "ConditionGroup_12005005_HintText",
    "FilterType": 1,
    "IsDebug": false
  },
  {
    "Id": 1006,
    "Difficulty": 6,
    "RewardId": 48306,
    "PlayId": 130000008,
    "GymTitle": "Bossch_title_06",
    "IconPath": "/Game/Aki/UI/UIResources/Common/Atlas/SP_ComRomeText_06.SP_ComRomeText_06",
    "PlayDescription": "Bossch_detail_06",
    "HelpId": 0,
    "MonsterList": [
      330000010
    ],
    "MonsterLevel": 90,
    "LockCon": 12005006,
    "LockDescription": "ConditionGroup_12005006_HintText",
    "FilterType": 1,
    "IsDebug": false
  },
  {
    "Id": 1101,
    "Difficulty": 1,
    "RewardId": 48401,
    "PlayId": 130000007,
    "GymTitle": "Bossch_title_01",
    "IconPath": "/Game/Aki/UI/UIResources/Common/Atlas/SP_ComRomeText_01.SP_ComRomeText_01",
    "PlayDescription": "Bossch_detail_21",
    "HelpId": 0,
    "MonsterList": [
      330000030
    ],
    "MonsterLevel": 45,
    "LockCon": 12005001,
    "LockDescription": "ConditionGroup_12005001_HintText",
    "FilterType": 1,
    "IsDebug": false
  },
  {
    "Id": 1102,
    "Difficulty": 2,
    "RewardId": 48402,
    "PlayId": 130000007,
    "GymTitle": "Bossch_title_02",
    "IconPath": "/Game/Aki/UI/UIResources/Common/Atlas/SP_ComRomeText_02.SP_ComRomeText_02",
    "PlayDescription": "Bossch_detail_22",
    "HelpId": 0,
    "MonsterList": [
      330000030
    ],
    "MonsterLevel": 55,
    "LockCon": 12005002,
    "LockDescription": "ConditionGroup_12005002_HintText",
    "FilterType": 1,
    "IsDebug": false
  },
  {
    "Id": 1103,
    "Difficulty": 3,
    "RewardId": 48403,
    "PlayId": 130000007,
    "GymTitle": "Bossch_title_03",
    "IconPath": "/Game/Aki/UI/UIResources/Common/Atlas/SP_ComRomeText_03.SP_ComRomeText_03",
    "PlayDescription": "Bossch_detail_23",
    "HelpId": 0,
    "MonsterList": [
      330000030
    ],
    "MonsterLevel": 60,
    "LockCon": 12005003,
    "LockDescription": "ConditionGroup_12005003_HintText",
    "FilterType": 1,
    "IsDebug": false
  },
  {
    "Id": 1104,
    "Difficulty": 4,
    "RewardId": 48404,
    "PlayId": 130000007,
    "GymTitle": "Bossch_title_04",
    "IconPath": "/Game/Aki/UI/UIResources/Common/Atlas/SP_ComRomeText_04.SP_ComRomeText_04",
    "PlayDescription": "Bossch_detail_24",
    "HelpId": 0,
    "MonsterList": [
      330000030
    ],
    "MonsterLevel": 70,
    "LockCon": 12005004,
    "LockDescription": "ConditionGroup_12005004_HintText",
    "FilterType": 1,
    "IsDebug": false
  },
  {
    "Id": 1105,
    "Difficulty": 5,
    "RewardId": 48405,
    "PlayId": 130000007,
    "GymTitle": "Bossch_title_05",
    "IconPath": "/Game/Aki/UI/UIResources/Common/Atlas/SP_ComRomeText_05.SP_ComRomeText_05",
    "PlayDescription": "Bossch_detail_25",
    "HelpId": 0,
    "MonsterList": [
      330000030
    ],
    "MonsterLevel": 80,
    "LockCon": 12005005,
    "LockDescription": "ConditionGroup_12005005_HintText",
    "FilterType": 1,
    "IsDebug": false
  },
  {
    "Id": 1106,
    "Difficulty": 6,
    "RewardId": 48406,
    "PlayId": 130000007,
    "GymTitle": "Bossch_title_06",
    "IconPath": "/Game/Aki/UI/UIResources/Common/Atlas/SP_ComRomeText_06.SP_ComRomeText_06",
    "PlayDescription": "Bossch_detail_26",
    "HelpId": 0,
    "MonsterList": [
      330000030
    ],
    "MonsterLevel": 90,
    "LockCon": 12005006,
    "LockDescription": "ConditionGroup_12005006_HintText",
    "FilterType": 1,
    "IsDebug": false
  },
  {
    "Id": 1201,
    "Difficulty": 1,
    "RewardId": 48101,
    "PlayId": 130000006,
    "GymTitle": "Bossch_title_01",
    "IconPath": "/Game/Aki/UI/UIResources/Common/Atlas/SP_ComRomeText_01.SP_ComRomeText_01",
    "PlayDescription": "Bossch_detail_31",
    "HelpId": 0,
    "MonsterList": [
      330000060
    ],
    "MonsterLevel": 50,
    "LockCon": 12005001,
    "LockDescription": "ConditionGroup_12005001_HintText",
    "FilterType": 1,
    "IsDebug": false
  },
  {
    "Id": 1202,
    "Difficulty": 2,
    "RewardId": 48102,
    "PlayId": 130000006,
    "GymTitle": "Bossch_title_02",
    "IconPath": "/Game/Aki/UI/UIResources/Common/Atlas/SP_ComRomeText_02.SP_ComRomeText_02",
    "PlayDescription": "Bossch_detail_32",
    "HelpId": 0,
    "MonsterList": [
      330000060
    ],
    "MonsterLevel": 55,
    "LockCon": 12005002,
    "LockDescription": "ConditionGroup_12005002_HintText",
    "FilterType": 1,
    "IsDebug": false
  },
  {
    "Id": 1203,
    "Difficulty": 3,
    "RewardId": 48103,
    "PlayId": 130000006,
    "GymTitle": "Bossch_title_03",
    "IconPath": "/Game/Aki/UI/UIResources/Common/Atlas/SP_ComRomeText_03.SP_ComRomeText_03",
    "PlayDescription": "Bossch_detail_33",
    "HelpId": 0,
    "MonsterList": [
      330000060
    ],
    "MonsterLevel": 60,
    "LockCon": 12005003,
    "LockDescription": "ConditionGroup_12005003_HintText",
    "FilterType": 1,
    "IsDebug": false
  },
  {
    "Id": 1204,
    "Difficulty": 4,
    "RewardId": 48104,
    "PlayId": 130000006,
    "GymTitle": "Bossch_title_04",
    "IconPath": "/Game/Aki/UI/UIResources/Common/Atlas/SP_ComRomeText_04.SP_ComRomeText_04",
    "PlayDescription": "Bossch_detail_34",
    "HelpId": 0,
    "MonsterList": [
      330000060
    ],
    "MonsterLevel": 70,
    "LockCon": 12005004,
    "LockDescription": "ConditionGroup_12005004_HintText",
    "FilterType": 1,
    "IsDebug": false
  },
  {
    "Id": 1205,
    "Difficulty": 5,
    "RewardId": 48105,
    "PlayId": 130000006,
    "GymTitle": "Bossch_title_05",
    "IconPath": "/Game/Aki/UI/UIResources/Common/Atlas/SP_ComRomeText_05.SP_ComRomeText_05",
    "PlayDescription": "Bossch_detail_35",
    "HelpId": 0,
    "MonsterList": [
      330000060
    ],
    "MonsterLevel": 80,
    "LockCon": 12005005,
    "LockDescription": "ConditionGroup_12005005_HintText",
    "FilterType": 1,
    "IsDebug": false
  },
  {
    "Id": 1206,
    "Difficulty": 6,
    "RewardId": 48106,
    "PlayId": 130000006,
    "GymTitle": "Bossch_title_06",
    "IconPath": "/Game/Aki/UI/UIResources/Common/Atlas/SP_ComRomeText_06.SP_ComRomeText_06",
    "PlayDescription": "Bossch_detail_36",
    "HelpId": 0,
    "MonsterList": [
      330000060
    ],
    "MonsterLevel": 90,
    "LockCon": 12005006,
    "LockDescription": "ConditionGroup_12005006_HintText",
    "FilterType": 1,
    "IsDebug": false
  },
  {
    "Id": 1301,
    "Difficulty": 1,
    "RewardId": 48201,
    "PlayId": 130000009,
    "GymTitle": "Bossch_title_01",
    "IconPath": "/Game/Aki/UI/UIResources/Common/Atlas/SP_ComRomeText_01.SP_ComRomeText_01",
    "PlayDescription": "Bossch_detail_41",
    "HelpId": 0,
    "MonsterList": [
      330000050
    ],
    "MonsterLevel": 50,
    "LockCon": 12005001,
    "LockDescription": "ConditionGroup_12005001_HintText",
    "FilterType": 1,
    "IsDebug": false
  },
  {
    "Id": 1302,
    "Difficulty": 2,
    "RewardId": 48202,
    "PlayId": 130000009,
    "GymTitle": "Bossch_title_02",
    "IconPath": "/Game/Aki/UI/UIResources/Common/Atlas/SP_ComRomeText_02.SP_ComRomeText_02",
    "PlayDescription": "Bossch_detail_42",
    "HelpId": 0,
    "MonsterList": [
      330000050
    ],
    "MonsterLevel": 55,
    "LockCon": 12005002,
    "LockDescription": "ConditionGroup_12005002_HintText",
    "FilterType": 1,
    "IsDebug": false
  },
  {
    "Id": 1303,
    "Difficulty": 3,
    "RewardId": 48203,
    "PlayId": 130000009,
    "GymTitle": "Bossch_title_03",
    "IconPath": "/Game/Aki/UI/UIResources/Common/Atlas/SP_ComRomeText_03.SP_ComRomeText_03",
    "PlayDescription": "Bossch_detail_43",
    "HelpId": 0,
    "MonsterList": [
      330000050
    ],
    "MonsterLevel": 60,
    "LockCon": 12005003,
    "LockDescription": "ConditionGroup_12005003_HintText",
    "FilterType": 1,
    "IsDebug": false
  },
  {
    "Id": 1304,
    "Difficulty": 4,
    "RewardId": 48204,
    "PlayId": 130000009,
    "GymTitle": "Bossch_title_04",
    "IconPath": "/Game/Aki/UI/UIResources/Common/Atlas/SP_ComRomeText_04.SP_ComRomeText_04",
    "PlayDescription": "Bossch_detail_44",
    "HelpId": 0,
    "MonsterList": [
      330000050
    ],
    "MonsterLevel": 70,
    "LockCon": 12005004,
    "LockDescription": "ConditionGroup_12005004_HintText",
    "FilterType": 1,
    "IsDebug": false
  },
  {
    "Id": 1305,
    "Difficulty": 5,
    "RewardId": 48205,
    "PlayId": 130000009,
    "GymTitle": "Bossch_title_05",
    "IconPath": "/Game/Aki/UI/UIResources/Common/Atlas/SP_ComRomeText_05.SP_ComRomeText_05",
    "PlayDescription": "Bossch_detail_45",
    "HelpId": 0,
    "MonsterList": [
      330000050
    ],
    "MonsterLevel": 80,
    "LockCon": 12005005,
    "LockDescription": "ConditionGroup_12005005_HintText",
    "FilterType": 1,
    "IsDebug": false
  },
  {
    "Id": 1306,
    "Difficulty": 6,
    "RewardId": 48206,
    "PlayId": 130000009,
    "GymTitle": "Bossch_title_06",
    "IconPath": "/Game/Aki/UI/UIResources/Common/Atlas/SP_ComRomeText_06.SP_ComRomeText_06",
    "PlayDescription": "Bossch_detail_46",
    "HelpId": 0,
    "MonsterList": [
      330000050
    ],
    "MonsterLevel": 90,
    "LockCon": 12005006,
    "LockDescription": "ConditionGroup_12005006_HintText",
    "FilterType": 1,
    "IsDebug": false
  },
  {
    "Id": 1401,
    "Difficulty": 1,
    "RewardId": 48501,
    "PlayId": 200900001,
    "GymTitle": "Bossch_title_01",
    "IconPath": "/Game/Aki/UI/UIResources/Common/Atlas/SP_ComRomeText_01.SP_ComRomeText_01",
    "PlayDescription": "Bossch_detail_51",
    "HelpId": 0,
    "MonsterList": [
      340000010
    ],
    "MonsterLevel": 60,
    "LockCon": 12005001,
    "LockDescription": "ConditionGroup_12005001_HintText",
    "FilterType": 1,
    "IsDebug": false
  },
  {
    "Id": 1402,
    "Difficulty": 2,
    "RewardId": 48502,
    "PlayId": 200900001,
    "GymTitle": "Bossch_title_02",
    "IconPath": "/Game/Aki/UI/UIResources/Common/Atlas/SP_ComRomeText_02.SP_ComRomeText_02",
    "PlayDescription": "Bossch_detail_52",
    "HelpId": 0,
    "MonsterList": [
      340000010
    ],
    "MonsterLevel": 65,
    "LockCon": 12005002,
    "LockDescription": "ConditionGroup_12005002_HintText",
    "FilterType": 1,
    "IsDebug": false
  },
  {
    "Id": 1403,
    "Difficulty": 3,
    "RewardId": 48503,
    "PlayId": 200900001,
    "GymTitle": "Bossch_title_03",
    "IconPath": "/Game/Aki/UI/UIResources/Common/Atlas/SP_ComRomeText_03.SP_ComRomeText_03",
    "PlayDescription": "Bossch_detail_53",
    "HelpId": 0,
    "MonsterList": [
      340000010
    ],
    "MonsterLevel": 70,
    "LockCon": 12005003,
    "LockDescription": "ConditionGroup_12005003_HintText",
    "FilterType": 1,
    "IsDebug": false
  },
  {
    "Id": 1404,
    "Difficulty": 4,
    "RewardId": 48504,
    "PlayId": 200900001,
    "GymTitle": "Bossch_title_04",
    "IconPath": "/Game/Aki/UI/UIResources/Common/Atlas/SP_ComRomeText_04.SP_ComRomeText_04",
    "PlayDescription": "Bossch_detail_54",
    "HelpId": 0,
    "MonsterList": [
      340000010
    ],
    "MonsterLevel": 80,
    "LockCon": 12005004,
    "LockDescription": "ConditionGroup_12005004_HintText",
    "FilterType": 1,
    "IsDebug": false
  },
  {
    "Id": 1405,
    "Difficulty": 5,
    "RewardId": 48505,
    "PlayId": 200900001,
    "GymTitle": "Bossch_title_05",
    "IconPath": "/Game/Aki/UI/UIResources/Common/Atlas/SP_ComRomeText_05.SP_ComRomeText_05",
    "PlayDescription": "Bossch_detail_55",
    "HelpId": 0,
    "MonsterList": [
      340000010
    ],
    "MonsterLevel": 90,
    "LockCon": 12005005,
    "LockDescription": "ConditionGroup_12005005_HintText",
    "FilterType": 1,
    "IsDebug": false
  },
  {
    "Id": 1406,
    "Difficulty": 6,
    "RewardId": 48506,
    "PlayId": 200900001,
    "GymTitle": "Bossch_title_06",
    "IconPath": "/Game/Aki/UI/UIResources/Common/Atlas/SP_ComRomeText_06.SP_ComRomeText_06",
    "PlayDescription": "Bossch_detail_56",
    "HelpId": 0,
    "MonsterList": [
      340000010
    ],
    "MonsterLevel": 100,
    "LockCon": 12005006,
    "LockDescription": "ConditionGroup_12005006_HintText",
    "FilterType": 1,
    "IsDebug": false
  },
  {
    "Id": 1501,
    "Difficulty": 1,
    "RewardId": 48601,
    "PlayId": 221750000,
    "GymTitle": "Bossch_title_01",
    "IconPath": "/Game/Aki/UI/UIResources/Common/Atlas/SP_ComRomeText_01.SP_ComRomeText_01",
    "PlayDescription": "Bossch_detail_41",
    "HelpId": 0,
    "MonsterList": [
      330000020
    ],
    "MonsterLevel": 60,
    "LockCon": 12100507,
    "LockDescription": "ConditionGroup_12005001_HintText",
    "FilterType": 1,
    "IsDebug": false
  },
  {
    "Id": 1502,
    "Difficulty": 2,
    "RewardId": 48602,
    "PlayId": 221750000,
    "GymTitle": "Bossch_title_02",
    "IconPath": "/Game/Aki/UI/UIResources/Common/Atlas/SP_ComRomeText_02.SP_ComRomeText_02",
    "PlayDescription": "Bossch_detail_41",
    "HelpId": 0,
    "MonsterList": [
      330000020
    ],
    "MonsterLevel": 65,
    "LockCon": 12100508,
    "LockDescription": "ConditionGroup_12005002_HintText",
    "FilterType": 1,
    "IsDebug": false
  },
  {
    "Id": 1503,
    "Difficulty": 3,
    "RewardId": 48603,
    "PlayId": 221750000,
    "GymTitle": "Bossch_title_03",
    "IconPath": "/Game/Aki/UI/UIResources/Common/Atlas/SP_ComRomeText_03.SP_ComRomeText_03",
    "PlayDescription": "Bossch_detail_41",
    "HelpId": 0,
    "MonsterList": [
      330000020
    ],
    "MonsterLevel": 70,
    "LockCon": 12100509,
    "LockDescription": "ConditionGroup_12005003_HintText",
    "FilterType": 1,
    "IsDebug": false
  },
  {
    "Id": 1504,
    "Difficulty": 4,
    "RewardId": 48604,
    "PlayId": 221750000,
    "GymTitle": "Bossch_title_04",
    "IconPath": "/Game/Aki/UI/UIResources/Common/Atlas/SP_ComRomeText_04.SP_ComRomeText_04",
    "PlayDescription": "Bossch_detail_41",
    "HelpId": 0,
    "MonsterList": [
      330000020
    ],
    "MonsterLevel": 80,
    "LockCon": 12100510,
    "LockDescription": "ConditionGroup_12005004_HintText",
    "FilterType": 1,
    "IsDebug": false
  },
  {
    "Id": 1505,
    "Difficulty": 5,
    "RewardId": 48605,
    "PlayId": 221750000,
    "GymTitle": "Bossch_title_05",
    "IconPath": "/Game/Aki/UI/UIResources/Common/Atlas/SP_ComRomeText_05.SP_ComRomeText_05",
    "PlayDescription": "Bossch_detail_57",
    "HelpId": 0,
    "MonsterList": [
      330000020
    ],
    "MonsterLevel": 90,
    "LockCon": 12100511,
    "LockDescription": "ConditionGroup_12005005_HintText",
    "FilterType": 1,
    "IsDebug": false
  },
  {
    "Id": 1506,
    "Difficulty": 6,
    "RewardId": 48606,
    "PlayId": 221750000,
    "GymTitle": "Bossch_title_06",
    "IconPath": "/Game/Aki/UI/UIResources/Common/Atlas/SP_ComRomeText_06.SP_ComRomeText_06",
    "PlayDescription": "Bossch_detail_57",
    "HelpId": 0,
    "MonsterList": [
      330000020
    ],
    "MonsterLevel": 100,
    "LockCon": 12100512,
    "LockDescription": "ConditionGroup_12005006_HintText",
    "FilterType": 1,
    "IsDebug": false
  }
]