[
  {
    "Id": 1001101,
    "TimberId": 10011,
    "UniversalToneId": 1001,
    "AkEvent": "/Game/Aki/WwiseAudio/Events/play_vo_npc_childgirl_a_01.play_vo_npc_childgirl_a_01"
  },
  {
    "Id": 1001102,
    "TimberId": 10011,
    "UniversalToneId": 1002,
    "AkEvent": "/Game/Aki/WwiseAudio/Events/play_vo_npc_childgirl_a_02.play_vo_npc_childgirl_a_02"
  },
  {
    "Id": 1001103,
    "TimberId": 10011,
    "UniversalToneId": 1003,
    "AkEvent": "/Game/Aki/WwiseAudio/Events/play_vo_npc_childgirl_a_03.play_vo_npc_childgirl_a_03"
  },
  {
    "Id": 1001104,
    "TimberId": 10011,
    "UniversalToneId": 1004,
    "AkEvent": "/Game/Aki/WwiseAudio/Events/play_vo_npc_childgirl_a_04.play_vo_npc_childgirl_a_04"
  },
  {
    "Id": 1001105,
    "TimberId": 10011,
    "UniversalToneId": 1005,
    "AkEvent": "/Game/Aki/WwiseAudio/Events/play_vo_npc_childgirl_a_05.play_vo_npc_childgirl_a_05"
  },
  {
    "Id": 1001106,
    "TimberId": 10011,
    "UniversalToneId": 1006,
    "AkEvent": "/Game/Aki/WwiseAudio/Events/play_vo_npc_childgirl_a_06.play_vo_npc_childgirl_a_06"
  },
  {
    "Id": 1001107,
    "TimberId": 10011,
    "UniversalToneId": 1007,
    "AkEvent": "/Game/Aki/WwiseAudio/Events/play_vo_npc_childgirl_a_07.play_vo_npc_childgirl_a_07"
  },
  {
    "Id": 1001108,
    "TimberId": 10011,
    "UniversalToneId": 1008,
    "AkEvent": "/Game/Aki/WwiseAudio/Events/play_vo_npc_childgirl_a_08.play_vo_npc_childgirl_a_08"
  },
  {
    "Id": 1001109,
    "TimberId": 10011,
    "UniversalToneId": 1009,
    "AkEvent": "/Game/Aki/WwiseAudio/Events/play_vo_npc_childgirl_a_09.play_vo_npc_childgirl_a_09"
  },
  {
    "Id": 1001110,
    "TimberId": 10011,
    "UniversalToneId": 1010,
    "AkEvent": "/Game/Aki/WwiseAudio/Events/play_vo_npc_childgirl_a_10.play_vo_npc_childgirl_a_10"
  },
  {
    "Id": 1001111,
    "TimberId": 10011,
    "UniversalToneId": 1011,
    "AkEvent": "/Game/Aki/WwiseAudio/Events/play_vo_npc_childgirl_a_11.play_vo_npc_childgirl_a_11"
  },
  {
    "Id": 1001112,
    "TimberId": 10011,
    "UniversalToneId": 1012,
    "AkEvent": "/Game/Aki/WwiseAudio/Events/play_vo_npc_childgirl_a_12.play_vo_npc_childgirl_a_12"
  },
  {
    "Id": 1001113,
    "TimberId": 10011,
    "UniversalToneId": 1013,
    "AkEvent": "/Game/Aki/WwiseAudio/Events/play_vo_npc_childgirl_a_13.play_vo_npc_childgirl_a_13"
  },
  {
    "Id": 1001114,
    "TimberId": 10011,
    "UniversalToneId": 1014,
    "AkEvent": "/Game/Aki/WwiseAudio/Events/play_vo_npc_childgirl_a_14.play_vo_npc_childgirl_a_14"
  },
  {
    "Id": 1001115,
    "TimberId": 10011,
    "UniversalToneId": 1015,
    "AkEvent": "/Game/Aki/WwiseAudio/Events/play_vo_npc_childgirl_a_15.play_vo_npc_childgirl_a_15"
  },
  {
    "Id": 1001116,
    "TimberId": 10011,
    "UniversalToneId": 1016,
    "AkEvent": "/Game/Aki/WwiseAudio/Events/play_vo_npc_childgirl_a_16.play_vo_npc_childgirl_a_16"
  },
  {
    "Id": 1001117,
    "TimberId": 10011,
    "UniversalToneId": 1017,
    "AkEvent": "/Game/Aki/WwiseAudio/Events/play_vo_npc_childgirl_a_17.play_vo_npc_childgirl_a_17"
  },
  {
    "Id": 1001118,
    "TimberId": 10011,
    "UniversalToneId": 1018,
    "AkEvent": "/Game/Aki/WwiseAudio/Events/play_vo_npc_childgirl_a_18.play_vo_npc_childgirl_a_18"
  },
  {
    "Id": 1001119,
    "TimberId": 10011,
    "UniversalToneId": 1019,
    "AkEvent": "/Game/Aki/WwiseAudio/Events/play_vo_npc_childgirl_a_19.play_vo_npc_childgirl_a_19"
  },
  {
    "Id": 1001120,
    "TimberId": 10011,
    "UniversalToneId": 1020,
    "AkEvent": "/Game/Aki/WwiseAudio/Events/play_vo_npc_childgirl_a_20.play_vo_npc_childgirl_a_20"
  },
  {
    "Id": 1001121,
    "TimberId": 10011,
    "UniversalToneId": 1021,
    "AkEvent": "/Game/Aki/WwiseAudio/Events/play_vo_npc_childgirl_a_21.play_vo_npc_childgirl_a_21"
  },
  {
    "Id": 1001122,
    "TimberId": 10011,
    "UniversalToneId": 1022,
    "AkEvent": "/Game/Aki/WwiseAudio/Events/play_vo_npc_childgirl_a_22.play_vo_npc_childgirl_a_22"
  },
  {
    "Id": 1001123,
    "TimberId": 10011,
    "UniversalToneId": 1023,
    "AkEvent": "/Game/Aki/WwiseAudio/Events/play_vo_npc_childgirl_a_23.play_vo_npc_childgirl_a_23"
  },
  {
    "Id": 1002101,
    "TimberId": 10021,
    "UniversalToneId": 1001,
    "AkEvent": "/Game/Aki/WwiseAudio/Events/play_vo_npc_childboy_a_01.play_vo_npc_childboy_a_01"
  },
  {
    "Id": 1002102,
    "TimberId": 10021,
    "UniversalToneId": 1002,
    "AkEvent": "/Game/Aki/WwiseAudio/Events/play_vo_npc_childboy_a_02.play_vo_npc_childboy_a_02"
  },
  {
    "Id": 1002103,
    "TimberId": 10021,
    "UniversalToneId": 1003,
    "AkEvent": "/Game/Aki/WwiseAudio/Events/play_vo_npc_childboy_a_03.play_vo_npc_childboy_a_03"
  },
  {
    "Id": 1002104,
    "TimberId": 10021,
    "UniversalToneId": 1004,
    "AkEvent": "/Game/Aki/WwiseAudio/Events/play_vo_npc_childboy_a_04.play_vo_npc_childboy_a_04"
  },
  {
    "Id": 1002105,
    "TimberId": 10021,
    "UniversalToneId": 1005,
    "AkEvent": "/Game/Aki/WwiseAudio/Events/play_vo_npc_childboy_a_05.play_vo_npc_childboy_a_05"
  },
  {
    "Id": 1002106,
    "TimberId": 10021,
    "UniversalToneId": 1006,
    "AkEvent": "/Game/Aki/WwiseAudio/Events/play_vo_npc_childboy_a_06.play_vo_npc_childboy_a_06"
  },
  {
    "Id": 1002107,
    "TimberId": 10021,
    "UniversalToneId": 1007,
    "AkEvent": "/Game/Aki/WwiseAudio/Events/play_vo_npc_childboy_a_07.play_vo_npc_childboy_a_07"
  },
  {
    "Id": 1002108,
    "TimberId": 10021,
    "UniversalToneId": 1008,
    "AkEvent": "/Game/Aki/WwiseAudio/Events/play_vo_npc_childboy_a_08.play_vo_npc_childboy_a_08"
  },
  {
    "Id": 1002109,
    "TimberId": 10021,
    "UniversalToneId": 1009,
    "AkEvent": "/Game/Aki/WwiseAudio/Events/play_vo_npc_childboy_a_09.play_vo_npc_childboy_a_09"
  },
  {
    "Id": 1002110,
    "TimberId": 10021,
    "UniversalToneId": 1010,
    "AkEvent": "/Game/Aki/WwiseAudio/Events/play_vo_npc_childboy_a_10.play_vo_npc_childboy_a_10"
  },
  {
    "Id": 1002111,
    "TimberId": 10021,
    "UniversalToneId": 1011,
    "AkEvent": "/Game/Aki/WwiseAudio/Events/play_vo_npc_childboy_a_11.play_vo_npc_childboy_a_11"
  },
  {
    "Id": 1002112,
    "TimberId": 10021,
    "UniversalToneId": 1012,
    "AkEvent": "/Game/Aki/WwiseAudio/Events/play_vo_npc_childboy_a_12.play_vo_npc_childboy_a_12"
  },
  {
    "Id": 1002113,
    "TimberId": 10021,
    "UniversalToneId": 1013,
    "AkEvent": "/Game/Aki/WwiseAudio/Events/play_vo_npc_childboy_a_13.play_vo_npc_childboy_a_13"
  },
  {
    "Id": 1002114,
    "TimberId": 10021,
    "UniversalToneId": 1014,
    "AkEvent": "/Game/Aki/WwiseAudio/Events/play_vo_npc_childboy_a_14.play_vo_npc_childboy_a_14"
  },
  {
    "Id": 1002115,
    "TimberId": 10021,
    "UniversalToneId": 1015,
    "AkEvent": "/Game/Aki/WwiseAudio/Events/play_vo_npc_childboy_a_15.play_vo_npc_childboy_a_15"
  },
  {
    "Id": 1002116,
    "TimberId": 10021,
    "UniversalToneId": 1016,
    "AkEvent": "/Game/Aki/WwiseAudio/Events/play_vo_npc_childboy_a_16.play_vo_npc_childboy_a_16"
  },
  {
    "Id": 1002117,
    "TimberId": 10021,
    "UniversalToneId": 1017,
    "AkEvent": "/Game/Aki/WwiseAudio/Events/play_vo_npc_childboy_a_17.play_vo_npc_childboy_a_17"
  },
  {
    "Id": 1002118,
    "TimberId": 10021,
    "UniversalToneId": 1018,
    "AkEvent": "/Game/Aki/WwiseAudio/Events/play_vo_npc_childboy_a_18.play_vo_npc_childboy_a_18"
  },
  {
    "Id": 1002119,
    "TimberId": 10021,
    "UniversalToneId": 1019,
    "AkEvent": "/Game/Aki/WwiseAudio/Events/play_vo_npc_childboy_a_19.play_vo_npc_childboy_a_19"
  },
  {
    "Id": 1002120,
    "TimberId": 10021,
    "UniversalToneId": 1020,
    "AkEvent": "/Game/Aki/WwiseAudio/Events/play_vo_npc_childboy_a_20.play_vo_npc_childboy_a_20"
  },
  {
    "Id": 1002121,
    "TimberId": 10021,
    "UniversalToneId": 1021,
    "AkEvent": "/Game/Aki/WwiseAudio/Events/play_vo_npc_childboy_a_21.play_vo_npc_childboy_a_21"
  },
  {
    "Id": 1002122,
    "TimberId": 10021,
    "UniversalToneId": 1022,
    "AkEvent": "/Game/Aki/WwiseAudio/Events/play_vo_npc_childboy_a_22.play_vo_npc_childboy_a_22"
  },
  {
    "Id": 1002123,
    "TimberId": 10021,
    "UniversalToneId": 1023,
    "AkEvent": "/Game/Aki/WwiseAudio/Events/play_vo_npc_childboy_a_23.play_vo_npc_childboy_a_23"
  },
  {
    "Id": 1003101,
    "TimberId": 10031,
    "UniversalToneId": 1001,
    "AkEvent": "/Game/Aki/WwiseAudio/Events/play_vo_npc_teengirl_a_01.play_vo_npc_teengirl_a_01"
  },
  {
    "Id": 1003102,
    "TimberId": 10031,
    "UniversalToneId": 1002,
    "AkEvent": "/Game/Aki/WwiseAudio/Events/play_vo_npc_teengirl_a_02.play_vo_npc_teengirl_a_02"
  },
  {
    "Id": 1003103,
    "TimberId": 10031,
    "UniversalToneId": 1003,
    "AkEvent": "/Game/Aki/WwiseAudio/Events/play_vo_npc_teengirl_a_03.play_vo_npc_teengirl_a_03"
  },
  {
    "Id": 1003104,
    "TimberId": 10031,
    "UniversalToneId": 1004,
    "AkEvent": "/Game/Aki/WwiseAudio/Events/play_vo_npc_teengirl_a_04.play_vo_npc_teengirl_a_04"
  },
  {
    "Id": 1003105,
    "TimberId": 10031,
    "UniversalToneId": 1005,
    "AkEvent": "/Game/Aki/WwiseAudio/Events/play_vo_npc_teengirl_a_05.play_vo_npc_teengirl_a_05"
  },
  {
    "Id": 1003106,
    "TimberId": 10031,
    "UniversalToneId": 1006,
    "AkEvent": "/Game/Aki/WwiseAudio/Events/play_vo_npc_teengirl_a_06.play_vo_npc_teengirl_a_06"
  },
  {
    "Id": 1003107,
    "TimberId": 10031,
    "UniversalToneId": 1007,
    "AkEvent": "/Game/Aki/WwiseAudio/Events/play_vo_npc_teengirl_a_07.play_vo_npc_teengirl_a_07"
  },
  {
    "Id": 1003108,
    "TimberId": 10031,
    "UniversalToneId": 1008,
    "AkEvent": "/Game/Aki/WwiseAudio/Events/play_vo_npc_teengirl_a_08.play_vo_npc_teengirl_a_08"
  },
  {
    "Id": 1003109,
    "TimberId": 10031,
    "UniversalToneId": 1009,
    "AkEvent": "/Game/Aki/WwiseAudio/Events/play_vo_npc_teengirl_a_09.play_vo_npc_teengirl_a_09"
  },
  {
    "Id": 1003110,
    "TimberId": 10031,
    "UniversalToneId": 1010,
    "AkEvent": "/Game/Aki/WwiseAudio/Events/play_vo_npc_teengirl_a_10.play_vo_npc_teengirl_a_10"
  },
  {
    "Id": 1003111,
    "TimberId": 10031,
    "UniversalToneId": 1011,
    "AkEvent": "/Game/Aki/WwiseAudio/Events/play_vo_npc_teengirl_a_11.play_vo_npc_teengirl_a_11"
  },
  {
    "Id": 1003112,
    "TimberId": 10031,
    "UniversalToneId": 1012,
    "AkEvent": "/Game/Aki/WwiseAudio/Events/play_vo_npc_teengirl_a_12.play_vo_npc_teengirl_a_12"
  },
  {
    "Id": 1003113,
    "TimberId": 10031,
    "UniversalToneId": 1013,
    "AkEvent": "/Game/Aki/WwiseAudio/Events/play_vo_npc_teengirl_a_13.play_vo_npc_teengirl_a_13"
  },
  {
    "Id": 1003114,
    "TimberId": 10031,
    "UniversalToneId": 1014,
    "AkEvent": "/Game/Aki/WwiseAudio/Events/play_vo_npc_teengirl_a_14.play_vo_npc_teengirl_a_14"
  },
  {
    "Id": 1003115,
    "TimberId": 10031,
    "UniversalToneId": 1015,
    "AkEvent": "/Game/Aki/WwiseAudio/Events/play_vo_npc_teengirl_a_15.play_vo_npc_teengirl_a_15"
  },
  {
    "Id": 1003116,
    "TimberId": 10031,
    "UniversalToneId": 1016,
    "AkEvent": "/Game/Aki/WwiseAudio/Events/play_vo_npc_teengirl_a_16.play_vo_npc_teengirl_a_16"
  },
  {
    "Id": 1003117,
    "TimberId": 10031,
    "UniversalToneId": 1017,
    "AkEvent": "/Game/Aki/WwiseAudio/Events/play_vo_npc_teengirl_a_17.play_vo_npc_teengirl_a_17"
  },
  {
    "Id": 1003118,
    "TimberId": 10031,
    "UniversalToneId": 1018,
    "AkEvent": "/Game/Aki/WwiseAudio/Events/play_vo_npc_teengirl_a_18.play_vo_npc_teengirl_a_18"
  },
  {
    "Id": 1003119,
    "TimberId": 10031,
    "UniversalToneId": 1019,
    "AkEvent": "/Game/Aki/WwiseAudio/Events/play_vo_npc_teengirl_a_19.play_vo_npc_teengirl_a_19"
  },
  {
    "Id": 1003120,
    "TimberId": 10031,
    "UniversalToneId": 1020,
    "AkEvent": "/Game/Aki/WwiseAudio/Events/play_vo_npc_teengirl_a_20.play_vo_npc_teengirl_a_20"
  },
  {
    "Id": 1003121,
    "TimberId": 10031,
    "UniversalToneId": 1021,
    "AkEvent": "/Game/Aki/WwiseAudio/Events/play_vo_npc_teengirl_a_21.play_vo_npc_teengirl_a_21"
  },
  {
    "Id": 1003127,
    "TimberId": 10031,
    "UniversalToneId": 1027,
    "AkEvent": "/Game/Aki/WwiseAudio/Events/play_vo_npc_teengirl_a_27.play_vo_npc_teengirl_a_27"
  },
  {
    "Id": 1004101,
    "TimberId": 10041,
    "UniversalToneId": 1001,
    "AkEvent": "/Game/Aki/WwiseAudio/Events/play_vo_npc_teenboy_a_01.play_vo_npc_teenboy_a_01"
  },
  {
    "Id": 1004102,
    "TimberId": 10041,
    "UniversalToneId": 1002,
    "AkEvent": "/Game/Aki/WwiseAudio/Events/play_vo_npc_teenboy_a_02.play_vo_npc_teenboy_a_02"
  },
  {
    "Id": 1004103,
    "TimberId": 10041,
    "UniversalToneId": 1003,
    "AkEvent": "/Game/Aki/WwiseAudio/Events/play_vo_npc_teenboy_a_03.play_vo_npc_teenboy_a_03"
  },
  {
    "Id": 1004104,
    "TimberId": 10041,
    "UniversalToneId": 1004,
    "AkEvent": "/Game/Aki/WwiseAudio/Events/play_vo_npc_teenboy_a_04.play_vo_npc_teenboy_a_04"
  },
  {
    "Id": 1004105,
    "TimberId": 10041,
    "UniversalToneId": 1005,
    "AkEvent": "/Game/Aki/WwiseAudio/Events/play_vo_npc_teenboy_a_05.play_vo_npc_teenboy_a_05"
  },
  {
    "Id": 1004106,
    "TimberId": 10041,
    "UniversalToneId": 1006,
    "AkEvent": "/Game/Aki/WwiseAudio/Events/play_vo_npc_teenboy_a_06.play_vo_npc_teenboy_a_06"
  },
  {
    "Id": 1004107,
    "TimberId": 10041,
    "UniversalToneId": 1007,
    "AkEvent": "/Game/Aki/WwiseAudio/Events/play_vo_npc_teenboy_a_07.play_vo_npc_teenboy_a_07"
  },
  {
    "Id": 1004108,
    "TimberId": 10041,
    "UniversalToneId": 1008,
    "AkEvent": "/Game/Aki/WwiseAudio/Events/play_vo_npc_teenboy_a_08.play_vo_npc_teenboy_a_08"
  },
  {
    "Id": 1004109,
    "TimberId": 10041,
    "UniversalToneId": 1009,
    "AkEvent": "/Game/Aki/WwiseAudio/Events/play_vo_npc_teenboy_a_09.play_vo_npc_teenboy_a_09"
  },
  {
    "Id": 1004110,
    "TimberId": 10041,
    "UniversalToneId": 1010,
    "AkEvent": "/Game/Aki/WwiseAudio/Events/play_vo_npc_teenboy_a_10.play_vo_npc_teenboy_a_10"
  },
  {
    "Id": 1004111,
    "TimberId": 10041,
    "UniversalToneId": 1011,
    "AkEvent": "/Game/Aki/WwiseAudio/Events/play_vo_npc_teenboy_a_11.play_vo_npc_teenboy_a_11"
  },
  {
    "Id": 1004112,
    "TimberId": 10041,
    "UniversalToneId": 1012,
    "AkEvent": "/Game/Aki/WwiseAudio/Events/play_vo_npc_teenboy_a_12.play_vo_npc_teenboy_a_12"
  },
  {
    "Id": 1004113,
    "TimberId": 10041,
    "UniversalToneId": 1013,
    "AkEvent": "/Game/Aki/WwiseAudio/Events/play_vo_npc_teenboy_a_13.play_vo_npc_teenboy_a_13"
  },
  {
    "Id": 1004114,
    "TimberId": 10041,
    "UniversalToneId": 1014,
    "AkEvent": "/Game/Aki/WwiseAudio/Events/play_vo_npc_teenboy_a_14.play_vo_npc_teenboy_a_14"
  },
  {
    "Id": 1004115,
    "TimberId": 10041,
    "UniversalToneId": 1015,
    "AkEvent": "/Game/Aki/WwiseAudio/Events/play_vo_npc_teenboy_a_15.play_vo_npc_teenboy_a_15"
  },
  {
    "Id": 1004116,
    "TimberId": 10041,
    "UniversalToneId": 1016,
    "AkEvent": "/Game/Aki/WwiseAudio/Events/play_vo_npc_teenboy_a_16.play_vo_npc_teenboy_a_16"
  },
  {
    "Id": 1004117,
    "TimberId": 10041,
    "UniversalToneId": 1017,
    "AkEvent": "/Game/Aki/WwiseAudio/Events/play_vo_npc_teenboy_a_17.play_vo_npc_teenboy_a_17"
  },
  {
    "Id": 1004118,
    "TimberId": 10041,
    "UniversalToneId": 1018,
    "AkEvent": "/Game/Aki/WwiseAudio/Events/play_vo_npc_teenboy_a_18.play_vo_npc_teenboy_a_18"
  },
  {
    "Id": 1004119,
    "TimberId": 10041,
    "UniversalToneId": 1019,
    "AkEvent": "/Game/Aki/WwiseAudio/Events/play_vo_npc_teenboy_a_19.play_vo_npc_teenboy_a_19"
  },
  {
    "Id": 1004120,
    "TimberId": 10041,
    "UniversalToneId": 1020,
    "AkEvent": "/Game/Aki/WwiseAudio/Events/play_vo_npc_teenboy_a_20.play_vo_npc_teenboy_a_20"
  },
  {
    "Id": 1004121,
    "TimberId": 10041,
    "UniversalToneId": 1021,
    "AkEvent": "/Game/Aki/WwiseAudio/Events/play_vo_npc_teenboy_a_21.play_vo_npc_teenboy_a_21"
  },
  {
    "Id": 1005101,
    "TimberId": 10051,
    "UniversalToneId": 1001,
    "AkEvent": "/Game/Aki/WwiseAudio/Events/play_vo_npc_female_a_01.play_vo_npc_female_a_01"
  },
  {
    "Id": 1005102,
    "TimberId": 10051,
    "UniversalToneId": 1002,
    "AkEvent": "/Game/Aki/WwiseAudio/Events/play_vo_npc_female_a_02.play_vo_npc_female_a_02"
  },
  {
    "Id": 1005103,
    "TimberId": 10051,
    "UniversalToneId": 1003,
    "AkEvent": "/Game/Aki/WwiseAudio/Events/play_vo_npc_female_a_03.play_vo_npc_female_a_03"
  },
  {
    "Id": 1005104,
    "TimberId": 10051,
    "UniversalToneId": 1004,
    "AkEvent": "/Game/Aki/WwiseAudio/Events/play_vo_npc_female_a_04.play_vo_npc_female_a_04"
  },
  {
    "Id": 1005105,
    "TimberId": 10051,
    "UniversalToneId": 1005,
    "AkEvent": "/Game/Aki/WwiseAudio/Events/play_vo_npc_female_a_05.play_vo_npc_female_a_05"
  },
  {
    "Id": 1005106,
    "TimberId": 10051,
    "UniversalToneId": 1006,
    "AkEvent": "/Game/Aki/WwiseAudio/Events/play_vo_npc_female_a_06.play_vo_npc_female_a_06"
  },
  {
    "Id": 1005107,
    "TimberId": 10051,
    "UniversalToneId": 1007,
    "AkEvent": "/Game/Aki/WwiseAudio/Events/play_vo_npc_female_a_07.play_vo_npc_female_a_07"
  },
  {
    "Id": 1005108,
    "TimberId": 10051,
    "UniversalToneId": 1008,
    "AkEvent": "/Game/Aki/WwiseAudio/Events/play_vo_npc_female_a_08.play_vo_npc_female_a_08"
  },
  {
    "Id": 1005109,
    "TimberId": 10051,
    "UniversalToneId": 1009,
    "AkEvent": "/Game/Aki/WwiseAudio/Events/play_vo_npc_female_a_09.play_vo_npc_female_a_09"
  },
  {
    "Id": 1005110,
    "TimberId": 10051,
    "UniversalToneId": 1010,
    "AkEvent": "/Game/Aki/WwiseAudio/Events/play_vo_npc_female_a_10.play_vo_npc_female_a_10"
  },
  {
    "Id": 1005111,
    "TimberId": 10051,
    "UniversalToneId": 1011,
    "AkEvent": "/Game/Aki/WwiseAudio/Events/play_vo_npc_female_a_11.play_vo_npc_female_a_11"
  },
  {
    "Id": 1005112,
    "TimberId": 10051,
    "UniversalToneId": 1012,
    "AkEvent": "/Game/Aki/WwiseAudio/Events/play_vo_npc_female_a_12.play_vo_npc_female_a_12"
  },
  {
    "Id": 1005113,
    "TimberId": 10051,
    "UniversalToneId": 1013,
    "AkEvent": "/Game/Aki/WwiseAudio/Events/play_vo_npc_female_a_13.play_vo_npc_female_a_13"
  },
  {
    "Id": 1005114,
    "TimberId": 10051,
    "UniversalToneId": 1014,
    "AkEvent": "/Game/Aki/WwiseAudio/Events/play_vo_npc_female_a_14.play_vo_npc_female_a_14"
  },
  {
    "Id": 1005115,
    "TimberId": 10051,
    "UniversalToneId": 1015,
    "AkEvent": "/Game/Aki/WwiseAudio/Events/play_vo_npc_female_a_15.play_vo_npc_female_a_15"
  },
  {
    "Id": 1005116,
    "TimberId": 10051,
    "UniversalToneId": 1016,
    "AkEvent": "/Game/Aki/WwiseAudio/Events/play_vo_npc_female_a_16.play_vo_npc_female_a_16"
  },
  {
    "Id": 1005117,
    "TimberId": 10051,
    "UniversalToneId": 1017,
    "AkEvent": "/Game/Aki/WwiseAudio/Events/play_vo_npc_female_a_17.play_vo_npc_female_a_17"
  },
  {
    "Id": 1005118,
    "TimberId": 10051,
    "UniversalToneId": 1018,
    "AkEvent": "/Game/Aki/WwiseAudio/Events/play_vo_npc_female_a_18.play_vo_npc_female_a_18"
  },
  {
    "Id": 1005119,
    "TimberId": 10051,
    "UniversalToneId": 1019,
    "AkEvent": "/Game/Aki/WwiseAudio/Events/play_vo_npc_female_a_19.play_vo_npc_female_a_19"
  },
  {
    "Id": 1005120,
    "TimberId": 10051,
    "UniversalToneId": 1020,
    "AkEvent": "/Game/Aki/WwiseAudio/Events/play_vo_npc_female_a_20.play_vo_npc_female_a_20"
  },
  {
    "Id": 1005121,
    "TimberId": 10051,
    "UniversalToneId": 1021,
    "AkEvent": "/Game/Aki/WwiseAudio/Events/play_vo_npc_female_a_21.play_vo_npc_female_a_21"
  },
  {
    "Id": 1005124,
    "TimberId": 10051,
    "UniversalToneId": 1024,
    "AkEvent": "/Game/Aki/WwiseAudio/Events/play_vo_npc_female_a_24.play_vo_npc_female_a_24"
  },
  {
    "Id": 1005125,
    "TimberId": 10051,
    "UniversalToneId": 1025,
    "AkEvent": "/Game/Aki/WwiseAudio/Events/play_vo_npc_female_a_25.play_vo_npc_female_a_25"
  },
  {
    "Id": 1005127,
    "TimberId": 10051,
    "UniversalToneId": 1027,
    "AkEvent": "/Game/Aki/WwiseAudio/Events/play_vo_npc_female_a_27.play_vo_npc_female_a_27"
  },
  {
    "Id": 1006101,
    "TimberId": 10061,
    "UniversalToneId": 1001,
    "AkEvent": "/Game/Aki/WwiseAudio/Events/play_vo_npc_male_a_01.play_vo_npc_male_a_01"
  },
  {
    "Id": 1006102,
    "TimberId": 10061,
    "UniversalToneId": 1002,
    "AkEvent": "/Game/Aki/WwiseAudio/Events/play_vo_npc_male_a_02.play_vo_npc_male_a_02"
  },
  {
    "Id": 1006103,
    "TimberId": 10061,
    "UniversalToneId": 1003,
    "AkEvent": "/Game/Aki/WwiseAudio/Events/play_vo_npc_male_a_03.play_vo_npc_male_a_03"
  },
  {
    "Id": 1006104,
    "TimberId": 10061,
    "UniversalToneId": 1004,
    "AkEvent": "/Game/Aki/WwiseAudio/Events/play_vo_npc_male_a_04.play_vo_npc_male_a_04"
  },
  {
    "Id": 1006105,
    "TimberId": 10061,
    "UniversalToneId": 1005,
    "AkEvent": "/Game/Aki/WwiseAudio/Events/play_vo_npc_male_a_05.play_vo_npc_male_a_05"
  },
  {
    "Id": 1006106,
    "TimberId": 10061,
    "UniversalToneId": 1006,
    "AkEvent": "/Game/Aki/WwiseAudio/Events/play_vo_npc_male_a_06.play_vo_npc_male_a_06"
  },
  {
    "Id": 1006107,
    "TimberId": 10061,
    "UniversalToneId": 1007,
    "AkEvent": "/Game/Aki/WwiseAudio/Events/play_vo_npc_male_a_07.play_vo_npc_male_a_07"
  },
  {
    "Id": 1006108,
    "TimberId": 10061,
    "UniversalToneId": 1008,
    "AkEvent": "/Game/Aki/WwiseAudio/Events/play_vo_npc_male_a_08.play_vo_npc_male_a_08"
  },
  {
    "Id": 1006109,
    "TimberId": 10061,
    "UniversalToneId": 1009,
    "AkEvent": "/Game/Aki/WwiseAudio/Events/play_vo_npc_male_a_09.play_vo_npc_male_a_09"
  },
  {
    "Id": 1006110,
    "TimberId": 10061,
    "UniversalToneId": 1010,
    "AkEvent": "/Game/Aki/WwiseAudio/Events/play_vo_npc_male_a_10.play_vo_npc_male_a_10"
  },
  {
    "Id": 1006111,
    "TimberId": 10061,
    "UniversalToneId": 1011,
    "AkEvent": "/Game/Aki/WwiseAudio/Events/play_vo_npc_male_a_11.play_vo_npc_male_a_11"
  },
  {
    "Id": 1006112,
    "TimberId": 10061,
    "UniversalToneId": 1012,
    "AkEvent": "/Game/Aki/WwiseAudio/Events/play_vo_npc_male_a_12.play_vo_npc_male_a_12"
  },
  {
    "Id": 1006113,
    "TimberId": 10061,
    "UniversalToneId": 1013,
    "AkEvent": "/Game/Aki/WwiseAudio/Events/play_vo_npc_male_a_13.play_vo_npc_male_a_13"
  },
  {
    "Id": 1006114,
    "TimberId": 10061,
    "UniversalToneId": 1014,
    "AkEvent": "/Game/Aki/WwiseAudio/Events/play_vo_npc_male_a_14.play_vo_npc_male_a_14"
  },
  {
    "Id": 1006115,
    "TimberId": 10061,
    "UniversalToneId": 1015,
    "AkEvent": "/Game/Aki/WwiseAudio/Events/play_vo_npc_male_a_15.play_vo_npc_male_a_15"
  },
  {
    "Id": 1006116,
    "TimberId": 10061,
    "UniversalToneId": 1016,
    "AkEvent": "/Game/Aki/WwiseAudio/Events/play_vo_npc_male_a_16.play_vo_npc_male_a_16"
  },
  {
    "Id": 1006117,
    "TimberId": 10061,
    "UniversalToneId": 1017,
    "AkEvent": "/Game/Aki/WwiseAudio/Events/play_vo_npc_male_a_17.play_vo_npc_male_a_17"
  },
  {
    "Id": 1006118,
    "TimberId": 10061,
    "UniversalToneId": 1018,
    "AkEvent": "/Game/Aki/WwiseAudio/Events/play_vo_npc_male_a_18.play_vo_npc_male_a_18"
  },
  {
    "Id": 1006119,
    "TimberId": 10061,
    "UniversalToneId": 1019,
    "AkEvent": "/Game/Aki/WwiseAudio/Events/play_vo_npc_male_a_19.play_vo_npc_male_a_19"
  },
  {
    "Id": 1006120,
    "TimberId": 10061,
    "UniversalToneId": 1020,
    "AkEvent": "/Game/Aki/WwiseAudio/Events/play_vo_npc_male_a_20.play_vo_npc_male_a_20"
  },
  {
    "Id": 1006121,
    "TimberId": 10061,
    "UniversalToneId": 1021,
    "AkEvent": "/Game/Aki/WwiseAudio/Events/play_vo_npc_male_a_21.play_vo_npc_male_a_21"
  },
  {
    "Id": 1006124,
    "TimberId": 10061,
    "UniversalToneId": 1024,
    "AkEvent": "/Game/Aki/WwiseAudio/Events/play_vo_npc_male_a_24.play_vo_npc_male_a_24"
  },
  {
    "Id": 1006125,
    "TimberId": 10061,
    "UniversalToneId": 1025,
    "AkEvent": "/Game/Aki/WwiseAudio/Events/play_vo_npc_male_a_25.play_vo_npc_male_a_25"
  },
  {
    "Id": 1007101,
    "TimberId": 10071,
    "UniversalToneId": 1001,
    "AkEvent": "/Game/Aki/WwiseAudio/Events/play_vo_npc_oldfemale_a_01.play_vo_npc_oldfemale_a_01"
  },
  {
    "Id": 1007102,
    "TimberId": 10071,
    "UniversalToneId": 1002,
    "AkEvent": "/Game/Aki/WwiseAudio/Events/play_vo_npc_oldfemale_a_02.play_vo_npc_oldfemale_a_02"
  },
  {
    "Id": 1007103,
    "TimberId": 10071,
    "UniversalToneId": 1003,
    "AkEvent": "/Game/Aki/WwiseAudio/Events/play_vo_npc_oldfemale_a_03.play_vo_npc_oldfemale_a_03"
  },
  {
    "Id": 1007104,
    "TimberId": 10071,
    "UniversalToneId": 1004,
    "AkEvent": "/Game/Aki/WwiseAudio/Events/play_vo_npc_oldfemale_a_04.play_vo_npc_oldfemale_a_04"
  },
  {
    "Id": 1007105,
    "TimberId": 10071,
    "UniversalToneId": 1005,
    "AkEvent": "/Game/Aki/WwiseAudio/Events/play_vo_npc_oldfemale_a_05.play_vo_npc_oldfemale_a_05"
  },
  {
    "Id": 1007106,
    "TimberId": 10071,
    "UniversalToneId": 1006,
    "AkEvent": "/Game/Aki/WwiseAudio/Events/play_vo_npc_oldfemale_a_06.play_vo_npc_oldfemale_a_06"
  },
  {
    "Id": 1007107,
    "TimberId": 10071,
    "UniversalToneId": 1007,
    "AkEvent": "/Game/Aki/WwiseAudio/Events/play_vo_npc_oldfemale_a_07.play_vo_npc_oldfemale_a_07"
  },
  {
    "Id": 1007108,
    "TimberId": 10071,
    "UniversalToneId": 1008,
    "AkEvent": "/Game/Aki/WwiseAudio/Events/play_vo_npc_oldfemale_a_08.play_vo_npc_oldfemale_a_08"
  },
  {
    "Id": 1007109,
    "TimberId": 10071,
    "UniversalToneId": 1009,
    "AkEvent": "/Game/Aki/WwiseAudio/Events/play_vo_npc_oldfemale_a_09.play_vo_npc_oldfemale_a_09"
  },
  {
    "Id": 1007110,
    "TimberId": 10071,
    "UniversalToneId": 1010,
    "AkEvent": "/Game/Aki/WwiseAudio/Events/play_vo_npc_oldfemale_a_10.play_vo_npc_oldfemale_a_10"
  },
  {
    "Id": 1007111,
    "TimberId": 10071,
    "UniversalToneId": 1011,
    "AkEvent": "/Game/Aki/WwiseAudio/Events/play_vo_npc_oldfemale_a_11.play_vo_npc_oldfemale_a_11"
  },
  {
    "Id": 1007112,
    "TimberId": 10071,
    "UniversalToneId": 1012,
    "AkEvent": "/Game/Aki/WwiseAudio/Events/play_vo_npc_oldfemale_a_12.play_vo_npc_oldfemale_a_12"
  },
  {
    "Id": 1007113,
    "TimberId": 10071,
    "UniversalToneId": 1013,
    "AkEvent": "/Game/Aki/WwiseAudio/Events/play_vo_npc_oldfemale_a_13.play_vo_npc_oldfemale_a_13"
  },
  {
    "Id": 1007114,
    "TimberId": 10071,
    "UniversalToneId": 1014,
    "AkEvent": "/Game/Aki/WwiseAudio/Events/play_vo_npc_oldfemale_a_14.play_vo_npc_oldfemale_a_14"
  },
  {
    "Id": 1007115,
    "TimberId": 10071,
    "UniversalToneId": 1015,
    "AkEvent": "/Game/Aki/WwiseAudio/Events/play_vo_npc_oldfemale_a_15.play_vo_npc_oldfemale_a_15"
  },
  {
    "Id": 1007116,
    "TimberId": 10071,
    "UniversalToneId": 1016,
    "AkEvent": "/Game/Aki/WwiseAudio/Events/play_vo_npc_oldfemale_a_16.play_vo_npc_oldfemale_a_16"
  },
  {
    "Id": 1007117,
    "TimberId": 10071,
    "UniversalToneId": 1017,
    "AkEvent": "/Game/Aki/WwiseAudio/Events/play_vo_npc_oldfemale_a_17.play_vo_npc_oldfemale_a_17"
  },
  {
    "Id": 1007118,
    "TimberId": 10071,
    "UniversalToneId": 1018,
    "AkEvent": "/Game/Aki/WwiseAudio/Events/play_vo_npc_oldfemale_a_18.play_vo_npc_oldfemale_a_18"
  },
  {
    "Id": 1007119,
    "TimberId": 10071,
    "UniversalToneId": 1019,
    "AkEvent": "/Game/Aki/WwiseAudio/Events/play_vo_npc_oldfemale_a_19.play_vo_npc_oldfemale_a_19"
  },
  {
    "Id": 1007120,
    "TimberId": 10071,
    "UniversalToneId": 1020,
    "AkEvent": "/Game/Aki/WwiseAudio/Events/play_vo_npc_oldfemale_a_20.play_vo_npc_oldfemale_a_20"
  },
  {
    "Id": 1007121,
    "TimberId": 10071,
    "UniversalToneId": 1021,
    "AkEvent": "/Game/Aki/WwiseAudio/Events/play_vo_npc_oldfemale_a_21.play_vo_npc_oldfemale_a_21"
  },
  {
    "Id": 1007126,
    "TimberId": 10071,
    "UniversalToneId": 1026,
    "AkEvent": "/Game/Aki/WwiseAudio/Events/play_vo_npc_oldfemale_a_26.play_vo_npc_oldfemale_a_26"
  },
  {
    "Id": 1008101,
    "TimberId": 10081,
    "UniversalToneId": 1001,
    "AkEvent": "/Game/Aki/WwiseAudio/Events/play_vo_npc_oldmale_a_01.play_vo_npc_oldmale_a_01"
  },
  {
    "Id": 1008102,
    "TimberId": 10081,
    "UniversalToneId": 1002,
    "AkEvent": "/Game/Aki/WwiseAudio/Events/play_vo_npc_oldmale_a_02.play_vo_npc_oldmale_a_02"
  },
  {
    "Id": 1008103,
    "TimberId": 10081,
    "UniversalToneId": 1003,
    "AkEvent": "/Game/Aki/WwiseAudio/Events/play_vo_npc_oldmale_a_03.play_vo_npc_oldmale_a_03"
  },
  {
    "Id": 1008104,
    "TimberId": 10081,
    "UniversalToneId": 1004,
    "AkEvent": "/Game/Aki/WwiseAudio/Events/play_vo_npc_oldmale_a_04.play_vo_npc_oldmale_a_04"
  },
  {
    "Id": 1008105,
    "TimberId": 10081,
    "UniversalToneId": 1005,
    "AkEvent": "/Game/Aki/WwiseAudio/Events/play_vo_npc_oldmale_a_05.play_vo_npc_oldmale_a_05"
  },
  {
    "Id": 1008106,
    "TimberId": 10081,
    "UniversalToneId": 1006,
    "AkEvent": "/Game/Aki/WwiseAudio/Events/play_vo_npc_oldmale_a_06.play_vo_npc_oldmale_a_06"
  },
  {
    "Id": 1008107,
    "TimberId": 10081,
    "UniversalToneId": 1007,
    "AkEvent": "/Game/Aki/WwiseAudio/Events/play_vo_npc_oldmale_a_07.play_vo_npc_oldmale_a_07"
  },
  {
    "Id": 1008108,
    "TimberId": 10081,
    "UniversalToneId": 1008,
    "AkEvent": "/Game/Aki/WwiseAudio/Events/play_vo_npc_oldmale_a_08.play_vo_npc_oldmale_a_08"
  },
  {
    "Id": 1008109,
    "TimberId": 10081,
    "UniversalToneId": 1009,
    "AkEvent": "/Game/Aki/WwiseAudio/Events/play_vo_npc_oldmale_a_09.play_vo_npc_oldmale_a_09"
  },
  {
    "Id": 1008110,
    "TimberId": 10081,
    "UniversalToneId": 1010,
    "AkEvent": "/Game/Aki/WwiseAudio/Events/play_vo_npc_oldmale_a_10.play_vo_npc_oldmale_a_10"
  },
  {
    "Id": 1008111,
    "TimberId": 10081,
    "UniversalToneId": 1011,
    "AkEvent": "/Game/Aki/WwiseAudio/Events/play_vo_npc_oldmale_a_11.play_vo_npc_oldmale_a_11"
  },
  {
    "Id": 1008112,
    "TimberId": 10081,
    "UniversalToneId": 1012,
    "AkEvent": "/Game/Aki/WwiseAudio/Events/play_vo_npc_oldmale_a_12.play_vo_npc_oldmale_a_12"
  },
  {
    "Id": 1008113,
    "TimberId": 10081,
    "UniversalToneId": 1013,
    "AkEvent": "/Game/Aki/WwiseAudio/Events/play_vo_npc_oldmale_a_13.play_vo_npc_oldmale_a_13"
  },
  {
    "Id": 1008114,
    "TimberId": 10081,
    "UniversalToneId": 1014,
    "AkEvent": "/Game/Aki/WwiseAudio/Events/play_vo_npc_oldmale_a_14.play_vo_npc_oldmale_a_14"
  },
  {
    "Id": 1008115,
    "TimberId": 10081,
    "UniversalToneId": 1015,
    "AkEvent": "/Game/Aki/WwiseAudio/Events/play_vo_npc_oldmale_a_15.play_vo_npc_oldmale_a_15"
  },
  {
    "Id": 1008116,
    "TimberId": 10081,
    "UniversalToneId": 1016,
    "AkEvent": "/Game/Aki/WwiseAudio/Events/play_vo_npc_oldmale_a_16.play_vo_npc_oldmale_a_16"
  },
  {
    "Id": 1008117,
    "TimberId": 10081,
    "UniversalToneId": 1017,
    "AkEvent": "/Game/Aki/WwiseAudio/Events/play_vo_npc_oldmale_a_17.play_vo_npc_oldmale_a_17"
  },
  {
    "Id": 1008118,
    "TimberId": 10081,
    "UniversalToneId": 1018,
    "AkEvent": "/Game/Aki/WwiseAudio/Events/play_vo_npc_oldmale_a_18.play_vo_npc_oldmale_a_18"
  },
  {
    "Id": 1008119,
    "TimberId": 10081,
    "UniversalToneId": 1019,
    "AkEvent": "/Game/Aki/WwiseAudio/Events/play_vo_npc_oldmale_a_19.play_vo_npc_oldmale_a_19"
  },
  {
    "Id": 1008120,
    "TimberId": 10081,
    "UniversalToneId": 1020,
    "AkEvent": "/Game/Aki/WwiseAudio/Events/play_vo_npc_oldmale_a_20.play_vo_npc_oldmale_a_20"
  },
  {
    "Id": 1008121,
    "TimberId": 10081,
    "UniversalToneId": 1021,
    "AkEvent": "/Game/Aki/WwiseAudio/Events/play_vo_npc_oldmale_a_21.play_vo_npc_oldmale_a_21"
  },
  {
    "Id": 1008126,
    "TimberId": 10081,
    "UniversalToneId": 1026,
    "AkEvent": "/Game/Aki/WwiseAudio/Events/play_vo_npc_oldmale_a_26.play_vo_npc_oldmale_a_26"
  },
  {
    "Id": 1001201,
    "TimberId": 10012,
    "UniversalToneId": 1001,
    "AkEvent": "/Game/Aki/WwiseAudio/Events/play_vo_npc_childgirl_b_01.play_vo_npc_childgirl_b_01"
  },
  {
    "Id": 1001202,
    "TimberId": 10012,
    "UniversalToneId": 1002,
    "AkEvent": "/Game/Aki/WwiseAudio/Events/play_vo_npc_childgirl_b_02.play_vo_npc_childgirl_b_02"
  },
  {
    "Id": 1001203,
    "TimberId": 10012,
    "UniversalToneId": 1003,
    "AkEvent": "/Game/Aki/WwiseAudio/Events/play_vo_npc_childgirl_b_03.play_vo_npc_childgirl_b_03"
  },
  {
    "Id": 1001204,
    "TimberId": 10012,
    "UniversalToneId": 1004,
    "AkEvent": "/Game/Aki/WwiseAudio/Events/play_vo_npc_childgirl_b_04.play_vo_npc_childgirl_b_04"
  },
  {
    "Id": 1001205,
    "TimberId": 10012,
    "UniversalToneId": 1005,
    "AkEvent": "/Game/Aki/WwiseAudio/Events/play_vo_npc_childgirl_b_05.play_vo_npc_childgirl_b_05"
  },
  {
    "Id": 1001206,
    "TimberId": 10012,
    "UniversalToneId": 1006,
    "AkEvent": "/Game/Aki/WwiseAudio/Events/play_vo_npc_childgirl_b_06.play_vo_npc_childgirl_b_06"
  },
  {
    "Id": 1001207,
    "TimberId": 10012,
    "UniversalToneId": 1007,
    "AkEvent": "/Game/Aki/WwiseAudio/Events/play_vo_npc_childgirl_b_07.play_vo_npc_childgirl_b_07"
  },
  {
    "Id": 1001208,
    "TimberId": 10012,
    "UniversalToneId": 1008,
    "AkEvent": "/Game/Aki/WwiseAudio/Events/play_vo_npc_childgirl_b_08.play_vo_npc_childgirl_b_08"
  },
  {
    "Id": 1001209,
    "TimberId": 10012,
    "UniversalToneId": 1009,
    "AkEvent": "/Game/Aki/WwiseAudio/Events/play_vo_npc_childgirl_b_09.play_vo_npc_childgirl_b_09"
  },
  {
    "Id": 1001210,
    "TimberId": 10012,
    "UniversalToneId": 1010,
    "AkEvent": "/Game/Aki/WwiseAudio/Events/play_vo_npc_childgirl_b_10.play_vo_npc_childgirl_b_10"
  },
  {
    "Id": 1001211,
    "TimberId": 10012,
    "UniversalToneId": 1011,
    "AkEvent": "/Game/Aki/WwiseAudio/Events/play_vo_npc_childgirl_b_11.play_vo_npc_childgirl_b_11"
  },
  {
    "Id": 1001212,
    "TimberId": 10012,
    "UniversalToneId": 1012,
    "AkEvent": "/Game/Aki/WwiseAudio/Events/play_vo_npc_childgirl_b_12.play_vo_npc_childgirl_b_12"
  },
  {
    "Id": 1001213,
    "TimberId": 10012,
    "UniversalToneId": 1013,
    "AkEvent": "/Game/Aki/WwiseAudio/Events/play_vo_npc_childgirl_b_13.play_vo_npc_childgirl_b_13"
  },
  {
    "Id": 1001214,
    "TimberId": 10012,
    "UniversalToneId": 1014,
    "AkEvent": "/Game/Aki/WwiseAudio/Events/play_vo_npc_childgirl_b_14.play_vo_npc_childgirl_b_14"
  },
  {
    "Id": 1001215,
    "TimberId": 10012,
    "UniversalToneId": 1015,
    "AkEvent": "/Game/Aki/WwiseAudio/Events/play_vo_npc_childgirl_b_15.play_vo_npc_childgirl_b_15"
  },
  {
    "Id": 1001216,
    "TimberId": 10012,
    "UniversalToneId": 1016,
    "AkEvent": "/Game/Aki/WwiseAudio/Events/play_vo_npc_childgirl_b_16.play_vo_npc_childgirl_b_16"
  },
  {
    "Id": 1001217,
    "TimberId": 10012,
    "UniversalToneId": 1017,
    "AkEvent": "/Game/Aki/WwiseAudio/Events/play_vo_npc_childgirl_b_17.play_vo_npc_childgirl_b_17"
  },
  {
    "Id": 1001218,
    "TimberId": 10012,
    "UniversalToneId": 1018,
    "AkEvent": "/Game/Aki/WwiseAudio/Events/play_vo_npc_childgirl_b_18.play_vo_npc_childgirl_b_18"
  },
  {
    "Id": 1001219,
    "TimberId": 10012,
    "UniversalToneId": 1019,
    "AkEvent": "/Game/Aki/WwiseAudio/Events/play_vo_npc_childgirl_b_19.play_vo_npc_childgirl_b_19"
  },
  {
    "Id": 1001220,
    "TimberId": 10012,
    "UniversalToneId": 1020,
    "AkEvent": "/Game/Aki/WwiseAudio/Events/play_vo_npc_childgirl_b_20.play_vo_npc_childgirl_b_20"
  },
  {
    "Id": 1001221,
    "TimberId": 10012,
    "UniversalToneId": 1021,
    "AkEvent": "/Game/Aki/WwiseAudio/Events/play_vo_npc_childgirl_b_21.play_vo_npc_childgirl_b_21"
  },
  {
    "Id": 1001222,
    "TimberId": 10012,
    "UniversalToneId": 1022,
    "AkEvent": "/Game/Aki/WwiseAudio/Events/play_vo_npc_childgirl_b_22.play_vo_npc_childgirl_b_22"
  },
  {
    "Id": 1001223,
    "TimberId": 10012,
    "UniversalToneId": 1023,
    "AkEvent": "/Game/Aki/WwiseAudio/Events/play_vo_npc_childgirl_b_23.play_vo_npc_childgirl_b_23"
  },
  {
    "Id": 1002201,
    "TimberId": 10022,
    "UniversalToneId": 1001,
    "AkEvent": "/Game/Aki/WwiseAudio/Events/play_vo_npc_childboy_b_01.play_vo_npc_childboy_b_01"
  },
  {
    "Id": 1002202,
    "TimberId": 10022,
    "UniversalToneId": 1002,
    "AkEvent": "/Game/Aki/WwiseAudio/Events/play_vo_npc_childboy_b_02.play_vo_npc_childboy_b_02"
  },
  {
    "Id": 1002203,
    "TimberId": 10022,
    "UniversalToneId": 1003,
    "AkEvent": "/Game/Aki/WwiseAudio/Events/play_vo_npc_childboy_b_03.play_vo_npc_childboy_b_03"
  },
  {
    "Id": 1002204,
    "TimberId": 10022,
    "UniversalToneId": 1004,
    "AkEvent": "/Game/Aki/WwiseAudio/Events/play_vo_npc_childboy_b_04.play_vo_npc_childboy_b_04"
  },
  {
    "Id": 1002205,
    "TimberId": 10022,
    "UniversalToneId": 1005,
    "AkEvent": "/Game/Aki/WwiseAudio/Events/play_vo_npc_childboy_b_05.play_vo_npc_childboy_b_05"
  },
  {
    "Id": 1002206,
    "TimberId": 10022,
    "UniversalToneId": 1006,
    "AkEvent": "/Game/Aki/WwiseAudio/Events/play_vo_npc_childboy_b_06.play_vo_npc_childboy_b_06"
  },
  {
    "Id": 1002207,
    "TimberId": 10022,
    "UniversalToneId": 1007,
    "AkEvent": "/Game/Aki/WwiseAudio/Events/play_vo_npc_childboy_b_07.play_vo_npc_childboy_b_07"
  },
  {
    "Id": 1002208,
    "TimberId": 10022,
    "UniversalToneId": 1008,
    "AkEvent": "/Game/Aki/WwiseAudio/Events/play_vo_npc_childboy_b_08.play_vo_npc_childboy_b_08"
  },
  {
    "Id": 1002209,
    "TimberId": 10022,
    "UniversalToneId": 1009,
    "AkEvent": "/Game/Aki/WwiseAudio/Events/play_vo_npc_childboy_b_09.play_vo_npc_childboy_b_09"
  },
  {
    "Id": 1002210,
    "TimberId": 10022,
    "UniversalToneId": 1010,
    "AkEvent": "/Game/Aki/WwiseAudio/Events/play_vo_npc_childboy_b_10.play_vo_npc_childboy_b_10"
  },
  {
    "Id": 1002211,
    "TimberId": 10022,
    "UniversalToneId": 1011,
    "AkEvent": "/Game/Aki/WwiseAudio/Events/play_vo_npc_childboy_b_11.play_vo_npc_childboy_b_11"
  },
  {
    "Id": 1002212,
    "TimberId": 10022,
    "UniversalToneId": 1012,
    "AkEvent": "/Game/Aki/WwiseAudio/Events/play_vo_npc_childboy_b_12.play_vo_npc_childboy_b_12"
  },
  {
    "Id": 1002213,
    "TimberId": 10022,
    "UniversalToneId": 1013,
    "AkEvent": "/Game/Aki/WwiseAudio/Events/play_vo_npc_childboy_b_13.play_vo_npc_childboy_b_13"
  },
  {
    "Id": 1002214,
    "TimberId": 10022,
    "UniversalToneId": 1014,
    "AkEvent": "/Game/Aki/WwiseAudio/Events/play_vo_npc_childboy_b_14.play_vo_npc_childboy_b_14"
  },
  {
    "Id": 1002215,
    "TimberId": 10022,
    "UniversalToneId": 1015,
    "AkEvent": "/Game/Aki/WwiseAudio/Events/play_vo_npc_childboy_b_15.play_vo_npc_childboy_b_15"
  },
  {
    "Id": 1002216,
    "TimberId": 10022,
    "UniversalToneId": 1016,
    "AkEvent": "/Game/Aki/WwiseAudio/Events/play_vo_npc_childboy_b_16.play_vo_npc_childboy_b_16"
  },
  {
    "Id": 1002217,
    "TimberId": 10022,
    "UniversalToneId": 1017,
    "AkEvent": "/Game/Aki/WwiseAudio/Events/play_vo_npc_childboy_b_17.play_vo_npc_childboy_b_17"
  },
  {
    "Id": 1002218,
    "TimberId": 10022,
    "UniversalToneId": 1018,
    "AkEvent": "/Game/Aki/WwiseAudio/Events/play_vo_npc_childboy_b_18.play_vo_npc_childboy_b_18"
  },
  {
    "Id": 1002219,
    "TimberId": 10022,
    "UniversalToneId": 1019,
    "AkEvent": "/Game/Aki/WwiseAudio/Events/play_vo_npc_childboy_b_19.play_vo_npc_childboy_b_19"
  },
  {
    "Id": 1002220,
    "TimberId": 10022,
    "UniversalToneId": 1020,
    "AkEvent": "/Game/Aki/WwiseAudio/Events/play_vo_npc_childboy_b_20.play_vo_npc_childboy_b_20"
  },
  {
    "Id": 1002221,
    "TimberId": 10022,
    "UniversalToneId": 1021,
    "AkEvent": "/Game/Aki/WwiseAudio/Events/play_vo_npc_childboy_b_21.play_vo_npc_childboy_b_21"
  },
  {
    "Id": 1002222,
    "TimberId": 10022,
    "UniversalToneId": 1022,
    "AkEvent": "/Game/Aki/WwiseAudio/Events/play_vo_npc_childboy_b_22.play_vo_npc_childboy_b_22"
  },
  {
    "Id": 1002223,
    "TimberId": 10022,
    "UniversalToneId": 1023,
    "AkEvent": "/Game/Aki/WwiseAudio/Events/play_vo_npc_childboy_b_23.play_vo_npc_childboy_b_23"
  },
  {
    "Id": 1003201,
    "TimberId": 10032,
    "UniversalToneId": 1001,
    "AkEvent": "/Game/Aki/WwiseAudio/Events/play_vo_npc_teengirl_b_01.play_vo_npc_teengirl_b_01"
  },
  {
    "Id": 1003202,
    "TimberId": 10032,
    "UniversalToneId": 1002,
    "AkEvent": "/Game/Aki/WwiseAudio/Events/play_vo_npc_teengirl_b_02.play_vo_npc_teengirl_b_02"
  },
  {
    "Id": 1003203,
    "TimberId": 10032,
    "UniversalToneId": 1003,
    "AkEvent": "/Game/Aki/WwiseAudio/Events/play_vo_npc_teengirl_b_03.play_vo_npc_teengirl_b_03"
  },
  {
    "Id": 1003204,
    "TimberId": 10032,
    "UniversalToneId": 1004,
    "AkEvent": "/Game/Aki/WwiseAudio/Events/play_vo_npc_teengirl_b_04.play_vo_npc_teengirl_b_04"
  },
  {
    "Id": 1003205,
    "TimberId": 10032,
    "UniversalToneId": 1005,
    "AkEvent": "/Game/Aki/WwiseAudio/Events/play_vo_npc_teengirl_b_05.play_vo_npc_teengirl_b_05"
  },
  {
    "Id": 1003206,
    "TimberId": 10032,
    "UniversalToneId": 1006,
    "AkEvent": "/Game/Aki/WwiseAudio/Events/play_vo_npc_teengirl_b_06.play_vo_npc_teengirl_b_06"
  },
  {
    "Id": 1003207,
    "TimberId": 10032,
    "UniversalToneId": 1007,
    "AkEvent": "/Game/Aki/WwiseAudio/Events/play_vo_npc_teengirl_b_07.play_vo_npc_teengirl_b_07"
  },
  {
    "Id": 1003208,
    "TimberId": 10032,
    "UniversalToneId": 1008,
    "AkEvent": "/Game/Aki/WwiseAudio/Events/play_vo_npc_teengirl_b_08.play_vo_npc_teengirl_b_08"
  },
  {
    "Id": 1003209,
    "TimberId": 10032,
    "UniversalToneId": 1009,
    "AkEvent": "/Game/Aki/WwiseAudio/Events/play_vo_npc_teengirl_b_09.play_vo_npc_teengirl_b_09"
  },
  {
    "Id": 1003210,
    "TimberId": 10032,
    "UniversalToneId": 1010,
    "AkEvent": "/Game/Aki/WwiseAudio/Events/play_vo_npc_teengirl_b_10.play_vo_npc_teengirl_b_10"
  },
  {
    "Id": 1003211,
    "TimberId": 10032,
    "UniversalToneId": 1011,
    "AkEvent": "/Game/Aki/WwiseAudio/Events/play_vo_npc_teengirl_b_11.play_vo_npc_teengirl_b_11"
  },
  {
    "Id": 1003212,
    "TimberId": 10032,
    "UniversalToneId": 1012,
    "AkEvent": "/Game/Aki/WwiseAudio/Events/play_vo_npc_teengirl_b_12.play_vo_npc_teengirl_b_12"
  },
  {
    "Id": 1003213,
    "TimberId": 10032,
    "UniversalToneId": 1013,
    "AkEvent": "/Game/Aki/WwiseAudio/Events/play_vo_npc_teengirl_b_13.play_vo_npc_teengirl_b_13"
  },
  {
    "Id": 1003214,
    "TimberId": 10032,
    "UniversalToneId": 1014,
    "AkEvent": "/Game/Aki/WwiseAudio/Events/play_vo_npc_teengirl_b_14.play_vo_npc_teengirl_b_14"
  },
  {
    "Id": 1003215,
    "TimberId": 10032,
    "UniversalToneId": 1015,
    "AkEvent": "/Game/Aki/WwiseAudio/Events/play_vo_npc_teengirl_b_15.play_vo_npc_teengirl_b_15"
  },
  {
    "Id": 1003216,
    "TimberId": 10032,
    "UniversalToneId": 1016,
    "AkEvent": "/Game/Aki/WwiseAudio/Events/play_vo_npc_teengirl_b_16.play_vo_npc_teengirl_b_16"
  },
  {
    "Id": 1003217,
    "TimberId": 10032,
    "UniversalToneId": 1017,
    "AkEvent": "/Game/Aki/WwiseAudio/Events/play_vo_npc_teengirl_b_17.play_vo_npc_teengirl_b_17"
  },
  {
    "Id": 1003218,
    "TimberId": 10032,
    "UniversalToneId": 1018,
    "AkEvent": "/Game/Aki/WwiseAudio/Events/play_vo_npc_teengirl_b_18.play_vo_npc_teengirl_b_18"
  },
  {
    "Id": 1003219,
    "TimberId": 10032,
    "UniversalToneId": 1019,
    "AkEvent": "/Game/Aki/WwiseAudio/Events/play_vo_npc_teengirl_b_19.play_vo_npc_teengirl_b_19"
  },
  {
    "Id": 1003220,
    "TimberId": 10032,
    "UniversalToneId": 1020,
    "AkEvent": "/Game/Aki/WwiseAudio/Events/play_vo_npc_teengirl_b_20.play_vo_npc_teengirl_b_20"
  },
  {
    "Id": 1003221,
    "TimberId": 10032,
    "UniversalToneId": 1021,
    "AkEvent": "/Game/Aki/WwiseAudio/Events/play_vo_npc_teengirl_b_21.play_vo_npc_teengirl_b_21"
  },
  {
    "Id": 1003227,
    "TimberId": 10032,
    "UniversalToneId": 1027,
    "AkEvent": "/Game/Aki/WwiseAudio/Events/play_vo_npc_teengirl_b_27.play_vo_npc_teengirl_b_27"
  },
  {
    "Id": 1004201,
    "TimberId": 10042,
    "UniversalToneId": 1001,
    "AkEvent": "/Game/Aki/WwiseAudio/Events/play_vo_npc_teenboy_b_01.play_vo_npc_teenboy_b_01"
  },
  {
    "Id": 1004202,
    "TimberId": 10042,
    "UniversalToneId": 1002,
    "AkEvent": "/Game/Aki/WwiseAudio/Events/play_vo_npc_teenboy_b_02.play_vo_npc_teenboy_b_02"
  },
  {
    "Id": 1004203,
    "TimberId": 10042,
    "UniversalToneId": 1003,
    "AkEvent": "/Game/Aki/WwiseAudio/Events/play_vo_npc_teenboy_b_03.play_vo_npc_teenboy_b_03"
  },
  {
    "Id": 1004204,
    "TimberId": 10042,
    "UniversalToneId": 1004,
    "AkEvent": "/Game/Aki/WwiseAudio/Events/play_vo_npc_teenboy_b_04.play_vo_npc_teenboy_b_04"
  },
  {
    "Id": 1004205,
    "TimberId": 10042,
    "UniversalToneId": 1005,
    "AkEvent": "/Game/Aki/WwiseAudio/Events/play_vo_npc_teenboy_b_05.play_vo_npc_teenboy_b_05"
  },
  {
    "Id": 1004206,
    "TimberId": 10042,
    "UniversalToneId": 1006,
    "AkEvent": "/Game/Aki/WwiseAudio/Events/play_vo_npc_teenboy_b_06.play_vo_npc_teenboy_b_06"
  },
  {
    "Id": 1004207,
    "TimberId": 10042,
    "UniversalToneId": 1007,
    "AkEvent": "/Game/Aki/WwiseAudio/Events/play_vo_npc_teenboy_b_07.play_vo_npc_teenboy_b_07"
  },
  {
    "Id": 1004208,
    "TimberId": 10042,
    "UniversalToneId": 1008,
    "AkEvent": "/Game/Aki/WwiseAudio/Events/play_vo_npc_teenboy_b_08.play_vo_npc_teenboy_b_08"
  },
  {
    "Id": 1004209,
    "TimberId": 10042,
    "UniversalToneId": 1009,
    "AkEvent": "/Game/Aki/WwiseAudio/Events/play_vo_npc_teenboy_b_09.play_vo_npc_teenboy_b_09"
  },
  {
    "Id": 1004210,
    "TimberId": 10042,
    "UniversalToneId": 1010,
    "AkEvent": "/Game/Aki/WwiseAudio/Events/play_vo_npc_teenboy_b_10.play_vo_npc_teenboy_b_10"
  },
  {
    "Id": 1004211,
    "TimberId": 10042,
    "UniversalToneId": 1011,
    "AkEvent": "/Game/Aki/WwiseAudio/Events/play_vo_npc_teenboy_b_11.play_vo_npc_teenboy_b_11"
  },
  {
    "Id": 1004212,
    "TimberId": 10042,
    "UniversalToneId": 1012,
    "AkEvent": "/Game/Aki/WwiseAudio/Events/play_vo_npc_teenboy_b_12.play_vo_npc_teenboy_b_12"
  },
  {
    "Id": 1004213,
    "TimberId": 10042,
    "UniversalToneId": 1013,
    "AkEvent": "/Game/Aki/WwiseAudio/Events/play_vo_npc_teenboy_b_13.play_vo_npc_teenboy_b_13"
  },
  {
    "Id": 1004214,
    "TimberId": 10042,
    "UniversalToneId": 1014,
    "AkEvent": "/Game/Aki/WwiseAudio/Events/play_vo_npc_teenboy_b_14.play_vo_npc_teenboy_b_14"
  },
  {
    "Id": 1004215,
    "TimberId": 10042,
    "UniversalToneId": 1015,
    "AkEvent": "/Game/Aki/WwiseAudio/Events/play_vo_npc_teenboy_b_15.play_vo_npc_teenboy_b_15"
  },
  {
    "Id": 1004216,
    "TimberId": 10042,
    "UniversalToneId": 1016,
    "AkEvent": "/Game/Aki/WwiseAudio/Events/play_vo_npc_teenboy_b_16.play_vo_npc_teenboy_b_16"
  },
  {
    "Id": 1004217,
    "TimberId": 10042,
    "UniversalToneId": 1017,
    "AkEvent": "/Game/Aki/WwiseAudio/Events/play_vo_npc_teenboy_b_17.play_vo_npc_teenboy_b_17"
  },
  {
    "Id": 1004218,
    "TimberId": 10042,
    "UniversalToneId": 1018,
    "AkEvent": "/Game/Aki/WwiseAudio/Events/play_vo_npc_teenboy_b_18.play_vo_npc_teenboy_b_18"
  },
  {
    "Id": 1004219,
    "TimberId": 10042,
    "UniversalToneId": 1019,
    "AkEvent": "/Game/Aki/WwiseAudio/Events/play_vo_npc_teenboy_b_19.play_vo_npc_teenboy_b_19"
  },
  {
    "Id": 1004220,
    "TimberId": 10042,
    "UniversalToneId": 1020,
    "AkEvent": "/Game/Aki/WwiseAudio/Events/play_vo_npc_teenboy_b_20.play_vo_npc_teenboy_b_20"
  },
  {
    "Id": 1004221,
    "TimberId": 10042,
    "UniversalToneId": 1021,
    "AkEvent": "/Game/Aki/WwiseAudio/Events/play_vo_npc_teenboy_b_21.play_vo_npc_teenboy_b_21"
  },
  {
    "Id": 1005201,
    "TimberId": 10052,
    "UniversalToneId": 1001,
    "AkEvent": "/Game/Aki/WwiseAudio/Events/play_vo_npc_female_b_01.play_vo_npc_female_b_01"
  },
  {
    "Id": 1005202,
    "TimberId": 10052,
    "UniversalToneId": 1002,
    "AkEvent": "/Game/Aki/WwiseAudio/Events/play_vo_npc_female_b_02.play_vo_npc_female_b_02"
  },
  {
    "Id": 1005203,
    "TimberId": 10052,
    "UniversalToneId": 1003,
    "AkEvent": "/Game/Aki/WwiseAudio/Events/play_vo_npc_female_b_03.play_vo_npc_female_b_03"
  },
  {
    "Id": 1005204,
    "TimberId": 10052,
    "UniversalToneId": 1004,
    "AkEvent": "/Game/Aki/WwiseAudio/Events/play_vo_npc_female_b_04.play_vo_npc_female_b_04"
  },
  {
    "Id": 1005205,
    "TimberId": 10052,
    "UniversalToneId": 1005,
    "AkEvent": "/Game/Aki/WwiseAudio/Events/play_vo_npc_female_b_05.play_vo_npc_female_b_05"
  },
  {
    "Id": 1005206,
    "TimberId": 10052,
    "UniversalToneId": 1006,
    "AkEvent": "/Game/Aki/WwiseAudio/Events/play_vo_npc_female_b_06.play_vo_npc_female_b_06"
  },
  {
    "Id": 1005207,
    "TimberId": 10052,
    "UniversalToneId": 1007,
    "AkEvent": "/Game/Aki/WwiseAudio/Events/play_vo_npc_female_b_07.play_vo_npc_female_b_07"
  },
  {
    "Id": 1005208,
    "TimberId": 10052,
    "UniversalToneId": 1008,
    "AkEvent": "/Game/Aki/WwiseAudio/Events/play_vo_npc_female_b_08.play_vo_npc_female_b_08"
  },
  {
    "Id": 1005209,
    "TimberId": 10052,
    "UniversalToneId": 1009,
    "AkEvent": "/Game/Aki/WwiseAudio/Events/play_vo_npc_female_b_09.play_vo_npc_female_b_09"
  },
  {
    "Id": 1005210,
    "TimberId": 10052,
    "UniversalToneId": 1010,
    "AkEvent": "/Game/Aki/WwiseAudio/Events/play_vo_npc_female_b_10.play_vo_npc_female_b_10"
  },
  {
    "Id": 1005211,
    "TimberId": 10052,
    "UniversalToneId": 1011,
    "AkEvent": "/Game/Aki/WwiseAudio/Events/play_vo_npc_female_b_11.play_vo_npc_female_b_11"
  },
  {
    "Id": 1005212,
    "TimberId": 10052,
    "UniversalToneId": 1012,
    "AkEvent": "/Game/Aki/WwiseAudio/Events/play_vo_npc_female_b_12.play_vo_npc_female_b_12"
  },
  {
    "Id": 1005213,
    "TimberId": 10052,
    "UniversalToneId": 1013,
    "AkEvent": "/Game/Aki/WwiseAudio/Events/play_vo_npc_female_b_13.play_vo_npc_female_b_13"
  },
  {
    "Id": 1005214,
    "TimberId": 10052,
    "UniversalToneId": 1014,
    "AkEvent": "/Game/Aki/WwiseAudio/Events/play_vo_npc_female_b_14.play_vo_npc_female_b_14"
  },
  {
    "Id": 1005215,
    "TimberId": 10052,
    "UniversalToneId": 1015,
    "AkEvent": "/Game/Aki/WwiseAudio/Events/play_vo_npc_female_b_15.play_vo_npc_female_b_15"
  },
  {
    "Id": 1005216,
    "TimberId": 10052,
    "UniversalToneId": 1016,
    "AkEvent": "/Game/Aki/WwiseAudio/Events/play_vo_npc_female_b_16.play_vo_npc_female_b_16"
  },
  {
    "Id": 1005217,
    "TimberId": 10052,
    "UniversalToneId": 1017,
    "AkEvent": "/Game/Aki/WwiseAudio/Events/play_vo_npc_female_b_17.play_vo_npc_female_b_17"
  },
  {
    "Id": 1005218,
    "TimberId": 10052,
    "UniversalToneId": 1018,
    "AkEvent": "/Game/Aki/WwiseAudio/Events/play_vo_npc_female_b_18.play_vo_npc_female_b_18"
  },
  {
    "Id": 1005219,
    "TimberId": 10052,
    "UniversalToneId": 1019,
    "AkEvent": "/Game/Aki/WwiseAudio/Events/play_vo_npc_female_b_19.play_vo_npc_female_b_19"
  },
  {
    "Id": 1005220,
    "TimberId": 10052,
    "UniversalToneId": 1020,
    "AkEvent": "/Game/Aki/WwiseAudio/Events/play_vo_npc_female_b_20.play_vo_npc_female_b_20"
  },
  {
    "Id": 1005221,
    "TimberId": 10052,
    "UniversalToneId": 1021,
    "AkEvent": "/Game/Aki/WwiseAudio/Events/play_vo_npc_female_b_21.play_vo_npc_female_b_21"
  },
  {
    "Id": 1005224,
    "TimberId": 10052,
    "UniversalToneId": 1024,
    "AkEvent": "/Game/Aki/WwiseAudio/Events/play_vo_npc_female_b_24.play_vo_npc_female_b_24"
  },
  {
    "Id": 1005225,
    "TimberId": 10052,
    "UniversalToneId": 1025,
    "AkEvent": "/Game/Aki/WwiseAudio/Events/play_vo_npc_female_b_25.play_vo_npc_female_b_25"
  },
  {
    "Id": 1005227,
    "TimberId": 10052,
    "UniversalToneId": 1027,
    "AkEvent": "/Game/Aki/WwiseAudio/Events/play_vo_npc_female_b_27.play_vo_npc_female_b_27"
  },
  {
    "Id": 1006201,
    "TimberId": 10062,
    "UniversalToneId": 1001,
    "AkEvent": "/Game/Aki/WwiseAudio/Events/play_vo_npc_male_b_01.play_vo_npc_male_b_01"
  },
  {
    "Id": 1006202,
    "TimberId": 10062,
    "UniversalToneId": 1002,
    "AkEvent": "/Game/Aki/WwiseAudio/Events/play_vo_npc_male_b_02.play_vo_npc_male_b_02"
  },
  {
    "Id": 1006203,
    "TimberId": 10062,
    "UniversalToneId": 1003,
    "AkEvent": "/Game/Aki/WwiseAudio/Events/play_vo_npc_male_b_03.play_vo_npc_male_b_03"
  },
  {
    "Id": 1006204,
    "TimberId": 10062,
    "UniversalToneId": 1004,
    "AkEvent": "/Game/Aki/WwiseAudio/Events/play_vo_npc_male_b_04.play_vo_npc_male_b_04"
  },
  {
    "Id": 1006205,
    "TimberId": 10062,
    "UniversalToneId": 1005,
    "AkEvent": "/Game/Aki/WwiseAudio/Events/play_vo_npc_male_b_05.play_vo_npc_male_b_05"
  },
  {
    "Id": 1006206,
    "TimberId": 10062,
    "UniversalToneId": 1006,
    "AkEvent": "/Game/Aki/WwiseAudio/Events/play_vo_npc_male_b_06.play_vo_npc_male_b_06"
  },
  {
    "Id": 1006207,
    "TimberId": 10062,
    "UniversalToneId": 1007,
    "AkEvent": "/Game/Aki/WwiseAudio/Events/play_vo_npc_male_b_07.play_vo_npc_male_b_07"
  },
  {
    "Id": 1006208,
    "TimberId": 10062,
    "UniversalToneId": 1008,
    "AkEvent": "/Game/Aki/WwiseAudio/Events/play_vo_npc_male_b_08.play_vo_npc_male_b_08"
  },
  {
    "Id": 1006209,
    "TimberId": 10062,
    "UniversalToneId": 1009,
    "AkEvent": "/Game/Aki/WwiseAudio/Events/play_vo_npc_male_b_09.play_vo_npc_male_b_09"
  },
  {
    "Id": 1006210,
    "TimberId": 10062,
    "UniversalToneId": 1010,
    "AkEvent": "/Game/Aki/WwiseAudio/Events/play_vo_npc_male_b_10.play_vo_npc_male_b_10"
  },
  {
    "Id": 1006211,
    "TimberId": 10062,
    "UniversalToneId": 1011,
    "AkEvent": "/Game/Aki/WwiseAudio/Events/play_vo_npc_male_b_11.play_vo_npc_male_b_11"
  },
  {
    "Id": 1006212,
    "TimberId": 10062,
    "UniversalToneId": 1012,
    "AkEvent": "/Game/Aki/WwiseAudio/Events/play_vo_npc_male_b_12.play_vo_npc_male_b_12"
  },
  {
    "Id": 1006213,
    "TimberId": 10062,
    "UniversalToneId": 1013,
    "AkEvent": "/Game/Aki/WwiseAudio/Events/play_vo_npc_male_b_13.play_vo_npc_male_b_13"
  },
  {
    "Id": 1006214,
    "TimberId": 10062,
    "UniversalToneId": 1014,
    "AkEvent": "/Game/Aki/WwiseAudio/Events/play_vo_npc_male_b_14.play_vo_npc_male_b_14"
  },
  {
    "Id": 1006215,
    "TimberId": 10062,
    "UniversalToneId": 1015,
    "AkEvent": "/Game/Aki/WwiseAudio/Events/play_vo_npc_male_b_15.play_vo_npc_male_b_15"
  },
  {
    "Id": 1006216,
    "TimberId": 10062,
    "UniversalToneId": 1016,
    "AkEvent": "/Game/Aki/WwiseAudio/Events/play_vo_npc_male_b_16.play_vo_npc_male_b_16"
  },
  {
    "Id": 1006217,
    "TimberId": 10062,
    "UniversalToneId": 1017,
    "AkEvent": "/Game/Aki/WwiseAudio/Events/play_vo_npc_male_b_17.play_vo_npc_male_b_17"
  },
  {
    "Id": 1006218,
    "TimberId": 10062,
    "UniversalToneId": 1018,
    "AkEvent": "/Game/Aki/WwiseAudio/Events/play_vo_npc_male_b_18.play_vo_npc_male_b_18"
  },
  {
    "Id": 1006219,
    "TimberId": 10062,
    "UniversalToneId": 1019,
    "AkEvent": "/Game/Aki/WwiseAudio/Events/play_vo_npc_male_b_19.play_vo_npc_male_b_19"
  },
  {
    "Id": 1006220,
    "TimberId": 10062,
    "UniversalToneId": 1020,
    "AkEvent": "/Game/Aki/WwiseAudio/Events/play_vo_npc_male_b_20.play_vo_npc_male_b_20"
  },
  {
    "Id": 1006221,
    "TimberId": 10062,
    "UniversalToneId": 1021,
    "AkEvent": "/Game/Aki/WwiseAudio/Events/play_vo_npc_male_b_21.play_vo_npc_male_b_21"
  },
  {
    "Id": 1006224,
    "TimberId": 10062,
    "UniversalToneId": 1024,
    "AkEvent": "/Game/Aki/WwiseAudio/Events/play_vo_npc_male_b_24.play_vo_npc_male_b_24"
  },
  {
    "Id": 1006225,
    "TimberId": 10062,
    "UniversalToneId": 1025,
    "AkEvent": "/Game/Aki/WwiseAudio/Events/play_vo_npc_male_b_25.play_vo_npc_male_b_25"
  },
  {
    "Id": 1007201,
    "TimberId": 10072,
    "UniversalToneId": 1001,
    "AkEvent": "/Game/Aki/WwiseAudio/Events/play_vo_npc_oldfemale_b_01.play_vo_npc_oldfemale_b_01"
  },
  {
    "Id": 1007202,
    "TimberId": 10072,
    "UniversalToneId": 1002,
    "AkEvent": "/Game/Aki/WwiseAudio/Events/play_vo_npc_oldfemale_b_02.play_vo_npc_oldfemale_b_02"
  },
  {
    "Id": 1007203,
    "TimberId": 10072,
    "UniversalToneId": 1003,
    "AkEvent": "/Game/Aki/WwiseAudio/Events/play_vo_npc_oldfemale_b_03.play_vo_npc_oldfemale_b_03"
  },
  {
    "Id": 1007204,
    "TimberId": 10072,
    "UniversalToneId": 1004,
    "AkEvent": "/Game/Aki/WwiseAudio/Events/play_vo_npc_oldfemale_b_04.play_vo_npc_oldfemale_b_04"
  },
  {
    "Id": 1007205,
    "TimberId": 10072,
    "UniversalToneId": 1005,
    "AkEvent": "/Game/Aki/WwiseAudio/Events/play_vo_npc_oldfemale_b_05.play_vo_npc_oldfemale_b_05"
  },
  {
    "Id": 1007206,
    "TimberId": 10072,
    "UniversalToneId": 1006,
    "AkEvent": "/Game/Aki/WwiseAudio/Events/play_vo_npc_oldfemale_b_06.play_vo_npc_oldfemale_b_06"
  },
  {
    "Id": 1007207,
    "TimberId": 10072,
    "UniversalToneId": 1007,
    "AkEvent": "/Game/Aki/WwiseAudio/Events/play_vo_npc_oldfemale_b_07.play_vo_npc_oldfemale_b_07"
  },
  {
    "Id": 1007208,
    "TimberId": 10072,
    "UniversalToneId": 1008,
    "AkEvent": "/Game/Aki/WwiseAudio/Events/play_vo_npc_oldfemale_b_08.play_vo_npc_oldfemale_b_08"
  },
  {
    "Id": 1007209,
    "TimberId": 10072,
    "UniversalToneId": 1009,
    "AkEvent": "/Game/Aki/WwiseAudio/Events/play_vo_npc_oldfemale_b_09.play_vo_npc_oldfemale_b_09"
  },
  {
    "Id": 1007210,
    "TimberId": 10072,
    "UniversalToneId": 1010,
    "AkEvent": "/Game/Aki/WwiseAudio/Events/play_vo_npc_oldfemale_b_10.play_vo_npc_oldfemale_b_10"
  },
  {
    "Id": 1007211,
    "TimberId": 10072,
    "UniversalToneId": 1011,
    "AkEvent": "/Game/Aki/WwiseAudio/Events/play_vo_npc_oldfemale_b_11.play_vo_npc_oldfemale_b_11"
  },
  {
    "Id": 1007212,
    "TimberId": 10072,
    "UniversalToneId": 1012,
    "AkEvent": "/Game/Aki/WwiseAudio/Events/play_vo_npc_oldfemale_b_12.play_vo_npc_oldfemale_b_12"
  },
  {
    "Id": 1007213,
    "TimberId": 10072,
    "UniversalToneId": 1013,
    "AkEvent": "/Game/Aki/WwiseAudio/Events/play_vo_npc_oldfemale_b_13.play_vo_npc_oldfemale_b_13"
  },
  {
    "Id": 1007214,
    "TimberId": 10072,
    "UniversalToneId": 1014,
    "AkEvent": "/Game/Aki/WwiseAudio/Events/play_vo_npc_oldfemale_b_14.play_vo_npc_oldfemale_b_14"
  },
  {
    "Id": 1007215,
    "TimberId": 10072,
    "UniversalToneId": 1015,
    "AkEvent": "/Game/Aki/WwiseAudio/Events/play_vo_npc_oldfemale_b_15.play_vo_npc_oldfemale_b_15"
  },
  {
    "Id": 1007216,
    "TimberId": 10072,
    "UniversalToneId": 1016,
    "AkEvent": "/Game/Aki/WwiseAudio/Events/play_vo_npc_oldfemale_b_16.play_vo_npc_oldfemale_b_16"
  },
  {
    "Id": 1007217,
    "TimberId": 10072,
    "UniversalToneId": 1017,
    "AkEvent": "/Game/Aki/WwiseAudio/Events/play_vo_npc_oldfemale_b_17.play_vo_npc_oldfemale_b_17"
  },
  {
    "Id": 1007218,
    "TimberId": 10072,
    "UniversalToneId": 1018,
    "AkEvent": "/Game/Aki/WwiseAudio/Events/play_vo_npc_oldfemale_b_18.play_vo_npc_oldfemale_b_18"
  },
  {
    "Id": 1007219,
    "TimberId": 10072,
    "UniversalToneId": 1019,
    "AkEvent": "/Game/Aki/WwiseAudio/Events/play_vo_npc_oldfemale_b_19.play_vo_npc_oldfemale_b_19"
  },
  {
    "Id": 1007220,
    "TimberId": 10072,
    "UniversalToneId": 1020,
    "AkEvent": "/Game/Aki/WwiseAudio/Events/play_vo_npc_oldfemale_b_20.play_vo_npc_oldfemale_b_20"
  },
  {
    "Id": 1007221,
    "TimberId": 10072,
    "UniversalToneId": 1021,
    "AkEvent": "/Game/Aki/WwiseAudio/Events/play_vo_npc_oldfemale_b_21.play_vo_npc_oldfemale_b_21"
  },
  {
    "Id": 1007226,
    "TimberId": 10072,
    "UniversalToneId": 1026,
    "AkEvent": "/Game/Aki/WwiseAudio/Events/play_vo_npc_oldfemale_b_26.play_vo_npc_oldfemale_b_26"
  },
  {
    "Id": 1008201,
    "TimberId": 10082,
    "UniversalToneId": 1001,
    "AkEvent": "/Game/Aki/WwiseAudio/Events/play_vo_npc_oldmale_b_01.play_vo_npc_oldmale_b_01"
  },
  {
    "Id": 1008202,
    "TimberId": 10082,
    "UniversalToneId": 1002,
    "AkEvent": "/Game/Aki/WwiseAudio/Events/play_vo_npc_oldmale_b_02.play_vo_npc_oldmale_b_02"
  },
  {
    "Id": 1008203,
    "TimberId": 10082,
    "UniversalToneId": 1003,
    "AkEvent": "/Game/Aki/WwiseAudio/Events/play_vo_npc_oldmale_b_03.play_vo_npc_oldmale_b_03"
  },
  {
    "Id": 1008204,
    "TimberId": 10082,
    "UniversalToneId": 1004,
    "AkEvent": "/Game/Aki/WwiseAudio/Events/play_vo_npc_oldmale_b_04.play_vo_npc_oldmale_b_04"
  },
  {
    "Id": 1008205,
    "TimberId": 10082,
    "UniversalToneId": 1005,
    "AkEvent": "/Game/Aki/WwiseAudio/Events/play_vo_npc_oldmale_b_05.play_vo_npc_oldmale_b_05"
  },
  {
    "Id": 1008206,
    "TimberId": 10082,
    "UniversalToneId": 1006,
    "AkEvent": "/Game/Aki/WwiseAudio/Events/play_vo_npc_oldmale_b_06.play_vo_npc_oldmale_b_06"
  },
  {
    "Id": 1008207,
    "TimberId": 10082,
    "UniversalToneId": 1007,
    "AkEvent": "/Game/Aki/WwiseAudio/Events/play_vo_npc_oldmale_b_07.play_vo_npc_oldmale_b_07"
  },
  {
    "Id": 1008208,
    "TimberId": 10082,
    "UniversalToneId": 1008,
    "AkEvent": "/Game/Aki/WwiseAudio/Events/play_vo_npc_oldmale_b_08.play_vo_npc_oldmale_b_08"
  },
  {
    "Id": 1008209,
    "TimberId": 10082,
    "UniversalToneId": 1009,
    "AkEvent": "/Game/Aki/WwiseAudio/Events/play_vo_npc_oldmale_b_09.play_vo_npc_oldmale_b_09"
  },
  {
    "Id": 1008210,
    "TimberId": 10082,
    "UniversalToneId": 1010,
    "AkEvent": "/Game/Aki/WwiseAudio/Events/play_vo_npc_oldmale_b_10.play_vo_npc_oldmale_b_10"
  },
  {
    "Id": 1008211,
    "TimberId": 10082,
    "UniversalToneId": 1011,
    "AkEvent": "/Game/Aki/WwiseAudio/Events/play_vo_npc_oldmale_b_11.play_vo_npc_oldmale_b_11"
  },
  {
    "Id": 1008212,
    "TimberId": 10082,
    "UniversalToneId": 1012,
    "AkEvent": "/Game/Aki/WwiseAudio/Events/play_vo_npc_oldmale_b_12.play_vo_npc_oldmale_b_12"
  },
  {
    "Id": 1008213,
    "TimberId": 10082,
    "UniversalToneId": 1013,
    "AkEvent": "/Game/Aki/WwiseAudio/Events/play_vo_npc_oldmale_b_13.play_vo_npc_oldmale_b_13"
  },
  {
    "Id": 1008214,
    "TimberId": 10082,
    "UniversalToneId": 1014,
    "AkEvent": "/Game/Aki/WwiseAudio/Events/play_vo_npc_oldmale_b_14.play_vo_npc_oldmale_b_14"
  },
  {
    "Id": 1008215,
    "TimberId": 10082,
    "UniversalToneId": 1015,
    "AkEvent": "/Game/Aki/WwiseAudio/Events/play_vo_npc_oldmale_b_15.play_vo_npc_oldmale_b_15"
  },
  {
    "Id": 1008216,
    "TimberId": 10082,
    "UniversalToneId": 1016,
    "AkEvent": "/Game/Aki/WwiseAudio/Events/play_vo_npc_oldmale_b_16.play_vo_npc_oldmale_b_16"
  },
  {
    "Id": 1008217,
    "TimberId": 10082,
    "UniversalToneId": 1017,
    "AkEvent": "/Game/Aki/WwiseAudio/Events/play_vo_npc_oldmale_b_17.play_vo_npc_oldmale_b_17"
  },
  {
    "Id": 1008218,
    "TimberId": 10082,
    "UniversalToneId": 1018,
    "AkEvent": "/Game/Aki/WwiseAudio/Events/play_vo_npc_oldmale_b_18.play_vo_npc_oldmale_b_18"
  },
  {
    "Id": 1008219,
    "TimberId": 10082,
    "UniversalToneId": 1019,
    "AkEvent": "/Game/Aki/WwiseAudio/Events/play_vo_npc_oldmale_b_19.play_vo_npc_oldmale_b_19"
  },
  {
    "Id": 1008220,
    "TimberId": 10082,
    "UniversalToneId": 1020,
    "AkEvent": "/Game/Aki/WwiseAudio/Events/play_vo_npc_oldmale_b_20.play_vo_npc_oldmale_b_20"
  },
  {
    "Id": 1008221,
    "TimberId": 10082,
    "UniversalToneId": 1021,
    "AkEvent": "/Game/Aki/WwiseAudio/Events/play_vo_npc_oldmale_b_21.play_vo_npc_oldmale_b_21"
  },
  {
    "Id": 1008226,
    "TimberId": 10082,
    "UniversalToneId": 1026,
    "AkEvent": "/Game/Aki/WwiseAudio/Events/play_vo_npc_oldmale_b_26.play_vo_npc_oldmale_b_26"
  }
]