[
  {
    "ItemId": 69000000,
    "PhantomId": 60000062
  },
  {
    "ItemId": 69000001,
    "PhantomId": 60000185
  },
  {
    "ItemId": 69000002,
    "PhantomId": 60000062
  },
  {
    "ItemId": 69000003,
    "PhantomId": 60000062
  },
  {
    "ItemId": 69000004,
    "PhantomId": 60000062
  },
  {
    "ItemId": 69000005,
    "PhantomId": 60000072
  },
  {
    "ItemId": 69000006,
    "PhantomId": 60000232
  },
  {
    "ItemId": 69000007,
    "PhantomId": 60000102
  },
  {
    "ItemId": 69000008,
    "PhantomId": 60000032
  },
  {
    "ItemId": 69000009,
    "PhantomId": 60000062
  },
  {
    "ItemId": 69000010,
    "PhantomId": 60000062
  },
  {
    "ItemId": 69000011,
    "PhantomId": 60000092
  },
  {
    "ItemId": 69000012,
    "PhantomId": 60000102
  },
  {
    "ItemId": 69000013,
    "PhantomId": 60000032
  },
  {
    "ItemId": 69000014,
    "PhantomId": 60000092
  },
  {
    "ItemId": 69000015,
    "PhantomId": 60000232
  },
  {
    "ItemId": 69000016,
    "PhantomId": 60000072
  },
  {
    "ItemId": 69000017,
    "PhantomId": 60000032
  },
  {
    "ItemId": 69000018,
    "PhantomId": 60000053
  },
  {
    "ItemId": 69000019,
    "PhantomId": 60000103
  },
  {
    "ItemId": 69000020,
    "PhantomId": 60000243
  },
  {
    "ItemId": 69001342,
    "PhantomId": 60000342
  },
  {
    "ItemId": 69001343,
    "PhantomId": 60000343
  },
  {
    "ItemId": 69001344,
    "PhantomId": 60000344
  },
  {
    "ItemId": 69001345,
    "PhantomId": 60000345
  },
  {
    "ItemId": 69001242,
    "PhantomId": 60000242
  },
  {
    "ItemId": 69001243,
    "PhantomId": 60000243
  },
  {
    "ItemId": 69001244,
    "PhantomId": 60000244
  },
  {
    "ItemId": 69001245,
    "PhantomId": 60000245
  },
  {
    "ItemId": 69000021,
    "PhantomId": 60000495
  },
  {
    "ItemId": 69000022,
    "PhantomId": 60000295
  },
  {
    "ItemId": 69000023,
    "PhantomId": 60000125
  },
  {
    "ItemId": 69000024,
    "PhantomId": 60000405
  },
  {
    "ItemId": 69000025,
    "PhantomId": 60000245
  },
  {
    "ItemId": 69000026,
    "PhantomId": 60000355
  },
  {
    "ItemId": 69000027,
    "PhantomId": 60000315
  },
  {
    "ItemId": 69000028,
    "PhantomId": 60000355
  },
  {
    "ItemId": 69000029,
    "PhantomId": 60000195
  },
  {
    "ItemId": 69000030,
    "PhantomId": 60000465
  },
  {
    "ItemId": 69000031,
    "PhantomId": 60000135
  },
  {
    "ItemId": 69000032,
    "PhantomId": 60000205
  },
  {
    "ItemId": 69002012,
    "PhantomId": 60000012
  },
  {
    "ItemId": 69002013,
    "PhantomId": 60000013
  },
  {
    "ItemId": 69002014,
    "PhantomId": 60000014
  },
  {
    "ItemId": 69002015,
    "PhantomId": 60000015
  },
  {
    "ItemId": 69002022,
    "PhantomId": 60000022
  },
  {
    "ItemId": 69002023,
    "PhantomId": 60000023
  },
  {
    "ItemId": 69002024,
    "PhantomId": 60000024
  },
  {
    "ItemId": 69002025,
    "PhantomId": 60000025
  },
  {
    "ItemId": 69002032,
    "PhantomId": 60000032
  },
  {
    "ItemId": 69002033,
    "PhantomId": 60000033
  },
  {
    "ItemId": 69002034,
    "PhantomId": 60000034
  },
  {
    "ItemId": 69002035,
    "PhantomId": 60000035
  },
  {
    "ItemId": 69002042,
    "PhantomId": 60000042
  },
  {
    "ItemId": 69002043,
    "PhantomId": 60000043
  },
  {
    "ItemId": 69002044,
    "PhantomId": 60000044
  },
  {
    "ItemId": 69002045,
    "PhantomId": 60000045
  },
  {
    "ItemId": 69002052,
    "PhantomId": 60000052
  },
  {
    "ItemId": 69002053,
    "PhantomId": 60000053
  },
  {
    "ItemId": 69002054,
    "PhantomId": 60000054
  },
  {
    "ItemId": 69002055,
    "PhantomId": 60000055
  },
  {
    "ItemId": 69002062,
    "PhantomId": 60000062
  },
  {
    "ItemId": 69002063,
    "PhantomId": 60000063
  },
  {
    "ItemId": 69002064,
    "PhantomId": 60000064
  },
  {
    "ItemId": 69002065,
    "PhantomId": 60000065
  },
  {
    "ItemId": 69002072,
    "PhantomId": 60000072
  },
  {
    "ItemId": 69002073,
    "PhantomId": 60000073
  },
  {
    "ItemId": 69002074,
    "PhantomId": 60000074
  },
  {
    "ItemId": 69002075,
    "PhantomId": 60000075
  },
  {
    "ItemId": 69002082,
    "PhantomId": 60000082
  },
  {
    "ItemId": 69002083,
    "PhantomId": 60000083
  },
  {
    "ItemId": 69002084,
    "PhantomId": 60000084
  },
  {
    "ItemId": 69002085,
    "PhantomId": 60000085
  },
  {
    "ItemId": 69002092,
    "PhantomId": 60000092
  },
  {
    "ItemId": 69002093,
    "PhantomId": 60000093
  },
  {
    "ItemId": 69002094,
    "PhantomId": 60000094
  },
  {
    "ItemId": 69002095,
    "PhantomId": 60000095
  },
  {
    "ItemId": 69002102,
    "PhantomId": 60000102
  },
  {
    "ItemId": 69002103,
    "PhantomId": 60000103
  },
  {
    "ItemId": 69002104,
    "PhantomId": 60000104
  },
  {
    "ItemId": 69002105,
    "PhantomId": 60000105
  },
  {
    "ItemId": 69002112,
    "PhantomId": 60000112
  },
  {
    "ItemId": 69002113,
    "PhantomId": 60000113
  },
  {
    "ItemId": 69002114,
    "PhantomId": 60000114
  },
  {
    "ItemId": 69002115,
    "PhantomId": 60000115
  },
  {
    "ItemId": 69002142,
    "PhantomId": 60000142
  },
  {
    "ItemId": 69002143,
    "PhantomId": 60000143
  },
  {
    "ItemId": 69002144,
    "PhantomId": 60000144
  },
  {
    "ItemId": 69002145,
    "PhantomId": 60000145
  },
  {
    "ItemId": 69002152,
    "PhantomId": 60000152
  },
  {
    "ItemId": 69002153,
    "PhantomId": 60000153
  },
  {
    "ItemId": 69002154,
    "PhantomId": 60000154
  },
  {
    "ItemId": 69002155,
    "PhantomId": 60000155
  },
  {
    "ItemId": 69002162,
    "PhantomId": 60000162
  },
  {
    "ItemId": 69002163,
    "PhantomId": 60000163
  },
  {
    "ItemId": 69002164,
    "PhantomId": 60000164
  },
  {
    "ItemId": 69002165,
    "PhantomId": 60000165
  },
  {
    "ItemId": 69002172,
    "PhantomId": 60000172
  },
  {
    "ItemId": 69002173,
    "PhantomId": 60000173
  },
  {
    "ItemId": 69002174,
    "PhantomId": 60000174
  },
  {
    "ItemId": 69002175,
    "PhantomId": 60000175
  },
  {
    "ItemId": 69002232,
    "PhantomId": 60000232
  },
  {
    "ItemId": 69002233,
    "PhantomId": 60000233
  },
  {
    "ItemId": 69002234,
    "PhantomId": 60000234
  },
  {
    "ItemId": 69002235,
    "PhantomId": 60000235
  },
  {
    "ItemId": 69002252,
    "PhantomId": 60000252
  },
  {
    "ItemId": 69002253,
    "PhantomId": 60000253
  },
  {
    "ItemId": 69002254,
    "PhantomId": 60000254
  },
  {
    "ItemId": 69002255,
    "PhantomId": 60000255
  },
  {
    "ItemId": 69002262,
    "PhantomId": 60000262
  },
  {
    "ItemId": 69002263,
    "PhantomId": 60000263
  },
  {
    "ItemId": 69002264,
    "PhantomId": 60000264
  },
  {
    "ItemId": 69002265,
    "PhantomId": 60000265
  },
  {
    "ItemId": 69002272,
    "PhantomId": 60000272
  },
  {
    "ItemId": 69002273,
    "PhantomId": 60000273
  },
  {
    "ItemId": 69002274,
    "PhantomId": 60000274
  },
  {
    "ItemId": 69002275,
    "PhantomId": 60000275
  },
  {
    "ItemId": 69002282,
    "PhantomId": 60000282
  },
  {
    "ItemId": 69002283,
    "PhantomId": 60000283
  },
  {
    "ItemId": 69002284,
    "PhantomId": 60000284
  },
  {
    "ItemId": 69002285,
    "PhantomId": 60000285
  },
  {
    "ItemId": 69002302,
    "PhantomId": 60000302
  },
  {
    "ItemId": 69002303,
    "PhantomId": 60000303
  },
  {
    "ItemId": 69002304,
    "PhantomId": 60000304
  },
  {
    "ItemId": 69002305,
    "PhantomId": 60000305
  },
  {
    "ItemId": 69002342,
    "PhantomId": 60000342
  },
  {
    "ItemId": 69002343,
    "PhantomId": 60000343
  },
  {
    "ItemId": 69002344,
    "PhantomId": 60000344
  },
  {
    "ItemId": 69002345,
    "PhantomId": 60000345
  },
  {
    "ItemId": 69002362,
    "PhantomId": 60000362
  },
  {
    "ItemId": 69002363,
    "PhantomId": 60000363
  },
  {
    "ItemId": 69002364,
    "PhantomId": 60000364
  },
  {
    "ItemId": 69002365,
    "PhantomId": 60000365
  },
  {
    "ItemId": 69002382,
    "PhantomId": 60000382
  },
  {
    "ItemId": 69002383,
    "PhantomId": 60000383
  },
  {
    "ItemId": 69002384,
    "PhantomId": 60000384
  },
  {
    "ItemId": 69002385,
    "PhantomId": 60000385
  },
  {
    "ItemId": 69002412,
    "PhantomId": 60000412
  },
  {
    "ItemId": 69002413,
    "PhantomId": 60000413
  },
  {
    "ItemId": 69002414,
    "PhantomId": 60000414
  },
  {
    "ItemId": 69002415,
    "PhantomId": 60000415
  },
  {
    "ItemId": 69002472,
    "PhantomId": 60000472
  },
  {
    "ItemId": 69002473,
    "PhantomId": 60000473
  },
  {
    "ItemId": 69002474,
    "PhantomId": 60000474
  },
  {
    "ItemId": 69002475,
    "PhantomId": 60000475
  },
  {
    "ItemId": 69002502,
    "PhantomId": 60000502
  },
  {
    "ItemId": 69002503,
    "PhantomId": 60000503
  },
  {
    "ItemId": 69002504,
    "PhantomId": 60000504
  },
  {
    "ItemId": 69002505,
    "PhantomId": 60000505
  },
  {
    "ItemId": 69002122,
    "PhantomId": 60000122
  },
  {
    "ItemId": 69002123,
    "PhantomId": 60000123
  },
  {
    "ItemId": 69002124,
    "PhantomId": 60000124
  },
  {
    "ItemId": 69002125,
    "PhantomId": 60000125
  },
  {
    "ItemId": 69002132,
    "PhantomId": 60000132
  },
  {
    "ItemId": 69002133,
    "PhantomId": 60000133
  },
  {
    "ItemId": 69002134,
    "PhantomId": 60000134
  },
  {
    "ItemId": 69002135,
    "PhantomId": 60000135
  },
  {
    "ItemId": 69002182,
    "PhantomId": 60000182
  },
  {
    "ItemId": 69002183,
    "PhantomId": 60000183
  },
  {
    "ItemId": 69002184,
    "PhantomId": 60000184
  },
  {
    "ItemId": 69002185,
    "PhantomId": 60000185
  },
  {
    "ItemId": 69002192,
    "PhantomId": 60000192
  },
  {
    "ItemId": 69002193,
    "PhantomId": 60000193
  },
  {
    "ItemId": 69002194,
    "PhantomId": 60000194
  },
  {
    "ItemId": 69002195,
    "PhantomId": 60000195
  },
  {
    "ItemId": 69002202,
    "PhantomId": 60000202
  },
  {
    "ItemId": 69002203,
    "PhantomId": 60000203
  },
  {
    "ItemId": 69002204,
    "PhantomId": 60000204
  },
  {
    "ItemId": 69002205,
    "PhantomId": 60000205
  },
  {
    "ItemId": 69002212,
    "PhantomId": 60000212
  },
  {
    "ItemId": 69002213,
    "PhantomId": 60000213
  },
  {
    "ItemId": 69002214,
    "PhantomId": 60000214
  },
  {
    "ItemId": 69002215,
    "PhantomId": 60000215
  },
  {
    "ItemId": 69002242,
    "PhantomId": 60000242
  },
  {
    "ItemId": 69002243,
    "PhantomId": 60000243
  },
  {
    "ItemId": 69002244,
    "PhantomId": 60000244
  },
  {
    "ItemId": 69002245,
    "PhantomId": 60000245
  },
  {
    "ItemId": 69002292,
    "PhantomId": 60000292
  },
  {
    "ItemId": 69002293,
    "PhantomId": 60000293
  },
  {
    "ItemId": 69002294,
    "PhantomId": 60000294
  },
  {
    "ItemId": 69002295,
    "PhantomId": 60000295
  },
  {
    "ItemId": 69002312,
    "PhantomId": 60000312
  },
  {
    "ItemId": 69002313,
    "PhantomId": 60000313
  },
  {
    "ItemId": 69002314,
    "PhantomId": 60000314
  },
  {
    "ItemId": 69002315,
    "PhantomId": 60000315
  },
  {
    "ItemId": 69002332,
    "PhantomId": 60000332
  },
  {
    "ItemId": 69002333,
    "PhantomId": 60000333
  },
  {
    "ItemId": 69002334,
    "PhantomId": 60000334
  },
  {
    "ItemId": 69002335,
    "PhantomId": 60000335
  },
  {
    "ItemId": 69002352,
    "PhantomId": 60000352
  },
  {
    "ItemId": 69002353,
    "PhantomId": 60000353
  },
  {
    "ItemId": 69002354,
    "PhantomId": 60000354
  },
  {
    "ItemId": 69002355,
    "PhantomId": 60000355
  },
  {
    "ItemId": 69002402,
    "PhantomId": 60000402
  },
  {
    "ItemId": 69002403,
    "PhantomId": 60000403
  },
  {
    "ItemId": 69002404,
    "PhantomId": 60000404
  },
  {
    "ItemId": 69002405,
    "PhantomId": 60000405
  },
  {
    "ItemId": 69002462,
    "PhantomId": 60000462
  },
  {
    "ItemId": 69002463,
    "PhantomId": 60000463
  },
  {
    "ItemId": 69002464,
    "PhantomId": 60000464
  },
  {
    "ItemId": 69002465,
    "PhantomId": 60000465
  },
  {
    "ItemId": 69002492,
    "PhantomId": 60000492
  },
  {
    "ItemId": 69002493,
    "PhantomId": 60000493
  },
  {
    "ItemId": 69002494,
    "PhantomId": 60000494
  },
  {
    "ItemId": 69002495,
    "PhantomId": 60000495
  },
  {
    "ItemId": 69000101,
    "PhantomId": 60000192
  },
  {
    "ItemId": 69000102,
    "PhantomId": 60000242
  },
  {
    "ItemId": 69000103,
    "PhantomId": 60000462
  },
  {
    "ItemId": 69000104,
    "PhantomId": 60000202
  },
  {
    "ItemId": 69000105,
    "PhantomId": 60000192
  },
  {
    "ItemId": 69000106,
    "PhantomId": 60000292
  },
  {
    "ItemId": 69000107,
    "PhantomId": 60000202
  },
  {
    "ItemId": 69000108,
    "PhantomId": 60000462
  },
  {
    "ItemId": 69000109,
    "PhantomId": 60000242
  },
  {
    "ItemId": 69001512,
    "PhantomId": 60000512
  },
  {
    "ItemId": 69001513,
    "PhantomId": 60000513
  },
  {
    "ItemId": 69001514,
    "PhantomId": 60000514
  },
  {
    "ItemId": 69001515,
    "PhantomId": 60000515
  },
  {
    "ItemId": 69001582,
    "PhantomId": 60000582
  },
  {
    "ItemId": 69001583,
    "PhantomId": 60000583
  },
  {
    "ItemId": 69001584,
    "PhantomId": 60000584
  },
  {
    "ItemId": 69001585,
    "PhantomId": 60000585
  },
  {
    "ItemId": 69000033,
    "PhantomId": 60000575
  },
  {
    "ItemId": 69000034,
    "PhantomId": 60000295
  },
  {
    "ItemId": 69000035,
    "PhantomId": 60000125
  },
  {
    "ItemId": 69000036,
    "PhantomId": 60000405
  },
  {
    "ItemId": 69000037,
    "PhantomId": 60000585
  },
  {
    "ItemId": 69000038,
    "PhantomId": 60000355
  },
  {
    "ItemId": 69000039,
    "PhantomId": 60000565
  },
  {
    "ItemId": 69000040,
    "PhantomId": 60000355
  },
  {
    "ItemId": 69000041,
    "PhantomId": 60000575
  },
  {
    "ItemId": 69000042,
    "PhantomId": 60000465
  },
  {
    "ItemId": 69000043,
    "PhantomId": 60000135
  },
  {
    "ItemId": 69000044,
    "PhantomId": 60000205
  },
  {
    "ItemId": 69000045,
    "PhantomId": 60000575
  },
  {
    "ItemId": 69000046,
    "PhantomId": 60000295
  },
  {
    "ItemId": 69000047,
    "PhantomId": 60000125
  },
  {
    "ItemId": 69000048,
    "PhantomId": 60000405
  },
  {
    "ItemId": 69000049,
    "PhantomId": 60000585
  },
  {
    "ItemId": 69000050,
    "PhantomId": 60000355
  },
  {
    "ItemId": 69000051,
    "PhantomId": 60000245
  },
  {
    "ItemId": 69000052,
    "PhantomId": 60000185
  },
  {
    "ItemId": 69000053,
    "PhantomId": 60000335
  },
  {
    "ItemId": 69000054,
    "PhantomId": 60000565
  },
  {
    "ItemId": 69000055,
    "PhantomId": 60000355
  },
  {
    "ItemId": 69000056,
    "PhantomId": 60000575
  },
  {
    "ItemId": 69000057,
    "PhantomId": 60000465
  },
  {
    "ItemId": 69000058,
    "PhantomId": 60000135
  },
  {
    "ItemId": 69000059,
    "PhantomId": 60000205
  },
  {
    "ItemId": 69000060,
    "PhantomId": 60000215
  },
  {
    "ItemId": 69000061,
    "PhantomId": 60000335
  },
  {
    "ItemId": 69000062,
    "PhantomId": 60000195
  },
  {
    "ItemId": 69001112,
    "PhantomId": 60000112
  },
  {
    "ItemId": 69001113,
    "PhantomId": 60000113
  },
  {
    "ItemId": 69001114,
    "PhantomId": 60000114
  },
  {
    "ItemId": 69001115,
    "PhantomId": 60000115
  },
  {
    "ItemId": 69001572,
    "PhantomId": 60000572
  },
  {
    "ItemId": 69001573,
    "PhantomId": 60000573
  },
  {
    "ItemId": 69001574,
    "PhantomId": 60000574
  },
  {
    "ItemId": 69001575,
    "PhantomId": 60000575
  }
]