[
  {
    "Id": 1,
    "PropId": 10002,
    "AddType": 1,
    "SubStandardProperty": 375
  },
  {
    "Id": 2,
    "PropId": 10007,
    "AddType": 1,
    "SubStandardProperty": 37
  },
  {
    "Id": 3,
    "PropId": 10010,
    "AddType": 1,
    "SubStandardProperty": 45
  },
  {
    "Id": 4,
    "PropId": 10002,
    "AddType": 2,
    "SubStandardProperty": 750
  },
  {
    "Id": 5,
    "PropId": 10007,
    "AddType": 2,
    "SubStandardProperty": 750
  },
  {
    "Id": 6,
    "PropId": 10010,
    "AddType": 2,
    "SubStandardProperty": 950
  },
  {
    "Id": 7,
    "PropId": 14,
    "AddType": 1,
    "SubStandardProperty": 750
  },
  {
    "Id": 8,
    "PropId": 17,
    "AddType": 1,
    "SubStandardProperty": 750
  },
  {
    "Id": 9,
    "PropId": 18,
    "AddType": 1,
    "SubStandardProperty": 750
  },
  {
    "Id": 10,
    "PropId": 19,
    "AddType": 1,
    "SubStandardProperty": 750
  },
  {
    "Id": 11,
    "PropId": 8,
    "AddType": 1,
    "SubStandardProperty": 500
  },
  {
    "Id": 12,
    "PropId": 9,
    "AddType": 1,
    "SubStandardProperty": 1000
  },
  {
    "Id": 13,
    "PropId": 11,
    "AddType": 1,
    "SubStandardProperty": 800
  }
]