[
  {
    "Id": 1,
    "FetterMap": {
      "size": 2
    },
    "FetterGroupName": "PhantomFetter_1_Name",
    "FetterGroupDesc": "PrefabTextItem_Empty_Text",
    "FetterElementColor": "41AEFBFF",
    "FetterElementPath": "/Game/Aki/UI/UIResources/Common/Image/IconElement/T_IconElementIce1.T_IconElementIce1"
  },
  {
    "Id": 2,
    "FetterMap": {
      "size": 2
    },
    "FetterGroupName": "PhantomFetter_2_Name",
    "FetterGroupDesc": "PrefabTextItem_Empty_Text",
    "FetterElementColor": "F0744EFF",
    "FetterElementPath": "/Game/Aki/UI/UIResources/Common/Image/IconElement/T_IconElementFire1.T_IconElementFire1"
  },
  {
    "Id": 3,
    "FetterMap": {
      "size": 2
    },
    "FetterGroupName": "PhantomFetter_3_Name",
    "FetterGroupDesc": "PrefabTextItem_Empty_Text",
    "FetterElementColor": "B46BFFFF",
    "FetterElementPath": "/Game/Aki/UI/UIResources/Common/Image/IconElement/T_IconElementThunder1.T_IconElementThunder1"
  },
  {
    "Id": 4,
    "FetterMap": {
      "size": 2
    },
    "FetterGroupName": "PhantomFetter_4_Name",
    "FetterGroupDesc": "PrefabTextItem_Empty_Text",
    "FetterElementColor": "55FFB5FF",
    "FetterElementPath": "/Game/Aki/UI/UIResources/Common/Image/IconElement/T_IconElementWind1.T_IconElementWind1"
  },
  {
    "Id": 5,
    "FetterMap": {
      "size": 2
    },
    "FetterGroupName": "PhantomFetter_5_Name",
    "FetterGroupDesc": "PrefabTextItem_Empty_Text",
    "FetterElementColor": "F8E56CFF",
    "FetterElementPath": "/Game/Aki/UI/UIResources/Common/Image/IconElement/T_IconElementLight1.T_IconElementLight1"
  },
  {
    "Id": 6,
    "FetterMap": {
      "size": 2
    },
    "FetterGroupName": "PhantomFetter_6_Name",
    "FetterGroupDesc": "PrefabTextItem_Empty_Text",
    "FetterElementColor": "C98BB3FF",
    "FetterElementPath": "/Game/Aki/UI/UIResources/Common/Image/IconElement/T_IconElementDark1.T_IconElementDark1"
  },
  {
    "Id": 7,
    "FetterMap": {
      "size": 2
    },
    "FetterGroupName": "PhantomFetter_7_Name",
    "FetterGroupDesc": "PrefabTextItem_Empty_Text",
    "FetterElementColor": "9BDB2DFF",
    "FetterElementPath": "/Game/Aki/UI/UIResources/Common/Image/IconAttribute/T_Iconpropertyhealingtag_UI.T_Iconpropertyhealingtag_UI"
  },
  {
    "Id": 8,
    "FetterMap": {
      "size": 2
    },
    "FetterGroupName": "PhantomFetter_8_Name",
    "FetterGroupDesc": "PrefabTextItem_Empty_Text",
    "FetterElementColor": "FFFFFFFF",
    "FetterElementPath": "/Game/Aki/UI/UIResources/Common/Image/IconAttribute/T_Iconpropertyswitchtag_UI.T_Iconpropertyswitchtag_UI"
  },
  {
    "Id": 9,
    "FetterMap": {
      "size": 2
    },
    "FetterGroupName": "PhantomFetter_9_Name",
    "FetterGroupDesc": "PrefabTextItem_Empty_Text",
    "FetterElementColor": "C72C25FF",
    "FetterElementPath": "/Game/Aki/UI/UIResources/Common/Image/IconAttribute/T_Iconpropertyattacktag_UI.T_Iconpropertyattacktag_UI"
  }
]