[
  {
    "Id": 1,
    "GroupId": 4,
    "Level": 0,
    "Exp": 0
  },
  {
    "Id": 2,
    "GroupId": 4,
    "Level": 1,
    "Exp": 400
  },
  {
    "Id": 3,
    "GroupId": 4,
    "Level": 2,
    "Exp": 600
  },
  {
    "Id": 4,
    "GroupId": 4,
    "Level": 3,
    "Exp": 900
  },
  {
    "Id": 5,
    "GroupId": 4,
    "Level": 4,
    "Exp": 1100
  },
  {
    "Id": 6,
    "GroupId": 4,
    "Level": 5,
    "Exp": 1400
  },
  {
    "Id": 7,
    "GroupId": 4,
    "Level": 6,
    "Exp": 1700
  },
  {
    "Id": 8,
    "GroupId": 4,
    "Level": 7,
    "Exp": 2000
  },
  {
    "Id": 9,
    "GroupId": 4,
    "Level": 8,
    "Exp": 2400
  },
  {
    "Id": 10,
    "GroupId": 4,
    "Level": 9,
    "Exp": 2800
  },
  {
    "Id": 11,
    "GroupId": 4,
    "Level": 10,
    "Exp": 3200
  },
  {
    "Id": 12,
    "GroupId": 4,
    "Level": 11,
    "Exp": 3600
  },
  {
    "Id": 13,
    "GroupId": 4,
    "Level": 12,
    "Exp": 4100
  },
  {
    "Id": 14,
    "GroupId": 4,
    "Level": 13,
    "Exp": 4600
  },
  {
    "Id": 15,
    "GroupId": 4,
    "Level": 14,
    "Exp": 5100
  },
  {
    "Id": 16,
    "GroupId": 4,
    "Level": 15,
    "Exp": 5700
  },
  {
    "Id": 17,
    "GroupId": 4,
    "Level": 16,
    "Exp": 6400
  },
  {
    "Id": 18,
    "GroupId": 4,
    "Level": 17,
    "Exp": 7100
  },
  {
    "Id": 19,
    "GroupId": 4,
    "Level": 18,
    "Exp": 7800
  },
  {
    "Id": 20,
    "GroupId": 4,
    "Level": 19,
    "Exp": 8700
  },
  {
    "Id": 21,
    "GroupId": 4,
    "Level": 20,
    "Exp": 9500
  },
  {
    "Id": 22,
    "GroupId": 4,
    "Level": 21,
    "Exp": 10500
  },
  {
    "Id": 23,
    "GroupId": 4,
    "Level": 22,
    "Exp": 11500
  },
  {
    "Id": 24,
    "GroupId": 4,
    "Level": 23,
    "Exp": 12600
  },
  {
    "Id": 25,
    "GroupId": 4,
    "Level": 24,
    "Exp": 13800
  },
  {
    "Id": 26,
    "GroupId": 4,
    "Level": 25,
    "Exp": 15100
  },
  {
    "Id": 27,
    "GroupId": 3,
    "Level": 0,
    "Exp": 0
  },
  {
    "Id": 28,
    "GroupId": 3,
    "Level": 1,
    "Exp": 320
  },
  {
    "Id": 29,
    "GroupId": 3,
    "Level": 2,
    "Exp": 480
  },
  {
    "Id": 30,
    "GroupId": 3,
    "Level": 3,
    "Exp": 720
  },
  {
    "Id": 31,
    "GroupId": 3,
    "Level": 4,
    "Exp": 880
  },
  {
    "Id": 32,
    "GroupId": 3,
    "Level": 5,
    "Exp": 1120
  },
  {
    "Id": 33,
    "GroupId": 3,
    "Level": 6,
    "Exp": 1360
  },
  {
    "Id": 34,
    "GroupId": 3,
    "Level": 7,
    "Exp": 1600
  },
  {
    "Id": 35,
    "GroupId": 3,
    "Level": 8,
    "Exp": 1920
  },
  {
    "Id": 36,
    "GroupId": 3,
    "Level": 9,
    "Exp": 2240
  },
  {
    "Id": 37,
    "GroupId": 3,
    "Level": 10,
    "Exp": 2560
  },
  {
    "Id": 38,
    "GroupId": 3,
    "Level": 11,
    "Exp": 2880
  },
  {
    "Id": 39,
    "GroupId": 3,
    "Level": 12,
    "Exp": 3280
  },
  {
    "Id": 40,
    "GroupId": 3,
    "Level": 13,
    "Exp": 3680
  },
  {
    "Id": 41,
    "GroupId": 3,
    "Level": 14,
    "Exp": 4080
  },
  {
    "Id": 42,
    "GroupId": 3,
    "Level": 15,
    "Exp": 4560
  },
  {
    "Id": 43,
    "GroupId": 3,
    "Level": 16,
    "Exp": 5120
  },
  {
    "Id": 44,
    "GroupId": 3,
    "Level": 17,
    "Exp": 5680
  },
  {
    "Id": 45,
    "GroupId": 3,
    "Level": 18,
    "Exp": 6240
  },
  {
    "Id": 46,
    "GroupId": 3,
    "Level": 19,
    "Exp": 6960
  },
  {
    "Id": 47,
    "GroupId": 3,
    "Level": 20,
    "Exp": 7600
  },
  {
    "Id": 48,
    "GroupId": 2,
    "Level": 0,
    "Exp": 0
  },
  {
    "Id": 49,
    "GroupId": 2,
    "Level": 1,
    "Exp": 160
  },
  {
    "Id": 50,
    "GroupId": 2,
    "Level": 2,
    "Exp": 240
  },
  {
    "Id": 51,
    "GroupId": 2,
    "Level": 3,
    "Exp": 360
  },
  {
    "Id": 52,
    "GroupId": 2,
    "Level": 4,
    "Exp": 440
  },
  {
    "Id": 53,
    "GroupId": 2,
    "Level": 5,
    "Exp": 560
  },
  {
    "Id": 54,
    "GroupId": 2,
    "Level": 6,
    "Exp": 680
  },
  {
    "Id": 55,
    "GroupId": 2,
    "Level": 7,
    "Exp": 800
  },
  {
    "Id": 56,
    "GroupId": 2,
    "Level": 8,
    "Exp": 960
  },
  {
    "Id": 57,
    "GroupId": 2,
    "Level": 9,
    "Exp": 1120
  },
  {
    "Id": 58,
    "GroupId": 2,
    "Level": 10,
    "Exp": 1280
  },
  {
    "Id": 59,
    "GroupId": 2,
    "Level": 11,
    "Exp": 1440
  },
  {
    "Id": 60,
    "GroupId": 2,
    "Level": 12,
    "Exp": 1640
  },
  {
    "Id": 61,
    "GroupId": 2,
    "Level": 13,
    "Exp": 1840
  },
  {
    "Id": 62,
    "GroupId": 2,
    "Level": 14,
    "Exp": 2040
  },
  {
    "Id": 63,
    "GroupId": 2,
    "Level": 15,
    "Exp": 2280
  },
  {
    "Id": 64,
    "GroupId": 1,
    "Level": 0,
    "Exp": 0
  },
  {
    "Id": 65,
    "GroupId": 1,
    "Level": 1,
    "Exp": 100
  },
  {
    "Id": 66,
    "GroupId": 1,
    "Level": 2,
    "Exp": 150
  },
  {
    "Id": 67,
    "GroupId": 1,
    "Level": 3,
    "Exp": 225
  },
  {
    "Id": 68,
    "GroupId": 1,
    "Level": 4,
    "Exp": 275
  },
  {
    "Id": 69,
    "GroupId": 1,
    "Level": 5,
    "Exp": 350
  },
  {
    "Id": 70,
    "GroupId": 1,
    "Level": 6,
    "Exp": 425
  },
  {
    "Id": 71,
    "GroupId": 1,
    "Level": 7,
    "Exp": 500
  },
  {
    "Id": 72,
    "GroupId": 1,
    "Level": 8,
    "Exp": 600
  },
  {
    "Id": 73,
    "GroupId": 1,
    "Level": 9,
    "Exp": 700
  },
  {
    "Id": 74,
    "GroupId": 1,
    "Level": 10,
    "Exp": 800
  }
]