[
  {
    "Id": 50001,
    "PropId": 10007,
    "AddType": 1,
    "StandardProperty": 30,
    "GrowthId": 1
  },
  {
    "Id": 50002,
    "PropId": 10002,
    "AddType": 1,
    "StandardProperty": 456,
    "GrowthId": 1
  },
  {
    "Id": 5001,
    "PropId": 8,
    "AddType": 1,
    "StandardProperty": 440,
    "GrowthId": 1
  },
  {
    "Id": 5002,
    "PropId": 9,
    "AddType": 1,
    "StandardProperty": 880,
    "GrowthId": 1
  },
  {
    "Id": 5003,
    "PropId": 10007,
    "AddType": 2,
    "StandardProperty": 660,
    "GrowthId": 1
  },
  {
    "Id": 5004,
    "PropId": 10002,
    "AddType": 2,
    "StandardProperty": 660,
    "GrowthId": 1
  },
  {
    "Id": 5005,
    "PropId": 10010,
    "AddType": 2,
    "StandardProperty": 836,
    "GrowthId": 1
  },
  {
    "Id": 5006,
    "PropId": 35,
    "AddType": 1,
    "StandardProperty": 528,
    "GrowthId": 1
  },
  {
    "Id": 5007,
    "PropId": 22,
    "AddType": 1,
    "StandardProperty": 600,
    "GrowthId": 1
  },
  {
    "Id": 5008,
    "PropId": 23,
    "AddType": 1,
    "StandardProperty": 600,
    "GrowthId": 1
  },
  {
    "Id": 5009,
    "PropId": 24,
    "AddType": 1,
    "StandardProperty": 600,
    "GrowthId": 1
  },
  {
    "Id": 5010,
    "PropId": 25,
    "AddType": 1,
    "StandardProperty": 600,
    "GrowthId": 1
  },
  {
    "Id": 5011,
    "PropId": 26,
    "AddType": 1,
    "StandardProperty": 600,
    "GrowthId": 1
  },
  {
    "Id": 5012,
    "PropId": 27,
    "AddType": 1,
    "StandardProperty": 600,
    "GrowthId": 1
  },
  {
    "Id": 5013,
    "PropId": 10007,
    "AddType": 2,
    "StandardProperty": 600,
    "GrowthId": 1
  },
  {
    "Id": 5014,
    "PropId": 10002,
    "AddType": 2,
    "StandardProperty": 600,
    "GrowthId": 1
  },
  {
    "Id": 5015,
    "PropId": 10010,
    "AddType": 2,
    "StandardProperty": 760,
    "GrowthId": 1
  },
  {
    "Id": 5016,
    "PropId": 11,
    "AddType": 1,
    "StandardProperty": 640,
    "GrowthId": 1
  },
  {
    "Id": 5017,
    "PropId": 10007,
    "AddType": 2,
    "StandardProperty": 360,
    "GrowthId": 1
  },
  {
    "Id": 5018,
    "PropId": 10002,
    "AddType": 2,
    "StandardProperty": 456,
    "GrowthId": 1
  },
  {
    "Id": 5019,
    "PropId": 10010,
    "AddType": 2,
    "StandardProperty": 360,
    "GrowthId": 1
  },
  {
    "Id": 40001,
    "PropId": 10007,
    "AddType": 1,
    "StandardProperty": 22,
    "GrowthId": 1
  },
  {
    "Id": 40002,
    "PropId": 10002,
    "AddType": 1,
    "StandardProperty": 228,
    "GrowthId": 1
  },
  {
    "Id": 4001,
    "PropId": 8,
    "AddType": 1,
    "StandardProperty": 330,
    "GrowthId": 1
  },
  {
    "Id": 4002,
    "PropId": 9,
    "AddType": 1,
    "StandardProperty": 660,
    "GrowthId": 1
  },
  {
    "Id": 4003,
    "PropId": 10007,
    "AddType": 2,
    "StandardProperty": 495,
    "GrowthId": 1
  },
  {
    "Id": 4004,
    "PropId": 10002,
    "AddType": 2,
    "StandardProperty": 495,
    "GrowthId": 1
  },
  {
    "Id": 4005,
    "PropId": 10010,
    "AddType": 2,
    "StandardProperty": 627,
    "GrowthId": 1
  },
  {
    "Id": 4006,
    "PropId": 35,
    "AddType": 1,
    "StandardProperty": 396,
    "GrowthId": 1
  },
  {
    "Id": 4007,
    "PropId": 22,
    "AddType": 1,
    "StandardProperty": 450,
    "GrowthId": 1
  },
  {
    "Id": 4008,
    "PropId": 23,
    "AddType": 1,
    "StandardProperty": 450,
    "GrowthId": 1
  },
  {
    "Id": 4009,
    "PropId": 24,
    "AddType": 1,
    "StandardProperty": 450,
    "GrowthId": 1
  },
  {
    "Id": 4010,
    "PropId": 25,
    "AddType": 1,
    "StandardProperty": 450,
    "GrowthId": 1
  },
  {
    "Id": 4011,
    "PropId": 26,
    "AddType": 1,
    "StandardProperty": 450,
    "GrowthId": 1
  },
  {
    "Id": 4012,
    "PropId": 27,
    "AddType": 1,
    "StandardProperty": 450,
    "GrowthId": 1
  },
  {
    "Id": 4013,
    "PropId": 10007,
    "AddType": 2,
    "StandardProperty": 450,
    "GrowthId": 1
  },
  {
    "Id": 4014,
    "PropId": 10002,
    "AddType": 2,
    "StandardProperty": 450,
    "GrowthId": 1
  },
  {
    "Id": 4015,
    "PropId": 10010,
    "AddType": 2,
    "StandardProperty": 570,
    "GrowthId": 1
  },
  {
    "Id": 4016,
    "PropId": 11,
    "AddType": 1,
    "StandardProperty": 480,
    "GrowthId": 1
  },
  {
    "Id": 4017,
    "PropId": 10007,
    "AddType": 2,
    "StandardProperty": 270,
    "GrowthId": 1
  },
  {
    "Id": 4018,
    "PropId": 10002,
    "AddType": 2,
    "StandardProperty": 342,
    "GrowthId": 1
  },
  {
    "Id": 4019,
    "PropId": 10010,
    "AddType": 2,
    "StandardProperty": 270,
    "GrowthId": 1
  },
  {
    "Id": 30001,
    "PropId": 10007,
    "AddType": 1,
    "StandardProperty": 20,
    "GrowthId": 1
  },
  {
    "Id": 30002,
    "PropId": 10002,
    "AddType": 1,
    "StandardProperty": 152,
    "GrowthId": 1
  },
  {
    "Id": 3001,
    "PropId": 8,
    "AddType": 1,
    "StandardProperty": 293,
    "GrowthId": 1
  },
  {
    "Id": 3002,
    "PropId": 9,
    "AddType": 1,
    "StandardProperty": 586,
    "GrowthId": 1
  },
  {
    "Id": 3003,
    "PropId": 10007,
    "AddType": 2,
    "StandardProperty": 440,
    "GrowthId": 1
  },
  {
    "Id": 3004,
    "PropId": 10002,
    "AddType": 2,
    "StandardProperty": 440,
    "GrowthId": 1
  },
  {
    "Id": 3005,
    "PropId": 10010,
    "AddType": 2,
    "StandardProperty": 557,
    "GrowthId": 1
  },
  {
    "Id": 3006,
    "PropId": 35,
    "AddType": 1,
    "StandardProperty": 352,
    "GrowthId": 1
  },
  {
    "Id": 3007,
    "PropId": 22,
    "AddType": 1,
    "StandardProperty": 400,
    "GrowthId": 1
  },
  {
    "Id": 3008,
    "PropId": 23,
    "AddType": 1,
    "StandardProperty": 400,
    "GrowthId": 1
  },
  {
    "Id": 3009,
    "PropId": 24,
    "AddType": 1,
    "StandardProperty": 400,
    "GrowthId": 1
  },
  {
    "Id": 3010,
    "PropId": 25,
    "AddType": 1,
    "StandardProperty": 400,
    "GrowthId": 1
  },
  {
    "Id": 3011,
    "PropId": 26,
    "AddType": 1,
    "StandardProperty": 400,
    "GrowthId": 1
  },
  {
    "Id": 3012,
    "PropId": 27,
    "AddType": 1,
    "StandardProperty": 400,
    "GrowthId": 1
  },
  {
    "Id": 3013,
    "PropId": 10007,
    "AddType": 2,
    "StandardProperty": 400,
    "GrowthId": 1
  },
  {
    "Id": 3014,
    "PropId": 10002,
    "AddType": 2,
    "StandardProperty": 400,
    "GrowthId": 1
  },
  {
    "Id": 3015,
    "PropId": 10010,
    "AddType": 2,
    "StandardProperty": 506,
    "GrowthId": 1
  },
  {
    "Id": 3016,
    "PropId": 11,
    "AddType": 1,
    "StandardProperty": 427,
    "GrowthId": 1
  },
  {
    "Id": 3017,
    "PropId": 10007,
    "AddType": 2,
    "StandardProperty": 240,
    "GrowthId": 1
  },
  {
    "Id": 3018,
    "PropId": 10002,
    "AddType": 2,
    "StandardProperty": 304,
    "GrowthId": 1
  },
  {
    "Id": 3019,
    "PropId": 10010,
    "AddType": 2,
    "StandardProperty": 240,
    "GrowthId": 1
  },
  {
    "Id": 20001,
    "PropId": 10007,
    "AddType": 1,
    "StandardProperty": 18,
    "GrowthId": 1
  },
  {
    "Id": 20002,
    "PropId": 10002,
    "AddType": 1,
    "StandardProperty": 114,
    "GrowthId": 1
  },
  {
    "Id": 2001,
    "PropId": 8,
    "AddType": 1,
    "StandardProperty": 275,
    "GrowthId": 1
  },
  {
    "Id": 2002,
    "PropId": 9,
    "AddType": 1,
    "StandardProperty": 550,
    "GrowthId": 1
  },
  {
    "Id": 2003,
    "PropId": 10007,
    "AddType": 2,
    "StandardProperty": 412,
    "GrowthId": 1
  },
  {
    "Id": 2004,
    "PropId": 10002,
    "AddType": 2,
    "StandardProperty": 412,
    "GrowthId": 1
  },
  {
    "Id": 2005,
    "PropId": 10010,
    "AddType": 2,
    "StandardProperty": 522,
    "GrowthId": 1
  },
  {
    "Id": 2006,
    "PropId": 35,
    "AddType": 1,
    "StandardProperty": 330,
    "GrowthId": 1
  },
  {
    "Id": 2007,
    "PropId": 22,
    "AddType": 1,
    "StandardProperty": 375,
    "GrowthId": 1
  },
  {
    "Id": 2008,
    "PropId": 23,
    "AddType": 1,
    "StandardProperty": 375,
    "GrowthId": 1
  },
  {
    "Id": 2009,
    "PropId": 24,
    "AddType": 1,
    "StandardProperty": 375,
    "GrowthId": 1
  },
  {
    "Id": 2010,
    "PropId": 25,
    "AddType": 1,
    "StandardProperty": 375,
    "GrowthId": 1
  },
  {
    "Id": 2011,
    "PropId": 26,
    "AddType": 1,
    "StandardProperty": 375,
    "GrowthId": 1
  },
  {
    "Id": 2012,
    "PropId": 27,
    "AddType": 1,
    "StandardProperty": 375,
    "GrowthId": 1
  },
  {
    "Id": 2013,
    "PropId": 10007,
    "AddType": 2,
    "StandardProperty": 375,
    "GrowthId": 1
  },
  {
    "Id": 2014,
    "PropId": 10002,
    "AddType": 2,
    "StandardProperty": 375,
    "GrowthId": 1
  },
  {
    "Id": 2015,
    "PropId": 10010,
    "AddType": 2,
    "StandardProperty": 475,
    "GrowthId": 1
  },
  {
    "Id": 2016,
    "PropId": 11,
    "AddType": 1,
    "StandardProperty": 400,
    "GrowthId": 1
  },
  {
    "Id": 2017,
    "PropId": 10007,
    "AddType": 2,
    "StandardProperty": 225,
    "GrowthId": 1
  },
  {
    "Id": 2018,
    "PropId": 10002,
    "AddType": 2,
    "StandardProperty": 285,
    "GrowthId": 1
  },
  {
    "Id": 2019,
    "PropId": 10010,
    "AddType": 2,
    "StandardProperty": 225,
    "GrowthId": 1
  },
  {
    "Id": 50003,
    "PropId": 10007,
    "AddType": 1,
    "StandardProperty": 20,
    "GrowthId": 1
  },
  {
    "Id": 40003,
    "PropId": 10007,
    "AddType": 1,
    "StandardProperty": 15,
    "GrowthId": 1
  },
  {
    "Id": 30003,
    "PropId": 10007,
    "AddType": 1,
    "StandardProperty": 13,
    "GrowthId": 1
  },
  {
    "Id": 20003,
    "PropId": 10007,
    "AddType": 1,
    "StandardProperty": 12,
    "GrowthId": 1
  }
]