[
  {
    "Id": 1,
    "GrowthId": 1,
    "Level": 0,
    "Value": 10000
  },
  {
    "Id": 2,
    "GrowthId": 1,
    "Level": 1,
    "Value": 11600
  },
  {
    "Id": 3,
    "GrowthId": 1,
    "Level": 2,
    "Value": 13200
  },
  {
    "Id": 4,
    "GrowthId": 1,
    "Level": 3,
    "Value": 14800
  },
  {
    "Id": 5,
    "GrowthId": 1,
    "Level": 4,
    "Value": 16400
  },
  {
    "Id": 6,
    "GrowthId": 1,
    "Level": 5,
    "Value": 18000
  },
  {
    "Id": 7,
    "GrowthId": 1,
    "Level": 6,
    "Value": 19600
  },
  {
    "Id": 8,
    "GrowthId": 1,
    "Level": 7,
    "Value": 21200
  },
  {
    "Id": 9,
    "GrowthId": 1,
    "Level": 8,
    "Value": 22800
  },
  {
    "Id": 10,
    "GrowthId": 1,
    "Level": 9,
    "Value": 24400
  },
  {
    "Id": 11,
    "GrowthId": 1,
    "Level": 10,
    "Value": 26000
  },
  {
    "Id": 12,
    "GrowthId": 1,
    "Level": 11,
    "Value": 27600
  },
  {
    "Id": 13,
    "GrowthId": 1,
    "Level": 12,
    "Value": 29200
  },
  {
    "Id": 14,
    "GrowthId": 1,
    "Level": 13,
    "Value": 30800
  },
  {
    "Id": 15,
    "GrowthId": 1,
    "Level": 14,
    "Value": 32400
  },
  {
    "Id": 16,
    "GrowthId": 1,
    "Level": 15,
    "Value": 34000
  },
  {
    "Id": 17,
    "GrowthId": 1,
    "Level": 16,
    "Value": 35600
  },
  {
    "Id": 18,
    "GrowthId": 1,
    "Level": 17,
    "Value": 37200
  },
  {
    "Id": 19,
    "GrowthId": 1,
    "Level": 18,
    "Value": 38800
  },
  {
    "Id": 20,
    "GrowthId": 1,
    "Level": 19,
    "Value": 40400
  },
  {
    "Id": 21,
    "GrowthId": 1,
    "Level": 20,
    "Value": 42000
  },
  {
    "Id": 22,
    "GrowthId": 1,
    "Level": 21,
    "Value": 43600
  },
  {
    "Id": 23,
    "GrowthId": 1,
    "Level": 22,
    "Value": 45200
  },
  {
    "Id": 24,
    "GrowthId": 1,
    "Level": 23,
    "Value": 46800
  },
  {
    "Id": 25,
    "GrowthId": 1,
    "Level": 24,
    "Value": 48400
  },
  {
    "Id": 26,
    "GrowthId": 1,
    "Level": 25,
    "Value": 50000
  }
]