[
  {
    "Id": 140201,
    "RoleId": 1402,
    "Sort": 1,
    "Title": "FavorGoods_140201_Title",
    "Content": "FavorGoods_140201_Content",
    "Pic": "/Game/Aki/UI/UIResources/UiRole/Image/Treasure/T_Treasure20_UI.T_Treasure20_UI",
    "CondGroupId": 0,
    "Type": 0,
    "MotionImg": "",
    "AniBlueprint": "",
    "AniMontage": ""
  },
  {
    "Id": 140202,
    "RoleId": 1402,
    "Sort": 2,
    "Title": "FavorGoods_140202_Title",
    "Content": "FavorGoods_140202_Content",
    "Pic": "/Game/Aki/UI/UIResources/UiRole/Image/Treasure/T_Treasure28_UI.T_Treasure28_UI",
    "CondGroupId": 2101402002,
    "Type": 0,
    "MotionImg": "",
    "AniBlueprint": "",
    "AniMontage": ""
  },
  {
    "Id": 140203,
    "RoleId": 1402,
    "Sort": 3,
    "Title": "FavorGoods_140203_Title",
    "Content": "FavorGoods_140203_Content",
    "Pic": "/Game/Aki/UI/UIResources/UiRole/Image/Treasure/T_Treasure33_UI.T_Treasure33_UI",
    "CondGroupId": 2101402004,
    "Type": 0,
    "MotionImg": "",
    "AniBlueprint": "",
    "AniMontage": ""
  },
  {
    "Id": 120201,
    "RoleId": 1202,
    "Sort": 1,
    "Title": "FavorGoods_120201_Title",
    "Content": "FavorGoods_120201_Content",
    "Pic": "/Game/Aki/UI/UIResources/UiRole/Image/Treasure/T_Treasure16_UI.T_Treasure16_UI",
    "CondGroupId": 0,
    "Type": 0,
    "MotionImg": "",
    "AniBlueprint": "",
    "AniMontage": ""
  },
  {
    "Id": 120202,
    "RoleId": 1202,
    "Sort": 2,
    "Title": "FavorGoods_120202_Title",
    "Content": "FavorGoods_120202_Content",
    "Pic": "/Game/Aki/UI/UIResources/UiRole/Image/Treasure/T_Treasure15_UI.T_Treasure15_UI",
    "CondGroupId": 2101202002,
    "Type": 0,
    "MotionImg": "",
    "AniBlueprint": "",
    "AniMontage": ""
  },
  {
    "Id": 120203,
    "RoleId": 1202,
    "Sort": 3,
    "Title": "FavorGoods_120203_Title",
    "Content": "FavorGoods_120203_Content",
    "Pic": "/Game/Aki/UI/UIResources/UiRole/Image/Treasure/T_Treasure17_UI.T_Treasure17_UI",
    "CondGroupId": 2101202004,
    "Type": 0,
    "MotionImg": "",
    "AniBlueprint": "",
    "AniMontage": ""
  },
  {
    "Id": 150301,
    "RoleId": 1503,
    "Sort": 1,
    "Title": "FavorGoods_150301_Title",
    "Content": "FavorGoods_150301_Content",
    "Pic": "/Game/Aki/UI/UIResources/UiRole/Image/Treasure/T_Treasure21_UI.T_Treasure21_UI",
    "CondGroupId": 0,
    "Type": 0,
    "MotionImg": "",
    "AniBlueprint": "",
    "AniMontage": ""
  },
  {
    "Id": 150302,
    "RoleId": 1503,
    "Sort": 2,
    "Title": "FavorGoods_150302_Title",
    "Content": "FavorGoods_150302_Content",
    "Pic": "/Game/Aki/UI/UIResources/UiRole/Image/Treasure/T_Treasure2_UI.T_Treasure2_UI",
    "CondGroupId": 2101503002,
    "Type": 0,
    "MotionImg": "",
    "AniBlueprint": "",
    "AniMontage": ""
  },
  {
    "Id": 150303,
    "RoleId": 1503,
    "Sort": 3,
    "Title": "FavorGoods_150303_Title",
    "Content": "FavorGoods_150303_Content",
    "Pic": "/Game/Aki/UI/UIResources/UiRole/Image/Treasure/T_Treasure36_UI.T_Treasure36_UI",
    "CondGroupId": 2101503004,
    "Type": 0,
    "MotionImg": "",
    "AniBlueprint": "",
    "AniMontage": ""
  },
  {
    "Id": 110201,
    "RoleId": 1102,
    "Sort": 1,
    "Title": "FavorGoods_110201_Title",
    "Content": "FavorGoods_110201_Content",
    "Pic": "/Game/Aki/UI/UIResources/UiRole/Image/Treasure/T_Treasure31_UI.T_Treasure31_UI",
    "CondGroupId": 0,
    "Type": 0,
    "MotionImg": "",
    "AniBlueprint": "",
    "AniMontage": ""
  },
  {
    "Id": 110202,
    "RoleId": 1102,
    "Sort": 2,
    "Title": "FavorGoods_110202_Title",
    "Content": "FavorGoods_110202_Content",
    "Pic": "/Game/Aki/UI/UIResources/UiRole/Image/Treasure/T_Treasure34_UI.T_Treasure34_UI",
    "CondGroupId": 2101102002,
    "Type": 0,
    "MotionImg": "",
    "AniBlueprint": "",
    "AniMontage": ""
  },
  {
    "Id": 110203,
    "RoleId": 1102,
    "Sort": 3,
    "Title": "FavorGoods_110203_Title",
    "Content": "FavorGoods_110203_Content",
    "Pic": "/Game/Aki/UI/UIResources/UiRole/Image/Treasure/T_Treasure22_UI.T_Treasure22_UI",
    "CondGroupId": 2101102004,
    "Type": 0,
    "MotionImg": "",
    "AniBlueprint": "",
    "AniMontage": ""
  },
  {
    "Id": 160101,
    "RoleId": 1601,
    "Sort": 1,
    "Title": "FavorGoods_160101_Title",
    "Content": "FavorGoods_160101_Content",
    "Pic": "/Game/Aki/UI/UIResources/UiRole/Image/Treasure/T_Treasure1_UI.T_Treasure1_UI",
    "CondGroupId": 0,
    "Type": 0,
    "MotionImg": "",
    "AniBlueprint": "",
    "AniMontage": ""
  },
  {
    "Id": 160102,
    "RoleId": 1601,
    "Sort": 2,
    "Title": "FavorGoods_160102_Title",
    "Content": "FavorGoods_160102_Content",
    "Pic": "/Game/Aki/UI/UIResources/UiRole/Image/Treasure/T_Treasure38_UI.T_Treasure38_UI",
    "CondGroupId": 2101601002,
    "Type": 0,
    "MotionImg": "",
    "AniBlueprint": "",
    "AniMontage": ""
  },
  {
    "Id": 160103,
    "RoleId": 1601,
    "Sort": 3,
    "Title": "FavorGoods_160103_Title",
    "Content": "FavorGoods_160103_Content",
    "Pic": "/Game/Aki/UI/UIResources/UiRole/Image/Treasure/T_Treasure39_UI.T_Treasure39_UI",
    "CondGroupId": 2101601004,
    "Type": 0,
    "MotionImg": "",
    "AniBlueprint": "",
    "AniMontage": ""
  },
  {
    "Id": 110301,
    "RoleId": 1103,
    "Sort": 1,
    "Title": "FavorGoods_110301_Title",
    "Content": "FavorGoods_110301_Content",
    "Pic": "/Game/Aki/UI/UIResources/UiRole/Image/Treasure/T_Treasure13_UI.T_Treasure13_UI",
    "CondGroupId": 0,
    "Type": 0,
    "MotionImg": "",
    "AniBlueprint": "",
    "AniMontage": ""
  },
  {
    "Id": 110302,
    "RoleId": 1103,
    "Sort": 2,
    "Title": "FavorGoods_110302_Title",
    "Content": "FavorGoods_110302_Content",
    "Pic": "/Game/Aki/UI/UIResources/UiRole/Image/Treasure/T_Treasure37_UI.T_Treasure37_UI",
    "CondGroupId": 2101103002,
    "Type": 0,
    "MotionImg": "",
    "AniBlueprint": "",
    "AniMontage": ""
  },
  {
    "Id": 110303,
    "RoleId": 1103,
    "Sort": 3,
    "Title": "FavorGoods_110303_Title",
    "Content": "FavorGoods_110303_Content",
    "Pic": "/Game/Aki/UI/UIResources/UiRole/Image/Treasure/T_Treasure5_UI.T_Treasure5_UI",
    "CondGroupId": 2101103004,
    "Type": 0,
    "MotionImg": "",
    "AniBlueprint": "",
    "AniMontage": ""
  },
  {
    "Id": 120301,
    "RoleId": 1203,
    "Sort": 1,
    "Title": "FavorGoods_120301_Title",
    "Content": "FavorGoods_120301_Content",
    "Pic": "/Game/Aki/UI/UIResources/UiRole/Image/Treasure/T_Treasure18_UI.T_Treasure18_UI",
    "CondGroupId": 0,
    "Type": 0,
    "MotionImg": "",
    "AniBlueprint": "",
    "AniMontage": ""
  },
  {
    "Id": 120302,
    "RoleId": 1203,
    "Sort": 2,
    "Title": "FavorGoods_120302_Title",
    "Content": "FavorGoods_120302_Content",
    "Pic": "/Game/Aki/UI/UIResources/UiRole/Image/Treasure/T_Treasure7_UI.T_Treasure7_UI",
    "CondGroupId": 2101203002,
    "Type": 0,
    "MotionImg": "",
    "AniBlueprint": "",
    "AniMontage": ""
  },
  {
    "Id": 120303,
    "RoleId": 1203,
    "Sort": 3,
    "Title": "FavorGoods_120303_Title",
    "Content": "FavorGoods_120303_Content",
    "Pic": "/Game/Aki/UI/UIResources/UiRole/Image/Treasure/T_Treasure35_UI.T_Treasure35_UI",
    "CondGroupId": 2101203004,
    "Type": 0,
    "MotionImg": "",
    "AniBlueprint": "",
    "AniMontage": ""
  },
  {
    "Id": 160201,
    "RoleId": 1602,
    "Sort": 1,
    "Title": "FavorGoods_160201_Title",
    "Content": "FavorGoods_160201_Content",
    "Pic": "/Game/Aki/UI/UIResources/UiRole/Image/Treasure/T_Treasure3_UI.T_Treasure3_UI",
    "CondGroupId": 0,
    "Type": 0,
    "MotionImg": "",
    "AniBlueprint": "",
    "AniMontage": ""
  },
  {
    "Id": 160202,
    "RoleId": 1602,
    "Sort": 2,
    "Title": "FavorGoods_160202_Title",
    "Content": "FavorGoods_160202_Content",
    "Pic": "/Game/Aki/UI/UIResources/UiRole/Image/Treasure/T_Treasure30_UI.T_Treasure30_UI",
    "CondGroupId": 2101602002,
    "Type": 0,
    "MotionImg": "",
    "AniBlueprint": "",
    "AniMontage": ""
  },
  {
    "Id": 160203,
    "RoleId": 1602,
    "Sort": 3,
    "Title": "FavorGoods_160203_Title",
    "Content": "FavorGoods_160203_Content",
    "Pic": "/Game/Aki/UI/UIResources/UiRole/Image/Treasure/T_Treasure24_UI.T_Treasure24_UI",
    "CondGroupId": 2101602004,
    "Type": 0,
    "MotionImg": "",
    "AniBlueprint": "",
    "AniMontage": ""
  },
  {
    "Id": 140301,
    "RoleId": 1403,
    "Sort": 1,
    "Title": "FavorGoods_140301_Title",
    "Content": "FavorGoods_140301_Content",
    "Pic": "/Game/Aki/UI/UIResources/UiRole/Image/Treasure/T_Treasure11_UI.T_Treasure11_UI",
    "CondGroupId": 0,
    "Type": 0,
    "MotionImg": "",
    "AniBlueprint": "",
    "AniMontage": ""
  },
  {
    "Id": 140302,
    "RoleId": 1403,
    "Sort": 2,
    "Title": "FavorGoods_140302_Title",
    "Content": "FavorGoods_140302_Content",
    "Pic": "/Game/Aki/UI/UIResources/UiRole/Image/Treasure/T_Treasure10_UI.T_Treasure10_UI",
    "CondGroupId": 2101403002,
    "Type": 0,
    "MotionImg": "",
    "AniBlueprint": "",
    "AniMontage": ""
  },
  {
    "Id": 140303,
    "RoleId": 1403,
    "Sort": 3,
    "Title": "FavorGoods_140303_Title",
    "Content": "FavorGoods_140303_Content",
    "Pic": "/Game/Aki/UI/UIResources/UiRole/Image/Treasure/T_Treasure42_UI.T_Treasure42_UI",
    "CondGroupId": 2101403004,
    "Type": 0,
    "MotionImg": "",
    "AniBlueprint": "",
    "AniMontage": ""
  },
  {
    "Id": 140401,
    "RoleId": 1404,
    "Sort": 1,
    "Title": "FavorGoods_140401_Title",
    "Content": "FavorGoods_140401_Content",
    "Pic": "/Game/Aki/UI/UIResources/UiRole/Image/Treasure/T_Treasure41_UI.T_Treasure41_UI",
    "CondGroupId": 0,
    "Type": 0,
    "MotionImg": "",
    "AniBlueprint": "",
    "AniMontage": ""
  },
  {
    "Id": 140402,
    "RoleId": 1404,
    "Sort": 2,
    "Title": "FavorGoods_140402_Title",
    "Content": "FavorGoods_140402_Content",
    "Pic": "/Game/Aki/UI/UIResources/UiRole/Image/Treasure/T_Treasure40_UI.T_Treasure40_UI",
    "CondGroupId": 2101404002,
    "Type": 0,
    "MotionImg": "",
    "AniBlueprint": "",
    "AniMontage": ""
  },
  {
    "Id": 140403,
    "RoleId": 1404,
    "Sort": 3,
    "Title": "FavorGoods_140403_Title",
    "Content": "FavorGoods_140403_Content",
    "Pic": "/Game/Aki/UI/UIResources/UiRole/Image/Treasure/T_Treasure26_UI.T_Treasure26_UI",
    "CondGroupId": 2101404004,
    "Type": 0,
    "MotionImg": "",
    "AniBlueprint": "",
    "AniMontage": ""
  },
  {
    "Id": 120401,
    "RoleId": 1204,
    "Sort": 1,
    "Title": "FavorGoods_120401_Title",
    "Content": "FavorGoods_120401_Content",
    "Pic": "/Game/Aki/UI/UIResources/UiRole/Image/Treasure/T_Treasure14_UI.T_Treasure14_UI",
    "CondGroupId": 0,
    "Type": 0,
    "MotionImg": "",
    "AniBlueprint": "",
    "AniMontage": ""
  },
  {
    "Id": 120402,
    "RoleId": 1204,
    "Sort": 2,
    "Title": "FavorGoods_120402_Title",
    "Content": "FavorGoods_120402_Content",
    "Pic": "/Game/Aki/UI/UIResources/UiRole/Image/Treasure/T_Treasure29_UI.T_Treasure29_UI",
    "CondGroupId": 2101204002,
    "Type": 0,
    "MotionImg": "",
    "AniBlueprint": "",
    "AniMontage": ""
  },
  {
    "Id": 120403,
    "RoleId": 1204,
    "Sort": 3,
    "Title": "FavorGoods_120403_Title",
    "Content": "FavorGoods_120403_Content",
    "Pic": "/Game/Aki/UI/UIResources/UiRole/Image/Treasure/T_Treasure43_UI.T_Treasure43_UI",
    "CondGroupId": 2101204004,
    "Type": 0,
    "MotionImg": "",
    "AniBlueprint": "",
    "AniMontage": ""
  },
  {
    "Id": 130101,
    "RoleId": 1301,
    "Sort": 1,
    "Title": "FavorGoods_130101_Title",
    "Content": "FavorGoods_130101_Content",
    "Pic": "/Game/Aki/UI/UIResources/UiRole/Image/Treasure/T_Treasure6_UI.T_Treasure6_UI",
    "CondGroupId": 0,
    "Type": 0,
    "MotionImg": "",
    "AniBlueprint": "",
    "AniMontage": ""
  },
  {
    "Id": 130102,
    "RoleId": 1301,
    "Sort": 2,
    "Title": "FavorGoods_130102_Title",
    "Content": "FavorGoods_130102_Content",
    "Pic": "/Game/Aki/UI/UIResources/UiRole/Image/Treasure/T_Treasure12_UI.T_Treasure12_UI",
    "CondGroupId": 2101301002,
    "Type": 0,
    "MotionImg": "",
    "AniBlueprint": "",
    "AniMontage": ""
  },
  {
    "Id": 130103,
    "RoleId": 1301,
    "Sort": 3,
    "Title": "FavorGoods_130103_Title",
    "Content": "FavorGoods_130103_Content",
    "Pic": "/Game/Aki/UI/UIResources/UiRole/Image/Treasure/T_Treasure0_UI.T_Treasure0_UI",
    "CondGroupId": 2101301004,
    "Type": 0,
    "MotionImg": "",
    "AniBlueprint": "",
    "AniMontage": ""
  },
  {
    "Id": 130201,
    "RoleId": 1302,
    "Sort": 1,
    "Title": "FavorGoods_130201_Title",
    "Content": "FavorGoods_130201_Content",
    "Pic": "/Game/Aki/UI/UIResources/UiRole/Image/Treasure/T_Treasure4_UI.T_Treasure4_UI",
    "CondGroupId": 0,
    "Type": 0,
    "MotionImg": "",
    "AniBlueprint": "",
    "AniMontage": ""
  },
  {
    "Id": 130202,
    "RoleId": 1302,
    "Sort": 2,
    "Title": "FavorGoods_130202_Title",
    "Content": "FavorGoods_130202_Content",
    "Pic": "/Game/Aki/UI/UIResources/UiRole/Image/Treasure/T_Treasure27_UI.T_Treasure27_UI",
    "CondGroupId": 2101302002,
    "Type": 0,
    "MotionImg": "",
    "AniBlueprint": "",
    "AniMontage": ""
  },
  {
    "Id": 130203,
    "RoleId": 1302,
    "Sort": 3,
    "Title": "FavorGoods_130203_Title",
    "Content": "FavorGoods_130203_Content",
    "Pic": "/Game/Aki/UI/UIResources/UiRole/Image/Treasure/T_Treasure44_UI.T_Treasure44_UI",
    "CondGroupId": 2101302004,
    "Type": 0,
    "MotionImg": "",
    "AniBlueprint": "",
    "AniMontage": ""
  },
  {
    "Id": 130301,
    "RoleId": 1303,
    "Sort": 1,
    "Title": "FavorGoods_130301_Title",
    "Content": "FavorGoods_130301_Content",
    "Pic": "/Game/Aki/UI/UIResources/UiRole/Image/Treasure/T_Treasure45_UI.T_Treasure45_UI",
    "CondGroupId": 0,
    "Type": 0,
    "MotionImg": "",
    "AniBlueprint": "",
    "AniMontage": ""
  },
  {
    "Id": 130302,
    "RoleId": 1303,
    "Sort": 2,
    "Title": "FavorGoods_130302_Title",
    "Content": "FavorGoods_130302_Content",
    "Pic": "/Game/Aki/UI/UIResources/UiRole/Image/Treasure/T_Treasure25_UI.T_Treasure25_UI",
    "CondGroupId": 2101303002,
    "Type": 0,
    "MotionImg": "",
    "AniBlueprint": "",
    "AniMontage": ""
  },
  {
    "Id": 110401,
    "RoleId": 1104,
    "Sort": 1,
    "Title": "FavorGoods_110401_Title",
    "Content": "FavorGoods_110401_Content",
    "Pic": "/Game/Aki/UI/UIResources/UiRole/Image/Treasure/T_Treasure9_UI.T_Treasure9_UI",
    "CondGroupId": 0,
    "Type": 0,
    "MotionImg": "",
    "AniBlueprint": "",
    "AniMontage": ""
  },
  {
    "Id": 110402,
    "RoleId": 1104,
    "Sort": 2,
    "Title": "FavorGoods_110402_Title",
    "Content": "FavorGoods_110402_Content",
    "Pic": "/Game/Aki/UI/UIResources/UiRole/Image/Treasure/T_Treasure32_UI.T_Treasure32_UI",
    "CondGroupId": 2101104002,
    "Type": 0,
    "MotionImg": "",
    "AniBlueprint": "",
    "AniMontage": ""
  },
  {
    "Id": 130303,
    "RoleId": 1303,
    "Sort": 3,
    "Title": "FavorGoods_130303_Title",
    "Content": "FavorGoods_130303_Content",
    "Pic": "/Game/Aki/UI/UIResources/UiRole/Image/Treasure/T_Treasure23_UI.T_Treasure23_UI",
    "CondGroupId": 2101303004,
    "Type": 0,
    "MotionImg": "",
    "AniBlueprint": "",
    "AniMontage": ""
  },
  {
    "Id": 110403,
    "RoleId": 1104,
    "Sort": 3,
    "Title": "FavorGoods_110403_Title",
    "Content": "FavorGoods_110403_Content",
    "Pic": "/Game/Aki/UI/UIResources/UiRole/Image/Treasure/T_Treasure51_UI.T_Treasure51_UI",
    "CondGroupId": 2101104004,
    "Type": 0,
    "MotionImg": "",
    "AniBlueprint": "",
    "AniMontage": ""
  },
  {
    "Id": 140501,
    "RoleId": 1405,
    "Sort": 1,
    "Title": "FavorGoods_140501_Title",
    "Content": "FavorGoods_140501_Content",
    "Pic": "/Game/Aki/UI/UIResources/UiRole/Image/Treasure/T_Treasure52_UI.T_Treasure52_UI",
    "CondGroupId": 0,
    "Type": 0,
    "MotionImg": "",
    "AniBlueprint": "",
    "AniMontage": ""
  },
  {
    "Id": 140502,
    "RoleId": 1405,
    "Sort": 2,
    "Title": "FavorGoods_140502_Title",
    "Content": "FavorGoods_140502_Content",
    "Pic": "/Game/Aki/UI/UIResources/UiRole/Image/Treasure/T_Treasure53_UI.T_Treasure53_UI",
    "CondGroupId": 2101405002,
    "Type": 0,
    "MotionImg": "",
    "AniBlueprint": "",
    "AniMontage": ""
  },
  {
    "Id": 140503,
    "RoleId": 1405,
    "Sort": 3,
    "Title": "FavorGoods_140503_Title",
    "Content": "FavorGoods_140503_Content",
    "Pic": "/Game/Aki/UI/UIResources/UiRole/Image/Treasure/T_Treasure54_UI.T_Treasure54_UI",
    "CondGroupId": 2101405004,
    "Type": 0,
    "MotionImg": "",
    "AniBlueprint": "",
    "AniMontage": ""
  },
  {
    "Id": 130401,
    "RoleId": 1304,
    "Sort": 1,
    "Title": "FavorGoods_130401_Title",
    "Content": "FavorGoods_130401_Content",
    "Pic": "/Game/Aki/UI/UIResources/UiRole/Image/Treasure/T_Treasure47_UI.T_Treasure47_UI",
    "CondGroupId": 0,
    "Type": 0,
    "MotionImg": "",
    "AniBlueprint": "",
    "AniMontage": ""
  },
  {
    "Id": 130402,
    "RoleId": 1304,
    "Sort": 2,
    "Title": "FavorGoods_130402_Title",
    "Content": "FavorGoods_130402_Content",
    "Pic": "/Game/Aki/UI/UIResources/UiRole/Image/Treasure/T_Treasure48_UI.T_Treasure48_UI",
    "CondGroupId": 2101304002,
    "Type": 0,
    "MotionImg": "",
    "AniBlueprint": "",
    "AniMontage": ""
  },
  {
    "Id": 130403,
    "RoleId": 1304,
    "Sort": 3,
    "Title": "FavorGoods_130403_Title",
    "Content": "FavorGoods_130403_Content",
    "Pic": "/Game/Aki/UI/UIResources/UiRole/Image/Treasure/T_Treasure49_UI.T_Treasure49_UI",
    "CondGroupId": 2101304004,
    "Type": 0,
    "MotionImg": "",
    "AniBlueprint": "",
    "AniMontage": ""
  },
  {
    "Id": 120501,
    "RoleId": 1205,
    "Sort": 1,
    "Title": "FavorGoods_120501_Title",
    "Content": "FavorGoods_120501_Content",
    "Pic": "/Game/Aki/UI/UIResources/UiRole/Image/Treasure/T_Treasure60_UI.T_Treasure60_UI",
    "CondGroupId": 0,
    "Type": 0,
    "MotionImg": "",
    "AniBlueprint": "",
    "AniMontage": ""
  },
  {
    "Id": 120502,
    "RoleId": 1205,
    "Sort": 2,
    "Title": "FavorGoods_120502_Title",
    "Content": "FavorGoods_120502_Content",
    "Pic": "/Game/Aki/UI/UIResources/UiRole/Image/Treasure/T_Treasure58_UI.T_Treasure58_UI",
    "CondGroupId": 2101205002,
    "Type": 0,
    "MotionImg": "",
    "AniBlueprint": "",
    "AniMontage": ""
  },
  {
    "Id": 120503,
    "RoleId": 1205,
    "Sort": 3,
    "Title": "FavorGoods_120503_Title",
    "Content": "FavorGoods_120503_Content",
    "Pic": "/Game/Aki/UI/UIResources/UiRole/Image/Treasure/T_Treasure59_UI.T_Treasure59_UI",
    "CondGroupId": 2101205004,
    "Type": 0,
    "MotionImg": "",
    "AniBlueprint": "",
    "AniMontage": ""
  },
  {
    "Id": 110501,
    "RoleId": 1105,
    "Sort": 1,
    "Title": "FavorGoods_110501_Title",
    "Content": "FavorGoods_110501_Content",
    "Pic": "/Game/Aki/UI/UIResources/UiRole/Image/Treasure/T_Treasure65_UI.T_Treasure65_UI",
    "CondGroupId": 0,
    "Type": 0,
    "MotionImg": "",
    "AniBlueprint": "",
    "AniMontage": ""
  },
  {
    "Id": 110502,
    "RoleId": 1105,
    "Sort": 2,
    "Title": "FavorGoods_110502_Title",
    "Content": "FavorGoods_110502_Content",
    "Pic": "/Game/Aki/UI/UIResources/UiRole/Image/Treasure/T_Treasure64_UI.T_Treasure64_UI",
    "CondGroupId": 2101105002,
    "Type": 0,
    "MotionImg": "",
    "AniBlueprint": "",
    "AniMontage": ""
  },
  {
    "Id": 110503,
    "RoleId": 1105,
    "Sort": 3,
    "Title": "FavorGoods_110503_Title",
    "Content": "FavorGoods_110503_Content",
    "Pic": "/Game/Aki/UI/UIResources/UiRole/Image/Treasure/T_Treasure66_UI.T_Treasure66_UI",
    "CondGroupId": 2101105004,
    "Type": 0,
    "MotionImg": "",
    "AniBlueprint": "",
    "AniMontage": ""
  },
  {
    "Id": 130501,
    "RoleId": 1305,
    "Sort": 1,
    "Title": "FavorGoods_130501_Title",
    "Content": "FavorGoods_130501_Content",
    "Pic": "/Game/Aki/UI/UIResources/UiRole/Image/Treasure/T_Treasure61_UI.T_Treasure61_UI",
    "CondGroupId": 0,
    "Type": 0,
    "MotionImg": "",
    "AniBlueprint": "",
    "AniMontage": ""
  },
  {
    "Id": 130502,
    "RoleId": 1305,
    "Sort": 2,
    "Title": "FavorGoods_130502_Title",
    "Content": "FavorGoods_130502_Content",
    "Pic": "/Game/Aki/UI/UIResources/UiRole/Image/Treasure/T_Treasure63_UI.T_Treasure63_UI",
    "CondGroupId": 2101305002,
    "Type": 0,
    "MotionImg": "",
    "AniBlueprint": "",
    "AniMontage": ""
  },
  {
    "Id": 130503,
    "RoleId": 1305,
    "Sort": 3,
    "Title": "FavorGoods_130503_Title",
    "Content": "FavorGoods_130503_Content",
    "Pic": "/Game/Aki/UI/UIResources/UiRole/Image/Treasure/T_Treasure62_UI.T_Treasure62_UI",
    "CondGroupId": 2101305004,
    "Type": 0,
    "MotionImg": "",
    "AniBlueprint": "",
    "AniMontage": ""
  }
]