[
  {
    "Id": 140201,
    "RoleId": 1402,
    "Sort": 1,
    "Title": "FavorStory_140201_Title",
    "Content": "FavorStory_140201_Content",
    "CondGroupId": 2101402001,
    "Type": 0,
    "MotionImg": "",
    "AniBlueprint": "",
    "AniMontage": ""
  },
  {
    "Id": 140202,
    "RoleId": 1402,
    "Sort": 2,
    "Title": "FavorStory_140202_Title",
    "Content": "FavorStory_140202_Content",
    "CondGroupId": 2101402002,
    "Type": 0,
    "MotionImg": "",
    "AniBlueprint": "",
    "AniMontage": ""
  },
  {
    "Id": 140203,
    "RoleId": 1402,
    "Sort": 3,
    "Title": "FavorStory_140203_Title",
    "Content": "FavorStory_140203_Content",
    "CondGroupId": 2101402003,
    "Type": 0,
    "MotionImg": "",
    "AniBlueprint": "",
    "AniMontage": ""
  },
  {
    "Id": 120201,
    "RoleId": 1202,
    "Sort": 1,
    "Title": "FavorStory_120201_Title",
    "Content": "FavorStory_120201_Content",
    "CondGroupId": 2101202001,
    "Type": 0,
    "MotionImg": "",
    "AniBlueprint": "",
    "AniMontage": ""
  },
  {
    "Id": 120202,
    "RoleId": 1202,
    "Sort": 2,
    "Title": "FavorStory_120202_Title",
    "Content": "FavorStory_120202_Content",
    "CondGroupId": 2101202002,
    "Type": 0,
    "MotionImg": "",
    "AniBlueprint": "",
    "AniMontage": ""
  },
  {
    "Id": 120203,
    "RoleId": 1202,
    "Sort": 3,
    "Title": "FavorStory_120203_Title",
    "Content": "FavorStory_120203_Content",
    "CondGroupId": 2101202003,
    "Type": 0,
    "MotionImg": "",
    "AniBlueprint": "",
    "AniMontage": ""
  },
  {
    "Id": 150301,
    "RoleId": 1503,
    "Sort": 1,
    "Title": "FavorStory_150301_Title",
    "Content": "FavorStory_150301_Content",
    "CondGroupId": 2101503001,
    "Type": 0,
    "MotionImg": "",
    "AniBlueprint": "",
    "AniMontage": ""
  },
  {
    "Id": 150302,
    "RoleId": 1503,
    "Sort": 2,
    "Title": "FavorStory_150302_Title",
    "Content": "FavorStory_150302_Content",
    "CondGroupId": 2101503002,
    "Type": 0,
    "MotionImg": "",
    "AniBlueprint": "",
    "AniMontage": ""
  },
  {
    "Id": 150303,
    "RoleId": 1503,
    "Sort": 3,
    "Title": "FavorStory_150303_Title",
    "Content": "FavorStory_150303_Content",
    "CondGroupId": 2101503003,
    "Type": 0,
    "MotionImg": "",
    "AniBlueprint": "",
    "AniMontage": ""
  },
  {
    "Id": 110201,
    "RoleId": 1102,
    "Sort": 1,
    "Title": "FavorStory_110201_Title",
    "Content": "FavorStory_110201_Content",
    "CondGroupId": 2101102001,
    "Type": 0,
    "MotionImg": "",
    "AniBlueprint": "",
    "AniMontage": ""
  },
  {
    "Id": 110202,
    "RoleId": 1102,
    "Sort": 2,
    "Title": "FavorStory_110202_Title",
    "Content": "FavorStory_110202_Content",
    "CondGroupId": 2101102002,
    "Type": 0,
    "MotionImg": "",
    "AniBlueprint": "",
    "AniMontage": ""
  },
  {
    "Id": 110203,
    "RoleId": 1102,
    "Sort": 3,
    "Title": "FavorStory_110203_Title",
    "Content": "FavorStory_110203_Content",
    "CondGroupId": 2101102003,
    "Type": 0,
    "MotionImg": "",
    "AniBlueprint": "",
    "AniMontage": ""
  },
  {
    "Id": 160101,
    "RoleId": 1601,
    "Sort": 1,
    "Title": "FavorStory_160101_Title",
    "Content": "FavorStory_160101_Content",
    "CondGroupId": 2101601001,
    "Type": 0,
    "MotionImg": "",
    "AniBlueprint": "",
    "AniMontage": ""
  },
  {
    "Id": 160102,
    "RoleId": 1601,
    "Sort": 2,
    "Title": "FavorStory_160102_Title",
    "Content": "FavorStory_160102_Content",
    "CondGroupId": 2101601002,
    "Type": 0,
    "MotionImg": "",
    "AniBlueprint": "",
    "AniMontage": ""
  },
  {
    "Id": 160103,
    "RoleId": 1601,
    "Sort": 3,
    "Title": "FavorStory_160103_Title",
    "Content": "FavorStory_160103_Content",
    "CondGroupId": 2101601003,
    "Type": 0,
    "MotionImg": "",
    "AniBlueprint": "",
    "AniMontage": ""
  },
  {
    "Id": 110301,
    "RoleId": 1103,
    "Sort": 1,
    "Title": "FavorStory_110301_Title",
    "Content": "FavorStory_110301_Content",
    "CondGroupId": 2101103001,
    "Type": 0,
    "MotionImg": "",
    "AniBlueprint": "",
    "AniMontage": ""
  },
  {
    "Id": 110302,
    "RoleId": 1103,
    "Sort": 2,
    "Title": "FavorStory_110302_Title",
    "Content": "FavorStory_110302_Content",
    "CondGroupId": 2101103002,
    "Type": 0,
    "MotionImg": "",
    "AniBlueprint": "",
    "AniMontage": ""
  },
  {
    "Id": 110303,
    "RoleId": 1103,
    "Sort": 3,
    "Title": "FavorStory_110303_Title",
    "Content": "FavorStory_110303_Content",
    "CondGroupId": 2101103003,
    "Type": 0,
    "MotionImg": "",
    "AniBlueprint": "",
    "AniMontage": ""
  },
  {
    "Id": 120301,
    "RoleId": 1203,
    "Sort": 1,
    "Title": "FavorStory_120301_Title",
    "Content": "FavorStory_120301_Content",
    "CondGroupId": 2101203001,
    "Type": 0,
    "MotionImg": "",
    "AniBlueprint": "",
    "AniMontage": ""
  },
  {
    "Id": 120302,
    "RoleId": 1203,
    "Sort": 2,
    "Title": "FavorStory_120302_Title",
    "Content": "FavorStory_120302_Content",
    "CondGroupId": 2101203002,
    "Type": 0,
    "MotionImg": "",
    "AniBlueprint": "",
    "AniMontage": ""
  },
  {
    "Id": 120303,
    "RoleId": 1203,
    "Sort": 3,
    "Title": "FavorStory_120303_Title",
    "Content": "FavorStory_120303_Content",
    "CondGroupId": 2101203003,
    "Type": 0,
    "MotionImg": "",
    "AniBlueprint": "",
    "AniMontage": ""
  },
  {
    "Id": 160201,
    "RoleId": 1602,
    "Sort": 1,
    "Title": "FavorStory_160201_Title",
    "Content": "FavorStory_160201_Content",
    "CondGroupId": 2101602001,
    "Type": 0,
    "MotionImg": "",
    "AniBlueprint": "",
    "AniMontage": ""
  },
  {
    "Id": 160202,
    "RoleId": 1602,
    "Sort": 2,
    "Title": "FavorStory_160202_Title",
    "Content": "FavorStory_160202_Content",
    "CondGroupId": 2101602002,
    "Type": 0,
    "MotionImg": "",
    "AniBlueprint": "",
    "AniMontage": ""
  },
  {
    "Id": 160203,
    "RoleId": 1602,
    "Sort": 3,
    "Title": "FavorStory_160203_Title",
    "Content": "FavorStory_160203_Content",
    "CondGroupId": 2101602003,
    "Type": 0,
    "MotionImg": "",
    "AniBlueprint": "",
    "AniMontage": ""
  },
  {
    "Id": 140301,
    "RoleId": 1403,
    "Sort": 1,
    "Title": "FavorStory_140301_Title",
    "Content": "FavorStory_140301_Content",
    "CondGroupId": 2101403001,
    "Type": 0,
    "MotionImg": "",
    "AniBlueprint": "",
    "AniMontage": ""
  },
  {
    "Id": 140302,
    "RoleId": 1403,
    "Sort": 2,
    "Title": "FavorStory_140302_Title",
    "Content": "FavorStory_140302_Content",
    "CondGroupId": 2101403002,
    "Type": 0,
    "MotionImg": "",
    "AniBlueprint": "",
    "AniMontage": ""
  },
  {
    "Id": 140303,
    "RoleId": 1403,
    "Sort": 3,
    "Title": "FavorStory_140303_Title",
    "Content": "FavorStory_140303_Content",
    "CondGroupId": 2101403003,
    "Type": 0,
    "MotionImg": "",
    "AniBlueprint": "",
    "AniMontage": ""
  },
  {
    "Id": 140401,
    "RoleId": 1404,
    "Sort": 1,
    "Title": "FavorStory_140401_Title",
    "Content": "FavorStory_140401_Content",
    "CondGroupId": 2101404001,
    "Type": 0,
    "MotionImg": "",
    "AniBlueprint": "",
    "AniMontage": ""
  },
  {
    "Id": 140402,
    "RoleId": 1404,
    "Sort": 2,
    "Title": "FavorStory_140402_Title",
    "Content": "FavorStory_140402_Content",
    "CondGroupId": 2101404002,
    "Type": 0,
    "MotionImg": "",
    "AniBlueprint": "",
    "AniMontage": ""
  },
  {
    "Id": 140403,
    "RoleId": 1404,
    "Sort": 3,
    "Title": "FavorStory_140403_Title",
    "Content": "FavorStory_140403_Content",
    "CondGroupId": 2101404003,
    "Type": 0,
    "MotionImg": "",
    "AniBlueprint": "",
    "AniMontage": ""
  },
  {
    "Id": 120401,
    "RoleId": 1204,
    "Sort": 1,
    "Title": "FavorStory_120401_Title",
    "Content": "FavorStory_120401_Content",
    "CondGroupId": 2101204001,
    "Type": 0,
    "MotionImg": "",
    "AniBlueprint": "",
    "AniMontage": ""
  },
  {
    "Id": 120402,
    "RoleId": 1204,
    "Sort": 2,
    "Title": "FavorStory_120402_Title",
    "Content": "FavorStory_120402_Content",
    "CondGroupId": 2101204002,
    "Type": 0,
    "MotionImg": "",
    "AniBlueprint": "",
    "AniMontage": ""
  },
  {
    "Id": 120403,
    "RoleId": 1204,
    "Sort": 3,
    "Title": "FavorStory_120403_Title",
    "Content": "FavorStory_120403_Content",
    "CondGroupId": 2101204003,
    "Type": 0,
    "MotionImg": "",
    "AniBlueprint": "",
    "AniMontage": ""
  },
  {
    "Id": 130101,
    "RoleId": 1301,
    "Sort": 1,
    "Title": "FavorStory_130101_Title",
    "Content": "FavorStory_130101_Content",
    "CondGroupId": 2101301001,
    "Type": 0,
    "MotionImg": "",
    "AniBlueprint": "",
    "AniMontage": ""
  },
  {
    "Id": 130102,
    "RoleId": 1301,
    "Sort": 2,
    "Title": "FavorStory_130102_Title",
    "Content": "FavorStory_130102_Content",
    "CondGroupId": 2101301002,
    "Type": 0,
    "MotionImg": "",
    "AniBlueprint": "",
    "AniMontage": ""
  },
  {
    "Id": 130103,
    "RoleId": 1301,
    "Sort": 3,
    "Title": "FavorStory_130103_Title",
    "Content": "FavorStory_130103_Content",
    "CondGroupId": 2101301003,
    "Type": 0,
    "MotionImg": "",
    "AniBlueprint": "",
    "AniMontage": ""
  },
  {
    "Id": 130201,
    "RoleId": 1302,
    "Sort": 1,
    "Title": "FavorStory_130201_Title",
    "Content": "FavorStory_130201_Content",
    "CondGroupId": 2101302001,
    "Type": 0,
    "MotionImg": "",
    "AniBlueprint": "",
    "AniMontage": ""
  },
  {
    "Id": 130202,
    "RoleId": 1302,
    "Sort": 2,
    "Title": "FavorStory_130202_Title",
    "Content": "FavorStory_130202_Content",
    "CondGroupId": 2101302002,
    "Type": 0,
    "MotionImg": "",
    "AniBlueprint": "",
    "AniMontage": ""
  },
  {
    "Id": 130203,
    "RoleId": 1302,
    "Sort": 3,
    "Title": "FavorStory_130203_Title",
    "Content": "FavorStory_130203_Content",
    "CondGroupId": 2101302003,
    "Type": 0,
    "MotionImg": "",
    "AniBlueprint": "",
    "AniMontage": ""
  },
  {
    "Id": 140204,
    "RoleId": 1402,
    "Sort": 4,
    "Title": "FavorStory_140204_Title",
    "Content": "FavorStory_140204_Content",
    "CondGroupId": 2101402004,
    "Type": 0,
    "MotionImg": "",
    "AniBlueprint": "",
    "AniMontage": ""
  },
  {
    "Id": 140205,
    "RoleId": 1402,
    "Sort": 5,
    "Title": "FavorStory_140205_Title",
    "Content": "FavorStory_140205_Content",
    "CondGroupId": 2101402005,
    "Type": 0,
    "MotionImg": "",
    "AniBlueprint": "",
    "AniMontage": ""
  },
  {
    "Id": 120204,
    "RoleId": 1202,
    "Sort": 4,
    "Title": "FavorStory_120204_Title",
    "Content": "FavorStory_120204_Content",
    "CondGroupId": 2101202004,
    "Type": 0,
    "MotionImg": "",
    "AniBlueprint": "",
    "AniMontage": ""
  },
  {
    "Id": 120205,
    "RoleId": 1202,
    "Sort": 5,
    "Title": "FavorStory_120205_Title",
    "Content": "FavorStory_120205_Content",
    "CondGroupId": 2101202005,
    "Type": 0,
    "MotionImg": "",
    "AniBlueprint": "",
    "AniMontage": ""
  },
  {
    "Id": 110204,
    "RoleId": 1102,
    "Sort": 4,
    "Title": "FavorStory_110204_Title",
    "Content": "FavorStory_110204_Content",
    "CondGroupId": 2101102004,
    "Type": 0,
    "MotionImg": "",
    "AniBlueprint": "",
    "AniMontage": ""
  },
  {
    "Id": 110205,
    "RoleId": 1102,
    "Sort": 5,
    "Title": "FavorStory_110205_Title",
    "Content": "FavorStory_110205_Content",
    "CondGroupId": 2101102005,
    "Type": 0,
    "MotionImg": "",
    "AniBlueprint": "",
    "AniMontage": ""
  },
  {
    "Id": 160104,
    "RoleId": 1601,
    "Sort": 4,
    "Title": "FavorStory_160104_Title",
    "Content": "FavorStory_160104_Content",
    "CondGroupId": 2101601004,
    "Type": 0,
    "MotionImg": "",
    "AniBlueprint": "",
    "AniMontage": ""
  },
  {
    "Id": 160105,
    "RoleId": 1601,
    "Sort": 5,
    "Title": "FavorStory_160105_Title",
    "Content": "FavorStory_160105_Content",
    "CondGroupId": 2101601005,
    "Type": 0,
    "MotionImg": "",
    "AniBlueprint": "",
    "AniMontage": ""
  },
  {
    "Id": 110304,
    "RoleId": 1103,
    "Sort": 4,
    "Title": "FavorStory_110304_Title",
    "Content": "FavorStory_110304_Content",
    "CondGroupId": 2101103004,
    "Type": 0,
    "MotionImg": "",
    "AniBlueprint": "",
    "AniMontage": ""
  },
  {
    "Id": 110305,
    "RoleId": 1103,
    "Sort": 5,
    "Title": "FavorStory_110305_Title",
    "Content": "FavorStory_110305_Content",
    "CondGroupId": 2101103005,
    "Type": 0,
    "MotionImg": "",
    "AniBlueprint": "",
    "AniMontage": ""
  },
  {
    "Id": 120304,
    "RoleId": 1203,
    "Sort": 4,
    "Title": "FavorStory_120304_Title",
    "Content": "FavorStory_120304_Content",
    "CondGroupId": 2101203004,
    "Type": 0,
    "MotionImg": "",
    "AniBlueprint": "",
    "AniMontage": ""
  },
  {
    "Id": 120305,
    "RoleId": 1203,
    "Sort": 5,
    "Title": "FavorStory_120305_Title",
    "Content": "FavorStory_120305_Content",
    "CondGroupId": 2101203005,
    "Type": 0,
    "MotionImg": "",
    "AniBlueprint": "",
    "AniMontage": ""
  },
  {
    "Id": 160204,
    "RoleId": 1602,
    "Sort": 4,
    "Title": "FavorStory_160204_Title",
    "Content": "FavorStory_160204_Content",
    "CondGroupId": 2101602004,
    "Type": 0,
    "MotionImg": "",
    "AniBlueprint": "",
    "AniMontage": ""
  },
  {
    "Id": 160205,
    "RoleId": 1602,
    "Sort": 5,
    "Title": "FavorStory_160205_Title",
    "Content": "FavorStory_160205_Content",
    "CondGroupId": 2101602005,
    "Type": 0,
    "MotionImg": "",
    "AniBlueprint": "",
    "AniMontage": ""
  },
  {
    "Id": 140304,
    "RoleId": 1403,
    "Sort": 4,
    "Title": "FavorStory_140304_Title",
    "Content": "FavorStory_140304_Content",
    "CondGroupId": 2101403004,
    "Type": 0,
    "MotionImg": "",
    "AniBlueprint": "",
    "AniMontage": ""
  },
  {
    "Id": 140305,
    "RoleId": 1403,
    "Sort": 5,
    "Title": "FavorStory_140305_Title",
    "Content": "FavorStory_140305_Content",
    "CondGroupId": 2101403005,
    "Type": 0,
    "MotionImg": "",
    "AniBlueprint": "",
    "AniMontage": ""
  },
  {
    "Id": 140404,
    "RoleId": 1404,
    "Sort": 4,
    "Title": "FavorStory_140404_Title",
    "Content": "FavorStory_140404_Content",
    "CondGroupId": 2101404004,
    "Type": 0,
    "MotionImg": "",
    "AniBlueprint": "",
    "AniMontage": ""
  },
  {
    "Id": 140405,
    "RoleId": 1404,
    "Sort": 5,
    "Title": "FavorStory_140405_Title",
    "Content": "FavorStory_140405_Content",
    "CondGroupId": 2101404005,
    "Type": 0,
    "MotionImg": "",
    "AniBlueprint": "",
    "AniMontage": ""
  },
  {
    "Id": 120404,
    "RoleId": 1204,
    "Sort": 4,
    "Title": "FavorStory_120404_Title",
    "Content": "FavorStory_120404_Content",
    "CondGroupId": 2101204004,
    "Type": 0,
    "MotionImg": "",
    "AniBlueprint": "",
    "AniMontage": ""
  },
  {
    "Id": 120405,
    "RoleId": 1204,
    "Sort": 5,
    "Title": "FavorStory_120405_Title",
    "Content": "FavorStory_120405_Content",
    "CondGroupId": 2101204005,
    "Type": 0,
    "MotionImg": "",
    "AniBlueprint": "",
    "AniMontage": ""
  },
  {
    "Id": 130104,
    "RoleId": 1301,
    "Sort": 4,
    "Title": "FavorStory_130104_Title",
    "Content": "FavorStory_130104_Content",
    "CondGroupId": 2101301004,
    "Type": 0,
    "MotionImg": "",
    "AniBlueprint": "",
    "AniMontage": ""
  },
  {
    "Id": 130105,
    "RoleId": 1301,
    "Sort": 5,
    "Title": "FavorStory_130105_Title",
    "Content": "FavorStory_130105_Content",
    "CondGroupId": 2101301005,
    "Type": 0,
    "MotionImg": "",
    "AniBlueprint": "",
    "AniMontage": ""
  },
  {
    "Id": 130204,
    "RoleId": 1302,
    "Sort": 4,
    "Title": "FavorStory_130204_Title",
    "Content": "FavorStory_130204_Content",
    "CondGroupId": 2101302004,
    "Type": 0,
    "MotionImg": "",
    "AniBlueprint": "",
    "AniMontage": ""
  },
  {
    "Id": 130205,
    "RoleId": 1302,
    "Sort": 5,
    "Title": "FavorStory_130205_Title",
    "Content": "FavorStory_130205_Content",
    "CondGroupId": 2101302005,
    "Type": 0,
    "MotionImg": "",
    "AniBlueprint": "",
    "AniMontage": ""
  },
  {
    "Id": 130301,
    "RoleId": 1303,
    "Sort": 1,
    "Title": "FavorStory_130301_Title",
    "Content": "FavorStory_130301_Content",
    "CondGroupId": 2101303001,
    "Type": 0,
    "MotionImg": "",
    "AniBlueprint": "",
    "AniMontage": ""
  },
  {
    "Id": 130302,
    "RoleId": 1303,
    "Sort": 2,
    "Title": "FavorStory_130302_Title",
    "Content": "FavorStory_130302_Content",
    "CondGroupId": 2101303002,
    "Type": 0,
    "MotionImg": "",
    "AniBlueprint": "",
    "AniMontage": ""
  },
  {
    "Id": 130303,
    "RoleId": 1303,
    "Sort": 3,
    "Title": "FavorStory_130303_Title",
    "Content": "FavorStory_130303_Content",
    "CondGroupId": 2101303003,
    "Type": 0,
    "MotionImg": "",
    "AniBlueprint": "",
    "AniMontage": ""
  },
  {
    "Id": 130304,
    "RoleId": 1303,
    "Sort": 4,
    "Title": "FavorStory_130304_Title",
    "Content": "FavorStory_130304_Content",
    "CondGroupId": 2101303004,
    "Type": 0,
    "MotionImg": "",
    "AniBlueprint": "",
    "AniMontage": ""
  },
  {
    "Id": 130305,
    "RoleId": 1303,
    "Sort": 5,
    "Title": "FavorStory_130305_Title",
    "Content": "FavorStory_130305_Content",
    "CondGroupId": 2101303005,
    "Type": 0,
    "MotionImg": "",
    "AniBlueprint": "",
    "AniMontage": ""
  },
  {
    "Id": 150304,
    "RoleId": 1503,
    "Sort": 3,
    "Title": "FavorStory_150304_Title",
    "Content": "FavorStory_150304_Content",
    "CondGroupId": 2101503004,
    "Type": 0,
    "MotionImg": "",
    "AniBlueprint": "",
    "AniMontage": ""
  },
  {
    "Id": 150305,
    "RoleId": 1503,
    "Sort": 3,
    "Title": "FavorStory_150305_Title",
    "Content": "FavorStory_150305_Content",
    "CondGroupId": 2101503005,
    "Type": 0,
    "MotionImg": "",
    "AniBlueprint": "",
    "AniMontage": ""
  },
  {
    "Id": 110401,
    "RoleId": 1104,
    "Sort": 1,
    "Title": "FavorStory_110401_Title",
    "Content": "FavorStory_110401_Content",
    "CondGroupId": 2101104001,
    "Type": 0,
    "MotionImg": "",
    "AniBlueprint": "",
    "AniMontage": ""
  },
  {
    "Id": 110402,
    "RoleId": 1104,
    "Sort": 2,
    "Title": "FavorStory_110402_Title",
    "Content": "FavorStory_110402_Content",
    "CondGroupId": 2101104002,
    "Type": 0,
    "MotionImg": "",
    "AniBlueprint": "",
    "AniMontage": ""
  },
  {
    "Id": 110403,
    "RoleId": 1104,
    "Sort": 3,
    "Title": "FavorStory_110403_Title",
    "Content": "FavorStory_110403_Content",
    "CondGroupId": 2101104003,
    "Type": 0,
    "MotionImg": "",
    "AniBlueprint": "",
    "AniMontage": ""
  },
  {
    "Id": 110404,
    "RoleId": 1104,
    "Sort": 4,
    "Title": "FavorStory_110404_Title",
    "Content": "FavorStory_110404_Content",
    "CondGroupId": 2101104004,
    "Type": 0,
    "MotionImg": "",
    "AniBlueprint": "",
    "AniMontage": ""
  },
  {
    "Id": 110405,
    "RoleId": 1104,
    "Sort": 5,
    "Title": "FavorStory_110405_Title",
    "Content": "FavorStory_110405_Content",
    "CondGroupId": 2101104005,
    "Type": 0,
    "MotionImg": "",
    "AniBlueprint": "",
    "AniMontage": ""
  },
  {
    "Id": 140501,
    "RoleId": 1405,
    "Sort": 1,
    "Title": "FavorStory_140501_Title",
    "Content": "FavorStory_140501_Content",
    "CondGroupId": 2101405001,
    "Type": 0,
    "MotionImg": "",
    "AniBlueprint": "",
    "AniMontage": ""
  },
  {
    "Id": 140502,
    "RoleId": 1405,
    "Sort": 2,
    "Title": "FavorStory_140502_Title",
    "Content": "FavorStory_140502_Content",
    "CondGroupId": 2101405002,
    "Type": 0,
    "MotionImg": "",
    "AniBlueprint": "",
    "AniMontage": ""
  },
  {
    "Id": 140503,
    "RoleId": 1405,
    "Sort": 3,
    "Title": "FavorStory_140503_Title",
    "Content": "FavorStory_140503_Content",
    "CondGroupId": 2101405003,
    "Type": 0,
    "MotionImg": "",
    "AniBlueprint": "",
    "AniMontage": ""
  },
  {
    "Id": 140504,
    "RoleId": 1405,
    "Sort": 4,
    "Title": "FavorStory_140504_Title",
    "Content": "FavorStory_140504_Content",
    "CondGroupId": 2101405004,
    "Type": 0,
    "MotionImg": "",
    "AniBlueprint": "",
    "AniMontage": ""
  },
  {
    "Id": 140505,
    "RoleId": 1405,
    "Sort": 5,
    "Title": "FavorStory_140505_Title",
    "Content": "FavorStory_140505_Content",
    "CondGroupId": 2101405005,
    "Type": 0,
    "MotionImg": "",
    "AniBlueprint": "",
    "AniMontage": ""
  },
  {
    "Id": 130401,
    "RoleId": 1304,
    "Sort": 1,
    "Title": "FavorStory_130401_Title",
    "Content": "FavorStory_130401_Content",
    "CondGroupId": 2101304001,
    "Type": 0,
    "MotionImg": "",
    "AniBlueprint": "",
    "AniMontage": ""
  },
  {
    "Id": 130402,
    "RoleId": 1304,
    "Sort": 2,
    "Title": "FavorStory_130402_Title",
    "Content": "FavorStory_130402_Content",
    "CondGroupId": 2101304002,
    "Type": 0,
    "MotionImg": "",
    "AniBlueprint": "",
    "AniMontage": ""
  },
  {
    "Id": 130403,
    "RoleId": 1304,
    "Sort": 3,
    "Title": "FavorStory_130403_Title",
    "Content": "FavorStory_130403_Content",
    "CondGroupId": 2101304003,
    "Type": 0,
    "MotionImg": "",
    "AniBlueprint": "",
    "AniMontage": ""
  },
  {
    "Id": 130404,
    "RoleId": 1304,
    "Sort": 4,
    "Title": "FavorStory_130404_Title",
    "Content": "FavorStory_130404_Content",
    "CondGroupId": 2101304004,
    "Type": 0,
    "MotionImg": "",
    "AniBlueprint": "",
    "AniMontage": ""
  },
  {
    "Id": 130405,
    "RoleId": 1304,
    "Sort": 5,
    "Title": "FavorStory_130405_Title",
    "Content": "FavorStory_130405_Content",
    "CondGroupId": 2101304005,
    "Type": 0,
    "MotionImg": "",
    "AniBlueprint": "",
    "AniMontage": ""
  },
  {
    "Id": 120501,
    "RoleId": 1205,
    "Sort": 1,
    "Title": "FavorStory_120501_Title",
    "Content": "FavorStory_120501_Content",
    "CondGroupId": 2101205001,
    "Type": 0,
    "MotionImg": "",
    "AniBlueprint": "",
    "AniMontage": ""
  },
  {
    "Id": 120502,
    "RoleId": 1205,
    "Sort": 2,
    "Title": "FavorStory_120502_Title",
    "Content": "FavorStory_120502_Content",
    "CondGroupId": 2101205002,
    "Type": 0,
    "MotionImg": "",
    "AniBlueprint": "",
    "AniMontage": ""
  },
  {
    "Id": 120503,
    "RoleId": 1205,
    "Sort": 3,
    "Title": "FavorStory_120503_Title",
    "Content": "FavorStory_120503_Content",
    "CondGroupId": 2101205003,
    "Type": 0,
    "MotionImg": "",
    "AniBlueprint": "",
    "AniMontage": ""
  },
  {
    "Id": 120504,
    "RoleId": 1205,
    "Sort": 4,
    "Title": "FavorStory_120504_Title",
    "Content": "FavorStory_120504_Content",
    "CondGroupId": 2101205004,
    "Type": 0,
    "MotionImg": "",
    "AniBlueprint": "",
    "AniMontage": ""
  },
  {
    "Id": 120505,
    "RoleId": 1205,
    "Sort": 5,
    "Title": "FavorStory_120505_Title",
    "Content": "FavorStory_120505_Content",
    "CondGroupId": 2101205005,
    "Type": 0,
    "MotionImg": "",
    "AniBlueprint": "",
    "AniMontage": ""
  },
  {
    "Id": 110501,
    "RoleId": 1105,
    "Sort": 1,
    "Title": "FavorStory_110501_Title",
    "Content": "FavorStory_110501_Content",
    "CondGroupId": 2101105001,
    "Type": 0,
    "MotionImg": "",
    "AniBlueprint": "",
    "AniMontage": ""
  },
  {
    "Id": 110502,
    "RoleId": 1105,
    "Sort": 2,
    "Title": "FavorStory_110502_Title",
    "Content": "FavorStory_110502_Content",
    "CondGroupId": 2101105002,
    "Type": 0,
    "MotionImg": "",
    "AniBlueprint": "",
    "AniMontage": ""
  },
  {
    "Id": 110503,
    "RoleId": 1105,
    "Sort": 3,
    "Title": "FavorStory_110503_Title",
    "Content": "FavorStory_110503_Content",
    "CondGroupId": 2101105003,
    "Type": 0,
    "MotionImg": "",
    "AniBlueprint": "",
    "AniMontage": ""
  },
  {
    "Id": 110504,
    "RoleId": 1105,
    "Sort": 4,
    "Title": "FavorStory_110504_Title",
    "Content": "FavorStory_110504_Content",
    "CondGroupId": 2101105004,
    "Type": 0,
    "MotionImg": "",
    "AniBlueprint": "",
    "AniMontage": ""
  },
  {
    "Id": 110505,
    "RoleId": 1105,
    "Sort": 5,
    "Title": "FavorStory_110505_Title",
    "Content": "FavorStory_110505_Content",
    "CondGroupId": 2101105005,
    "Type": 0,
    "MotionImg": "",
    "AniBlueprint": "",
    "AniMontage": ""
  },
  {
    "Id": 130501,
    "RoleId": 1305,
    "Sort": 1,
    "Title": "FavorStory_130501_Title",
    "Content": "FavorStory_130501_Content",
    "CondGroupId": 2101305001,
    "Type": 0,
    "MotionImg": "",
    "AniBlueprint": "",
    "AniMontage": ""
  },
  {
    "Id": 130502,
    "RoleId": 1305,
    "Sort": 2,
    "Title": "FavorStory_130502_Title",
    "Content": "FavorStory_130502_Content",
    "CondGroupId": 2101305002,
    "Type": 0,
    "MotionImg": "",
    "AniBlueprint": "",
    "AniMontage": ""
  },
  {
    "Id": 130503,
    "RoleId": 1305,
    "Sort": 3,
    "Title": "FavorStory_130503_Title",
    "Content": "FavorStory_130503_Content",
    "CondGroupId": 2101305003,
    "Type": 0,
    "MotionImg": "",
    "AniBlueprint": "",
    "AniMontage": ""
  },
  {
    "Id": 130504,
    "RoleId": 1305,
    "Sort": 4,
    "Title": "FavorStory_130504_Title",
    "Content": "FavorStory_130504_Content",
    "CondGroupId": 2101305004,
    "Type": 0,
    "MotionImg": "",
    "AniBlueprint": "",
    "AniMontage": ""
  },
  {
    "Id": 130505,
    "RoleId": 1305,
    "Sort": 5,
    "Title": "FavorStory_130505_Title",
    "Content": "FavorStory_130505_Content",
    "CondGroupId": 2101305005,
    "Type": 0,
    "MotionImg": "",
    "AniBlueprint": "",
    "AniMontage": ""
  },
  {
    "Id": 150501,
    "RoleId": 1505,
    "Sort": 1,
    "Title": "FavorStory_150501_Title",
    "Content": "FavorStory_150501_Content",
    "CondGroupId": 2101505001,
    "Type": 0,
    "MotionImg": "",
    "AniBlueprint": "",
    "AniMontage": ""
  },
  {
    "Id": 150502,
    "RoleId": 1505,
    "Sort": 2,
    "Title": "FavorStory_150502_Title",
    "Content": "FavorStory_150502_Content",
    "CondGroupId": 2101505002,
    "Type": 0,
    "MotionImg": "",
    "AniBlueprint": "",
    "AniMontage": ""
  },
  {
    "Id": 150503,
    "RoleId": 1505,
    "Sort": 3,
    "Title": "FavorStory_150503_Title",
    "Content": "FavorStory_150503_Content",
    "CondGroupId": 2101505003,
    "Type": 0,
    "MotionImg": "",
    "AniBlueprint": "",
    "AniMontage": ""
  },
  {
    "Id": 150504,
    "RoleId": 1505,
    "Sort": 4,
    "Title": "FavorStory_150504_Title",
    "Content": "FavorStory_150504_Content",
    "CondGroupId": 2101505004,
    "Type": 0,
    "MotionImg": "",
    "AniBlueprint": "",
    "AniMontage": ""
  },
  {
    "Id": 150505,
    "RoleId": 1505,
    "Sort": 5,
    "Title": "FavorStory_150505_Title",
    "Content": "FavorStory_150505_Content",
    "CondGroupId": 2101505005,
    "Type": 0,
    "MotionImg": "",
    "AniBlueprint": "",
    "AniMontage": ""
  },
  {
    "Id": 110601,
    "RoleId": 1106,
    "Sort": 1,
    "Title": "FavorStory_110601_Title",
    "Content": "FavorStory_110601_Content",
    "CondGroupId": 2101106001,
    "Type": 0,
    "MotionImg": "",
    "AniBlueprint": "",
    "AniMontage": ""
  },
  {
    "Id": 110602,
    "RoleId": 1106,
    "Sort": 2,
    "Title": "FavorStory_110602_Title",
    "Content": "FavorStory_110602_Content",
    "CondGroupId": 2101106002,
    "Type": 0,
    "MotionImg": "",
    "AniBlueprint": "",
    "AniMontage": ""
  },
  {
    "Id": 110603,
    "RoleId": 1106,
    "Sort": 3,
    "Title": "FavorStory_110603_Title",
    "Content": "FavorStory_110603_Content",
    "CondGroupId": 2101106003,
    "Type": 0,
    "MotionImg": "",
    "AniBlueprint": "",
    "AniMontage": ""
  },
  {
    "Id": 110604,
    "RoleId": 1106,
    "Sort": 4,
    "Title": "FavorStory_110604_Title",
    "Content": "FavorStory_110604_Content",
    "CondGroupId": 2101106004,
    "Type": 0,
    "MotionImg": "",
    "AniBlueprint": "",
    "AniMontage": ""
  },
  {
    "Id": 110605,
    "RoleId": 1106,
    "Sort": 5,
    "Title": "FavorStory_110605_Title",
    "Content": "FavorStory_110605_Content",
    "CondGroupId": 2101106005,
    "Type": 0,
    "MotionImg": "",
    "AniBlueprint": "",
    "AniMontage": ""
  }
]