[
  {
    "Id": 1402,
    "RoleId": 1402,
    "Birthday": "FavorRoleInfo_1402_Birthday",
    "Sex": "FavorRoleInfo_1402_Sex",
    "Country": "FavorRoleInfo_1402_Country",
    "Influence": "FavorRoleInfo_1402_Influence",
    "Info": "FavorRoleInfo_1402_Info",
    "TalentName": "FavorRoleInfo_1402_TalentName",
    "TalentDoc": "FavorRoleInfo_1402_TalentDoc",
    "TalentCertification": "FavorRoleInfo_1402_TalentCertification",
    "CondGroupId": 0,
    "CVNameCn": "FavorRoleInfo_1402_CN",
    "CVNameJp": "FavorRoleInfo_1402_JP",
    "CVNameKo": "FavorRoleInfo_1402_KO",
    "CVNameEn": "FavorRoleInfo_1402_EN"
  },
  {
    "Id": 1202,
    "RoleId": 1202,
    "Birthday": "FavorRoleInfo_1202_Birthday",
    "Sex": "FavorRoleInfo_1202_Sex",
    "Country": "FavorRoleInfo_1202_Country",
    "Influence": "FavorRoleInfo_1202_Influence",
    "Info": "FavorRoleInfo_1202_Info",
    "TalentName": "FavorRoleInfo_1202_TalentName",
    "TalentDoc": "FavorRoleInfo_1202_TalentDoc",
    "TalentCertification": "FavorRoleInfo_1202_TalentCertification",
    "CondGroupId": 0,
    "CVNameCn": "FavorRoleInfo_1202_CN",
    "CVNameJp": "FavorRoleInfo_1202_JP",
    "CVNameKo": "FavorRoleInfo_1202_KO",
    "CVNameEn": "FavorRoleInfo_1202_EN"
  },
  {
    "Id": 1503,
    "RoleId": 1503,
    "Birthday": "FavorRoleInfo_1503_Birthday",
    "Sex": "FavorRoleInfo_1503_Sex",
    "Country": "FavorRoleInfo_1503_Country",
    "Influence": "FavorRoleInfo_1503_Influence",
    "Info": "FavorRoleInfo_1503_Info",
    "TalentName": "FavorRoleInfo_1503_TalentName",
    "TalentDoc": "FavorRoleInfo_1503_TalentDoc",
    "TalentCertification": "FavorRoleInfo_1503_TalentCertification",
    "CondGroupId": 0,
    "CVNameCn": "FavorRoleInfo_1503_CN",
    "CVNameJp": "FavorRoleInfo_1503_JP",
    "CVNameKo": "FavorRoleInfo_1503_KO",
    "CVNameEn": "FavorRoleInfo_1503_EN"
  },
  {
    "Id": 1501,
    "RoleId": 1501,
    "Birthday": "FavorRoleInfo_1501_Birthday",
    "Sex": "FavorRoleInfo_1501_Sex",
    "Country": "FavorRoleInfo_1501_Country",
    "Influence": "FavorRoleInfo_1501_Influence",
    "Info": "FavorRoleInfo_1501_Info",
    "TalentName": "FavorRoleInfo_1501_TalentName",
    "TalentDoc": "FavorRoleInfo_1501_TalentDoc",
    "TalentCertification": "FavorRoleInfo_1501_TalentCertification",
    "CondGroupId": 0,
    "CVNameCn": "FavorRoleInfo_1501_CN",
    "CVNameJp": "FavorRoleInfo_1501_JP",
    "CVNameKo": "FavorRoleInfo_1501_KO",
    "CVNameEn": "FavorRoleInfo_1501_EN"
  },
  {
    "Id": 1102,
    "RoleId": 1102,
    "Birthday": "FavorRoleInfo_1102_Birthday",
    "Sex": "FavorRoleInfo_1102_Sex",
    "Country": "FavorRoleInfo_1102_Country",
    "Influence": "FavorRoleInfo_1102_Influence",
    "Info": "FavorRoleInfo_1102_Info",
    "TalentName": "FavorRoleInfo_1102_TalentName",
    "TalentDoc": "FavorRoleInfo_1102_TalentDoc",
    "TalentCertification": "FavorRoleInfo_1102_TalentCertification",
    "CondGroupId": 0,
    "CVNameCn": "FavorRoleInfo_1102_CN",
    "CVNameJp": "FavorRoleInfo_1102_JP",
    "CVNameKo": "FavorRoleInfo_1102_KO",
    "CVNameEn": "FavorRoleInfo_1102_EN"
  },
  {
    "Id": 1601,
    "RoleId": 1601,
    "Birthday": "FavorRoleInfo_1601_Birthday",
    "Sex": "FavorRoleInfo_1601_Sex",
    "Country": "FavorRoleInfo_1601_Country",
    "Influence": "FavorRoleInfo_1601_Influence",
    "Info": "FavorRoleInfo_1601_Info",
    "TalentName": "FavorRoleInfo_1601_TalentName",
    "TalentDoc": "FavorRoleInfo_1601_TalentDoc",
    "TalentCertification": "FavorRoleInfo_1601_TalentCertification",
    "CondGroupId": 0,
    "CVNameCn": "FavorRoleInfo_1601_CN",
    "CVNameJp": "FavorRoleInfo_1601_JP",
    "CVNameKo": "FavorRoleInfo_1601_KO",
    "CVNameEn": "FavorRoleInfo_1601_EN"
  },
  {
    "Id": 1502,
    "RoleId": 1502,
    "Birthday": "FavorRoleInfo_1502_Birthday",
    "Sex": "FavorRoleInfo_1502_Sex",
    "Country": "FavorRoleInfo_1502_Country",
    "Influence": "FavorRoleInfo_1502_Influence",
    "Info": "FavorRoleInfo_1502_Info",
    "TalentName": "FavorRoleInfo_1502_TalentName",
    "TalentDoc": "FavorRoleInfo_1502_TalentDoc",
    "TalentCertification": "FavorRoleInfo_1502_TalentCertification",
    "CondGroupId": 0,
    "CVNameCn": "FavorRoleInfo_1502_CN",
    "CVNameJp": "FavorRoleInfo_1502_JP",
    "CVNameKo": "FavorRoleInfo_1502_KO",
    "CVNameEn": "FavorRoleInfo_1502_EN"
  },
  {
    "Id": 1103,
    "RoleId": 1103,
    "Birthday": "FavorRoleInfo_1103_Birthday",
    "Sex": "FavorRoleInfo_1103_Sex",
    "Country": "FavorRoleInfo_1103_Country",
    "Influence": "FavorRoleInfo_1103_Influence",
    "Info": "FavorRoleInfo_1103_Info",
    "TalentName": "FavorRoleInfo_1103_TalentName",
    "TalentDoc": "FavorRoleInfo_1103_TalentDoc",
    "TalentCertification": "FavorRoleInfo_1103_TalentCertification",
    "CondGroupId": 0,
    "CVNameCn": "FavorRoleInfo_1103_CN",
    "CVNameJp": "FavorRoleInfo_1103_JP",
    "CVNameKo": "FavorRoleInfo_1103_KO",
    "CVNameEn": "FavorRoleInfo_1103_EN"
  },
  {
    "Id": 1203,
    "RoleId": 1203,
    "Birthday": "FavorRoleInfo_1203_Birthday",
    "Sex": "FavorRoleInfo_1203_Sex",
    "Country": "FavorRoleInfo_1203_Country",
    "Influence": "FavorRoleInfo_1203_Influence",
    "Info": "FavorRoleInfo_1203_Info",
    "TalentName": "FavorRoleInfo_1203_TalentName",
    "TalentDoc": "FavorRoleInfo_1203_TalentDoc",
    "TalentCertification": "FavorRoleInfo_1203_TalentCertification",
    "CondGroupId": 0,
    "CVNameCn": "FavorRoleInfo_1203_CN",
    "CVNameJp": "FavorRoleInfo_1203_JP",
    "CVNameKo": "FavorRoleInfo_1203_KO",
    "CVNameEn": "FavorRoleInfo_1203_EN"
  },
  {
    "Id": 1602,
    "RoleId": 1602,
    "Birthday": "FavorRoleInfo_1602_Birthday",
    "Sex": "FavorRoleInfo_1602_Sex",
    "Country": "FavorRoleInfo_1602_Country",
    "Influence": "FavorRoleInfo_1602_Influence",
    "Info": "FavorRoleInfo_1602_Info",
    "TalentName": "FavorRoleInfo_1602_TalentName",
    "TalentDoc": "FavorRoleInfo_1602_TalentDoc",
    "TalentCertification": "FavorRoleInfo_1602_TalentCertification",
    "CondGroupId": 0,
    "CVNameCn": "FavorRoleInfo_1602_CN",
    "CVNameJp": "FavorRoleInfo_1602_JP",
    "CVNameKo": "FavorRoleInfo_1602_KO",
    "CVNameEn": "FavorRoleInfo_1602_EN"
  },
  {
    "Id": 1403,
    "RoleId": 1403,
    "Birthday": "FavorRoleInfo_1403_Birthday",
    "Sex": "FavorRoleInfo_1403_Sex",
    "Country": "FavorRoleInfo_1403_Country",
    "Influence": "FavorRoleInfo_1403_Influence",
    "Info": "FavorRoleInfo_1403_Info",
    "TalentName": "FavorRoleInfo_1403_TalentName",
    "TalentDoc": "FavorRoleInfo_1403_TalentDoc",
    "TalentCertification": "FavorRoleInfo_1403_TalentCertification",
    "CondGroupId": 0,
    "CVNameCn": "FavorRoleInfo_1403_CN",
    "CVNameJp": "FavorRoleInfo_1403_JP",
    "CVNameKo": "FavorRoleInfo_1403_KO",
    "CVNameEn": "FavorRoleInfo_1403_EN"
  },
  {
    "Id": 1404,
    "RoleId": 1404,
    "Birthday": "FavorRoleInfo_1404_Birthday",
    "Sex": "FavorRoleInfo_1404_Sex",
    "Country": "FavorRoleInfo_1404_Country",
    "Influence": "FavorRoleInfo_1404_Influence",
    "Info": "FavorRoleInfo_1404_Info",
    "TalentName": "FavorRoleInfo_1404_TalentName",
    "TalentDoc": "FavorRoleInfo_1404_TalentDoc",
    "TalentCertification": "FavorRoleInfo_1404_TalentCertification",
    "CondGroupId": 0,
    "CVNameCn": "FavorRoleInfo_1404_CN",
    "CVNameJp": "FavorRoleInfo_1404_JP",
    "CVNameKo": "FavorRoleInfo_1404_KO",
    "CVNameEn": "FavorRoleInfo_1404_EN"
  },
  {
    "Id": 1204,
    "RoleId": 1204,
    "Birthday": "FavorRoleInfo_1204_Birthday",
    "Sex": "FavorRoleInfo_1204_Sex",
    "Country": "FavorRoleInfo_1204_Country",
    "Influence": "FavorRoleInfo_1204_Influence",
    "Info": "FavorRoleInfo_1204_Info",
    "TalentName": "FavorRoleInfo_1204_TalentName",
    "TalentDoc": "FavorRoleInfo_1204_TalentDoc",
    "TalentCertification": "FavorRoleInfo_1204_TalentCertification",
    "CondGroupId": 0,
    "CVNameCn": "FavorRoleInfo_1204_CN",
    "CVNameJp": "FavorRoleInfo_1204_JP",
    "CVNameKo": "FavorRoleInfo_1204_KO",
    "CVNameEn": "FavorRoleInfo_1204_EN"
  },
  {
    "Id": 1301,
    "RoleId": 1301,
    "Birthday": "FavorRoleInfo_1301_Birthday",
    "Sex": "FavorRoleInfo_1301_Sex",
    "Country": "FavorRoleInfo_1301_Country",
    "Influence": "FavorRoleInfo_1301_Influence",
    "Info": "FavorRoleInfo_1301_Info",
    "TalentName": "FavorRoleInfo_1301_TalentName",
    "TalentDoc": "FavorRoleInfo_1301_TalentDoc",
    "TalentCertification": "FavorRoleInfo_1301_TalentCertification",
    "CondGroupId": 0,
    "CVNameCn": "FavorRoleInfo_1301_CN",
    "CVNameJp": "FavorRoleInfo_1301_JP",
    "CVNameKo": "FavorRoleInfo_1301_KO",
    "CVNameEn": "FavorRoleInfo_1301_EN"
  },
  {
    "Id": 1302,
    "RoleId": 1302,
    "Birthday": "FavorRoleInfo_1302_Birthday",
    "Sex": "FavorRoleInfo_1302_Sex",
    "Country": "FavorRoleInfo_1302_Country",
    "Influence": "FavorRoleInfo_1302_Influence",
    "Info": "FavorRoleInfo_1302_Info",
    "TalentName": "FavorRoleInfo_1302_TalentName",
    "TalentDoc": "FavorRoleInfo_1302_TalentDoc",
    "TalentCertification": "FavorRoleInfo_1302_TalentCertification",
    "CondGroupId": 0,
    "CVNameCn": "FavorRoleInfo_1302_CN",
    "CVNameJp": "FavorRoleInfo_1302_JP",
    "CVNameKo": "FavorRoleInfo_1302_KO",
    "CVNameEn": "FavorRoleInfo_1302_EN"
  },
  {
    "Id": 1303,
    "RoleId": 1303,
    "Birthday": "FavorRoleInfo_1303_Birthday",
    "Sex": "FavorRoleInfo_1303_Sex",
    "Country": "FavorRoleInfo_1303_Country",
    "Influence": "FavorRoleInfo_1303_Influence",
    "Info": "FavorRoleInfo_1303_Info",
    "TalentName": "FavorRoleInfo_1303_TalentName",
    "TalentDoc": "FavorRoleInfo_1303_TalentDoc",
    "TalentCertification": "FavorRoleInfo_1303_TalentCertification",
    "CondGroupId": 0,
    "CVNameCn": "FavorRoleInfo_1303_CN",
    "CVNameJp": "FavorRoleInfo_1303_JP",
    "CVNameKo": "FavorRoleInfo_1303_KO",
    "CVNameEn": "FavorRoleInfo_1303_EN"
  },
  {
    "Id": 1104,
    "RoleId": 1104,
    "Birthday": "FavorRoleInfo_1104_Birthday",
    "Sex": "FavorRoleInfo_1104_Sex",
    "Country": "FavorRoleInfo_1104_Country",
    "Influence": "FavorRoleInfo_1104_Influence",
    "Info": "FavorRoleInfo_1104_Info",
    "TalentName": "FavorRoleInfo_1104_TalentName",
    "TalentDoc": "FavorRoleInfo_1104_TalentDoc",
    "TalentCertification": "FavorRoleInfo_1104_TalentCertification",
    "CondGroupId": 0,
    "CVNameCn": "FavorRoleInfo_1104_CN",
    "CVNameJp": "FavorRoleInfo_1104_JP",
    "CVNameKo": "FavorRoleInfo_1104_KO",
    "CVNameEn": "FavorRoleInfo_1104_EN"
  },
  {
    "Id": 1405,
    "RoleId": 1405,
    "Birthday": "FavorRoleInfo_1405_Birthday",
    "Sex": "FavorRoleInfo_1405_Sex",
    "Country": "FavorRoleInfo_1405_Country",
    "Influence": "FavorRoleInfo_1405_Influence",
    "Info": "FavorRoleInfo_1405_Info",
    "TalentName": "FavorRoleInfo_1405_TalentName",
    "TalentDoc": "FavorRoleInfo_1405_TalentDoc",
    "TalentCertification": "FavorRoleInfo_1405_TalentCertification",
    "CondGroupId": 0,
    "CVNameCn": "FavorRoleInfo_1405_CN",
    "CVNameJp": "FavorRoleInfo_1405_JP",
    "CVNameKo": "FavorRoleInfo_1405_KO",
    "CVNameEn": "FavorRoleInfo_1405_EN"
  },
  {
    "Id": 1304,
    "RoleId": 1304,
    "Birthday": "FavorRoleInfo_1304_Birthday",
    "Sex": "FavorRoleInfo_1304_Sex",
    "Country": "FavorRoleInfo_1304_Country",
    "Influence": "FavorRoleInfo_1304_Influence",
    "Info": "FavorRoleInfo_1304_Info",
    "TalentName": "FavorRoleInfo_1304_TalentName",
    "TalentDoc": "FavorRoleInfo_1304_TalentDoc",
    "TalentCertification": "FavorRoleInfo_1304_TalentCertification",
    "CondGroupId": 0,
    "CVNameCn": "FavorRoleInfo_1304_CN",
    "CVNameJp": "FavorRoleInfo_1304_JP",
    "CVNameKo": "FavorRoleInfo_1304_KO",
    "CVNameEn": "FavorRoleInfo_1304_EN"
  },
  {
    "Id": 1205,
    "RoleId": 1205,
    "Birthday": "FavorRoleInfo_1205_Birthday",
    "Sex": "FavorRoleInfo_1205_Sex",
    "Country": "FavorRoleInfo_1205_Country",
    "Influence": "FavorRoleInfo_1205_Influence",
    "Info": "FavorRoleInfo_1205_Info",
    "TalentName": "FavorRoleInfo_1205_TalentName",
    "TalentDoc": "FavorRoleInfo_1205_TalentDoc",
    "TalentCertification": "FavorRoleInfo_1205_TalentCertification",
    "CondGroupId": 0,
    "CVNameCn": "FavorRoleInfo_1205_CN",
    "CVNameJp": "FavorRoleInfo_1205_JP",
    "CVNameKo": "FavorRoleInfo_1205_KO",
    "CVNameEn": "FavorRoleInfo_1205_EN"
  },
  {
    "Id": 1605,
    "RoleId": 1605,
    "Birthday": "FavorRoleInfo_1501_Birthday",
    "Sex": "FavorRoleInfo_1501_Sex",
    "Country": "FavorRoleInfo_1501_Country",
    "Influence": "FavorRoleInfo_1501_Influence",
    "Info": "FavorRoleInfo_1501_Info",
    "TalentName": "FavorRoleInfo_1501_TalentName",
    "TalentDoc": "FavorRoleInfo_1501_TalentDoc",
    "TalentCertification": "FavorRoleInfo_1501_TalentCertification",
    "CondGroupId": 0,
    "CVNameCn": "FavorRoleInfo_1501_CN",
    "CVNameJp": "FavorRoleInfo_1501_JP",
    "CVNameKo": "FavorRoleInfo_1501_KO",
    "CVNameEn": "FavorRoleInfo_1501_EN"
  },
  {
    "Id": 1604,
    "RoleId": 1604,
    "Birthday": "FavorRoleInfo_1502_Birthday",
    "Sex": "FavorRoleInfo_1502_Sex",
    "Country": "FavorRoleInfo_1502_Country",
    "Influence": "FavorRoleInfo_1502_Influence",
    "Info": "FavorRoleInfo_1502_Info",
    "TalentName": "FavorRoleInfo_1502_TalentName",
    "TalentDoc": "FavorRoleInfo_1502_TalentDoc",
    "TalentCertification": "FavorRoleInfo_1502_TalentCertification",
    "CondGroupId": 0,
    "CVNameCn": "FavorRoleInfo_1502_CN",
    "CVNameJp": "FavorRoleInfo_1502_JP",
    "CVNameKo": "FavorRoleInfo_1502_KO",
    "CVNameEn": "FavorRoleInfo_1502_EN"
  },
  {
    "Id": 1105,
    "RoleId": 1105,
    "Birthday": "FavorRoleInfo_1105_Birthday",
    "Sex": "FavorRoleInfo_1105_Sex",
    "Country": "FavorRoleInfo_1105_Country",
    "Influence": "FavorRoleInfo_1105_Influence",
    "Info": "FavorRoleInfo_1105_Info",
    "TalentName": "FavorRoleInfo_1105_TalentName",
    "TalentDoc": "FavorRoleInfo_1105_TalentDoc",
    "TalentCertification": "FavorRoleInfo_1105_TalentCertification",
    "CondGroupId": 0,
    "CVNameCn": "FavorRoleInfo_1105_CN",
    "CVNameJp": "FavorRoleInfo_1105_JP",
    "CVNameKo": "FavorRoleInfo_1105_KO",
    "CVNameEn": "FavorRoleInfo_1105_EN"
  },
  {
    "Id": 1305,
    "RoleId": 1305,
    "Birthday": "FavorRoleInfo_1305_Birthday",
    "Sex": "FavorRoleInfo_1305_Sex",
    "Country": "FavorRoleInfo_1305_Country",
    "Influence": "FavorRoleInfo_1305_Influence",
    "Info": "FavorRoleInfo_1305_Info",
    "TalentName": "FavorRoleInfo_1305_TalentName",
    "TalentDoc": "FavorRoleInfo_1305_TalentDoc",
    "TalentCertification": "FavorRoleInfo_1305_TalentCertification",
    "CondGroupId": 0,
    "CVNameCn": "FavorRoleInfo_1305_CN",
    "CVNameJp": "FavorRoleInfo_1305_JP",
    "CVNameKo": "FavorRoleInfo_1305_KO",
    "CVNameEn": "FavorRoleInfo_1305_EN"
  },
  {
    "Id": 1505,
    "RoleId": 1505,
    "Birthday": "FavorRoleInfo_1505_Birthday",
    "Sex": "FavorRoleInfo_1505_Sex",
    "Country": "FavorRoleInfo_1505_Country",
    "Influence": "FavorRoleInfo_1505_Influence",
    "Info": "FavorRoleInfo_1505_Info",
    "TalentName": "FavorRoleInfo_1505_TalentName",
    "TalentDoc": "FavorRoleInfo_1505_TalentDoc",
    "TalentCertification": "FavorRoleInfo_1505_TalentCertification",
    "CondGroupId": 0,
    "CVNameCn": "FavorRoleInfo_1505_CN",
    "CVNameJp": "FavorRoleInfo_1505_JP",
    "CVNameKo": "FavorRoleInfo_1505_KO",
    "CVNameEn": "FavorRoleInfo_1505_EN"
  },
  {
    "Id": 1106,
    "RoleId": 1106,
    "Birthday": "FavorRoleInfo_1106_Birthday",
    "Sex": "FavorRoleInfo_1106_Sex",
    "Country": "FavorRoleInfo_1106_Country",
    "Influence": "FavorRoleInfo_1106_Influence",
    "Info": "FavorRoleInfo_1106_Info",
    "TalentName": "FavorRoleInfo_1106_TalentName",
    "TalentDoc": "FavorRoleInfo_1106_TalentDoc",
    "TalentCertification": "FavorRoleInfo_1106_TalentCertification",
    "CondGroupId": 0,
    "CVNameCn": "FavorRoleInfo_1106_CN",
    "CVNameJp": "FavorRoleInfo_1106_JP",
    "CVNameKo": "FavorRoleInfo_1106_KO",
    "CVNameEn": "FavorRoleInfo_1106_EN"
  }
]