[
  {
    "Id": 101,
    "Rank": 100,
    "BgResourceLight": "/Game/Aki/UI/UIResources/UiActivity/Atlas/ActivityProcessMemory/SP_ActivityProcessMemoryIconLight.SP_ActivityProcessMemoryIconLight",
    "BgResource": "/Game/Aki/UI/UIResources/UiActivity/Atlas/ActivityProcessMemory/SP_ActivityProcessMemoryIconNor.SP_ActivityProcessMemoryIconNor",
    "TopicTexture": "/Game/Aki/UI/UIResources/UiActivity/Image/ActivityProcessMemory/T_ActivityProcessMemoryPix01.T_ActivityProcessMemoryPix01",
    "Title": "PhotoMemory_101_Title",
    "ClueId": 1,
    "ConditionGroupId": 13000069
  },
  {
    "Id": 102,
    "Rank": 102,
    "BgResourceLight": "/Game/Aki/UI/UIResources/UiActivity/Atlas/ActivityProcessMemory/SP_ActivityHeihaianIconLight.SP_ActivityHeihaianIconLight",
    "BgResource": "/Game/Aki/UI/UIResources/UiActivity/Atlas/ActivityProcessMemory/SP_ActivityHeihaianIconNor.SP_ActivityHeihaianIconNor",
    "TopicTexture": "/Game/Aki/UI/UIResources/UiActivity/Image/ActivityProcessMemory/T_ActivityProcessMemoryPix02.T_ActivityProcessMemoryPix02",
    "Title": "PhotoMemory_102_Title",
    "ClueId": 1,
    "ConditionGroupId": 13000100
  }
]