[
  {
    "Id": 10101,
    "TopicID": 101,
    "Type": 1,
    "Rank": 100,
    "ThemeBg": "",
    "BgResourceM": "/Game/Aki/UI/UIResources/Common/Image/BgCgBig/T_ProcessMemoryBg105.T_ProcessMemoryBg105",
    "BgResourceF": "/Game/Aki/UI/UIResources/Common/Image/BgCgBig/T_ProcessMemoryBg105.T_ProcessMemoryBg105",
    "Title": "PhotoMemory_10101_Title",
    "TipsDesc": "PhotoMemory_10105_Tips",
    "ClueId": 0,
    "Desc": "PhotoMemory_10105_Desc",
    "DropId": 5040120,
    "TraceEntityId": 0,
    "TraceMarkId": 0,
    "QuestId": 0,
    "QuestIdList": {
      "PKa": [],
      "length": 0
    }
  },
  {
    "Id": 10102,
    "TopicID": 101,
    "Type": 1,
    "Rank": 101,
    "ThemeBg": "",
    "BgResourceM": "/Game/Aki/UI/UIResources/Common/Image/BgCgBig/T_ProcessMemoryBg102.T_ProcessMemoryBg102",
    "BgResourceF": "/Game/Aki/UI/UIResources/Common/Image/BgCgBig/T_ProcessMemoryBg102.T_ProcessMemoryBg102",
    "Title": "PhotoMemory_10102_Title",
    "TipsDesc": "PhotoMemory_10102_Tips",
    "ClueId": 0,
    "Desc": "PhotoMemory_10102_Desc",
    "DropId": 5040121,
    "TraceEntityId": 11900187,
    "TraceMarkId": 7531,
    "QuestId": 0,
    "QuestIdList": {
      "PKa": [],
      "length": 0
    }
  },
  {
    "Id": 10103,
    "TopicID": 101,
    "Type": 1,
    "Rank": 102,
    "ThemeBg": "",
    "BgResourceM": "/Game/Aki/UI/UIResources/Common/Image/BgCgBig/T_ProcessMemoryBg103.T_ProcessMemoryBg103",
    "BgResourceF": "/Game/Aki/UI/UIResources/Common/Image/BgCgBig/T_ProcessMemoryBg103.T_ProcessMemoryBg103",
    "Title": "PhotoMemory_10103_Title",
    "TipsDesc": "PhotoMemory_10103_Tips",
    "ClueId": 0,
    "Desc": "PhotoMemory_10103_Desc",
    "DropId": 5040122,
    "TraceEntityId": 11900190,
    "TraceMarkId": 7532,
    "QuestId": 0,
    "QuestIdList": {
      "PKa": [],
      "length": 0
    }
  },
  {
    "Id": 10104,
    "TopicID": 101,
    "Type": 1,
    "Rank": 103,
    "ThemeBg": "",
    "BgResourceM": "/Game/Aki/UI/UIResources/Common/Image/BgCgBig/T_ProcessMemoryBg104.T_ProcessMemoryBg104",
    "BgResourceF": "/Game/Aki/UI/UIResources/Common/Image/BgCgBig/T_ProcessMemoryBg104.T_ProcessMemoryBg104",
    "Title": "PhotoMemory_10104_Title",
    "TipsDesc": "PhotoMemory_10104_Tips",
    "ClueId": 0,
    "Desc": "PhotoMemory_10104_Desc",
    "DropId": 5040123,
    "TraceEntityId": 11900197,
    "TraceMarkId": 7533,
    "QuestId": 0,
    "QuestIdList": {
      "PKa": [],
      "length": 0
    }
  },
  {
    "Id": 10105,
    "TopicID": 101,
    "Type": 1,
    "Rank": 104,
    "ThemeBg": "",
    "BgResourceM": "/Game/Aki/UI/UIResources/Common/Image/BgCgBig/T_ProcessMemoryBg101.T_ProcessMemoryBg101",
    "BgResourceF": "/Game/Aki/UI/UIResources/Common/Image/BgCgBig/T_ProcessMemoryBg101.T_ProcessMemoryBg101",
    "Title": "PhotoMemory_10105_Title",
    "TipsDesc": "PhotoMemory_10101_Tips",
    "ClueId": 0,
    "Desc": "PhotoMemory_10101_Desc",
    "DropId": 5040124,
    "TraceEntityId": 11900183,
    "TraceMarkId": 7530,
    "QuestId": 0,
    "QuestIdList": {
      "PKa": [],
      "length": 0
    }
  },
  {
    "Id": 10106,
    "TopicID": 101,
    "Type": 1,
    "Rank": 105,
    "ThemeBg": "",
    "BgResourceM": "/Game/Aki/UI/UIResources/Common/Image/BgCgBig/T_ProcessMemoryBg106.T_ProcessMemoryBg106",
    "BgResourceF": "/Game/Aki/UI/UIResources/Common/Image/BgCgBig/T_ProcessMemoryBg106.T_ProcessMemoryBg106",
    "Title": "PhotoMemory_10106_Title",
    "TipsDesc": "PhotoMemory_10106_Tips",
    "ClueId": 0,
    "Desc": "PhotoMemory_10106_Desc",
    "DropId": 5040125,
    "TraceEntityId": 11900215,
    "TraceMarkId": 7535,
    "QuestId": 0,
    "QuestIdList": {
      "PKa": [],
      "length": 0
    }
  },
  {
    "Id": 10107,
    "TopicID": 101,
    "Type": 1,
    "Rank": 106,
    "ThemeBg": "",
    "BgResourceM": "/Game/Aki/UI/UIResources/Common/Image/BgCgBig/T_ProcessMemoryBg108.T_ProcessMemoryBg108",
    "BgResourceF": "/Game/Aki/UI/UIResources/Common/Image/BgCgBig/T_ProcessMemoryBg108.T_ProcessMemoryBg108",
    "Title": "PhotoMemory_10107_Title",
    "TipsDesc": "PhotoMemory_10107_Tips",
    "ClueId": 0,
    "Desc": "PhotoMemory_10107_Desc",
    "DropId": 5040126,
    "TraceEntityId": 11900198,
    "TraceMarkId": 7536,
    "QuestId": 0,
    "QuestIdList": {
      "PKa": [],
      "length": 0
    }
  },
  {
    "Id": 10108,
    "TopicID": 101,
    "Type": 1,
    "Rank": 107,
    "ThemeBg": "",
    "BgResourceM": "/Game/Aki/UI/UIResources/Common/Image/BgCgBig/T_ProcessMemoryBg109.T_ProcessMemoryBg109",
    "BgResourceF": "/Game/Aki/UI/UIResources/Common/Image/BgCgBig/T_ProcessMemoryBg109.T_ProcessMemoryBg109",
    "Title": "PhotoMemory_10108_Title",
    "TipsDesc": "PhotoMemory_10108_Tips",
    "ClueId": 0,
    "Desc": "PhotoMemory_10108_Desc",
    "DropId": 5040127,
    "TraceEntityId": 11900200,
    "TraceMarkId": 7537,
    "QuestId": 0,
    "QuestIdList": {
      "PKa": [],
      "length": 0
    }
  },
  {
    "Id": 10109,
    "TopicID": 101,
    "Type": 1,
    "Rank": 108,
    "ThemeBg": "",
    "BgResourceM": "/Game/Aki/UI/UIResources/Common/Image/BgCgBig/T_ProcessMemoryBg110.T_ProcessMemoryBg110",
    "BgResourceF": "/Game/Aki/UI/UIResources/Common/Image/BgCgBig/T_ProcessMemoryBg110.T_ProcessMemoryBg110",
    "Title": "PhotoMemory_10109_Title",
    "TipsDesc": "PhotoMemory_10109_Tips",
    "ClueId": 0,
    "Desc": "PhotoMemory_10109_Desc",
    "DropId": 5040128,
    "TraceEntityId": 11900205,
    "TraceMarkId": 7538,
    "QuestId": 0,
    "QuestIdList": {
      "PKa": [],
      "length": 0
    }
  },
  {
    "Id": 10201,
    "TopicID": 102,
    "Type": 1,
    "Rank": 1,
    "ThemeBg": "",
    "BgResourceM": "/Game/Aki/UI/UIResources/Common/Image/BgCgBig/T_ProcessMemoryBg201.T_ProcessMemoryBg201",
    "BgResourceF": "/Game/Aki/UI/UIResources/Common/Image/BgCgBig/T_ProcessMemoryBg201.T_ProcessMemoryBg201",
    "Title": "PhotoMemory_10201_Title",
    "TipsDesc": "PhotoMemory_10201_Tips",
    "ClueId": 0,
    "Desc": "PhotoMemory_10201_Desc",
    "DropId": 5060101,
    "TraceEntityId": 0,
    "TraceMarkId": 0,
    "QuestId": 152750007,
    "QuestIdList": [
      152750007,
      152750008
    ]
  },
  {
    "Id": 10202,
    "TopicID": 102,
    "Type": 1,
    "Rank": 2,
    "ThemeBg": "",
    "BgResourceM": "/Game/Aki/UI/UIResources/Common/Image/BgCgBig/T_ProcessMemoryBg202.T_ProcessMemoryBg202",
    "BgResourceF": "/Game/Aki/UI/UIResources/Common/Image/BgCgBig/T_ProcessMemoryBg202.T_ProcessMemoryBg202",
    "Title": "PhotoMemory_10202_Title",
    "TipsDesc": "PhotoMemory_10202_Tips",
    "ClueId": 0,
    "Desc": "PhotoMemory_10202_Desc",
    "DropId": 5060102,
    "TraceEntityId": 0,
    "TraceMarkId": 0,
    "QuestId": 152750008,
    "QuestIdList": [
      152750007,
      152750008
    ]
  },
  {
    "Id": 10203,
    "TopicID": 102,
    "Type": 1,
    "Rank": 3,
    "ThemeBg": "",
    "BgResourceM": "/Game/Aki/UI/UIResources/Common/Image/BgCgBig/T_ProcessMemoryBg203.T_ProcessMemoryBg203",
    "BgResourceF": "/Game/Aki/UI/UIResources/Common/Image/BgCgBig/T_ProcessMemoryBg203.T_ProcessMemoryBg203",
    "Title": "PhotoMemory_10203_Title",
    "TipsDesc": "PhotoMemory_10203_Tips",
    "ClueId": 0,
    "Desc": "PhotoMemory_10203_Desc",
    "DropId": 5060103,
    "TraceEntityId": 0,
    "TraceMarkId": 0,
    "QuestId": 152750008,
    "QuestIdList": [
      152750007,
      152750008
    ]
  },
  {
    "Id": 10204,
    "TopicID": 102,
    "Type": 1,
    "Rank": 4,
    "ThemeBg": "",
    "BgResourceM": "/Game/Aki/UI/UIResources/Common/Image/BgCgBig/T_ProcessMemoryBg204.T_ProcessMemoryBg204",
    "BgResourceF": "/Game/Aki/UI/UIResources/Common/Image/BgCgBig/T_ProcessMemoryBg204.T_ProcessMemoryBg204",
    "Title": "PhotoMemory_10204_Title",
    "TipsDesc": "PhotoMemory_10204_Tips",
    "ClueId": 0,
    "Desc": "PhotoMemory_10204_Desc",
    "DropId": 5060104,
    "TraceEntityId": 0,
    "TraceMarkId": 0,
    "QuestId": 152750008,
    "QuestIdList": [
      152750007,
      152750008
    ]
  },
  {
    "Id": 10205,
    "TopicID": 102,
    "Type": 1,
    "Rank": 5,
    "ThemeBg": "",
    "BgResourceM": "/Game/Aki/UI/UIResources/Common/Image/BgCgBig/T_ProcessMemoryBg205.T_ProcessMemoryBg205",
    "BgResourceF": "/Game/Aki/UI/UIResources/Common/Image/BgCgBig/T_ProcessMemoryBg205.T_ProcessMemoryBg205",
    "Title": "PhotoMemory_10205_Title",
    "TipsDesc": "PhotoMemory_10205_Tips",
    "ClueId": 0,
    "Desc": "PhotoMemory_10205_Desc",
    "DropId": 5060105,
    "TraceEntityId": 0,
    "TraceMarkId": 0,
    "QuestId": 151000001,
    "QuestIdList": [
      151000000,
      151000001
    ]
  },
  {
    "Id": 10206,
    "TopicID": 102,
    "Type": 1,
    "Rank": 6,
    "ThemeBg": "",
    "BgResourceM": "/Game/Aki/UI/UIResources/Common/Image/BgCgBig/T_ProcessMemoryBg206.T_ProcessMemoryBg206",
    "BgResourceF": "/Game/Aki/UI/UIResources/Common/Image/BgCgBig/T_ProcessMemoryBg206.T_ProcessMemoryBg206",
    "Title": "PhotoMemory_10206_Title",
    "TipsDesc": "PhotoMemory_10206_Tips",
    "ClueId": 0,
    "Desc": "PhotoMemory_10206_Desc",
    "DropId": 5060106,
    "TraceEntityId": 0,
    "TraceMarkId": 0,
    "QuestId": 151000001,
    "QuestIdList": [
      151000000,
      151000001
    ]
  }
]