[
  {
    "FuncId": 10001,
    "FuncName": "FunctionMenu_10053_FunctionName",
    "FuncMenuIconPath": "/Game/Aki/UI/UIResources/UiFunc/Atlas/SP_FuncIconActivity.SP_FuncIconActivity",
    "FuncMenuSequence": 1,
    "AutoEquip": true,
    "UnlockCondition": 10053
  },
  {
    "FuncId": 10002,
    "FuncName": "FunctionMenu_10010_FunctionName",
    "FuncMenuIconPath": "/Game/Aki/UI/UIResources/UiFunc/Atlas/SP_FuncIconShop.SP_FuncIconShop",
    "FuncMenuSequence": 2,
    "AutoEquip": false,
    "UnlockCondition": 10010
  },
  {
    "FuncId": 10004,
    "FuncName": "FunctionMenu_10009_FunctionName",
    "FuncMenuIconPath": "/Game/Aki/UI/UIResources/UiFunc/Atlas/SP_FuncIconGacha.SP_FuncIconGacha",
    "FuncMenuSequence": 4,
    "AutoEquip": true,
    "UnlockCondition": 10009
  },
  {
    "FuncId": 10003,
    "FuncName": "FunctionMenu_10040_FunctionName",
    "FuncMenuIconPath": "/Game/Aki/UI/UIResources/UiFunc/Atlas/SP_FuncIconBp.SP_FuncIconBp",
    "FuncMenuSequence": 3,
    "AutoEquip": true,
    "UnlockCondition": 10040
  },
  {
    "FuncId": 10005,
    "FuncName": "FunctionMenu_10001_FunctionName",
    "FuncMenuIconPath": "/Game/Aki/UI/UIResources/UiFunc/Atlas/SP_FuncIconRole.SP_FuncIconRole",
    "FuncMenuSequence": 5,
    "AutoEquip": true,
    "UnlockCondition": 10001
  },
  {
    "FuncId": 10006,
    "FuncName": "FunctionMenu_10007_FunctionName",
    "FuncMenuIconPath": "/Game/Aki/UI/UIResources/UiFunc/Atlas/SP_FuncIconTeam.SP_FuncIconTeam",
    "FuncMenuSequence": 6,
    "AutoEquip": true,
    "UnlockCondition": 10007
  },
  {
    "FuncId": 10007,
    "FuncName": "FunctionMenu_10041_FunctionName",
    "FuncMenuIconPath": "/Game/Aki/UI/UIResources/UiFunc/Atlas/SP_FuncIconMonster.SP_FuncIconMonster",
    "FuncMenuSequence": 7,
    "AutoEquip": false,
    "UnlockCondition": 10003
  },
  {
    "FuncId": 10008,
    "FuncName": "FunctionMenu_10022_FunctionName",
    "FuncMenuIconPath": "/Game/Aki/UI/UIResources/UiFunc/Atlas/SP_FuncIconBaike2.SP_FuncIconBaike2",
    "FuncMenuSequence": 8,
    "AutoEquip": false,
    "UnlockCondition": 10022
  },
  {
    "FuncId": 10009,
    "FuncName": "FunctionMenu_10023_FunctionName",
    "FuncMenuIconPath": "/Game/Aki/UI/UIResources/UiFunc/Atlas/SP_FuncIconManual.SP_FuncIconManual",
    "FuncMenuSequence": 9,
    "AutoEquip": true,
    "UnlockCondition": 10023
  },
  {
    "FuncId": 10010,
    "FuncName": "FunctionMenu_10004_FunctionName",
    "FuncMenuIconPath": "/Game/Aki/UI/UIResources/UiFunc/Atlas/SP_FuncIconRenwu.SP_FuncIconRenwu",
    "FuncMenuSequence": 10,
    "AutoEquip": true,
    "UnlockCondition": 10004
  },
  {
    "FuncId": 10011,
    "FuncName": "FunctionMenu_10011_FunctionName",
    "FuncMenuIconPath": "/Game/Aki/UI/UIResources/UiFunc/Atlas/SP_FuncIconFriends.SP_FuncIconFriends",
    "FuncMenuSequence": 11,
    "AutoEquip": false,
    "UnlockCondition": 10011
  },
  {
    "FuncId": 10012,
    "FuncName": "FunctionMenu_10013_FunctionName",
    "FuncMenuIconPath": "/Game/Aki/UI/UIResources/UiFunc/Atlas/SP_FuncIconAchievement.SP_FuncIconAchievement",
    "FuncMenuSequence": 12,
    "AutoEquip": false,
    "UnlockCondition": 10013
  },
  {
    "FuncId": 10013,
    "FuncName": "FunctionMenu_10015_FunctionName",
    "FuncMenuIconPath": "/Game/Aki/UI/UIResources/UiFunc/Atlas/SP_FuncIconMap.SP_FuncIconMap",
    "FuncMenuSequence": 13,
    "AutoEquip": false,
    "UnlockCondition": 10015
  },
  {
    "FuncId": 10014,
    "FuncName": "FunctionMenu_10002_FunctionName",
    "FuncMenuIconPath": "/Game/Aki/UI/UIResources/UiFunc/Atlas/SP_FuncIconBag.SP_FuncIconBag",
    "FuncMenuSequence": 14,
    "AutoEquip": true,
    "UnlockCondition": 10002
  },
  {
    "FuncId": 10015,
    "FuncName": "FunctionMenu_10026_FunctionName",
    "FuncMenuIconPath": "/Game/Aki/UI/UIResources/UiFunc/Atlas/SP_FuncIconExplore.SP_FuncIconExplore",
    "FuncMenuSequence": 15,
    "AutoEquip": false,
    "UnlockCondition": 10026
  },
  {
    "FuncId": 10016,
    "FuncName": "FunctionMenu_10051_FunctionName",
    "FuncMenuIconPath": "/Game/Aki/UI/UIResources/UiFunc/Atlas/SP_FuncIconTujian.SP_FuncIconTujian",
    "FuncMenuSequence": 16,
    "AutoEquip": false,
    "UnlockCondition": 10051
  }
]