[
  {
    "Id": 0,
    "Title": "RoleInfluence_0_Title",
    "BackGround": "",
    "InfluenceId": 0,
    "CountryId": 0,
    "FilterIcon": "/Game/Aki/UI/UIResources/UiRole/Atlas/SP_RoleTabQuanBu.SP_RoleTabQuanBu",
    "Role": {
      "ArrayInt": [
        1103,
        1402,
        1202,
        1203,
        1404,
        1302,
        1104
      ]
    }
  },
  {
    "Id": 2,
    "Title": "RoleInfluence_2_Title",
    "BackGround": "/Game/Aki/UI/UIResources/UiQuest/Image/BG/T_IconChuanShubg_UI.T_IconChuanShubg_UI",
    "InfluenceId": 0,
    "CountryId": 0,
    "FilterIcon": "/Game/Aki/UI/UIResources/UiRole/Atlas/SP_RoleTabHeiHaiAn.SP_RoleTabHeiHaiAn",
    "Role": {
      "ArrayInt": [
        1203
      ]
    }
  },
  {
    "Id": 1,
    "Title": "RoleInfluence_1_Title",
    "BackGround": "/Game/Aki/UI/UIResources/UiQuest/Image/BG/T_IconChuanShubg_UI.T_IconChuanShubg_UI",
    "InfluenceId": 0,
    "CountryId": 1,
    "FilterIcon": "/Game/Aki/UI/UIResources/UiRole/Atlas/SP_RoleTabHuangLong.SP_RoleTabHuangLong",
    "Role": {
      "ArrayInt": [
        1103,
        1402,
        1202,
        1404,
        1302,
        1104
      ]
    }
  }
]