[
  {
    "Id": "1",
    "Name": "测试摩斯码",
    "Type": 1,
    "MorseCode": "22201110222",
    "Difficulty": 1
  },
  {
    "Id": "2",
    "Name": "测试摩斯码2",
    "Type": 1,
    "MorseCode": "22201110222",
    "Difficulty": 1
  },
  {
    "Id": "3",
    "Name": "忌炎线",
    "Type": 1,
    "MorseCode": "1111010121101221",
    "Difficulty": 2
  },
  {
    "Id": "4",
    "Name": "测试发送信号",
    "Type": 2,
    "MorseCode": "011110101211012210",
    "Difficulty": 2
  },
  {
    "Id": "5",
    "Name": "主线检查身体",
    "Type": 1,
    "MorseCode": "20011111001020122111",
    "Difficulty": 3
  },
  {
    "Id": "6",
    "Name": "吟霖线",
    "Type": 2,
    "MorseCode": "111022201110001121011012022022012",
    "Difficulty": 4
  },
  {
    "Id": "7",
    "Name": "千歆支线",
    "Type": 2,
    "MorseCode": "1210120122220222110122220222210221",
    "Difficulty": 800001
  },
  {
    "Id": "10001",
    "Name": "七天拔剑",
    "Type": 3,
    "MorseCode": "000000000010100010100000001010001010100001100010101001000110000110100000001000101011101010111010100111101001110110111010101110101001111010011110000000",
    "Difficulty": 900001
  }
]