[
  {
    "Id": 1,
    "Type": "测试0",
    "IncludedTags": [
      "行为状态.位置状态.次状态",
      "行为状态.位置状态.次状态.水面"
    ],
    "ExcludedTags": [
      "战斗状态.行为限制.禁止攀爬"
    ],
    "CreatorId": 843,
    "Remark": "Empty"
  },
  {
    "Id": 2,
    "Type": "通用交互限制",
    "IncludedTags": {
      "PKa": [],
      "length": 0
    },
    "ExcludedTags": [
      "行为状态.逻辑状态.技能中"
    ],
    "CreatorId": 657,
    "Remark": "通用的交互tag限制"
  },
  {
    "Id": 3,
    "Type": "声骸非霸体",
    "IncludedTags": {
      "PKa": [],
      "length": 0
    },
    "ExcludedTags": [
      "怪物.common.状态标识.霸体"
    ],
    "CreatorId": 122,
    "Remark": "声骸处于非霸体状态"
  }
]