[
  {
    "Id": 5001,
    "MiniMapVisible": true,
    "TopButtonVisible": true,
    "HomeButtonVisible": true,
    "RoleStateVisible": true,
    "ChatVisible": false,
    "FormationVisible": false,
    "JoystickType": 1
  },
  {
    "Id": 5002,
    "MiniMapVisible": true,
    "TopButtonVisible": true,
    "HomeButtonVisible": true,
    "RoleStateVisible": true,
    "ChatVisible": false,
    "FormationVisible": false,
    "JoystickType": 0
  },
  {
    "Id": 5003,
    "MiniMapVisible": true,
    "TopButtonVisible": true,
    "HomeButtonVisible": true,
    "RoleStateVisible": true,
    "ChatVisible": false,
    "FormationVisible": false,
    "JoystickType": 0
  },
  {
    "Id": 5004,
    "MiniMapVisible": true,
    "TopButtonVisible": true,
    "HomeButtonVisible": true,
    "RoleStateVisible": true,
    "ChatVisible": false,
    "FormationVisible": false,
    "JoystickType": 0
  },
  {
    "Id": 5005,
    "MiniMapVisible": true,
    "TopButtonVisible": true,
    "HomeButtonVisible": true,
    "RoleStateVisible": true,
    "ChatVisible": false,
    "FormationVisible": false,
    "JoystickType": 0
  },
  {
    "Id": 5006,
    "MiniMapVisible": true,
    "TopButtonVisible": true,
    "HomeButtonVisible": true,
    "RoleStateVisible": false,
    "ChatVisible": false,
    "FormationVisible": false,
    "JoystickType": 0
  },
  {
    "Id": 5007,
    "MiniMapVisible": true,
    "TopButtonVisible": true,
    "HomeButtonVisible": true,
    "RoleStateVisible": true,
    "ChatVisible": false,
    "FormationVisible": false,
    "JoystickType": 0
  },
  {
    "Id": 5008,
    "MiniMapVisible": false,
    "TopButtonVisible": false,
    "HomeButtonVisible": true,
    "RoleStateVisible": true,
    "ChatVisible": false,
    "FormationVisible": false,
    "JoystickType": 0
  },
  {
    "Id": 5009,
    "MiniMapVisible": true,
    "TopButtonVisible": true,
    "HomeButtonVisible": true,
    "RoleStateVisible": true,
    "ChatVisible": false,
    "FormationVisible": false,
    "JoystickType": 0
  },
  {
    "Id": 5010,
    "MiniMapVisible": false,
    "TopButtonVisible": false,
    "HomeButtonVisible": true,
    "RoleStateVisible": false,
    "ChatVisible": false,
    "FormationVisible": false,
    "JoystickType": 0
  },
  {
    "Id": 5011,
    "MiniMapVisible": true,
    "TopButtonVisible": true,
    "HomeButtonVisible": true,
    "RoleStateVisible": true,
    "ChatVisible": false,
    "FormationVisible": false,
    "JoystickType": 0
  },
  {
    "Id": 5012,
    "MiniMapVisible": false,
    "TopButtonVisible": false,
    "HomeButtonVisible": false,
    "RoleStateVisible": false,
    "ChatVisible": false,
    "FormationVisible": false,
    "JoystickType": 2
  },
  {
    "Id": 5013,
    "MiniMapVisible": true,
    "TopButtonVisible": true,
    "HomeButtonVisible": true,
    "RoleStateVisible": false,
    "ChatVisible": false,
    "FormationVisible": false,
    "JoystickType": 0
  },
  {
    "Id": 5014,
    "MiniMapVisible": true,
    "TopButtonVisible": true,
    "HomeButtonVisible": true,
    "RoleStateVisible": false,
    "ChatVisible": false,
    "FormationVisible": false,
    "JoystickType": 0
  },
  {
    "Id": 5015,
    "MiniMapVisible": true,
    "TopButtonVisible": true,
    "HomeButtonVisible": true,
    "RoleStateVisible": false,
    "ChatVisible": false,
    "FormationVisible": false,
    "JoystickType": 0
  },
  {
    "Id": 5016,
    "MiniMapVisible": true,
    "TopButtonVisible": true,
    "HomeButtonVisible": true,
    "RoleStateVisible": false,
    "ChatVisible": false,
    "FormationVisible": false,
    "JoystickType": 0
  }
]