[
  {
    "Id": 2,
    "InitialLevel": 0,
    "LevelLimit": 70,
    "LevelUpExp": 1000,
    "ConsumeId": 3,
    "ConsumeCount": 100,
    "IsRecurringLevel": false,
    "FreeRecurringReward": {},
    "PayRecurringReward": {},
    "RecurringLevelExp": 1000,
    "WeekExpLimit": 10000,
    "ExclusiveRewardPath": "/Game/Aki/UI/UIResources/UiBp/Image/T_BpWeapon1_UI.T_BpWeapon1_UI"
  },
  {
    "Id": 1,
    "InitialLevel": 0,
    "LevelLimit": 70,
    "LevelUpExp": 1000,
    "ConsumeId": 3,
    "ConsumeCount": 100,
    "IsRecurringLevel": false,
    "FreeRecurringReward": {},
    "PayRecurringReward": {},
    "RecurringLevelExp": 1000,
    "WeekExpLimit": 10000,
    "ExclusiveRewardPath": "/Game/Aki/UI/UIResources/UiBp/Image/T_BpWeapon1_UI.T_BpWeapon1_UI"
  },
  {
    "Id": 3,
    "InitialLevel": 0,
    "LevelLimit": 70,
    "LevelUpExp": 1000,
    "ConsumeId": 3,
    "ConsumeCount": 100,
    "IsRecurringLevel": false,
    "FreeRecurringReward": {},
    "PayRecurringReward": {},
    "RecurringLevelExp": 1000,
    "WeekExpLimit": 10000,
    "ExclusiveRewardPath": "/Game/Aki/UI/UIResources/UiBp/Image/T_BpWeapon1_UI.T_BpWeapon1_UI"
  },
  {
    "Id": 4,
    "InitialLevel": 0,
    "LevelLimit": 70,
    "LevelUpExp": 1000,
    "ConsumeId": 3,
    "ConsumeCount": 100,
    "IsRecurringLevel": false,
    "FreeRecurringReward": {},
    "PayRecurringReward": {},
    "RecurringLevelExp": 1000,
    "WeekExpLimit": 10000,
    "ExclusiveRewardPath": "/Game/Aki/UI/UIResources/UiBp/Image/T_BpWeapon1_UI.T_BpWeapon1_UI"
  }
]