[
  {
    "TpyeID": 1,
    "UnlockTitle": "Text_BattlePassUnlockTitle1_Text",
    "UnlockText": "Text_BattlePassUnlockText1_Text",
    "UnlockReward": {
      "size": 9
    }
  },
  {
    "TpyeID": 2,
    "UnlockTitle": "Text_BattlePassUnlockTitle2_Text",
    "UnlockText": "Text_BattlePassUnlockText2_Text",
    "UnlockReward": {
      "size": 11
    }
  },
  {
    "TpyeID": 3,
    "UnlockTitle": "Text_BattlePassUnlockTitle3_Text",
    "UnlockText": "Text_BattlePassUnlockText3_Text",
    "UnlockReward": {
      "size": 3
    }
  }
]