[
  {
    "TaskId": 101,
    "TaskName": "BattlePassTask_101_TaskName",
    "UpdateType": 1,
    "TaskReward": {
      "size": 1
    }
  },
  {
    "TaskId": 102,
    "TaskName": "BattlePassTask_102_TaskName",
    "UpdateType": 1,
    "TaskReward": {
      "size": 1
    }
  },
  {
    "TaskId": 103,
    "TaskName": "BattlePassTask_103_TaskName",
    "UpdateType": 1,
    "TaskReward": {
      "size": 1
    }
  },
  {
    "TaskId": 104,
    "TaskName": "BattlePassTask_104_TaskName",
    "UpdateType": 1,
    "TaskReward": {
      "size": 1
    }
  },
  {
    "TaskId": 201,
    "TaskName": "BattlePassTask_201_TaskName",
    "UpdateType": 2,
    "TaskReward": {
      "size": 1
    }
  },
  {
    "TaskId": 205,
    "TaskName": "BattlePassTask_205_TaskName",
    "UpdateType": 2,
    "TaskReward": {
      "size": 1
    }
  },
  {
    "TaskId": 207,
    "TaskName": "BattlePassTask_207_TaskName",
    "UpdateType": 2,
    "TaskReward": {
      "size": 1
    }
  },
  {
    "TaskId": 208,
    "TaskName": "BattlePassTask_208_TaskName",
    "UpdateType": 2,
    "TaskReward": {
      "size": 1
    }
  },
  {
    "TaskId": 210,
    "TaskName": "BattlePassTask_210_TaskName",
    "UpdateType": 2,
    "TaskReward": {
      "size": 1
    }
  },
  {
    "TaskId": 202,
    "TaskName": "BattlePassTask_202_TaskName",
    "UpdateType": 2,
    "TaskReward": {
      "size": 1
    }
  },
  {
    "TaskId": 203,
    "TaskName": "BattlePassTask_203_TaskName",
    "UpdateType": 2,
    "TaskReward": {
      "size": 1
    }
  },
  {
    "TaskId": 204,
    "TaskName": "BattlePassTask_204_TaskName",
    "UpdateType": 2,
    "TaskReward": {
      "size": 1
    }
  },
  {
    "TaskId": 206,
    "TaskName": "BattlePassTask_206_TaskName",
    "UpdateType": 2,
    "TaskReward": {
      "size": 1
    }
  },
  {
    "TaskId": 209,
    "TaskName": "BattlePassTask_209_TaskName",
    "UpdateType": 2,
    "TaskReward": {
      "size": 1
    }
  },
  {
    "TaskId": 301,
    "TaskName": "BattlePassTask_301_TaskName",
    "UpdateType": 0,
    "TaskReward": {
      "size": 1
    }
  },
  {
    "TaskId": 302,
    "TaskName": "BattlePassTask_302_TaskName",
    "UpdateType": 0,
    "TaskReward": {
      "size": 1
    }
  },
  {
    "TaskId": 305,
    "TaskName": "BattlePassTask_305_TaskName",
    "UpdateType": 0,
    "TaskReward": {
      "size": 1
    }
  },
  {
    "TaskId": 304,
    "TaskName": "BattlePassTask_304_TaskName",
    "UpdateType": 0,
    "TaskReward": {
      "size": 1
    }
  },
  {
    "TaskId": 311,
    "TaskName": "BattlePassTask_311_TaskName",
    "UpdateType": 0,
    "TaskReward": {
      "size": 1
    }
  },
  {
    "TaskId": 312,
    "TaskName": "BattlePassTask_312_TaskName",
    "UpdateType": 0,
    "TaskReward": {
      "size": 1
    }
  },
  {
    "TaskId": 313,
    "TaskName": "BattlePassTask_313_TaskName",
    "UpdateType": 0,
    "TaskReward": {
      "size": 1
    }
  },
  {
    "TaskId": 314,
    "TaskName": "BattlePassTask_314_TaskName",
    "UpdateType": 0,
    "TaskReward": {
      "size": 1
    }
  },
  {
    "TaskId": 315,
    "TaskName": "BattlePassTask_315_TaskName",
    "UpdateType": 0,
    "TaskReward": {
      "size": 1
    }
  },
  {
    "TaskId": 316,
    "TaskName": "BattlePassTask_316_TaskName",
    "UpdateType": 0,
    "TaskReward": {
      "size": 1
    }
  },
  {
    "TaskId": 303,
    "TaskName": "BattlePassTask_303_TaskName",
    "UpdateType": 0,
    "TaskReward": {
      "size": 1
    }
  },
  {
    "TaskId": 306,
    "TaskName": "BattlePassTask_306_TaskName",
    "UpdateType": 0,
    "TaskReward": {
      "size": 1
    }
  },
  {
    "TaskId": 307,
    "TaskName": "BattlePassTask_307_TaskName",
    "UpdateType": 0,
    "TaskReward": {
      "size": 1
    }
  },
  {
    "TaskId": 308,
    "TaskName": "BattlePassTask_308_TaskName",
    "UpdateType": 0,
    "TaskReward": {
      "size": 1
    }
  },
  {
    "TaskId": 309,
    "TaskName": "BattlePassTask_309_TaskName",
    "UpdateType": 0,
    "TaskReward": {
      "size": 1
    }
  },
  {
    "TaskId": 310,
    "TaskName": "BattlePassTask_310_TaskName",
    "UpdateType": 0,
    "TaskReward": {
      "size": 1
    }
  },
  {
    "TaskId": 317,
    "TaskName": "BattlePassTask_317_TaskName",
    "UpdateType": 0,
    "TaskReward": {
      "size": 1
    }
  },
  {
    "TaskId": 318,
    "TaskName": "BattlePassTask_318_TaskName",
    "UpdateType": 0,
    "TaskReward": {
      "size": 1
    }
  },
  {
    "TaskId": 319,
    "TaskName": "BattlePassTask_319_TaskName",
    "UpdateType": 0,
    "TaskReward": {
      "size": 1
    }
  },
  {
    "TaskId": 320,
    "TaskName": "BattlePassTask_320_TaskName",
    "UpdateType": 0,
    "TaskReward": {
      "size": 1
    }
  },
  {
    "TaskId": 321,
    "TaskName": "BattlePassTask_321_TaskName",
    "UpdateType": 0,
    "TaskReward": {
      "size": 1
    }
  },
  {
    "TaskId": 322,
    "TaskName": "BattlePassTask_322_TaskName",
    "UpdateType": 0,
    "TaskReward": {
      "size": 1
    }
  },
  {
    "TaskId": 323,
    "TaskName": "BattlePassTask_323_TaskName",
    "UpdateType": 0,
    "TaskReward": {
      "size": 1
    }
  },
  {
    "TaskId": 324,
    "TaskName": "BattlePassTask_324_TaskName",
    "UpdateType": 0,
    "TaskReward": {
      "size": 1
    }
  },
  {
    "TaskId": 325,
    "TaskName": "BattlePassTask_325_TaskName",
    "UpdateType": 0,
    "TaskReward": {
      "size": 1
    }
  },
  {
    "TaskId": 326,
    "TaskName": "BattlePassTask_326_TaskName",
    "UpdateType": 0,
    "TaskReward": {
      "size": 1
    }
  },
  {
    "TaskId": 327,
    "TaskName": "BattlePassTask_327_TaskName",
    "UpdateType": 0,
    "TaskReward": {
      "size": 1
    }
  },
  {
    "TaskId": 328,
    "TaskName": "BattlePassTask_328_TaskName",
    "UpdateType": 0,
    "TaskReward": {
      "size": 1
    }
  },
  {
    "TaskId": 329,
    "TaskName": "BattlePassTask_329_TaskName",
    "UpdateType": 0,
    "TaskReward": {
      "size": 1
    }
  },
  {
    "TaskId": 330,
    "TaskName": "BattlePassTask_330_TaskName",
    "UpdateType": 0,
    "TaskReward": {
      "size": 1
    }
  }
]