[
  {
    "Id": 1,
    "ExecutionRoleId": 1502,
    "ExecutionSkillId": 1502900,
    "LimitExecutionTags": [
      "行为状态.位置状态.空中",
      "行为状态.位置状态.水中",
      "行为状态.位置状态.攀爬",
      "角色.Common.技能通用标识.大招",
      "角色.BaseRole.技能通用标识.幻象变身中",
      "行为状态.逻辑状态.控物.控物中",
      "行为状态.动作状态.滑坡",
      "行为状态.动作状态.受击.被抓取",
      "Damage.Frozen",
      "幻象.声骸角色",
      "行为状态.动作状态.受击"
    ]
  },
  {
    "Id": 2,
    "ExecutionRoleId": 1501,
    "ExecutionSkillId": 1501900,
    "LimitExecutionTags": [
      "行为状态.位置状态.空中",
      "行为状态.位置状态.水中",
      "行为状态.位置状态.攀爬",
      "角色.Common.技能通用标识.大招",
      "角色.BaseRole.技能通用标识.幻象变身中",
      "行为状态.逻辑状态.控物.控物中",
      "行为状态.动作状态.滑坡",
      "行为状态.动作状态.受击.被抓取",
      "Damage.Frozen",
      "幻象.声骸角色",
      "行为状态.动作状态.受击"
    ]
  },
  {
    "Id": 5,
    "ExecutionRoleId": 1502,
    "ExecutionSkillId": 1503000,
    "LimitExecutionTags": [
      "行为状态.位置状态.空中",
      "行为状态.位置状态.水中",
      "行为状态.位置状态.攀爬",
      "角色.Common.技能通用标识.大招",
      "角色.BaseRole.技能通用标识.幻象变身中",
      "行为状态.逻辑状态.控物.控物中",
      "行为状态.动作状态.滑坡",
      "行为状态.动作状态.受击.被抓取",
      "Damage.Frozen",
      "幻象.声骸角色",
      "行为状态.动作状态.受击"
    ]
  },
  {
    "Id": 6,
    "ExecutionRoleId": 1501,
    "ExecutionSkillId": 15019001,
    "LimitExecutionTags": [
      "行为状态.位置状态.空中",
      "行为状态.位置状态.水中",
      "行为状态.位置状态.攀爬",
      "角色.Common.技能通用标识.大招",
      "角色.BaseRole.技能通用标识.幻象变身中",
      "行为状态.逻辑状态.控物.控物中",
      "行为状态.动作状态.滑坡",
      "行为状态.动作状态.受击.被抓取",
      "Damage.Frozen",
      "幻象.声骸角色",
      "行为状态.动作状态.受击"
    ]
  }
]