[
  {
    "Id": 1,
    "PerchDes": "MonsterPerch_1_PerchDes"
  },
  {
    "Id": 2,
    "PerchDes": "MonsterPerch_2_PerchDes"
  },
  {
    "Id": 3,
    "PerchDes": "MonsterPerch_3_PerchDes"
  },
  {
    "Id": 4,
    "PerchDes": "MonsterPerch_4_PerchDes"
  },
  {
    "Id": 5,
    "PerchDes": "MonsterPerch_5_PerchDes"
  },
  {
    "Id": 6,
    "PerchDes": "MonsterPerch_6_PerchDes"
  },
  {
    "Id": 7,
    "PerchDes": "MonsterPerch_7_PerchDes"
  },
  {
    "Id": 8,
    "PerchDes": "MonsterPerch_8_PerchDes"
  },
  {
    "Id": 9,
    "PerchDes": "MonsterPerch_9_PerchDes"
  },
  {
    "Id": 10,
    "PerchDes": "MonsterPerch_10_PerchDes"
  },
  {
    "Id": 11,
    "PerchDes": "MonsterPerch_11_PerchDes"
  },
  {
    "Id": 12,
    "PerchDes": "MonsterPerch_12_PerchDes"
  },
  {
    "Id": 13,
    "PerchDes": "MonsterPerch_13_PerchDes"
  }
]