[
  {
    "Id": 310000010,
    "Name": "MonsterInfo_310000010_Name",
    "RarityId": 1,
    "Icon": "/Game/Aki/UI/UIResources/Common/Image/IconMonsterHead/T_IconMonsterHead_015_UI.T_IconMonsterHead_015_UI",
    "BigIcon": "0",
    "Tachine": "/Game/Aki/UI/UIResources/UiSingleTower/Image/T_UiSingleTowerMonster1_UI.T_UiSingleTowerMonster1_UI",
    "ElementId": 0,
    "MonsterEntityID": "Monster001",
    "MonsterPose": "/Game/Aki/Character/Monster/Ordinary/MO1QunJing1Md00001/CommonAnim/Stand2.Stand2",
    "UndiscoveredDes": "MonsterInfo_310000010_UndiscoveredDes",
    "DiscoveredDes": "MonsterInfo_310000010_DiscoveredDes",
    "PerchId": [
      13
    ]
  },
  {
    "Id": 320000010,
    "Name": "MonsterInfo_320000010_Name",
    "RarityId": 2,
    "Icon": "/Game/Aki/UI/UIResources/Common/Image/IconMonsterHead/T_IconMonsterHead_185_UI.T_IconMonsterHead_185_UI",
    "BigIcon": "0",
    "Tachine": "/Game/Aki/UI/UIResources/UiSingleTower/Image/T_UiSingleTowerMonster1_UI.T_UiSingleTowerMonster1_UI",
    "ElementId": 0,
    "MonsterEntityID": "Monster037",
    "MonsterPose": "/Game/Aki/Character/Monster/Elite/ME1QunJingMd00001/CommonAnim/Stand2.Stand2",
    "UndiscoveredDes": "MonsterInfo_320000010_UndiscoveredDes",
    "DiscoveredDes": "MonsterInfo_320000010_DiscoveredDes",
    "PerchId": [
      13
    ]
  },
  {
    "Id": 330000010,
    "Name": "MonsterInfo_330000010_Name",
    "RarityId": 3,
    "Icon": "/Game/Aki/UI/UIResources/Common/Image/IconMonsterHead/T_IconMonsterHead_225_UI.T_IconMonsterHead_225_UI",
    "BigIcon": "/Game/Aki/UI/UIResources/Common/Image/ImgBoss/T_Boss_03.T_Boss_03",
    "Tachine": "/Game/Aki/UI/UIResources/UiSingleTower/Image/T_UiSingleTowerMonster1_UI.T_UiSingleTowerMonster1_UI",
    "ElementId": 3,
    "MonsterEntityID": "Monster044",
    "MonsterPose": "/Game/Aki/Character/Monster/Lord/ML1LinrenMd00311/CommonAnim/Stand2.Stand2",
    "UndiscoveredDes": "MonsterInfo_330000010_UndiscoveredDes",
    "DiscoveredDes": "MonsterInfo_330000010_DiscoveredDes",
    "PerchId": [
      13
    ]
  },
  {
    "Id": 340000010,
    "Name": "MonsterInfo_340000010_Name",
    "RarityId": 3,
    "Icon": "/Game/Aki/UI/UIResources/Common/Image/IconMonsterHead/T_IconMonsterHead_999_UI.T_IconMonsterHead_999_UI",
    "BigIcon": "/Game/Aki/UI/UIResources/Common/Image/ImgBoss/T_Boss_05.T_Boss_05",
    "Tachine": "/Game/Aki/UI/UIResources/UiSingleTower/Image/T_UiSingleTowerMonster1_UI.T_UiSingleTowerMonster1_UI",
    "ElementId": 6,
    "MonsterEntityID": "Monster046",
    "MonsterPose": "/Game/Aki/Character/Monster/Boss/MB1Wuguanzhe00601/CommonAnim/Layer1/Stand2.Stand2",
    "UndiscoveredDes": "MonsterInfo_340000010_UndiscoveredDes",
    "DiscoveredDes": "MonsterInfo_340000010_DiscoveredDes",
    "PerchId": [
      13
    ]
  },
  {
    "Id": 310000020,
    "Name": "MonsterInfo_310000020_Name",
    "RarityId": 1,
    "Icon": "/Game/Aki/UI/UIResources/Common/Image/IconMonsterHead/T_IconMonsterHead_025_UI.T_IconMonsterHead_025_UI",
    "BigIcon": "0",
    "Tachine": "/Game/Aki/UI/UIResources/UiSingleTower/Image/T_UiSingleTowerMonster1_UI.T_UiSingleTowerMonster1_UI",
    "ElementId": 0,
    "MonsterEntityID": "Monster002",
    "MonsterPose": "0",
    "UndiscoveredDes": "MonsterInfo_310000020_UndiscoveredDes",
    "DiscoveredDes": "MonsterInfo_310000020_DiscoveredDes",
    "PerchId": [
      13
    ]
  },
  {
    "Id": 310000030,
    "Name": "MonsterInfo_310000030_Name",
    "RarityId": 1,
    "Icon": "/Game/Aki/UI/UIResources/Common/Image/IconMonsterHead/T_IconMonsterHead_035_UI.T_IconMonsterHead_035_UI",
    "BigIcon": "0",
    "Tachine": "/Game/Aki/UI/UIResources/UiSingleTower/Image/T_UiSingleTowerMonster1_UI.T_UiSingleTowerMonster1_UI",
    "ElementId": 3,
    "MonsterEntityID": "Monster003",
    "MonsterPose": "0",
    "UndiscoveredDes": "MonsterInfo_310000030_UndiscoveredDes",
    "DiscoveredDes": "MonsterInfo_310000030_DiscoveredDes",
    "PerchId": [
      13
    ]
  },
  {
    "Id": 310000040,
    "Name": "MonsterInfo_310000040_Name",
    "RarityId": 1,
    "Icon": "/Game/Aki/UI/UIResources/Common/Image/IconMonsterHead/T_IconMonsterHead_105_UI.T_IconMonsterHead_105_UI",
    "BigIcon": "0",
    "Tachine": "/Game/Aki/UI/UIResources/UiSingleTower/Image/T_UiSingleTowerMonster1_UI.T_UiSingleTowerMonster1_UI",
    "ElementId": 1,
    "MonsterEntityID": "Monster010",
    "MonsterPose": "0",
    "UndiscoveredDes": "MonsterInfo_310000040_UndiscoveredDes",
    "DiscoveredDes": "MonsterInfo_310000040_DiscoveredDes",
    "PerchId": [
      13
    ]
  },
  {
    "Id": 310000050,
    "Name": "MonsterInfo_310000050_Name",
    "RarityId": 1,
    "Icon": "/Game/Aki/UI/UIResources/Common/Image/IconMonsterHead/T_IconMonsterHead_235_UI.T_IconMonsterHead_235_UI",
    "BigIcon": "0",
    "Tachine": "/Game/Aki/UI/UIResources/UiSingleTower/Image/T_UiSingleTowerMonster1_UI.T_UiSingleTowerMonster1_UI",
    "ElementId": 4,
    "MonsterEntityID": "Monster011",
    "MonsterPose": "0",
    "UndiscoveredDes": "MonsterInfo_310000050_UndiscoveredDes",
    "DiscoveredDes": "MonsterInfo_310000050_DiscoveredDes",
    "PerchId": [
      13
    ]
  },
  {
    "Id": 310000060,
    "Name": "MonsterInfo_310000060_Name",
    "RarityId": 1,
    "Icon": "/Game/Aki/UI/UIResources/Common/Image/IconMonsterHead/T_IconMonsterHead_045_UI.T_IconMonsterHead_045_UI",
    "BigIcon": "0",
    "Tachine": "/Game/Aki/UI/UIResources/UiSingleTower/Image/T_UiSingleTowerMonster1_UI.T_UiSingleTowerMonster1_UI",
    "ElementId": 2,
    "MonsterEntityID": "Monster004",
    "MonsterPose": "0",
    "UndiscoveredDes": "MonsterInfo_310000060_UndiscoveredDes",
    "DiscoveredDes": "MonsterInfo_310000060_DiscoveredDes",
    "PerchId": [
      13
    ]
  },
  {
    "Id": 310000070,
    "Name": "MonsterInfo_310000070_Name",
    "RarityId": 1,
    "Icon": "/Game/Aki/UI/UIResources/Common/Image/IconMonsterHead/T_IconMonsterHead_055_UI.T_IconMonsterHead_055_UI",
    "BigIcon": "0",
    "Tachine": "/Game/Aki/UI/UIResources/UiSingleTower/Image/T_UiSingleTowerMonster1_UI.T_UiSingleTowerMonster1_UI",
    "ElementId": 6,
    "MonsterEntityID": "Monster005",
    "MonsterPose": "0",
    "UndiscoveredDes": "MonsterInfo_310000070_UndiscoveredDes",
    "DiscoveredDes": "MonsterInfo_310000070_DiscoveredDes",
    "PerchId": [
      13
    ]
  },
  {
    "Id": 310000080,
    "Name": "MonsterInfo_310000080_Name",
    "RarityId": 1,
    "Icon": "/Game/Aki/UI/UIResources/Common/Image/IconMonsterHead/T_IconMonsterHead_065_UI.T_IconMonsterHead_065_UI",
    "BigIcon": "0",
    "Tachine": "/Game/Aki/UI/UIResources/UiSingleTower/Image/T_UiSingleTowerMonster1_UI.T_UiSingleTowerMonster1_UI",
    "ElementId": 4,
    "MonsterEntityID": "Monster006",
    "MonsterPose": "0",
    "UndiscoveredDes": "MonsterInfo_310000080_UndiscoveredDes",
    "DiscoveredDes": "MonsterInfo_310000080_DiscoveredDes",
    "PerchId": [
      13
    ]
  },
  {
    "Id": 310000090,
    "Name": "MonsterInfo_310000090_Name",
    "RarityId": 1,
    "Icon": "/Game/Aki/UI/UIResources/Common/Image/IconMonsterHead/T_IconMonsterHead_075_UI.T_IconMonsterHead_075_UI",
    "BigIcon": "0",
    "Tachine": "/Game/Aki/UI/UIResources/UiSingleTower/Image/T_UiSingleTowerMonster1_UI.T_UiSingleTowerMonster1_UI",
    "ElementId": 5,
    "MonsterEntityID": "Monster007",
    "MonsterPose": "0",
    "UndiscoveredDes": "MonsterInfo_310000090_UndiscoveredDes",
    "DiscoveredDes": "MonsterInfo_310000090_DiscoveredDes",
    "PerchId": [
      13
    ]
  },
  {
    "Id": 310000100,
    "Name": "MonsterInfo_310000100_Name",
    "RarityId": 1,
    "Icon": "/Game/Aki/UI/UIResources/Common/Image/IconMonsterHead/T_IconMonsterHead_085_UI.T_IconMonsterHead_085_UI",
    "BigIcon": "0",
    "Tachine": "/Game/Aki/UI/UIResources/UiSingleTower/Image/T_UiSingleTowerMonster1_UI.T_UiSingleTowerMonster1_UI",
    "ElementId": 4,
    "MonsterEntityID": "Monster008",
    "MonsterPose": "0",
    "UndiscoveredDes": "MonsterInfo_310000100_UndiscoveredDes",
    "DiscoveredDes": "MonsterInfo_310000100_DiscoveredDes",
    "PerchId": [
      13
    ]
  },
  {
    "Id": 310000110,
    "Name": "MonsterInfo_310000110_Name",
    "RarityId": 1,
    "Icon": "/Game/Aki/UI/UIResources/Common/Image/IconMonsterHead/T_IconMonsterHead_095_UI.T_IconMonsterHead_095_UI",
    "BigIcon": "0",
    "Tachine": "/Game/Aki/UI/UIResources/UiSingleTower/Image/T_UiSingleTowerMonster1_UI.T_UiSingleTowerMonster1_UI",
    "ElementId": 5,
    "MonsterEntityID": "Monster009",
    "MonsterPose": "0",
    "UndiscoveredDes": "MonsterInfo_310000110_UndiscoveredDes",
    "DiscoveredDes": "MonsterInfo_310000110_DiscoveredDes",
    "PerchId": [
      13
    ]
  },
  {
    "Id": 310000120,
    "Name": "MonsterInfo_310000120_Name",
    "RarityId": 1,
    "Icon": "/Game/Aki/UI/UIResources/Common/Image/IconMonsterHead/T_IconMonsterHead_115_UI.T_IconMonsterHead_115_UI",
    "BigIcon": "0",
    "Tachine": "/Game/Aki/UI/UIResources/UiSingleTower/Image/T_UiSingleTowerMonster1_UI.T_UiSingleTowerMonster1_UI",
    "ElementId": 1,
    "MonsterEntityID": "Monster016",
    "MonsterPose": "0",
    "UndiscoveredDes": "MonsterInfo_310000120_UndiscoveredDes",
    "DiscoveredDes": "MonsterInfo_310000120_DiscoveredDes",
    "PerchId": [
      13
    ]
  },
  {
    "Id": 310000130,
    "Name": "MonsterInfo_310000130_Name",
    "RarityId": 1,
    "Icon": "/Game/Aki/UI/UIResources/Common/Image/IconMonsterHead/T_IconMonsterHead_971_UI.T_IconMonsterHead_971_UI",
    "BigIcon": "0",
    "Tachine": "/Game/Aki/UI/UIResources/UiSingleTower/Image/T_UiSingleTowerMonster1_UI.T_UiSingleTowerMonster1_UI",
    "ElementId": 4,
    "MonsterEntityID": "Monster030",
    "MonsterPose": "0",
    "UndiscoveredDes": "MonsterInfo_310000130_UndiscoveredDes",
    "DiscoveredDes": "MonsterInfo_310000130_DiscoveredDes",
    "PerchId": [
      13
    ]
  },
  {
    "Id": 310000140,
    "Name": "MonsterInfo_310000140_Name",
    "RarityId": 1,
    "Icon": "/Game/Aki/UI/UIResources/Common/Image/IconMonsterHead/T_IconMonsterHead_145_UI.T_IconMonsterHead_145_UI",
    "BigIcon": "0",
    "Tachine": "/Game/Aki/UI/UIResources/UiSingleTower/Image/T_UiSingleTowerMonster1_UI.T_UiSingleTowerMonster1_UI",
    "ElementId": 1,
    "MonsterEntityID": "Monster034",
    "MonsterPose": "0",
    "UndiscoveredDes": "MonsterInfo_310000140_UndiscoveredDes",
    "DiscoveredDes": "MonsterInfo_310000140_DiscoveredDes",
    "PerchId": [
      13
    ]
  },
  {
    "Id": 310000150,
    "Name": "MonsterInfo_310000150_Name",
    "RarityId": 1,
    "Icon": "/Game/Aki/UI/UIResources/Common/Image/IconMonsterHead/T_IconMonsterHead_155_UI.T_IconMonsterHead_155_UI",
    "BigIcon": "0",
    "Tachine": "/Game/Aki/UI/UIResources/UiSingleTower/Image/T_UiSingleTowerMonster1_UI.T_UiSingleTowerMonster1_UI",
    "ElementId": 2,
    "MonsterEntityID": "Monster033",
    "MonsterPose": "0",
    "UndiscoveredDes": "MonsterInfo_310000150_UndiscoveredDes",
    "DiscoveredDes": "MonsterInfo_310000150_DiscoveredDes",
    "PerchId": [
      13
    ]
  },
  {
    "Id": 310000160,
    "Name": "MonsterInfo_310000160_Name",
    "RarityId": 1,
    "Icon": "/Game/Aki/UI/UIResources/Common/Image/IconMonsterHead/T_IconMonsterHead_165_UI.T_IconMonsterHead_165_UI",
    "BigIcon": "0",
    "Tachine": "/Game/Aki/UI/UIResources/UiSingleTower/Image/T_UiSingleTowerMonster1_UI.T_UiSingleTowerMonster1_UI",
    "ElementId": 5,
    "MonsterEntityID": "Monster035",
    "MonsterPose": "0",
    "UndiscoveredDes": "MonsterInfo_310000160_UndiscoveredDes",
    "DiscoveredDes": "MonsterInfo_310000160_DiscoveredDes",
    "PerchId": [
      13
    ]
  },
  {
    "Id": 310000170,
    "Name": "MonsterInfo_310000170_Name",
    "RarityId": 1,
    "Icon": "/Game/Aki/UI/UIResources/Common/Image/IconMonsterHead/T_IconMonsterHead_175_UI.T_IconMonsterHead_175_UI",
    "BigIcon": "0",
    "Tachine": "/Game/Aki/UI/UIResources/UiSingleTower/Image/T_UiSingleTowerMonster1_UI.T_UiSingleTowerMonster1_UI",
    "ElementId": 6,
    "MonsterEntityID": "Monster036",
    "MonsterPose": "0",
    "UndiscoveredDes": "MonsterInfo_310000170_UndiscoveredDes",
    "DiscoveredDes": "MonsterInfo_310000170_DiscoveredDes",
    "PerchId": [
      13
    ]
  },
  {
    "Id": 310000180,
    "Name": "MonsterInfo_310000180_Name",
    "RarityId": 1,
    "Icon": "/Game/Aki/UI/UIResources/Common/Image/IconMonsterHead/T_IconMonsterHead_255_UI.T_IconMonsterHead_255_UI",
    "BigIcon": "0",
    "Tachine": "/Game/Aki/UI/UIResources/UiSingleTower/Image/T_UiSingleTowerMonster1_UI.T_UiSingleTowerMonster1_UI",
    "ElementId": 5,
    "MonsterEntityID": "Monster014",
    "MonsterPose": "0",
    "UndiscoveredDes": "MonsterInfo_310000180_UndiscoveredDes",
    "DiscoveredDes": "MonsterInfo_310000180_DiscoveredDes",
    "PerchId": [
      13
    ]
  },
  {
    "Id": 310000190,
    "Name": "MonsterInfo_310000190_Name",
    "RarityId": 1,
    "Icon": "/Game/Aki/UI/UIResources/Common/Image/IconMonsterHead/T_IconMonsterHead_265_UI.T_IconMonsterHead_265_UI",
    "BigIcon": "0",
    "Tachine": "/Game/Aki/UI/UIResources/UiSingleTower/Image/T_UiSingleTowerMonster1_UI.T_UiSingleTowerMonster1_UI",
    "ElementId": 0,
    "MonsterEntityID": "Monster015",
    "MonsterPose": "0",
    "UndiscoveredDes": "MonsterInfo_310000190_UndiscoveredDes",
    "DiscoveredDes": "MonsterInfo_310000190_DiscoveredDes",
    "PerchId": [
      13
    ]
  },
  {
    "Id": 310000200,
    "Name": "MonsterInfo_310000200_Name",
    "RarityId": 1,
    "Icon": "/Game/Aki/UI/UIResources/Common/Image/IconMonsterHead/T_IconMonsterHead_275_UI.T_IconMonsterHead_275_UI",
    "BigIcon": "0",
    "Tachine": "/Game/Aki/UI/UIResources/UiSingleTower/Image/T_UiSingleTowerMonster1_UI.T_UiSingleTowerMonster1_UI",
    "ElementId": 6,
    "MonsterEntityID": "Monster017",
    "MonsterPose": "0",
    "UndiscoveredDes": "MonsterInfo_310000200_UndiscoveredDes",
    "DiscoveredDes": "MonsterInfo_310000200_DiscoveredDes",
    "PerchId": [
      13
    ]
  },
  {
    "Id": 310000210,
    "Name": "MonsterInfo_310000210_Name",
    "RarityId": 1,
    "Icon": "/Game/Aki/UI/UIResources/Common/Image/IconMonsterHead/T_IconMonsterHead_285_UI.T_IconMonsterHead_285_UI",
    "BigIcon": "0",
    "Tachine": "/Game/Aki/UI/UIResources/UiSingleTower/Image/T_UiSingleTowerMonster1_UI.T_UiSingleTowerMonster1_UI",
    "ElementId": 2,
    "MonsterEntityID": "Monster018",
    "MonsterPose": "0",
    "UndiscoveredDes": "MonsterInfo_310000210_UndiscoveredDes",
    "DiscoveredDes": "MonsterInfo_310000210_DiscoveredDes",
    "PerchId": [
      13
    ]
  },
  {
    "Id": 310000220,
    "Name": "MonsterInfo_310000220_Name",
    "RarityId": 1,
    "Icon": "/Game/Aki/UI/UIResources/Common/Image/IconMonsterHead/T_IconMonsterHead_305_UI.T_IconMonsterHead_305_UI",
    "BigIcon": "0",
    "Tachine": "/Game/Aki/UI/UIResources/UiSingleTower/Image/T_UiSingleTowerMonster1_UI.T_UiSingleTowerMonster1_UI",
    "ElementId": 6,
    "MonsterEntityID": "Monster019",
    "MonsterPose": "0",
    "UndiscoveredDes": "MonsterInfo_310000220_UndiscoveredDes",
    "DiscoveredDes": "MonsterInfo_310000220_DiscoveredDes",
    "PerchId": [
      13
    ]
  },
  {
    "Id": 310000230,
    "Name": "MonsterInfo_310000230_Name",
    "RarityId": 1,
    "Icon": "/Game/Aki/UI/UIResources/Common/Image/IconMonsterHead/T_IconMonsterHead_977_UI.T_IconMonsterHead_977_UI",
    "BigIcon": "0",
    "Tachine": "/Game/Aki/UI/UIResources/UiSingleTower/Image/T_UiSingleTowerMonster1_UI.T_UiSingleTowerMonster1_UI",
    "ElementId": 0,
    "MonsterEntityID": "Monster012",
    "MonsterPose": "0",
    "UndiscoveredDes": "MonsterInfo_310000230_UndiscoveredDes",
    "DiscoveredDes": "MonsterInfo_310000230_DiscoveredDes",
    "PerchId": [
      13
    ]
  },
  {
    "Id": 310000231,
    "Name": "MonsterInfo_310000231_Name",
    "RarityId": 1,
    "Icon": "/Game/Aki/UI/UIResources/Common/Image/IconMonsterHead/T_IconMonsterHead_977_UI.T_IconMonsterHead_977_UI",
    "BigIcon": "0",
    "Tachine": "/Game/Aki/UI/UIResources/UiSingleTower/Image/T_UiSingleTowerMonster1_UI.T_UiSingleTowerMonster1_UI",
    "ElementId": 0,
    "MonsterEntityID": "Monster020",
    "MonsterPose": "0",
    "UndiscoveredDes": "MonsterInfo_310000231_UndiscoveredDes",
    "DiscoveredDes": "MonsterInfo_310000231_DiscoveredDes",
    "PerchId": [
      13
    ]
  },
  {
    "Id": 310000232,
    "Name": "MonsterInfo_310000232_Name",
    "RarityId": 1,
    "Icon": "/Game/Aki/UI/UIResources/Common/Image/IconMonsterHead/T_IconMonsterHead_977_UI.T_IconMonsterHead_977_UI",
    "BigIcon": "0",
    "Tachine": "/Game/Aki/UI/UIResources/UiSingleTower/Image/T_UiSingleTowerMonster1_UI.T_UiSingleTowerMonster1_UI",
    "ElementId": 2,
    "MonsterEntityID": "Monster021",
    "MonsterPose": "0",
    "UndiscoveredDes": "MonsterInfo_310000232_UndiscoveredDes",
    "DiscoveredDes": "MonsterInfo_310000232_DiscoveredDes",
    "PerchId": [
      13
    ]
  },
  {
    "Id": 310000233,
    "Name": "MonsterInfo_310000233_Name",
    "RarityId": 1,
    "Icon": "/Game/Aki/UI/UIResources/Common/Image/IconMonsterHead/T_IconMonsterHead_977_UI.T_IconMonsterHead_977_UI",
    "BigIcon": "0",
    "Tachine": "/Game/Aki/UI/UIResources/UiSingleTower/Image/T_UiSingleTowerMonster1_UI.T_UiSingleTowerMonster1_UI",
    "ElementId": 3,
    "MonsterEntityID": "Monster022",
    "MonsterPose": "0",
    "UndiscoveredDes": "MonsterInfo_310000233_UndiscoveredDes",
    "DiscoveredDes": "MonsterInfo_310000233_DiscoveredDes",
    "PerchId": [
      13
    ]
  },
  {
    "Id": 310000234,
    "Name": "MonsterInfo_310000234_Name",
    "RarityId": 1,
    "Icon": "/Game/Aki/UI/UIResources/Common/Image/IconMonsterHead/T_IconMonsterHead_977_UI.T_IconMonsterHead_977_UI",
    "BigIcon": "0",
    "Tachine": "/Game/Aki/UI/UIResources/UiSingleTower/Image/T_UiSingleTowerMonster1_UI.T_UiSingleTowerMonster1_UI",
    "ElementId": 3,
    "MonsterEntityID": "Monster023",
    "MonsterPose": "0",
    "UndiscoveredDes": "MonsterInfo_310000234_UndiscoveredDes",
    "DiscoveredDes": "MonsterInfo_310000234_DiscoveredDes",
    "PerchId": [
      13
    ]
  },
  {
    "Id": 310000235,
    "Name": "MonsterInfo_310000235_Name",
    "RarityId": 1,
    "Icon": "/Game/Aki/UI/UIResources/Common/Image/IconMonsterHead/T_IconMonsterHead_977_UI.T_IconMonsterHead_977_UI",
    "BigIcon": "0",
    "Tachine": "/Game/Aki/UI/UIResources/UiSingleTower/Image/T_UiSingleTowerMonster1_UI.T_UiSingleTowerMonster1_UI",
    "ElementId": 0,
    "MonsterEntityID": "Monster024",
    "MonsterPose": "0",
    "UndiscoveredDes": "MonsterInfo_310000235_UndiscoveredDes",
    "DiscoveredDes": "MonsterInfo_310000235_DiscoveredDes",
    "PerchId": [
      13
    ]
  },
  {
    "Id": 310000240,
    "Name": "MonsterInfo_310000240_Name",
    "RarityId": 1,
    "Icon": "/Game/Aki/UI/UIResources/Common/Image/IconMonsterHead/T_IconMonsterHead_976_UI.T_IconMonsterHead_976_UI",
    "BigIcon": "0",
    "Tachine": "/Game/Aki/UI/UIResources/UiSingleTower/Image/T_UiSingleTowerMonster1_UI.T_UiSingleTowerMonster1_UI",
    "ElementId": 0,
    "MonsterEntityID": "Monster013",
    "MonsterPose": "0",
    "UndiscoveredDes": "MonsterInfo_310000240_UndiscoveredDes",
    "DiscoveredDes": "MonsterInfo_310000240_DiscoveredDes",
    "PerchId": [
      13
    ]
  },
  {
    "Id": 310000241,
    "Name": "MonsterInfo_310000241_Name",
    "RarityId": 1,
    "Icon": "/Game/Aki/UI/UIResources/Common/Image/IconMonsterHead/T_IconMonsterHead_976_UI.T_IconMonsterHead_976_UI",
    "BigIcon": "0",
    "Tachine": "/Game/Aki/UI/UIResources/UiSingleTower/Image/T_UiSingleTowerMonster1_UI.T_UiSingleTowerMonster1_UI",
    "ElementId": 0,
    "MonsterEntityID": "Monster025",
    "MonsterPose": "0",
    "UndiscoveredDes": "MonsterInfo_310000241_UndiscoveredDes",
    "DiscoveredDes": "MonsterInfo_310000241_DiscoveredDes",
    "PerchId": [
      13
    ]
  },
  {
    "Id": 310000242,
    "Name": "MonsterInfo_310000242_Name",
    "RarityId": 1,
    "Icon": "/Game/Aki/UI/UIResources/Common/Image/IconMonsterHead/T_IconMonsterHead_976_UI.T_IconMonsterHead_976_UI",
    "BigIcon": "0",
    "Tachine": "/Game/Aki/UI/UIResources/UiSingleTower/Image/T_UiSingleTowerMonster1_UI.T_UiSingleTowerMonster1_UI",
    "ElementId": 2,
    "MonsterEntityID": "Monster026",
    "MonsterPose": "0",
    "UndiscoveredDes": "MonsterInfo_310000242_UndiscoveredDes",
    "DiscoveredDes": "MonsterInfo_310000242_DiscoveredDes",
    "PerchId": [
      13
    ]
  },
  {
    "Id": 310000243,
    "Name": "MonsterInfo_310000243_Name",
    "RarityId": 1,
    "Icon": "/Game/Aki/UI/UIResources/Common/Image/IconMonsterHead/T_IconMonsterHead_976_UI.T_IconMonsterHead_976_UI",
    "BigIcon": "0",
    "Tachine": "/Game/Aki/UI/UIResources/UiSingleTower/Image/T_UiSingleTowerMonster1_UI.T_UiSingleTowerMonster1_UI",
    "ElementId": 3,
    "MonsterEntityID": "Monster027",
    "MonsterPose": "0",
    "UndiscoveredDes": "MonsterInfo_310000243_UndiscoveredDes",
    "DiscoveredDes": "MonsterInfo_310000243_DiscoveredDes",
    "PerchId": [
      13
    ]
  },
  {
    "Id": 310000244,
    "Name": "MonsterInfo_310000244_Name",
    "RarityId": 1,
    "Icon": "/Game/Aki/UI/UIResources/Common/Image/IconMonsterHead/T_IconMonsterHead_976_UI.T_IconMonsterHead_976_UI",
    "BigIcon": "0",
    "Tachine": "/Game/Aki/UI/UIResources/UiSingleTower/Image/T_UiSingleTowerMonster1_UI.T_UiSingleTowerMonster1_UI",
    "ElementId": 3,
    "MonsterEntityID": "Monster028",
    "MonsterPose": "0",
    "UndiscoveredDes": "MonsterInfo_310000244_UndiscoveredDes",
    "DiscoveredDes": "MonsterInfo_310000244_DiscoveredDes",
    "PerchId": [
      13
    ]
  },
  {
    "Id": 310000245,
    "Name": "MonsterInfo_310000245_Name",
    "RarityId": 1,
    "Icon": "/Game/Aki/UI/UIResources/Common/Image/IconMonsterHead/T_IconMonsterHead_976_UI.T_IconMonsterHead_976_UI",
    "BigIcon": "0",
    "Tachine": "/Game/Aki/UI/UIResources/UiSingleTower/Image/T_UiSingleTowerMonster1_UI.T_UiSingleTowerMonster1_UI",
    "ElementId": 0,
    "MonsterEntityID": "Monster029",
    "MonsterPose": "0",
    "UndiscoveredDes": "MonsterInfo_310000245_UndiscoveredDes",
    "DiscoveredDes": "MonsterInfo_310000245_DiscoveredDes",
    "PerchId": [
      13
    ]
  },
  {
    "Id": 310000250,
    "Name": "MonsterInfo_310000250_Name",
    "RarityId": 1,
    "Icon": "/Game/Aki/UI/UIResources/Common/Image/IconMonsterHead/T_IconMonsterHead_988_UI.T_IconMonsterHead_988_UI",
    "BigIcon": "0",
    "Tachine": "/Game/Aki/UI/UIResources/UiSingleTower/Image/T_UiSingleTowerMonster1_UI.T_UiSingleTowerMonster1_UI",
    "ElementId": 4,
    "MonsterEntityID": "Monster052",
    "MonsterPose": "0",
    "UndiscoveredDes": "MonsterInfo_310000250_UndiscoveredDes",
    "DiscoveredDes": "MonsterInfo_310000250_DiscoveredDes",
    "PerchId": [
      13
    ]
  },
  {
    "Id": 310000260,
    "Name": "MonsterInfo_310000260_Name",
    "RarityId": 1,
    "Icon": "/Game/Aki/UI/UIResources/Common/Image/IconMonsterHead/T_IconMonsterHead_987_UI.T_IconMonsterHead_987_UI",
    "BigIcon": "0",
    "Tachine": "/Game/Aki/UI/UIResources/UiSingleTower/Image/T_UiSingleTowerMonster1_UI.T_UiSingleTowerMonster1_UI",
    "ElementId": 0,
    "MonsterEntityID": "Monster057",
    "MonsterPose": "0",
    "UndiscoveredDes": "MonsterInfo_310000260_UndiscoveredDes",
    "DiscoveredDes": "MonsterInfo_310000260_DiscoveredDes",
    "PerchId": [
      13
    ]
  },
  {
    "Id": 310000270,
    "Name": "MonsterInfo_310000270_Name",
    "RarityId": 1,
    "Icon": "/Game/Aki/UI/UIResources/Common/Image/IconMonsterHead/T_IconMonsterHead_969_UI.T_IconMonsterHead_969_UI",
    "BigIcon": "0",
    "Tachine": "/Game/Aki/UI/UIResources/UiSingleTower/Image/T_UiSingleTowerMonster1_UI.T_UiSingleTowerMonster1_UI",
    "ElementId": 1,
    "MonsterEntityID": "Monster058",
    "MonsterPose": "0",
    "UndiscoveredDes": "MonsterInfo_310000270_UndiscoveredDes",
    "DiscoveredDes": "MonsterInfo_310000270_DiscoveredDes",
    "PerchId": [
      13
    ]
  },
  {
    "Id": 310000280,
    "Name": "MonsterInfo_310000280_Name",
    "RarityId": 1,
    "Icon": "/Game/Aki/UI/UIResources/Common/Image/IconMonsterHead/T_IconMonsterHead_980_UI.T_IconMonsterHead_980_UI",
    "BigIcon": "0",
    "Tachine": "/Game/Aki/UI/UIResources/UiSingleTower/Image/T_UiSingleTowerMonster1_UI.T_UiSingleTowerMonster1_UI",
    "ElementId": 2,
    "MonsterEntityID": "Monster053",
    "MonsterPose": "0",
    "UndiscoveredDes": "MonsterInfo_310000280_UndiscoveredDes",
    "DiscoveredDes": "MonsterInfo_310000280_DiscoveredDes",
    "PerchId": [
      13
    ]
  },
  {
    "Id": 320000020,
    "Name": "MonsterInfo_320000020_Name",
    "RarityId": 2,
    "Icon": "/Game/Aki/UI/UIResources/Common/Image/IconMonsterHead/T_IconMonsterHead_125_UI.T_IconMonsterHead_125_UI",
    "BigIcon": "0",
    "Tachine": "/Game/Aki/UI/UIResources/UiSingleTower/Image/T_UiSingleTowerMonster1_UI.T_UiSingleTowerMonster1_UI",
    "ElementId": 3,
    "MonsterEntityID": "Monster031",
    "MonsterPose": "0",
    "UndiscoveredDes": "MonsterInfo_320000020_UndiscoveredDes",
    "DiscoveredDes": "MonsterInfo_320000020_DiscoveredDes",
    "PerchId": [
      13
    ]
  },
  {
    "Id": 320000030,
    "Name": "MonsterInfo_320000030_Name",
    "RarityId": 2,
    "Icon": "/Game/Aki/UI/UIResources/Common/Image/IconMonsterHead/T_IconMonsterHead_135_UI.T_IconMonsterHead_135_UI",
    "BigIcon": "0",
    "Tachine": "/Game/Aki/UI/UIResources/UiSingleTower/Image/T_UiSingleTowerMonster1_UI.T_UiSingleTowerMonster1_UI",
    "ElementId": 4,
    "MonsterEntityID": "Monster032",
    "MonsterPose": "0",
    "UndiscoveredDes": "MonsterInfo_320000030_UndiscoveredDes",
    "DiscoveredDes": "MonsterInfo_320000030_DiscoveredDes",
    "PerchId": [
      13
    ]
  },
  {
    "Id": 320000040,
    "Name": "MonsterInfo_320000040_Name",
    "RarityId": 2,
    "Icon": "/Game/Aki/UI/UIResources/Common/Image/IconMonsterHead/T_IconMonsterHead_195_UI.T_IconMonsterHead_195_UI",
    "BigIcon": "0",
    "Tachine": "/Game/Aki/UI/UIResources/UiSingleTower/Image/T_UiSingleTowerMonster1_UI.T_UiSingleTowerMonster1_UI",
    "ElementId": 3,
    "MonsterEntityID": "Monster038",
    "MonsterPose": "0",
    "UndiscoveredDes": "MonsterInfo_320000040_UndiscoveredDes",
    "DiscoveredDes": "MonsterInfo_320000040_DiscoveredDes",
    "PerchId": [
      13
    ]
  },
  {
    "Id": 320000050,
    "Name": "MonsterInfo_320000050_Name",
    "RarityId": 2,
    "Icon": "/Game/Aki/UI/UIResources/Common/Image/IconMonsterHead/T_IconMonsterHead_205_UI.T_IconMonsterHead_205_UI",
    "BigIcon": "0",
    "Tachine": "/Game/Aki/UI/UIResources/UiSingleTower/Image/T_UiSingleTowerMonster1_UI.T_UiSingleTowerMonster1_UI",
    "ElementId": 6,
    "MonsterEntityID": "Monster039",
    "MonsterPose": "0",
    "UndiscoveredDes": "MonsterInfo_320000050_UndiscoveredDes",
    "DiscoveredDes": "MonsterInfo_320000050_DiscoveredDes",
    "PerchId": [
      13
    ]
  },
  {
    "Id": 320000060,
    "Name": "MonsterInfo_320000060_Name",
    "RarityId": 2,
    "Icon": "/Game/Aki/UI/UIResources/Common/Image/IconMonsterHead/T_IconMonsterHead_245_UI.T_IconMonsterHead_245_UI",
    "BigIcon": "0",
    "Tachine": "/Game/Aki/UI/UIResources/UiSingleTower/Image/T_UiSingleTowerMonster1_UI.T_UiSingleTowerMonster1_UI",
    "ElementId": 5,
    "MonsterEntityID": "Monster040",
    "MonsterPose": "0",
    "UndiscoveredDes": "MonsterInfo_320000060_UndiscoveredDes",
    "DiscoveredDes": "MonsterInfo_320000060_DiscoveredDes",
    "PerchId": [
      13
    ]
  },
  {
    "Id": 320000070,
    "Name": "MonsterInfo_320000070_Name",
    "RarityId": 2,
    "Icon": "/Game/Aki/UI/UIResources/Common/Image/IconMonsterHead/T_IconMonsterHead_215_UI.T_IconMonsterHead_215_UI",
    "BigIcon": "0",
    "Tachine": "/Game/Aki/UI/UIResources/UiSingleTower/Image/T_UiSingleTowerMonster1_UI.T_UiSingleTowerMonster1_UI",
    "ElementId": 6,
    "MonsterEntityID": "Monster041",
    "MonsterPose": "0",
    "UndiscoveredDes": "MonsterInfo_320000070_UndiscoveredDes",
    "DiscoveredDes": "MonsterInfo_320000070_DiscoveredDes",
    "PerchId": [
      13
    ]
  },
  {
    "Id": 320000080,
    "Name": "MonsterInfo_320000080_Name",
    "RarityId": 2,
    "Icon": "/Game/Aki/UI/UIResources/Common/Image/IconMonsterHead/T_IconMonsterHead_295_UI.T_IconMonsterHead_295_UI",
    "BigIcon": "0",
    "Tachine": "/Game/Aki/UI/UIResources/UiSingleTower/Image/T_UiSingleTowerMonster1_UI.T_UiSingleTowerMonster1_UI",
    "ElementId": 2,
    "MonsterEntityID": "Monster042",
    "MonsterPose": "0",
    "UndiscoveredDes": "MonsterInfo_320000080_UndiscoveredDes",
    "DiscoveredDes": "MonsterInfo_320000080_DiscoveredDes",
    "PerchId": [
      13
    ]
  },
  {
    "Id": 320000090,
    "Name": "MonsterInfo_320000090_Name",
    "RarityId": 2,
    "Icon": "/Game/Aki/UI/UIResources/Common/Image/IconMonsterHead/T_IconMonsterHead_315_UI.T_IconMonsterHead_315_UI",
    "BigIcon": "0",
    "Tachine": "/Game/Aki/UI/UIResources/UiSingleTower/Image/T_UiSingleTowerMonster1_UI.T_UiSingleTowerMonster1_UI",
    "ElementId": 6,
    "MonsterEntityID": "Monster043",
    "MonsterPose": "0",
    "UndiscoveredDes": "MonsterInfo_320000090_UndiscoveredDes",
    "DiscoveredDes": "MonsterInfo_320000090_DiscoveredDes",
    "PerchId": [
      13
    ]
  },
  {
    "Id": 320000100,
    "Name": "MonsterInfo_320000100_Name",
    "RarityId": 2,
    "Icon": "/Game/Aki/UI/UIResources/Common/Image/IconMonsterHead/T_IconMonsterHead_984_UI.T_IconMonsterHead_984_UI",
    "BigIcon": "0",
    "Tachine": "/Game/Aki/UI/UIResources/UiSingleTower/Image/T_UiSingleTowerMonster1_UI.T_UiSingleTowerMonster1_UI",
    "ElementId": 6,
    "MonsterEntityID": "Monster049",
    "MonsterPose": "0",
    "UndiscoveredDes": "MonsterInfo_320000100_UndiscoveredDes",
    "DiscoveredDes": "MonsterInfo_320000100_DiscoveredDes",
    "PerchId": [
      13
    ]
  },
  {
    "Id": 320000110,
    "Name": "MonsterInfo_320000110_Name",
    "RarityId": 2,
    "Icon": "/Game/Aki/UI/UIResources/Common/Image/IconMonsterHead/T_IconMonsterHead_989_UI.T_IconMonsterHead_989_UI",
    "BigIcon": "0",
    "Tachine": "/Game/Aki/UI/UIResources/UiSingleTower/Image/T_UiSingleTowerMonster1_UI.T_UiSingleTowerMonster1_UI",
    "ElementId": 4,
    "MonsterEntityID": "Monster050",
    "MonsterPose": "0",
    "UndiscoveredDes": "MonsterInfo_320000110_UndiscoveredDes",
    "DiscoveredDes": "MonsterInfo_320000110_DiscoveredDes",
    "PerchId": [
      13
    ]
  },
  {
    "Id": 320000120,
    "Name": "MonsterInfo_320000120_Name",
    "RarityId": 2,
    "Icon": "/Game/Aki/UI/UIResources/Common/Image/IconMonsterHead/T_IconMonsterHead_986_UI.T_IconMonsterHead_986_UI",
    "BigIcon": "0",
    "Tachine": "/Game/Aki/UI/UIResources/UiSingleTower/Image/T_UiSingleTowerMonster1_UI.T_UiSingleTowerMonster1_UI",
    "ElementId": 0,
    "MonsterEntityID": "Monster051",
    "MonsterPose": "0",
    "UndiscoveredDes": "MonsterInfo_320000120_UndiscoveredDes",
    "DiscoveredDes": "MonsterInfo_320000120_DiscoveredDes",
    "PerchId": [
      13
    ]
  },
  {
    "Id": 320000130,
    "Name": "MonsterInfo_320000130_Name",
    "RarityId": 2,
    "Icon": "/Game/Aki/UI/UIResources/Common/Image/IconMonsterHead/T_IconMonsterHead_970_UI.T_IconMonsterHead_970_UI",
    "BigIcon": "0",
    "Tachine": "/Game/Aki/UI/UIResources/UiSingleTower/Image/T_UiSingleTowerMonster1_UI.T_UiSingleTowerMonster1_UI",
    "ElementId": 0,
    "MonsterEntityID": "Monster054",
    "MonsterPose": "0",
    "UndiscoveredDes": "MonsterInfo_320000130_UndiscoveredDes",
    "DiscoveredDes": "MonsterInfo_320000130_DiscoveredDes",
    "PerchId": [
      13
    ]
  },
  {
    "Id": 320000140,
    "Name": "MonsterInfo_320000140_Name",
    "RarityId": 2,
    "Icon": "/Game/Aki/UI/UIResources/Common/Image/IconMonsterHead/T_IconMonsterHead_979_UI.T_IconMonsterHead_979_UI",
    "BigIcon": "0",
    "Tachine": "/Game/Aki/UI/UIResources/UiSingleTower/Image/T_UiSingleTowerMonster1_UI.T_UiSingleTowerMonster1_UI",
    "ElementId": 6,
    "MonsterEntityID": "Monster055",
    "MonsterPose": "0",
    "UndiscoveredDes": "MonsterInfo_320000140_UndiscoveredDes",
    "DiscoveredDes": "MonsterInfo_320000140_DiscoveredDes",
    "PerchId": [
      13
    ]
  },
  {
    "Id": 320000150,
    "Name": "MonsterInfo_320000150_Name",
    "RarityId": 2,
    "Icon": "/Game/Aki/UI/UIResources/Common/Image/IconMonsterHead/T_IconMonsterHead_978_UI.T_IconMonsterHead_978_UI",
    "BigIcon": "0",
    "Tachine": "/Game/Aki/UI/UIResources/UiSingleTower/Image/T_UiSingleTowerMonster1_UI.T_UiSingleTowerMonster1_UI",
    "ElementId": 5,
    "MonsterEntityID": "Monster056",
    "MonsterPose": "0",
    "UndiscoveredDes": "MonsterInfo_320000150_UndiscoveredDes",
    "DiscoveredDes": "MonsterInfo_320000150_DiscoveredDes",
    "PerchId": [
      13
    ]
  },
  {
    "Id": 320000160,
    "Name": "MonsterInfo_320000160_Name",
    "RarityId": 2,
    "Icon": "/Game/Aki/UI/UIResources/Common/Image/IconMonsterHead/T_IconMonsterHead_975_UI.T_IconMonsterHead_975_UI",
    "BigIcon": "0",
    "Tachine": "/Game/Aki/UI/UIResources/UiSingleTower/Image/T_UiSingleTowerMonster1_UI.T_UiSingleTowerMonster1_UI",
    "ElementId": 6,
    "MonsterEntityID": "Monster069",
    "MonsterPose": "0",
    "UndiscoveredDes": "MonsterInfo_320000160_UndiscoveredDes",
    "DiscoveredDes": "MonsterInfo_320000160_DiscoveredDes",
    "PerchId": [
      13
    ]
  },
  {
    "Id": 330000020,
    "Name": "MonsterInfo_330000020_Name",
    "RarityId": 3,
    "Icon": "/Game/Aki/UI/UIResources/Common/Image/IconMonsterHead/T_IconMonsterHead_325_UI.T_IconMonsterHead_325_UI",
    "BigIcon": "/Game/Aki/UI/UIResources/Common/Image/ImgBoss/T_Boss_06.T_Boss_06",
    "Tachine": "/Game/Aki/UI/UIResources/UiSingleTower/Image/T_UiSingleTowerMonster1_UI.T_UiSingleTowerMonster1_UI",
    "ElementId": 2,
    "MonsterEntityID": "Monster045",
    "MonsterPose": "0",
    "UndiscoveredDes": "MonsterInfo_330000020_UndiscoveredDes",
    "DiscoveredDes": "MonsterInfo_330000020_DiscoveredDes",
    "PerchId": [
      13
    ]
  },
  {
    "Id": 330000030,
    "Name": "MonsterInfo_330000030_Name",
    "RarityId": 3,
    "Icon": "/Game/Aki/UI/UIResources/Common/Image/IconMonsterHead/T_IconMonsterHead_995_UI.T_IconMonsterHead_995_UI",
    "BigIcon": "/Game/Aki/UI/UIResources/Common/Image/ImgBoss/T_Boss_04.T_Boss_04",
    "Tachine": "/Game/Aki/UI/UIResources/UiSingleTower/Image/T_UiSingleTowerMonster1_UI.T_UiSingleTowerMonster1_UI",
    "ElementId": 6,
    "MonsterEntityID": "Monster061",
    "MonsterPose": "0",
    "UndiscoveredDes": "MonsterInfo_330000030_UndiscoveredDes",
    "DiscoveredDes": "MonsterInfo_330000030_DiscoveredDes",
    "PerchId": [
      13
    ]
  },
  {
    "Id": 330000040,
    "Name": "MonsterInfo_330000040_Name",
    "RarityId": 3,
    "Icon": "/Game/Aki/UI/UIResources/Common/Image/IconMonsterHead/T_IconMonsterHead_994_UI.T_IconMonsterHead_994_UI",
    "BigIcon": "0",
    "Tachine": "/Game/Aki/UI/UIResources/UiSingleTower/Image/T_UiSingleTowerMonster1_UI.T_UiSingleTowerMonster1_UI",
    "ElementId": 1,
    "MonsterEntityID": "Monster062",
    "MonsterPose": "0",
    "UndiscoveredDes": "MonsterInfo_330000040_UndiscoveredDes",
    "DiscoveredDes": "MonsterInfo_330000040_DiscoveredDes",
    "PerchId": [
      13
    ]
  },
  {
    "Id": 330000050,
    "Name": "MonsterInfo_330000050_Name",
    "RarityId": 3,
    "Icon": "/Game/Aki/UI/UIResources/Common/Image/IconMonsterHead/T_IconMonsterHead_996_UI.T_IconMonsterHead_996_UI",
    "BigIcon": "/Game/Aki/UI/UIResources/Common/Image/ImgBoss/T_Boss_01.T_Boss_01",
    "Tachine": "/Game/Aki/UI/UIResources/UiSingleTower/Image/T_UiSingleTowerMonster1_UI.T_UiSingleTowerMonster1_UI",
    "ElementId": 4,
    "MonsterEntityID": "Monster063",
    "MonsterPose": "0",
    "UndiscoveredDes": "MonsterInfo_330000050_UndiscoveredDes",
    "DiscoveredDes": "MonsterInfo_330000050_DiscoveredDes",
    "PerchId": [
      13
    ]
  },
  {
    "Id": 330000060,
    "Name": "MonsterInfo_330000060_Name",
    "RarityId": 3,
    "Icon": "/Game/Aki/UI/UIResources/Common/Image/IconMonsterHead/T_IconMonsterHead_997_UI.T_IconMonsterHead_997_UI",
    "BigIcon": "/Game/Aki/UI/UIResources/Common/Image/ImgBoss/T_Boss_02.T_Boss_02",
    "Tachine": "/Game/Aki/UI/UIResources/UiSingleTower/Image/T_UiSingleTowerMonster1_UI.T_UiSingleTowerMonster1_UI",
    "ElementId": 5,
    "MonsterEntityID": "Monster070",
    "MonsterPose": "0",
    "UndiscoveredDes": "MonsterInfo_330000060_UndiscoveredDes",
    "DiscoveredDes": "MonsterInfo_330000060_DiscoveredDes",
    "PerchId": [
      13
    ]
  },
  {
    "Id": 340000020,
    "Name": "MonsterInfo_340000020_Name",
    "RarityId": 4,
    "Icon": "/Game/Aki/UI/UIResources/Common/Image/IconMonsterHead/T_IconMonsterHead_992_UI.T_IconMonsterHead_992_UI",
    "BigIcon": "0",
    "Tachine": "/Game/Aki/UI/UIResources/UiSingleTower/Image/T_UiSingleTowerMonster1_UI.T_UiSingleTowerMonster1_UI",
    "ElementId": 1,
    "MonsterEntityID": "Monster047",
    "MonsterPose": "0",
    "UndiscoveredDes": "MonsterInfo_340000020_UndiscoveredDes",
    "DiscoveredDes": "MonsterInfo_340000020_DiscoveredDes",
    "PerchId": [
      13
    ]
  },
  {
    "Id": 340000050,
    "Name": "MonsterInfo_340000050_Name",
    "RarityId": 4,
    "Icon": "/Game/Aki/UI/UIResources/Common/Image/IconMonsterHead/T_IconMonsterHead_990_UI.T_IconMonsterHead_990_UI",
    "BigIcon": "0",
    "Tachine": "/Game/Aki/UI/UIResources/UiSingleTower/Image/T_UiSingleTowerMonster1_UI.T_UiSingleTowerMonster1_UI",
    "ElementId": 6,
    "MonsterEntityID": "Monster060",
    "MonsterPose": "0",
    "UndiscoveredDes": "MonsterInfo_340000050_UndiscoveredDes",
    "DiscoveredDes": "MonsterInfo_340000050_DiscoveredDes",
    "PerchId": [
      13
    ]
  },
  {
    "Id": 320000170,
    "Name": "MonsterInfo_320000170_Name",
    "RarityId": 2,
    "Icon": "/Game/Aki/UI/UIResources/Common/Image/IconMonsterHead/T_IconMonsterHead_1005_UI.T_IconMonsterHead_1005_UI",
    "BigIcon": "0",
    "Tachine": "/Game/Aki/UI/UIResources/UiSingleTower/Image/T_UiSingleTowerMonster1_UI.T_UiSingleTowerMonster1_UI",
    "ElementId": 4,
    "MonsterEntityID": "Monster128",
    "MonsterPose": "0",
    "UndiscoveredDes": "MonsterInfo_320000170_UndiscoveredDes",
    "DiscoveredDes": "MonsterInfo_320000170_DiscoveredDes",
    "PerchId": [
      13
    ]
  },
  {
    "Id": 310000290,
    "Name": "MonsterInfo_320000290_Name",
    "RarityId": 1,
    "Icon": "/Game/Aki/UI/UIResources/Common/Image/IconMonsterHead/T_IconMonsterHead_972_UI.T_IconMonsterHead_972_UI",
    "BigIcon": "0",
    "Tachine": "/Game/Aki/UI/UIResources/UiSingleTower/Image/T_UiSingleTowerMonster1_UI.T_UiSingleTowerMonster1_UI",
    "ElementId": 0,
    "MonsterEntityID": "Monster072",
    "MonsterPose": "0",
    "UndiscoveredDes": "MonsterInfo_310000290_UndiscoveredDes",
    "DiscoveredDes": "MonsterInfo_310000290_DiscoveredDes",
    "PerchId": [
      13
    ]
  },
  {
    "Id": 310000300,
    "Name": "MonsterInfo_310000300_Name",
    "RarityId": 1,
    "Icon": "/Game/Aki/UI/UIResources/Common/Image/IconMonsterHead/T_IconMonsterHead_1005_UI.T_IconMonsterHead_1005_UI",
    "BigIcon": "0",
    "Tachine": "/Game/Aki/UI/UIResources/UiSingleTower/Image/T_UiSingleTowerMonster1_UI.T_UiSingleTowerMonster1_UI",
    "ElementId": 4,
    "MonsterEntityID": "Monster146",
    "MonsterPose": "0",
    "UndiscoveredDes": "MonsterInfo_310000290_UndiscoveredDes",
    "DiscoveredDes": "MonsterInfo_310000290_DiscoveredDes",
    "PerchId": [
      13
    ]
  },
  {
    "Id": 310000310,
    "Name": "MonsterInfo_310000310_Name",
    "RarityId": 1,
    "Icon": "/Game/Aki/UI/UIResources/Common/Image/IconMonsterHead/T_IconMonsterHead_974_UI.T_IconMonsterHead_974_UI",
    "BigIcon": "0",
    "Tachine": "/Game/Aki/UI/UIResources/UiSingleTower/Image/T_UiSingleTowerMonster1_UI.T_UiSingleTowerMonster1_UI",
    "ElementId": 2,
    "MonsterEntityID": "Monster086",
    "MonsterPose": "0",
    "UndiscoveredDes": "MonsterInfo_310000300_UndiscoveredDes",
    "DiscoveredDes": "MonsterInfo_310000300_DiscoveredDes",
    "PerchId": [
      13
    ]
  },
  {
    "Id": 310000320,
    "Name": "MonsterInfo_310000320_Name",
    "RarityId": 1,
    "Icon": "/Game/Aki/UI/UIResources/Common/Image/IconMonsterHead/T_IconMonsterHead_973_UI.T_IconMonsterHead_973_UI",
    "BigIcon": "0",
    "Tachine": "/Game/Aki/UI/UIResources/UiSingleTower/Image/T_UiSingleTowerMonster1_UI.T_UiSingleTowerMonster1_UI",
    "ElementId": 0,
    "MonsterEntityID": "Monster087",
    "MonsterPose": "0",
    "UndiscoveredDes": "MonsterInfo_310000310_UndiscoveredDes",
    "DiscoveredDes": "MonsterInfo_310000310_DiscoveredDes",
    "PerchId": [
      13
    ]
  },
  {
    "Id": 310000330,
    "Name": "MonsterInfo_310000330_Name",
    "RarityId": 1,
    "Icon": "/Game/Aki/UI/UIResources/Common/Image/IconMonsterHead/T_IconMonsterHead_1000_UI.T_IconMonsterHead_1000_UI",
    "BigIcon": "0",
    "Tachine": "/Game/Aki/UI/UIResources/UiSingleTower/Image/T_UiSingleTowerMonster1_UI.T_UiSingleTowerMonster1_UI",
    "ElementId": 5,
    "MonsterEntityID": "Monster151",
    "MonsterPose": "0",
    "UndiscoveredDes": "MonsterInfo_310000320_UndiscoveredDes",
    "DiscoveredDes": "MonsterInfo_310000320_DiscoveredDes",
    "PerchId": [
      13
    ]
  },
  {
    "Id": 310000340,
    "Name": "MonsterInfo_310000340_Name",
    "RarityId": 1,
    "Icon": "/Game/Aki/UI/UIResources/Common/Image/IconMonsterHead/T_IconMonsterHead_1001_UI.T_IconMonsterHead_1001_UI",
    "BigIcon": "0",
    "Tachine": "/Game/Aki/UI/UIResources/UiSingleTower/Image/T_UiSingleTowerMonster1_UI.T_UiSingleTowerMonster1_UI",
    "ElementId": 1,
    "MonsterEntityID": "Monster119",
    "MonsterPose": "0",
    "UndiscoveredDes": "MonsterInfo_310000340_UndiscoveredDes",
    "DiscoveredDes": "MonsterInfo_310000340_DiscoveredDes",
    "PerchId": [
      13
    ]
  },
  {
    "Id": 320000180,
    "Name": "MonsterInfo_320000180_Name",
    "RarityId": 2,
    "Icon": "/Game/Aki/UI/UIResources/Common/Image/IconMonsterHead/T_IconMonsterHead_1003_UI.T_IconMonsterHead_1003_UI",
    "BigIcon": "0",
    "Tachine": "/Game/Aki/UI/UIResources/UiSingleTower/Image/T_UiSingleTowerMonster1_UI.T_UiSingleTowerMonster1_UI",
    "ElementId": 1,
    "MonsterEntityID": "Monster150",
    "MonsterPose": "0",
    "UndiscoveredDes": "MonsterInfo_320000180_UndiscoveredDes",
    "DiscoveredDes": "MonsterInfo_320000180_DiscoveredDes",
    "PerchId": [
      13
    ]
  },
  {
    "Id": 340000060,
    "Name": "MonsterInfo_340000060_Name",
    "RarityId": 3,
    "Icon": "/Game/Aki/UI/UIResources/Common/Image/IconMonsterHead/T_IconMonsterHead_993_UI.T_IconMonsterHead_993_UI",
    "BigIcon": "0",
    "Tachine": "/Game/Aki/UI/UIResources/UiSingleTower/Image/T_UiSingleTowerMonster1_UI.T_UiSingleTowerMonster1_UI",
    "ElementId": 3,
    "MonsterEntityID": "Monster080",
    "MonsterPose": "0",
    "UndiscoveredDes": "MonsterInfo_340000060_UndiscoveredDes",
    "DiscoveredDes": "MonsterInfo_340000060_DiscoveredDes",
    "PerchId": [
      13
    ]
  },
  {
    "Id": 340000070,
    "Name": "MonsterInfo_340000070_Name",
    "RarityId": 4,
    "Icon": "/Game/Aki/UI/UIResources/Common/Image/IconMonsterHead/T_IconMonsterHead_998_UI.T_IconMonsterHead_998_UI",
    "BigIcon": "0",
    "Tachine": "/Game/Aki/UI/UIResources/UiSingleTower/Image/T_UiSingleTowerMonster1_UI.T_UiSingleTowerMonster1_UI",
    "ElementId": 6,
    "MonsterEntityID": "Monster078",
    "MonsterPose": "0",
    "UndiscoveredDes": "MonsterInfo_340000070_UndiscoveredDes",
    "DiscoveredDes": "MonsterInfo_340000070_DiscoveredDes",
    "PerchId": [
      13
    ]
  },
  {
    "Id": 340000080,
    "Name": "MonsterInfo_340000080_Name",
    "RarityId": 3,
    "Icon": "/Game/Aki/UI/UIResources/Common/Image/IconMonsterHead/T_IconMonsterHead_226_UI.T_IconMonsterHead_226_UI",
    "BigIcon": "0",
    "Tachine": "/Game/Aki/UI/UIResources/UiSingleTower/Image/T_UiSingleTowerMonster1_UI.T_UiSingleTowerMonster1_UI",
    "ElementId": 3,
    "MonsterEntityID": "Monster066",
    "MonsterPose": "0",
    "UndiscoveredDes": "MonsterInfo_340000080_UndiscoveredDes",
    "DiscoveredDes": "MonsterInfo_340000080_DiscoveredDes",
    "PerchId": [
      13
    ]
  },
  {
    "Id": 350000010,
    "Name": "MonsterInfo_350000010_Name",
    "RarityId": 3,
    "Icon": "/Game/Aki/UI/UIResources/Common/Image/IconMonsterHead/T_IconMonsterHead_1006_UI.T_IconMonsterHead_1006_UI",
    "BigIcon": "0",
    "Tachine": "/Game/Aki/UI/UIResources/UiSingleTower/Image/T_UiSingleTowerMonster1_UI.T_UiSingleTowerMonster1_UI",
    "ElementId": 5,
    "MonsterEntityID": "",
    "MonsterPose": "0",
    "UndiscoveredDes": "MonsterInfo_350000010_UndiscoveredDes",
    "DiscoveredDes": "MonsterInfo_350000010_DiscoveredDes",
    "PerchId": [
      13
    ]
  },
  {
    "Id": 350000020,
    "Name": "MonsterInfo_350000020_Name",
    "RarityId": 2,
    "Icon": "/Game/Aki/UI/UIResources/Common/Image/IconMonsterHead/T_IconMonsterHead_1007_UI.T_IconMonsterHead_1007_UI",
    "BigIcon": "0",
    "Tachine": "/Game/Aki/UI/UIResources/UiSingleTower/Image/T_UiSingleTowerMonster1_UI.T_UiSingleTowerMonster1_UI",
    "ElementId": 5,
    "MonsterEntityID": "Monster1058",
    "MonsterPose": "0",
    "UndiscoveredDes": "MonsterInfo_350000020_UndiscoveredDes",
    "DiscoveredDes": "MonsterInfo_350000020_DiscoveredDes",
    "PerchId": [
      13
    ]
  },
  {
    "Id": 350000030,
    "Name": "MonsterInfo_350000030_Name",
    "RarityId": 1,
    "Icon": "/Game/Aki/UI/UIResources/Common/Image/IconMonsterHead/T_IconMonsterHead_1010_UI.T_IconMonsterHead_1010_UI",
    "BigIcon": "0",
    "Tachine": "/Game/Aki/UI/UIResources/UiSingleTower/Image/T_UiSingleTowerMonster1_UI.T_UiSingleTowerMonster1_UI",
    "ElementId": 1,
    "MonsterEntityID": "Monster1040",
    "MonsterPose": "0",
    "UndiscoveredDes": "MonsterInfo_350000030_UndiscoveredDes",
    "DiscoveredDes": "MonsterInfo_350000030_DiscoveredDes",
    "PerchId": [
      13
    ]
  },
  {
    "Id": 350000040,
    "Name": "MonsterInfo_350000040_Name",
    "RarityId": 3,
    "Icon": "/Game/Aki/UI/UIResources/Common/Image/IconMonsterHead/T_IconMonsterHead_1008_UI.T_IconMonsterHead_1008_UI",
    "BigIcon": "0",
    "Tachine": "/Game/Aki/UI/UIResources/UiSingleTower/Image/T_UiSingleTowerMonster1_UI.T_UiSingleTowerMonster1_UI",
    "ElementId": 3,
    "MonsterEntityID": "",
    "MonsterPose": "0",
    "UndiscoveredDes": "MonsterInfo_350000040_UndiscoveredDes",
    "DiscoveredDes": "MonsterInfo_350000040_DiscoveredDes",
    "PerchId": [
      13
    ]
  },
  {
    "Id": 350000050,
    "Name": "MonsterInfo_350000050_Name",
    "RarityId": 3,
    "Icon": "/Game/Aki/UI/UIResources/Common/Image/IconMonsterHead/T_IconMonsterHead_1009_UI.T_IconMonsterHead_1009_UI",
    "BigIcon": "0",
    "Tachine": "/Game/Aki/UI/UIResources/UiSingleTower/Image/T_UiSingleTowerMonster1_UI.T_UiSingleTowerMonster1_UI",
    "ElementId": 4,
    "MonsterEntityID": "",
    "MonsterPose": "0",
    "UndiscoveredDes": "MonsterInfo_350000050_UndiscoveredDes",
    "DiscoveredDes": "MonsterInfo_350000050_DiscoveredDes",
    "PerchId": [
      13
    ]
  },
  {
    "Id": 350000060,
    "Name": "MonsterInfo_350000060_Name",
    "RarityId": 3,
    "Icon": "/Game/Aki/UI/UIResources/Common/Image/IconMonsterHead/T_IconMonsterHead_1014_UI.T_IconMonsterHead_1014_UI",
    "BigIcon": "0",
    "Tachine": "/Game/Aki/UI/UIResources/UiSingleTower/Image/T_UiSingleTowerMonster1_UI.T_UiSingleTowerMonster1_UI",
    "ElementId": 6,
    "MonsterEntityID": "Monster061",
    "MonsterPose": "0",
    "UndiscoveredDes": "MonsterInfo_330000030_UndiscoveredDes",
    "DiscoveredDes": "MonsterInfo_330000030_DiscoveredDes",
    "PerchId": [
      13
    ]
  },
  {
    "Id": 310000251,
    "Name": "MonsterInfo_310000251_Name",
    "RarityId": 1,
    "Icon": "/Game/Aki/UI/UIResources/Common/Image/IconMonsterHead/T_IconMonsterHead_988_UI.T_IconMonsterHead_988_UI",
    "BigIcon": "0",
    "Tachine": "/Game/Aki/UI/UIResources/UiSingleTower/Image/T_UiSingleTowerMonster1_UI.T_UiSingleTowerMonster1_UI",
    "ElementId": 4,
    "MonsterEntityID": "Monster052",
    "MonsterPose": "0",
    "UndiscoveredDes": "MonsterInfo_310000250_UndiscoveredDes",
    "DiscoveredDes": "MonsterInfo_310000250_DiscoveredDes",
    "PerchId": [
      13
    ]
  },
  {
    "Id": 320000111,
    "Name": "MonsterInfo_320000111_Name",
    "RarityId": 2,
    "Icon": "/Game/Aki/UI/UIResources/Common/Image/IconMonsterHead/T_IconMonsterHead_989_UI.T_IconMonsterHead_989_UI",
    "BigIcon": "0",
    "Tachine": "/Game/Aki/UI/UIResources/UiSingleTower/Image/T_UiSingleTowerMonster1_UI.T_UiSingleTowerMonster1_UI",
    "ElementId": 4,
    "MonsterEntityID": "Monster050",
    "MonsterPose": "0",
    "UndiscoveredDes": "MonsterInfo_320000110_UndiscoveredDes",
    "DiscoveredDes": "MonsterInfo_320000110_DiscoveredDes",
    "PerchId": [
      13
    ]
  },
  {
    "Id": 310000350,
    "Name": "MonsterInfo_310000350_Name",
    "RarityId": 1,
    "Icon": "/Game/Aki/UI/UIResources/Common/Image/IconMonsterHead/T_IconMonsterHead_326_UI.T_IconMonsterHead_326_UI",
    "BigIcon": "0",
    "Tachine": "/Game/Aki/UI/UIResources/UiSingleTower/Image/T_UiSingleTowerMonster1_UI.T_UiSingleTowerMonster1_UI",
    "ElementId": 2,
    "MonsterEntityID": "Monster118",
    "MonsterPose": "0",
    "UndiscoveredDes": "MonsterInfo_310000350_UndiscoveredDes",
    "DiscoveredDes": "MonsterInfo_310000350_DiscoveredDes",
    "PerchId": [
      13
    ]
  },
  {
    "Id": 310000360,
    "Name": "MonsterInfo_310000360_Name",
    "RarityId": 1,
    "Icon": "/Game/Aki/UI/UIResources/Common/Image/IconMonsterHead/T_IconMonsterHead_330_UI.T_IconMonsterHead_330_UI",
    "BigIcon": "0",
    "Tachine": "/Game/Aki/UI/UIResources/UiSingleTower/Image/T_UiSingleTowerMonster1_UI.T_UiSingleTowerMonster1_UI",
    "ElementId": 0,
    "MonsterEntityID": "Monster127",
    "MonsterPose": "0",
    "UndiscoveredDes": "MonsterInfo_310000360_UndiscoveredDes",
    "DiscoveredDes": "MonsterInfo_310000360_DiscoveredDes",
    "PerchId": [
      13
    ]
  },
  {
    "Id": 320000190,
    "Name": "MonsterInfo_320000190_Name",
    "RarityId": 2,
    "Icon": "/Game/Aki/UI/UIResources/Common/Image/IconMonsterHead/T_IconMonsterHead_985_UI.T_IconMonsterHead_985_UI",
    "BigIcon": "0",
    "Tachine": "/Game/Aki/UI/UIResources/UiSingleTower/Image/T_UiSingleTowerMonster1_UI.T_UiSingleTowerMonster1_UI",
    "ElementId": 1,
    "MonsterEntityID": "Monster_branch1.1_001",
    "MonsterPose": "0",
    "UndiscoveredDes": "MonsterInfo_320000190_UndiscoveredDes",
    "DiscoveredDes": "MonsterInfo_320000190_DiscoveredDes",
    "PerchId": [
      13
    ]
  },
  {
    "Id": 320000200,
    "Name": "MonsterInfo_320000200_Name",
    "RarityId": 2,
    "Icon": "/Game/Aki/UI/UIResources/Common/Image/IconMonsterHead/T_IconMonsterHead_329_UI.T_IconMonsterHead_329_UI",
    "BigIcon": "0",
    "Tachine": "/Game/Aki/UI/UIResources/UiSingleTower/Image/T_UiSingleTowerMonster1_UI.T_UiSingleTowerMonster1_UI",
    "ElementId": 1,
    "MonsterEntityID": "Monster170",
    "MonsterPose": "0",
    "UndiscoveredDes": "MonsterInfo_320000200_UndiscoveredDes",
    "DiscoveredDes": "MonsterInfo_320000200_DiscoveredDes",
    "PerchId": [
      13
    ]
  },
  {
    "Id": 320000210,
    "Name": "MonsterInfo_320000210_Name",
    "RarityId": 2,
    "Icon": "/Game/Aki/UI/UIResources/Common/Image/IconMonsterHead/T_IconMonsterHead_328_UI.T_IconMonsterHead_328_UI",
    "BigIcon": "0",
    "Tachine": "/Game/Aki/UI/UIResources/UiSingleTower/Image/T_UiSingleTowerMonster1_UI.T_UiSingleTowerMonster1_UI",
    "ElementId": 5,
    "MonsterEntityID": "Monster126",
    "MonsterPose": "0",
    "UndiscoveredDes": "MonsterInfo_320000210_UndiscoveredDes",
    "DiscoveredDes": "MonsterInfo_320000210_DiscoveredDes",
    "PerchId": [
      13
    ]
  },
  {
    "Id": 340000090,
    "Name": "MonsterInfo_340000090_Name",
    "RarityId": 4,
    "Icon": "/Game/Aki/UI/UIResources/Common/Image/IconMonsterHead/T_IconMonsterHead_327_UI.T_IconMonsterHead_327_UI",
    "BigIcon": "0",
    "Tachine": "/Game/Aki/UI/UIResources/UiSingleTower/Image/T_UiSingleTowerMonster1_UI.T_UiSingleTowerMonster1_UI",
    "ElementId": 5,
    "MonsterEntityID": "Monster123",
    "MonsterPose": "0",
    "UndiscoveredDes": "MonsterInfo_340000090_UndiscoveredDes",
    "DiscoveredDes": "MonsterInfo_340000090_DiscoveredDes",
    "PerchId": [
      13
    ]
  },
  {
    "Id": 350000070,
    "Name": "MonsterInfo_350000070_Name",
    "RarityId": 1,
    "Icon": "/Game/Aki/UI/UIResources/Common/Image/IconMonsterHead/T_IconMonsterHead_1015_UI.T_IconMonsterHead_1015_UI",
    "BigIcon": "0",
    "Tachine": "/Game/Aki/UI/UIResources/UiSingleTower/Image/T_UiSingleTowerMonster1_UI.T_UiSingleTowerMonster1_UI",
    "ElementId": 1,
    "MonsterEntityID": "Monster119",
    "MonsterPose": "0",
    "UndiscoveredDes": "MonsterInfo_310000330_UndiscoveredDes",
    "DiscoveredDes": "MonsterInfo_310000330_DiscoveredDes",
    "PerchId": [
      13
    ]
  },
  {
    "Id": 350000080,
    "Name": "MonsterInfo_350000080_Name",
    "RarityId": 2,
    "Icon": "/Game/Aki/UI/UIResources/Common/Image/IconMonsterHead/T_IconMonsterHead_1016_UI.T_IconMonsterHead_1016_UI",
    "BigIcon": "0",
    "Tachine": "/Game/Aki/UI/UIResources/UiSingleTower/Image/T_UiSingleTowerMonster1_UI.T_UiSingleTowerMonster1_UI",
    "ElementId": 5,
    "MonsterEntityID": "Monster126",
    "MonsterPose": "0",
    "UndiscoveredDes": "MonsterInfo_320000210_UndiscoveredDes",
    "DiscoveredDes": "MonsterInfo_320000210_DiscoveredDes",
    "PerchId": [
      13
    ]
  },
  {
    "Id": 350000090,
    "Name": "MonsterInfo_350000090_Name",
    "RarityId": 4,
    "Icon": "/Game/Aki/UI/UIResources/Common/Image/IconMonsterHead/T_IconMonsterHead_998_1_UI.T_IconMonsterHead_998_1_UI",
    "BigIcon": "0",
    "Tachine": "/Game/Aki/UI/UIResources/UiSingleTower/Image/T_UiSingleTowerMonster1_UI.T_UiSingleTowerMonster1_UI",
    "ElementId": 6,
    "MonsterEntityID": "Monster078",
    "MonsterPose": "0",
    "UndiscoveredDes": "MonsterInfo_340000070_UndiscoveredDes",
    "DiscoveredDes": "MonsterInfo_340000070_DiscoveredDes",
    "PerchId": [
      13
    ]
  },
  {
    "Id": 350000100,
    "Name": "MonsterInfo_350000100_Name",
    "RarityId": 1,
    "Icon": "/Game/Aki/UI/UIResources/Common/Image/IconMonsterHead/T_IconMonsterHead_115_1_UI.T_IconMonsterHead_115_1_UI",
    "BigIcon": "0",
    "Tachine": "/Game/Aki/UI/UIResources/UiSingleTower/Image/T_UiSingleTowerMonster1_UI.T_UiSingleTowerMonster1_UI",
    "ElementId": 1,
    "MonsterEntityID": "Monster016",
    "MonsterPose": "0",
    "UndiscoveredDes": "MonsterInfo_310000120_UndiscoveredDes",
    "DiscoveredDes": "MonsterInfo_310000120_DiscoveredDes",
    "PerchId": [
      13
    ]
  },
  {
    "Id": 350000110,
    "Name": "MonsterInfo_350000110_Name",
    "RarityId": 2,
    "Icon": "/Game/Aki/UI/UIResources/Common/Image/IconMonsterHead/T_IconMonsterHead_329_1_UI.T_IconMonsterHead_329_1_UI",
    "BigIcon": "0",
    "Tachine": "/Game/Aki/UI/UIResources/UiSingleTower/Image/T_UiSingleTowerMonster1_UI.T_UiSingleTowerMonster1_UI",
    "ElementId": 1,
    "MonsterEntityID": "Monster170",
    "MonsterPose": "0",
    "UndiscoveredDes": "MonsterInfo_320000200_UndiscoveredDes",
    "DiscoveredDes": "MonsterInfo_320000200_DiscoveredDes",
    "PerchId": [
      13
    ]
  },
  {
    "Id": 330000070,
    "Name": "MonsterInfo_330000070_Name",
    "RarityId": 3,
    "Icon": "/Game/Aki/UI/UIResources/Common/Image/IconMonsterHead/T_IconMonsterHead_350_UI.T_IconMonsterHead_350_UI",
    "BigIcon": "0",
    "Tachine": "/Game/Aki/UI/UIResources/UiSingleTower/Image/T_UiSingleTowerMonster1_UI.T_UiSingleTowerMonster1_UI",
    "ElementId": 5,
    "MonsterEntityID": "Monster_branch1.3_001",
    "MonsterPose": "0",
    "UndiscoveredDes": "MonsterInfo_330000070_UndiscoveredDes",
    "DiscoveredDes": "MonsterInfo_330000070_DiscoveredDes",
    "PerchId": [
      13
    ]
  }
]