[
  {
    "Id": 1,
    "HandBookCameraId": "800012",
    "MoveForwardDistance": 50,
    "MoveForwardDuration": 1000,
    "MoveForwardCurvePath": "/Game/Aki/Data/UiRoleCamera/Curve/MonsterMoveForwardCurve.MonsterMoveForwardCurve"
  },
  {
    "Id": 2,
    "HandBookCameraId": "800022",
    "MoveForwardDistance": 70,
    "MoveForwardDuration": 1000,
    "MoveForwardCurvePath": "/Game/Aki/Data/UiRoleCamera/Curve/MonsterMoveForwardCurve.MonsterMoveForwardCurve"
  },
  {
    "Id": 3,
    "HandBookCameraId": "800023",
    "MoveForwardDistance": 50,
    "MoveForwardDuration": 1000,
    "MoveForwardCurvePath": "/Game/Aki/Data/UiRoleCamera/Curve/MonsterMoveForwardCurve.MonsterMoveForwardCurve"
  },
  {
    "Id": 4,
    "HandBookCameraId": "800024",
    "MoveForwardDistance": 70,
    "MoveForwardDuration": 1000,
    "MoveForwardCurvePath": "/Game/Aki/Data/UiRoleCamera/Curve/MonsterMoveForwardCurve.MonsterMoveForwardCurve"
  },
  {
    "Id": 5,
    "HandBookCameraId": "800032",
    "MoveForwardDistance": 100,
    "MoveForwardDuration": 1000,
    "MoveForwardCurvePath": "/Game/Aki/Data/UiRoleCamera/Curve/MonsterMoveForwardCurve.MonsterMoveForwardCurve"
  },
  {
    "Id": 6,
    "HandBookCameraId": "800021",
    "MoveForwardDistance": 90,
    "MoveForwardDuration": 1000,
    "MoveForwardCurvePath": "/Game/Aki/Data/UiRoleCamera/Curve/MonsterMoveForwardCurve.MonsterMoveForwardCurve"
  },
  {
    "Id": 7,
    "HandBookCameraId": "800041",
    "MoveForwardDistance": 300,
    "MoveForwardDuration": 1000,
    "MoveForwardCurvePath": "/Game/Aki/Data/UiRoleCamera/Curve/MonsterMoveForwardCurve.MonsterMoveForwardCurve"
  },
  {
    "Id": 8,
    "HandBookCameraId": "800042",
    "MoveForwardDistance": 180,
    "MoveForwardDuration": 1000,
    "MoveForwardCurvePath": "/Game/Aki/Data/UiRoleCamera/Curve/MonsterMoveForwardCurve.MonsterMoveForwardCurve"
  },
  {
    "Id": 9,
    "HandBookCameraId": "800043",
    "MoveForwardDistance": 160,
    "MoveForwardDuration": 1000,
    "MoveForwardCurvePath": "/Game/Aki/Data/UiRoleCamera/Curve/MonsterMoveForwardCurve.MonsterMoveForwardCurve"
  },
  {
    "Id": 10,
    "HandBookCameraId": "800033",
    "MoveForwardDistance": 70,
    "MoveForwardDuration": 1000,
    "MoveForwardCurvePath": "/Game/Aki/Data/UiRoleCamera/Curve/MonsterMoveForwardCurve.MonsterMoveForwardCurve"
  },
  {
    "Id": 11,
    "HandBookCameraId": "800044",
    "MoveForwardDistance": 430,
    "MoveForwardDuration": 1000,
    "MoveForwardCurvePath": "/Game/Aki/Data/UiRoleCamera/Curve/MonsterMoveForwardCurve.MonsterMoveForwardCurve"
  },
  {
    "Id": 12,
    "HandBookCameraId": "800045",
    "MoveForwardDistance": 300,
    "MoveForwardDuration": 1000,
    "MoveForwardCurvePath": "/Game/Aki/Data/UiRoleCamera/Curve/MonsterMoveForwardCurve.MonsterMoveForwardCurve"
  }
]