[
  {
    "Id": 1,
    "MonsterSizeTag": [
      "怪物.LockOnTag.小体型怪物"
    ]
  },
  {
    "Id": 2,
    "MonsterSizeTag": [
      "怪物.LockOnTag.基础体型怪物"
    ]
  },
  {
    "Id": 3,
    "MonsterSizeTag": [
      "怪物.LockOnTag.大体型怪物"
    ]
  },
  {
    "Id": 4,
    "MonsterSizeTag": [
      "怪物.LockOnTag.超大体型怪物"
    ]
  },
  {
    "Id": 5,
    "MonsterSizeTag": [
      "怪物.LockOnTag.小体型飞行怪物"
    ]
  },
  {
    "Id": 6,
    "MonsterSizeTag": [
      "怪物.LockOnTag.大体型飞行怪物"
    ]
  },
  {
    "Id": 7,
    "MonsterSizeTag": {
      "PKa": [],
      "length": 0
    }
  }
]