[
  {
    "Id": "0",
    "PhysicsAssetPath": "",
    "BoneNames": [
      "Bip001LThigh",
      "Bip001RThigh"
    ]
  },
  {
    "Id": "FemaleS",
    "PhysicsAssetPath": "/Game/Aki/Character/Role/FemaleS/BasePhysics/R2T1AnkeMd10011_Caughted_Physics.R2T1AnkeMd10011_Caughted_Physics",
    "BoneNames": [
      "Bip001LThigh",
      "Bip001RThigh"
    ]
  },
  {
    "Id": "FemaleM",
    "PhysicsAssetPath": "/Game/Aki/Character/Role/FemaleM/BasePhysics/R2T1PlayerFemaleMd10011_Caughted_Physics.R2T1PlayerFemaleMd10011_Caughted_Physics",
    "BoneNames": [
      "Bip001LThigh",
      "Bip001RThigh"
    ]
  },
  {
    "Id": "FemaleXL",
    "PhysicsAssetPath": "/Game/Aki/Character/Role/FemaleXL/BasePhysics/R2T1BaiLianMd10011_Caughted_Physics.R2T1BaiLianMd10011_Caughted_Physics",
    "BoneNames": [
      "Bip001LThigh",
      "Bip001RThigh"
    ]
  },
  {
    "Id": "MaleS",
    "PhysicsAssetPath": "/Game/Aki/Character/Role/MaleS/BasePhysics/R2T1LingyangMd10011_Caughted_Physics.R2T1LingyangMd10011_Caughted_Physics",
    "BoneNames": [
      "Bip001LThigh",
      "Bip001RThigh"
    ]
  },
  {
    "Id": "Male",
    "PhysicsAssetPath": "/Game/Aki/Character/Role/MaleM/BasePhysics/R2T1PlayerMaleMd10011_Caughted_Physics.R2T1PlayerMaleMd10011_Caughted_Physics",
    "BoneNames": [
      "Bip001LThigh",
      "Bip001RThigh"
    ]
  },
  {
    "Id": "MaleXL",
    "PhysicsAssetPath": "/Game/Aki/Character/Role/MaleXL/BasePhysics/R2T1QiushuiMd10011_Caughted_Physics.R2T1QiushuiMd10011_Caughted_Physics",
    "BoneNames": [
      "Bip001LThigh",
      "Bip001RThigh"
    ]
  }
]