[
  {
    "Id": 65,
    "ReactionId": 65,
    "ReactionName": "ElementalReaction_65_ReactionName",
    "SortIndex": 2,
    "ReactionTexturePath": "/Game/Aki/UI/UIResources/Common/Image/IconElement/T_IconElementReactionGuangshi_UI.T_IconElementReactionGuangshi_UI",
    "ReactionColor": "A5125EFF",
    "IsVisible": true,
    "ReactionDescription": "ElementalReaction_65_ReactionDescription"
  },
  {
    "Id": 64,
    "ReactionId": 64,
    "ReactionName": "ElementalReaction_64_ReactionName",
    "SortIndex": 3,
    "ReactionTexturePath": "/Game/Aki/UI/UIResources/Common/Image/IconElement/T_IconElementReactionFengshi_UI.T_IconElementReactionFengshi_UI",
    "ReactionColor": "A5125EFF",
    "IsVisible": true,
    "ReactionDescription": "ElementalReaction_64_ReactionDescription"
  },
  {
    "Id": 63,
    "ReactionId": 63,
    "ReactionName": "ElementalReaction_63_ReactionName",
    "SortIndex": 4,
    "ReactionTexturePath": "/Game/Aki/UI/UIResources/Common/Image/IconElement/T_IconElementReactionLeishi_UI.T_IconElementReactionLeishi_UI",
    "ReactionColor": "A5125EFF",
    "IsVisible": true,
    "ReactionDescription": "ElementalReaction_63_ReactionDescription"
  },
  {
    "Id": 62,
    "ReactionId": 62,
    "ReactionName": "ElementalReaction_62_ReactionName",
    "SortIndex": 5,
    "ReactionTexturePath": "/Game/Aki/UI/UIResources/Common/Image/IconElement/T_IconElementReactionHuoshi_UI.T_IconElementReactionHuoshi_UI",
    "ReactionColor": "A5125EFF",
    "IsVisible": true,
    "ReactionDescription": "ElementalReaction_62_ReactionDescription"
  },
  {
    "Id": 61,
    "ReactionId": 61,
    "ReactionName": "ElementalReaction_61_ReactionName",
    "SortIndex": 6,
    "ReactionTexturePath": "/Game/Aki/UI/UIResources/Common/Image/IconElement/T_IconElementReactionBingshi_UI.T_IconElementReactionBingshi_UI",
    "ReactionColor": "A5125EFF",
    "IsVisible": true,
    "ReactionDescription": "ElementalReaction_61_ReactionDescription"
  },
  {
    "Id": 54,
    "ReactionId": 54,
    "ReactionName": "ElementalReaction_54_ReactionName",
    "SortIndex": 8,
    "ReactionTexturePath": "/Game/Aki/UI/UIResources/Common/Image/IconElement/T_IconElementReactionFengdun_UI.T_IconElementReactionFengdun_UI",
    "ReactionColor": "FBEC7EFF",
    "IsVisible": true,
    "ReactionDescription": "ElementalReaction_54_ReactionDescription"
  },
  {
    "Id": 53,
    "ReactionId": 53,
    "ReactionName": "ElementalReaction_53_ReactionName",
    "SortIndex": 9,
    "ReactionTexturePath": "/Game/Aki/UI/UIResources/Common/Image/IconElement/T_IconElementReactionLeidun_UI.T_IconElementReactionLeidun_UI",
    "ReactionColor": "FBEC7EFF",
    "IsVisible": true,
    "ReactionDescription": "ElementalReaction_53_ReactionDescription"
  },
  {
    "Id": 52,
    "ReactionId": 52,
    "ReactionName": "ElementalReaction_52_ReactionName",
    "SortIndex": 10,
    "ReactionTexturePath": "/Game/Aki/UI/UIResources/Common/Image/IconElement/T_IconElementReactionHuodun_UI.T_IconElementReactionHuodun_UI",
    "ReactionColor": "FBEC7EFF",
    "IsVisible": true,
    "ReactionDescription": "ElementalReaction_52_ReactionDescription"
  },
  {
    "Id": 51,
    "ReactionId": 51,
    "ReactionName": "ElementalReaction_51_ReactionName",
    "SortIndex": 11,
    "ReactionTexturePath": "/Game/Aki/UI/UIResources/Common/Image/IconElement/T_IconElementReactionShuidun_UI.T_IconElementReactionShuidun_UI",
    "ReactionColor": "FBEC7EFF",
    "IsVisible": true,
    "ReactionDescription": "ElementalReaction_51_ReactionDescription"
  },
  {
    "Id": 43,
    "ReactionId": 43,
    "ReactionName": "ElementalReaction_43_ReactionName",
    "SortIndex": 13,
    "ReactionTexturePath": "/Game/Aki/UI/UIResources/Common/Image/IconElement/T_IconElementReactionLeizhen_UI.T_IconElementReactionLeizhen_UI",
    "ReactionColor": "1BECAAFF",
    "IsVisible": true,
    "ReactionDescription": "ElementalReaction_43_ReactionDescription"
  },
  {
    "Id": 42,
    "ReactionId": 42,
    "ReactionName": "ElementalReaction_42_ReactionName",
    "SortIndex": 14,
    "ReactionTexturePath": "/Game/Aki/UI/UIResources/Common/Image/IconElement/T_IconElementReactionHuozhen_UI.T_IconElementReactionHuozhen_UI",
    "ReactionColor": "1BECAAFF",
    "IsVisible": true,
    "ReactionDescription": "ElementalReaction_42_ReactionDescription"
  },
  {
    "Id": 41,
    "ReactionId": 41,
    "ReactionName": "ElementalReaction_41_ReactionName",
    "SortIndex": 15,
    "ReactionTexturePath": "/Game/Aki/UI/UIResources/Common/Image/IconElement/T_IconElementReactionBingzhen_UI.T_IconElementReactionBingzhen_UI",
    "ReactionColor": "1BECAAFF",
    "IsVisible": true,
    "ReactionDescription": "ElementalReaction_41_ReactionDescription"
  },
  {
    "Id": 32,
    "ReactionId": 32,
    "ReactionName": "ElementalReaction_32_ReactionName",
    "SortIndex": 17,
    "ReactionTexturePath": "/Game/Aki/UI/UIResources/Common/Image/IconElement/T_IconElementReactionHuoshang_UI.T_IconElementReactionHuoshang_UI",
    "ReactionColor": "D346D8FF",
    "IsVisible": true,
    "ReactionDescription": "ElementalReaction_32_ReactionDescription"
  },
  {
    "Id": 31,
    "ReactionId": 31,
    "ReactionName": "ElementalReaction_31_ReactionName",
    "SortIndex": 18,
    "ReactionTexturePath": "/Game/Aki/UI/UIResources/Common/Image/IconElement/T_IconElementReactionLeishang_UI.T_IconElementReactionLeishang_UI",
    "ReactionColor": "D346D8FF",
    "IsVisible": true,
    "ReactionDescription": "ElementalReaction_31_ReactionDescription"
  },
  {
    "Id": 21,
    "ReactionId": 21,
    "ReactionName": "ElementalReaction_21_ReactionName",
    "SortIndex": 20,
    "ReactionTexturePath": "/Game/Aki/UI/UIResources/Common/Image/IconElement/T_IconElementReactionLenghuo_UI.T_IconElementReactionLenghuo_UI",
    "ReactionColor": "C31919FF",
    "IsVisible": true,
    "ReactionDescription": "ElementalReaction_21_ReactionDescription"
  },
  {
    "Id": 66,
    "ReactionId": 66,
    "ReactionName": "ElementalReaction_66_ReactionName",
    "SortIndex": 1,
    "ReactionTexturePath": "/Game/Aki/UI/UIResources/Common/Image/IconElement/T_IconElementDark2_UI.T_IconElementDark2_UI",
    "ReactionColor": "A5125EFF",
    "IsVisible": true,
    "ReactionDescription": "ElementalReaction_66_ReactionDescription"
  },
  {
    "Id": 55,
    "ReactionId": 55,
    "ReactionName": "ElementalReaction_55_ReactionName",
    "SortIndex": 7,
    "ReactionTexturePath": "/Game/Aki/UI/UIResources/Common/Image/IconElement/T_IconElementLight2_UI.T_IconElementLight2_UI",
    "ReactionColor": "FBEC7EFF",
    "IsVisible": true,
    "ReactionDescription": "ElementalReaction_55_ReactionDescription"
  },
  {
    "Id": 44,
    "ReactionId": 44,
    "ReactionName": "ElementalReaction_44_ReactionName",
    "SortIndex": 12,
    "ReactionTexturePath": "/Game/Aki/UI/UIResources/Common/Image/IconElement/T_IconElementWind2_UI.T_IconElementWind2_UI",
    "ReactionColor": "1BECAAFF",
    "IsVisible": true,
    "ReactionDescription": "ElementalReaction_44_ReactionDescription"
  },
  {
    "Id": 33,
    "ReactionId": 33,
    "ReactionName": "ElementalReaction_33_ReactionName",
    "SortIndex": 16,
    "ReactionTexturePath": "/Game/Aki/UI/UIResources/Common/Image/IconElement/T_IconElementThunder2_UI.T_IconElementThunder2_UI",
    "ReactionColor": "D346D8FF",
    "IsVisible": true,
    "ReactionDescription": "ElementalReaction_33_ReactionDescription"
  },
  {
    "Id": 22,
    "ReactionId": 22,
    "ReactionName": "ElementalReaction_22_ReactionName",
    "SortIndex": 19,
    "ReactionTexturePath": "/Game/Aki/UI/UIResources/Common/Image/IconElement/T_IconElementFire2_UI.T_IconElementFire2_UI",
    "ReactionColor": "C31919FF",
    "IsVisible": true,
    "ReactionDescription": "ElementalReaction_22_ReactionDescription"
  },
  {
    "Id": 11,
    "ReactionId": 11,
    "ReactionName": "ElementalReaction_11_ReactionName",
    "SortIndex": 21,
    "ReactionTexturePath": "/Game/Aki/UI/UIResources/Common/Image/IconElement/T_IconElementIce2_UI.T_IconElementIce2_UI",
    "ReactionColor": "C31919FF",
    "IsVisible": true,
    "ReactionDescription": "ElementalReaction_11_ReactionDescription"
  }
]