[
  {
    "Id": 1,
    "Describe": "ElementInfo_1_Describe",
    "Name": "ElementInfo_1_Name",
    "Icon": "/Game/Aki/UI/UIResources/Common/Image/IconElementRound/T_IconElementIce1_UI.T_IconElementIce1_UI",
    "Icon2": "/Game/Aki/UI/UIResources/Common/Image/IconElementRound/T_IconElementIce1_UI.T_IconElementIce1_UI",
    "Icon3": "/Game/Aki/UI/UIResources/Common/Image/IconElement128/T_IconElementIce1.T_IconElementIce1",
    "Icon4": "/Game/Aki/UI/UIResources/Common/Image/IconElement128/T_IconElementIce.T_IconElementIce",
    "Icon4Pure": "/Game/Aki/UI/UIResources/Common/Image/IconElement128/T_IconElementIce1.T_IconElementIce1",
    "Icon5": "/Game/Aki/UI/UIResources/Common/Image/IconElement/T_IconElementIce1.T_IconElementIce1",
    "Icon6": "/Game/Aki/UI/UIResources/Common/Image/IconElement/T_IconElementIce2.T_IconElementIce2",
    "Icon7": "/Game/Aki/UI/UIResources/Common/Image/IconElement/T_IconElementIce3.T_IconElementIce3",
    "ElementChangeTexture": "/Game/Aki/UI/UIResources/UiRole/Image/T_RoleElementIce_UI.T_RoleElementIce_UI",
    "ElementEffectColor": "41AEFBFF",
    "ElementColor": "41AEFBFF",
    "SkillTreeEffectColor": "94BBDBFF",
    "SkillTreeIconColor": "FFFFFFFF",
    "SkillTreeLineColor": "94BBDBFF",
    "Effect": "/Game/Aki/Effect/UI/Niagaras/Common/NS_Fx_LGUI_Attribute.NS_Fx_LGUI_Attribute",
    "EffectTexturePath": "/Game/Aki/Effect/UI/Textures/Common/T_UI_Wenli_Ice.T_UI_Wenli_Ice",
    "GachaElementBgSpritePath": "/Game/Aki/UI/UIResources/UiLuckdraw/Atlas/SP_ElementBg1.SP_ElementBg1",
    "GachaSpritePath": "/Game/Aki/UI/UIResources/Common/Image/IconElementShine/T_IconElementIce2_UI.T_IconElementIce2_UI",
    "UltimateSkillColor": "41AEFBFF",
    "SkillEffectColor": "7CB7FFFF",
    "SkillButtonEffectPath": "/Game/Aki/Effect/UI/Niagaras/Common/NS_Fx_LGUI_Fight_R.NS_Fx_LGUI_Fight_R",
    "ElementBallEffectPath": "/Game/Aki/Effect/UI/Niagaras/Common/NS_Fx_LGUI_ElementBall_Ice1.NS_Fx_LGUI_ElementBall_Ice1"
  },
  {
    "Id": 2,
    "Describe": "ElementInfo_2_Describe",
    "Name": "ElementInfo_2_Name",
    "Icon": "/Game/Aki/UI/UIResources/Common/Image/IconElementRound/T_IconElementFire1_UI.T_IconElementFire1_UI",
    "Icon2": "/Game/Aki/UI/UIResources/Common/Image/IconElementRound/T_IconElementFire1_UI.T_IconElementFire1_UI",
    "Icon3": "/Game/Aki/UI/UIResources/Common/Image/IconElement128/T_IconElementFire1.T_IconElementFire1",
    "Icon4": "/Game/Aki/UI/UIResources/Common/Image/IconElement128/T_IconElementFire.T_IconElementFire",
    "Icon4Pure": "/Game/Aki/UI/UIResources/Common/Image/IconElement128/T_IconElementFire1.T_IconElementFire1",
    "Icon5": "/Game/Aki/UI/UIResources/Common/Image/IconElement/T_IconElementFire1.T_IconElementFire1",
    "Icon6": "/Game/Aki/UI/UIResources/Common/Image/IconElement/T_IconElementFire2.T_IconElementFire2",
    "Icon7": "/Game/Aki/UI/UIResources/Common/Image/IconElement/T_IconElementFire3.T_IconElementFire3",
    "ElementChangeTexture": "/Game/Aki/UI/UIResources/UiRole/Image/T_RoleElementFire_UI.T_RoleElementFire_UI",
    "ElementEffectColor": "F0744EFF",
    "ElementColor": "F0744EFF",
    "SkillTreeEffectColor": "D7A484FF",
    "SkillTreeIconColor": "FFFFFFFF",
    "SkillTreeLineColor": "D7A484FF",
    "Effect": "/Game/Aki/Effect/UI/Niagaras/Common/NS_Fx_LGUI_Attribute.NS_Fx_LGUI_Attribute",
    "EffectTexturePath": "/Game/Aki/Effect/UI/Textures/Common/T_UI_Wenli_Fire.T_UI_Wenli_Fire",
    "GachaElementBgSpritePath": "/Game/Aki/UI/UIResources/UiLuckdraw/Atlas/SP_ElementBg2.SP_ElementBg2",
    "GachaSpritePath": "/Game/Aki/UI/UIResources/Common/Image/IconElementShine/T_IconElementFire2_UI.T_IconElementFire2_UI",
    "UltimateSkillColor": "F0744EFF",
    "SkillEffectColor": "F47A56FF",
    "SkillButtonEffectPath": "/Game/Aki/Effect/UI/Niagaras/Common/NS_Fx_LGUI_Fight_R.NS_Fx_LGUI_Fight_R",
    "ElementBallEffectPath": "/Game/Aki/Effect/UI/Niagaras/Common/NS_Fx_LGUI_ElementBall_Fire1.NS_Fx_LGUI_ElementBall_Fire1"
  },
  {
    "Id": 3,
    "Describe": "ElementInfo_3_Describe",
    "Name": "ElementInfo_3_Name",
    "Icon": "/Game/Aki/UI/UIResources/Common/Image/IconElementRound/T_IconElementThunder1_UI.T_IconElementThunder1_UI",
    "Icon2": "/Game/Aki/UI/UIResources/Common/Image/IconElementRound/T_IconElementThunder1_UI.T_IconElementThunder1_UI",
    "Icon3": "/Game/Aki/UI/UIResources/Common/Image/IconElement128/T_IconElementThunder1.T_IconElementThunder1",
    "Icon4": "/Game/Aki/UI/UIResources/Common/Image/IconElement128/T_IconElementThunder.T_IconElementThunder",
    "Icon4Pure": "/Game/Aki/UI/UIResources/Common/Image/IconElement128/T_IconElementThunder1.T_IconElementThunder1",
    "Icon5": "/Game/Aki/UI/UIResources/Common/Image/IconElement/T_IconElementThunder1.T_IconElementThunder1",
    "Icon6": "/Game/Aki/UI/UIResources/Common/Image/IconElement/T_IconElementThunder2.T_IconElementThunder2",
    "Icon7": "/Game/Aki/UI/UIResources/Common/Image/IconElement/T_IconElementThunder3.T_IconElementThunder3",
    "ElementChangeTexture": "/Game/Aki/UI/UIResources/UiRole/Image/T_RoleElementThunder_UI.T_RoleElementThunder_UI",
    "ElementEffectColor": "B46BFFFF",
    "ElementColor": "B46BFFFF",
    "SkillTreeEffectColor": "B290DDFF",
    "SkillTreeIconColor": "FFFFFFFF",
    "SkillTreeLineColor": "B290DDFF",
    "Effect": "/Game/Aki/Effect/UI/Niagaras/Common/NS_Fx_LGUI_Attribute.NS_Fx_LGUI_Attribute",
    "EffectTexturePath": "/Game/Aki/Effect/UI/Textures/Common/T_UI_Wenli_Thunder.T_UI_Wenli_Thunder",
    "GachaElementBgSpritePath": "/Game/Aki/UI/UIResources/UiLuckdraw/Atlas/SP_ElementBg3.SP_ElementBg3",
    "GachaSpritePath": "/Game/Aki/UI/UIResources/Common/Image/IconElementShine/T_IconElementThunder2_UI.T_IconElementThunder2_UI",
    "UltimateSkillColor": "B46BFFFF",
    "SkillEffectColor": "BA8AF5FF",
    "SkillButtonEffectPath": "/Game/Aki/Effect/UI/Niagaras/Common/NS_Fx_LGUI_Fight_R.NS_Fx_LGUI_Fight_R",
    "ElementBallEffectPath": "/Game/Aki/Effect/UI/Niagaras/Common/NS_Fx_LGUI_ElementBall_Thunder1.NS_Fx_LGUI_ElementBall_Thunder1"
  },
  {
    "Id": 4,
    "Describe": "ElementInfo_4_Describe",
    "Name": "ElementInfo_4_Name",
    "Icon": "/Game/Aki/UI/UIResources/Common/Image/IconElementRound/T_IconElementWind1_UI.T_IconElementWind1_UI",
    "Icon2": "/Game/Aki/UI/UIResources/Common/Image/IconElementRound/T_IconElementWind1_UI.T_IconElementWind1_UI",
    "Icon3": "/Game/Aki/UI/UIResources/Common/Image/IconElement128/T_IconElementWind1.T_IconElementWind1",
    "Icon4": "/Game/Aki/UI/UIResources/Common/Image/IconElement128/T_IconElementWind.T_IconElementWind",
    "Icon4Pure": "/Game/Aki/UI/UIResources/Common/Image/IconElement128/T_IconElementWind1.T_IconElementWind1",
    "Icon5": "/Game/Aki/UI/UIResources/Common/Image/IconElement/T_IconElementWind1.T_IconElementWind1",
    "Icon6": "/Game/Aki/UI/UIResources/Common/Image/IconElement/T_IconElementWind2.T_IconElementWind2",
    "Icon7": "/Game/Aki/UI/UIResources/Common/Image/IconElement/T_IconElementWind3.T_IconElementWind3",
    "ElementChangeTexture": "/Game/Aki/UI/UIResources/UiRole/Image/T_RoleElementWind_UI.T_RoleElementWind_UI",
    "ElementEffectColor": "55FFB5FF",
    "ElementColor": "55FFB5FF",
    "SkillTreeEffectColor": "7DC4C3FF",
    "SkillTreeIconColor": "FFFFFFFF",
    "SkillTreeLineColor": "7DC4C3FF",
    "Effect": "/Game/Aki/Effect/UI/Niagaras/Common/NS_Fx_LGUI_Attribute.NS_Fx_LGUI_Attribute",
    "EffectTexturePath": "/Game/Aki/Effect/UI/Textures/Common/T_UI_Wenli_Wind.T_UI_Wenli_Wind",
    "GachaElementBgSpritePath": "/Game/Aki/UI/UIResources/UiLuckdraw/Atlas/SP_ElementBg4.SP_ElementBg4",
    "GachaSpritePath": "/Game/Aki/UI/UIResources/Common/Image/IconElementShine/T_IconElementWind2_UI.T_IconElementWind2_UI",
    "UltimateSkillColor": "55FFB5FF",
    "SkillEffectColor": "74F3B6FF",
    "SkillButtonEffectPath": "/Game/Aki/Effect/UI/Niagaras/Common/NS_Fx_LGUI_Fight_R.NS_Fx_LGUI_Fight_R",
    "ElementBallEffectPath": "/Game/Aki/Effect/UI/Niagaras/Common/NS_Fx_LGUI_ElementBall_Wind1.NS_Fx_LGUI_ElementBall_Wind1"
  },
  {
    "Id": 5,
    "Describe": "ElementInfo_5_Describe",
    "Name": "ElementInfo_5_Name",
    "Icon": "/Game/Aki/UI/UIResources/Common/Image/IconElementRound/T_IconElementLight1_UI.T_IconElementLight1_UI",
    "Icon2": "/Game/Aki/UI/UIResources/Common/Image/IconElementRound/T_IconElementLight1_UI.T_IconElementLight1_UI",
    "Icon3": "/Game/Aki/UI/UIResources/Common/Image/IconElement128/T_IconElementLight1.T_IconElementLight1",
    "Icon4": "/Game/Aki/UI/UIResources/Common/Image/IconElement128/T_IconElementLight.T_IconElementLight",
    "Icon4Pure": "/Game/Aki/UI/UIResources/Common/Image/IconElement128/T_IconElementLight1.T_IconElementLight1",
    "Icon5": "/Game/Aki/UI/UIResources/Common/Image/IconElement/T_IconElementLight1.T_IconElementLight1",
    "Icon6": "/Game/Aki/UI/UIResources/Common/Image/IconElement/T_IconElementLight2.T_IconElementLight2",
    "Icon7": "/Game/Aki/UI/UIResources/Common/Image/IconElement/T_IconElementLight3.T_IconElementLight3",
    "ElementChangeTexture": "/Game/Aki/UI/UIResources/UiRole/Image/T_RoleElementLight_UI.T_RoleElementLight_UI",
    "ElementEffectColor": "DBCF90FF",
    "ElementColor": "F8E56CFF",
    "SkillTreeEffectColor": "CCB87BFF",
    "SkillTreeIconColor": "FFFFFFFF",
    "SkillTreeLineColor": "CCB87BFF",
    "Effect": "/Game/Aki/Effect/UI/Niagaras/Common/NS_Fx_LGUI_Attribute.NS_Fx_LGUI_Attribute",
    "EffectTexturePath": "/Game/Aki/Effect/UI/Textures/Common/T_UI_Wenli_Light.T_UI_Wenli_Light",
    "GachaElementBgSpritePath": "/Game/Aki/UI/UIResources/UiLuckdraw/Atlas/SP_ElementBg5.SP_ElementBg5",
    "GachaSpritePath": "/Game/Aki/UI/UIResources/Common/Image/IconElementShine/T_IconElementLight2_UI.T_IconElementLight2_UI",
    "UltimateSkillColor": "F8E56CFF",
    "SkillEffectColor": "F8EA9DFF",
    "SkillButtonEffectPath": "/Game/Aki/Effect/UI/Niagaras/Common/NS_Fx_LGUI_Fight_R.NS_Fx_LGUI_Fight_R",
    "ElementBallEffectPath": "/Game/Aki/Effect/UI/Niagaras/Common/NS_Fx_LGUI_ElementBall_Light1.NS_Fx_LGUI_ElementBall_Light1"
  },
  {
    "Id": 6,
    "Describe": "ElementInfo_6_Describe",
    "Name": "ElementInfo_6_Name",
    "Icon": "/Game/Aki/UI/UIResources/Common/Image/IconElementRound/T_IconElementDark1_UI.T_IconElementDark1_UI",
    "Icon2": "/Game/Aki/UI/UIResources/Common/Image/IconElementRound/T_IconElementDark1_UI.T_IconElementDark1_UI",
    "Icon3": "/Game/Aki/UI/UIResources/Common/Image/IconElement128/T_IconElementDark1.T_IconElementDark1",
    "Icon4": "/Game/Aki/UI/UIResources/Common/Image/IconElement128/T_IconElementDark.T_IconElementDark",
    "Icon4Pure": "/Game/Aki/UI/UIResources/Common/Image/IconElement128/T_IconElementDark1.T_IconElementDark1",
    "Icon5": "/Game/Aki/UI/UIResources/Common/Image/IconElement/T_IconElementDark1.T_IconElementDark1",
    "Icon6": "/Game/Aki/UI/UIResources/Common/Image/IconElement/T_IconElementDark2.T_IconElementDark2",
    "Icon7": "/Game/Aki/UI/UIResources/Common/Image/IconElement/T_IconElementDark3.T_IconElementDark3",
    "ElementChangeTexture": "/Game/Aki/UI/UIResources/UiRole/Image/T_RoleElementDark_UI.T_RoleElementDark_UI",
    "ElementEffectColor": "ffa4d1FF",
    "ElementColor": "E649A6FF",
    "SkillTreeEffectColor": "C98BB3FF",
    "SkillTreeIconColor": "FFFFFFFF",
    "SkillTreeLineColor": "C98BB3FF",
    "Effect": "/Game/Aki/Effect/UI/Niagaras/Common/NS_Fx_LGUI_Attribute.NS_Fx_LGUI_Attribute",
    "EffectTexturePath": "/Game/Aki/Effect/UI/Textures/Common/T_UI_Wenli_Dark.T_UI_Wenli_Dark",
    "GachaElementBgSpritePath": "/Game/Aki/UI/UIResources/UiLuckdraw/Atlas/SP_ElementBg6.SP_ElementBg6",
    "GachaSpritePath": "/Game/Aki/UI/UIResources/Common/Image/IconElementShine/T_IconElementDark2_UI.T_IconElementDark2_UI",
    "UltimateSkillColor": "E649A6FF",
    "SkillEffectColor": "B0357EFF",
    "SkillButtonEffectPath": "/Game/Aki/Effect/UI/Niagaras/Common/NS_Fx_LGUI_Fight_R.NS_Fx_LGUI_Fight_R",
    "ElementBallEffectPath": "/Game/Aki/Effect/UI/Niagaras/Common/NS_Fx_LGUI_ElementBall_Dark1.NS_Fx_LGUI_ElementBall_Dark1"
  },
  {
    "Id": 0,
    "Describe": "ElementInfo_0_Describe",
    "Name": "ElementInfo_0_Name",
    "Icon": "/Game/Aki/UI/UIResources/Common/Image/IconElementRound/T_IconElementZero1_UI.T_IconElementZero1_UI",
    "Icon2": "/Game/Aki/UI/UIResources/Common/Image/IconElementRound/T_IconElementZero1_UI.T_IconElementZero1_UI",
    "Icon3": "/Game/Aki/UI/UIResources/Common/Image/IconElement128/T_IconElementZero1.T_IconElementZero1",
    "Icon4": "/Game/Aki/UI/UIResources/Common/Image/IconElementRound/T_IconElementZero1_UI.T_IconElementZero1_UI",
    "Icon4Pure": "/Game/Aki/UI/UIResources/Common/Image/IconElement128/T_IconElementZero1.T_IconElementZero1",
    "Icon5": "/Game/Aki/UI/UIResources/Common/Image/IconElement/T_IconElementZero1.T_IconElementZero1",
    "Icon6": "/Game/Aki/UI/UIResources/Common/Image/IconElement/T_IconElementZero2.T_IconElementZero2",
    "Icon7": "/Game/Aki/UI/UIResources/Common/Image/IconElement/T_IconElementZero3.T_IconElementZero3",
    "ElementChangeTexture": "/Game/Aki/UI/UIResources/UiRole/Image/T_RoleElementZero_UI.T_RoleElementZero_UI",
    "ElementEffectColor": "7892A1FF",
    "ElementColor": "7892A1FF",
    "SkillTreeEffectColor": "7892A1FF",
    "SkillTreeIconColor": "FFFFFFFF",
    "SkillTreeLineColor": "7892A1FF",
    "Effect": "/Game/Aki/Effect/UI/Niagaras/Common/NS_Fx_LGUI_Attribute.NS_Fx_LGUI_Attribute",
    "EffectTexturePath": "",
    "GachaElementBgSpritePath": "/Game/Aki/UI/UIResources/UiLuckdraw/Atlas/SP_ElementBg0.SP_ElementBg0",
    "GachaSpritePath": "",
    "UltimateSkillColor": "7892A1FF",
    "SkillEffectColor": "7892A1FF",
    "SkillButtonEffectPath": "",
    "ElementBallEffectPath": ""
  }
]