[
  {
    "Key": "57158396800000001",
    "FlowListId": "剧情_Default",
    "PlotLineId": "",
    "Id": 1,
    "Text": 1,
    "Sound": "",
    "EsKey": ""
  },
  {
    "Key": "57158396800000002",
    "FlowListId": "剧情_Default",
    "PlotLineId": "",
    "Id": 2,
    "Text": 2,
    "Sound": "",
    "EsKey": ""
  },
  {
    "Key": "57158396800000003",
    "FlowListId": "剧情_Default",
    "PlotLineId": "",
    "Id": 3,
    "Text": 3,
    "Sound": "",
    "EsKey": ""
  },
  {
    "Key": "57158396800000017",
    "FlowListId": "剧情_Default",
    "PlotLineId": "",
    "Id": 17,
    "Text": 4,
    "Sound": "",
    "EsKey": ""
  },
  {
    "Key": "57158396800000018",
    "FlowListId": "剧情_Default",
    "PlotLineId": "",
    "Id": 18,
    "Text": 5,
    "Sound": "",
    "EsKey": ""
  },
  {
    "Key": "57158396800000019",
    "FlowListId": "剧情_Default",
    "PlotLineId": "",
    "Id": 19,
    "Text": 6,
    "Sound": "",
    "EsKey": ""
  },
  {
    "Key": "57158396800000020",
    "FlowListId": "剧情_Default",
    "PlotLineId": "",
    "Id": 20,
    "Text": 7,
    "Sound": "",
    "EsKey": ""
  },
  {
    "Key": "57158396800000021",
    "FlowListId": "剧情_Default",
    "PlotLineId": "",
    "Id": 21,
    "Text": 8,
    "Sound": "",
    "EsKey": ""
  },
  {
    "Key": "57158396800000022",
    "FlowListId": "剧情_Default",
    "PlotLineId": "",
    "Id": 22,
    "Text": 9,
    "Sound": "",
    "EsKey": ""
  },
  {
    "Key": "57158396800000023",
    "FlowListId": "剧情_Default",
    "PlotLineId": "",
    "Id": 23,
    "Text": 10,
    "Sound": "",
    "EsKey": ""
  },
  {
    "Key": "57158396800000024",
    "FlowListId": "剧情_Default",
    "PlotLineId": "",
    "Id": 24,
    "Text": 11,
    "Sound": "",
    "EsKey": ""
  },
  {
    "Key": "57158396800000025",
    "FlowListId": "剧情_Default",
    "PlotLineId": "",
    "Id": 25,
    "Text": 12,
    "Sound": "",
    "EsKey": ""
  },
  {
    "Key": "57158396800000027",
    "FlowListId": "剧情_Default",
    "PlotLineId": "",
    "Id": 27,
    "Text": 13,
    "Sound": "",
    "EsKey": ""
  },
  {
    "Key": "57158396800000028",
    "FlowListId": "剧情_Default",
    "PlotLineId": "",
    "Id": 28,
    "Text": 14,
    "Sound": "",
    "EsKey": ""
  },
  {
    "Key": "57158396800000029",
    "FlowListId": "剧情_Default",
    "PlotLineId": "",
    "Id": 29,
    "Text": 15,
    "Sound": "",
    "EsKey": ""
  }
]