[
  {
    "Id": 1,
    "DescText": "莫特斐通讯",
    "Talker": 10
  },
  {
    "Id": 2,
    "DescText": "测试通讯",
    "Talker": 38
  },
  {
    "Id": 3,
    "DescText": "吟霖角色任务",
    "Talker": 101
  },
  {
    "Id": 800001,
    "DescText": "千歆支线任务",
    "Talker": 150
  },
  {
    "Id": 800002,
    "DescText": "密方机关术Day2电话",
    "Talker": 948
  },
  {
    "Id": 800003,
    "DescText": "声骸2炽霞通讯",
    "Talker": 101
  },
  {
    "Id": 800004,
    "DescText": "声骸3景烛通讯",
    "Talker": 948
  },
  {
    "Id": 900001,
    "DescText": "支线辛夷通讯",
    "Talker": 948
  },
  {
    "Id": 900002,
    "DescText": "每日永新通讯",
    "Talker": 948
  },
  {
    "Id": 750001,
    "DescText": "1.3黑海岸主线",
    "Talker": 1405
  },
  {
    "Id": 750002,
    "DescText": "1.3黑海岸主线",
    "Talker": 1404
  },
  {
    "Id": 750003,
    "DescText": "1.3黑海岸主线",
    "Talker": 750018
  }
]