[
  {
    "Id": 1,
    "ValueType": 0,
    "Name": "PhotoSetup_1_Name",
    "Type": 0,
    "Options": [
      "PhotoSetup_1_Options_0",
      "PhotoSetup_1_Options_1"
    ],
    "DefaultOptionIndex": 1,
    "SubOptions": {},
    "ValueRange": [
      0,
      100,
      50
    ],
    "IsReverseSet": false,
    "ChangeValue": 0.1
  },
  {
    "Id": 3,
    "ValueType": 2,
    "Name": "PhotoSetup_3_Name",
    "Type": 0,
    "Options": [
      "PhotoSetup_3_Options_0",
      "PhotoSetup_3_Options_1"
    ],
    "DefaultOptionIndex": 1,
    "SubOptions": {},
    "ValueRange": [
      0,
      100,
      50
    ],
    "IsReverseSet": false,
    "ChangeValue": 0.1
  },
  {
    "Id": 4,
    "ValueType": 3,
    "Name": "PhotoSetup_4_Name",
    "Type": 0,
    "Options": [
      "PhotoSetup_4_Options_0",
      "PhotoSetup_4_Options_1"
    ],
    "DefaultOptionIndex": 0,
    "SubOptions": {
      "size": 1
    },
    "ValueRange": [
      0,
      100,
      50
    ],
    "IsReverseSet": false,
    "ChangeValue": 0.1
  },
  {
    "Id": 5,
    "ValueType": 4,
    "Name": "PhotoSetup_5_Name",
    "Type": 1,
    "Options": [
      "关闭",
      "开启"
    ],
    "DefaultOptionIndex": 1,
    "SubOptions": {},
    "ValueRange": [
      0,
      500,
      400
    ],
    "IsReverseSet": false,
    "ChangeValue": 5
  },
  {
    "Id": 6,
    "ValueType": 5,
    "Name": "PhotoSetup_6_Name",
    "Type": 1,
    "Options": [
      "关闭",
      "开启"
    ],
    "DefaultOptionIndex": 1,
    "SubOptions": {},
    "ValueRange": [
      0.10000000149011612,
      5,
      0.10000000149011612
    ],
    "IsReverseSet": true,
    "ChangeValue": 0.1
  }
]