[
  {
    "Id": 140201,
    "RoleId": 1402,
    "Sort": 1,
    "Name": "PhotoMontage_140201_Name",
    "IsLoop": true,
    "MontagePath": "/Game/Aki/Character/Role/FemaleM/Yangyang/CommonAnim/AM_Stand1_Action01.AM_Stand1_Action01",
    "IconType": 0,
    "MotionType": 0,
    "UnLockConditionGroup": 0,
    "ConditionTipsId": ""
  },
  {
    "Id": 120201,
    "RoleId": 1202,
    "Sort": 1,
    "Name": "PhotoMontage_120201_Name",
    "IsLoop": true,
    "MontagePath": "/Game/Aki/Character/Role/FemaleM/Maxiaofang/CommonAnim/AM_Stand1_Action01.AM_Stand1_Action01",
    "IconType": 0,
    "MotionType": 0,
    "UnLockConditionGroup": 0,
    "ConditionTipsId": ""
  },
  {
    "Id": 150301,
    "RoleId": 1503,
    "Sort": 1,
    "Name": "PhotoMontage_150301_Name",
    "IsLoop": true,
    "MontagePath": "/Game/Aki/Character/Role/FemaleS/Jueyuan/CommonAnim/AM_Stand1_Action01.AM_Stand1_Action01",
    "IconType": 0,
    "MotionType": 0,
    "UnLockConditionGroup": 0,
    "ConditionTipsId": ""
  },
  {
    "Id": 110201,
    "RoleId": 1102,
    "Sort": 1,
    "Name": "PhotoMontage_110201_Name",
    "IsLoop": true,
    "MontagePath": "/Game/Aki/Character/Role/FemaleM/Sanhua/CommonAnim/AM_Stand1_Action01.AM_Stand1_Action01",
    "IconType": 0,
    "MotionType": 0,
    "UnLockConditionGroup": 0,
    "ConditionTipsId": ""
  },
  {
    "Id": 150201,
    "RoleId": 1502,
    "Sort": 1,
    "Name": "PhotoMontage_150201_Name",
    "IsLoop": true,
    "MontagePath": "/Game/Aki/Character/Role/FemaleM/Nvzhu/CommonAnim/AM_Stand1_Action01.AM_Stand1_Action01",
    "IconType": 0,
    "MotionType": 0,
    "UnLockConditionGroup": 0,
    "ConditionTipsId": ""
  },
  {
    "Id": 120301,
    "RoleId": 1203,
    "Sort": 1,
    "Name": "PhotoMontage_120301_Name",
    "IsLoop": true,
    "MontagePath": "/Game/Aki/Character/Role/FemaleS/Anke/CommonAnim/AM_Stand1_Action01.AM_Stand1_Action01",
    "IconType": 0,
    "MotionType": 0,
    "UnLockConditionGroup": 0,
    "ConditionTipsId": ""
  },
  {
    "Id": 160201,
    "RoleId": 1602,
    "Sort": 1,
    "Name": "PhotoMontage_160201_Name",
    "IsLoop": true,
    "MontagePath": "/Game/Aki/Character/Role/FemaleM/Micai/CommonAnim/AM_Stand1_Action01.AM_Stand1_Action01",
    "IconType": 0,
    "MotionType": 0,
    "UnLockConditionGroup": 0,
    "ConditionTipsId": ""
  },
  {
    "Id": 150101,
    "RoleId": 1501,
    "Sort": 1,
    "Name": "PhotoMontage_150101_Name",
    "IsLoop": true,
    "MontagePath": "/Game/Aki/Character/Role/MaleM/Nanzhu/CommonAnim/AM_Stand1_Action01.AM_Stand1_Action01",
    "IconType": 0,
    "MotionType": 0,
    "UnLockConditionGroup": 0,
    "ConditionTipsId": ""
  },
  {
    "Id": 160101,
    "RoleId": 1601,
    "Sort": 1,
    "Name": "PhotoMontage_160101_Name",
    "IsLoop": true,
    "MontagePath": "/Game/Aki/Character/Role/FemaleM/Taohua/CommonAnim/AM_Stand1_Action01.AM_Stand1_Action01",
    "IconType": 0,
    "MotionType": 0,
    "UnLockConditionGroup": 0,
    "ConditionTipsId": ""
  },
  {
    "Id": 130201,
    "RoleId": 1302,
    "Sort": 1,
    "Name": "PhotoMontage_130201_Name",
    "IsLoop": true,
    "MontagePath": "/Game/Aki/Character/Role/FemaleM/YinLin/CommonAnim/AM_Stand1_Action01.AM_Stand1_Action01",
    "IconType": 0,
    "MotionType": 0,
    "UnLockConditionGroup": 0,
    "ConditionTipsId": ""
  },
  {
    "Id": 110301,
    "RoleId": 1103,
    "Sort": 1,
    "Name": "PhotoMontage_110301_Name",
    "IsLoop": true,
    "MontagePath": "/Game/Aki/Character/Role/FemaleXL/BaiLian/CommonAnim/AM_Stand1_Action01.AM_Stand1_Action01",
    "IconType": 0,
    "MotionType": 0,
    "UnLockConditionGroup": 0,
    "ConditionTipsId": ""
  },
  {
    "Id": 130301,
    "RoleId": 1303,
    "Sort": 1,
    "Name": "PhotoMontage_130301_Name",
    "IsLoop": true,
    "MontagePath": "/Game/Aki/Character/Role/MaleXL/Yuanwu/CommonAnim/AM_Stand1_Action01.AM_Stand1_Action01",
    "IconType": 0,
    "MotionType": 0,
    "UnLockConditionGroup": 0,
    "ConditionTipsId": ""
  },
  {
    "Id": 140301,
    "RoleId": 1403,
    "Sort": 1,
    "Name": "PhotoMontage_140301_Name",
    "IsLoop": true,
    "MontagePath": "/Game/Aki/Character/Role/MaleXL/Qiushui/CommonAnim/AM_Stand1_Action01.AM_Stand1_Action01",
    "IconType": 0,
    "MotionType": 0,
    "UnLockConditionGroup": 0,
    "ConditionTipsId": ""
  },
  {
    "Id": 140401,
    "RoleId": 1404,
    "Sort": 1,
    "Name": "PhotoMontage_140401_Name",
    "IsLoop": true,
    "MontagePath": "/Game/Aki/Character/Role/MaleXL/Jiyan/CommonAnim/AM_Stand1_Action01.AM_Stand1_Action01",
    "IconType": 0,
    "MotionType": 0,
    "UnLockConditionGroup": 0,
    "ConditionTipsId": ""
  },
  {
    "Id": 120401,
    "RoleId": 1204,
    "Sort": 1,
    "Name": "PhotoMontage_120401_Name",
    "IsLoop": true,
    "MontagePath": "/Game/Aki/Character/Role/MaleXL/Baer/CommonAnim/AM_Stand1_Action01.AM_Stand1_Action01",
    "IconType": 0,
    "MotionType": 0,
    "UnLockConditionGroup": 0,
    "ConditionTipsId": ""
  },
  {
    "Id": 140501,
    "RoleId": 1405,
    "Sort": 1,
    "Name": "PhotoMontage_140501_Name",
    "IsLoop": true,
    "MontagePath": "/Game/Aki/Character/Role/FemaleM/Jianxin/CommonAnim/AM_Stand1_Action01.AM_Stand1_Action01",
    "IconType": 0,
    "MotionType": 0,
    "UnLockConditionGroup": 0,
    "ConditionTipsId": ""
  },
  {
    "Id": 130101,
    "RoleId": 1301,
    "Sort": 1,
    "Name": "PhotoMontage_130101_Name",
    "IsLoop": true,
    "MontagePath": "/Game/Aki/Character/Role/MaleXL/Kakaluo/CommonAnim/AM_Stand1_Action01.AM_Stand1_Action01",
    "IconType": 0,
    "MotionType": 0,
    "UnLockConditionGroup": 0,
    "ConditionTipsId": ""
  },
  {
    "Id": 110401,
    "RoleId": 1104,
    "Sort": 1,
    "Name": "PhotoMontage_110401_Name",
    "IsLoop": true,
    "MontagePath": "/Game/Aki/Character/Role/MaleS/Lingyang/CommonAnim/AM_Stand1_Action01.AM_Stand1_Action01",
    "IconType": 0,
    "MotionType": 0,
    "UnLockConditionGroup": 0,
    "ConditionTipsId": ""
  },
  {
    "Id": 130401,
    "RoleId": 1304,
    "Sort": 1,
    "Name": "PhotoMontage_130401_Name",
    "IsLoop": true,
    "MontagePath": "/Game/Aki/Character/Role/FemaleM/Jinxi/CommonAnim/AM_Stand1_Action01.AM_Stand1_Action01",
    "IconType": 0,
    "MotionType": 0,
    "UnLockConditionGroup": 0,
    "ConditionTipsId": ""
  },
  {
    "Id": 120501,
    "RoleId": 1205,
    "Sort": 1,
    "Name": "PhotoMontage_120501_Name",
    "IsLoop": true,
    "MontagePath": "/Game/Aki/Character/Role/FemaleXL/ChangLi/CommonAnim/AM_Stand1_Action01.AM_Stand1_Action01",
    "IconType": 0,
    "MotionType": 0,
    "UnLockConditionGroup": 0,
    "ConditionTipsId": ""
  },
  {
    "Id": 160501,
    "RoleId": 1605,
    "Sort": 1,
    "Name": "PhotoMontage_150101_Name",
    "IsLoop": true,
    "MontagePath": "/Game/Aki/Character/Role/MaleM/Nanzhu/CommonAnim/AM_Stand1_Action01.AM_Stand1_Action01",
    "IconType": 0,
    "MotionType": 0,
    "UnLockConditionGroup": 0,
    "ConditionTipsId": ""
  },
  {
    "Id": 160401,
    "RoleId": 1604,
    "Sort": 1,
    "Name": "PhotoMontage_150201_Name",
    "IsLoop": true,
    "MontagePath": "/Game/Aki/Character/Role/FemaleM/Nvzhu/CommonAnim/AM_Stand1_Action01.AM_Stand1_Action01",
    "IconType": 0,
    "MotionType": 0,
    "UnLockConditionGroup": 0,
    "ConditionTipsId": ""
  },
  {
    "Id": 130501,
    "RoleId": 1305,
    "Sort": 1,
    "Name": "PhotoMontage_130501_Name",
    "IsLoop": true,
    "MontagePath": "/Game/Aki/Character/Role/MaleM/Xiangliyao/CommonAnim/AM_Stand1_Action01.AM_Stand1_Action01",
    "IconType": 0,
    "MotionType": 0,
    "UnLockConditionGroup": 0,
    "ConditionTipsId": ""
  },
  {
    "Id": 110501,
    "RoleId": 1105,
    "Sort": 1,
    "Name": "PhotoMontage_110501_Name",
    "IsLoop": true,
    "MontagePath": "/Game/Aki/Character/Role/FemaleM/Zhezhi/CommonAnim/AM_Stand1_Action01.AM_Stand1_Action01",
    "IconType": 0,
    "MotionType": 0,
    "UnLockConditionGroup": 0,
    "ConditionTipsId": ""
  },
  {
    "Id": 110601,
    "RoleId": 1106,
    "Sort": 1,
    "Name": "PhotoMontage_110601_Name",
    "IsLoop": true,
    "MontagePath": "/Game/Aki/Character/Role/FeMaleS/Youhu/CommonAnim/AM_Stand1_Action01.AM_Stand1_Action01",
    "IconType": 0,
    "MotionType": 0,
    "UnLockConditionGroup": 0,
    "ConditionTipsId": ""
  },
  {
    "Id": 150501,
    "RoleId": 1505,
    "Sort": 1,
    "Name": "PhotoMontage_150501_Name",
    "IsLoop": true,
    "MontagePath": "/Game/Aki/Character/Role/FemaleM/Shouanren/CommonAnim/AM_Stand1_Action01.AM_Stand1_Action01",
    "IconType": 0,
    "MotionType": 0,
    "UnLockConditionGroup": 0,
    "ConditionTipsId": ""
  }
]