[
  {
    "Fog": 1,
    "MapId": 1,
    "UnlockCondition": 0
  },
  {
    "Fog": 2,
    "MapId": 1,
    "UnlockCondition": 2001
  },
  {
    "Fog": 3,
    "MapId": 1,
    "UnlockCondition": 2002
  },
  {
    "Fog": 4,
    "MapId": 1,
    "UnlockCondition": 2003
  },
  {
    "Fog": 5,
    "MapId": 1,
    "UnlockCondition": 2004
  },
  {
    "Fog": 6,
    "MapId": 1,
    "UnlockCondition": 2005
  },
  {
    "Fog": 7,
    "MapId": 1,
    "UnlockCondition": 2006
  },
  {
    "Fog": 8,
    "MapId": 1,
    "UnlockCondition": 2007
  },
  {
    "Fog": 9,
    "MapId": 1,
    "UnlockCondition": 2008
  },
  {
    "Fog": 10,
    "MapId": 1,
    "UnlockCondition": 2009
  },
  {
    "Fog": 11,
    "MapId": 1,
    "UnlockCondition": 2010
  },
  {
    "Fog": 12,
    "MapId": 1,
    "UnlockCondition": 2011
  },
  {
    "Fog": 13,
    "MapId": 1,
    "UnlockCondition": 2012
  },
  {
    "Fog": 14,
    "MapId": 1,
    "UnlockCondition": 2013
  },
  {
    "Fog": 15,
    "MapId": 1,
    "UnlockCondition": 2014
  },
  {
    "Fog": 16,
    "MapId": 1,
    "UnlockCondition": 2015
  }
]