[
  {
    "Id": 1,
    "ActionName": "幻象1",
    "ActionType": 1,
    "PcKeys": {},
    "GamepadKeys": {
      "size": 1
    },
    "SecondaryKeyValidTime": -1,
    "MobileIconPath": "",
    "DisplayName": "",
    "KeyboardVersion": 0,
    "GamepadVersion": 0
  },
  {
    "Id": 3,
    "ActionName": "切换角色4",
    "ActionType": 1,
    "PcKeys": {},
    "GamepadKeys": {
      "size": 1
    },
    "SecondaryKeyValidTime": -1,
    "MobileIconPath": "",
    "DisplayName": "",
    "KeyboardVersion": 0,
    "GamepadVersion": 0
  },
  {
    "Id": 2,
    "ActionName": "瞄准",
    "ActionType": 1,
    "PcKeys": {},
    "GamepadKeys": {
      "size": 1
    },
    "SecondaryKeyValidTime": -1,
    "MobileIconPath": "",
    "DisplayName": "",
    "KeyboardVersion": 0,
    "GamepadVersion": 0
  },
  {
    "Id": 4,
    "ActionName": "ZoomIn",
    "ActionType": 1,
    "PcKeys": {},
    "GamepadKeys": {
      "size": 1
    },
    "SecondaryKeyValidTime": -1,
    "MobileIconPath": "",
    "DisplayName": "",
    "KeyboardVersion": 0,
    "GamepadVersion": 0
  },
  {
    "Id": 5,
    "ActionName": "ZoomOut",
    "ActionType": 1,
    "PcKeys": {},
    "GamepadKeys": {
      "size": 1
    },
    "SecondaryKeyValidTime": -1,
    "MobileIconPath": "",
    "DisplayName": "",
    "KeyboardVersion": 0,
    "GamepadVersion": 0
  },
  {
    "Id": 6,
    "ActionName": "任务追踪",
    "ActionType": 2,
    "PcKeys": {},
    "GamepadKeys": {
      "size": 1
    },
    "SecondaryKeyValidTime": -1,
    "MobileIconPath": "",
    "DisplayName": "",
    "KeyboardVersion": 0,
    "GamepadVersion": 0
  },
  {
    "Id": 7,
    "ActionName": "玩法放弃",
    "ActionType": 3,
    "PcKeys": {},
    "GamepadKeys": {
      "size": 1
    },
    "SecondaryKeyValidTime": -1,
    "MobileIconPath": "",
    "DisplayName": "",
    "KeyboardVersion": 0,
    "GamepadVersion": 0
  },
  {
    "Id": 8,
    "ActionName": "环境特性",
    "ActionType": 3,
    "PcKeys": {},
    "GamepadKeys": {
      "size": 1
    },
    "SecondaryKeyValidTime": -1,
    "MobileIconPath": "",
    "DisplayName": "",
    "KeyboardVersion": 0,
    "GamepadVersion": 0
  },
  {
    "Id": 9,
    "ActionName": "GM指令",
    "ActionType": 3,
    "PcKeys": {},
    "GamepadKeys": {
      "size": 1
    },
    "SecondaryKeyValidTime": -1,
    "MobileIconPath": "",
    "DisplayName": "",
    "KeyboardVersion": 0,
    "GamepadVersion": 0
  },
  {
    "Id": 10,
    "ActionName": "重新挑战",
    "ActionType": 2,
    "PcKeys": {},
    "GamepadKeys": {
      "size": 1
    },
    "SecondaryKeyValidTime": -1,
    "MobileIconPath": "",
    "DisplayName": "",
    "KeyboardVersion": 0,
    "GamepadVersion": 0
  }
]