[
  {
    "Id": 1,
    "ActionName": "邮件",
    "InputControllerType": 0,
    "ViewName": "MailBoxView",
    "HandleType": "ViewHotKeyHandle",
    "IsPressTrigger": true,
    "PressStartTime": 0,
    "PressTriggerTime": 0,
    "IsReleaseTrigger": false,
    "ReleaseInvalidTime": 0,
    "IsPressClose": false,
    "IsReleaseClose": false,
    "ViewParam": {
      "PKa": [],
      "length": 0
    }
  },
  {
    "Id": 2,
    "ActionName": "地图",
    "InputControllerType": 1,
    "ViewName": "WorldMapView",
    "HandleType": "ViewHotKeyHandle",
    "IsPressTrigger": true,
    "PressStartTime": 0,
    "PressTriggerTime": 0,
    "IsReleaseTrigger": false,
    "ReleaseInvalidTime": 0,
    "IsPressClose": false,
    "IsReleaseClose": false,
    "ViewParam": {
      "PKa": [],
      "length": 0
    }
  },
  {
    "Id": 3,
    "ActionName": "地图",
    "InputControllerType": 2,
    "ViewName": "WorldMapView",
    "HandleType": "ViewHotKeyHandle",
    "IsPressTrigger": false,
    "PressStartTime": 0,
    "PressTriggerTime": 0,
    "IsReleaseTrigger": true,
    "ReleaseInvalidTime": 799,
    "IsPressClose": false,
    "IsReleaseClose": false,
    "ViewParam": {
      "PKa": [],
      "length": 0
    }
  },
  {
    "Id": 4,
    "ActionName": "任务",
    "InputControllerType": 0,
    "ViewName": "QuestView",
    "HandleType": "ViewHotKeyHandle",
    "IsPressTrigger": true,
    "PressStartTime": 0,
    "PressTriggerTime": 0,
    "IsReleaseTrigger": false,
    "ReleaseInvalidTime": 0,
    "IsPressClose": false,
    "IsReleaseClose": false,
    "ViewParam": {
      "PKa": [],
      "length": 0
    }
  },
  {
    "Id": 5,
    "ActionName": "编队",
    "InputControllerType": 0,
    "ViewName": "EditFormationView",
    "HandleType": "ViewHotKeyHandle",
    "IsPressTrigger": true,
    "PressStartTime": 0,
    "PressTriggerTime": 0,
    "IsReleaseTrigger": false,
    "ReleaseInvalidTime": 0,
    "IsPressClose": false,
    "IsReleaseClose": false,
    "ViewParam": {
      "PKa": [],
      "length": 0
    }
  },
  {
    "Id": 6,
    "ActionName": "背包",
    "InputControllerType": 0,
    "ViewName": "InventoryView",
    "HandleType": "ViewHotKeyHandle",
    "IsPressTrigger": true,
    "PressStartTime": 0,
    "PressTriggerTime": 0,
    "IsReleaseTrigger": false,
    "ReleaseInvalidTime": 0,
    "IsPressClose": false,
    "IsReleaseClose": false,
    "ViewParam": {
      "PKa": [],
      "length": 0
    }
  },
  {
    "Id": 7,
    "ActionName": "聊天",
    "InputControllerType": 1,
    "ViewName": "ChatView",
    "HandleType": "ViewHotKeyHandle",
    "IsPressTrigger": true,
    "PressStartTime": 0,
    "PressTriggerTime": 0,
    "IsReleaseTrigger": false,
    "ReleaseInvalidTime": 0,
    "IsPressClose": false,
    "IsReleaseClose": false,
    "ViewParam": {
      "PKa": [],
      "length": 0
    }
  },
  {
    "Id": 8,
    "ActionName": "聊天",
    "InputControllerType": 2,
    "ViewName": "ChatView",
    "HandleType": "ViewHotKeyHandle",
    "IsPressTrigger": true,
    "PressStartTime": 799,
    "PressTriggerTime": 800,
    "IsReleaseTrigger": false,
    "ReleaseInvalidTime": 0,
    "IsPressClose": false,
    "IsReleaseClose": false,
    "ViewParam": {
      "PKa": [],
      "length": 0
    }
  },
  {
    "Id": 9,
    "ActionName": "功能菜单",
    "InputControllerType": 0,
    "ViewName": "FunctionView",
    "HandleType": "ViewHotKeyHandleFunctionMenu",
    "IsPressTrigger": true,
    "PressStartTime": 0,
    "PressTriggerTime": 0,
    "IsReleaseTrigger": false,
    "ReleaseInvalidTime": 0,
    "IsPressClose": false,
    "IsReleaseClose": false,
    "ViewParam": {
      "PKa": [],
      "length": 0
    }
  },
  {
    "Id": 10,
    "ActionName": "角色选择界面",
    "InputControllerType": 0,
    "ViewName": "RoleRootView",
    "HandleType": "ViewHotKeyHandle",
    "IsPressTrigger": true,
    "PressStartTime": 0,
    "PressTriggerTime": 0,
    "IsReleaseTrigger": false,
    "ReleaseInvalidTime": 0,
    "IsPressClose": false,
    "IsReleaseClose": false,
    "ViewParam": {
      "PKa": [],
      "length": 0
    }
  },
  {
    "Id": 11,
    "ActionName": "幻象列表界面",
    "InputControllerType": 0,
    "ViewName": "PhantomExploreSetView",
    "HandleType": "ViewHotKeyHandle",
    "IsPressTrigger": true,
    "PressStartTime": 0,
    "PressTriggerTime": 0,
    "IsReleaseTrigger": false,
    "ReleaseInvalidTime": 0,
    "IsPressClose": false,
    "IsReleaseClose": false,
    "ViewParam": {
      "PKa": [],
      "length": 0
    }
  },
  {
    "Id": 12,
    "ActionName": "幻象探索选择界面",
    "InputControllerType": 0,
    "ViewName": "PhantomExploreView",
    "HandleType": "ViewHotKeyHandleRoulette",
    "IsPressTrigger": true,
    "PressStartTime": 0,
    "PressTriggerTime": 0,
    "IsReleaseTrigger": false,
    "ReleaseInvalidTime": 0,
    "IsPressClose": false,
    "IsReleaseClose": false,
    "ViewParam": [
      "1"
    ]
  },
  {
    "Id": 14,
    "ActionName": "教程",
    "InputControllerType": 0,
    "ViewName": "TutorialView",
    "HandleType": "ViewHotKeyHandle",
    "IsPressTrigger": true,
    "PressStartTime": 0,
    "PressTriggerTime": 0,
    "IsReleaseTrigger": false,
    "ReleaseInvalidTime": 0,
    "IsPressClose": false,
    "IsReleaseClose": false,
    "ViewParam": {
      "PKa": [],
      "length": 0
    }
  },
  {
    "Id": 15,
    "ActionName": "联机",
    "InputControllerType": 0,
    "ViewName": "OnlineWorldHallView",
    "HandleType": "ViewHotKeyHandle",
    "IsPressTrigger": true,
    "PressStartTime": 0,
    "PressTriggerTime": 0,
    "IsReleaseTrigger": false,
    "ReleaseInvalidTime": 0,
    "IsPressClose": false,
    "IsReleaseClose": false,
    "ViewParam": {
      "PKa": [],
      "length": 0
    }
  },
  {
    "Id": 16,
    "ActionName": "小活动",
    "InputControllerType": 0,
    "ViewName": "CommonActivityView",
    "HandleType": "ViewHotKeyHandle",
    "IsPressTrigger": true,
    "PressStartTime": 0,
    "PressTriggerTime": 0,
    "IsReleaseTrigger": false,
    "ReleaseInvalidTime": 0,
    "IsPressClose": false,
    "IsReleaseClose": false,
    "ViewParam": {
      "PKa": [],
      "length": 0
    }
  },
  {
    "Id": 17,
    "ActionName": "调谐",
    "InputControllerType": 0,
    "ViewName": "GachaMainView",
    "HandleType": "ViewHotKeyHandle",
    "IsPressTrigger": true,
    "PressStartTime": 0,
    "PressTriggerTime": 0,
    "IsReleaseTrigger": false,
    "ReleaseInvalidTime": 0,
    "IsPressClose": false,
    "IsReleaseClose": false,
    "ViewParam": {
      "PKa": [],
      "length": 0
    }
  },
  {
    "Id": 18,
    "ActionName": "变星",
    "InputControllerType": 0,
    "ViewName": "BattlePassMainView",
    "HandleType": "ViewHotKeyHandle",
    "IsPressTrigger": true,
    "PressStartTime": 0,
    "PressTriggerTime": 0,
    "IsReleaseTrigger": false,
    "ReleaseInvalidTime": 0,
    "IsPressClose": false,
    "IsReleaseClose": false,
    "ViewParam": {
      "PKa": [],
      "length": 0
    }
  },
  {
    "Id": 19,
    "ActionName": "拾音辑录",
    "InputControllerType": 0,
    "ViewName": "AdventureGuideView",
    "HandleType": "ViewHotKeyHandle",
    "IsPressTrigger": true,
    "PressStartTime": 0,
    "PressTriggerTime": 0,
    "IsReleaseTrigger": false,
    "ReleaseInvalidTime": 0,
    "IsPressClose": false,
    "IsReleaseClose": false,
    "ViewParam": {
      "PKa": [],
      "length": 0
    }
  },
  {
    "Id": 20,
    "ActionName": "轮盘2",
    "InputControllerType": 0,
    "ViewName": "PhantomExploreView",
    "HandleType": "ViewHotKeyHandleRoulette",
    "IsPressTrigger": true,
    "PressStartTime": 0,
    "PressTriggerTime": 0,
    "IsReleaseTrigger": false,
    "ReleaseInvalidTime": 0,
    "IsPressClose": false,
    "IsReleaseClose": false,
    "ViewParam": [
      "2"
    ]
  }
]