[
  {
    "Id": 25,
    "BreachGroupId": 1501,
    "BreachLevel": 0,
    "MaxLevel": 20,
    "BreachConsume": {},
    "BreachReward": 0,
    "ConditionId": 504001
  },
  {
    "Id": 26,
    "BreachGroupId": 1501,
    "BreachLevel": 1,
    "MaxLevel": 40,
    "BreachConsume": {
      "size": 2
    },
    "BreachReward": 0,
    "ConditionId": 504002
  },
  {
    "Id": 27,
    "BreachGroupId": 1501,
    "BreachLevel": 2,
    "MaxLevel": 50,
    "BreachConsume": {
      "size": 4
    },
    "BreachReward": 0,
    "ConditionId": 504003
  },
  {
    "Id": 28,
    "BreachGroupId": 1501,
    "BreachLevel": 3,
    "MaxLevel": 60,
    "BreachConsume": {
      "size": 4
    },
    "BreachReward": 0,
    "ConditionId": 504004
  },
  {
    "Id": 29,
    "BreachGroupId": 1501,
    "BreachLevel": 4,
    "MaxLevel": 70,
    "BreachConsume": {
      "size": 4
    },
    "BreachReward": 0,
    "ConditionId": 504005
  },
  {
    "Id": 30,
    "BreachGroupId": 1501,
    "BreachLevel": 5,
    "MaxLevel": 80,
    "BreachConsume": {
      "size": 4
    },
    "BreachReward": 0,
    "ConditionId": 504006
  },
  {
    "Id": 31,
    "BreachGroupId": 1501,
    "BreachLevel": 6,
    "MaxLevel": 90,
    "BreachConsume": {
      "size": 4
    },
    "BreachReward": 0,
    "ConditionId": 504007
  },
  {
    "Id": 33,
    "BreachGroupId": 1502,
    "BreachLevel": 1,
    "MaxLevel": 40,
    "BreachConsume": {
      "size": 2
    },
    "BreachReward": 0,
    "ConditionId": 504002
  },
  {
    "Id": 34,
    "BreachGroupId": 1502,
    "BreachLevel": 2,
    "MaxLevel": 50,
    "BreachConsume": {
      "size": 4
    },
    "BreachReward": 0,
    "ConditionId": 504003
  },
  {
    "Id": 35,
    "BreachGroupId": 1502,
    "BreachLevel": 3,
    "MaxLevel": 60,
    "BreachConsume": {
      "size": 4
    },
    "BreachReward": 0,
    "ConditionId": 504004
  },
  {
    "Id": 36,
    "BreachGroupId": 1502,
    "BreachLevel": 4,
    "MaxLevel": 70,
    "BreachConsume": {
      "size": 4
    },
    "BreachReward": 0,
    "ConditionId": 504005
  },
  {
    "Id": 37,
    "BreachGroupId": 1502,
    "BreachLevel": 5,
    "MaxLevel": 80,
    "BreachConsume": {
      "size": 4
    },
    "BreachReward": 0,
    "ConditionId": 504006
  },
  {
    "Id": 38,
    "BreachGroupId": 1502,
    "BreachLevel": 6,
    "MaxLevel": 90,
    "BreachConsume": {
      "size": 4
    },
    "BreachReward": 0,
    "ConditionId": 504007
  },
  {
    "Id": 39,
    "BreachGroupId": 1202,
    "BreachLevel": 0,
    "MaxLevel": 20,
    "BreachConsume": {},
    "BreachReward": 0,
    "ConditionId": 504001
  },
  {
    "Id": 41,
    "BreachGroupId": 1202,
    "BreachLevel": 2,
    "MaxLevel": 50,
    "BreachConsume": {
      "size": 4
    },
    "BreachReward": 0,
    "ConditionId": 504003
  },
  {
    "Id": 42,
    "BreachGroupId": 1202,
    "BreachLevel": 3,
    "MaxLevel": 60,
    "BreachConsume": {
      "size": 4
    },
    "BreachReward": 0,
    "ConditionId": 504004
  },
  {
    "Id": 43,
    "BreachGroupId": 1202,
    "BreachLevel": 4,
    "MaxLevel": 70,
    "BreachConsume": {
      "size": 4
    },
    "BreachReward": 0,
    "ConditionId": 504005
  },
  {
    "Id": 44,
    "BreachGroupId": 1202,
    "BreachLevel": 5,
    "MaxLevel": 80,
    "BreachConsume": {
      "size": 4
    },
    "BreachReward": 0,
    "ConditionId": 504006
  },
  {
    "Id": 45,
    "BreachGroupId": 1202,
    "BreachLevel": 6,
    "MaxLevel": 90,
    "BreachConsume": {
      "size": 4
    },
    "BreachReward": 0,
    "ConditionId": 504007
  },
  {
    "Id": 46,
    "BreachGroupId": 1402,
    "BreachLevel": 0,
    "MaxLevel": 20,
    "BreachConsume": {},
    "BreachReward": 0,
    "ConditionId": 504001
  },
  {
    "Id": 47,
    "BreachGroupId": 1402,
    "BreachLevel": 1,
    "MaxLevel": 40,
    "BreachConsume": {
      "size": 2
    },
    "BreachReward": 0,
    "ConditionId": 504002
  },
  {
    "Id": 49,
    "BreachGroupId": 1402,
    "BreachLevel": 3,
    "MaxLevel": 60,
    "BreachConsume": {
      "size": 4
    },
    "BreachReward": 0,
    "ConditionId": 504004
  },
  {
    "Id": 50,
    "BreachGroupId": 1402,
    "BreachLevel": 4,
    "MaxLevel": 70,
    "BreachConsume": {
      "size": 4
    },
    "BreachReward": 0,
    "ConditionId": 504005
  },
  {
    "Id": 51,
    "BreachGroupId": 1402,
    "BreachLevel": 5,
    "MaxLevel": 80,
    "BreachConsume": {
      "size": 4
    },
    "BreachReward": 0,
    "ConditionId": 504006
  },
  {
    "Id": 52,
    "BreachGroupId": 1402,
    "BreachLevel": 6,
    "MaxLevel": 90,
    "BreachConsume": {
      "size": 4
    },
    "BreachReward": 0,
    "ConditionId": 504007
  },
  {
    "Id": 53,
    "BreachGroupId": 1503,
    "BreachLevel": 0,
    "MaxLevel": 20,
    "BreachConsume": {},
    "BreachReward": 0,
    "ConditionId": 504001
  },
  {
    "Id": 54,
    "BreachGroupId": 1503,
    "BreachLevel": 1,
    "MaxLevel": 40,
    "BreachConsume": {
      "size": 2
    },
    "BreachReward": 0,
    "ConditionId": 504002
  },
  {
    "Id": 55,
    "BreachGroupId": 1503,
    "BreachLevel": 2,
    "MaxLevel": 50,
    "BreachConsume": {
      "size": 4
    },
    "BreachReward": 0,
    "ConditionId": 504003
  },
  {
    "Id": 57,
    "BreachGroupId": 1503,
    "BreachLevel": 4,
    "MaxLevel": 70,
    "BreachConsume": {
      "size": 4
    },
    "BreachReward": 0,
    "ConditionId": 504005
  },
  {
    "Id": 58,
    "BreachGroupId": 1503,
    "BreachLevel": 5,
    "MaxLevel": 80,
    "BreachConsume": {
      "size": 4
    },
    "BreachReward": 0,
    "ConditionId": 504006
  },
  {
    "Id": 59,
    "BreachGroupId": 1503,
    "BreachLevel": 6,
    "MaxLevel": 90,
    "BreachConsume": {
      "size": 4
    },
    "BreachReward": 0,
    "ConditionId": 504007
  },
  {
    "Id": 60,
    "BreachGroupId": 1103,
    "BreachLevel": 0,
    "MaxLevel": 20,
    "BreachConsume": {},
    "BreachReward": 0,
    "ConditionId": 504001
  },
  {
    "Id": 61,
    "BreachGroupId": 1103,
    "BreachLevel": 1,
    "MaxLevel": 40,
    "BreachConsume": {
      "size": 2
    },
    "BreachReward": 0,
    "ConditionId": 504002
  },
  {
    "Id": 62,
    "BreachGroupId": 1103,
    "BreachLevel": 2,
    "MaxLevel": 50,
    "BreachConsume": {
      "size": 4
    },
    "BreachReward": 0,
    "ConditionId": 504003
  },
  {
    "Id": 63,
    "BreachGroupId": 1103,
    "BreachLevel": 3,
    "MaxLevel": 60,
    "BreachConsume": {
      "size": 4
    },
    "BreachReward": 0,
    "ConditionId": 504004
  },
  {
    "Id": 65,
    "BreachGroupId": 1103,
    "BreachLevel": 5,
    "MaxLevel": 80,
    "BreachConsume": {
      "size": 4
    },
    "BreachReward": 0,
    "ConditionId": 504006
  },
  {
    "Id": 66,
    "BreachGroupId": 1103,
    "BreachLevel": 6,
    "MaxLevel": 90,
    "BreachConsume": {
      "size": 4
    },
    "BreachReward": 0,
    "ConditionId": 504007
  },
  {
    "Id": 67,
    "BreachGroupId": 1102,
    "BreachLevel": 0,
    "MaxLevel": 20,
    "BreachConsume": {},
    "BreachReward": 0,
    "ConditionId": 504001
  },
  {
    "Id": 68,
    "BreachGroupId": 1102,
    "BreachLevel": 1,
    "MaxLevel": 40,
    "BreachConsume": {
      "size": 2
    },
    "BreachReward": 0,
    "ConditionId": 504002
  },
  {
    "Id": 69,
    "BreachGroupId": 1102,
    "BreachLevel": 2,
    "MaxLevel": 50,
    "BreachConsume": {
      "size": 4
    },
    "BreachReward": 0,
    "ConditionId": 504003
  },
  {
    "Id": 70,
    "BreachGroupId": 1102,
    "BreachLevel": 3,
    "MaxLevel": 60,
    "BreachConsume": {
      "size": 4
    },
    "BreachReward": 0,
    "ConditionId": 504004
  },
  {
    "Id": 71,
    "BreachGroupId": 1102,
    "BreachLevel": 4,
    "MaxLevel": 70,
    "BreachConsume": {
      "size": 4
    },
    "BreachReward": 0,
    "ConditionId": 504005
  },
  {
    "Id": 73,
    "BreachGroupId": 1102,
    "BreachLevel": 6,
    "MaxLevel": 90,
    "BreachConsume": {
      "size": 4
    },
    "BreachReward": 0,
    "ConditionId": 504007
  },
  {
    "Id": 74,
    "BreachGroupId": 1203,
    "BreachLevel": 0,
    "MaxLevel": 20,
    "BreachConsume": {},
    "BreachReward": 0,
    "ConditionId": 504001
  },
  {
    "Id": 75,
    "BreachGroupId": 1203,
    "BreachLevel": 1,
    "MaxLevel": 40,
    "BreachConsume": {
      "size": 2
    },
    "BreachReward": 0,
    "ConditionId": 504002
  },
  {
    "Id": 76,
    "BreachGroupId": 1203,
    "BreachLevel": 2,
    "MaxLevel": 50,
    "BreachConsume": {
      "size": 4
    },
    "BreachReward": 0,
    "ConditionId": 504003
  },
  {
    "Id": 77,
    "BreachGroupId": 1203,
    "BreachLevel": 3,
    "MaxLevel": 60,
    "BreachConsume": {
      "size": 4
    },
    "BreachReward": 0,
    "ConditionId": 504004
  },
  {
    "Id": 78,
    "BreachGroupId": 1203,
    "BreachLevel": 4,
    "MaxLevel": 70,
    "BreachConsume": {
      "size": 4
    },
    "BreachReward": 0,
    "ConditionId": 504005
  },
  {
    "Id": 79,
    "BreachGroupId": 1203,
    "BreachLevel": 5,
    "MaxLevel": 80,
    "BreachConsume": {
      "size": 4
    },
    "BreachReward": 0,
    "ConditionId": 504006
  },
  {
    "Id": 81,
    "BreachGroupId": 1601,
    "BreachLevel": 0,
    "MaxLevel": 20,
    "BreachConsume": {},
    "BreachReward": 0,
    "ConditionId": 504001
  },
  {
    "Id": 82,
    "BreachGroupId": 1601,
    "BreachLevel": 1,
    "MaxLevel": 40,
    "BreachConsume": {
      "size": 2
    },
    "BreachReward": 0,
    "ConditionId": 504002
  },
  {
    "Id": 83,
    "BreachGroupId": 1601,
    "BreachLevel": 2,
    "MaxLevel": 50,
    "BreachConsume": {
      "size": 4
    },
    "BreachReward": 0,
    "ConditionId": 504003
  },
  {
    "Id": 84,
    "BreachGroupId": 1601,
    "BreachLevel": 3,
    "MaxLevel": 60,
    "BreachConsume": {
      "size": 4
    },
    "BreachReward": 0,
    "ConditionId": 504004
  },
  {
    "Id": 85,
    "BreachGroupId": 1601,
    "BreachLevel": 4,
    "MaxLevel": 70,
    "BreachConsume": {
      "size": 4
    },
    "BreachReward": 0,
    "ConditionId": 504005
  },
  {
    "Id": 86,
    "BreachGroupId": 1601,
    "BreachLevel": 5,
    "MaxLevel": 80,
    "BreachConsume": {
      "size": 4
    },
    "BreachReward": 0,
    "ConditionId": 504006
  },
  {
    "Id": 87,
    "BreachGroupId": 1601,
    "BreachLevel": 6,
    "MaxLevel": 90,
    "BreachConsume": {
      "size": 4
    },
    "BreachReward": 0,
    "ConditionId": 504007
  },
  {
    "Id": 89,
    "BreachGroupId": 1602,
    "BreachLevel": 1,
    "MaxLevel": 40,
    "BreachConsume": {
      "size": 2
    },
    "BreachReward": 0,
    "ConditionId": 504002
  },
  {
    "Id": 90,
    "BreachGroupId": 1602,
    "BreachLevel": 2,
    "MaxLevel": 50,
    "BreachConsume": {
      "size": 4
    },
    "BreachReward": 0,
    "ConditionId": 504003
  },
  {
    "Id": 91,
    "BreachGroupId": 1602,
    "BreachLevel": 3,
    "MaxLevel": 60,
    "BreachConsume": {
      "size": 4
    },
    "BreachReward": 0,
    "ConditionId": 504004
  },
  {
    "Id": 92,
    "BreachGroupId": 1602,
    "BreachLevel": 4,
    "MaxLevel": 70,
    "BreachConsume": {
      "size": 4
    },
    "BreachReward": 0,
    "ConditionId": 504005
  },
  {
    "Id": 93,
    "BreachGroupId": 1602,
    "BreachLevel": 5,
    "MaxLevel": 80,
    "BreachConsume": {
      "size": 4
    },
    "BreachReward": 0,
    "ConditionId": 504006
  },
  {
    "Id": 94,
    "BreachGroupId": 1602,
    "BreachLevel": 6,
    "MaxLevel": 90,
    "BreachConsume": {
      "size": 4
    },
    "BreachReward": 0,
    "ConditionId": 504007
  },
  {
    "Id": 95,
    "BreachGroupId": 1403,
    "BreachLevel": 0,
    "MaxLevel": 20,
    "BreachConsume": {},
    "BreachReward": 0,
    "ConditionId": 504001
  },
  {
    "Id": 97,
    "BreachGroupId": 1403,
    "BreachLevel": 2,
    "MaxLevel": 50,
    "BreachConsume": {
      "size": 4
    },
    "BreachReward": 0,
    "ConditionId": 504003
  },
  {
    "Id": 98,
    "BreachGroupId": 1403,
    "BreachLevel": 3,
    "MaxLevel": 60,
    "BreachConsume": {
      "size": 4
    },
    "BreachReward": 0,
    "ConditionId": 504004
  },
  {
    "Id": 99,
    "BreachGroupId": 1403,
    "BreachLevel": 4,
    "MaxLevel": 70,
    "BreachConsume": {
      "size": 4
    },
    "BreachReward": 0,
    "ConditionId": 504005
  },
  {
    "Id": 100,
    "BreachGroupId": 1403,
    "BreachLevel": 5,
    "MaxLevel": 80,
    "BreachConsume": {
      "size": 4
    },
    "BreachReward": 0,
    "ConditionId": 504006
  },
  {
    "Id": 101,
    "BreachGroupId": 1403,
    "BreachLevel": 6,
    "MaxLevel": 90,
    "BreachConsume": {
      "size": 4
    },
    "BreachReward": 0,
    "ConditionId": 504007
  },
  {
    "Id": 102,
    "BreachGroupId": 1204,
    "BreachLevel": 0,
    "MaxLevel": 20,
    "BreachConsume": {},
    "BreachReward": 0,
    "ConditionId": 504001
  },
  {
    "Id": 103,
    "BreachGroupId": 1204,
    "BreachLevel": 1,
    "MaxLevel": 40,
    "BreachConsume": {
      "size": 2
    },
    "BreachReward": 0,
    "ConditionId": 504002
  },
  {
    "Id": 105,
    "BreachGroupId": 1204,
    "BreachLevel": 3,
    "MaxLevel": 60,
    "BreachConsume": {
      "size": 4
    },
    "BreachReward": 0,
    "ConditionId": 504004
  },
  {
    "Id": 106,
    "BreachGroupId": 1204,
    "BreachLevel": 4,
    "MaxLevel": 70,
    "BreachConsume": {
      "size": 4
    },
    "BreachReward": 0,
    "ConditionId": 504005
  },
  {
    "Id": 107,
    "BreachGroupId": 1204,
    "BreachLevel": 5,
    "MaxLevel": 80,
    "BreachConsume": {
      "size": 4
    },
    "BreachReward": 0,
    "ConditionId": 504006
  },
  {
    "Id": 108,
    "BreachGroupId": 1204,
    "BreachLevel": 6,
    "MaxLevel": 90,
    "BreachConsume": {
      "size": 4
    },
    "BreachReward": 0,
    "ConditionId": 504007
  },
  {
    "Id": 109,
    "BreachGroupId": 1404,
    "BreachLevel": 0,
    "MaxLevel": 20,
    "BreachConsume": {},
    "BreachReward": 0,
    "ConditionId": 504001
  },
  {
    "Id": 110,
    "BreachGroupId": 1404,
    "BreachLevel": 1,
    "MaxLevel": 40,
    "BreachConsume": {
      "size": 2
    },
    "BreachReward": 0,
    "ConditionId": 504002
  },
  {
    "Id": 111,
    "BreachGroupId": 1404,
    "BreachLevel": 2,
    "MaxLevel": 50,
    "BreachConsume": {
      "size": 4
    },
    "BreachReward": 0,
    "ConditionId": 504003
  },
  {
    "Id": 113,
    "BreachGroupId": 1404,
    "BreachLevel": 4,
    "MaxLevel": 70,
    "BreachConsume": {
      "size": 4
    },
    "BreachReward": 0,
    "ConditionId": 504005
  },
  {
    "Id": 114,
    "BreachGroupId": 1404,
    "BreachLevel": 5,
    "MaxLevel": 80,
    "BreachConsume": {
      "size": 4
    },
    "BreachReward": 0,
    "ConditionId": 504006
  },
  {
    "Id": 115,
    "BreachGroupId": 1404,
    "BreachLevel": 6,
    "MaxLevel": 90,
    "BreachConsume": {
      "size": 4
    },
    "BreachReward": 0,
    "ConditionId": 504007
  },
  {
    "Id": 116,
    "BreachGroupId": 1603,
    "BreachLevel": 0,
    "MaxLevel": 20,
    "BreachConsume": {},
    "BreachReward": 0,
    "ConditionId": 504001
  },
  {
    "Id": 117,
    "BreachGroupId": 1603,
    "BreachLevel": 1,
    "MaxLevel": 40,
    "BreachConsume": {
      "size": 2
    },
    "BreachReward": 0,
    "ConditionId": 504002
  },
  {
    "Id": 118,
    "BreachGroupId": 1603,
    "BreachLevel": 2,
    "MaxLevel": 50,
    "BreachConsume": {
      "size": 4
    },
    "BreachReward": 0,
    "ConditionId": 504003
  },
  {
    "Id": 119,
    "BreachGroupId": 1603,
    "BreachLevel": 3,
    "MaxLevel": 60,
    "BreachConsume": {
      "size": 4
    },
    "BreachReward": 0,
    "ConditionId": 504004
  },
  {
    "Id": 121,
    "BreachGroupId": 1603,
    "BreachLevel": 5,
    "MaxLevel": 80,
    "BreachConsume": {
      "size": 4
    },
    "BreachReward": 0,
    "ConditionId": 504006
  },
  {
    "Id": 122,
    "BreachGroupId": 1603,
    "BreachLevel": 6,
    "MaxLevel": 90,
    "BreachConsume": {
      "size": 4
    },
    "BreachReward": 0,
    "ConditionId": 504007
  },
  {
    "Id": 123,
    "BreachGroupId": 1302,
    "BreachLevel": 0,
    "MaxLevel": 20,
    "BreachConsume": {},
    "BreachReward": 0,
    "ConditionId": 504001
  },
  {
    "Id": 124,
    "BreachGroupId": 1302,
    "BreachLevel": 1,
    "MaxLevel": 40,
    "BreachConsume": {
      "size": 2
    },
    "BreachReward": 0,
    "ConditionId": 504002
  },
  {
    "Id": 125,
    "BreachGroupId": 1302,
    "BreachLevel": 2,
    "MaxLevel": 50,
    "BreachConsume": {
      "size": 4
    },
    "BreachReward": 0,
    "ConditionId": 504003
  },
  {
    "Id": 126,
    "BreachGroupId": 1302,
    "BreachLevel": 3,
    "MaxLevel": 60,
    "BreachConsume": {
      "size": 4
    },
    "BreachReward": 0,
    "ConditionId": 504004
  },
  {
    "Id": 127,
    "BreachGroupId": 1302,
    "BreachLevel": 4,
    "MaxLevel": 70,
    "BreachConsume": {
      "size": 4
    },
    "BreachReward": 0,
    "ConditionId": 504005
  },
  {
    "Id": 129,
    "BreachGroupId": 1302,
    "BreachLevel": 6,
    "MaxLevel": 90,
    "BreachConsume": {
      "size": 4
    },
    "BreachReward": 0,
    "ConditionId": 504007
  },
  {
    "Id": 130,
    "BreachGroupId": 1301,
    "BreachLevel": 0,
    "MaxLevel": 20,
    "BreachConsume": {},
    "BreachReward": 0,
    "ConditionId": 504001
  },
  {
    "Id": 131,
    "BreachGroupId": 1301,
    "BreachLevel": 1,
    "MaxLevel": 40,
    "BreachConsume": {
      "size": 2
    },
    "BreachReward": 0,
    "ConditionId": 504002
  },
  {
    "Id": 132,
    "BreachGroupId": 1301,
    "BreachLevel": 2,
    "MaxLevel": 50,
    "BreachConsume": {
      "size": 4
    },
    "BreachReward": 0,
    "ConditionId": 504003
  },
  {
    "Id": 133,
    "BreachGroupId": 1301,
    "BreachLevel": 3,
    "MaxLevel": 60,
    "BreachConsume": {
      "size": 4
    },
    "BreachReward": 0,
    "ConditionId": 504004
  },
  {
    "Id": 134,
    "BreachGroupId": 1301,
    "BreachLevel": 4,
    "MaxLevel": 70,
    "BreachConsume": {
      "size": 4
    },
    "BreachReward": 0,
    "ConditionId": 504005
  },
  {
    "Id": 135,
    "BreachGroupId": 1301,
    "BreachLevel": 5,
    "MaxLevel": 80,
    "BreachConsume": {
      "size": 4
    },
    "BreachReward": 0,
    "ConditionId": 504006
  },
  {
    "Id": 136,
    "BreachGroupId": 1301,
    "BreachLevel": 6,
    "MaxLevel": 90,
    "BreachConsume": {
      "size": 4
    },
    "BreachReward": 0,
    "ConditionId": 504007
  },
  {
    "Id": 32,
    "BreachGroupId": 1502,
    "BreachLevel": 0,
    "MaxLevel": 20,
    "BreachConsume": {},
    "BreachReward": 0,
    "ConditionId": 504001
  },
  {
    "Id": 40,
    "BreachGroupId": 1202,
    "BreachLevel": 1,
    "MaxLevel": 40,
    "BreachConsume": {
      "size": 2
    },
    "BreachReward": 0,
    "ConditionId": 504002
  },
  {
    "Id": 48,
    "BreachGroupId": 1402,
    "BreachLevel": 2,
    "MaxLevel": 50,
    "BreachConsume": {
      "size": 4
    },
    "BreachReward": 0,
    "ConditionId": 504003
  },
  {
    "Id": 56,
    "BreachGroupId": 1503,
    "BreachLevel": 3,
    "MaxLevel": 60,
    "BreachConsume": {
      "size": 4
    },
    "BreachReward": 0,
    "ConditionId": 504004
  },
  {
    "Id": 64,
    "BreachGroupId": 1103,
    "BreachLevel": 4,
    "MaxLevel": 70,
    "BreachConsume": {
      "size": 4
    },
    "BreachReward": 0,
    "ConditionId": 504005
  },
  {
    "Id": 72,
    "BreachGroupId": 1102,
    "BreachLevel": 5,
    "MaxLevel": 80,
    "BreachConsume": {
      "size": 4
    },
    "BreachReward": 0,
    "ConditionId": 504006
  },
  {
    "Id": 80,
    "BreachGroupId": 1203,
    "BreachLevel": 6,
    "MaxLevel": 90,
    "BreachConsume": {
      "size": 4
    },
    "BreachReward": 0,
    "ConditionId": 504007
  },
  {
    "Id": 88,
    "BreachGroupId": 1602,
    "BreachLevel": 0,
    "MaxLevel": 20,
    "BreachConsume": {},
    "BreachReward": 0,
    "ConditionId": 504001
  },
  {
    "Id": 96,
    "BreachGroupId": 1403,
    "BreachLevel": 1,
    "MaxLevel": 40,
    "BreachConsume": {
      "size": 2
    },
    "BreachReward": 0,
    "ConditionId": 504002
  },
  {
    "Id": 104,
    "BreachGroupId": 1204,
    "BreachLevel": 2,
    "MaxLevel": 50,
    "BreachConsume": {
      "size": 4
    },
    "BreachReward": 0,
    "ConditionId": 504003
  },
  {
    "Id": 112,
    "BreachGroupId": 1404,
    "BreachLevel": 3,
    "MaxLevel": 60,
    "BreachConsume": {
      "size": 4
    },
    "BreachReward": 0,
    "ConditionId": 504004
  },
  {
    "Id": 120,
    "BreachGroupId": 1603,
    "BreachLevel": 4,
    "MaxLevel": 70,
    "BreachConsume": {
      "size": 4
    },
    "BreachReward": 0,
    "ConditionId": 504005
  },
  {
    "Id": 128,
    "BreachGroupId": 1302,
    "BreachLevel": 5,
    "MaxLevel": 80,
    "BreachConsume": {
      "size": 4
    },
    "BreachReward": 0,
    "ConditionId": 504006
  },
  {
    "Id": 137,
    "BreachGroupId": 1303,
    "BreachLevel": 0,
    "MaxLevel": 20,
    "BreachConsume": {},
    "BreachReward": 0,
    "ConditionId": 504001
  },
  {
    "Id": 138,
    "BreachGroupId": 1303,
    "BreachLevel": 1,
    "MaxLevel": 40,
    "BreachConsume": {
      "size": 2
    },
    "BreachReward": 0,
    "ConditionId": 504002
  },
  {
    "Id": 139,
    "BreachGroupId": 1303,
    "BreachLevel": 2,
    "MaxLevel": 50,
    "BreachConsume": {
      "size": 4
    },
    "BreachReward": 0,
    "ConditionId": 504003
  },
  {
    "Id": 140,
    "BreachGroupId": 1303,
    "BreachLevel": 3,
    "MaxLevel": 60,
    "BreachConsume": {
      "size": 4
    },
    "BreachReward": 0,
    "ConditionId": 504004
  },
  {
    "Id": 141,
    "BreachGroupId": 1303,
    "BreachLevel": 4,
    "MaxLevel": 70,
    "BreachConsume": {
      "size": 4
    },
    "BreachReward": 0,
    "ConditionId": 504005
  },
  {
    "Id": 142,
    "BreachGroupId": 1303,
    "BreachLevel": 5,
    "MaxLevel": 80,
    "BreachConsume": {
      "size": 4
    },
    "BreachReward": 0,
    "ConditionId": 504006
  },
  {
    "Id": 143,
    "BreachGroupId": 1303,
    "BreachLevel": 6,
    "MaxLevel": 90,
    "BreachConsume": {
      "size": 4
    },
    "BreachReward": 0,
    "ConditionId": 504007
  },
  {
    "Id": 144,
    "BreachGroupId": 1604,
    "BreachLevel": 0,
    "MaxLevel": 20,
    "BreachConsume": {},
    "BreachReward": 0,
    "ConditionId": 504001
  },
  {
    "Id": 145,
    "BreachGroupId": 1604,
    "BreachLevel": 1,
    "MaxLevel": 40,
    "BreachConsume": {
      "size": 2
    },
    "BreachReward": 0,
    "ConditionId": 504002
  },
  {
    "Id": 146,
    "BreachGroupId": 1604,
    "BreachLevel": 2,
    "MaxLevel": 50,
    "BreachConsume": {
      "size": 4
    },
    "BreachReward": 0,
    "ConditionId": 504003
  },
  {
    "Id": 147,
    "BreachGroupId": 1604,
    "BreachLevel": 3,
    "MaxLevel": 60,
    "BreachConsume": {
      "size": 4
    },
    "BreachReward": 0,
    "ConditionId": 504004
  },
  {
    "Id": 148,
    "BreachGroupId": 1604,
    "BreachLevel": 4,
    "MaxLevel": 70,
    "BreachConsume": {
      "size": 4
    },
    "BreachReward": 0,
    "ConditionId": 504005
  },
  {
    "Id": 149,
    "BreachGroupId": 1604,
    "BreachLevel": 5,
    "MaxLevel": 80,
    "BreachConsume": {
      "size": 4
    },
    "BreachReward": 0,
    "ConditionId": 504006
  },
  {
    "Id": 150,
    "BreachGroupId": 1604,
    "BreachLevel": 6,
    "MaxLevel": 90,
    "BreachConsume": {
      "size": 4
    },
    "BreachReward": 0,
    "ConditionId": 504007
  },
  {
    "Id": 151,
    "BreachGroupId": 1605,
    "BreachLevel": 0,
    "MaxLevel": 20,
    "BreachConsume": {},
    "BreachReward": 0,
    "ConditionId": 504001
  },
  {
    "Id": 152,
    "BreachGroupId": 1605,
    "BreachLevel": 1,
    "MaxLevel": 40,
    "BreachConsume": {
      "size": 2
    },
    "BreachReward": 0,
    "ConditionId": 504002
  },
  {
    "Id": 153,
    "BreachGroupId": 1605,
    "BreachLevel": 2,
    "MaxLevel": 50,
    "BreachConsume": {
      "size": 4
    },
    "BreachReward": 0,
    "ConditionId": 504003
  },
  {
    "Id": 154,
    "BreachGroupId": 1605,
    "BreachLevel": 3,
    "MaxLevel": 60,
    "BreachConsume": {
      "size": 4
    },
    "BreachReward": 0,
    "ConditionId": 504004
  },
  {
    "Id": 155,
    "BreachGroupId": 1605,
    "BreachLevel": 4,
    "MaxLevel": 70,
    "BreachConsume": {
      "size": 4
    },
    "BreachReward": 0,
    "ConditionId": 504005
  },
  {
    "Id": 156,
    "BreachGroupId": 1605,
    "BreachLevel": 5,
    "MaxLevel": 80,
    "BreachConsume": {
      "size": 4
    },
    "BreachReward": 0,
    "ConditionId": 504006
  },
  {
    "Id": 157,
    "BreachGroupId": 1605,
    "BreachLevel": 6,
    "MaxLevel": 90,
    "BreachConsume": {
      "size": 4
    },
    "BreachReward": 0,
    "ConditionId": 504007
  },
  {
    "Id": 158,
    "BreachGroupId": 1104,
    "BreachLevel": 0,
    "MaxLevel": 20,
    "BreachConsume": {},
    "BreachReward": 0,
    "ConditionId": 504001
  },
  {
    "Id": 159,
    "BreachGroupId": 1104,
    "BreachLevel": 1,
    "MaxLevel": 40,
    "BreachConsume": {
      "size": 2
    },
    "BreachReward": 0,
    "ConditionId": 504002
  },
  {
    "Id": 160,
    "BreachGroupId": 1104,
    "BreachLevel": 2,
    "MaxLevel": 50,
    "BreachConsume": {
      "size": 4
    },
    "BreachReward": 0,
    "ConditionId": 504003
  },
  {
    "Id": 161,
    "BreachGroupId": 1104,
    "BreachLevel": 3,
    "MaxLevel": 60,
    "BreachConsume": {
      "size": 4
    },
    "BreachReward": 0,
    "ConditionId": 504004
  },
  {
    "Id": 162,
    "BreachGroupId": 1104,
    "BreachLevel": 4,
    "MaxLevel": 70,
    "BreachConsume": {
      "size": 4
    },
    "BreachReward": 0,
    "ConditionId": 504005
  },
  {
    "Id": 163,
    "BreachGroupId": 1104,
    "BreachLevel": 5,
    "MaxLevel": 80,
    "BreachConsume": {
      "size": 4
    },
    "BreachReward": 0,
    "ConditionId": 504006
  },
  {
    "Id": 164,
    "BreachGroupId": 1104,
    "BreachLevel": 6,
    "MaxLevel": 90,
    "BreachConsume": {
      "size": 4
    },
    "BreachReward": 0,
    "ConditionId": 504007
  },
  {
    "Id": 500701,
    "BreachGroupId": 5007,
    "BreachLevel": 0,
    "MaxLevel": 90,
    "BreachConsume": {},
    "BreachReward": 0,
    "ConditionId": 0
  },
  {
    "Id": 500601,
    "BreachGroupId": 5006,
    "BreachLevel": 0,
    "MaxLevel": 90,
    "BreachConsume": {},
    "BreachReward": 0,
    "ConditionId": 0
  },
  {
    "Id": 500101,
    "BreachGroupId": 5001,
    "BreachLevel": 0,
    "MaxLevel": 90,
    "BreachConsume": {},
    "BreachReward": 0,
    "ConditionId": 0
  },
  {
    "Id": 500201,
    "BreachGroupId": 5002,
    "BreachLevel": 0,
    "MaxLevel": 90,
    "BreachConsume": {},
    "BreachReward": 0,
    "ConditionId": 0
  },
  {
    "Id": 500301,
    "BreachGroupId": 5003,
    "BreachLevel": 0,
    "MaxLevel": 90,
    "BreachConsume": {},
    "BreachReward": 0,
    "ConditionId": 0
  },
  {
    "Id": 500401,
    "BreachGroupId": 5004,
    "BreachLevel": 0,
    "MaxLevel": 90,
    "BreachConsume": {},
    "BreachReward": 0,
    "ConditionId": 0
  },
  {
    "Id": 500501,
    "BreachGroupId": 5005,
    "BreachLevel": 0,
    "MaxLevel": 90,
    "BreachConsume": {},
    "BreachReward": 0,
    "ConditionId": 0
  },
  {
    "Id": 500801,
    "BreachGroupId": 5008,
    "BreachLevel": 0,
    "MaxLevel": 90,
    "BreachConsume": {},
    "BreachReward": 0,
    "ConditionId": 0
  },
  {
    "Id": 500901,
    "BreachGroupId": 5009,
    "BreachLevel": 0,
    "MaxLevel": 90,
    "BreachConsume": {},
    "BreachReward": 0,
    "ConditionId": 0
  },
  {
    "Id": 501101,
    "BreachGroupId": 5011,
    "BreachLevel": 0,
    "MaxLevel": 90,
    "BreachConsume": {},
    "BreachReward": 0,
    "ConditionId": 0
  },
  {
    "Id": 501201,
    "BreachGroupId": 5012,
    "BreachLevel": 0,
    "MaxLevel": 90,
    "BreachConsume": {},
    "BreachReward": 0,
    "ConditionId": 0
  },
  {
    "Id": 165,
    "BreachGroupId": 1405,
    "BreachLevel": 0,
    "MaxLevel": 20,
    "BreachConsume": {},
    "BreachReward": 0,
    "ConditionId": 504001
  },
  {
    "Id": 166,
    "BreachGroupId": 1405,
    "BreachLevel": 1,
    "MaxLevel": 40,
    "BreachConsume": {
      "size": 2
    },
    "BreachReward": 0,
    "ConditionId": 504002
  },
  {
    "Id": 167,
    "BreachGroupId": 1405,
    "BreachLevel": 2,
    "MaxLevel": 50,
    "BreachConsume": {
      "size": 4
    },
    "BreachReward": 0,
    "ConditionId": 504003
  },
  {
    "Id": 168,
    "BreachGroupId": 1405,
    "BreachLevel": 3,
    "MaxLevel": 60,
    "BreachConsume": {
      "size": 4
    },
    "BreachReward": 0,
    "ConditionId": 504004
  },
  {
    "Id": 169,
    "BreachGroupId": 1405,
    "BreachLevel": 4,
    "MaxLevel": 70,
    "BreachConsume": {
      "size": 4
    },
    "BreachReward": 0,
    "ConditionId": 504005
  },
  {
    "Id": 170,
    "BreachGroupId": 1405,
    "BreachLevel": 5,
    "MaxLevel": 80,
    "BreachConsume": {
      "size": 4
    },
    "BreachReward": 0,
    "ConditionId": 504006
  },
  {
    "Id": 171,
    "BreachGroupId": 1405,
    "BreachLevel": 6,
    "MaxLevel": 90,
    "BreachConsume": {
      "size": 4
    },
    "BreachReward": 0,
    "ConditionId": 504007
  },
  {
    "Id": 501301,
    "BreachGroupId": 5013,
    "BreachLevel": 0,
    "MaxLevel": 90,
    "BreachConsume": {},
    "BreachReward": 0,
    "ConditionId": 0
  },
  {
    "Id": 501401,
    "BreachGroupId": 5014,
    "BreachLevel": 0,
    "MaxLevel": 90,
    "BreachConsume": {},
    "BreachReward": 0,
    "ConditionId": 0
  },
  {
    "Id": 501501,
    "BreachGroupId": 5015,
    "BreachLevel": 0,
    "MaxLevel": 90,
    "BreachConsume": {},
    "BreachReward": 0,
    "ConditionId": 0
  },
  {
    "Id": 172,
    "BreachGroupId": 1304,
    "BreachLevel": 0,
    "MaxLevel": 20,
    "BreachConsume": {},
    "BreachReward": 0,
    "ConditionId": 504001
  },
  {
    "Id": 173,
    "BreachGroupId": 1304,
    "BreachLevel": 1,
    "MaxLevel": 40,
    "BreachConsume": {
      "size": 2
    },
    "BreachReward": 0,
    "ConditionId": 504002
  },
  {
    "Id": 174,
    "BreachGroupId": 1304,
    "BreachLevel": 2,
    "MaxLevel": 50,
    "BreachConsume": {
      "size": 4
    },
    "BreachReward": 0,
    "ConditionId": 504003
  },
  {
    "Id": 175,
    "BreachGroupId": 1304,
    "BreachLevel": 3,
    "MaxLevel": 60,
    "BreachConsume": {
      "size": 4
    },
    "BreachReward": 0,
    "ConditionId": 504004
  },
  {
    "Id": 176,
    "BreachGroupId": 1304,
    "BreachLevel": 4,
    "MaxLevel": 70,
    "BreachConsume": {
      "size": 4
    },
    "BreachReward": 0,
    "ConditionId": 504005
  },
  {
    "Id": 177,
    "BreachGroupId": 1304,
    "BreachLevel": 5,
    "MaxLevel": 80,
    "BreachConsume": {
      "size": 4
    },
    "BreachReward": 0,
    "ConditionId": 504006
  },
  {
    "Id": 178,
    "BreachGroupId": 1304,
    "BreachLevel": 6,
    "MaxLevel": 90,
    "BreachConsume": {
      "size": 4
    },
    "BreachReward": 0,
    "ConditionId": 504007
  },
  {
    "Id": 179,
    "BreachGroupId": 1205,
    "BreachLevel": 0,
    "MaxLevel": 20,
    "BreachConsume": {},
    "BreachReward": 0,
    "ConditionId": 504001
  },
  {
    "Id": 180,
    "BreachGroupId": 1205,
    "BreachLevel": 1,
    "MaxLevel": 40,
    "BreachConsume": {
      "size": 2
    },
    "BreachReward": 0,
    "ConditionId": 504002
  },
  {
    "Id": 181,
    "BreachGroupId": 1205,
    "BreachLevel": 2,
    "MaxLevel": 50,
    "BreachConsume": {
      "size": 4
    },
    "BreachReward": 0,
    "ConditionId": 504003
  },
  {
    "Id": 182,
    "BreachGroupId": 1205,
    "BreachLevel": 3,
    "MaxLevel": 60,
    "BreachConsume": {
      "size": 4
    },
    "BreachReward": 0,
    "ConditionId": 504004
  },
  {
    "Id": 183,
    "BreachGroupId": 1205,
    "BreachLevel": 4,
    "MaxLevel": 70,
    "BreachConsume": {
      "size": 4
    },
    "BreachReward": 0,
    "ConditionId": 504005
  },
  {
    "Id": 184,
    "BreachGroupId": 1205,
    "BreachLevel": 5,
    "MaxLevel": 80,
    "BreachConsume": {
      "size": 4
    },
    "BreachReward": 0,
    "ConditionId": 504006
  },
  {
    "Id": 185,
    "BreachGroupId": 1205,
    "BreachLevel": 6,
    "MaxLevel": 90,
    "BreachConsume": {
      "size": 4
    },
    "BreachReward": 0,
    "ConditionId": 504007
  },
  {
    "Id": 186,
    "BreachGroupId": 1305,
    "BreachLevel": 0,
    "MaxLevel": 20,
    "BreachConsume": {},
    "BreachReward": 0,
    "ConditionId": 504001
  },
  {
    "Id": 187,
    "BreachGroupId": 1305,
    "BreachLevel": 1,
    "MaxLevel": 40,
    "BreachConsume": {
      "size": 2
    },
    "BreachReward": 0,
    "ConditionId": 504002
  },
  {
    "Id": 188,
    "BreachGroupId": 1305,
    "BreachLevel": 2,
    "MaxLevel": 50,
    "BreachConsume": {
      "size": 4
    },
    "BreachReward": 0,
    "ConditionId": 504003
  },
  {
    "Id": 189,
    "BreachGroupId": 1305,
    "BreachLevel": 3,
    "MaxLevel": 60,
    "BreachConsume": {
      "size": 4
    },
    "BreachReward": 0,
    "ConditionId": 504004
  },
  {
    "Id": 190,
    "BreachGroupId": 1305,
    "BreachLevel": 4,
    "MaxLevel": 70,
    "BreachConsume": {
      "size": 4
    },
    "BreachReward": 0,
    "ConditionId": 504005
  },
  {
    "Id": 191,
    "BreachGroupId": 1305,
    "BreachLevel": 5,
    "MaxLevel": 80,
    "BreachConsume": {
      "size": 4
    },
    "BreachReward": 0,
    "ConditionId": 504006
  },
  {
    "Id": 192,
    "BreachGroupId": 1305,
    "BreachLevel": 6,
    "MaxLevel": 90,
    "BreachConsume": {
      "size": 4
    },
    "BreachReward": 0,
    "ConditionId": 504007
  },
  {
    "Id": 193,
    "BreachGroupId": 1106,
    "BreachLevel": 0,
    "MaxLevel": 20,
    "BreachConsume": {},
    "BreachReward": 0,
    "ConditionId": 504001
  },
  {
    "Id": 194,
    "BreachGroupId": 1106,
    "BreachLevel": 1,
    "MaxLevel": 40,
    "BreachConsume": {
      "size": 2
    },
    "BreachReward": 0,
    "ConditionId": 504002
  },
  {
    "Id": 195,
    "BreachGroupId": 1106,
    "BreachLevel": 2,
    "MaxLevel": 50,
    "BreachConsume": {
      "size": 4
    },
    "BreachReward": 0,
    "ConditionId": 504003
  },
  {
    "Id": 196,
    "BreachGroupId": 1106,
    "BreachLevel": 3,
    "MaxLevel": 60,
    "BreachConsume": {
      "size": 4
    },
    "BreachReward": 0,
    "ConditionId": 504004
  },
  {
    "Id": 197,
    "BreachGroupId": 1106,
    "BreachLevel": 4,
    "MaxLevel": 70,
    "BreachConsume": {
      "size": 4
    },
    "BreachReward": 0,
    "ConditionId": 504005
  },
  {
    "Id": 198,
    "BreachGroupId": 1106,
    "BreachLevel": 5,
    "MaxLevel": 80,
    "BreachConsume": {
      "size": 4
    },
    "BreachReward": 0,
    "ConditionId": 504006
  },
  {
    "Id": 199,
    "BreachGroupId": 1106,
    "BreachLevel": 6,
    "MaxLevel": 90,
    "BreachConsume": {
      "size": 4
    },
    "BreachReward": 0,
    "ConditionId": 504007
  },
  {
    "Id": 200,
    "BreachGroupId": 1105,
    "BreachLevel": 0,
    "MaxLevel": 20,
    "BreachConsume": {},
    "BreachReward": 0,
    "ConditionId": 504001
  },
  {
    "Id": 201,
    "BreachGroupId": 1105,
    "BreachLevel": 1,
    "MaxLevel": 40,
    "BreachConsume": {
      "size": 2
    },
    "BreachReward": 0,
    "ConditionId": 504002
  },
  {
    "Id": 202,
    "BreachGroupId": 1105,
    "BreachLevel": 2,
    "MaxLevel": 50,
    "BreachConsume": {
      "size": 4
    },
    "BreachReward": 0,
    "ConditionId": 504003
  },
  {
    "Id": 203,
    "BreachGroupId": 1105,
    "BreachLevel": 3,
    "MaxLevel": 60,
    "BreachConsume": {
      "size": 4
    },
    "BreachReward": 0,
    "ConditionId": 504004
  },
  {
    "Id": 204,
    "BreachGroupId": 1105,
    "BreachLevel": 4,
    "MaxLevel": 70,
    "BreachConsume": {
      "size": 4
    },
    "BreachReward": 0,
    "ConditionId": 504005
  },
  {
    "Id": 205,
    "BreachGroupId": 1105,
    "BreachLevel": 5,
    "MaxLevel": 80,
    "BreachConsume": {
      "size": 4
    },
    "BreachReward": 0,
    "ConditionId": 504006
  },
  {
    "Id": 206,
    "BreachGroupId": 1105,
    "BreachLevel": 6,
    "MaxLevel": 90,
    "BreachConsume": {
      "size": 4
    },
    "BreachReward": 0,
    "ConditionId": 504007
  },
  {
    "Id": 207,
    "BreachGroupId": 1505,
    "BreachLevel": 0,
    "MaxLevel": 20,
    "BreachConsume": {},
    "BreachReward": 0,
    "ConditionId": 504001
  },
  {
    "Id": 208,
    "BreachGroupId": 1505,
    "BreachLevel": 1,
    "MaxLevel": 40,
    "BreachConsume": {
      "size": 2
    },
    "BreachReward": 0,
    "ConditionId": 504002
  },
  {
    "Id": 209,
    "BreachGroupId": 1505,
    "BreachLevel": 2,
    "MaxLevel": 50,
    "BreachConsume": {
      "size": 4
    },
    "BreachReward": 0,
    "ConditionId": 504003
  },
  {
    "Id": 210,
    "BreachGroupId": 1505,
    "BreachLevel": 3,
    "MaxLevel": 60,
    "BreachConsume": {
      "size": 4
    },
    "BreachReward": 0,
    "ConditionId": 504004
  },
  {
    "Id": 211,
    "BreachGroupId": 1505,
    "BreachLevel": 4,
    "MaxLevel": 70,
    "BreachConsume": {
      "size": 4
    },
    "BreachReward": 0,
    "ConditionId": 504005
  },
  {
    "Id": 212,
    "BreachGroupId": 1505,
    "BreachLevel": 5,
    "MaxLevel": 80,
    "BreachConsume": {
      "size": 4
    },
    "BreachReward": 0,
    "ConditionId": 504006
  },
  {
    "Id": 213,
    "BreachGroupId": 1505,
    "BreachLevel": 6,
    "MaxLevel": 90,
    "BreachConsume": {
      "size": 4
    },
    "BreachReward": 0,
    "ConditionId": 504007
  }
]