[
  {
    "Id": 1,
    "ConsumeGroupId": 10001,
    "Level": 1,
    "ExpCount": 0
  },
  {
    "Id": 2,
    "ConsumeGroupId": 10001,
    "Level": 2,
    "ExpCount": 400
  },
  {
    "Id": 3,
    "ConsumeGroupId": 10001,
    "Level": 3,
    "ExpCount": 400
  },
  {
    "Id": 4,
    "ConsumeGroupId": 10001,
    "Level": 4,
    "ExpCount": 500
  },
  {
    "Id": 5,
    "ConsumeGroupId": 10001,
    "Level": 5,
    "ExpCount": 600
  },
  {
    "Id": 6,
    "ConsumeGroupId": 10001,
    "Level": 6,
    "ExpCount": 700
  },
  {
    "Id": 7,
    "ConsumeGroupId": 10001,
    "Level": 7,
    "ExpCount": 900
  },
  {
    "Id": 8,
    "ConsumeGroupId": 10001,
    "Level": 8,
    "ExpCount": 1000
  },
  {
    "Id": 9,
    "ConsumeGroupId": 10001,
    "Level": 9,
    "ExpCount": 1200
  },
  {
    "Id": 10,
    "ConsumeGroupId": 10001,
    "Level": 10,
    "ExpCount": 1300
  },
  {
    "Id": 11,
    "ConsumeGroupId": 10001,
    "Level": 11,
    "ExpCount": 1500
  },
  {
    "Id": 12,
    "ConsumeGroupId": 10001,
    "Level": 12,
    "ExpCount": 1700
  },
  {
    "Id": 13,
    "ConsumeGroupId": 10001,
    "Level": 13,
    "ExpCount": 2000
  },
  {
    "Id": 14,
    "ConsumeGroupId": 10001,
    "Level": 14,
    "ExpCount": 2200
  },
  {
    "Id": 15,
    "ConsumeGroupId": 10001,
    "Level": 15,
    "ExpCount": 2400
  },
  {
    "Id": 16,
    "ConsumeGroupId": 10001,
    "Level": 16,
    "ExpCount": 2700
  },
  {
    "Id": 17,
    "ConsumeGroupId": 10001,
    "Level": 17,
    "ExpCount": 3000
  },
  {
    "Id": 18,
    "ConsumeGroupId": 10001,
    "Level": 18,
    "ExpCount": 3300
  },
  {
    "Id": 19,
    "ConsumeGroupId": 10001,
    "Level": 19,
    "ExpCount": 3600
  },
  {
    "Id": 20,
    "ConsumeGroupId": 10001,
    "Level": 20,
    "ExpCount": 3900
  },
  {
    "Id": 21,
    "ConsumeGroupId": 10001,
    "Level": 21,
    "ExpCount": 4300
  },
  {
    "Id": 22,
    "ConsumeGroupId": 10001,
    "Level": 22,
    "ExpCount": 4600
  },
  {
    "Id": 23,
    "ConsumeGroupId": 10001,
    "Level": 23,
    "ExpCount": 5000
  },
  {
    "Id": 24,
    "ConsumeGroupId": 10001,
    "Level": 24,
    "ExpCount": 5400
  },
  {
    "Id": 25,
    "ConsumeGroupId": 10001,
    "Level": 25,
    "ExpCount": 5800
  },
  {
    "Id": 26,
    "ConsumeGroupId": 10001,
    "Level": 26,
    "ExpCount": 6300
  },
  {
    "Id": 27,
    "ConsumeGroupId": 10001,
    "Level": 27,
    "ExpCount": 6700
  },
  {
    "Id": 28,
    "ConsumeGroupId": 10001,
    "Level": 28,
    "ExpCount": 7200
  },
  {
    "Id": 29,
    "ConsumeGroupId": 10001,
    "Level": 29,
    "ExpCount": 7700
  },
  {
    "Id": 30,
    "ConsumeGroupId": 10001,
    "Level": 30,
    "ExpCount": 8200
  },
  {
    "Id": 31,
    "ConsumeGroupId": 10001,
    "Level": 31,
    "ExpCount": 8700
  },
  {
    "Id": 32,
    "ConsumeGroupId": 10001,
    "Level": 32,
    "ExpCount": 9300
  },
  {
    "Id": 33,
    "ConsumeGroupId": 10001,
    "Level": 33,
    "ExpCount": 9800
  },
  {
    "Id": 34,
    "ConsumeGroupId": 10001,
    "Level": 34,
    "ExpCount": 10400
  },
  {
    "Id": 35,
    "ConsumeGroupId": 10001,
    "Level": 35,
    "ExpCount": 11000
  },
  {
    "Id": 36,
    "ConsumeGroupId": 10001,
    "Level": 36,
    "ExpCount": 11700
  },
  {
    "Id": 37,
    "ConsumeGroupId": 10001,
    "Level": 37,
    "ExpCount": 12300
  },
  {
    "Id": 38,
    "ConsumeGroupId": 10001,
    "Level": 38,
    "ExpCount": 13000
  },
  {
    "Id": 39,
    "ConsumeGroupId": 10001,
    "Level": 39,
    "ExpCount": 13700
  },
  {
    "Id": 40,
    "ConsumeGroupId": 10001,
    "Level": 40,
    "ExpCount": 14400
  },
  {
    "Id": 41,
    "ConsumeGroupId": 10001,
    "Level": 41,
    "ExpCount": 15100
  },
  {
    "Id": 42,
    "ConsumeGroupId": 10001,
    "Level": 42,
    "ExpCount": 15900
  },
  {
    "Id": 43,
    "ConsumeGroupId": 10001,
    "Level": 43,
    "ExpCount": 16700
  },
  {
    "Id": 44,
    "ConsumeGroupId": 10001,
    "Level": 44,
    "ExpCount": 17500
  },
  {
    "Id": 45,
    "ConsumeGroupId": 10001,
    "Level": 45,
    "ExpCount": 18300
  },
  {
    "Id": 46,
    "ConsumeGroupId": 10001,
    "Level": 46,
    "ExpCount": 19200
  },
  {
    "Id": 47,
    "ConsumeGroupId": 10001,
    "Level": 47,
    "ExpCount": 20000
  },
  {
    "Id": 48,
    "ConsumeGroupId": 10001,
    "Level": 48,
    "ExpCount": 20900
  },
  {
    "Id": 49,
    "ConsumeGroupId": 10001,
    "Level": 49,
    "ExpCount": 21900
  },
  {
    "Id": 50,
    "ConsumeGroupId": 10001,
    "Level": 50,
    "ExpCount": 22800
  },
  {
    "Id": 51,
    "ConsumeGroupId": 10001,
    "Level": 51,
    "ExpCount": 23800
  },
  {
    "Id": 52,
    "ConsumeGroupId": 10001,
    "Level": 52,
    "ExpCount": 24800
  },
  {
    "Id": 53,
    "ConsumeGroupId": 10001,
    "Level": 53,
    "ExpCount": 25800
  },
  {
    "Id": 54,
    "ConsumeGroupId": 10001,
    "Level": 54,
    "ExpCount": 26900
  },
  {
    "Id": 55,
    "ConsumeGroupId": 10001,
    "Level": 55,
    "ExpCount": 28000
  },
  {
    "Id": 56,
    "ConsumeGroupId": 10001,
    "Level": 56,
    "ExpCount": 29100
  },
  {
    "Id": 57,
    "ConsumeGroupId": 10001,
    "Level": 57,
    "ExpCount": 30300
  },
  {
    "Id": 58,
    "ConsumeGroupId": 10001,
    "Level": 58,
    "ExpCount": 31400
  },
  {
    "Id": 59,
    "ConsumeGroupId": 10001,
    "Level": 59,
    "ExpCount": 32600
  },
  {
    "Id": 60,
    "ConsumeGroupId": 10001,
    "Level": 60,
    "ExpCount": 33900
  },
  {
    "Id": 61,
    "ConsumeGroupId": 10001,
    "Level": 61,
    "ExpCount": 35100
  },
  {
    "Id": 62,
    "ConsumeGroupId": 10001,
    "Level": 62,
    "ExpCount": 36400
  },
  {
    "Id": 63,
    "ConsumeGroupId": 10001,
    "Level": 63,
    "ExpCount": 37700
  },
  {
    "Id": 64,
    "ConsumeGroupId": 10001,
    "Level": 64,
    "ExpCount": 39100
  },
  {
    "Id": 65,
    "ConsumeGroupId": 10001,
    "Level": 65,
    "ExpCount": 40500
  },
  {
    "Id": 66,
    "ConsumeGroupId": 10001,
    "Level": 66,
    "ExpCount": 41900
  },
  {
    "Id": 67,
    "ConsumeGroupId": 10001,
    "Level": 67,
    "ExpCount": 43300
  },
  {
    "Id": 68,
    "ConsumeGroupId": 10001,
    "Level": 68,
    "ExpCount": 44800
  },
  {
    "Id": 69,
    "ConsumeGroupId": 10001,
    "Level": 69,
    "ExpCount": 46300
  },
  {
    "Id": 70,
    "ConsumeGroupId": 10001,
    "Level": 70,
    "ExpCount": 47900
  },
  {
    "Id": 71,
    "ConsumeGroupId": 10001,
    "Level": 71,
    "ExpCount": 49500
  },
  {
    "Id": 72,
    "ConsumeGroupId": 10001,
    "Level": 72,
    "ExpCount": 51100
  },
  {
    "Id": 73,
    "ConsumeGroupId": 10001,
    "Level": 73,
    "ExpCount": 52800
  },
  {
    "Id": 74,
    "ConsumeGroupId": 10001,
    "Level": 74,
    "ExpCount": 54500
  },
  {
    "Id": 75,
    "ConsumeGroupId": 10001,
    "Level": 75,
    "ExpCount": 56200
  },
  {
    "Id": 76,
    "ConsumeGroupId": 10001,
    "Level": 76,
    "ExpCount": 58000
  },
  {
    "Id": 77,
    "ConsumeGroupId": 10001,
    "Level": 77,
    "ExpCount": 59800
  },
  {
    "Id": 78,
    "ConsumeGroupId": 10001,
    "Level": 78,
    "ExpCount": 61600
  },
  {
    "Id": 79,
    "ConsumeGroupId": 10001,
    "Level": 79,
    "ExpCount": 63500
  },
  {
    "Id": 80,
    "ConsumeGroupId": 10001,
    "Level": 80,
    "ExpCount": 65400
  },
  {
    "Id": 81,
    "ConsumeGroupId": 10001,
    "Level": 81,
    "ExpCount": 67400
  },
  {
    "Id": 82,
    "ConsumeGroupId": 10001,
    "Level": 82,
    "ExpCount": 69400
  },
  {
    "Id": 83,
    "ConsumeGroupId": 10001,
    "Level": 83,
    "ExpCount": 71400
  },
  {
    "Id": 84,
    "ConsumeGroupId": 10001,
    "Level": 84,
    "ExpCount": 73500
  },
  {
    "Id": 85,
    "ConsumeGroupId": 10001,
    "Level": 85,
    "ExpCount": 75600
  },
  {
    "Id": 86,
    "ConsumeGroupId": 10001,
    "Level": 86,
    "ExpCount": 77800
  },
  {
    "Id": 87,
    "ConsumeGroupId": 10001,
    "Level": 87,
    "ExpCount": 80000
  },
  {
    "Id": 88,
    "ConsumeGroupId": 10001,
    "Level": 88,
    "ExpCount": 82300
  },
  {
    "Id": 89,
    "ConsumeGroupId": 10001,
    "Level": 89,
    "ExpCount": 84600
  },
  {
    "Id": 90,
    "ConsumeGroupId": 10001,
    "Level": 90,
    "ExpCount": 86900
  },
  {
    "Id": 101,
    "ConsumeGroupId": 10002,
    "Level": 1,
    "ExpCount": 0
  },
  {
    "Id": 102,
    "ConsumeGroupId": 10002,
    "Level": 2,
    "ExpCount": 400
  },
  {
    "Id": 103,
    "ConsumeGroupId": 10002,
    "Level": 3,
    "ExpCount": 400
  },
  {
    "Id": 104,
    "ConsumeGroupId": 10002,
    "Level": 4,
    "ExpCount": 500
  },
  {
    "Id": 105,
    "ConsumeGroupId": 10002,
    "Level": 5,
    "ExpCount": 600
  },
  {
    "Id": 106,
    "ConsumeGroupId": 10002,
    "Level": 6,
    "ExpCount": 700
  },
  {
    "Id": 107,
    "ConsumeGroupId": 10002,
    "Level": 7,
    "ExpCount": 900
  },
  {
    "Id": 108,
    "ConsumeGroupId": 10002,
    "Level": 8,
    "ExpCount": 1000
  },
  {
    "Id": 109,
    "ConsumeGroupId": 10002,
    "Level": 9,
    "ExpCount": 1200
  },
  {
    "Id": 110,
    "ConsumeGroupId": 10002,
    "Level": 10,
    "ExpCount": 1300
  },
  {
    "Id": 111,
    "ConsumeGroupId": 10002,
    "Level": 11,
    "ExpCount": 1500
  },
  {
    "Id": 112,
    "ConsumeGroupId": 10002,
    "Level": 12,
    "ExpCount": 1700
  },
  {
    "Id": 113,
    "ConsumeGroupId": 10002,
    "Level": 13,
    "ExpCount": 2000
  },
  {
    "Id": 114,
    "ConsumeGroupId": 10002,
    "Level": 14,
    "ExpCount": 2200
  },
  {
    "Id": 115,
    "ConsumeGroupId": 10002,
    "Level": 15,
    "ExpCount": 2400
  },
  {
    "Id": 116,
    "ConsumeGroupId": 10002,
    "Level": 16,
    "ExpCount": 2700
  },
  {
    "Id": 117,
    "ConsumeGroupId": 10002,
    "Level": 17,
    "ExpCount": 3000
  },
  {
    "Id": 118,
    "ConsumeGroupId": 10002,
    "Level": 18,
    "ExpCount": 3300
  },
  {
    "Id": 119,
    "ConsumeGroupId": 10002,
    "Level": 19,
    "ExpCount": 3600
  },
  {
    "Id": 120,
    "ConsumeGroupId": 10002,
    "Level": 20,
    "ExpCount": 3900
  },
  {
    "Id": 121,
    "ConsumeGroupId": 10002,
    "Level": 21,
    "ExpCount": 4300
  },
  {
    "Id": 122,
    "ConsumeGroupId": 10002,
    "Level": 22,
    "ExpCount": 4600
  },
  {
    "Id": 123,
    "ConsumeGroupId": 10002,
    "Level": 23,
    "ExpCount": 5000
  },
  {
    "Id": 124,
    "ConsumeGroupId": 10002,
    "Level": 24,
    "ExpCount": 5400
  },
  {
    "Id": 125,
    "ConsumeGroupId": 10002,
    "Level": 25,
    "ExpCount": 5800
  },
  {
    "Id": 126,
    "ConsumeGroupId": 10002,
    "Level": 26,
    "ExpCount": 6300
  },
  {
    "Id": 127,
    "ConsumeGroupId": 10002,
    "Level": 27,
    "ExpCount": 6700
  },
  {
    "Id": 128,
    "ConsumeGroupId": 10002,
    "Level": 28,
    "ExpCount": 7200
  },
  {
    "Id": 129,
    "ConsumeGroupId": 10002,
    "Level": 29,
    "ExpCount": 7700
  },
  {
    "Id": 130,
    "ConsumeGroupId": 10002,
    "Level": 30,
    "ExpCount": 8200
  },
  {
    "Id": 131,
    "ConsumeGroupId": 10002,
    "Level": 31,
    "ExpCount": 8700
  },
  {
    "Id": 132,
    "ConsumeGroupId": 10002,
    "Level": 32,
    "ExpCount": 9300
  },
  {
    "Id": 133,
    "ConsumeGroupId": 10002,
    "Level": 33,
    "ExpCount": 9800
  },
  {
    "Id": 134,
    "ConsumeGroupId": 10002,
    "Level": 34,
    "ExpCount": 10400
  },
  {
    "Id": 135,
    "ConsumeGroupId": 10002,
    "Level": 35,
    "ExpCount": 11000
  },
  {
    "Id": 136,
    "ConsumeGroupId": 10002,
    "Level": 36,
    "ExpCount": 11700
  },
  {
    "Id": 137,
    "ConsumeGroupId": 10002,
    "Level": 37,
    "ExpCount": 12300
  },
  {
    "Id": 138,
    "ConsumeGroupId": 10002,
    "Level": 38,
    "ExpCount": 13000
  },
  {
    "Id": 139,
    "ConsumeGroupId": 10002,
    "Level": 39,
    "ExpCount": 13700
  },
  {
    "Id": 140,
    "ConsumeGroupId": 10002,
    "Level": 40,
    "ExpCount": 14400
  },
  {
    "Id": 141,
    "ConsumeGroupId": 10002,
    "Level": 41,
    "ExpCount": 15100
  },
  {
    "Id": 142,
    "ConsumeGroupId": 10002,
    "Level": 42,
    "ExpCount": 15900
  },
  {
    "Id": 143,
    "ConsumeGroupId": 10002,
    "Level": 43,
    "ExpCount": 16700
  },
  {
    "Id": 144,
    "ConsumeGroupId": 10002,
    "Level": 44,
    "ExpCount": 17500
  },
  {
    "Id": 145,
    "ConsumeGroupId": 10002,
    "Level": 45,
    "ExpCount": 18300
  },
  {
    "Id": 146,
    "ConsumeGroupId": 10002,
    "Level": 46,
    "ExpCount": 19200
  },
  {
    "Id": 147,
    "ConsumeGroupId": 10002,
    "Level": 47,
    "ExpCount": 20000
  },
  {
    "Id": 148,
    "ConsumeGroupId": 10002,
    "Level": 48,
    "ExpCount": 20900
  },
  {
    "Id": 149,
    "ConsumeGroupId": 10002,
    "Level": 49,
    "ExpCount": 21900
  },
  {
    "Id": 150,
    "ConsumeGroupId": 10002,
    "Level": 50,
    "ExpCount": 22800
  },
  {
    "Id": 151,
    "ConsumeGroupId": 10002,
    "Level": 51,
    "ExpCount": 23800
  },
  {
    "Id": 152,
    "ConsumeGroupId": 10002,
    "Level": 52,
    "ExpCount": 24800
  },
  {
    "Id": 153,
    "ConsumeGroupId": 10002,
    "Level": 53,
    "ExpCount": 25800
  },
  {
    "Id": 154,
    "ConsumeGroupId": 10002,
    "Level": 54,
    "ExpCount": 26900
  },
  {
    "Id": 155,
    "ConsumeGroupId": 10002,
    "Level": 55,
    "ExpCount": 28000
  },
  {
    "Id": 156,
    "ConsumeGroupId": 10002,
    "Level": 56,
    "ExpCount": 29100
  },
  {
    "Id": 157,
    "ConsumeGroupId": 10002,
    "Level": 57,
    "ExpCount": 30300
  },
  {
    "Id": 158,
    "ConsumeGroupId": 10002,
    "Level": 58,
    "ExpCount": 31400
  },
  {
    "Id": 159,
    "ConsumeGroupId": 10002,
    "Level": 59,
    "ExpCount": 32600
  },
  {
    "Id": 160,
    "ConsumeGroupId": 10002,
    "Level": 60,
    "ExpCount": 33900
  },
  {
    "Id": 161,
    "ConsumeGroupId": 10002,
    "Level": 61,
    "ExpCount": 35100
  },
  {
    "Id": 162,
    "ConsumeGroupId": 10002,
    "Level": 62,
    "ExpCount": 36400
  },
  {
    "Id": 163,
    "ConsumeGroupId": 10002,
    "Level": 63,
    "ExpCount": 37700
  },
  {
    "Id": 164,
    "ConsumeGroupId": 10002,
    "Level": 64,
    "ExpCount": 39100
  },
  {
    "Id": 165,
    "ConsumeGroupId": 10002,
    "Level": 65,
    "ExpCount": 40500
  },
  {
    "Id": 166,
    "ConsumeGroupId": 10002,
    "Level": 66,
    "ExpCount": 41900
  },
  {
    "Id": 167,
    "ConsumeGroupId": 10002,
    "Level": 67,
    "ExpCount": 43300
  },
  {
    "Id": 168,
    "ConsumeGroupId": 10002,
    "Level": 68,
    "ExpCount": 44800
  },
  {
    "Id": 169,
    "ConsumeGroupId": 10002,
    "Level": 69,
    "ExpCount": 46300
  },
  {
    "Id": 170,
    "ConsumeGroupId": 10002,
    "Level": 70,
    "ExpCount": 47900
  },
  {
    "Id": 171,
    "ConsumeGroupId": 10002,
    "Level": 71,
    "ExpCount": 49500
  },
  {
    "Id": 172,
    "ConsumeGroupId": 10002,
    "Level": 72,
    "ExpCount": 51100
  },
  {
    "Id": 173,
    "ConsumeGroupId": 10002,
    "Level": 73,
    "ExpCount": 52800
  },
  {
    "Id": 174,
    "ConsumeGroupId": 10002,
    "Level": 74,
    "ExpCount": 54500
  },
  {
    "Id": 175,
    "ConsumeGroupId": 10002,
    "Level": 75,
    "ExpCount": 56200
  },
  {
    "Id": 176,
    "ConsumeGroupId": 10002,
    "Level": 76,
    "ExpCount": 58000
  },
  {
    "Id": 177,
    "ConsumeGroupId": 10002,
    "Level": 77,
    "ExpCount": 59800
  },
  {
    "Id": 178,
    "ConsumeGroupId": 10002,
    "Level": 78,
    "ExpCount": 61600
  },
  {
    "Id": 179,
    "ConsumeGroupId": 10002,
    "Level": 79,
    "ExpCount": 63500
  },
  {
    "Id": 180,
    "ConsumeGroupId": 10002,
    "Level": 80,
    "ExpCount": 65400
  },
  {
    "Id": 181,
    "ConsumeGroupId": 10002,
    "Level": 81,
    "ExpCount": 67400
  },
  {
    "Id": 182,
    "ConsumeGroupId": 10002,
    "Level": 82,
    "ExpCount": 69400
  },
  {
    "Id": 183,
    "ConsumeGroupId": 10002,
    "Level": 83,
    "ExpCount": 71400
  },
  {
    "Id": 184,
    "ConsumeGroupId": 10002,
    "Level": 84,
    "ExpCount": 73500
  },
  {
    "Id": 185,
    "ConsumeGroupId": 10002,
    "Level": 85,
    "ExpCount": 75600
  },
  {
    "Id": 186,
    "ConsumeGroupId": 10002,
    "Level": 86,
    "ExpCount": 77800
  },
  {
    "Id": 187,
    "ConsumeGroupId": 10002,
    "Level": 87,
    "ExpCount": 80000
  },
  {
    "Id": 188,
    "ConsumeGroupId": 10002,
    "Level": 88,
    "ExpCount": 82300
  },
  {
    "Id": 189,
    "ConsumeGroupId": 10002,
    "Level": 89,
    "ExpCount": 84600
  },
  {
    "Id": 190,
    "ConsumeGroupId": 10002,
    "Level": 90,
    "ExpCount": 86900
  },
  {
    "Id": 201,
    "ConsumeGroupId": 10003,
    "Level": 1,
    "ExpCount": 0
  },
  {
    "Id": 202,
    "ConsumeGroupId": 10003,
    "Level": 2,
    "ExpCount": 400
  },
  {
    "Id": 203,
    "ConsumeGroupId": 10003,
    "Level": 3,
    "ExpCount": 400
  },
  {
    "Id": 204,
    "ConsumeGroupId": 10003,
    "Level": 4,
    "ExpCount": 500
  },
  {
    "Id": 205,
    "ConsumeGroupId": 10003,
    "Level": 5,
    "ExpCount": 600
  },
  {
    "Id": 206,
    "ConsumeGroupId": 10003,
    "Level": 6,
    "ExpCount": 700
  },
  {
    "Id": 207,
    "ConsumeGroupId": 10003,
    "Level": 7,
    "ExpCount": 900
  },
  {
    "Id": 208,
    "ConsumeGroupId": 10003,
    "Level": 8,
    "ExpCount": 1000
  },
  {
    "Id": 209,
    "ConsumeGroupId": 10003,
    "Level": 9,
    "ExpCount": 1200
  },
  {
    "Id": 210,
    "ConsumeGroupId": 10003,
    "Level": 10,
    "ExpCount": 1300
  },
  {
    "Id": 211,
    "ConsumeGroupId": 10003,
    "Level": 11,
    "ExpCount": 1500
  },
  {
    "Id": 212,
    "ConsumeGroupId": 10003,
    "Level": 12,
    "ExpCount": 1700
  },
  {
    "Id": 213,
    "ConsumeGroupId": 10003,
    "Level": 13,
    "ExpCount": 2000
  },
  {
    "Id": 214,
    "ConsumeGroupId": 10003,
    "Level": 14,
    "ExpCount": 2200
  },
  {
    "Id": 215,
    "ConsumeGroupId": 10003,
    "Level": 15,
    "ExpCount": 2400
  },
  {
    "Id": 216,
    "ConsumeGroupId": 10003,
    "Level": 16,
    "ExpCount": 2700
  },
  {
    "Id": 217,
    "ConsumeGroupId": 10003,
    "Level": 17,
    "ExpCount": 3000
  },
  {
    "Id": 218,
    "ConsumeGroupId": 10003,
    "Level": 18,
    "ExpCount": 3300
  },
  {
    "Id": 219,
    "ConsumeGroupId": 10003,
    "Level": 19,
    "ExpCount": 3600
  },
  {
    "Id": 220,
    "ConsumeGroupId": 10003,
    "Level": 20,
    "ExpCount": 3900
  },
  {
    "Id": 221,
    "ConsumeGroupId": 10003,
    "Level": 21,
    "ExpCount": 4300
  },
  {
    "Id": 222,
    "ConsumeGroupId": 10003,
    "Level": 22,
    "ExpCount": 4600
  },
  {
    "Id": 223,
    "ConsumeGroupId": 10003,
    "Level": 23,
    "ExpCount": 5000
  },
  {
    "Id": 224,
    "ConsumeGroupId": 10003,
    "Level": 24,
    "ExpCount": 5400
  },
  {
    "Id": 225,
    "ConsumeGroupId": 10003,
    "Level": 25,
    "ExpCount": 5800
  },
  {
    "Id": 226,
    "ConsumeGroupId": 10003,
    "Level": 26,
    "ExpCount": 6300
  },
  {
    "Id": 227,
    "ConsumeGroupId": 10003,
    "Level": 27,
    "ExpCount": 6700
  },
  {
    "Id": 228,
    "ConsumeGroupId": 10003,
    "Level": 28,
    "ExpCount": 7200
  },
  {
    "Id": 229,
    "ConsumeGroupId": 10003,
    "Level": 29,
    "ExpCount": 7700
  },
  {
    "Id": 230,
    "ConsumeGroupId": 10003,
    "Level": 30,
    "ExpCount": 8200
  },
  {
    "Id": 231,
    "ConsumeGroupId": 10003,
    "Level": 31,
    "ExpCount": 8700
  },
  {
    "Id": 232,
    "ConsumeGroupId": 10003,
    "Level": 32,
    "ExpCount": 9300
  },
  {
    "Id": 233,
    "ConsumeGroupId": 10003,
    "Level": 33,
    "ExpCount": 9800
  },
  {
    "Id": 234,
    "ConsumeGroupId": 10003,
    "Level": 34,
    "ExpCount": 10400
  },
  {
    "Id": 235,
    "ConsumeGroupId": 10003,
    "Level": 35,
    "ExpCount": 11000
  },
  {
    "Id": 236,
    "ConsumeGroupId": 10003,
    "Level": 36,
    "ExpCount": 11700
  },
  {
    "Id": 237,
    "ConsumeGroupId": 10003,
    "Level": 37,
    "ExpCount": 12300
  },
  {
    "Id": 238,
    "ConsumeGroupId": 10003,
    "Level": 38,
    "ExpCount": 13000
  },
  {
    "Id": 239,
    "ConsumeGroupId": 10003,
    "Level": 39,
    "ExpCount": 13700
  },
  {
    "Id": 240,
    "ConsumeGroupId": 10003,
    "Level": 40,
    "ExpCount": 14400
  },
  {
    "Id": 241,
    "ConsumeGroupId": 10003,
    "Level": 41,
    "ExpCount": 15100
  },
  {
    "Id": 242,
    "ConsumeGroupId": 10003,
    "Level": 42,
    "ExpCount": 15900
  },
  {
    "Id": 243,
    "ConsumeGroupId": 10003,
    "Level": 43,
    "ExpCount": 16700
  },
  {
    "Id": 244,
    "ConsumeGroupId": 10003,
    "Level": 44,
    "ExpCount": 17500
  },
  {
    "Id": 245,
    "ConsumeGroupId": 10003,
    "Level": 45,
    "ExpCount": 18300
  },
  {
    "Id": 246,
    "ConsumeGroupId": 10003,
    "Level": 46,
    "ExpCount": 19200
  },
  {
    "Id": 247,
    "ConsumeGroupId": 10003,
    "Level": 47,
    "ExpCount": 20000
  },
  {
    "Id": 248,
    "ConsumeGroupId": 10003,
    "Level": 48,
    "ExpCount": 20900
  },
  {
    "Id": 249,
    "ConsumeGroupId": 10003,
    "Level": 49,
    "ExpCount": 21900
  },
  {
    "Id": 250,
    "ConsumeGroupId": 10003,
    "Level": 50,
    "ExpCount": 22800
  },
  {
    "Id": 251,
    "ConsumeGroupId": 10003,
    "Level": 51,
    "ExpCount": 23800
  },
  {
    "Id": 252,
    "ConsumeGroupId": 10003,
    "Level": 52,
    "ExpCount": 24800
  },
  {
    "Id": 253,
    "ConsumeGroupId": 10003,
    "Level": 53,
    "ExpCount": 25800
  },
  {
    "Id": 254,
    "ConsumeGroupId": 10003,
    "Level": 54,
    "ExpCount": 26900
  },
  {
    "Id": 255,
    "ConsumeGroupId": 10003,
    "Level": 55,
    "ExpCount": 28000
  },
  {
    "Id": 256,
    "ConsumeGroupId": 10003,
    "Level": 56,
    "ExpCount": 29100
  },
  {
    "Id": 257,
    "ConsumeGroupId": 10003,
    "Level": 57,
    "ExpCount": 30300
  },
  {
    "Id": 258,
    "ConsumeGroupId": 10003,
    "Level": 58,
    "ExpCount": 31400
  },
  {
    "Id": 259,
    "ConsumeGroupId": 10003,
    "Level": 59,
    "ExpCount": 32600
  },
  {
    "Id": 260,
    "ConsumeGroupId": 10003,
    "Level": 60,
    "ExpCount": 33900
  },
  {
    "Id": 261,
    "ConsumeGroupId": 10003,
    "Level": 61,
    "ExpCount": 35100
  },
  {
    "Id": 262,
    "ConsumeGroupId": 10003,
    "Level": 62,
    "ExpCount": 36400
  },
  {
    "Id": 263,
    "ConsumeGroupId": 10003,
    "Level": 63,
    "ExpCount": 37700
  },
  {
    "Id": 264,
    "ConsumeGroupId": 10003,
    "Level": 64,
    "ExpCount": 39100
  },
  {
    "Id": 265,
    "ConsumeGroupId": 10003,
    "Level": 65,
    "ExpCount": 40500
  },
  {
    "Id": 266,
    "ConsumeGroupId": 10003,
    "Level": 66,
    "ExpCount": 41900
  },
  {
    "Id": 267,
    "ConsumeGroupId": 10003,
    "Level": 67,
    "ExpCount": 43300
  },
  {
    "Id": 268,
    "ConsumeGroupId": 10003,
    "Level": 68,
    "ExpCount": 44800
  },
  {
    "Id": 269,
    "ConsumeGroupId": 10003,
    "Level": 69,
    "ExpCount": 46300
  },
  {
    "Id": 270,
    "ConsumeGroupId": 10003,
    "Level": 70,
    "ExpCount": 47900
  },
  {
    "Id": 271,
    "ConsumeGroupId": 10003,
    "Level": 71,
    "ExpCount": 49500
  },
  {
    "Id": 272,
    "ConsumeGroupId": 10003,
    "Level": 72,
    "ExpCount": 51100
  },
  {
    "Id": 273,
    "ConsumeGroupId": 10003,
    "Level": 73,
    "ExpCount": 52800
  },
  {
    "Id": 274,
    "ConsumeGroupId": 10003,
    "Level": 74,
    "ExpCount": 54500
  },
  {
    "Id": 275,
    "ConsumeGroupId": 10003,
    "Level": 75,
    "ExpCount": 56200
  },
  {
    "Id": 276,
    "ConsumeGroupId": 10003,
    "Level": 76,
    "ExpCount": 58000
  },
  {
    "Id": 277,
    "ConsumeGroupId": 10003,
    "Level": 77,
    "ExpCount": 59800
  },
  {
    "Id": 278,
    "ConsumeGroupId": 10003,
    "Level": 78,
    "ExpCount": 61600
  },
  {
    "Id": 279,
    "ConsumeGroupId": 10003,
    "Level": 79,
    "ExpCount": 63500
  },
  {
    "Id": 280,
    "ConsumeGroupId": 10003,
    "Level": 80,
    "ExpCount": 65400
  },
  {
    "Id": 281,
    "ConsumeGroupId": 10003,
    "Level": 81,
    "ExpCount": 67400
  },
  {
    "Id": 282,
    "ConsumeGroupId": 10003,
    "Level": 82,
    "ExpCount": 69400
  },
  {
    "Id": 283,
    "ConsumeGroupId": 10003,
    "Level": 83,
    "ExpCount": 71400
  },
  {
    "Id": 284,
    "ConsumeGroupId": 10003,
    "Level": 84,
    "ExpCount": 73500
  },
  {
    "Id": 285,
    "ConsumeGroupId": 10003,
    "Level": 85,
    "ExpCount": 75600
  },
  {
    "Id": 286,
    "ConsumeGroupId": 10003,
    "Level": 86,
    "ExpCount": 77800
  },
  {
    "Id": 287,
    "ConsumeGroupId": 10003,
    "Level": 87,
    "ExpCount": 80000
  },
  {
    "Id": 288,
    "ConsumeGroupId": 10003,
    "Level": 88,
    "ExpCount": 82300
  },
  {
    "Id": 289,
    "ConsumeGroupId": 10003,
    "Level": 89,
    "ExpCount": 84600
  },
  {
    "Id": 290,
    "ConsumeGroupId": 10003,
    "Level": 90,
    "ExpCount": 86900
  },
  {
    "Id": 91,
    "ConsumeGroupId": 10001,
    "Level": 91,
    "ExpCount": 105600
  },
  {
    "Id": 92,
    "ConsumeGroupId": 10001,
    "Level": 92,
    "ExpCount": 107400
  },
  {
    "Id": 93,
    "ConsumeGroupId": 10001,
    "Level": 93,
    "ExpCount": 110000
  },
  {
    "Id": 94,
    "ConsumeGroupId": 10001,
    "Level": 94,
    "ExpCount": 113600
  },
  {
    "Id": 95,
    "ConsumeGroupId": 10001,
    "Level": 95,
    "ExpCount": 118600
  },
  {
    "Id": 96,
    "ConsumeGroupId": 10001,
    "Level": 96,
    "ExpCount": 125500
  },
  {
    "Id": 97,
    "ConsumeGroupId": 10001,
    "Level": 97,
    "ExpCount": 134900
  },
  {
    "Id": 98,
    "ConsumeGroupId": 10001,
    "Level": 98,
    "ExpCount": 147300
  },
  {
    "Id": 99,
    "ConsumeGroupId": 10001,
    "Level": 99,
    "ExpCount": 163600
  },
  {
    "Id": 100,
    "ConsumeGroupId": 10001,
    "Level": 100,
    "ExpCount": 184500
  },
  {
    "Id": 191,
    "ConsumeGroupId": 10002,
    "Level": 91,
    "ExpCount": 105600
  },
  {
    "Id": 192,
    "ConsumeGroupId": 10002,
    "Level": 92,
    "ExpCount": 107400
  },
  {
    "Id": 193,
    "ConsumeGroupId": 10002,
    "Level": 93,
    "ExpCount": 110000
  },
  {
    "Id": 194,
    "ConsumeGroupId": 10002,
    "Level": 94,
    "ExpCount": 113600
  },
  {
    "Id": 195,
    "ConsumeGroupId": 10002,
    "Level": 95,
    "ExpCount": 118600
  },
  {
    "Id": 196,
    "ConsumeGroupId": 10002,
    "Level": 96,
    "ExpCount": 125500
  },
  {
    "Id": 197,
    "ConsumeGroupId": 10002,
    "Level": 97,
    "ExpCount": 134900
  },
  {
    "Id": 198,
    "ConsumeGroupId": 10002,
    "Level": 98,
    "ExpCount": 147300
  },
  {
    "Id": 199,
    "ConsumeGroupId": 10002,
    "Level": 99,
    "ExpCount": 163600
  },
  {
    "Id": 200,
    "ConsumeGroupId": 10002,
    "Level": 100,
    "ExpCount": 184500
  },
  {
    "Id": 291,
    "ConsumeGroupId": 10003,
    "Level": 91,
    "ExpCount": 105600
  },
  {
    "Id": 292,
    "ConsumeGroupId": 10003,
    "Level": 92,
    "ExpCount": 107400
  },
  {
    "Id": 293,
    "ConsumeGroupId": 10003,
    "Level": 93,
    "ExpCount": 110000
  },
  {
    "Id": 294,
    "ConsumeGroupId": 10003,
    "Level": 94,
    "ExpCount": 113600
  },
  {
    "Id": 295,
    "ConsumeGroupId": 10003,
    "Level": 95,
    "ExpCount": 118600
  },
  {
    "Id": 296,
    "ConsumeGroupId": 10003,
    "Level": 96,
    "ExpCount": 125500
  },
  {
    "Id": 297,
    "ConsumeGroupId": 10003,
    "Level": 97,
    "ExpCount": 134900
  },
  {
    "Id": 298,
    "ConsumeGroupId": 10003,
    "Level": 98,
    "ExpCount": 147300
  },
  {
    "Id": 299,
    "ConsumeGroupId": 10003,
    "Level": 99,
    "ExpCount": 163600
  },
  {
    "Id": 300,
    "ConsumeGroupId": 10003,
    "Level": 100,
    "ExpCount": 184500
  }
]