[
  {
    "Id": 1502,
    "Name": "nvzhu",
    "HpLost": {
      "size": 4
    },
    "Chest": "/Game/Aki/WwiseAudio/Events/play_vo_nvzhu_chest.play_vo_nvzhu_chest",
    "Effort": "/Game/Aki/WwiseAudio/Events/play_vo_nvzhu_tired.play_vo_nvzhu_tired",
    "EffortLow": "/Game/Aki/WwiseAudio/Events/play_vo_nvzhu_tired_low.play_vo_nvzhu_tired_low",
    "EffortCd": 8,
    "Rankup": {
      "size": 7
    },
    "JoinTeam": "/Game/Aki/WwiseAudio/Events/play_vo_nvzhu_join_team.play_vo_nvzhu_join_team",
    "FirstGet": "/Game/Aki/WwiseAudio/Events/play_vo_silence_placeholder.play_vo_silence_placeholder",
    "MutantTransform": "/Game/Aki/WwiseAudio/Events/play_vo_nvzhu_hx_change.play_vo_nvzhu_hx_change",
    "MutantSummon": "/Game/Aki/WwiseAudio/Events/play_vo_nvzhu_hx_summon.play_vo_nvzhu_hx_summon"
  },
  {
    "Id": 1102,
    "Name": "sanhua",
    "HpLost": {
      "size": 4
    },
    "Chest": "/Game/Aki/WwiseAudio/Events/play_vo_sanhua_chest.play_vo_sanhua_chest",
    "Effort": "/Game/Aki/WwiseAudio/Events/play_vo_sanhua_tired.play_vo_sanhua_tired",
    "EffortLow": "/Game/Aki/WwiseAudio/Events/play_vo_sanhua_tired_low.play_vo_sanhua_tired_low",
    "EffortCd": 8,
    "Rankup": {
      "size": 7
    },
    "JoinTeam": "/Game/Aki/WwiseAudio/Events/play_vo_sanhua_join_team.play_vo_sanhua_join_team",
    "FirstGet": "/Game/Aki/WwiseAudio/Events/play_vo_silence_placeholder.play_vo_silence_placeholder",
    "MutantTransform": "/Game/Aki/WwiseAudio/Events/play_vo_sanhua_hx_change.play_vo_sanhua_hx_change",
    "MutantSummon": "/Game/Aki/WwiseAudio/Events/play_vo_sanhua_hx_summon.play_vo_sanhua_hx_summon"
  },
  {
    "Id": 1103,
    "Name": "baizhi",
    "HpLost": {
      "size": 4
    },
    "Chest": "/Game/Aki/WwiseAudio/Events/play_vo_baizhi_chest.play_vo_baizhi_chest",
    "Effort": "/Game/Aki/WwiseAudio/Events/play_vo_baizhi_tired.play_vo_baizhi_tired",
    "EffortLow": "/Game/Aki/WwiseAudio/Events/play_vo_baizhi_tired_low.play_vo_baizhi_tired_low",
    "EffortCd": 8,
    "Rankup": {
      "size": 7
    },
    "JoinTeam": "/Game/Aki/WwiseAudio/Events/play_vo_baizhi_join_team.play_vo_baizhi_join_team",
    "FirstGet": "/Game/Aki/WwiseAudio/Events/play_vo_silence_placeholder.play_vo_silence_placeholder",
    "MutantTransform": "/Game/Aki/WwiseAudio/Events/play_vo_baizhi_hx_change.play_vo_baizhi_hx_change",
    "MutantSummon": "/Game/Aki/WwiseAudio/Events/play_vo_baizhi_hx_summon.play_vo_baizhi_hx_summon"
  },
  {
    "Id": 1202,
    "Name": "chixia",
    "HpLost": {
      "size": 4
    },
    "Chest": "/Game/Aki/WwiseAudio/Events/play_vo_chixia_chest.play_vo_chixia_chest",
    "Effort": "/Game/Aki/WwiseAudio/Events/play_vo_chixia_tired.play_vo_chixia_tired",
    "EffortLow": "/Game/Aki/WwiseAudio/Events/play_vo_chixia_tired_low.play_vo_chixia_tired_low",
    "EffortCd": 8,
    "Rankup": {
      "size": 7
    },
    "JoinTeam": "/Game/Aki/WwiseAudio/Events/play_vo_chixia_join_team.play_vo_chixia_join_team",
    "FirstGet": "/Game/Aki/WwiseAudio/Events/play_vo_silence_placeholder.play_vo_silence_placeholder",
    "MutantTransform": "/Game/Aki/WwiseAudio/Events/play_vo_chixia_hx_change.play_vo_chixia_hx_change",
    "MutantSummon": "/Game/Aki/WwiseAudio/Events/play_vo_chixia_hx_summon.play_vo_chixia_hx_summon"
  },
  {
    "Id": 1203,
    "Name": "anke",
    "HpLost": {
      "size": 4
    },
    "Chest": "/Game/Aki/WwiseAudio/Events/play_vo_anke_chest.play_vo_anke_chest",
    "Effort": "/Game/Aki/WwiseAudio/Events/play_vo_anke_tired.play_vo_anke_tired",
    "EffortLow": "/Game/Aki/WwiseAudio/Events/play_vo_anke_tired_low.play_vo_anke_tired_low",
    "EffortCd": 8,
    "Rankup": {
      "size": 7
    },
    "JoinTeam": "/Game/Aki/WwiseAudio/Events/play_vo_anke_join_team.play_vo_anke_join_team",
    "FirstGet": "/Game/Aki/WwiseAudio/Events/play_vo_silence_placeholder.play_vo_silence_placeholder",
    "MutantTransform": "/Game/Aki/WwiseAudio/Events/play_vo_anke_hx_change.play_vo_anke_hx_change",
    "MutantSummon": "/Game/Aki/WwiseAudio/Events/play_vo_anke_hx_summon.play_vo_anke_hx_summon"
  },
  {
    "Id": 1204,
    "Name": "motefei",
    "HpLost": {
      "size": 4
    },
    "Chest": "/Game/Aki/WwiseAudio/Events/play_vo_motefei_chest.play_vo_motefei_chest",
    "Effort": "/Game/Aki/WwiseAudio/Events/play_vo_motefei_tired.play_vo_motefei_tired",
    "EffortLow": "/Game/Aki/WwiseAudio/Events/play_vo_motefei_tired_low.play_vo_motefei_tired_low",
    "EffortCd": 8,
    "Rankup": {
      "size": 7
    },
    "JoinTeam": "/Game/Aki/WwiseAudio/Events/play_vo_motefei_join_team.play_vo_motefei_join_team",
    "FirstGet": "/Game/Aki/WwiseAudio/Events/play_vo_silence_placeholder.play_vo_silence_placeholder",
    "MutantTransform": "/Game/Aki/WwiseAudio/Events/play_vo_motefei_hx_change.play_vo_motefei_hx_change",
    "MutantSummon": "/Game/Aki/WwiseAudio/Events/play_vo_motefei_hx_summon.play_vo_motefei_hx_summon"
  },
  {
    "Id": 1302,
    "Name": "yinlin",
    "HpLost": {
      "size": 4
    },
    "Chest": "/Game/Aki/WwiseAudio/Events/play_vo_yinlin_chest.play_vo_yinlin_chest",
    "Effort": "/Game/Aki/WwiseAudio/Events/play_vo_yinlin_tired.play_vo_yinlin_tired",
    "EffortLow": "/Game/Aki/WwiseAudio/Events/play_vo_yinlin_tired_low.play_vo_yinlin_tired_low",
    "EffortCd": 8,
    "Rankup": {
      "size": 7
    },
    "JoinTeam": "/Game/Aki/WwiseAudio/Events/play_vo_yinlin_join_team.play_vo_yinlin_join_team",
    "FirstGet": "/Game/Aki/WwiseAudio/Events/play_vo_silence_placeholder.play_vo_silence_placeholder",
    "MutantTransform": "/Game/Aki/WwiseAudio/Events/play_vo_yinlin_hx_change.play_vo_yinlin_hx_change",
    "MutantSummon": "/Game/Aki/WwiseAudio/Events/play_vo_yinlin_hx_summon.play_vo_yinlin_hx_summon"
  },
  {
    "Id": 1303,
    "Name": "yuanwu",
    "HpLost": {
      "size": 4
    },
    "Chest": "/Game/Aki/WwiseAudio/Events/play_vo_yuanwu_chest.play_vo_yuanwu_chest",
    "Effort": "/Game/Aki/WwiseAudio/Events/play_vo_yuanwu_tired.play_vo_yuanwu_tired",
    "EffortLow": "/Game/Aki/WwiseAudio/Events/play_vo_yuanwu_tired_low.play_vo_yuanwu_tired_low",
    "EffortCd": 8,
    "Rankup": {
      "size": 7
    },
    "JoinTeam": "/Game/Aki/WwiseAudio/Events/play_vo_yuanwu_join_team.play_vo_yuanwu_join_team",
    "FirstGet": "/Game/Aki/WwiseAudio/Events/play_vo_silence_placeholder.play_vo_silence_placeholder",
    "MutantTransform": "/Game/Aki/WwiseAudio/Events/play_vo_yuanwu_hx_change.play_vo_yuanwu_hx_change",
    "MutantSummon": "/Game/Aki/WwiseAudio/Events/play_vo_yuanwu_hx_summon.play_vo_yuanwu_hx_summon"
  },
  {
    "Id": 1402,
    "Name": "yangyang",
    "HpLost": {
      "size": 4
    },
    "Chest": "/Game/Aki/WwiseAudio/Events/play_vo_yangyang_chest.play_vo_yangyang_chest",
    "Effort": "/Game/Aki/WwiseAudio/Events/play_vo_yangyang_tired.play_vo_yangyang_tired",
    "EffortLow": "/Game/Aki/WwiseAudio/Events/play_vo_yangyang_tired_low.play_vo_yangyang_tired_low",
    "EffortCd": 8,
    "Rankup": {
      "size": 7
    },
    "JoinTeam": "/Game/Aki/WwiseAudio/Events/play_vo_yangyang_join_team.play_vo_yangyang_join_team",
    "FirstGet": "/Game/Aki/WwiseAudio/Events/play_vo_silence_placeholder.play_vo_silence_placeholder",
    "MutantTransform": "/Game/Aki/WwiseAudio/Events/play_vo_yangyang_hx_change.play_vo_yangyang_hx_change",
    "MutantSummon": "/Game/Aki/WwiseAudio/Events/play_vo_yangyang_hx_summon.play_vo_yangyang_hx_summon"
  },
  {
    "Id": 1403,
    "Name": "qiushui",
    "HpLost": {
      "size": 4
    },
    "Chest": "/Game/Aki/WwiseAudio/Events/play_vo_qiushui_chest.play_vo_qiushui_chest",
    "Effort": "/Game/Aki/WwiseAudio/Events/play_vo_qiushui_tired.play_vo_qiushui_tired",
    "EffortLow": "/Game/Aki/WwiseAudio/Events/play_vo_qiushui_tired_low.play_vo_qiushui_tired_low",
    "EffortCd": 8,
    "Rankup": {
      "size": 7
    },
    "JoinTeam": "/Game/Aki/WwiseAudio/Events/play_vo_qiushui_join_team.play_vo_qiushui_join_team",
    "FirstGet": "/Game/Aki/WwiseAudio/Events/play_vo_silence_placeholder.play_vo_silence_placeholder",
    "MutantTransform": "/Game/Aki/WwiseAudio/Events/play_vo_qiushui_hx_change.play_vo_qiushui_hx_change",
    "MutantSummon": "/Game/Aki/WwiseAudio/Events/play_vo_qiushui_hx_summon.play_vo_qiushui_hx_summon"
  },
  {
    "Id": 1404,
    "Name": "jiyan",
    "HpLost": {
      "size": 4
    },
    "Chest": "/Game/Aki/WwiseAudio/Events/play_vo_jiyan_chest.play_vo_jiyan_chest",
    "Effort": "/Game/Aki/WwiseAudio/Events/play_vo_jiyan_tired.play_vo_jiyan_tired",
    "EffortLow": "/Game/Aki/WwiseAudio/Events/play_vo_jiyan_tired_low.play_vo_jiyan_tired_low",
    "EffortCd": 8,
    "Rankup": {
      "size": 7
    },
    "JoinTeam": "/Game/Aki/WwiseAudio/Events/play_vo_jiyan_join_team.play_vo_jiyan_join_team",
    "FirstGet": "/Game/Aki/WwiseAudio/Events/play_vo_silence_placeholder.play_vo_silence_placeholder",
    "MutantTransform": "/Game/Aki/WwiseAudio/Events/play_vo_jiyan_hx_change.play_vo_jiyan_hx_change",
    "MutantSummon": "/Game/Aki/WwiseAudio/Events/play_vo_jiyan_hx_summon.play_vo_jiyan_hx_summon"
  },
  {
    "Id": 1501,
    "Name": "nanzhu",
    "HpLost": {
      "size": 4
    },
    "Chest": "/Game/Aki/WwiseAudio/Events/play_vo_nanzhu_chest.play_vo_nanzhu_chest",
    "Effort": "/Game/Aki/WwiseAudio/Events/play_vo_nanzhu_tired.play_vo_nanzhu_tired",
    "EffortLow": "/Game/Aki/WwiseAudio/Events/play_vo_nanzhu_tired_low.play_vo_nanzhu_tired_low",
    "EffortCd": 8,
    "Rankup": {
      "size": 7
    },
    "JoinTeam": "/Game/Aki/WwiseAudio/Events/play_vo_nanzhu_join_team.play_vo_nanzhu_join_team",
    "FirstGet": "/Game/Aki/WwiseAudio/Events/play_vo_silence_placeholder.play_vo_silence_placeholder",
    "MutantTransform": "/Game/Aki/WwiseAudio/Events/play_vo_nanzhu_hx_change.play_vo_nanzhu_hx_change",
    "MutantSummon": "/Game/Aki/WwiseAudio/Events/play_vo_nanzhu_hx_summon.play_vo_nanzhu_hx_summon"
  },
  {
    "Id": 1503,
    "Name": "weilinai",
    "HpLost": {
      "size": 4
    },
    "Chest": "/Game/Aki/WwiseAudio/Events/play_vo_weilinai_chest.play_vo_weilinai_chest",
    "Effort": "/Game/Aki/WwiseAudio/Events/play_vo_weilinai_tired.play_vo_weilinai_tired",
    "EffortLow": "/Game/Aki/WwiseAudio/Events/play_vo_weilinai_tired_low.play_vo_weilinai_tired_low",
    "EffortCd": 8,
    "Rankup": {
      "size": 7
    },
    "JoinTeam": "/Game/Aki/WwiseAudio/Events/play_vo_weilinai_join_team.play_vo_weilinai_join_team",
    "FirstGet": "/Game/Aki/WwiseAudio/Events/play_vo_silence_placeholder.play_vo_silence_placeholder",
    "MutantTransform": "/Game/Aki/WwiseAudio/Events/play_vo_weilinai_hx_change.play_vo_weilinai_hx_change",
    "MutantSummon": "/Game/Aki/WwiseAudio/Events/play_vo_weilinai_hx_summon.play_vo_weilinai_hx_summon"
  },
  {
    "Id": 1601,
    "Name": "taoqi",
    "HpLost": {
      "size": 4
    },
    "Chest": "/Game/Aki/WwiseAudio/Events/play_vo_taoqi_chest.play_vo_taoqi_chest",
    "Effort": "/Game/Aki/WwiseAudio/Events/play_vo_taoqi_tired.play_vo_taoqi_tired",
    "EffortLow": "/Game/Aki/WwiseAudio/Events/play_vo_taoqi_tired_low.play_vo_taoqi_tired_low",
    "EffortCd": 8,
    "Rankup": {
      "size": 7
    },
    "JoinTeam": "/Game/Aki/WwiseAudio/Events/play_vo_taoqi_join_team.play_vo_taoqi_join_team",
    "FirstGet": "/Game/Aki/WwiseAudio/Events/play_vo_silence_placeholder.play_vo_silence_placeholder",
    "MutantTransform": "/Game/Aki/WwiseAudio/Events/play_vo_taoqi_hx_change.play_vo_taoqi_hx_change",
    "MutantSummon": "/Game/Aki/WwiseAudio/Events/play_vo_taoqi_hx_summon.play_vo_taoqi_hx_summon"
  },
  {
    "Id": 1602,
    "Name": "danjin",
    "HpLost": {
      "size": 4
    },
    "Chest": "/Game/Aki/WwiseAudio/Events/play_vo_danjin_chest.play_vo_danjin_chest",
    "Effort": "/Game/Aki/WwiseAudio/Events/play_vo_danjin_tired.play_vo_danjin_tired",
    "EffortLow": "/Game/Aki/WwiseAudio/Events/play_vo_danjin_tired_low.play_vo_danjin_tired_low",
    "EffortCd": 8,
    "Rankup": {
      "size": 7
    },
    "JoinTeam": "/Game/Aki/WwiseAudio/Events/play_vo_danjin_join_team.play_vo_danjin_join_team",
    "FirstGet": "/Game/Aki/WwiseAudio/Events/play_vo_silence_placeholder.play_vo_silence_placeholder",
    "MutantTransform": "/Game/Aki/WwiseAudio/Events/play_vo_danjin_hx_change.play_vo_danjin_hx_change",
    "MutantSummon": "/Game/Aki/WwiseAudio/Events/play_vo_danjin_hx_summon.play_vo_danjin_hx_summon"
  },
  {
    "Id": 1104,
    "Name": "lingyang",
    "HpLost": {
      "size": 4
    },
    "Chest": "/Game/Aki/WwiseAudio/Events/play_vo_lingyang_chest.play_vo_lingyang_chest",
    "Effort": "/Game/Aki/WwiseAudio/Events/play_vo_lingyang_tired.play_vo_lingyang_tired",
    "EffortLow": "/Game/Aki/WwiseAudio/Events/play_vo_lingyang_tired_low.play_vo_lingyang_tired_low",
    "EffortCd": 8,
    "Rankup": {
      "size": 7
    },
    "JoinTeam": "/Game/Aki/WwiseAudio/Events/play_vo_lingyang_join_team.play_vo_lingyang_join_team",
    "FirstGet": "/Game/Aki/WwiseAudio/Events/play_vo_silence_placeholder.play_vo_silence_placeholder",
    "MutantTransform": "/Game/Aki/WwiseAudio/Events/play_vo_lingyang_hx_change.play_vo_lingyang_hx_change",
    "MutantSummon": "/Game/Aki/WwiseAudio/Events/play_vo_lingyang_hx_summon.play_vo_lingyang_hx_summon"
  },
  {
    "Id": 1301,
    "Name": "kakaluo",
    "HpLost": {
      "size": 4
    },
    "Chest": "/Game/Aki/WwiseAudio/Events/play_vo_kakaluo_chest.play_vo_kakaluo_chest",
    "Effort": "/Game/Aki/WwiseAudio/Events/play_vo_kakaluo_tired.play_vo_kakaluo_tired",
    "EffortLow": "/Game/Aki/WwiseAudio/Events/play_vo_kakaluo_tired_low.play_vo_kakaluo_tired_low",
    "EffortCd": 8,
    "Rankup": {
      "size": 7
    },
    "JoinTeam": "/Game/Aki/WwiseAudio/Events/play_vo_kakaluo_join_team.play_vo_kakaluo_join_team",
    "FirstGet": "/Game/Aki/WwiseAudio/Events/play_vo_silence_placeholder.play_vo_silence_placeholder",
    "MutantTransform": "/Game/Aki/WwiseAudio/Events/play_vo_kakaluo_hx_change.play_vo_kakaluo_hx_change",
    "MutantSummon": "/Game/Aki/WwiseAudio/Events/play_vo_kakaluo_hx_summon.play_vo_kakaluo_hx_summon"
  },
  {
    "Id": 1405,
    "Name": "jianxin",
    "HpLost": {
      "size": 4
    },
    "Chest": "/Game/Aki/WwiseAudio/Events/play_vo_jianxin_chest.play_vo_jianxin_chest",
    "Effort": "/Game/Aki/WwiseAudio/Events/play_vo_jianxin_tired.play_vo_jianxin_tired",
    "EffortLow": "/Game/Aki/WwiseAudio/Events/play_vo_jianxin_tired_low.play_vo_jianxin_tired_low",
    "EffortCd": 8,
    "Rankup": {
      "size": 7
    },
    "JoinTeam": "/Game/Aki/WwiseAudio/Events/play_vo_jianxin_join_team.play_vo_jianxin_join_team",
    "FirstGet": "/Game/Aki/WwiseAudio/Events/play_vo_silence_placeholder.play_vo_silence_placeholder",
    "MutantTransform": "/Game/Aki/WwiseAudio/Events/play_vo_jianxin_hx_change.play_vo_jianxin_hx_change",
    "MutantSummon": "/Game/Aki/WwiseAudio/Events/play_vo_jianxin_hx_summon.play_vo_jianxin_hx_summon"
  }
]