[
  {
    "Id": 1402,
    "Name": "泱泱测试配置1",
    "Model1Config": {
      "PKa": [],
      "length": 0
    },
    "Model2Config": {
      "PKa": [],
      "length": 0
    },
    "Model2AccMaxCount": 10,
    "Model2VelMaxCount": 5
  },
  {
    "Id": 1502,
    "Name": "女主测试配置1",
    "Model1Config": {
      "PKa": [],
      "length": 0
    },
    "Model2Config": {
      "PKa": [],
      "length": 0
    },
    "Model2AccMaxCount": 10,
    "Model2VelMaxCount": 5
  },
  {
    "Id": 0,
    "Name": "临时配置",
    "Model1Config": {
      "PKa": [],
      "length": 0
    },
    "Model2Config": {
      "PKa": [],
      "length": 0
    },
    "Model2AccMaxCount": 10,
    "Model2VelMaxCount": 5
  }
]