[
  {
    "Id": 1003,
    "ViewName": "CookRootView",
    "Title": "Text_MakingDishes_Text",
    "TitleSpritePath": "/Game/Aki/UI/UIResources/Common/Atlas/TabIcon/SP_IconCooking.SP_IconCooking",
    "ContentSpritePath": "/Game/Aki/UI/UIResources/Common/Atlas/TabIcon/SP_BlackIconCooking.SP_BlackIconCooking",
    "CostItemList": {
      "PKa": [],
      "length": 0
    },
    "IsHelpButtonVisible": false,
    "HelpGroupId": 0
  },
  {
    "Id": 1002,
    "ViewName": "CookRoleView",
    "Title": "NpcSystemBackground_1002_CaptionTitle",
    "TitleSpritePath": "/Game/Aki/UI/UIResources/UiCooking/Atlas/SP_CookingiconXiezhu.SP_CookingiconXiezhu",
    "ContentSpritePath": "/Game/Aki/UI/UIResources/Common/Atlas/TabIcon/SP_BlackIconCooking1.SP_BlackIconCooking1",
    "CostItemList": {
      "PKa": [],
      "length": 0
    },
    "IsHelpButtonVisible": false,
    "HelpGroupId": 0
  },
  {
    "Id": 1004,
    "ViewName": "CookLevelView",
    "Title": "NpcSystemBackground_1004_CaptionTitle",
    "TitleSpritePath": "/Game/Aki/UI/UIResources/UiCooking/Atlas/SP_CookingiconLevel1.SP_CookingiconLevel1",
    "ContentSpritePath": "/Game/Aki/UI/UIResources/Common/Atlas/TabIcon/SP_BlackIconCooking1.SP_BlackIconCooking1",
    "CostItemList": {
      "PKa": [],
      "length": 0
    },
    "IsHelpButtonVisible": false,
    "HelpGroupId": 0
  },
  {
    "Id": 1005,
    "ViewName": "ComposeRootView",
    "Title": "",
    "TitleSpritePath": "/Game/Aki/UI/UIResources/Common/Atlas/TabIcon/SP_IconSynthesis.SP_IconSynthesis",
    "ContentSpritePath": "/Game/Aki/UI/UIResources/Common/Atlas/TabIcon/SP_BlackIconSynthesis.SP_BlackIconSynthesis",
    "CostItemList": [
      2
    ],
    "IsHelpButtonVisible": false,
    "HelpGroupId": 0
  },
  {
    "Id": 1006,
    "ViewName": "ComposeLevelView",
    "Title": "NpcSystemBackground_1006_CaptionTitle",
    "TitleSpritePath": "/Game/Aki/UI/UIResources/UiCooking/Atlas/SP_CookingiconLevel2.SP_CookingiconLevel2",
    "ContentSpritePath": "/Game/Aki/UI/UIResources/Common/Atlas/TabIcon/SP_BlackIconCooking2.SP_BlackIconCooking2",
    "CostItemList": {
      "PKa": [],
      "length": 0
    },
    "IsHelpButtonVisible": false,
    "HelpGroupId": 0
  },
  {
    "Id": 1007,
    "ViewName": "ManufactureHelpRoleView",
    "Title": "NpcSystemBackground_1002_CaptionTitle",
    "TitleSpritePath": "/Game/Aki/UI/UIResources/UiCooking/Atlas/SP_CookingiconXiezhu.SP_CookingiconXiezhu",
    "ContentSpritePath": "/Game/Aki/UI/UIResources/Common/Atlas/TabIcon/SP_BlackIconCooking2.SP_BlackIconCooking2",
    "CostItemList": {
      "PKa": [],
      "length": 0
    },
    "IsHelpButtonVisible": false,
    "HelpGroupId": 0
  },
  {
    "Id": 1008,
    "ViewName": "ForgingRootView",
    "Title": "NpcSystemBackground_1008_Title",
    "TitleSpritePath": "/Game/Aki/UI/UIResources/Common/Atlas/TabIcon/SP_IconForge.SP_IconForge",
    "ContentSpritePath": "/Game/Aki/UI/UIResources/Common/Atlas/TabIcon/SP_BlackIconForge.SP_BlackIconForge",
    "CostItemList": [
      2
    ],
    "IsHelpButtonVisible": false,
    "HelpGroupId": 0
  },
  {
    "Id": 10101,
    "ViewName": "ShopView10101",
    "Title": "NpcSystemBackground_10101_Title",
    "TitleSpritePath": "/Game/Aki/UI/UIResources/Common/Atlas/TabIcon/SP_IconWeapon.SP_IconWeapon",
    "ContentSpritePath": "/Game/Aki/UI/UIResources/Common/Atlas/TabIcon/SP_BlackIconWeapon.SP_BlackIconWeapon",
    "CostItemList": [
      2
    ],
    "IsHelpButtonVisible": false,
    "HelpGroupId": 0
  },
  {
    "Id": 10103,
    "ViewName": "ShopView10103",
    "Title": "NpcSystemBackground_10103_Title",
    "TitleSpritePath": "/Game/Aki/UI/UIResources/Common/Atlas/TabIcon/SP_IconDrug.SP_IconDrug",
    "ContentSpritePath": "/Game/Aki/UI/UIResources/Common/Atlas/TabIcon/SP_BlackIconDrug.SP_BlackIconDrug",
    "CostItemList": [
      2
    ],
    "IsHelpButtonVisible": false,
    "HelpGroupId": 0
  },
  {
    "Id": 10104,
    "ViewName": "ShopView10104",
    "Title": "NpcSystemBackground_10104_Title",
    "TitleSpritePath": "/Game/Aki/UI/UIResources/Common/Atlas/TabIcon/SP_IconGift.SP_IconGift",
    "ContentSpritePath": "/Game/Aki/UI/UIResources/Common/Atlas/TabIcon/SP_BlackIconGift.SP_BlackIconGift",
    "CostItemList": [
      44010025
    ],
    "IsHelpButtonVisible": false,
    "HelpGroupId": 0
  },
  {
    "Id": 10107,
    "ViewName": "ShopView10107",
    "Title": "NpcSystemBackground_10107_Title",
    "TitleSpritePath": "/Game/Aki/UI/UIResources/Common/Atlas/TabIcon/SP_IconShop.SP_IconShop",
    "ContentSpritePath": "/Game/Aki/UI/UIResources/Common/Atlas/TabIcon/SP_BlackIconShop.SP_BlackIconShop",
    "CostItemList": [
      2
    ],
    "IsHelpButtonVisible": false,
    "HelpGroupId": 0
  },
  {
    "Id": 10108,
    "ViewName": "ShopView10108",
    "Title": "NpcSystemBackground_10108_Title",
    "TitleSpritePath": "/Game/Aki/UI/UIResources/Common/Atlas/TabIcon/SP_IconCooking.SP_IconCooking",
    "ContentSpritePath": "/Game/Aki/UI/UIResources/Common/Atlas/TabIcon/SP_BlackIconCooking.SP_BlackIconCooking",
    "CostItemList": [
      2
    ],
    "IsHelpButtonVisible": false,
    "HelpGroupId": 0
  },
  {
    "Id": 10109,
    "ViewName": "ShopView10109",
    "Title": "NpcSystemBackground_10109_Title",
    "TitleSpritePath": "/Game/Aki/UI/UIResources/Common/Atlas/TabIcon/SP_IconOre.SP_IconOre",
    "ContentSpritePath": "/Game/Aki/UI/UIResources/Common/Atlas/TabIcon/SP_BlackIconOre.SP_BlackIconOre",
    "CostItemList": [
      42500020
    ],
    "IsHelpButtonVisible": false,
    "HelpGroupId": 0
  },
  {
    "Id": 10110,
    "ViewName": "ShopView10110",
    "Title": "NpcSystemBackground_10110_Title",
    "TitleSpritePath": "/Game/Aki/UI/UIResources/Common/Atlas/TabIcon/SP_IconCooking.SP_IconCooking",
    "ContentSpritePath": "/Game/Aki/UI/UIResources/Common/Atlas/TabIcon/SP_BlackIconCooking.SP_BlackIconCooking",
    "CostItemList": [
      2
    ],
    "IsHelpButtonVisible": false,
    "HelpGroupId": 0
  },
  {
    "Id": 10111,
    "ViewName": "ShopView10111",
    "Title": "NpcSystemBackground_10111_Title",
    "TitleSpritePath": "/Game/Aki/UI/UIResources/Common/Atlas/TabIcon/SP_IconDrug.SP_IconDrug",
    "ContentSpritePath": "/Game/Aki/UI/UIResources/Common/Atlas/TabIcon/SP_BlackIconDrug.SP_BlackIconDrug",
    "CostItemList": [
      2
    ],
    "IsHelpButtonVisible": false,
    "HelpGroupId": 0
  },
  {
    "Id": 10113,
    "ViewName": "ShopView10113",
    "Title": "NpcSystemBackground_10104_Title",
    "TitleSpritePath": "/Game/Aki/UI/UIResources/Common/Atlas/TabIcon/SP_IconGift.SP_IconGift",
    "ContentSpritePath": "/Game/Aki/UI/UIResources/Common/Atlas/TabIcon/SP_BlackIconGift.SP_BlackIconGift",
    "CostItemList": [
      44010025
    ],
    "IsHelpButtonVisible": false,
    "HelpGroupId": 0
  },
  {
    "Id": 10114,
    "ViewName": "ShopView10114",
    "Title": "NpcSystemBackground_10114_Title",
    "TitleSpritePath": "/Game/Aki/UI/UIResources/Common/Atlas/TabIcon/SP_IconGift.SP_IconGift",
    "ContentSpritePath": "/Game/Aki/UI/UIResources/Common/Atlas/TabIcon/SP_BlackIconGift.SP_BlackIconGift",
    "CostItemList": [
      2
    ],
    "IsHelpButtonVisible": false,
    "HelpGroupId": 0
  },
  {
    "Id": 10115,
    "ViewName": "ShopView10115",
    "Title": "NpcSystemBackground_10115_Title",
    "TitleSpritePath": "/Game/Aki/UI/UIResources/Common/Atlas/TabIcon/SP_IconGift.SP_IconGift",
    "ContentSpritePath": "/Game/Aki/UI/UIResources/Common/Atlas/TabIcon/SP_BlackIconGift.SP_BlackIconGift",
    "CostItemList": [
      2
    ],
    "IsHelpButtonVisible": false,
    "HelpGroupId": 0
  },
  {
    "Id": 10116,
    "ViewName": "ShopView10116",
    "Title": "NpcSystemBackground_10116_Title",
    "TitleSpritePath": "/Game/Aki/UI/UIResources/Common/Atlas/TabIcon/SP_IconGift.SP_IconGift",
    "ContentSpritePath": "/Game/Aki/UI/UIResources/Common/Atlas/TabIcon/SP_BlackIconGift.SP_BlackIconGift",
    "CostItemList": [
      15
    ],
    "IsHelpButtonVisible": false,
    "HelpGroupId": 0
  },
  {
    "Id": 10117,
    "ViewName": "ShopView10117",
    "Title": "NpcSystemBackground_10117_Title",
    "TitleSpritePath": "/Game/Aki/UI/UIResources/Common/Atlas/TabIcon/SP_IconKuroShop.SP_IconKuroShop",
    "ContentSpritePath": "/Game/Aki/UI/UIResources/Common/Atlas/TabIcon/SP_BlackIconKuroShop.SP_BlackIconKuroShop",
    "CostItemList": [
      2
    ],
    "IsHelpButtonVisible": false,
    "HelpGroupId": 0
  }
]