[
  {
    "Id": 1009,
    "ViewName": "RogueShopView",
    "Title": "NpcSystemBackground_1009_Title",
    "TitleTexturePath": "/Game/Aki/UI/UIResources/Common/Atlas/TabIcon/SP_IconRogueShop1.SP_IconRogueShop1",
    "TitleBgTexturePath": "/Game/Aki/UI/UIResources/Common/Atlas/TabIcon/SP_BlackIconRogueShop.SP_BlackIconRogueShop",
    "TitleSymbolColor": "ed6a41",
    "CaptionTitle": "",
    "CaptionTitleSpritePath": "",
    "CostItemList": [
      80100000
    ],
    "IsHelpButtonVisible": false,
    "HelpGroupId": 0
  }
]