[
  {
    "Id": 140201,
    "RoleId": 1402,
    "Type": 1,
    "Sort": 1,
    "Title": "Motion_Title_1",
    "Content": "",
    "MotionImg": "/Game/Aki/UI/UIResources/Common/Image/IconAdvice/T_AdviceIcon02_UI.T_AdviceIcon02_UI",
    "AniBlueprint": "",
    "AniMontage": "/Game/Aki/Character/Role/FemaleM/Yangyang/CommonAnim/AM_Stand1_Action01.AM_Stand1_Action01",
    "CondGroupId": 0
  },
  {
    "Id": 120201,
    "RoleId": 1202,
    "Type": 1,
    "Sort": 1,
    "Title": "Motion_Title_1",
    "Content": "",
    "MotionImg": "/Game/Aki/UI/UIResources/Common/Image/IconAdvice/T_AdviceIcon02_UI.T_AdviceIcon02_UI",
    "AniBlueprint": "",
    "AniMontage": "/Game/Aki/Character/Role/FemaleM/Maxiaofang/CommonAnim/AM_Stand1_Action01.AM_Stand1_Action01",
    "CondGroupId": 0
  },
  {
    "Id": 150301,
    "RoleId": 1503,
    "Type": 1,
    "Sort": 1,
    "Title": "Motion_Title_1",
    "Content": "",
    "MotionImg": "/Game/Aki/UI/UIResources/Common/Image/IconAdvice/T_AdviceIcon02_UI.T_AdviceIcon02_UI",
    "AniBlueprint": "",
    "AniMontage": "/Game/Aki/Character/Role/FemaleS/Jueyuan/CommonAnim/AM_Stand1_Action01.AM_Stand1_Action01",
    "CondGroupId": 0
  },
  {
    "Id": 110201,
    "RoleId": 1102,
    "Type": 1,
    "Sort": 1,
    "Title": "Motion_Title_1",
    "Content": "",
    "MotionImg": "/Game/Aki/UI/UIResources/Common/Image/IconAdvice/T_AdviceIcon02_UI.T_AdviceIcon02_UI",
    "AniBlueprint": "",
    "AniMontage": "/Game/Aki/Character/Role/FemaleM/Sanhua/CommonAnim/AM_Stand1_Action01.AM_Stand1_Action01",
    "CondGroupId": 0
  },
  {
    "Id": 150201,
    "RoleId": 1502,
    "Type": 1,
    "Sort": 1,
    "Title": "Motion_Title_1",
    "Content": "",
    "MotionImg": "/Game/Aki/UI/UIResources/Common/Image/IconAdvice/T_AdviceIcon02_UI.T_AdviceIcon02_UI",
    "AniBlueprint": "",
    "AniMontage": "/Game/Aki/Character/Role/FemaleM/Nvzhu/CommonAnim/AM_Stand1_Action01.AM_Stand1_Action01",
    "CondGroupId": 0
  },
  {
    "Id": 120301,
    "RoleId": 1203,
    "Type": 1,
    "Sort": 1,
    "Title": "Motion_Title_1",
    "Content": "",
    "MotionImg": "/Game/Aki/UI/UIResources/Common/Image/IconAdvice/T_AdviceIcon02_UI.T_AdviceIcon02_UI",
    "AniBlueprint": "",
    "AniMontage": "/Game/Aki/Character/Role/FemaleS/Anke/CommonAnim/AM_Stand1_Action01.AM_Stand1_Action01",
    "CondGroupId": 0
  },
  {
    "Id": 160201,
    "RoleId": 1602,
    "Type": 1,
    "Sort": 1,
    "Title": "Motion_Title_1",
    "Content": "",
    "MotionImg": "/Game/Aki/UI/UIResources/Common/Image/IconAdvice/T_AdviceIcon02_UI.T_AdviceIcon02_UI",
    "AniBlueprint": "",
    "AniMontage": "/Game/Aki/Character/Role/FemaleM/Micai/CommonAnim/AM_Stand1_Action01.AM_Stand1_Action01",
    "CondGroupId": 0
  },
  {
    "Id": 150101,
    "RoleId": 1501,
    "Type": 1,
    "Sort": 1,
    "Title": "Motion_Title_1",
    "Content": "",
    "MotionImg": "/Game/Aki/UI/UIResources/Common/Image/IconAdvice/T_AdviceIcon02_UI.T_AdviceIcon02_UI",
    "AniBlueprint": "",
    "AniMontage": "/Game/Aki/Character/Role/MaleM/Nanzhu/CommonAnim/AM_Stand1_Action01.AM_Stand1_Action01",
    "CondGroupId": 0
  },
  {
    "Id": 160101,
    "RoleId": 1601,
    "Type": 1,
    "Sort": 1,
    "Title": "Motion_Title_1",
    "Content": "",
    "MotionImg": "/Game/Aki/UI/UIResources/Common/Image/IconAdvice/T_AdviceIcon02_UI.T_AdviceIcon02_UI",
    "AniBlueprint": "",
    "AniMontage": "/Game/Aki/Character/Role/FemaleM/Taohua/CommonAnim/AM_Stand1_Action01.AM_Stand1_Action01",
    "CondGroupId": 0
  },
  {
    "Id": 110301,
    "RoleId": 1103,
    "Type": 1,
    "Sort": 1,
    "Title": "Motion_Title_1",
    "Content": "",
    "MotionImg": "/Game/Aki/UI/UIResources/Common/Image/IconAdvice/T_AdviceIcon02_UI.T_AdviceIcon02_UI",
    "AniBlueprint": "",
    "AniMontage": "/Game/Aki/Character/Role/FemaleXL/BaiLian/CommonAnim/AM_Stand1_Action01.AM_Stand1_Action01",
    "CondGroupId": 0
  },
  {
    "Id": 140301,
    "RoleId": 1403,
    "Type": 1,
    "Sort": 1,
    "Title": "Motion_Title_1",
    "Content": "",
    "MotionImg": "/Game/Aki/UI/UIResources/Common/Image/IconAdvice/T_AdviceIcon02_UI.T_AdviceIcon02_UI",
    "AniBlueprint": "",
    "AniMontage": "/Game/Aki/Character/Role/MaleXL/Qiushui/CommonAnim/AM_Stand1_Action01.AM_Stand1_Action01",
    "CondGroupId": 0
  },
  {
    "Id": 140401,
    "RoleId": 1404,
    "Type": 1,
    "Sort": 1,
    "Title": "Motion_Title_1",
    "Content": "",
    "MotionImg": "/Game/Aki/UI/UIResources/Common/Image/IconAdvice/T_AdviceIcon02_UI.T_AdviceIcon02_UI",
    "AniBlueprint": "",
    "AniMontage": "/Game/Aki/Character/Role/MaleXL/Jiyan/CommonAnim/AM_Stand1_Action01.AM_Stand1_Action01",
    "CondGroupId": 0
  },
  {
    "Id": 120401,
    "RoleId": 1204,
    "Type": 1,
    "Sort": 1,
    "Title": "Motion_Title_1",
    "Content": "",
    "MotionImg": "/Game/Aki/UI/UIResources/Common/Image/IconAdvice/T_AdviceIcon02_UI.T_AdviceIcon02_UI",
    "AniBlueprint": "",
    "AniMontage": "/Game/Aki/Character/Role/MaleXL/Baer/CommonAnim/AM_Stand1_Action01.AM_Stand1_Action01",
    "CondGroupId": 0
  },
  {
    "Id": 130101,
    "RoleId": 1301,
    "Type": 1,
    "Sort": 1,
    "Title": "Motion_Title_1",
    "Content": "",
    "MotionImg": "/Game/Aki/UI/UIResources/Common/Image/IconAdvice/T_AdviceIcon02_UI.T_AdviceIcon02_UI",
    "AniBlueprint": "",
    "AniMontage": "/Game/Aki/Character/Role/MaleXL/Kakaluo/CommonAnim/AM_Stand1_Action01.AM_Stand1_Action01",
    "CondGroupId": 0
  },
  {
    "Id": 130201,
    "RoleId": 1302,
    "Type": 1,
    "Sort": 1,
    "Title": "Motion_Title_1",
    "Content": "",
    "MotionImg": "/Game/Aki/UI/UIResources/Common/Image/IconAdvice/T_AdviceIcon02_UI.T_AdviceIcon02_UI",
    "AniBlueprint": "",
    "AniMontage": "/Game/Aki/Character/Role/FemaleM/YinLin/CommonAnim/AM_Stand1_Action01.AM_Stand1_Action01",
    "CondGroupId": 0
  },
  {
    "Id": 130301,
    "RoleId": 1303,
    "Type": 1,
    "Sort": 1,
    "Title": "Motion_Title_1",
    "Content": "",
    "MotionImg": "/Game/Aki/UI/UIResources/Common/Image/IconAdvice/T_AdviceIcon02_UI.T_AdviceIcon02_UI",
    "AniBlueprint": "",
    "AniMontage": "/Game/Aki/Character/Role/MaleXL/Yuanwu/CommonAnim/AM_Stand1_Action01.AM_Stand1_Action01",
    "CondGroupId": 0
  },
  {
    "Id": 140202,
    "RoleId": 1402,
    "Type": 1,
    "Sort": 2,
    "Title": "Motion_Title_2",
    "Content": "",
    "MotionImg": "/Game/Aki/UI/UIResources/Common/Image/IconAdvice/T_AdviceIcon02_UI.T_AdviceIcon02_UI",
    "AniBlueprint": "",
    "AniMontage": "/Game/Aki/Character/Role/FemaleM/Yangyang/CommonAnim/AM_Stand1_Action02.AM_Stand1_Action02",
    "CondGroupId": 0
  },
  {
    "Id": 120202,
    "RoleId": 1202,
    "Type": 1,
    "Sort": 2,
    "Title": "Motion_Title_2",
    "Content": "",
    "MotionImg": "/Game/Aki/UI/UIResources/Common/Image/IconAdvice/T_AdviceIcon02_UI.T_AdviceIcon02_UI",
    "AniBlueprint": "",
    "AniMontage": "/Game/Aki/Character/Role/FemaleM/Maxiaofang/CommonAnim/AM_Stand1_Action02.AM_Stand1_Action02",
    "CondGroupId": 0
  },
  {
    "Id": 150302,
    "RoleId": 1503,
    "Type": 1,
    "Sort": 2,
    "Title": "Motion_Title_2",
    "Content": "",
    "MotionImg": "/Game/Aki/UI/UIResources/Common/Image/IconAdvice/T_AdviceIcon02_UI.T_AdviceIcon02_UI",
    "AniBlueprint": "",
    "AniMontage": "/Game/Aki/Character/Role/FemaleS/Jueyuan/CommonAnim/AM_Stand1_Action02.AM_Stand1_Action02",
    "CondGroupId": 0
  },
  {
    "Id": 150102,
    "RoleId": 1501,
    "Type": 1,
    "Sort": 2,
    "Title": "Motion_Title_2",
    "Content": "",
    "MotionImg": "/Game/Aki/UI/UIResources/Common/Image/IconAdvice/T_AdviceIcon02_UI.T_AdviceIcon02_UI",
    "AniBlueprint": "",
    "AniMontage": "/Game/Aki/Character/Role/MaleM/Nanzhu/CommonAnim/AM_Stand1_Action02.AM_Stand1_Action02",
    "CondGroupId": 0
  },
  {
    "Id": 110202,
    "RoleId": 1102,
    "Type": 1,
    "Sort": 2,
    "Title": "Motion_Title_2",
    "Content": "",
    "MotionImg": "/Game/Aki/UI/UIResources/Common/Image/IconAdvice/T_AdviceIcon02_UI.T_AdviceIcon02_UI",
    "AniBlueprint": "",
    "AniMontage": "/Game/Aki/Character/Role/FemaleM/Sanhua/CommonAnim/AM_Stand1_Action02.AM_Stand1_Action02",
    "CondGroupId": 0
  },
  {
    "Id": 160102,
    "RoleId": 1601,
    "Type": 1,
    "Sort": 2,
    "Title": "Motion_Title_2",
    "Content": "",
    "MotionImg": "/Game/Aki/UI/UIResources/Common/Image/IconAdvice/T_AdviceIcon02_UI.T_AdviceIcon02_UI",
    "AniBlueprint": "",
    "AniMontage": "/Game/Aki/Character/Role/FemaleM/Taohua/CommonAnim/AM_Stand1_Action02.AM_Stand1_Action02",
    "CondGroupId": 0
  },
  {
    "Id": 150202,
    "RoleId": 1502,
    "Type": 1,
    "Sort": 2,
    "Title": "Motion_Title_2",
    "Content": "",
    "MotionImg": "/Game/Aki/UI/UIResources/Common/Image/IconAdvice/T_AdviceIcon03_UI.T_AdviceIcon03_UI",
    "AniBlueprint": "",
    "AniMontage": "/Game/Aki/Character/Role/FemaleM/Nvzhu/CommonAnim/AM_Stand1_Action02.AM_Stand1_Action02",
    "CondGroupId": 0
  },
  {
    "Id": 110302,
    "RoleId": 1103,
    "Type": 1,
    "Sort": 2,
    "Title": "Motion_Title_2",
    "Content": "",
    "MotionImg": "/Game/Aki/UI/UIResources/Common/Image/IconAdvice/T_AdviceIcon02_UI.T_AdviceIcon02_UI",
    "AniBlueprint": "",
    "AniMontage": "/Game/Aki/Character/Role/FemaleXL/BaiLian/CommonAnim/AM_Stand1_Action02.AM_Stand1_Action02",
    "CondGroupId": 0
  },
  {
    "Id": 120302,
    "RoleId": 1203,
    "Type": 1,
    "Sort": 2,
    "Title": "Motion_Title_2",
    "Content": "",
    "MotionImg": "/Game/Aki/UI/UIResources/Common/Image/IconAdvice/T_AdviceIcon02_UI.T_AdviceIcon02_UI",
    "AniBlueprint": "",
    "AniMontage": "/Game/Aki/Character/Role/FemaleS/Anke/CommonAnim/AM_Stand1_Action03.AM_Stand1_Action03",
    "CondGroupId": 0
  },
  {
    "Id": 160202,
    "RoleId": 1602,
    "Type": 1,
    "Sort": 2,
    "Title": "Motion_Title_2",
    "Content": "",
    "MotionImg": "/Game/Aki/UI/UIResources/Common/Image/IconAdvice/T_AdviceIcon02_UI.T_AdviceIcon02_UI",
    "AniBlueprint": "",
    "AniMontage": "/Game/Aki/Character/Role/FemaleM/Micai/CommonAnim/AM_Stand1_Action02.AM_Stand1_Action02",
    "CondGroupId": 0
  },
  {
    "Id": 140302,
    "RoleId": 1403,
    "Type": 1,
    "Sort": 2,
    "Title": "Motion_Title_2",
    "Content": "",
    "MotionImg": "/Game/Aki/UI/UIResources/Common/Image/IconAdvice/T_AdviceIcon02_UI.T_AdviceIcon02_UI",
    "AniBlueprint": "",
    "AniMontage": "/Game/Aki/Character/Role/MaleXL/Qiushui/CommonAnim/AM_Stand1_Action03.AM_Stand1_Action03",
    "CondGroupId": 0
  },
  {
    "Id": 140402,
    "RoleId": 1404,
    "Type": 1,
    "Sort": 2,
    "Title": "Motion_Title_2",
    "Content": "",
    "MotionImg": "/Game/Aki/UI/UIResources/Common/Image/IconAdvice/T_AdviceIcon02_UI.T_AdviceIcon02_UI",
    "AniBlueprint": "",
    "AniMontage": "/Game/Aki/Character/Role/MaleXL/Jiyan/CommonAnim/AM_Stand1_Action03.AM_Stand1_Action03",
    "CondGroupId": 0
  },
  {
    "Id": 120402,
    "RoleId": 1204,
    "Type": 1,
    "Sort": 2,
    "Title": "Motion_Title_2",
    "Content": "",
    "MotionImg": "/Game/Aki/UI/UIResources/Common/Image/IconAdvice/T_AdviceIcon02_UI.T_AdviceIcon02_UI",
    "AniBlueprint": "",
    "AniMontage": "/Game/Aki/Character/Role/MaleXL/Baer/CommonAnim/AM_Stand1_Action03.AM_Stand1_Action03",
    "CondGroupId": 0
  },
  {
    "Id": 130102,
    "RoleId": 1301,
    "Type": 1,
    "Sort": 2,
    "Title": "Motion_Title_2",
    "Content": "",
    "MotionImg": "/Game/Aki/UI/UIResources/Common/Image/IconAdvice/T_AdviceIcon02_UI.T_AdviceIcon02_UI",
    "AniBlueprint": "",
    "AniMontage": "/Game/Aki/Character/Role/MaleXL/Kakaluo/CommonAnim/AM_Stand1_Action03.AM_Stand1_Action03",
    "CondGroupId": 0
  },
  {
    "Id": 130202,
    "RoleId": 1302,
    "Type": 1,
    "Sort": 2,
    "Title": "Motion_Title_2",
    "Content": "",
    "MotionImg": "/Game/Aki/UI/UIResources/Common/Image/IconAdvice/T_AdviceIcon02_UI.T_AdviceIcon02_UI",
    "AniBlueprint": "",
    "AniMontage": "/Game/Aki/Character/Role/FemaleM/YinLin/CommonAnim/AM_Stand1_Action02.AM_Stand1_Action02",
    "CondGroupId": 0
  },
  {
    "Id": 130302,
    "RoleId": 1303,
    "Type": 1,
    "Sort": 2,
    "Title": "Motion_Title_2",
    "Content": "",
    "MotionImg": "/Game/Aki/UI/UIResources/Common/Image/IconAdvice/T_AdviceIcon02_UI.T_AdviceIcon02_UI",
    "AniBlueprint": "",
    "AniMontage": "/Game/Aki/Character/Role/MaleXL/Yuanwu/CommonAnim/AM_Stand1_Action02.AM_Stand1_Action02",
    "CondGroupId": 0
  },
  {
    "Id": 110401,
    "RoleId": 1104,
    "Type": 1,
    "Sort": 1,
    "Title": "Motion_Title_1",
    "Content": "",
    "MotionImg": "/Game/Aki/UI/UIResources/Common/Image/IconAdvice/T_AdviceIcon02_UI.T_AdviceIcon02_UI",
    "AniBlueprint": "",
    "AniMontage": "/Game/Aki/Character/Role/MaleS/Lingyang/CommonAnim/AM_Stand1_Action01.AM_Stand1_Action01",
    "CondGroupId": 0
  },
  {
    "Id": 110402,
    "RoleId": 1104,
    "Type": 1,
    "Sort": 2,
    "Title": "Motion_Title_2",
    "Content": "",
    "MotionImg": "/Game/Aki/UI/UIResources/Common/Image/IconAdvice/T_AdviceIcon02_UI.T_AdviceIcon02_UI",
    "AniBlueprint": "",
    "AniMontage": "/Game/Aki/Character/Role/MaleS/Lingyang/CommonAnim/AM_Stand1_Action02.AM_Stand1_Action02",
    "CondGroupId": 0
  },
  {
    "Id": 140501,
    "RoleId": 1405,
    "Type": 1,
    "Sort": 1,
    "Title": "Motion_Title_1",
    "Content": "",
    "MotionImg": "/Game/Aki/UI/UIResources/Common/Image/IconAdvice/T_AdviceIcon02_UI.T_AdviceIcon02_UI",
    "AniBlueprint": "",
    "AniMontage": "/Game/Aki/Character/Role/FemaleM/Jianxin/CommonAnim/AM_Stand1_Action01.AM_Stand1_Action01",
    "CondGroupId": 0
  },
  {
    "Id": 140502,
    "RoleId": 1405,
    "Type": 1,
    "Sort": 2,
    "Title": "Motion_Title_2",
    "Content": "",
    "MotionImg": "/Game/Aki/UI/UIResources/Common/Image/IconAdvice/T_AdviceIcon02_UI.T_AdviceIcon02_UI",
    "AniBlueprint": "",
    "AniMontage": "/Game/Aki/Character/Role/FemaleM/Jianxin/CommonAnim/AM_Stand1_Action02.AM_Stand1_Action02",
    "CondGroupId": 0
  },
  {
    "Id": 160501,
    "RoleId": 1605,
    "Type": 1,
    "Sort": 1,
    "Title": "Motion_Title_1",
    "Content": "",
    "MotionImg": "/Game/Aki/UI/UIResources/Common/Image/IconAdvice/T_AdviceIcon02_UI.T_AdviceIcon02_UI",
    "AniBlueprint": "",
    "AniMontage": "/Game/Aki/Character/Role/MaleM/Nanzhu/CommonAnim/AM_Stand1_Action01.AM_Stand1_Action01",
    "CondGroupId": 0
  },
  {
    "Id": 160502,
    "RoleId": 1605,
    "Type": 1,
    "Sort": 2,
    "Title": "Motion_Title_2",
    "Content": "",
    "MotionImg": "/Game/Aki/UI/UIResources/Common/Image/IconAdvice/T_AdviceIcon02_UI.T_AdviceIcon02_UI",
    "AniBlueprint": "",
    "AniMontage": "/Game/Aki/Character/Role/MaleM/Nanzhu/CommonAnim/AM_Stand1_Action02.AM_Stand1_Action02",
    "CondGroupId": 0
  },
  {
    "Id": 160401,
    "RoleId": 1604,
    "Type": 1,
    "Sort": 1,
    "Title": "Motion_Title_1",
    "Content": "",
    "MotionImg": "/Game/Aki/UI/UIResources/Common/Image/IconAdvice/T_AdviceIcon02_UI.T_AdviceIcon02_UI",
    "AniBlueprint": "",
    "AniMontage": "/Game/Aki/Character/Role/FemaleM/Nvzhu/CommonAnim/AM_Stand1_Action01.AM_Stand1_Action01",
    "CondGroupId": 0
  },
  {
    "Id": 160402,
    "RoleId": 1604,
    "Type": 1,
    "Sort": 2,
    "Title": "Motion_Title_2",
    "Content": "",
    "MotionImg": "/Game/Aki/UI/UIResources/Common/Image/IconAdvice/T_AdviceIcon03_UI.T_AdviceIcon03_UI",
    "AniBlueprint": "",
    "AniMontage": "/Game/Aki/Character/Role/FemaleM/Nvzhu/CommonAnim/AM_Stand1_Action02.AM_Stand1_Action02",
    "CondGroupId": 0
  },
  {
    "Id": 140203,
    "RoleId": 1402,
    "Type": 1,
    "Sort": 3,
    "Title": "Motion_Title_3",
    "Content": "",
    "MotionImg": "/Game/Aki/UI/UIResources/Common/Image/IconAdvice/T_AdviceIcon02_UI.T_AdviceIcon02_UI",
    "AniBlueprint": "",
    "AniMontage": "/Game/Aki/Character/Role/FemaleM/Yangyang/CommonAnim/AM_Stand1_Action03.AM_Stand1_Action03",
    "CondGroupId": 0
  },
  {
    "Id": 120203,
    "RoleId": 1202,
    "Type": 1,
    "Sort": 3,
    "Title": "Motion_Title_3",
    "Content": "",
    "MotionImg": "/Game/Aki/UI/UIResources/Common/Image/IconAdvice/T_AdviceIcon02_UI.T_AdviceIcon02_UI",
    "AniBlueprint": "",
    "AniMontage": "/Game/Aki/Character/Role/FemaleM/Maxiaofang/CommonAnim/AM_Stand1_Action03.AM_Stand1_Action03",
    "CondGroupId": 0
  },
  {
    "Id": 150303,
    "RoleId": 1503,
    "Type": 1,
    "Sort": 3,
    "Title": "Motion_Title_3",
    "Content": "",
    "MotionImg": "/Game/Aki/UI/UIResources/Common/Image/IconAdvice/T_AdviceIcon02_UI.T_AdviceIcon02_UI",
    "AniBlueprint": "",
    "AniMontage": "/Game/Aki/Character/Role/FemaleS/Jueyuan/CommonAnim/AM_Stand1_Action03.AM_Stand1_Action03",
    "CondGroupId": 0
  },
  {
    "Id": 150103,
    "RoleId": 1501,
    "Type": 1,
    "Sort": 3,
    "Title": "Motion_Title_3",
    "Content": "",
    "MotionImg": "/Game/Aki/UI/UIResources/Common/Image/IconAdvice/T_AdviceIcon02_UI.T_AdviceIcon02_UI",
    "AniBlueprint": "",
    "AniMontage": "/Game/Aki/Character/Role/MaleM/Nanzhu/CommonAnim/AM_Stand1_Action03.AM_Stand1_Action03",
    "CondGroupId": 0
  },
  {
    "Id": 160503,
    "RoleId": 1605,
    "Type": 1,
    "Sort": 3,
    "Title": "Motion_Title_3",
    "Content": "",
    "MotionImg": "/Game/Aki/UI/UIResources/Common/Image/IconAdvice/T_AdviceIcon02_UI.T_AdviceIcon02_UI",
    "AniBlueprint": "",
    "AniMontage": "/Game/Aki/Character/Role/MaleM/Nanzhu/CommonAnim/AM_Stand1_Action03.AM_Stand1_Action03",
    "CondGroupId": 0
  },
  {
    "Id": 110203,
    "RoleId": 1102,
    "Type": 1,
    "Sort": 3,
    "Title": "Motion_Title_3",
    "Content": "",
    "MotionImg": "/Game/Aki/UI/UIResources/Common/Image/IconAdvice/T_AdviceIcon02_UI.T_AdviceIcon02_UI",
    "AniBlueprint": "",
    "AniMontage": "/Game/Aki/Character/Role/FemaleM/Sanhua/CommonAnim/AM_Stand1_Action03.AM_Stand1_Action03",
    "CondGroupId": 0
  },
  {
    "Id": 160103,
    "RoleId": 1601,
    "Type": 1,
    "Sort": 3,
    "Title": "Motion_Title_3",
    "Content": "",
    "MotionImg": "/Game/Aki/UI/UIResources/Common/Image/IconAdvice/T_AdviceIcon02_UI.T_AdviceIcon02_UI",
    "AniBlueprint": "",
    "AniMontage": "/Game/Aki/Character/Role/FemaleM/Taohua/CommonAnim/AM_Stand1_Action03.AM_Stand1_Action03",
    "CondGroupId": 0
  },
  {
    "Id": 150203,
    "RoleId": 1502,
    "Type": 1,
    "Sort": 3,
    "Title": "Motion_Title_3",
    "Content": "",
    "MotionImg": "/Game/Aki/UI/UIResources/Common/Image/IconAdvice/T_AdviceIcon04_UI.T_AdviceIcon04_UI",
    "AniBlueprint": "",
    "AniMontage": "/Game/Aki/Character/Role/FemaleM/Nvzhu/CommonAnim/AM_Stand1_Action03.AM_Stand1_Action03",
    "CondGroupId": 0
  },
  {
    "Id": 160403,
    "RoleId": 1604,
    "Type": 1,
    "Sort": 3,
    "Title": "Motion_Title_3",
    "Content": "",
    "MotionImg": "/Game/Aki/UI/UIResources/Common/Image/IconAdvice/T_AdviceIcon04_UI.T_AdviceIcon04_UI",
    "AniBlueprint": "",
    "AniMontage": "/Game/Aki/Character/Role/FemaleM/Nvzhu/CommonAnim/AM_Stand1_Action03.AM_Stand1_Action03",
    "CondGroupId": 0
  },
  {
    "Id": 110303,
    "RoleId": 1103,
    "Type": 1,
    "Sort": 3,
    "Title": "Motion_Title_3",
    "Content": "",
    "MotionImg": "/Game/Aki/UI/UIResources/Common/Image/IconAdvice/T_AdviceIcon02_UI.T_AdviceIcon02_UI",
    "AniBlueprint": "",
    "AniMontage": "/Game/Aki/Character/Role/FemaleXL/BaiLian/CommonAnim/AM_Stand1_Action03.AM_Stand1_Action03",
    "CondGroupId": 0
  },
  {
    "Id": 120303,
    "RoleId": 1203,
    "Type": 1,
    "Sort": 3,
    "Title": "Motion_Title_3",
    "Content": "",
    "MotionImg": "/Game/Aki/UI/UIResources/Common/Image/IconAdvice/T_AdviceIcon02_UI.T_AdviceIcon02_UI",
    "AniBlueprint": "",
    "AniMontage": "/Game/Aki/Character/Role/FemaleS/Anke/CommonAnim/AM_Stand1_Action02.AM_Stand1_Action02",
    "CondGroupId": 0
  },
  {
    "Id": 160203,
    "RoleId": 1602,
    "Type": 1,
    "Sort": 3,
    "Title": "Motion_Title_3",
    "Content": "",
    "MotionImg": "/Game/Aki/UI/UIResources/Common/Image/IconAdvice/T_AdviceIcon02_UI.T_AdviceIcon02_UI",
    "AniBlueprint": "",
    "AniMontage": "/Game/Aki/Character/Role/FemaleM/Micai/CommonAnim/AM_Stand1_Action03.AM_Stand1_Action03",
    "CondGroupId": 0
  },
  {
    "Id": 140303,
    "RoleId": 1403,
    "Type": 1,
    "Sort": 3,
    "Title": "Motion_Title_3",
    "Content": "",
    "MotionImg": "/Game/Aki/UI/UIResources/Common/Image/IconAdvice/T_AdviceIcon02_UI.T_AdviceIcon02_UI",
    "AniBlueprint": "",
    "AniMontage": "/Game/Aki/Character/Role/MaleXL/Qiushui/CommonAnim/AM_Stand1_Action02.AM_Stand1_Action02",
    "CondGroupId": 0
  },
  {
    "Id": 140403,
    "RoleId": 1404,
    "Type": 1,
    "Sort": 3,
    "Title": "Motion_Title_3",
    "Content": "",
    "MotionImg": "/Game/Aki/UI/UIResources/Common/Image/IconAdvice/T_AdviceIcon02_UI.T_AdviceIcon02_UI",
    "AniBlueprint": "",
    "AniMontage": "/Game/Aki/Character/Role/MaleXL/Jiyan/CommonAnim/AM_Stand1_Action02.AM_Stand1_Action02",
    "CondGroupId": 0
  },
  {
    "Id": 120403,
    "RoleId": 1204,
    "Type": 1,
    "Sort": 3,
    "Title": "Motion_Title_3",
    "Content": "",
    "MotionImg": "/Game/Aki/UI/UIResources/Common/Image/IconAdvice/T_AdviceIcon02_UI.T_AdviceIcon02_UI",
    "AniBlueprint": "",
    "AniMontage": "/Game/Aki/Character/Role/MaleXL/Baer/CommonAnim/AM_Stand1_Action02.AM_Stand1_Action02",
    "CondGroupId": 0
  },
  {
    "Id": 130103,
    "RoleId": 1301,
    "Type": 1,
    "Sort": 3,
    "Title": "Motion_Title_3",
    "Content": "",
    "MotionImg": "/Game/Aki/UI/UIResources/Common/Image/IconAdvice/T_AdviceIcon02_UI.T_AdviceIcon02_UI",
    "AniBlueprint": "",
    "AniMontage": "/Game/Aki/Character/Role/MaleXL/Kakaluo/CommonAnim/AM_Stand1_Action02.AM_Stand1_Action02",
    "CondGroupId": 0
  },
  {
    "Id": 130203,
    "RoleId": 1302,
    "Type": 1,
    "Sort": 3,
    "Title": "Motion_Title_3",
    "Content": "",
    "MotionImg": "/Game/Aki/UI/UIResources/Common/Image/IconAdvice/T_AdviceIcon02_UI.T_AdviceIcon02_UI",
    "AniBlueprint": "",
    "AniMontage": "/Game/Aki/Character/Role/FemaleM/YinLin/CommonAnim/AM_Stand1_Action03.AM_Stand1_Action03",
    "CondGroupId": 0
  },
  {
    "Id": 130303,
    "RoleId": 1303,
    "Type": 1,
    "Sort": 3,
    "Title": "Motion_Title_3",
    "Content": "",
    "MotionImg": "/Game/Aki/UI/UIResources/Common/Image/IconAdvice/T_AdviceIcon02_UI.T_AdviceIcon02_UI",
    "AniBlueprint": "",
    "AniMontage": "/Game/Aki/Character/Role/MaleXL/Yuanwu/CommonAnim/AM_Stand1_Action03.AM_Stand1_Action03",
    "CondGroupId": 0
  },
  {
    "Id": 110403,
    "RoleId": 1104,
    "Type": 1,
    "Sort": 3,
    "Title": "Motion_Title_3",
    "Content": "",
    "MotionImg": "/Game/Aki/UI/UIResources/Common/Image/IconAdvice/T_AdviceIcon02_UI.T_AdviceIcon02_UI",
    "AniBlueprint": "",
    "AniMontage": "/Game/Aki/Character/Role/MaleS/Lingyang/CommonAnim/AM_Stand1_Action03.AM_Stand1_Action03",
    "CondGroupId": 0
  },
  {
    "Id": 140503,
    "RoleId": 1405,
    "Type": 1,
    "Sort": 3,
    "Title": "Motion_Title_3",
    "Content": "",
    "MotionImg": "/Game/Aki/UI/UIResources/Common/Image/IconAdvice/T_AdviceIcon02_UI.T_AdviceIcon02_UI",
    "AniBlueprint": "",
    "AniMontage": "/Game/Aki/Character/Role/FemaleM/Jianxin/CommonAnim/AM_Stand1_Action03.AM_Stand1_Action03",
    "CondGroupId": 0
  },
  {
    "Id": 130401,
    "RoleId": 1304,
    "Type": 1,
    "Sort": 1,
    "Title": "Motion_Title_1",
    "Content": "",
    "MotionImg": "/Game/Aki/UI/UIResources/Common/Image/IconAdvice/T_AdviceIcon02_UI.T_AdviceIcon02_UI",
    "AniBlueprint": "",
    "AniMontage": "/Game/Aki/Character/Role/FemaleM/Jinxi/CommonAnim/AM_Stand1_Action01.AM_Stand1_Action01",
    "CondGroupId": 0
  },
  {
    "Id": 130402,
    "RoleId": 1304,
    "Type": 1,
    "Sort": 2,
    "Title": "Motion_Title_2",
    "Content": "",
    "MotionImg": "/Game/Aki/UI/UIResources/Common/Image/IconAdvice/T_AdviceIcon02_UI.T_AdviceIcon02_UI",
    "AniBlueprint": "",
    "AniMontage": "/Game/Aki/Character/Role/FemaleM/Jinxi/CommonAnim/AM_Stand1_Action02.AM_Stand1_Action02",
    "CondGroupId": 0
  },
  {
    "Id": 130403,
    "RoleId": 1304,
    "Type": 1,
    "Sort": 3,
    "Title": "Motion_Title_3",
    "Content": "",
    "MotionImg": "/Game/Aki/UI/UIResources/Common/Image/IconAdvice/T_AdviceIcon02_UI.T_AdviceIcon02_UI",
    "AniBlueprint": "",
    "AniMontage": "/Game/Aki/Character/Role/FemaleM/Jinxi/CommonAnim/AM_Stand1_Action03.AM_Stand1_Action03",
    "CondGroupId": 0
  },
  {
    "Id": 120501,
    "RoleId": 1205,
    "Type": 1,
    "Sort": 1,
    "Title": "Motion_Title_1",
    "Content": "",
    "MotionImg": "/Game/Aki/UI/UIResources/Common/Image/IconAdvice/T_AdviceIcon02_UI.T_AdviceIcon02_UI",
    "AniBlueprint": "",
    "AniMontage": "/Game/Aki/Character/Role/FemaleXL/ChangLi/CommonAnim/AM_Stand1_Action01.AM_Stand1_Action01",
    "CondGroupId": 0
  },
  {
    "Id": 120502,
    "RoleId": 1205,
    "Type": 1,
    "Sort": 2,
    "Title": "Motion_Title_2",
    "Content": "",
    "MotionImg": "/Game/Aki/UI/UIResources/Common/Image/IconAdvice/T_AdviceIcon02_UI.T_AdviceIcon02_UI",
    "AniBlueprint": "",
    "AniMontage": "/Game/Aki/Character/Role/FemaleXL/ChangLi/CommonAnim/AM_Stand1_Action02.AM_Stand1_Action02",
    "CondGroupId": 0
  },
  {
    "Id": 120503,
    "RoleId": 1205,
    "Type": 1,
    "Sort": 3,
    "Title": "Motion_Title_3",
    "Content": "",
    "MotionImg": "/Game/Aki/UI/UIResources/Common/Image/IconAdvice/T_AdviceIcon02_UI.T_AdviceIcon02_UI",
    "AniBlueprint": "",
    "AniMontage": "/Game/Aki/Character/Role/FemaleXL/ChangLi/CommonAnim/AM_Stand1_Action03.AM_Stand1_Action03",
    "CondGroupId": 0
  },
  {
    "Id": 130501,
    "RoleId": 1305,
    "Type": 1,
    "Sort": 1,
    "Title": "Motion_Title_1",
    "Content": "",
    "MotionImg": "/Game/Aki/UI/UIResources/Common/Image/IconAdvice/T_AdviceIcon02_UI.T_AdviceIcon02_UI",
    "AniBlueprint": "",
    "AniMontage": "/Game/Aki/Character/Role/MaleM/Xiangliyao/CommonAnim/AM_Stand1_Action01.AM_Stand1_Action01",
    "CondGroupId": 0
  },
  {
    "Id": 130502,
    "RoleId": 1305,
    "Type": 1,
    "Sort": 2,
    "Title": "Motion_Title_2",
    "Content": "",
    "MotionImg": "/Game/Aki/UI/UIResources/Common/Image/IconAdvice/T_AdviceIcon02_UI.T_AdviceIcon02_UI",
    "AniBlueprint": "",
    "AniMontage": "/Game/Aki/Character/Role/MaleM/Xiangliyao/CommonAnim/AM_Stand1_Action02.AM_Stand1_Action02",
    "CondGroupId": 0
  },
  {
    "Id": 130503,
    "RoleId": 1305,
    "Type": 1,
    "Sort": 3,
    "Title": "Motion_Title_3",
    "Content": "",
    "MotionImg": "/Game/Aki/UI/UIResources/Common/Image/IconAdvice/T_AdviceIcon02_UI.T_AdviceIcon02_UI",
    "AniBlueprint": "",
    "AniMontage": "/Game/Aki/Character/Role/MaleM/Xiangliyao/CommonAnim/AM_Stand1_Action03.AM_Stand1_Action03",
    "CondGroupId": 0
  },
  {
    "Id": 110501,
    "RoleId": 1105,
    "Type": 1,
    "Sort": 1,
    "Title": "Motion_Title_1",
    "Content": "",
    "MotionImg": "/Game/Aki/UI/UIResources/Common/Image/IconAdvice/T_AdviceIcon02_UI.T_AdviceIcon02_UI",
    "AniBlueprint": "",
    "AniMontage": "/Game/Aki/Character/Role/FemaleM/Zhezhi/CommonAnim/AM_Stand1_Action01.AM_Stand1_Action01",
    "CondGroupId": 0
  },
  {
    "Id": 110502,
    "RoleId": 1105,
    "Type": 1,
    "Sort": 2,
    "Title": "Motion_Title_2",
    "Content": "",
    "MotionImg": "/Game/Aki/UI/UIResources/Common/Image/IconAdvice/T_AdviceIcon02_UI.T_AdviceIcon02_UI",
    "AniBlueprint": "",
    "AniMontage": "/Game/Aki/Character/Role/FemaleM/Zhezhi/CommonAnim/AM_Stand1_Action02.AM_Stand1_Action02",
    "CondGroupId": 0
  },
  {
    "Id": 110503,
    "RoleId": 1105,
    "Type": 1,
    "Sort": 3,
    "Title": "Motion_Title_3",
    "Content": "",
    "MotionImg": "/Game/Aki/UI/UIResources/Common/Image/IconAdvice/T_AdviceIcon02_UI.T_AdviceIcon02_UI",
    "AniBlueprint": "",
    "AniMontage": "/Game/Aki/Character/Role/FemaleM/Zhezhi/CommonAnim/AM_Stand1_Action03.AM_Stand1_Action03",
    "CondGroupId": 0
  },
  {
    "Id": 110601,
    "RoleId": 1106,
    "Type": 1,
    "Sort": 1,
    "Title": "Motion_Title_1",
    "Content": "",
    "MotionImg": "/Game/Aki/UI/UIResources/Common/Image/IconAdvice/T_AdviceIcon02_UI.T_AdviceIcon02_UI",
    "AniBlueprint": "",
    "AniMontage": "/Game/Aki/Character/Role/FemaleS/Youhu/CommonAnim/AM_Stand1_Action01.AM_Stand1_Action01",
    "CondGroupId": 0
  },
  {
    "Id": 110602,
    "RoleId": 1106,
    "Type": 1,
    "Sort": 2,
    "Title": "Motion_Title_2",
    "Content": "",
    "MotionImg": "/Game/Aki/UI/UIResources/Common/Image/IconAdvice/T_AdviceIcon02_UI.T_AdviceIcon02_UI",
    "AniBlueprint": "",
    "AniMontage": "/Game/Aki/Character/Role/FemaleS/Youhu/CommonAnim/AM_Stand1_Action02.AM_Stand1_Action02",
    "CondGroupId": 0
  },
  {
    "Id": 110603,
    "RoleId": 1106,
    "Type": 1,
    "Sort": 3,
    "Title": "Motion_Title_3",
    "Content": "",
    "MotionImg": "/Game/Aki/UI/UIResources/Common/Image/IconAdvice/T_AdviceIcon02_UI.T_AdviceIcon02_UI",
    "AniBlueprint": "",
    "AniMontage": "/Game/Aki/Character/Role/FemaleS/Youhu/CommonAnim/AM_Stand1_Action03.AM_Stand1_Action03",
    "CondGroupId": 0
  },
  {
    "Id": 150501,
    "RoleId": 1505,
    "Type": 1,
    "Sort": 1,
    "Title": "Motion_Title_1",
    "Content": "",
    "MotionImg": "/Game/Aki/UI/UIResources/Common/Image/IconAdvice/T_AdviceIcon02_UI.T_AdviceIcon02_UI",
    "AniBlueprint": "",
    "AniMontage": "/Game/Aki/Character/Role/FemaleM/Shouanren/CommonAnim/AM_Stand1_Action01.AM_Stand1_Action01",
    "CondGroupId": 0
  },
  {
    "Id": 150502,
    "RoleId": 1505,
    "Type": 1,
    "Sort": 2,
    "Title": "Motion_Title_2",
    "Content": "",
    "MotionImg": "/Game/Aki/UI/UIResources/Common/Image/IconAdvice/T_AdviceIcon02_UI.T_AdviceIcon02_UI",
    "AniBlueprint": "",
    "AniMontage": "/Game/Aki/Character/Role/FemaleM/Shouanren/CommonAnim/AM_Stand1_Action02.AM_Stand1_Action02",
    "CondGroupId": 0
  },
  {
    "Id": 150503,
    "RoleId": 1505,
    "Type": 1,
    "Sort": 3,
    "Title": "Motion_Title_3",
    "Content": "",
    "MotionImg": "/Game/Aki/UI/UIResources/Common/Image/IconAdvice/T_AdviceIcon02_UI.T_AdviceIcon02_UI",
    "AniBlueprint": "",
    "AniMontage": "/Game/Aki/Character/Role/FemaleM/Shouanren/CommonAnim/AM_Stand1_Action03.AM_Stand1_Action03",
    "CondGroupId": 0
  }
]